{"type":"FeatureCollection","features":[{"type":"Feature","geometry":{"type":"Point","coordinates":[18.9020418,47.6937126]},"properties":{"id":"bikerack:00bef136-cea6-48b3-b580-a79f0b34e45a","kind":"bikerack","longitude":18.9020418,"latitude":47.6937126,"name":"Biciklitároló","city":"Pilisszentkereszt","address":null,"covered":false,"access":null,"website":null,"phone":null,"source":"OpenStreetMap/node/11516295078","sourceUpdatedAt":"2026-04-04T22:50:04.678779+00:00","verifiedAt":null}},{"type":"Feature","geometry":{"type":"Point","coordinates":[18.7177701,47.5467186]},"properties":{"id":"bikerack:022894de-928e-43d8-a9e5-2440c6fefd8a","kind":"bikerack","longitude":18.7177701,"latitude":47.5467186,"name":"Biciklitároló","city":"Zsambek","address":null,"covered":false,"access":null,"website":null,"phone":null,"source":"OpenStreetMap/node/8037388891","sourceUpdatedAt":"2026-04-04T22:50:04.678779+00:00","verifiedAt":null}},{"type":"Feature","geometry":{"type":"Point","coordinates":[18.7646002,47.586151]},"properties":{"id":"bikerack:06b3ab12-9226-4401-ade5-adfa55897889","kind":"bikerack","longitude":18.7646002,"latitude":47.586151,"name":"Biciklitároló","city":"Perbal","address":null,"covered":false,"access":null,"website":null,"phone":null,"source":"OpenStreetMap/node/8033522514","sourceUpdatedAt":"2026-04-04T22:50:04.678779+00:00","verifiedAt":null}},{"type":"Feature","geometry":{"type":"Point","coordinates":[18.7764761,47.6784945]},"properties":{"id":"bikerack:078e4d12-9466-4e2f-b2df-de06c9fc59fc","kind":"bikerack","longitude":18.7764761,"latitude":47.6784945,"name":"Biciklitároló","city":"Piliscsev","address":null,"covered":false,"access":null,"website":null,"phone":null,"source":"OpenStreetMap/node/9191642796","sourceUpdatedAt":"2026-04-04T22:50:04.678779+00:00","verifiedAt":null}},{"type":"Feature","geometry":{"type":"Point","coordinates":[18.9436974,47.5632944]},"properties":{"id":"bikerack:0b2cea1c-36bc-4112-a602-d70f41e4225c","kind":"bikerack","longitude":18.9436974,"latitude":47.5632944,"name":"Biciklitároló","city":"Solymar","address":null,"covered":false,"access":null,"website":null,"phone":null,"source":"OpenStreetMap/node/3623031505","sourceUpdatedAt":"2026-04-04T22:50:04.678779+00:00","verifiedAt":null}},{"type":"Feature","geometry":{"type":"Point","coordinates":[18.9509393,47.5646825]},"properties":{"id":"bikerack:0d3f2bf4-6a82-42c1-85e1-a4b9358b2198","kind":"bikerack","longitude":18.9509393,"latitude":47.5646825,"name":"Biciklitároló","city":"Solymar","address":null,"covered":false,"access":null,"website":null,"phone":null,"source":"OpenStreetMap/node/8972611666","sourceUpdatedAt":"2026-04-04T22:50:04.678779+00:00","verifiedAt":null}},{"type":"Feature","geometry":{"type":"Point","coordinates":[18.7826929,47.7122236]},"properties":{"id":"bikerack:1166ccdd-8e9b-4155-ae27-02b752501ccc","kind":"bikerack","longitude":18.7826929,"latitude":47.7122236,"name":"Biciklitároló","city":"Kesztolc","address":null,"covered":false,"access":null,"website":null,"phone":null,"source":"OpenStreetMap/node/4172707228","sourceUpdatedAt":"2026-04-04T22:50:04.678779+00:00","verifiedAt":null}},{"type":"Feature","geometry":{"type":"Point","coordinates":[18.8296496,47.6380393]},"properties":{"id":"bikerack:120d7604-4123-4f07-a317-14291db7a393","kind":"bikerack","longitude":18.8296496,"latitude":47.6380393,"name":"Biciklitároló","city":"Piliscsaba","address":null,"covered":true,"access":null,"website":null,"phone":null,"source":"OpenStreetMap/node/9950542904","sourceUpdatedAt":"2026-04-04T22:50:04.678779+00:00","verifiedAt":null}},{"type":"Feature","geometry":{"type":"Point","coordinates":[18.8208664,47.5506093]},"properties":{"id":"bikerack:1386d1a7-ec94-467b-ad6f-568e006a4d88","kind":"bikerack","longitude":18.8208664,"latitude":47.5506093,"name":"Biciklitároló","city":"Telki","address":null,"covered":false,"access":null,"website":null,"phone":null,"source":"OpenStreetMap/node/3922231016","sourceUpdatedAt":"2026-04-04T22:50:04.678779+00:00","verifiedAt":null}},{"type":"Feature","geometry":{"type":"Point","coordinates":[18.9758456,47.5296071]},"properties":{"id":"bikerack:138db01d-5157-4e7a-a289-a8d201f867da","kind":"bikerack","longitude":18.9758456,"latitude":47.5296071,"name":"Biciklitároló","city":"Budakeszi","address":null,"covered":false,"access":null,"website":null,"phone":null,"source":"OpenStreetMap/node/12326809178","sourceUpdatedAt":"2026-04-04T22:50:04.678779+00:00","verifiedAt":null}},{"type":"Feature","geometry":{"type":"Point","coordinates":[18.8529202,47.6279444]},"properties":{"id":"bikerack:158f9dfc-ca1f-4da1-82c3-5d4ae02b9f77","kind":"bikerack","longitude":18.8529202,"latitude":47.6279444,"name":"Biciklitároló","city":"Piliscsaba","address":null,"covered":true,"access":null,"website":null,"phone":null,"source":"OpenStreetMap/node/8066669640","sourceUpdatedAt":"2026-04-04T22:50:04.678779+00:00","verifiedAt":null}},{"type":"Feature","geometry":{"type":"Point","coordinates":[18.8473082,47.6378277]},"properties":{"id":"bikerack:1675b4a5-150a-4e2e-95d3-a4a08951c521","kind":"bikerack","longitude":18.8473082,"latitude":47.6378277,"name":"Biciklitároló","city":"Piliscsaba","address":null,"covered":true,"access":null,"website":null,"phone":null,"source":"OpenStreetMap/node/4160258257","sourceUpdatedAt":"2026-04-04T22:50:04.678779+00:00","verifiedAt":null}},{"type":"Feature","geometry":{"type":"Point","coordinates":[18.7981139,47.5579088]},"properties":{"id":"bikerack:1aeada38-0dcb-4669-9559-dbe96ca00ac7","kind":"bikerack","longitude":18.7981139,"latitude":47.5579088,"name":"Biciklitároló","city":"Telki","address":null,"covered":false,"access":null,"website":null,"phone":null,"source":"OpenStreetMap/node/6237634582","sourceUpdatedAt":"2026-04-04T22:50:04.678779+00:00","verifiedAt":null}},{"type":"Feature","geometry":{"type":"Point","coordinates":[18.8062628,47.6987604]},"properties":{"id":"bikerack:1dc90cbc-fe99-4c64-9d0d-091e3b69a7a6","kind":"bikerack","longitude":18.8062628,"latitude":47.6987604,"name":"Biciklitároló","city":"Kesztolc","address":null,"covered":false,"access":null,"website":null,"phone":null,"source":"OpenStreetMap/node/4132448429","sourceUpdatedAt":"2026-04-04T22:50:04.678779+00:00","verifiedAt":null}},{"type":"Feature","geometry":{"type":"Point","coordinates":[18.9680285,47.6417613]},"properties":{"id":"bikerack:1f7288d7-3e1a-47a4-ac78-9d09ef98e493","kind":"bikerack","longitude":18.9680285,"latitude":47.6417613,"name":"Biciklitároló","city":"Csobanka","address":null,"covered":false,"access":null,"website":null,"phone":null,"source":"OpenStreetMap/node/9924013092","sourceUpdatedAt":"2026-04-04T22:50:04.678779+00:00","verifiedAt":null}},{"type":"Feature","geometry":{"type":"Point","coordinates":[18.7828133,47.7119641]},"properties":{"id":"bikerack:1fb1f1f2-1785-479e-9dc9-b7214d1d7e7a","kind":"bikerack","longitude":18.7828133,"latitude":47.7119641,"name":"Biciklitároló","city":"Kesztolc","address":null,"covered":false,"access":null,"website":null,"phone":null,"source":"OpenStreetMap/node/4238444566","sourceUpdatedAt":"2026-04-04T22:50:04.678779+00:00","verifiedAt":null}},{"type":"Feature","geometry":{"type":"Point","coordinates":[18.7270526,47.5547827]},"properties":{"id":"bikerack:262402db-f26d-4ae6-af3b-a2e4fdc65f81","kind":"bikerack","longitude":18.7270526,"latitude":47.5547827,"name":"Biciklitároló","city":"Zsambek","address":null,"covered":false,"access":null,"website":null,"phone":null,"source":"OpenStreetMap/node/12304553486","sourceUpdatedAt":"2026-04-04T22:50:04.678779+00:00","verifiedAt":null}},{"type":"Feature","geometry":{"type":"Point","coordinates":[18.7403523,47.7130814]},"properties":{"id":"bikerack:2828fae5-208d-4714-aa74-35fe9d672434","kind":"bikerack","longitude":18.7403523,"latitude":47.7130814,"name":"Biciklitároló","city":"Dorog","address":null,"covered":false,"access":null,"website":null,"phone":null,"source":"OpenStreetMap/node/11220117556","sourceUpdatedAt":"2026-04-04T22:50:04.678779+00:00","verifiedAt":null}},{"type":"Feature","geometry":{"type":"Point","coordinates":[18.7884845,47.7139038]},"properties":{"id":"bikerack:2cc51446-04e9-405b-b6fd-3df292eefb7c","kind":"bikerack","longitude":18.7884845,"latitude":47.7139038,"name":"Biciklitároló","city":"Kesztolc","address":null,"covered":false,"access":null,"website":null,"phone":null,"source":"OpenStreetMap/node/4172707263","sourceUpdatedAt":"2026-04-04T22:50:04.678779+00:00","verifiedAt":null}},{"type":"Feature","geometry":{"type":"Point","coordinates":[18.9026997,47.6141843]},"properties":{"id":"bikerack:2f46f22e-f1d7-45f1-a525-122aaa8c1697","kind":"bikerack","longitude":18.9026997,"latitude":47.6141843,"name":"Biciklitároló","city":"Pilisszentivan","address":null,"covered":true,"access":null,"website":null,"phone":null,"source":"OpenStreetMap/node/7369751248","sourceUpdatedAt":"2026-04-04T22:50:04.678779+00:00","verifiedAt":null}},{"type":"Feature","geometry":{"type":"Point","coordinates":[18.6540694,47.5285586]},"properties":{"id":"bikerack:302ef0e7-1499-497b-a38e-b2e2f95e5083","kind":"bikerack","longitude":18.6540694,"latitude":47.5285586,"name":"Biciklitároló","city":"Many","address":null,"covered":false,"access":null,"website":null,"phone":null,"source":"OpenStreetMap/node/5856981403","sourceUpdatedAt":"2026-04-04T22:50:04.678779+00:00","verifiedAt":null}},{"type":"Feature","geometry":{"type":"Point","coordinates":[18.8167743,47.6487438]},"properties":{"id":"bikerack:322c58b2-c548-4fb9-a136-b02d258c2388","kind":"bikerack","longitude":18.8167743,"latitude":47.6487438,"name":"Biciklitároló","city":"Piliscsaba","address":null,"covered":true,"access":null,"website":null,"phone":null,"source":"OpenStreetMap/node/3776187212","sourceUpdatedAt":"2026-04-04T22:50:04.678779+00:00","verifiedAt":null}},{"type":"Feature","geometry":{"type":"Point","coordinates":[18.9533983,47.5646847]},"properties":{"id":"bikerack:32fdc23c-590e-49d4-a52b-4a01ea3fa660","kind":"bikerack","longitude":18.9533983,"latitude":47.5646847,"name":"Biciklitároló","city":"Solymar","address":null,"covered":false,"access":null,"website":null,"phone":null,"source":"OpenStreetMap/node/10068580590","sourceUpdatedAt":"2026-04-04T22:50:04.678779+00:00","verifiedAt":null}},{"type":"Feature","geometry":{"type":"Point","coordinates":[18.8988307,47.7193146]},"properties":{"id":"bikerack:378ecee9-855b-433e-ab14-351352297fc7","kind":"bikerack","longitude":18.8988307,"latitude":47.7193146,"name":"Biciklitároló","city":"Pilisszentkereszt","address":null,"covered":false,"access":null,"website":null,"phone":null,"source":"OpenStreetMap/node/11886477465","sourceUpdatedAt":"2026-04-04T22:50:04.678779+00:00","verifiedAt":null}},{"type":"Feature","geometry":{"type":"Point","coordinates":[18.7262958,47.7393055]},"properties":{"id":"bikerack:3c22d679-fb1b-4b3c-9b9b-7b73370cb81f","kind":"bikerack","longitude":18.7262958,"latitude":47.7393055,"name":"Biciklitároló","city":"Dorog","address":null,"covered":false,"access":null,"website":null,"phone":null,"source":"OpenStreetMap/node/8746889590","sourceUpdatedAt":"2026-04-04T22:50:04.678779+00:00","verifiedAt":null}},{"type":"Feature","geometry":{"type":"Point","coordinates":[18.8193899,47.5517588]},"properties":{"id":"bikerack:3e1e63f6-c82f-45c7-a623-8a9f5e4b3400","kind":"bikerack","longitude":18.8193899,"latitude":47.5517588,"name":"Biciklitároló","city":"Telki","address":null,"covered":false,"access":null,"website":null,"phone":null,"source":"OpenStreetMap/node/9798049192","sourceUpdatedAt":"2026-04-04T22:50:04.678779+00:00","verifiedAt":null}},{"type":"Feature","geometry":{"type":"Point","coordinates":[18.78845,47.7137062]},"properties":{"id":"bikerack:3e6820cd-c3a6-4ce9-aad0-54242d38f83d","kind":"bikerack","longitude":18.78845,"latitude":47.7137062,"name":"Biciklitároló","city":"Kesztolc","address":null,"covered":false,"access":null,"website":null,"phone":null,"source":"OpenStreetMap/node/4238445058","sourceUpdatedAt":"2026-04-04T22:50:04.678779+00:00","verifiedAt":null}},{"type":"Feature","geometry":{"type":"Point","coordinates":[18.9529725,47.564878]},"properties":{"id":"bikerack:3f8f439b-3eb2-4a00-98a7-75febcf05f8f","kind":"bikerack","longitude":18.9529725,"latitude":47.564878,"name":"Biciklitároló","city":"Solymar","address":null,"covered":false,"access":null,"website":null,"phone":null,"source":"OpenStreetMap/node/10068580579","sourceUpdatedAt":"2026-04-04T22:50:04.678779+00:00","verifiedAt":null}},{"type":"Feature","geometry":{"type":"Point","coordinates":[18.9136274,47.6096316]},"properties":{"id":"bikerack:41607a27-ebbd-418a-a525-00b9717c42e5","kind":"bikerack","longitude":18.9136274,"latitude":47.6096316,"name":"Biciklitároló","city":"Pilisvorosvar","address":null,"covered":true,"access":null,"website":null,"phone":null,"source":"OpenStreetMap/way/1125574307","sourceUpdatedAt":"2026-04-04T22:50:04.678779+00:00","verifiedAt":null}},{"type":"Feature","geometry":{"type":"Point","coordinates":[18.9118859,47.6211234]},"properties":{"id":"bikerack:41ba8c57-5741-411a-88d8-f2ad1713f05a","kind":"bikerack","longitude":18.9118859,"latitude":47.6211234,"name":"Biciklitároló","city":"Pilisvorosvar","address":null,"covered":false,"access":null,"website":null,"phone":null,"source":"OpenStreetMap/node/11736520748","sourceUpdatedAt":"2026-04-04T22:50:04.678779+00:00","verifiedAt":null}},{"type":"Feature","geometry":{"type":"Point","coordinates":[18.9396419,47.546769]},"properties":{"id":"bikerack:462d48b9-99ba-4998-a245-97c87507535d","kind":"bikerack","longitude":18.9396419,"latitude":47.546769,"name":"Biciklitároló","city":"Budakeszi","address":null,"covered":false,"access":null,"website":null,"phone":null,"source":"OpenStreetMap/node/6390656470","sourceUpdatedAt":"2026-04-04T22:50:04.678779+00:00","verifiedAt":null}},{"type":"Feature","geometry":{"type":"Point","coordinates":[18.7778047,47.6203499]},"properties":{"id":"bikerack:48fc8bfb-59db-41ff-821f-65c15394b4b6","kind":"bikerack","longitude":18.7778047,"latitude":47.6203499,"name":"Biciklitároló","city":"Perbal","address":null,"covered":false,"access":null,"website":null,"phone":null,"source":"OpenStreetMap/node/8033522537","sourceUpdatedAt":"2026-04-04T22:50:04.678779+00:00","verifiedAt":null}},{"type":"Feature","geometry":{"type":"Point","coordinates":[18.9115637,47.6208906]},"properties":{"id":"bikerack:48ff5b6f-64ba-4188-b2bb-80634959aa0e","kind":"bikerack","longitude":18.9115637,"latitude":47.6208906,"name":"Biciklitároló","city":"Pilisvorosvar","address":null,"covered":false,"access":null,"website":null,"phone":null,"source":"OpenStreetMap/node/11736520747","sourceUpdatedAt":"2026-04-04T22:50:04.678779+00:00","verifiedAt":null}},{"type":"Feature","geometry":{"type":"Point","coordinates":[18.7203741,47.5494287]},"properties":{"id":"bikerack:54215cec-ef94-4737-9c8c-4a470c30e3ac","kind":"bikerack","longitude":18.7203741,"latitude":47.5494287,"name":"Biciklitároló","city":"Zsambek","address":null,"covered":false,"access":null,"website":null,"phone":null,"source":"OpenStreetMap/way/1332854015","sourceUpdatedAt":"2026-04-04T22:50:04.678779+00:00","verifiedAt":null}},{"type":"Feature","geometry":{"type":"Point","coordinates":[18.9393214,47.5475317]},"properties":{"id":"bikerack:564b8109-10c4-4abd-962e-52c251253a43","kind":"bikerack","longitude":18.9393214,"latitude":47.5475317,"name":"Biciklitároló","city":"Budakeszi","address":null,"covered":false,"access":null,"website":null,"phone":null,"source":"OpenStreetMap/node/6390656439","sourceUpdatedAt":"2026-04-04T22:50:04.678779+00:00","verifiedAt":null}},{"type":"Feature","geometry":{"type":"Point","coordinates":[18.7327244,47.7227392]},"properties":{"id":"bikerack:58482c52-fba2-43a2-9158-c820c6e8f0bd","kind":"bikerack","longitude":18.7327244,"latitude":47.7227392,"name":"Biciklitároló","city":"Dorog","address":null,"covered":false,"access":null,"website":null,"phone":null,"source":"OpenStreetMap/node/9874035654","sourceUpdatedAt":"2026-04-04T22:50:04.678779+00:00","verifiedAt":null}},{"type":"Feature","geometry":{"type":"Point","coordinates":[18.8202017,47.5516217]},"properties":{"id":"bikerack:5903f7d7-8a1a-4d4a-88ed-950eb1a96320","kind":"bikerack","longitude":18.8202017,"latitude":47.5516217,"name":"Biciklitároló","city":"Telki","address":null,"covered":false,"access":null,"website":null,"phone":null,"source":"OpenStreetMap/node/2904068990","sourceUpdatedAt":"2026-04-04T22:50:04.678779+00:00","verifiedAt":null}},{"type":"Feature","geometry":{"type":"Point","coordinates":[18.7919622,47.6736368]},"properties":{"id":"bikerack:59a1841a-56b3-4a40-8be5-c4117fb8feb8","kind":"bikerack","longitude":18.7919622,"latitude":47.6736368,"name":"Biciklitároló","city":"Piliscsev","address":null,"covered":false,"access":null,"website":null,"phone":null,"source":"OpenStreetMap/node/1469864882","sourceUpdatedAt":"2026-04-04T22:50:04.678779+00:00","verifiedAt":null}},{"type":"Feature","geometry":{"type":"Point","coordinates":[18.9140631,47.6099489]},"properties":{"id":"bikerack:5b26743f-c0fb-4ebd-bf8c-e1820cdd7c0a","kind":"bikerack","longitude":18.9140631,"latitude":47.6099489,"name":"Biciklitároló","city":"Pilisvorosvar","address":null,"covered":true,"access":null,"website":null,"phone":null,"source":"OpenStreetMap/way/1125573939","sourceUpdatedAt":"2026-04-04T22:50:04.678779+00:00","verifiedAt":null}},{"type":"Feature","geometry":{"type":"Point","coordinates":[18.666699,47.595256]},"properties":{"id":"bikerack:639823a9-fecb-4b77-95f4-1ec0c1fca1d6","kind":"bikerack","longitude":18.666699,"latitude":47.595256,"name":"Biciklitároló","city":"Many","address":null,"covered":false,"access":null,"website":null,"phone":null,"source":"OpenStreetMap/node/2517114084","sourceUpdatedAt":"2026-04-04T22:50:04.678779+00:00","verifiedAt":null}},{"type":"Feature","geometry":{"type":"Point","coordinates":[18.879143,47.575835]},"properties":{"id":"bikerack:697c7468-af85-42ee-a5df-65492ec9af91","kind":"bikerack","longitude":18.879143,"latitude":47.575835,"name":"Biciklitároló","city":"Pilisszentivan","address":null,"covered":false,"access":null,"website":null,"phone":null,"source":"OpenStreetMap/node/2474094837","sourceUpdatedAt":"2026-04-04T22:50:04.678779+00:00","verifiedAt":null}},{"type":"Feature","geometry":{"type":"Point","coordinates":[18.9258598,47.5176473]},"properties":{"id":"bikerack:69f1bed7-51f1-49d3-b532-e6015c00e200","kind":"bikerack","longitude":18.9258598,"latitude":47.5176473,"name":"Biciklitároló","city":"Budakeszi","address":null,"covered":false,"access":null,"website":null,"phone":null,"source":"OpenStreetMap/node/3662457118","sourceUpdatedAt":"2026-04-04T22:50:04.678779+00:00","verifiedAt":null}},{"type":"Feature","geometry":{"type":"Point","coordinates":[18.9535175,47.5646264]},"properties":{"id":"bikerack:6b32165e-1b2c-4b9a-9311-7aacdd3470cd","kind":"bikerack","longitude":18.9535175,"latitude":47.5646264,"name":"Biciklitároló","city":"Solymar","address":null,"covered":false,"access":null,"website":null,"phone":null,"source":"OpenStreetMap/node/10068580613","sourceUpdatedAt":"2026-04-04T22:50:04.678779+00:00","verifiedAt":null}},{"type":"Feature","geometry":{"type":"Point","coordinates":[18.9141119,47.6133654]},"properties":{"id":"bikerack:6c202601-73c7-452f-ac28-eae59a011f61","kind":"bikerack","longitude":18.9141119,"latitude":47.6133654,"name":"Biciklitároló","city":"Pilisvorosvar","address":null,"covered":false,"access":null,"website":null,"phone":null,"source":"OpenStreetMap/node/7203274418","sourceUpdatedAt":"2026-04-04T22:50:04.678779+00:00","verifiedAt":null}},{"type":"Feature","geometry":{"type":"Point","coordinates":[18.9634913,47.5450479]},"properties":{"id":"bikerack:7087543d-724c-46fd-a6bc-e23f8f770c3a","kind":"bikerack","longitude":18.9634913,"latitude":47.5450479,"name":"Biciklitároló","city":"Budakeszi","address":null,"covered":false,"access":null,"website":null,"phone":null,"source":"OpenStreetMap/node/3347611733","sourceUpdatedAt":"2026-04-04T22:50:04.678779+00:00","verifiedAt":null}},{"type":"Feature","geometry":{"type":"Point","coordinates":[18.7324345,47.72359]},"properties":{"id":"bikerack:717d0268-20fb-4b07-8dfb-bb6d3ac1a8c4","kind":"bikerack","longitude":18.7324345,"latitude":47.72359,"name":"Biciklitároló","city":"Dorog","address":null,"covered":true,"access":null,"website":null,"phone":null,"source":"OpenStreetMap/way/865035837","sourceUpdatedAt":"2026-04-04T22:50:04.678779+00:00","verifiedAt":null}},{"type":"Feature","geometry":{"type":"Point","coordinates":[18.6551025,47.5290738]},"properties":{"id":"bikerack:7290ca7e-7e24-434c-b67e-20bad4f868e9","kind":"bikerack","longitude":18.6551025,"latitude":47.5290738,"name":"Biciklitároló","city":"Many","address":null,"covered":false,"access":null,"website":null,"phone":null,"source":"OpenStreetMap/node/5888618187","sourceUpdatedAt":"2026-04-04T22:50:04.678779+00:00","verifiedAt":null}},{"type":"Feature","geometry":{"type":"Point","coordinates":[18.9412938,47.5469372]},"properties":{"id":"bikerack:73e174f0-515d-4981-8c14-4c26c4a4a293","kind":"bikerack","longitude":18.9412938,"latitude":47.5469372,"name":"Biciklitároló","city":"Budakeszi","address":null,"covered":false,"access":null,"website":null,"phone":null,"source":"OpenStreetMap/node/6390656501","sourceUpdatedAt":"2026-04-04T22:50:04.678779+00:00","verifiedAt":null}},{"type":"Feature","geometry":{"type":"Point","coordinates":[18.9549923,47.5637245]},"properties":{"id":"bikerack:76010a2b-daa6-4312-b76e-3eeafd02907f","kind":"bikerack","longitude":18.9549923,"latitude":47.5637245,"name":"Biciklitároló","city":"Solymar","address":null,"covered":false,"access":null,"website":null,"phone":null,"source":"OpenStreetMap/node/8993723614","sourceUpdatedAt":"2026-04-04T22:50:04.678779+00:00","verifiedAt":null}},{"type":"Feature","geometry":{"type":"Point","coordinates":[18.8192218,47.551173]},"properties":{"id":"bikerack:7638ee1d-1709-4dc9-81db-42b41bc5666f","kind":"bikerack","longitude":18.8192218,"latitude":47.551173,"name":"Biciklitároló","city":"Telki","address":null,"covered":false,"access":null,"website":null,"phone":null,"source":"OpenStreetMap/node/2904068931","sourceUpdatedAt":"2026-04-04T22:50:04.678779+00:00","verifiedAt":null}},{"type":"Feature","geometry":{"type":"Point","coordinates":[18.6803791,47.6742047]},"properties":{"id":"bikerack:776a06d4-5185-41b9-b875-4d168d15772e","kind":"bikerack","longitude":18.6803791,"latitude":47.6742047,"name":"Biciklitároló","city":"Sarisap","address":null,"covered":false,"access":null,"website":null,"phone":null,"source":"OpenStreetMap/node/11332862664","sourceUpdatedAt":"2026-04-04T22:50:04.678779+00:00","verifiedAt":null}},{"type":"Feature","geometry":{"type":"Point","coordinates":[18.9389276,47.5203392]},"properties":{"id":"bikerack:7d453b4f-6bfb-40f3-bc91-b7f19c706171","kind":"bikerack","longitude":18.9389276,"latitude":47.5203392,"name":"Biciklitároló","city":"Budakeszi","address":null,"covered":false,"access":null,"website":null,"phone":null,"source":"OpenStreetMap/node/10093605179","sourceUpdatedAt":"2026-04-04T22:50:04.678779+00:00","verifiedAt":null}},{"type":"Feature","geometry":{"type":"Point","coordinates":[18.9393972,47.5473401]},"properties":{"id":"bikerack:7e6fe2f6-b443-422f-8c86-9a7279fde233","kind":"bikerack","longitude":18.9393972,"latitude":47.5473401,"name":"Biciklitároló","city":"Budakeszi","address":null,"covered":false,"access":null,"website":null,"phone":null,"source":"OpenStreetMap/node/6390656478","sourceUpdatedAt":"2026-04-04T22:50:04.678779+00:00","verifiedAt":null}},{"type":"Feature","geometry":{"type":"Point","coordinates":[18.9239495,47.5172114]},"properties":{"id":"bikerack:7f27efcd-eb1f-4560-b844-409c3ed4eca8","kind":"bikerack","longitude":18.9239495,"latitude":47.5172114,"name":"Biciklitároló","city":"Budakeszi","address":null,"covered":false,"access":null,"website":null,"phone":null,"source":"OpenStreetMap/node/3662457112","sourceUpdatedAt":"2026-04-04T22:50:04.678779+00:00","verifiedAt":null}},{"type":"Feature","geometry":{"type":"Point","coordinates":[18.7962556,47.6562071]},"properties":{"id":"bikerack:7f403f42-f327-499e-9024-16f94d68f033","kind":"bikerack","longitude":18.7962556,"latitude":47.6562071,"name":"Biciklitároló","city":"Piliscsev","address":null,"covered":true,"access":null,"website":null,"phone":null,"source":"OpenStreetMap/way/348430639","sourceUpdatedAt":"2026-04-04T22:50:04.678779+00:00","verifiedAt":null}},{"type":"Feature","geometry":{"type":"Point","coordinates":[18.8987945,47.71954]},"properties":{"id":"bikerack:7fe915b9-6aed-42e6-9d38-fa42dd366c83","kind":"bikerack","longitude":18.8987945,"latitude":47.71954,"name":"Biciklitároló","city":"Pilisszentkereszt","address":null,"covered":false,"access":null,"website":null,"phone":null,"source":"OpenStreetMap/node/11886649468","sourceUpdatedAt":"2026-04-04T22:50:04.678779+00:00","verifiedAt":null}},{"type":"Feature","geometry":{"type":"Point","coordinates":[18.9588768,47.5184531]},"properties":{"id":"bikerack:85fe1bac-8d52-4b7e-bc14-507921b518e5","kind":"bikerack","longitude":18.9588768,"latitude":47.5184531,"name":"Biciklitároló","city":"Budakeszi","address":null,"covered":false,"access":null,"website":null,"phone":null,"source":"OpenStreetMap/node/7500033457","sourceUpdatedAt":"2026-04-04T22:50:04.678779+00:00","verifiedAt":null}},{"type":"Feature","geometry":{"type":"Point","coordinates":[18.7803328,47.7135236]},"properties":{"id":"bikerack:862235f9-aaf6-4dba-b84e-4eaa9347b875","kind":"bikerack","longitude":18.7803328,"latitude":47.7135236,"name":"Biciklitároló","city":"Kesztolc","address":null,"covered":false,"access":null,"website":null,"phone":null,"source":"OpenStreetMap/node/4238445055","sourceUpdatedAt":"2026-04-04T22:50:04.678779+00:00","verifiedAt":null}},{"type":"Feature","geometry":{"type":"Point","coordinates":[18.758288,47.5904536]},"properties":{"id":"bikerack:88395b7d-4f64-42f6-8a10-383b48194551","kind":"bikerack","longitude":18.758288,"latitude":47.5904536,"name":"Biciklitároló","city":"Perbal","address":null,"covered":false,"access":null,"website":null,"phone":null,"source":"OpenStreetMap/node/3329860130","sourceUpdatedAt":"2026-04-04T22:50:04.678779+00:00","verifiedAt":null}},{"type":"Feature","geometry":{"type":"Point","coordinates":[18.9360572,47.5674815]},"properties":{"id":"bikerack:8930ddb3-5ee5-4391-a30a-9f75dc18c786","kind":"bikerack","longitude":18.9360572,"latitude":47.5674815,"name":"Biciklitároló","city":"Solymar","address":null,"covered":false,"access":null,"website":null,"phone":null,"source":"OpenStreetMap/node/2271968767","sourceUpdatedAt":"2026-04-04T22:50:04.678779+00:00","verifiedAt":null}},{"type":"Feature","geometry":{"type":"Point","coordinates":[18.8817294,47.5788672]},"properties":{"id":"bikerack:8d0f4c40-512d-4666-90c0-712feb45f34f","kind":"bikerack","longitude":18.8817294,"latitude":47.5788672,"name":"Biciklitároló","city":"Pilisszentivan","address":null,"covered":false,"access":null,"website":null,"phone":null,"source":"OpenStreetMap/node/8959072221","sourceUpdatedAt":"2026-04-04T22:50:04.678779+00:00","verifiedAt":null}},{"type":"Feature","geometry":{"type":"Point","coordinates":[18.8201404,47.5516442]},"properties":{"id":"bikerack:919fa8d8-bd6e-43e2-81cf-43a43c7129e6","kind":"bikerack","longitude":18.8201404,"latitude":47.5516442,"name":"Biciklitároló","city":"Telki","address":null,"covered":false,"access":null,"website":null,"phone":null,"source":"OpenStreetMap/node/3304207766","sourceUpdatedAt":"2026-04-04T22:50:04.678779+00:00","verifiedAt":null}},{"type":"Feature","geometry":{"type":"Point","coordinates":[18.9611096,47.5660211]},"properties":{"id":"bikerack:92238ec4-211c-43cd-9e91-96413cc24061","kind":"bikerack","longitude":18.9611096,"latitude":47.5660211,"name":"Biciklitároló","city":"Solymar","address":null,"covered":false,"access":null,"website":null,"phone":null,"source":"OpenStreetMap/node/9120823995","sourceUpdatedAt":"2026-04-04T22:50:04.678779+00:00","verifiedAt":null}},{"type":"Feature","geometry":{"type":"Point","coordinates":[18.8344326,47.701339]},"properties":{"id":"bikerack:9558bdc6-9b8f-41da-ba84-09170577c1b5","kind":"bikerack","longitude":18.8344326,"latitude":47.701339,"name":"Biciklitároló","city":"Piliscsev","address":null,"covered":false,"access":null,"website":null,"phone":null,"source":"OpenStreetMap/node/9022939706","sourceUpdatedAt":"2026-04-04T22:50:04.678779+00:00","verifiedAt":null}},{"type":"Feature","geometry":{"type":"Point","coordinates":[18.8833369,47.5784807]},"properties":{"id":"bikerack:95e51754-8d80-48b6-b5f5-41eaa46a6b1b","kind":"bikerack","longitude":18.8833369,"latitude":47.5784807,"name":"Biciklitároló","city":"Pilisszentivan","address":null,"covered":false,"access":null,"website":null,"phone":null,"source":"OpenStreetMap/node/9562527094","sourceUpdatedAt":"2026-04-04T22:50:04.678779+00:00","verifiedAt":null}},{"type":"Feature","geometry":{"type":"Point","coordinates":[18.9532842,47.5647296]},"properties":{"id":"bikerack:9718e061-0f68-479c-bf58-c38ed750fb51","kind":"bikerack","longitude":18.9532842,"latitude":47.5647296,"name":"Biciklitároló","city":"Solymar","address":null,"covered":false,"access":null,"website":null,"phone":null,"source":"OpenStreetMap/node/10068587025","sourceUpdatedAt":"2026-04-04T22:50:04.678779+00:00","verifiedAt":null}},{"type":"Feature","geometry":{"type":"Point","coordinates":[18.9166881,47.6111576]},"properties":{"id":"bikerack:9a4eebb3-ae2e-4a1c-aab1-c8ebd07027ec","kind":"bikerack","longitude":18.9166881,"latitude":47.6111576,"name":"Biciklitároló","city":"Pilisvorosvar","address":null,"covered":false,"access":null,"website":null,"phone":null,"source":"OpenStreetMap/node/7203274419","sourceUpdatedAt":"2026-04-04T22:50:04.678779+00:00","verifiedAt":null}},{"type":"Feature","geometry":{"type":"Point","coordinates":[18.7828499,47.7116677]},"properties":{"id":"bikerack:9e8408c7-69ab-4cb7-a7e4-81ca5dfc9230","kind":"bikerack","longitude":18.7828499,"latitude":47.7116677,"name":"Biciklitároló","city":"Kesztolc","address":null,"covered":false,"access":null,"website":null,"phone":null,"source":"OpenStreetMap/node/4172707222","sourceUpdatedAt":"2026-04-04T22:50:04.678779+00:00","verifiedAt":null}},{"type":"Feature","geometry":{"type":"Point","coordinates":[18.8933636,47.6264372]},"properties":{"id":"bikerack:a1dddf2d-7f71-4c03-9b6f-9b178c200ee3","kind":"bikerack","longitude":18.8933636,"latitude":47.6264372,"name":"Biciklitároló","city":"Pilisszentivan","address":null,"covered":true,"access":null,"website":null,"phone":null,"source":"OpenStreetMap/node/10973893778","sourceUpdatedAt":"2026-04-04T22:50:04.678779+00:00","verifiedAt":null}},{"type":"Feature","geometry":{"type":"Point","coordinates":[18.7600129,47.591068]},"properties":{"id":"bikerack:a38d13fe-dd30-4d01-88f2-acb5d6465a2f","kind":"bikerack","longitude":18.7600129,"latitude":47.591068,"name":"Biciklitároló","city":"Perbal","address":null,"covered":false,"access":null,"website":null,"phone":null,"source":"OpenStreetMap/node/3329860129","sourceUpdatedAt":"2026-04-04T22:50:04.678779+00:00","verifiedAt":null}},{"type":"Feature","geometry":{"type":"Point","coordinates":[18.8797283,47.5760112]},"properties":{"id":"bikerack:a56ceb9f-aa15-4290-8227-533c23c53ee8","kind":"bikerack","longitude":18.8797283,"latitude":47.5760112,"name":"Biciklitároló","city":"Pilisszentivan","address":null,"covered":false,"access":null,"website":null,"phone":null,"source":"OpenStreetMap/node/9183792623","sourceUpdatedAt":"2026-04-04T22:50:04.678779+00:00","verifiedAt":null}},{"type":"Feature","geometry":{"type":"Point","coordinates":[18.7596948,47.5912132]},"properties":{"id":"bikerack:a72be576-ef73-4c8d-9a2b-2f9103ec1457","kind":"bikerack","longitude":18.7596948,"latitude":47.5912132,"name":"Biciklitároló","city":"Perbal","address":null,"covered":false,"access":null,"website":null,"phone":null,"source":"OpenStreetMap/node/3329860128","sourceUpdatedAt":"2026-04-04T22:50:04.678779+00:00","verifiedAt":null}},{"type":"Feature","geometry":{"type":"Point","coordinates":[18.9601701,47.5991092]},"properties":{"id":"bikerack:b618d4aa-07de-4144-855c-10cdf0c84172","kind":"bikerack","longitude":18.9601701,"latitude":47.5991092,"name":"Biciklitároló","city":"Solymar","address":null,"covered":false,"access":null,"website":null,"phone":null,"source":"OpenStreetMap/node/3240728803","sourceUpdatedAt":"2026-04-04T22:50:04.678779+00:00","verifiedAt":null}},{"type":"Feature","geometry":{"type":"Point","coordinates":[18.9177449,47.61081]},"properties":{"id":"bikerack:b7a7ae7a-6b5e-4b8a-bb0d-aabef53534c6","kind":"bikerack","longitude":18.9177449,"latitude":47.61081,"name":"Biciklitároló","city":"Pilisvorosvar","address":null,"covered":false,"access":null,"website":null,"phone":null,"source":"OpenStreetMap/node/7203274420","sourceUpdatedAt":"2026-04-04T22:50:04.678779+00:00","verifiedAt":null}},{"type":"Feature","geometry":{"type":"Point","coordinates":[18.9531945,47.5647795]},"properties":{"id":"bikerack:ba37952f-3afc-4bec-b2da-f750a02c3503","kind":"bikerack","longitude":18.9531945,"latitude":47.5647795,"name":"Biciklitároló","city":"Solymar","address":null,"covered":false,"access":null,"website":null,"phone":null,"source":"OpenStreetMap/node/10068580603","sourceUpdatedAt":"2026-04-04T22:50:04.678779+00:00","verifiedAt":null}},{"type":"Feature","geometry":{"type":"Point","coordinates":[18.8346022,47.6387991]},"properties":{"id":"bikerack:ba7543a3-3e00-432e-ab24-d27a2beac544","kind":"bikerack","longitude":18.8346022,"latitude":47.6387991,"name":"Biciklitároló","city":"Piliscsaba","address":null,"covered":false,"access":null,"website":null,"phone":null,"source":"OpenStreetMap/node/13408889778","sourceUpdatedAt":"2026-04-04T22:50:04.678779+00:00","verifiedAt":null}},{"type":"Feature","geometry":{"type":"Point","coordinates":[18.902103,47.6144141]},"properties":{"id":"bikerack:ba83c483-472a-4bf4-b316-2cd12e0533bc","kind":"bikerack","longitude":18.902103,"latitude":47.6144141,"name":"Biciklitároló","city":"Pilisszentivan","address":null,"covered":true,"access":null,"website":null,"phone":null,"source":"OpenStreetMap/node/8041810221","sourceUpdatedAt":"2026-04-04T22:50:04.678779+00:00","verifiedAt":null}},{"type":"Feature","geometry":{"type":"Point","coordinates":[18.7329053,47.722651]},"properties":{"id":"bikerack:bd533cbc-f10c-431b-b964-052cb6eb5b54","kind":"bikerack","longitude":18.7329053,"latitude":47.722651,"name":"Biciklitároló","city":"Dorog","address":null,"covered":false,"access":null,"website":null,"phone":null,"source":"OpenStreetMap/node/9874035655","sourceUpdatedAt":"2026-04-04T22:50:04.678779+00:00","verifiedAt":null}},{"type":"Feature","geometry":{"type":"Point","coordinates":[18.9637592,47.5453776]},"properties":{"id":"bikerack:bea57d29-b201-447a-9020-366c3dac7667","kind":"bikerack","longitude":18.9637592,"latitude":47.5453776,"name":"Biciklitároló","city":"Budakeszi","address":null,"covered":false,"access":null,"website":null,"phone":null,"source":"OpenStreetMap/node/8983171267","sourceUpdatedAt":"2026-04-04T22:50:04.678779+00:00","verifiedAt":null}},{"type":"Feature","geometry":{"type":"Point","coordinates":[18.8247608,47.5488594]},"properties":{"id":"bikerack:beafb9b5-1b95-4ce5-ab51-ba69f4a4abc6","kind":"bikerack","longitude":18.8247608,"latitude":47.5488594,"name":"Biciklitároló","city":"Telki","address":null,"covered":false,"access":null,"website":null,"phone":null,"source":"OpenStreetMap/node/12122049185","sourceUpdatedAt":"2026-04-04T22:50:04.678779+00:00","verifiedAt":null}},{"type":"Feature","geometry":{"type":"Point","coordinates":[18.7189135,47.5447043]},"properties":{"id":"bikerack:bee9e23e-bf08-4324-9efa-a58463996ade","kind":"bikerack","longitude":18.7189135,"latitude":47.5447043,"name":"Biciklitároló","city":"Zsambek","address":null,"covered":false,"access":null,"website":null,"phone":null,"source":"OpenStreetMap/node/8396692507","sourceUpdatedAt":"2026-04-04T22:50:04.678779+00:00","verifiedAt":null}},{"type":"Feature","geometry":{"type":"Point","coordinates":[18.8920802,47.5758898]},"properties":{"id":"bikerack:c0031c67-c536-4a48-9cd3-9c7ce72ab691","kind":"bikerack","longitude":18.8920802,"latitude":47.5758898,"name":"Biciklitároló","city":"Pilisszentivan","address":null,"covered":true,"access":null,"website":null,"phone":null,"source":"OpenStreetMap/node/13524283034","sourceUpdatedAt":"2026-04-04T22:50:04.678779+00:00","verifiedAt":null}},{"type":"Feature","geometry":{"type":"Point","coordinates":[18.9633851,47.5456522]},"properties":{"id":"bikerack:c0c9f6f0-a47c-4be5-a5db-d60d5247dd27","kind":"bikerack","longitude":18.9633851,"latitude":47.5456522,"name":"Biciklitároló","city":"Budakeszi","address":null,"covered":false,"access":null,"website":null,"phone":null,"source":"OpenStreetMap/node/10910879316","sourceUpdatedAt":"2026-04-04T22:50:04.678779+00:00","verifiedAt":null}},{"type":"Feature","geometry":{"type":"Point","coordinates":[18.9621162,47.598375]},"properties":{"id":"bikerack:c3fc75a6-c6f5-4aec-bcec-126af196bf55","kind":"bikerack","longitude":18.9621162,"latitude":47.598375,"name":"Biciklitároló","city":"Solymar","address":null,"covered":false,"access":null,"website":null,"phone":null,"source":"OpenStreetMap/node/11887067528","sourceUpdatedAt":"2026-04-04T22:50:04.678779+00:00","verifiedAt":null}},{"type":"Feature","geometry":{"type":"Point","coordinates":[18.9394646,47.5472698]},"properties":{"id":"bikerack:c7e27370-e8a1-4d67-b27b-697da9e98a3b","kind":"bikerack","longitude":18.9394646,"latitude":47.5472698,"name":"Biciklitároló","city":"Budakeszi","address":null,"covered":false,"access":null,"website":null,"phone":null,"source":"OpenStreetMap/node/6390656480","sourceUpdatedAt":"2026-04-04T22:50:04.678779+00:00","verifiedAt":null}},{"type":"Feature","geometry":{"type":"Point","coordinates":[18.6526509,47.7401032]},"properties":{"id":"bikerack:c9402bb2-8b25-447a-b1eb-eb07e9513fdb","kind":"bikerack","longitude":18.6526509,"latitude":47.7401032,"name":"Biciklitároló","city":"Tat","address":null,"covered":false,"access":null,"website":null,"phone":null,"source":"OpenStreetMap/node/7618455083","sourceUpdatedAt":"2026-04-04T22:50:04.678779+00:00","verifiedAt":null}},{"type":"Feature","geometry":{"type":"Point","coordinates":[18.7331838,47.7225122]},"properties":{"id":"bikerack:c9e59f37-17c6-48ae-8643-7e03fe2d03a9","kind":"bikerack","longitude":18.7331838,"latitude":47.7225122,"name":"Biciklitároló","city":"Dorog","address":null,"covered":false,"access":null,"website":null,"phone":null,"source":"OpenStreetMap/node/9874035657","sourceUpdatedAt":"2026-04-04T22:50:04.678779+00:00","verifiedAt":null}},{"type":"Feature","geometry":{"type":"Point","coordinates":[18.9618033,47.5980236]},"properties":{"id":"bikerack:cb76b31d-7052-4cb1-ad98-e56f042b7d8c","kind":"bikerack","longitude":18.9618033,"latitude":47.5980236,"name":"Biciklitároló","city":"Solymar","address":null,"covered":true,"access":null,"website":null,"phone":null,"source":"OpenStreetMap/node/11248013686","sourceUpdatedAt":"2026-04-04T22:50:04.678779+00:00","verifiedAt":null}},{"type":"Feature","geometry":{"type":"Point","coordinates":[18.7185097,47.5462276]},"properties":{"id":"bikerack:ce1b28bd-f3f1-4e40-aa50-ec90eb77c0a4","kind":"bikerack","longitude":18.7185097,"latitude":47.5462276,"name":"Biciklitároló","city":"Zsambek","address":null,"covered":false,"access":null,"website":null,"phone":null,"source":"OpenStreetMap/way/1322861369","sourceUpdatedAt":"2026-04-04T22:50:04.678779+00:00","verifiedAt":null}},{"type":"Feature","geometry":{"type":"Point","coordinates":[18.8827536,47.5784659]},"properties":{"id":"bikerack:d3bed090-e7f1-4483-82d4-0960b9a3618c","kind":"bikerack","longitude":18.8827536,"latitude":47.5784659,"name":"Biciklitároló","city":"Pilisszentivan","address":null,"covered":false,"access":null,"website":null,"phone":null,"source":"OpenStreetMap/node/9176651759","sourceUpdatedAt":"2026-04-04T22:50:04.678779+00:00","verifiedAt":null}},{"type":"Feature","geometry":{"type":"Point","coordinates":[18.644927,47.5927768]},"properties":{"id":"bikerack:d427bd6d-2bed-4f2c-81b4-e49704df3ab8","kind":"bikerack","longitude":18.644927,"latitude":47.5927768,"name":"Biciklitároló","city":"Many","address":null,"covered":false,"access":null,"website":null,"phone":null,"source":"OpenStreetMap/node/10816293780","sourceUpdatedAt":"2026-04-04T22:50:04.678779+00:00","verifiedAt":null}},{"type":"Feature","geometry":{"type":"Point","coordinates":[18.9490538,47.5962417]},"properties":{"id":"bikerack:d597f2c0-e276-4547-a591-5d2322caf23a","kind":"bikerack","longitude":18.9490538,"latitude":47.5962417,"name":"Biciklitároló","city":"Solymar","address":null,"covered":true,"access":null,"website":null,"phone":null,"source":"OpenStreetMap/way/685106962","sourceUpdatedAt":"2026-04-04T22:50:04.678779+00:00","verifiedAt":null}},{"type":"Feature","geometry":{"type":"Point","coordinates":[18.9677085,47.6419365]},"properties":{"id":"bikerack:d6c96994-03d9-4e50-9fb6-ae58c140cc6a","kind":"bikerack","longitude":18.9677085,"latitude":47.6419365,"name":"Biciklitároló","city":"Csobanka","address":null,"covered":false,"access":null,"website":null,"phone":null,"source":"OpenStreetMap/node/9923990359","sourceUpdatedAt":"2026-04-04T22:50:04.678779+00:00","verifiedAt":null}},{"type":"Feature","geometry":{"type":"Point","coordinates":[18.8727631,47.688864]},"properties":{"id":"bikerack:dd50f128-d9f8-4cc0-8c2e-783ce6548d4d","kind":"bikerack","longitude":18.8727631,"latitude":47.688864,"name":"Biciklitároló","city":"Pilisszanto","address":null,"covered":false,"access":null,"website":null,"phone":null,"source":"OpenStreetMap/node/3778751578","sourceUpdatedAt":"2026-04-04T22:50:04.678779+00:00","verifiedAt":null}},{"type":"Feature","geometry":{"type":"Point","coordinates":[18.9390525,47.5471857]},"properties":{"id":"bikerack:ddb961b3-c5d7-4e60-85c3-d307ec3ceb94","kind":"bikerack","longitude":18.9390525,"latitude":47.5471857,"name":"Biciklitároló","city":"Budakeszi","address":null,"covered":false,"access":null,"website":null,"phone":null,"source":"OpenStreetMap/node/6390656423","sourceUpdatedAt":"2026-04-04T22:50:04.678779+00:00","verifiedAt":null}},{"type":"Feature","geometry":{"type":"Point","coordinates":[18.9269415,47.6015669]},"properties":{"id":"bikerack:e1ee6f65-b2b4-447d-8397-843406d1ee13","kind":"bikerack","longitude":18.9269415,"latitude":47.6015669,"name":"Biciklitároló","city":"Solymar","address":null,"covered":true,"access":null,"website":null,"phone":null,"source":"OpenStreetMap/node/9045495544","sourceUpdatedAt":"2026-04-04T22:50:04.678779+00:00","verifiedAt":null}},{"type":"Feature","geometry":{"type":"Point","coordinates":[18.9682105,47.6416872]},"properties":{"id":"bikerack:e53b0368-df12-4fbe-b483-d03b39742f97","kind":"bikerack","longitude":18.9682105,"latitude":47.6416872,"name":"Biciklitároló","city":"Csobanka","address":null,"covered":false,"access":null,"website":null,"phone":null,"source":"OpenStreetMap/node/9924015761","sourceUpdatedAt":"2026-04-04T22:50:04.678779+00:00","verifiedAt":null}},{"type":"Feature","geometry":{"type":"Point","coordinates":[18.9642093,47.5977603]},"properties":{"id":"bikerack:e594c511-1fdb-44fa-8e02-3fe236006111","kind":"bikerack","longitude":18.9642093,"latitude":47.5977603,"name":"Biciklitároló","city":"Pilisborosjeno","address":null,"covered":false,"access":null,"website":null,"phone":null,"source":"OpenStreetMap/node/11687771717","sourceUpdatedAt":"2026-04-04T22:50:04.678779+00:00","verifiedAt":null}},{"type":"Feature","geometry":{"type":"Point","coordinates":[18.6382735,47.6471567]},"properties":{"id":"bikerack:e5aca656-04af-48b4-b0df-dcd2d0b3bc53","kind":"bikerack","longitude":18.6382735,"latitude":47.6471567,"name":"Biciklitároló","city":"Bajna","address":null,"covered":false,"access":null,"website":null,"phone":null,"source":"OpenStreetMap/node/6537185560","sourceUpdatedAt":"2026-04-04T22:50:04.678779+00:00","verifiedAt":null}},{"type":"Feature","geometry":{"type":"Point","coordinates":[18.8796537,47.5757104]},"properties":{"id":"bikerack:e6607c7a-fcb2-4936-9986-a16f63c1af9b","kind":"bikerack","longitude":18.8796537,"latitude":47.5757104,"name":"Biciklitároló","city":"Pilisszentivan","address":null,"covered":true,"access":null,"website":null,"phone":null,"source":"OpenStreetMap/node/2833213631","sourceUpdatedAt":"2026-04-04T22:50:04.678779+00:00","verifiedAt":null}},{"type":"Feature","geometry":{"type":"Point","coordinates":[18.9562316,47.5697284]},"properties":{"id":"bikerack:e732e011-a806-41b9-9abe-853f9951f013","kind":"bikerack","longitude":18.9562316,"latitude":47.5697284,"name":"Biciklitároló","city":"Solymar","address":null,"covered":false,"access":null,"website":null,"phone":null,"source":"OpenStreetMap/node/12985967670","sourceUpdatedAt":"2026-04-04T22:50:04.678779+00:00","verifiedAt":null}},{"type":"Feature","geometry":{"type":"Point","coordinates":[18.7820801,47.7113862]},"properties":{"id":"bikerack:e7364960-637e-4aed-85f2-e89bb22b1c51","kind":"bikerack","longitude":18.7820801,"latitude":47.7113862,"name":"Biciklitároló","city":"Kesztolc","address":null,"covered":false,"access":null,"website":null,"phone":null,"source":"OpenStreetMap/node/4172707214","sourceUpdatedAt":"2026-04-04T22:50:04.678779+00:00","verifiedAt":null}},{"type":"Feature","geometry":{"type":"Point","coordinates":[18.717742,47.5466064]},"properties":{"id":"bikerack:e8e8968e-0a45-44fd-a211-8ad5f313de74","kind":"bikerack","longitude":18.717742,"latitude":47.5466064,"name":"Biciklitároló","city":"Zsambek","address":null,"covered":false,"access":null,"website":null,"phone":null,"source":"OpenStreetMap/node/8037388892","sourceUpdatedAt":"2026-04-04T22:50:04.678779+00:00","verifiedAt":null}},{"type":"Feature","geometry":{"type":"Point","coordinates":[18.6563062,47.5295619]},"properties":{"id":"bikerack:eb5567a6-56d4-4405-9239-a5880993433f","kind":"bikerack","longitude":18.6563062,"latitude":47.5295619,"name":"Biciklitároló","city":"Many","address":null,"covered":false,"access":null,"website":null,"phone":null,"source":"OpenStreetMap/node/8899928351","sourceUpdatedAt":"2026-04-04T22:50:04.678779+00:00","verifiedAt":null}},{"type":"Feature","geometry":{"type":"Point","coordinates":[18.8202748,47.5516104]},"properties":{"id":"bikerack:ef0dd11d-4ac3-4156-8cba-886bd4c2d866","kind":"bikerack","longitude":18.8202748,"latitude":47.5516104,"name":"Biciklitároló","city":"Telki","address":null,"covered":false,"access":null,"website":null,"phone":null,"source":"OpenStreetMap/node/3304207763","sourceUpdatedAt":"2026-04-04T22:50:04.678779+00:00","verifiedAt":null}},{"type":"Feature","geometry":{"type":"Point","coordinates":[18.8961922,47.5723961]},"properties":{"id":"bikerack:f0c84a92-90e6-4609-ba89-cea0d57b7622","kind":"bikerack","longitude":18.8961922,"latitude":47.5723961,"name":"Biciklitároló","city":"Pilisszentivan","address":null,"covered":false,"access":null,"website":null,"phone":null,"source":"OpenStreetMap/node/11015475012","sourceUpdatedAt":"2026-04-04T22:50:04.678779+00:00","verifiedAt":null}},{"type":"Feature","geometry":{"type":"Point","coordinates":[18.9637153,47.5453557]},"properties":{"id":"bikerack:f2965e41-23a5-4e55-8de9-2947b198f3f9","kind":"bikerack","longitude":18.9637153,"latitude":47.5453557,"name":"Biciklitároló","city":"Budakeszi","address":null,"covered":false,"access":null,"website":null,"phone":null,"source":"OpenStreetMap/node/3381623120","sourceUpdatedAt":"2026-04-04T22:50:04.678779+00:00","verifiedAt":null}},{"type":"Feature","geometry":{"type":"Point","coordinates":[18.9250634,47.5591347]},"properties":{"id":"bikerack:f7e67b07-2566-4c47-bed3-b51704b0cce9","kind":"bikerack","longitude":18.9250634,"latitude":47.5591347,"name":"Biciklitároló","city":"Solymar","address":null,"covered":false,"access":null,"website":null,"phone":null,"source":"OpenStreetMap/node/5678314938","sourceUpdatedAt":"2026-04-04T22:50:04.678779+00:00","verifiedAt":null}},{"type":"Feature","geometry":{"type":"Point","coordinates":[18.7330547,47.7225792]},"properties":{"id":"bikerack:f89ed2c7-8e45-49f2-8377-635b7e75e403","kind":"bikerack","longitude":18.7330547,"latitude":47.7225792,"name":"Biciklitároló","city":"Dorog","address":null,"covered":false,"access":null,"website":null,"phone":null,"source":"OpenStreetMap/node/9874035656","sourceUpdatedAt":"2026-04-04T22:50:04.678779+00:00","verifiedAt":null}},{"type":"Feature","geometry":{"type":"Point","coordinates":[18.9660486,47.5376454]},"properties":{"id":"bikerack:fc780c89-1e1a-496f-b40f-e5e26e4361f0","kind":"bikerack","longitude":18.9660486,"latitude":47.5376454,"name":"Biciklitároló","city":"Budakeszi","address":null,"covered":false,"access":null,"website":null,"phone":null,"source":"OpenStreetMap/node/13308066299","sourceUpdatedAt":"2026-04-04T22:50:04.678779+00:00","verifiedAt":null}},{"type":"Feature","geometry":{"type":"Point","coordinates":[18.883544,47.57594]},"properties":{"id":"bikerack:fcb17048-3bdd-4ccf-a3fc-7cd5c6041a86","kind":"bikerack","longitude":18.883544,"latitude":47.57594,"name":"Biciklitároló","city":"Pilisszentivan","address":null,"covered":false,"access":null,"website":null,"phone":null,"source":"OpenStreetMap/node/2474093800","sourceUpdatedAt":"2026-04-04T22:50:04.678779+00:00","verifiedAt":null}},{"type":"Feature","geometry":{"type":"Point","coordinates":[18.7202281,47.6629895]},"properties":{"id":"bikerack:ff732ef8-5d6e-4479-b9cc-930f95b36cd6","kind":"bikerack","longitude":18.7202281,"latitude":47.6629895,"name":"Biciklitároló","city":"Csolnok","address":null,"covered":false,"access":null,"website":null,"phone":null,"source":"OpenStreetMap/node/9768033718","sourceUpdatedAt":"2026-04-04T22:50:04.678779+00:00","verifiedAt":null}},{"type":"Feature","geometry":{"type":"Point","coordinates":[18.8831701,47.5761516]},"properties":{"id":"service:11d2e215-08fd-43f0-a694-2038d802705b","kind":"service","longitude":18.8831701,"latitude":47.5761516,"name":"Ride On Kerékpárbolt & Szerviz","city":"Nagykovácsi","address":null,"covered":null,"access":null,"website":null,"phone":null,"source":"OpenStreetMap/node/11012273808","sourceUpdatedAt":"2026-04-04T22:50:19.707683+00:00","verifiedAt":null}},{"type":"Feature","geometry":{"type":"Point","coordinates":[18.8789228,47.5737641]},"properties":{"id":"service:3869fae4-3246-454f-b462-139f22bffce4","kind":"service","longitude":18.8789228,"latitude":47.5737641,"name":"Bicikli szervíz","city":"Pilisszentivan","address":null,"covered":null,"access":null,"website":null,"phone":null,"source":"OpenStreetMap/node/11190010052","sourceUpdatedAt":"2026-04-04T22:50:13.956046+00:00","verifiedAt":null}},{"type":"Feature","geometry":{"type":"Point","coordinates":[18.8281913,47.632228]},"properties":{"id":"service:651c0c7f-2eab-4caa-9016-10f0784e07cc","kind":"service","longitude":18.8281913,"latitude":47.632228,"name":"Kerékpárszerviz","city":"Piliscsaba","address":null,"covered":null,"access":null,"website":null,"phone":null,"source":"OpenStreetMap/node/4074804523","sourceUpdatedAt":"2026-04-04T22:50:18.481491+00:00","verifiedAt":null}},{"type":"Feature","geometry":{"type":"Point","coordinates":[18.9165257,47.6196319]},"properties":{"id":"service:a0a495b9-8692-49b7-ac82-04d045c98cb2","kind":"service","longitude":18.9165257,"latitude":47.6196319,"name":"Prizma Motor és Kerékpár","city":"Pilisvörösvár","address":null,"covered":null,"access":null,"website":null,"phone":null,"source":"OpenStreetMap/node/5453807935","sourceUpdatedAt":"2026-04-04T22:54:08.993132+00:00","verifiedAt":null}},{"type":"Feature","geometry":{"type":"Point","coordinates":[18.6397775,47.7448542]},"properties":{"id":"service:c6b96a24-649c-40f8-8898-16974046fe60","kind":"service","longitude":18.6397775,"latitude":47.7448542,"name":"Zolikerékpár és autósbolt","city":"Tát","address":null,"covered":null,"access":null,"website":null,"phone":null,"source":"OpenStreetMap/node/6434385307","sourceUpdatedAt":"2026-04-04T22:58:21.103686+00:00","verifiedAt":null}},{"type":"Feature","geometry":{"type":"Point","coordinates":[18.9114398,47.6205246]},"properties":{"id":"service:cc1224fd-4e5a-4ad1-9146-ba8e308b86ca","kind":"service","longitude":18.9114398,"latitude":47.6205246,"name":"Kerékpár centrum","city":"Pilisvörösvár","address":null,"covered":null,"access":null,"website":null,"phone":null,"source":"OpenStreetMap/node/3461930470","sourceUpdatedAt":"2026-04-04T22:54:02.245225+00:00","verifiedAt":null}},{"type":"Feature","geometry":{"type":"Point","coordinates":[18.726609,47.5552102]},"properties":{"id":"service:d6c4376f-183a-4539-b96c-28481e569755","kind":"service","longitude":18.726609,"latitude":47.5552102,"name":"Tekerő","city":"Zsambek","address":null,"covered":null,"access":null,"website":null,"phone":null,"source":"OpenStreetMap/node/4383758962","sourceUpdatedAt":"2026-04-04T22:54:06.427756+00:00","verifiedAt":null}},{"type":"Feature","geometry":{"type":"Point","coordinates":[18.96328,47.64258]},"properties":{"id":"water:02b3c297-a52d-4924-9009-54a064ab7bf1","kind":"water","longitude":18.96328,"latitude":47.64258,"name":"Ivókút","city":null,"address":null,"covered":null,"access":null,"website":null,"phone":null,"source":"OpenStreetMap","sourceUpdatedAt":"2026-04-04T22:50:22.71606+00:00","verifiedAt":null}},{"type":"Feature","geometry":{"type":"Point","coordinates":[18.9601614,47.560983]},"properties":{"id":"water:02c83d78-fa02-40d3-9030-c044ea78829e","kind":"water","longitude":18.9601614,"latitude":47.560983,"name":"Ivókút","city":null,"address":null,"covered":null,"access":null,"website":null,"phone":null,"source":"OpenStreetMap","sourceUpdatedAt":"2026-04-04T22:50:22.71606+00:00","verifiedAt":null}},{"type":"Feature","geometry":{"type":"Point","coordinates":[18.8885542,47.6136675]},"properties":{"id":"water:04d335b4-1c38-4464-b6cd-6dd20902f1a7","kind":"water","longitude":18.8885542,"latitude":47.6136675,"name":"Ivókút","city":null,"address":null,"covered":null,"access":null,"website":null,"phone":null,"source":"OpenStreetMap","sourceUpdatedAt":"2026-04-04T22:50:22.71606+00:00","verifiedAt":null}},{"type":"Feature","geometry":{"type":"Point","coordinates":[18.903767,47.6074711]},"properties":{"id":"water:07adb260-b165-4d7f-bace-aac5dc007ab7","kind":"water","longitude":18.903767,"latitude":47.6074711,"name":"Ivókút","city":null,"address":null,"covered":null,"access":null,"website":null,"phone":null,"source":"OpenStreetMap","sourceUpdatedAt":"2026-04-04T22:50:22.71606+00:00","verifiedAt":null}},{"type":"Feature","geometry":{"type":"Point","coordinates":[18.8984176,47.6903682]},"properties":{"id":"water:0bfa83a8-b794-4799-b018-f72a977c3979","kind":"water","longitude":18.8984176,"latitude":47.6903682,"name":"Ivókút","city":null,"address":null,"covered":null,"access":null,"website":null,"phone":null,"source":"OpenStreetMap","sourceUpdatedAt":"2026-04-04T22:50:22.71606+00:00","verifiedAt":null}},{"type":"Feature","geometry":{"type":"Point","coordinates":[18.6530725,47.5243019]},"properties":{"id":"water:0d340cfb-24d8-46ca-ab70-b53f6e9edbd2","kind":"water","longitude":18.6530725,"latitude":47.5243019,"name":"Ivókút","city":null,"address":null,"covered":null,"access":null,"website":null,"phone":null,"source":"OpenStreetMap","sourceUpdatedAt":"2026-04-04T22:50:22.71606+00:00","verifiedAt":null}},{"type":"Feature","geometry":{"type":"Point","coordinates":[18.9361395,47.565722]},"properties":{"id":"water:0f684491-333b-4a38-8873-799312aa4835","kind":"water","longitude":18.9361395,"latitude":47.565722,"name":"Ivókút","city":null,"address":null,"covered":null,"access":null,"website":null,"phone":null,"source":"OpenStreetMap","sourceUpdatedAt":"2026-04-04T22:50:22.71606+00:00","verifiedAt":null}},{"type":"Feature","geometry":{"type":"Point","coordinates":[18.7628267,47.591778]},"properties":{"id":"water:107e66b5-1aea-4072-9c4c-adc7b806a877","kind":"water","longitude":18.7628267,"latitude":47.591778,"name":"Ivókút","city":null,"address":null,"covered":null,"access":null,"website":null,"phone":null,"source":"OpenStreetMap","sourceUpdatedAt":"2026-04-04T22:50:22.71606+00:00","verifiedAt":null}},{"type":"Feature","geometry":{"type":"Point","coordinates":[18.653432,47.538837]},"properties":{"id":"water:11411125-c2cf-4798-b0dd-b828fa4f0c32","kind":"water","longitude":18.653432,"latitude":47.538837,"name":"Ivókút","city":null,"address":null,"covered":null,"access":null,"website":null,"phone":null,"source":"OpenStreetMap","sourceUpdatedAt":"2026-04-04T22:50:22.71606+00:00","verifiedAt":null}},{"type":"Feature","geometry":{"type":"Point","coordinates":[18.8292661,47.6383124]},"properties":{"id":"water:14a22a51-aa0c-4b11-ae7b-92c9efa06343","kind":"water","longitude":18.8292661,"latitude":47.6383124,"name":"Ivókút","city":null,"address":null,"covered":null,"access":null,"website":null,"phone":null,"source":"OpenStreetMap","sourceUpdatedAt":"2026-04-04T22:50:22.71606+00:00","verifiedAt":null}},{"type":"Feature","geometry":{"type":"Point","coordinates":[18.7170339,47.6910269]},"properties":{"id":"water:1583ab87-f538-4b7e-8a1b-065c07874b3c","kind":"water","longitude":18.7170339,"latitude":47.6910269,"name":"Ivókút","city":null,"address":null,"covered":null,"access":null,"website":null,"phone":null,"source":"OpenStreetMap","sourceUpdatedAt":"2026-04-04T22:50:22.71606+00:00","verifiedAt":null}},{"type":"Feature","geometry":{"type":"Point","coordinates":[18.9322488,47.5699675]},"properties":{"id":"water:175970ed-c67d-4fda-8e30-1bbe643b133a","kind":"water","longitude":18.9322488,"latitude":47.5699675,"name":"Ivókút","city":null,"address":null,"covered":null,"access":null,"website":null,"phone":null,"source":"OpenStreetMap","sourceUpdatedAt":"2026-04-04T22:50:22.71606+00:00","verifiedAt":null}},{"type":"Feature","geometry":{"type":"Point","coordinates":[18.8215835,47.6458963]},"properties":{"id":"water:1840a18f-cfec-441d-aac9-fb9db883f094","kind":"water","longitude":18.8215835,"latitude":47.6458963,"name":"Ivókút","city":null,"address":null,"covered":null,"access":null,"website":null,"phone":null,"source":"OpenStreetMap","sourceUpdatedAt":"2026-04-04T22:50:22.71606+00:00","verifiedAt":null}},{"type":"Feature","geometry":{"type":"Point","coordinates":[18.8325581,47.7020922]},"properties":{"id":"water:1a51f0dd-3650-4a67-8185-6785ea1bc65a","kind":"water","longitude":18.8325581,"latitude":47.7020922,"name":"Ivókút","city":null,"address":null,"covered":null,"access":null,"website":null,"phone":null,"source":"OpenStreetMap","sourceUpdatedAt":"2026-04-04T22:50:22.71606+00:00","verifiedAt":null}},{"type":"Feature","geometry":{"type":"Point","coordinates":[18.9022474,47.6073377]},"properties":{"id":"water:1d061782-8a3e-4d23-9d64-dc28df71e1e2","kind":"water","longitude":18.9022474,"latitude":47.6073377,"name":"Ivókút","city":null,"address":null,"covered":null,"access":null,"website":null,"phone":null,"source":"OpenStreetMap","sourceUpdatedAt":"2026-04-04T22:50:22.71606+00:00","verifiedAt":null}},{"type":"Feature","geometry":{"type":"Point","coordinates":[18.8180286,47.5180252]},"properties":{"id":"water:1dd9bc2d-7fcc-43b2-be5d-22f262df08d3","kind":"water","longitude":18.8180286,"latitude":47.5180252,"name":"Ivókút","city":null,"address":null,"covered":null,"access":null,"website":null,"phone":null,"source":"OpenStreetMap","sourceUpdatedAt":"2026-04-04T22:50:22.71606+00:00","verifiedAt":null}},{"type":"Feature","geometry":{"type":"Point","coordinates":[18.6493597,47.5338273]},"properties":{"id":"water:2214fb0f-efc7-4d61-a5ce-4cf9d3c3f5f8","kind":"water","longitude":18.6493597,"latitude":47.5338273,"name":"Ivókút","city":null,"address":null,"covered":null,"access":null,"website":null,"phone":null,"source":"OpenStreetMap","sourceUpdatedAt":"2026-04-04T22:50:22.71606+00:00","verifiedAt":null}},{"type":"Feature","geometry":{"type":"Point","coordinates":[18.6438889,47.7455208]},"properties":{"id":"water:24fc29c3-d254-4459-b0de-3a5e1b4c1d9e","kind":"water","longitude":18.6438889,"latitude":47.7455208,"name":"Ivókút","city":null,"address":null,"covered":null,"access":null,"website":null,"phone":null,"source":"OpenStreetMap","sourceUpdatedAt":"2026-04-04T22:50:22.71606+00:00","verifiedAt":null}},{"type":"Feature","geometry":{"type":"Point","coordinates":[18.88857,47.71814]},"properties":{"id":"water:256225f7-e355-4116-81d0-0debf788d6ad","kind":"water","longitude":18.88857,"latitude":47.71814,"name":"Ivókút","city":null,"address":null,"covered":null,"access":null,"website":null,"phone":null,"source":"OpenStreetMap","sourceUpdatedAt":"2026-04-04T22:50:22.71606+00:00","verifiedAt":null}},{"type":"Feature","geometry":{"type":"Point","coordinates":[18.9336398,47.5973423]},"properties":{"id":"water:28381f70-0ead-40bb-9822-bd2470f68b8c","kind":"water","longitude":18.9336398,"latitude":47.5973423,"name":"Ivókút","city":null,"address":null,"covered":null,"access":null,"website":null,"phone":null,"source":"OpenStreetMap","sourceUpdatedAt":"2026-04-04T22:50:22.71606+00:00","verifiedAt":null}},{"type":"Feature","geometry":{"type":"Point","coordinates":[18.8004809,47.5616925]},"properties":{"id":"water:28d324d2-d9e5-4457-a0b0-b75a8cf0b4f1","kind":"water","longitude":18.8004809,"latitude":47.5616925,"name":"Ivókút","city":null,"address":null,"covered":null,"access":null,"website":null,"phone":null,"source":"OpenStreetMap","sourceUpdatedAt":"2026-04-04T22:50:22.71606+00:00","verifiedAt":null}},{"type":"Feature","geometry":{"type":"Point","coordinates":[18.7115555,47.6277668]},"properties":{"id":"water:2b1b1b12-422e-4b6b-9325-280e54df1cf8","kind":"water","longitude":18.7115555,"latitude":47.6277668,"name":"Ivókút","city":null,"address":null,"covered":null,"access":null,"website":null,"phone":null,"source":"OpenStreetMap","sourceUpdatedAt":"2026-04-04T22:50:22.71606+00:00","verifiedAt":null}},{"type":"Feature","geometry":{"type":"Point","coordinates":[18.832917,47.629583]},"properties":{"id":"water:2c10c90f-0f98-44fd-af50-2ad7d494bee6","kind":"water","longitude":18.832917,"latitude":47.629583,"name":"Ivókút","city":null,"address":null,"covered":null,"access":null,"website":null,"phone":null,"source":"OpenStreetMap","sourceUpdatedAt":"2026-04-04T22:50:22.71606+00:00","verifiedAt":null}},{"type":"Feature","geometry":{"type":"Point","coordinates":[18.9682379,47.5540844]},"properties":{"id":"water:2c8f1427-727a-4844-9116-4d9817d4f329","kind":"water","longitude":18.9682379,"latitude":47.5540844,"name":"Ivókút","city":null,"address":null,"covered":null,"access":null,"website":null,"phone":null,"source":"OpenStreetMap","sourceUpdatedAt":"2026-04-04T22:50:22.71606+00:00","verifiedAt":null}},{"type":"Feature","geometry":{"type":"Point","coordinates":[18.9640347,47.5413614]},"properties":{"id":"water:2eaa2a77-ab78-4510-bcbf-3f1a63a78cc7","kind":"water","longitude":18.9640347,"latitude":47.5413614,"name":"Ivókút","city":"Budakeszi","address":null,"covered":null,"access":null,"website":null,"phone":null,"source":"OpenStreetMap/node/5699030983","sourceUpdatedAt":"2026-04-04T22:50:22.71606+00:00","verifiedAt":null}},{"type":"Feature","geometry":{"type":"Point","coordinates":[18.7792513,47.6223156]},"properties":{"id":"water:2f043c32-4a3f-45e8-a3ae-f20b878370a4","kind":"water","longitude":18.7792513,"latitude":47.6223156,"name":"Ivókút","city":null,"address":null,"covered":null,"access":null,"website":null,"phone":null,"source":"OpenStreetMap","sourceUpdatedAt":"2026-04-04T22:50:22.71606+00:00","verifiedAt":null}},{"type":"Feature","geometry":{"type":"Point","coordinates":[18.7363655,47.641558]},"properties":{"id":"water:305d9cae-8551-4d23-9545-6ef479cd402d","kind":"water","longitude":18.7363655,"latitude":47.641558,"name":"Ivókút","city":null,"address":null,"covered":null,"access":null,"website":null,"phone":null,"source":"OpenStreetMap","sourceUpdatedAt":"2026-04-04T22:50:22.71606+00:00","verifiedAt":null}},{"type":"Feature","geometry":{"type":"Point","coordinates":[18.7986302,47.714123]},"properties":{"id":"water:314bf54e-2871-453a-9c53-642083776386","kind":"water","longitude":18.7986302,"latitude":47.714123,"name":"Ivókút","city":null,"address":null,"covered":null,"access":null,"website":null,"phone":null,"source":"OpenStreetMap","sourceUpdatedAt":"2026-04-04T22:50:22.71606+00:00","verifiedAt":null}},{"type":"Feature","geometry":{"type":"Point","coordinates":[18.9549766,47.5283278]},"properties":{"id":"water:36f1ea05-7834-4757-bab1-3dd4dee5dc02","kind":"water","longitude":18.9549766,"latitude":47.5283278,"name":"Ivókút","city":null,"address":null,"covered":null,"access":null,"website":null,"phone":null,"source":"OpenStreetMap","sourceUpdatedAt":"2026-04-04T22:50:22.71606+00:00","verifiedAt":null}},{"type":"Feature","geometry":{"type":"Point","coordinates":[18.8890841,47.6664939]},"properties":{"id":"water:38b42377-6e05-4308-b474-74f0c832f286","kind":"water","longitude":18.8890841,"latitude":47.6664939,"name":"Ivókút","city":null,"address":null,"covered":null,"access":null,"website":null,"phone":null,"source":"OpenStreetMap","sourceUpdatedAt":"2026-04-04T22:50:22.71606+00:00","verifiedAt":null}},{"type":"Feature","geometry":{"type":"Point","coordinates":[18.9489275,47.5927217]},"properties":{"id":"water:39cf556f-57f7-4c1d-90ae-0e3c15581b67","kind":"water","longitude":18.9489275,"latitude":47.5927217,"name":"Ivókút","city":null,"address":null,"covered":null,"access":null,"website":null,"phone":null,"source":"OpenStreetMap","sourceUpdatedAt":"2026-04-04T22:50:22.71606+00:00","verifiedAt":null}},{"type":"Feature","geometry":{"type":"Point","coordinates":[18.9072805,47.6199131]},"properties":{"id":"water:3a33fb6a-8853-4a35-9c3f-14e1c5280a65","kind":"water","longitude":18.9072805,"latitude":47.6199131,"name":"Ivókút","city":null,"address":null,"covered":null,"access":null,"website":null,"phone":null,"source":"OpenStreetMap","sourceUpdatedAt":"2026-04-04T22:50:22.71606+00:00","verifiedAt":null}},{"type":"Feature","geometry":{"type":"Point","coordinates":[18.9097119,47.5970917]},"properties":{"id":"water:3a385e00-9a24-4e12-8673-9d45c00bc819","kind":"water","longitude":18.9097119,"latitude":47.5970917,"name":"Ivókút","city":null,"address":null,"covered":null,"access":null,"website":null,"phone":null,"source":"OpenStreetMap","sourceUpdatedAt":"2026-04-04T22:50:22.71606+00:00","verifiedAt":null}},{"type":"Feature","geometry":{"type":"Point","coordinates":[18.917549,47.613884]},"properties":{"id":"water:3d59d4e2-3f24-40a1-ad4a-e38f2b8f9bf1","kind":"water","longitude":18.917549,"latitude":47.613884,"name":"Ivókút","city":null,"address":null,"covered":null,"access":null,"website":null,"phone":null,"source":"OpenStreetMap","sourceUpdatedAt":"2026-04-04T22:50:22.71606+00:00","verifiedAt":null}},{"type":"Feature","geometry":{"type":"Point","coordinates":[18.9567604,47.6401152]},"properties":{"id":"water:3f5099e1-2fb8-403f-9ac8-cbeb5520dc0b","kind":"water","longitude":18.9567604,"latitude":47.6401152,"name":"Ivókút","city":null,"address":null,"covered":null,"access":null,"website":null,"phone":null,"source":"OpenStreetMap","sourceUpdatedAt":"2026-04-04T22:50:22.71606+00:00","verifiedAt":null}},{"type":"Feature","geometry":{"type":"Point","coordinates":[18.7987229,47.713782]},"properties":{"id":"water:40acf4a6-3522-44d4-931f-8cc9589e4559","kind":"water","longitude":18.7987229,"latitude":47.713782,"name":"Ivókút","city":null,"address":null,"covered":null,"access":null,"website":null,"phone":null,"source":"OpenStreetMap","sourceUpdatedAt":"2026-04-04T22:50:22.71606+00:00","verifiedAt":null}},{"type":"Feature","geometry":{"type":"Point","coordinates":[18.934977,47.517367]},"properties":{"id":"water:440d6eae-4ef6-44b4-bacb-9b341fad4cac","kind":"water","longitude":18.934977,"latitude":47.517367,"name":"Ivókút","city":null,"address":null,"covered":null,"access":null,"website":null,"phone":null,"source":"OpenStreetMap","sourceUpdatedAt":"2026-04-04T22:50:22.71606+00:00","verifiedAt":null}},{"type":"Feature","geometry":{"type":"Point","coordinates":[18.8898396,47.5841255]},"properties":{"id":"water:46249a90-718e-4601-a763-ff61c99cb14e","kind":"water","longitude":18.8898396,"latitude":47.5841255,"name":"Ivókút","city":null,"address":null,"covered":null,"access":null,"website":null,"phone":null,"source":"OpenStreetMap","sourceUpdatedAt":"2026-04-04T22:50:22.71606+00:00","verifiedAt":null}},{"type":"Feature","geometry":{"type":"Point","coordinates":[18.7293045,47.5540353]},"properties":{"id":"water:468126f7-d748-4b2a-bf1c-17721248efe7","kind":"water","longitude":18.7293045,"latitude":47.5540353,"name":"Ivókút","city":null,"address":null,"covered":null,"access":null,"website":null,"phone":null,"source":"OpenStreetMap","sourceUpdatedAt":"2026-04-04T22:50:22.71606+00:00","verifiedAt":null}},{"type":"Feature","geometry":{"type":"Point","coordinates":[18.9393277,47.5472157]},"properties":{"id":"water:472363fc-9fe2-41a1-be1d-c9c52482e95e","kind":"water","longitude":18.9393277,"latitude":47.5472157,"name":"Ivókút","city":null,"address":null,"covered":null,"access":null,"website":null,"phone":null,"source":"OpenStreetMap","sourceUpdatedAt":"2026-04-04T22:50:22.71606+00:00","verifiedAt":null}},{"type":"Feature","geometry":{"type":"Point","coordinates":[18.91836,47.6013081]},"properties":{"id":"water:47284c78-8b86-4d03-9f31-fa3ae9a49679","kind":"water","longitude":18.91836,"latitude":47.6013081,"name":"Ivókút","city":null,"address":null,"covered":null,"access":null,"website":null,"phone":null,"source":"OpenStreetMap","sourceUpdatedAt":"2026-04-04T22:50:22.71606+00:00","verifiedAt":null}},{"type":"Feature","geometry":{"type":"Point","coordinates":[18.6805337,47.6753682]},"properties":{"id":"water:4886c120-59c2-4e6b-85e3-e60ef90cf801","kind":"water","longitude":18.6805337,"latitude":47.6753682,"name":"Ivókút","city":null,"address":null,"covered":null,"access":null,"website":null,"phone":null,"source":"OpenStreetMap","sourceUpdatedAt":"2026-04-04T22:50:22.71606+00:00","verifiedAt":null}},{"type":"Feature","geometry":{"type":"Point","coordinates":[18.8426002,47.7299528]},"properties":{"id":"water:4c8da86e-117b-4ac5-9b91-2fe2bf0c0229","kind":"water","longitude":18.8426002,"latitude":47.7299528,"name":"Ivókút","city":null,"address":null,"covered":null,"access":null,"website":null,"phone":null,"source":"OpenStreetMap","sourceUpdatedAt":"2026-04-04T22:50:22.71606+00:00","verifiedAt":null}},{"type":"Feature","geometry":{"type":"Point","coordinates":[18.9652172,47.5423299]},"properties":{"id":"water:4d0cd59f-e0e3-479e-b9cb-3fdc9617be50","kind":"water","longitude":18.9652172,"latitude":47.5423299,"name":"Ivókút","city":null,"address":null,"covered":null,"access":null,"website":null,"phone":null,"source":"OpenStreetMap","sourceUpdatedAt":"2026-04-04T22:50:22.71606+00:00","verifiedAt":null}},{"type":"Feature","geometry":{"type":"Point","coordinates":[18.798699,47.714458]},"properties":{"id":"water:4ef325c2-5511-4633-99b8-d25e62196c63","kind":"water","longitude":18.798699,"latitude":47.714458,"name":"Ivókút","city":null,"address":null,"covered":null,"access":null,"website":null,"phone":null,"source":"OpenStreetMap","sourceUpdatedAt":"2026-04-04T22:50:22.71606+00:00","verifiedAt":null}},{"type":"Feature","geometry":{"type":"Point","coordinates":[18.8422765,47.7286782]},"properties":{"id":"water:4f2200b7-c0bd-4e5f-a19d-53cda996edf7","kind":"water","longitude":18.8422765,"latitude":47.7286782,"name":"Ivókút","city":null,"address":null,"covered":null,"access":null,"website":null,"phone":null,"source":"OpenStreetMap","sourceUpdatedAt":"2026-04-04T22:50:22.71606+00:00","verifiedAt":null}},{"type":"Feature","geometry":{"type":"Point","coordinates":[18.8324225,47.5176018]},"properties":{"id":"water:514b2830-162a-4f98-8501-e42ece30df1a","kind":"water","longitude":18.8324225,"latitude":47.5176018,"name":"Ivókút","city":null,"address":null,"covered":null,"access":null,"website":null,"phone":null,"source":"OpenStreetMap","sourceUpdatedAt":"2026-04-04T22:50:22.71606+00:00","verifiedAt":null}},{"type":"Feature","geometry":{"type":"Point","coordinates":[18.955275,47.5693161]},"properties":{"id":"water:518cb186-815a-4433-87c2-57037783be5f","kind":"water","longitude":18.955275,"latitude":47.5693161,"name":"Ivókút","city":null,"address":null,"covered":null,"access":null,"website":null,"phone":null,"source":"OpenStreetMap","sourceUpdatedAt":"2026-04-04T22:50:22.71606+00:00","verifiedAt":null}},{"type":"Feature","geometry":{"type":"Point","coordinates":[18.654562,47.539543]},"properties":{"id":"water:519ed436-7ef8-4d22-ab82-b2d69189bbf7","kind":"water","longitude":18.654562,"latitude":47.539543,"name":"Ivókút","city":null,"address":null,"covered":null,"access":null,"website":null,"phone":null,"source":"OpenStreetMap","sourceUpdatedAt":"2026-04-04T22:50:22.71606+00:00","verifiedAt":null}},{"type":"Feature","geometry":{"type":"Point","coordinates":[18.720291,47.6660602]},"properties":{"id":"water:58c141be-b797-4e89-9295-3a5885f291e1","kind":"water","longitude":18.720291,"latitude":47.6660602,"name":"Ivókút","city":null,"address":null,"covered":null,"access":null,"website":null,"phone":null,"source":"OpenStreetMap","sourceUpdatedAt":"2026-04-04T22:50:22.71606+00:00","verifiedAt":null}},{"type":"Feature","geometry":{"type":"Point","coordinates":[18.7703185,47.6805643]},"properties":{"id":"water:5ad7849a-a6e1-430f-88cc-5fb534392031","kind":"water","longitude":18.7703185,"latitude":47.6805643,"name":"Ivókút","city":null,"address":null,"covered":null,"access":null,"website":null,"phone":null,"source":"OpenStreetMap","sourceUpdatedAt":"2026-04-04T22:50:22.71606+00:00","verifiedAt":null}},{"type":"Feature","geometry":{"type":"Point","coordinates":[18.7070429,47.6272875]},"properties":{"id":"water:5b617f48-30fc-4599-b5c5-23ac6efa6427","kind":"water","longitude":18.7070429,"latitude":47.6272875,"name":"Ivókút","city":null,"address":null,"covered":null,"access":null,"website":null,"phone":null,"source":"OpenStreetMap","sourceUpdatedAt":"2026-04-04T22:50:22.71606+00:00","verifiedAt":null}},{"type":"Feature","geometry":{"type":"Point","coordinates":[18.8022215,47.5528085]},"properties":{"id":"water:5ba1c5e7-5b16-47a6-be5a-dee49c6157ee","kind":"water","longitude":18.8022215,"latitude":47.5528085,"name":"Ivókút","city":null,"address":null,"covered":null,"access":null,"website":null,"phone":null,"source":"OpenStreetMap","sourceUpdatedAt":"2026-04-04T22:50:22.71606+00:00","verifiedAt":null}},{"type":"Feature","geometry":{"type":"Point","coordinates":[18.8008254,47.653783]},"properties":{"id":"water:5cbd4afb-1b37-4534-a77d-c2a5dbdcc408","kind":"water","longitude":18.8008254,"latitude":47.653783,"name":"Ivókút","city":null,"address":null,"covered":null,"access":null,"website":null,"phone":null,"source":"OpenStreetMap","sourceUpdatedAt":"2026-04-04T22:50:22.71606+00:00","verifiedAt":null}},{"type":"Feature","geometry":{"type":"Point","coordinates":[18.8886851,47.6306509]},"properties":{"id":"water:600cfce3-66fd-4242-9f7d-905448f80cb7","kind":"water","longitude":18.8886851,"latitude":47.6306509,"name":"Ivókút","city":null,"address":null,"covered":null,"access":null,"website":null,"phone":null,"source":"OpenStreetMap","sourceUpdatedAt":"2026-04-04T22:50:22.71606+00:00","verifiedAt":null}},{"type":"Feature","geometry":{"type":"Point","coordinates":[18.6545304,47.7188526]},"properties":{"id":"water:62461371-3774-451c-9e77-2dfd212721bd","kind":"water","longitude":18.6545304,"latitude":47.7188526,"name":"Ivókút","city":null,"address":null,"covered":null,"access":null,"website":null,"phone":null,"source":"OpenStreetMap","sourceUpdatedAt":"2026-04-04T22:50:22.71606+00:00","verifiedAt":null}},{"type":"Feature","geometry":{"type":"Point","coordinates":[18.8782881,47.5754829]},"properties":{"id":"water:62dd860a-386f-4765-83be-2a99a649c2e4","kind":"water","longitude":18.8782881,"latitude":47.5754829,"name":"Ivókút","city":null,"address":null,"covered":null,"access":null,"website":null,"phone":null,"source":"OpenStreetMap","sourceUpdatedAt":"2026-04-04T22:50:22.71606+00:00","verifiedAt":null}},{"type":"Feature","geometry":{"type":"Point","coordinates":[18.7171742,47.5468521]},"properties":{"id":"water:63d71373-d010-4324-9865-8586c76b8c4b","kind":"water","longitude":18.7171742,"latitude":47.5468521,"name":"Ivókút","city":null,"address":null,"covered":null,"access":null,"website":null,"phone":null,"source":"OpenStreetMap","sourceUpdatedAt":"2026-04-04T22:50:22.71606+00:00","verifiedAt":null}},{"type":"Feature","geometry":{"type":"Point","coordinates":[18.8354996,47.6426856]},"properties":{"id":"water:66576e21-162b-4ab7-8898-aaee21c29f2b","kind":"water","longitude":18.8354996,"latitude":47.6426856,"name":"Ivókút","city":null,"address":null,"covered":null,"access":null,"website":null,"phone":null,"source":"OpenStreetMap","sourceUpdatedAt":"2026-04-04T22:50:22.71606+00:00","verifiedAt":null}},{"type":"Feature","geometry":{"type":"Point","coordinates":[18.653017,47.71805]},"properties":{"id":"water:675078db-f2a7-48f9-8067-ea4c06cb5086","kind":"water","longitude":18.653017,"latitude":47.71805,"name":"Ivókút","city":null,"address":null,"covered":null,"access":null,"website":null,"phone":null,"source":"OpenStreetMap","sourceUpdatedAt":"2026-04-04T22:50:22.71606+00:00","verifiedAt":null}},{"type":"Feature","geometry":{"type":"Point","coordinates":[18.659817,47.5321012]},"properties":{"id":"water:6825b1a6-4226-41cb-8652-8a425f662d47","kind":"water","longitude":18.659817,"latitude":47.5321012,"name":"Ivókút","city":null,"address":null,"covered":null,"access":null,"website":null,"phone":null,"source":"OpenStreetMap","sourceUpdatedAt":"2026-04-04T22:50:22.71606+00:00","verifiedAt":null}},{"type":"Feature","geometry":{"type":"Point","coordinates":[18.6694326,47.695976]},"properties":{"id":"water:68469231-2d33-4392-9dcb-37b06c8dc4ad","kind":"water","longitude":18.6694326,"latitude":47.695976,"name":"Ivókút","city":null,"address":null,"covered":null,"access":null,"website":null,"phone":null,"source":"OpenStreetMap","sourceUpdatedAt":"2026-04-04T22:50:22.71606+00:00","verifiedAt":null}},{"type":"Feature","geometry":{"type":"Point","coordinates":[18.6437518,47.5915189]},"properties":{"id":"water:68a04265-e803-40f3-af6c-1f2ab5e701e4","kind":"water","longitude":18.6437518,"latitude":47.5915189,"name":"Ivókút","city":null,"address":null,"covered":null,"access":null,"website":null,"phone":null,"source":"OpenStreetMap","sourceUpdatedAt":"2026-04-04T22:50:22.71606+00:00","verifiedAt":null}},{"type":"Feature","geometry":{"type":"Point","coordinates":[18.9257779,47.5256351]},"properties":{"id":"water:69410e3a-f5ec-4bc2-8ee9-a57a0737abbb","kind":"water","longitude":18.9257779,"latitude":47.5256351,"name":"Ivókút","city":null,"address":null,"covered":null,"access":null,"website":null,"phone":null,"source":"OpenStreetMap","sourceUpdatedAt":"2026-04-04T22:50:22.71606+00:00","verifiedAt":null}},{"type":"Feature","geometry":{"type":"Point","coordinates":[18.8789856,47.5734465]},"properties":{"id":"water:6bbe5e44-ff67-4041-bf78-34146306ded2","kind":"water","longitude":18.8789856,"latitude":47.5734465,"name":"Ivókút","city":null,"address":null,"covered":null,"access":null,"website":null,"phone":null,"source":"OpenStreetMap","sourceUpdatedAt":"2026-04-04T22:50:22.71606+00:00","verifiedAt":null}},{"type":"Feature","geometry":{"type":"Point","coordinates":[18.89652,47.7143651]},"properties":{"id":"water:6e2023f7-2c10-4463-acba-7df904217693","kind":"water","longitude":18.89652,"latitude":47.7143651,"name":"Ivókút","city":null,"address":null,"covered":null,"access":null,"website":null,"phone":null,"source":"OpenStreetMap","sourceUpdatedAt":"2026-04-04T22:50:22.71606+00:00","verifiedAt":null}},{"type":"Feature","geometry":{"type":"Point","coordinates":[18.898629,47.6089816]},"properties":{"id":"water:70b51857-b485-4e64-99a4-125dd4820318","kind":"water","longitude":18.898629,"latitude":47.6089816,"name":"Ivókút","city":null,"address":null,"covered":null,"access":null,"website":null,"phone":null,"source":"OpenStreetMap","sourceUpdatedAt":"2026-04-04T22:50:22.71606+00:00","verifiedAt":null}},{"type":"Feature","geometry":{"type":"Point","coordinates":[18.894918,47.635483]},"properties":{"id":"water:731ad22a-6d22-49ae-97c2-ecfec4662882","kind":"water","longitude":18.894918,"latitude":47.635483,"name":"Ivókút","city":null,"address":null,"covered":null,"access":null,"website":null,"phone":null,"source":"OpenStreetMap","sourceUpdatedAt":"2026-04-04T22:50:22.71606+00:00","verifiedAt":null}},{"type":"Feature","geometry":{"type":"Point","coordinates":[18.9004223,47.6224761]},"properties":{"id":"water:75117264-5214-4bce-86c7-8e009243bfc8","kind":"water","longitude":18.9004223,"latitude":47.6224761,"name":"Ivókút","city":null,"address":null,"covered":null,"access":null,"website":null,"phone":null,"source":"OpenStreetMap","sourceUpdatedAt":"2026-04-04T22:50:22.71606+00:00","verifiedAt":null}},{"type":"Feature","geometry":{"type":"Point","coordinates":[18.8804815,47.5727667]},"properties":{"id":"water:75ccb1a4-0601-483a-ab0c-87627add353c","kind":"water","longitude":18.8804815,"latitude":47.5727667,"name":"Ivókút","city":null,"address":null,"covered":null,"access":null,"website":null,"phone":null,"source":"OpenStreetMap","sourceUpdatedAt":"2026-04-04T22:50:22.71606+00:00","verifiedAt":null}},{"type":"Feature","geometry":{"type":"Point","coordinates":[18.9681213,47.5481528]},"properties":{"id":"water:76037b13-9b11-4619-86d2-f4e73408eb01","kind":"water","longitude":18.9681213,"latitude":47.5481528,"name":"Ivókút","city":null,"address":null,"covered":null,"access":null,"website":null,"phone":null,"source":"OpenStreetMap","sourceUpdatedAt":"2026-04-04T22:50:22.71606+00:00","verifiedAt":null}},{"type":"Feature","geometry":{"type":"Point","coordinates":[18.8929401,47.6637661]},"properties":{"id":"water:7737fd48-780a-4d3d-9fd2-0aa092458f05","kind":"water","longitude":18.8929401,"latitude":47.6637661,"name":"Ivókút","city":null,"address":null,"covered":null,"access":null,"website":null,"phone":null,"source":"OpenStreetMap","sourceUpdatedAt":"2026-04-04T22:50:22.71606+00:00","verifiedAt":null}},{"type":"Feature","geometry":{"type":"Point","coordinates":[18.7947991,47.6550494]},"properties":{"id":"water:7c013484-fc1f-4b8b-ac75-1e2f0d89dd76","kind":"water","longitude":18.7947991,"latitude":47.6550494,"name":"Ivókút","city":null,"address":null,"covered":null,"access":null,"website":null,"phone":null,"source":"OpenStreetMap","sourceUpdatedAt":"2026-04-04T22:50:22.71606+00:00","verifiedAt":null}},{"type":"Feature","geometry":{"type":"Point","coordinates":[18.8856186,47.6744459]},"properties":{"id":"water:7cd510ad-6daa-4cac-a738-54d006cd76f7","kind":"water","longitude":18.8856186,"latitude":47.6744459,"name":"Ivókút","city":null,"address":null,"covered":null,"access":null,"website":null,"phone":null,"source":"OpenStreetMap","sourceUpdatedAt":"2026-04-04T22:50:22.71606+00:00","verifiedAt":null}},{"type":"Feature","geometry":{"type":"Point","coordinates":[18.9041022,47.6190025]},"properties":{"id":"water:80066262-6003-49e4-a8e7-f1a001ba6608","kind":"water","longitude":18.9041022,"latitude":47.6190025,"name":"Ivókút","city":null,"address":null,"covered":null,"access":null,"website":null,"phone":null,"source":"OpenStreetMap","sourceUpdatedAt":"2026-04-04T22:50:22.71606+00:00","verifiedAt":null}},{"type":"Feature","geometry":{"type":"Point","coordinates":[18.826897,47.644058]},"properties":{"id":"water:853765e5-ccd3-4a11-90c6-d6b8437903c3","kind":"water","longitude":18.826897,"latitude":47.644058,"name":"Ivókút","city":null,"address":null,"covered":null,"access":null,"website":null,"phone":null,"source":"OpenStreetMap","sourceUpdatedAt":"2026-04-04T22:50:22.71606+00:00","verifiedAt":null}},{"type":"Feature","geometry":{"type":"Point","coordinates":[18.9492308,47.5707345]},"properties":{"id":"water:878975ac-66ee-4da0-a04d-a0610bf9b27d","kind":"water","longitude":18.9492308,"latitude":47.5707345,"name":"Ivókút","city":null,"address":null,"covered":null,"access":null,"website":null,"phone":null,"source":"OpenStreetMap","sourceUpdatedAt":"2026-04-04T22:50:22.71606+00:00","verifiedAt":null}},{"type":"Feature","geometry":{"type":"Point","coordinates":[18.8322149,47.5441376]},"properties":{"id":"water:880fa89d-2d1b-496b-b508-a8ded7e5937c","kind":"water","longitude":18.8322149,"latitude":47.5441376,"name":"Ivókút","city":null,"address":null,"covered":null,"access":null,"website":null,"phone":null,"source":"OpenStreetMap","sourceUpdatedAt":"2026-04-04T22:50:22.71606+00:00","verifiedAt":null}},{"type":"Feature","geometry":{"type":"Point","coordinates":[18.9562878,47.5696946]},"properties":{"id":"water:89aa21a2-3e7c-4e1e-9616-7881ba420d32","kind":"water","longitude":18.9562878,"latitude":47.5696946,"name":"Ivókút","city":null,"address":null,"covered":null,"access":null,"website":null,"phone":null,"source":"OpenStreetMap","sourceUpdatedAt":"2026-04-04T22:50:22.71606+00:00","verifiedAt":null}},{"type":"Feature","geometry":{"type":"Point","coordinates":[18.9399103,47.5473647]},"properties":{"id":"water:89eeded3-ae9c-4ad3-9da4-33afd2e6aaf9","kind":"water","longitude":18.9399103,"latitude":47.5473647,"name":"Ivókút","city":null,"address":null,"covered":null,"access":null,"website":null,"phone":null,"source":"OpenStreetMap","sourceUpdatedAt":"2026-04-04T22:50:22.71606+00:00","verifiedAt":null}},{"type":"Feature","geometry":{"type":"Point","coordinates":[18.6568512,47.5312682]},"properties":{"id":"water:8bae9eee-4c46-4e17-a2fc-6b1e56c0522b","kind":"water","longitude":18.6568512,"latitude":47.5312682,"name":"Ivókút","city":null,"address":null,"covered":null,"access":null,"website":null,"phone":null,"source":"OpenStreetMap","sourceUpdatedAt":"2026-04-04T22:50:22.71606+00:00","verifiedAt":null}},{"type":"Feature","geometry":{"type":"Point","coordinates":[18.8721624,47.5753205]},"properties":{"id":"water:8dd181a7-5f67-411f-a1c1-2c0b47fc0890","kind":"water","longitude":18.8721624,"latitude":47.5753205,"name":"Ivókút","city":null,"address":null,"covered":null,"access":null,"website":null,"phone":null,"source":"OpenStreetMap","sourceUpdatedAt":"2026-04-04T22:50:22.71606+00:00","verifiedAt":null}},{"type":"Feature","geometry":{"type":"Point","coordinates":[18.9177281,47.6108019]},"properties":{"id":"water:902131f6-af8f-4635-a1e8-f4d70133cb07","kind":"water","longitude":18.9177281,"latitude":47.6108019,"name":"Ivókút","city":null,"address":null,"covered":null,"access":null,"website":null,"phone":null,"source":"OpenStreetMap","sourceUpdatedAt":"2026-04-04T22:50:22.71606+00:00","verifiedAt":null}},{"type":"Feature","geometry":{"type":"Point","coordinates":[18.8936831,47.6953993]},"properties":{"id":"water:90a274ea-145f-4b0b-b7da-230f3b506262","kind":"water","longitude":18.8936831,"latitude":47.6953993,"name":"Ivókút","city":null,"address":null,"covered":null,"access":null,"website":null,"phone":null,"source":"OpenStreetMap","sourceUpdatedAt":"2026-04-04T22:50:22.71606+00:00","verifiedAt":null}},{"type":"Feature","geometry":{"type":"Point","coordinates":[18.8199646,47.5512959]},"properties":{"id":"water:9156d7f2-1746-4db7-b173-e9da3c3f4b35","kind":"water","longitude":18.8199646,"latitude":47.5512959,"name":"Ivókút","city":null,"address":null,"covered":null,"access":null,"website":null,"phone":null,"source":"OpenStreetMap","sourceUpdatedAt":"2026-04-04T22:50:22.71606+00:00","verifiedAt":null}},{"type":"Feature","geometry":{"type":"Point","coordinates":[18.829567,47.628383]},"properties":{"id":"water:92bb204d-0f41-4ecc-9425-54bdf6dec9cc","kind":"water","longitude":18.829567,"latitude":47.628383,"name":"Ivókút","city":null,"address":null,"covered":null,"access":null,"website":null,"phone":null,"source":"OpenStreetMap","sourceUpdatedAt":"2026-04-04T22:50:22.71606+00:00","verifiedAt":null}},{"type":"Feature","geometry":{"type":"Point","coordinates":[18.9401419,47.594369]},"properties":{"id":"water:94f8a72a-e0bc-4c29-a956-da09ec4e4b87","kind":"water","longitude":18.9401419,"latitude":47.594369,"name":"Ivókút","city":null,"address":null,"covered":null,"access":null,"website":null,"phone":null,"source":"OpenStreetMap","sourceUpdatedAt":"2026-04-04T22:50:22.71606+00:00","verifiedAt":null}},{"type":"Feature","geometry":{"type":"Point","coordinates":[18.8690485,47.5736494]},"properties":{"id":"water:9719ce38-b268-47a1-939f-3ed8b6bf241a","kind":"water","longitude":18.8690485,"latitude":47.5736494,"name":"Ivókút","city":null,"address":null,"covered":null,"access":null,"website":null,"phone":null,"source":"OpenStreetMap","sourceUpdatedAt":"2026-04-04T22:50:22.71606+00:00","verifiedAt":null}},{"type":"Feature","geometry":{"type":"Point","coordinates":[18.6581509,47.5329188]},"properties":{"id":"water:97fd6d31-21ef-4545-85c3-4d991642a840","kind":"water","longitude":18.6581509,"latitude":47.5329188,"name":"Ivókút","city":null,"address":null,"covered":null,"access":null,"website":null,"phone":null,"source":"OpenStreetMap","sourceUpdatedAt":"2026-04-04T22:50:22.71606+00:00","verifiedAt":null}},{"type":"Feature","geometry":{"type":"Point","coordinates":[18.90514,47.69021]},"properties":{"id":"water:98369e66-6b42-4831-846f-f3d546008745","kind":"water","longitude":18.90514,"latitude":47.69021,"name":"Ivókút","city":null,"address":null,"covered":null,"access":null,"website":null,"phone":null,"source":"OpenStreetMap","sourceUpdatedAt":"2026-04-04T22:50:22.71606+00:00","verifiedAt":null}},{"type":"Feature","geometry":{"type":"Point","coordinates":[18.7146391,47.5394228]},"properties":{"id":"water:99a990aa-dc95-4376-babf-f25b8fcc22aa","kind":"water","longitude":18.7146391,"latitude":47.5394228,"name":"Ivókút","city":null,"address":null,"covered":null,"access":null,"website":null,"phone":null,"source":"OpenStreetMap","sourceUpdatedAt":"2026-04-04T22:50:22.71606+00:00","verifiedAt":null}},{"type":"Feature","geometry":{"type":"Point","coordinates":[18.6537636,47.5272193]},"properties":{"id":"water:9aa647b6-700b-453c-993f-f946a4f21540","kind":"water","longitude":18.6537636,"latitude":47.5272193,"name":"Ivókút","city":null,"address":null,"covered":null,"access":null,"website":null,"phone":null,"source":"OpenStreetMap","sourceUpdatedAt":"2026-04-04T22:50:22.71606+00:00","verifiedAt":null}},{"type":"Feature","geometry":{"type":"Point","coordinates":[18.8385823,47.6366032]},"properties":{"id":"water:9b3b0346-915d-4a24-abdf-357b1319f61c","kind":"water","longitude":18.8385823,"latitude":47.6366032,"name":"Ivókút","city":null,"address":null,"covered":null,"access":null,"website":null,"phone":null,"source":"OpenStreetMap","sourceUpdatedAt":"2026-04-04T22:50:22.71606+00:00","verifiedAt":null}},{"type":"Feature","geometry":{"type":"Point","coordinates":[18.8309976,47.6338677]},"properties":{"id":"water:9c6de5df-a287-4a64-82dd-7ed975f42117","kind":"water","longitude":18.8309976,"latitude":47.6338677,"name":"Ivókút","city":null,"address":null,"covered":null,"access":null,"website":null,"phone":null,"source":"OpenStreetMap","sourceUpdatedAt":"2026-04-04T22:50:22.71606+00:00","verifiedAt":null}},{"type":"Feature","geometry":{"type":"Point","coordinates":[18.7941544,47.6546011]},"properties":{"id":"water:9dbc5351-6193-4670-aebe-f78869ba7512","kind":"water","longitude":18.7941544,"latitude":47.6546011,"name":"Ivókút","city":null,"address":null,"covered":null,"access":null,"website":null,"phone":null,"source":"OpenStreetMap","sourceUpdatedAt":"2026-04-04T22:50:22.71606+00:00","verifiedAt":null}},{"type":"Feature","geometry":{"type":"Point","coordinates":[18.7643816,47.6838613]},"properties":{"id":"water:a0134887-abf2-4e0f-8444-5ca601e43eb0","kind":"water","longitude":18.7643816,"latitude":47.6838613,"name":"Ivókút","city":null,"address":null,"covered":null,"access":null,"website":null,"phone":null,"source":"OpenStreetMap","sourceUpdatedAt":"2026-04-04T22:50:22.71606+00:00","verifiedAt":null}},{"type":"Feature","geometry":{"type":"Point","coordinates":[18.9537752,47.5277176]},"properties":{"id":"water:a0866fde-d21b-4433-b6c2-b6f43db27574","kind":"water","longitude":18.9537752,"latitude":47.5277176,"name":"Ivókút","city":null,"address":null,"covered":null,"access":null,"website":null,"phone":null,"source":"OpenStreetMap","sourceUpdatedAt":"2026-04-04T22:50:22.71606+00:00","verifiedAt":null}},{"type":"Feature","geometry":{"type":"Point","coordinates":[18.7802702,47.6172652]},"properties":{"id":"water:a293ea81-8ded-4785-882a-59efb033b8fd","kind":"water","longitude":18.7802702,"latitude":47.6172652,"name":"Ivókút","city":null,"address":null,"covered":null,"access":null,"website":null,"phone":null,"source":"OpenStreetMap","sourceUpdatedAt":"2026-04-04T22:50:22.71606+00:00","verifiedAt":null}},{"type":"Feature","geometry":{"type":"Point","coordinates":[18.958839,47.644159]},"properties":{"id":"water:a309abf1-5d79-4042-91f2-3f45ca3a3cef","kind":"water","longitude":18.958839,"latitude":47.644159,"name":"Ivókút","city":null,"address":null,"covered":null,"access":null,"website":null,"phone":null,"source":"OpenStreetMap","sourceUpdatedAt":"2026-04-04T22:50:22.71606+00:00","verifiedAt":null}},{"type":"Feature","geometry":{"type":"Point","coordinates":[18.9520447,47.5726618]},"properties":{"id":"water:a3210c33-24eb-4197-8bb2-f79f6f656278","kind":"water","longitude":18.9520447,"latitude":47.5726618,"name":"Ivókút","city":null,"address":null,"covered":null,"access":null,"website":null,"phone":null,"source":"OpenStreetMap","sourceUpdatedAt":"2026-04-04T22:50:22.71606+00:00","verifiedAt":null}},{"type":"Feature","geometry":{"type":"Point","coordinates":[18.8261868,47.632451]},"properties":{"id":"water:a4e9bafb-90d5-4ea7-af46-58bd6b486c23","kind":"water","longitude":18.8261868,"latitude":47.632451,"name":"Ivókút","city":null,"address":null,"covered":null,"access":null,"website":null,"phone":null,"source":"OpenStreetMap","sourceUpdatedAt":"2026-04-04T22:50:22.71606+00:00","verifiedAt":null}},{"type":"Feature","geometry":{"type":"Point","coordinates":[18.9286385,47.5576971]},"properties":{"id":"water:a637b0ed-ad00-4ec5-b082-0e814d520223","kind":"water","longitude":18.9286385,"latitude":47.5576971,"name":"Zenélő ivókút","city":null,"address":null,"covered":null,"access":null,"website":null,"phone":null,"source":"OpenStreetMap","sourceUpdatedAt":"2026-04-04T22:50:25.881485+00:00","verifiedAt":null}},{"type":"Feature","geometry":{"type":"Point","coordinates":[18.8262095,47.539809]},"properties":{"id":"water:a6d40b0b-e0f0-4c93-bbf5-63ee9e559818","kind":"water","longitude":18.8262095,"latitude":47.539809,"name":"Ivókút","city":null,"address":null,"covered":null,"access":null,"website":null,"phone":null,"source":"OpenStreetMap","sourceUpdatedAt":"2026-04-04T22:50:22.71606+00:00","verifiedAt":null}},{"type":"Feature","geometry":{"type":"Point","coordinates":[18.9214293,47.5247857]},"properties":{"id":"water:a8153a4a-d3e5-4f4d-9ec0-94b961ba0c9e","kind":"water","longitude":18.9214293,"latitude":47.5247857,"name":"Ivókút","city":null,"address":null,"covered":null,"access":null,"website":null,"phone":null,"source":"OpenStreetMap","sourceUpdatedAt":"2026-04-04T22:50:22.71606+00:00","verifiedAt":null}},{"type":"Feature","geometry":{"type":"Point","coordinates":[18.678962,47.680248]},"properties":{"id":"water:ad8a55ef-d194-4497-8b5f-db62e3cfbca4","kind":"water","longitude":18.678962,"latitude":47.680248,"name":"Ivókút","city":null,"address":null,"covered":null,"access":null,"website":null,"phone":null,"source":"OpenStreetMap","sourceUpdatedAt":"2026-04-04T22:50:22.71606+00:00","verifiedAt":null}},{"type":"Feature","geometry":{"type":"Point","coordinates":[18.6451232,47.7381025]},"properties":{"id":"water:aee43a11-b8f0-4700-9026-c9f77a121f53","kind":"water","longitude":18.6451232,"latitude":47.7381025,"name":"Ivókút","city":null,"address":null,"covered":null,"access":null,"website":null,"phone":null,"source":"OpenStreetMap","sourceUpdatedAt":"2026-04-04T22:50:22.71606+00:00","verifiedAt":null}},{"type":"Feature","geometry":{"type":"Point","coordinates":[18.958067,47.644748]},"properties":{"id":"water:b1fcd1a9-3436-4d15-b492-7baba42d89d3","kind":"water","longitude":18.958067,"latitude":47.644748,"name":"Ivókút","city":null,"address":null,"covered":null,"access":null,"website":null,"phone":null,"source":"OpenStreetMap","sourceUpdatedAt":"2026-04-04T22:50:22.71606+00:00","verifiedAt":null}},{"type":"Feature","geometry":{"type":"Point","coordinates":[18.6528638,47.740185]},"properties":{"id":"water:b3d8ba27-0f9c-403e-981c-fe2609403f5a","kind":"water","longitude":18.6528638,"latitude":47.740185,"name":"Ivókút","city":null,"address":null,"covered":null,"access":null,"website":null,"phone":null,"source":"OpenStreetMap","sourceUpdatedAt":"2026-04-04T22:50:22.71606+00:00","verifiedAt":null}},{"type":"Feature","geometry":{"type":"Point","coordinates":[18.939233,47.51955]},"properties":{"id":"water:b422b35e-3688-4287-99a9-d08d2af81b32","kind":"water","longitude":18.939233,"latitude":47.51955,"name":"Ivókút","city":null,"address":null,"covered":null,"access":null,"website":null,"phone":null,"source":"OpenStreetMap","sourceUpdatedAt":"2026-04-04T22:50:22.71606+00:00","verifiedAt":null}},{"type":"Feature","geometry":{"type":"Point","coordinates":[18.9260498,47.5175824]},"properties":{"id":"water:b7abc8db-9267-4cb0-956d-ed95a4079970","kind":"water","longitude":18.9260498,"latitude":47.5175824,"name":"Ivókút","city":null,"address":null,"covered":null,"access":null,"website":null,"phone":null,"source":"OpenStreetMap","sourceUpdatedAt":"2026-04-04T22:50:22.71606+00:00","verifiedAt":null}},{"type":"Feature","geometry":{"type":"Point","coordinates":[18.970707,47.644917]},"properties":{"id":"water:b908fb2e-b3a6-4c46-81d9-d4be6a0932a8","kind":"water","longitude":18.970707,"latitude":47.644917,"name":"Ivókút","city":null,"address":null,"covered":null,"access":null,"website":null,"phone":null,"source":"OpenStreetMap","sourceUpdatedAt":"2026-04-04T22:50:22.71606+00:00","verifiedAt":null}},{"type":"Feature","geometry":{"type":"Point","coordinates":[18.9563618,47.5693592]},"properties":{"id":"water:b9cdcf59-9f5f-4e08-b1f6-33db5cf3b7d8","kind":"water","longitude":18.9563618,"latitude":47.5693592,"name":"Ivókút","city":null,"address":null,"covered":null,"access":null,"website":null,"phone":null,"source":"OpenStreetMap","sourceUpdatedAt":"2026-04-04T22:50:22.71606+00:00","verifiedAt":null}},{"type":"Feature","geometry":{"type":"Point","coordinates":[18.8921408,47.6664683]},"properties":{"id":"water:b9ce02c6-b371-4ff6-8bca-0c8e3e102dea","kind":"water","longitude":18.8921408,"latitude":47.6664683,"name":"Ivókút","city":null,"address":null,"covered":null,"access":null,"website":null,"phone":null,"source":"OpenStreetMap","sourceUpdatedAt":"2026-04-04T22:50:22.71606+00:00","verifiedAt":null}},{"type":"Feature","geometry":{"type":"Point","coordinates":[18.8210767,47.6342829]},"properties":{"id":"water:bade6097-51d1-4eb5-9202-1d85d6aba1b2","kind":"water","longitude":18.8210767,"latitude":47.6342829,"name":"Ivókút","city":null,"address":null,"covered":null,"access":null,"website":null,"phone":null,"source":"OpenStreetMap","sourceUpdatedAt":"2026-04-04T22:50:22.71606+00:00","verifiedAt":null}},{"type":"Feature","geometry":{"type":"Point","coordinates":[18.6497681,47.7436237]},"properties":{"id":"water:bb640772-9c9f-4299-84f9-5f76510da67f","kind":"water","longitude":18.6497681,"latitude":47.7436237,"name":"Ivókút","city":null,"address":null,"covered":null,"access":null,"website":null,"phone":null,"source":"OpenStreetMap","sourceUpdatedAt":"2026-04-04T22:50:22.71606+00:00","verifiedAt":null}},{"type":"Feature","geometry":{"type":"Point","coordinates":[18.836216,47.643117]},"properties":{"id":"water:bc6e2a42-3e54-4e05-b690-ea15632d7daa","kind":"water","longitude":18.836216,"latitude":47.643117,"name":"Ivókút","city":null,"address":null,"covered":null,"access":null,"website":null,"phone":null,"source":"OpenStreetMap","sourceUpdatedAt":"2026-04-04T22:50:22.71606+00:00","verifiedAt":null}},{"type":"Feature","geometry":{"type":"Point","coordinates":[18.79635,47.712]},"properties":{"id":"water:bcdf17d2-221a-4bf8-8672-5ec1a5c7aa17","kind":"water","longitude":18.79635,"latitude":47.712,"name":"Ivókút","city":null,"address":null,"covered":null,"access":null,"website":null,"phone":null,"source":"OpenStreetMap","sourceUpdatedAt":"2026-04-04T22:50:22.71606+00:00","verifiedAt":null}},{"type":"Feature","geometry":{"type":"Point","coordinates":[18.9647719,47.6411785]},"properties":{"id":"water:bf5d5bb9-869a-4a29-b01c-451c07ba917c","kind":"water","longitude":18.9647719,"latitude":47.6411785,"name":"Ivókút","city":null,"address":null,"covered":null,"access":null,"website":null,"phone":null,"source":"OpenStreetMap","sourceUpdatedAt":"2026-04-04T22:50:22.71606+00:00","verifiedAt":null}},{"type":"Feature","geometry":{"type":"Point","coordinates":[18.7257936,47.7371279]},"properties":{"id":"water:bf6493e5-f524-4270-b383-713ba4916268","kind":"water","longitude":18.7257936,"latitude":47.7371279,"name":"Ivókút","city":null,"address":null,"covered":null,"access":null,"website":null,"phone":null,"source":"OpenStreetMap","sourceUpdatedAt":"2026-04-04T22:50:22.71606+00:00","verifiedAt":null}},{"type":"Feature","geometry":{"type":"Point","coordinates":[18.9427077,47.5577423]},"properties":{"id":"water:c22fd0a4-241d-4a7d-9d92-d08b962e3cd1","kind":"water","longitude":18.9427077,"latitude":47.5577423,"name":"Ivókút","city":null,"address":null,"covered":null,"access":null,"website":null,"phone":null,"source":"OpenStreetMap","sourceUpdatedAt":"2026-04-04T22:50:22.71606+00:00","verifiedAt":null}},{"type":"Feature","geometry":{"type":"Point","coordinates":[18.8836945,47.6121076]},"properties":{"id":"water:c30b3aba-519f-4646-b2a5-a9461142eed2","kind":"water","longitude":18.8836945,"latitude":47.6121076,"name":"Ivókút","city":null,"address":null,"covered":null,"access":null,"website":null,"phone":null,"source":"OpenStreetMap","sourceUpdatedAt":"2026-04-04T22:50:22.71606+00:00","verifiedAt":null}},{"type":"Feature","geometry":{"type":"Point","coordinates":[18.9561952,47.6474605]},"properties":{"id":"water:c5afe3d1-7a51-44fa-8c4a-f46ecdbb3012","kind":"water","longitude":18.9561952,"latitude":47.6474605,"name":"Ivókút","city":null,"address":null,"covered":null,"access":null,"website":null,"phone":null,"source":"OpenStreetMap","sourceUpdatedAt":"2026-04-04T22:50:22.71606+00:00","verifiedAt":null}},{"type":"Feature","geometry":{"type":"Point","coordinates":[18.780571,47.617492]},"properties":{"id":"water:c805a6ec-b8ce-489e-b712-a1803f899ff3","kind":"water","longitude":18.780571,"latitude":47.617492,"name":"Ivókút","city":null,"address":null,"covered":null,"access":null,"website":null,"phone":null,"source":"OpenStreetMap","sourceUpdatedAt":"2026-04-04T22:50:22.71606+00:00","verifiedAt":null}},{"type":"Feature","geometry":{"type":"Point","coordinates":[18.9550191,47.5744411]},"properties":{"id":"water:c95d1b73-4956-4793-aafd-f2ce62620ede","kind":"water","longitude":18.9550191,"latitude":47.5744411,"name":"Ivókút","city":null,"address":null,"covered":null,"access":null,"website":null,"phone":null,"source":"OpenStreetMap","sourceUpdatedAt":"2026-04-04T22:50:22.71606+00:00","verifiedAt":null}},{"type":"Feature","geometry":{"type":"Point","coordinates":[18.8815413,47.5861264]},"properties":{"id":"water:cc2c6104-8b3c-4324-8b26-61b9b12b28a3","kind":"water","longitude":18.8815413,"latitude":47.5861264,"name":"Ivókút","city":null,"address":null,"covered":null,"access":null,"website":null,"phone":null,"source":"OpenStreetMap","sourceUpdatedAt":"2026-04-04T22:50:22.71606+00:00","verifiedAt":null}},{"type":"Feature","geometry":{"type":"Point","coordinates":[18.8791976,47.5758677]},"properties":{"id":"water:cd4f8f71-d34e-43e5-8fd9-ee1893df1db6","kind":"water","longitude":18.8791976,"latitude":47.5758677,"name":"Ivókút","city":null,"address":null,"covered":null,"access":null,"website":null,"phone":null,"source":"OpenStreetMap","sourceUpdatedAt":"2026-04-04T22:50:22.71606+00:00","verifiedAt":null}},{"type":"Feature","geometry":{"type":"Point","coordinates":[18.9412802,47.5469319]},"properties":{"id":"water:d144748a-f4cf-4668-8637-d0e2d27008c5","kind":"water","longitude":18.9412802,"latitude":47.5469319,"name":"Ivókút","city":null,"address":null,"covered":null,"access":null,"website":null,"phone":null,"source":"OpenStreetMap","sourceUpdatedAt":"2026-04-04T22:50:22.71606+00:00","verifiedAt":null}},{"type":"Feature","geometry":{"type":"Point","coordinates":[18.8273236,47.6298932]},"properties":{"id":"water:d18d0c62-1440-4814-b782-5f9ac3e33ddd","kind":"water","longitude":18.8273236,"latitude":47.6298932,"name":"Ivókút","city":null,"address":null,"covered":null,"access":null,"website":null,"phone":null,"source":"OpenStreetMap","sourceUpdatedAt":"2026-04-04T22:50:22.71606+00:00","verifiedAt":null}},{"type":"Feature","geometry":{"type":"Point","coordinates":[18.8446,47.726916]},"properties":{"id":"water:d2b1a6cb-d08b-449f-9747-3557f2be5b69","kind":"water","longitude":18.8446,"latitude":47.726916,"name":"Ivókút","city":null,"address":null,"covered":null,"access":null,"website":null,"phone":null,"source":"OpenStreetMap","sourceUpdatedAt":"2026-04-04T22:50:22.71606+00:00","verifiedAt":null}},{"type":"Feature","geometry":{"type":"Point","coordinates":[18.8993992,47.687515]},"properties":{"id":"water:d45ea93a-0cd3-4eaa-be4c-b9f364f59086","kind":"water","longitude":18.8993992,"latitude":47.687515,"name":"Ivókút","city":null,"address":null,"covered":null,"access":null,"website":null,"phone":null,"source":"OpenStreetMap","sourceUpdatedAt":"2026-04-04T22:50:22.71606+00:00","verifiedAt":null}},{"type":"Feature","geometry":{"type":"Point","coordinates":[18.9596215,47.6470229]},"properties":{"id":"water:d57a5dcf-e6ba-4b24-970b-69565b308784","kind":"water","longitude":18.9596215,"latitude":47.6470229,"name":"Ivókút","city":null,"address":null,"covered":null,"access":null,"website":null,"phone":null,"source":"OpenStreetMap","sourceUpdatedAt":"2026-04-04T22:50:22.71606+00:00","verifiedAt":null}},{"type":"Feature","geometry":{"type":"Point","coordinates":[18.945117,47.5716372]},"properties":{"id":"water:d64bcd41-f5f7-4ac4-ba7b-126ebd815d27","kind":"water","longitude":18.945117,"latitude":47.5716372,"name":"Ivókút","city":null,"address":null,"covered":null,"access":null,"website":null,"phone":null,"source":"OpenStreetMap","sourceUpdatedAt":"2026-04-04T22:50:22.71606+00:00","verifiedAt":null}},{"type":"Feature","geometry":{"type":"Point","coordinates":[18.9418227,47.5950801]},"properties":{"id":"water:d8a9e67c-ee0d-4aad-8645-b4e2e5b2a24c","kind":"water","longitude":18.9418227,"latitude":47.5950801,"name":"Ivókút","city":null,"address":null,"covered":null,"access":null,"website":null,"phone":null,"source":"OpenStreetMap","sourceUpdatedAt":"2026-04-04T22:50:22.71606+00:00","verifiedAt":null}},{"type":"Feature","geometry":{"type":"Point","coordinates":[18.8832838,47.5785466]},"properties":{"id":"water:d8cd2e8e-2840-439e-8d34-a4208e2bca98","kind":"water","longitude":18.8832838,"latitude":47.5785466,"name":"Ivókút","city":null,"address":null,"covered":null,"access":null,"website":null,"phone":null,"source":"OpenStreetMap","sourceUpdatedAt":"2026-04-04T22:50:22.71606+00:00","verifiedAt":null}},{"type":"Feature","geometry":{"type":"Point","coordinates":[18.7763247,47.6784605]},"properties":{"id":"water:dabb3244-da00-40dd-8784-e2ca6b1b2cf4","kind":"water","longitude":18.7763247,"latitude":47.6784605,"name":"Ivókút","city":null,"address":null,"covered":null,"access":null,"website":null,"phone":null,"source":"OpenStreetMap","sourceUpdatedAt":"2026-04-04T22:50:22.71606+00:00","verifiedAt":null}},{"type":"Feature","geometry":{"type":"Point","coordinates":[18.9019031,47.6936302]},"properties":{"id":"water:de20c81b-9db9-4750-a15c-0ae6f4a40025","kind":"water","longitude":18.9019031,"latitude":47.6936302,"name":"Ivókút","city":null,"address":null,"covered":null,"access":null,"website":null,"phone":null,"source":"OpenStreetMap","sourceUpdatedAt":"2026-04-04T22:50:22.71606+00:00","verifiedAt":null}},{"type":"Feature","geometry":{"type":"Point","coordinates":[18.9658637,47.56269]},"properties":{"id":"water:df2d6543-4822-485b-8f7f-3a1d8a135797","kind":"water","longitude":18.9658637,"latitude":47.56269,"name":"Ivókút","city":null,"address":null,"covered":null,"access":null,"website":null,"phone":null,"source":"OpenStreetMap","sourceUpdatedAt":"2026-04-04T22:50:22.71606+00:00","verifiedAt":null}},{"type":"Feature","geometry":{"type":"Point","coordinates":[18.8805708,47.5774871]},"properties":{"id":"water:dfeaf59f-c8d2-408d-b0e7-326d17cf73a3","kind":"water","longitude":18.8805708,"latitude":47.5774871,"name":"Ivókút","city":null,"address":null,"covered":null,"access":null,"website":null,"phone":null,"source":"OpenStreetMap","sourceUpdatedAt":"2026-04-04T22:50:22.71606+00:00","verifiedAt":null}},{"type":"Feature","geometry":{"type":"Point","coordinates":[18.9031719,47.6965091]},"properties":{"id":"water:e09d5600-4f14-4d99-8559-d23fdc2e432b","kind":"water","longitude":18.9031719,"latitude":47.6965091,"name":"Ivókút","city":null,"address":null,"covered":null,"access":null,"website":null,"phone":null,"source":"OpenStreetMap","sourceUpdatedAt":"2026-04-04T22:50:22.71606+00:00","verifiedAt":null}},{"type":"Feature","geometry":{"type":"Point","coordinates":[18.9467049,47.5604879]},"properties":{"id":"water:e0b34bf0-944c-4f25-932a-4b2a70fa02c2","kind":"water","longitude":18.9467049,"latitude":47.5604879,"name":"Ivókút","city":null,"address":null,"covered":null,"access":null,"website":null,"phone":null,"source":"OpenStreetMap","sourceUpdatedAt":"2026-04-04T22:50:22.71606+00:00","verifiedAt":null}},{"type":"Feature","geometry":{"type":"Point","coordinates":[18.9561877,47.5532994]},"properties":{"id":"water:e1fcee22-ecb4-4712-a0a0-93bd92209c73","kind":"water","longitude":18.9561877,"latitude":47.5532994,"name":"Ivókút","city":null,"address":null,"covered":null,"access":null,"website":null,"phone":null,"source":"OpenStreetMap","sourceUpdatedAt":"2026-04-04T22:50:22.71606+00:00","verifiedAt":null}},{"type":"Feature","geometry":{"type":"Point","coordinates":[18.8730486,47.5772672]},"properties":{"id":"water:e2682cbc-420c-4d8e-bd2a-e28dfdddee29","kind":"water","longitude":18.8730486,"latitude":47.5772672,"name":"Ivókút","city":null,"address":null,"covered":null,"access":null,"website":null,"phone":null,"source":"OpenStreetMap","sourceUpdatedAt":"2026-04-04T22:50:22.71606+00:00","verifiedAt":null}},{"type":"Feature","geometry":{"type":"Point","coordinates":[18.9695688,47.6373298]},"properties":{"id":"water:e38be698-87f9-4529-8290-d4b7986b80dd","kind":"water","longitude":18.9695688,"latitude":47.6373298,"name":"Ivókút","city":null,"address":null,"covered":null,"access":null,"website":null,"phone":null,"source":"OpenStreetMap","sourceUpdatedAt":"2026-04-04T22:50:22.71606+00:00","verifiedAt":null}},{"type":"Feature","geometry":{"type":"Point","coordinates":[18.9592962,47.5520606]},"properties":{"id":"water:e6a43343-9b52-4175-b36a-a09fd3c3f2b9","kind":"water","longitude":18.9592962,"latitude":47.5520606,"name":"Ivókút","city":null,"address":null,"covered":null,"access":null,"website":null,"phone":null,"source":"OpenStreetMap","sourceUpdatedAt":"2026-04-04T22:50:22.71606+00:00","verifiedAt":null}},{"type":"Feature","geometry":{"type":"Point","coordinates":[18.717085,47.5477915]},"properties":{"id":"water:e6e32582-bc9f-4994-b8a1-29210f20f45a","kind":"water","longitude":18.717085,"latitude":47.5477915,"name":"Ivókút","city":null,"address":null,"covered":null,"access":null,"website":null,"phone":null,"source":"OpenStreetMap","sourceUpdatedAt":"2026-04-04T22:50:22.71606+00:00","verifiedAt":null}},{"type":"Feature","geometry":{"type":"Point","coordinates":[18.9286601,47.5912926]},"properties":{"id":"water:e91ca938-9a09-40d6-824e-9a8bc4ea184f","kind":"water","longitude":18.9286601,"latitude":47.5912926,"name":"Ivókút","city":null,"address":null,"covered":null,"access":null,"website":null,"phone":null,"source":"OpenStreetMap","sourceUpdatedAt":"2026-04-04T22:50:22.71606+00:00","verifiedAt":null}},{"type":"Feature","geometry":{"type":"Point","coordinates":[18.8977241,47.7191388]},"properties":{"id":"water:eaedfbfc-b54e-44cc-b99d-6d5530dc0ff0","kind":"water","longitude":18.8977241,"latitude":47.7191388,"name":"Ivókút","city":null,"address":null,"covered":null,"access":null,"website":null,"phone":null,"source":"OpenStreetMap","sourceUpdatedAt":"2026-04-04T22:50:22.71606+00:00","verifiedAt":null}},{"type":"Feature","geometry":{"type":"Point","coordinates":[18.9171674,47.610681]},"properties":{"id":"water:ecf0036f-1439-4963-ac9f-20130acdd319","kind":"water","longitude":18.9171674,"latitude":47.610681,"name":"Ivókút","city":null,"address":null,"covered":null,"access":null,"website":null,"phone":null,"source":"OpenStreetMap","sourceUpdatedAt":"2026-04-04T22:50:22.71606+00:00","verifiedAt":null}},{"type":"Feature","geometry":{"type":"Point","coordinates":[18.8892,47.6719913]},"properties":{"id":"water:ed67adcf-7bd4-41cb-831c-40e63eb5fcdf","kind":"water","longitude":18.8892,"latitude":47.6719913,"name":"Ivókút","city":null,"address":null,"covered":null,"access":null,"website":null,"phone":null,"source":"OpenStreetMap","sourceUpdatedAt":"2026-04-04T22:50:22.71606+00:00","verifiedAt":null}},{"type":"Feature","geometry":{"type":"Point","coordinates":[18.898064,47.693137]},"properties":{"id":"water:ee995a28-a466-4da1-bd08-204921b5fab9","kind":"water","longitude":18.898064,"latitude":47.693137,"name":"Ivókút","city":null,"address":null,"covered":null,"access":null,"website":null,"phone":null,"source":"OpenStreetMap","sourceUpdatedAt":"2026-04-04T22:50:22.71606+00:00","verifiedAt":null}},{"type":"Feature","geometry":{"type":"Point","coordinates":[18.7188562,47.5461147]},"properties":{"id":"water:ef02c38d-0247-45af-84d1-a30d2766353d","kind":"water","longitude":18.7188562,"latitude":47.5461147,"name":"Ivókút","city":null,"address":null,"covered":null,"access":null,"website":null,"phone":null,"source":"OpenStreetMap","sourceUpdatedAt":"2026-04-04T22:50:22.71606+00:00","verifiedAt":null}},{"type":"Feature","geometry":{"type":"Point","coordinates":[18.7351589,47.7136017]},"properties":{"id":"water:f19be15b-0a1d-437e-81ba-1c2ac758cc7e","kind":"water","longitude":18.7351589,"latitude":47.7136017,"name":"Ivókút","city":null,"address":null,"covered":null,"access":null,"website":null,"phone":null,"source":"OpenStreetMap","sourceUpdatedAt":"2026-04-04T22:50:22.71606+00:00","verifiedAt":null}},{"type":"Feature","geometry":{"type":"Point","coordinates":[18.9287404,47.5576776]},"properties":{"id":"water:f201ef73-08d2-478d-ac99-770629cd6ed4","kind":"water","longitude":18.9287404,"latitude":47.5576776,"name":"Ivókút","city":null,"address":null,"covered":null,"access":null,"website":null,"phone":null,"source":"OpenStreetMap","sourceUpdatedAt":"2026-04-04T22:50:22.71606+00:00","verifiedAt":null}},{"type":"Feature","geometry":{"type":"Point","coordinates":[18.8920878,47.6099186]},"properties":{"id":"water:f3856ddb-5e34-4d48-9ee5-b9b63eb192e1","kind":"water","longitude":18.8920878,"latitude":47.6099186,"name":"Ivókút","city":null,"address":null,"covered":null,"access":null,"website":null,"phone":null,"source":"OpenStreetMap","sourceUpdatedAt":"2026-04-04T22:50:22.71606+00:00","verifiedAt":null}},{"type":"Feature","geometry":{"type":"Point","coordinates":[18.6389642,47.5922172]},"properties":{"id":"water:f70d3ba3-404e-4ea0-b24f-265e8986dfb5","kind":"water","longitude":18.6389642,"latitude":47.5922172,"name":"Ivókút","city":null,"address":null,"covered":null,"access":null,"website":null,"phone":null,"source":"OpenStreetMap","sourceUpdatedAt":"2026-04-04T22:50:22.71606+00:00","verifiedAt":null}},{"type":"Feature","geometry":{"type":"Point","coordinates":[18.7324603,47.7232895]},"properties":{"id":"water:f827c8ea-8ba5-43f1-ac50-a8955f1d6faa","kind":"water","longitude":18.7324603,"latitude":47.7232895,"name":"Ivókút","city":null,"address":null,"covered":null,"access":null,"website":null,"phone":null,"source":"OpenStreetMap","sourceUpdatedAt":"2026-04-04T22:50:22.71606+00:00","verifiedAt":null}},{"type":"Feature","geometry":{"type":"Point","coordinates":[18.8549422,47.6363709]},"properties":{"id":"water:f8fef7a6-89e6-4571-98bf-41e95363962d","kind":"water","longitude":18.8549422,"latitude":47.6363709,"name":"Ivókút","city":null,"address":null,"covered":null,"access":null,"website":null,"phone":null,"source":"OpenStreetMap","sourceUpdatedAt":"2026-04-04T22:50:22.71606+00:00","verifiedAt":null}},{"type":"Feature","geometry":{"type":"Point","coordinates":[18.7729192,47.6194609]},"properties":{"id":"water:f9abcd7f-af63-43ab-9ca5-3d4fe3d3396e","kind":"water","longitude":18.7729192,"latitude":47.6194609,"name":"Ivókút","city":null,"address":null,"covered":null,"access":null,"website":null,"phone":null,"source":"OpenStreetMap","sourceUpdatedAt":"2026-04-04T22:50:22.71606+00:00","verifiedAt":null}},{"type":"Feature","geometry":{"type":"Point","coordinates":[18.7193865,47.5473394]},"properties":{"id":"water:f9d34c72-59c8-425c-b6be-b884a429eec9","kind":"water","longitude":18.7193865,"latitude":47.5473394,"name":"Szent Norbert kút","city":null,"address":null,"covered":null,"access":null,"website":null,"phone":null,"source":"OpenStreetMap","sourceUpdatedAt":"2026-04-04T22:54:11.161448+00:00","verifiedAt":null}},{"type":"Feature","geometry":{"type":"Point","coordinates":[18.7324328,47.7233017]},"properties":{"id":"water:fa634771-5316-4316-bd31-3c715b3951b4","kind":"water","longitude":18.7324328,"latitude":47.7233017,"name":"Ivókút","city":null,"address":null,"covered":null,"access":null,"website":null,"phone":null,"source":"OpenStreetMap","sourceUpdatedAt":"2026-04-04T22:50:22.71606+00:00","verifiedAt":null}},{"type":"Feature","geometry":{"type":"Point","coordinates":[18.8954369,47.6162722]},"properties":{"id":"water:fad64392-d5f6-4303-87b1-6bf15f677d76","kind":"water","longitude":18.8954369,"latitude":47.6162722,"name":"Ivókút","city":null,"address":null,"covered":null,"access":null,"website":null,"phone":null,"source":"OpenStreetMap","sourceUpdatedAt":"2026-04-04T22:50:22.71606+00:00","verifiedAt":null}},{"type":"Feature","geometry":{"type":"Point","coordinates":[18.9640352,47.5447902]},"properties":{"id":"water:fbfa13bd-4c1e-46a4-aaed-5fe510dff950","kind":"water","longitude":18.9640352,"latitude":47.5447902,"name":"Ivókút","city":null,"address":null,"covered":null,"access":null,"website":null,"phone":null,"source":"OpenStreetMap","sourceUpdatedAt":"2026-04-04T22:50:22.71606+00:00","verifiedAt":null}},{"type":"Feature","geometry":{"type":"Point","coordinates":[18.8843025,47.5772927]},"properties":{"id":"water:ff77a35b-b1c4-44d1-8583-30790dd87b8f","kind":"water","longitude":18.8843025,"latitude":47.5772927,"name":"Ivókút","city":null,"address":null,"covered":null,"access":null,"website":null,"phone":null,"source":"OpenStreetMap","sourceUpdatedAt":"2026-04-04T22:50:22.71606+00:00","verifiedAt":null}},{"type":"Feature","geometry":{"type":"Point","coordinates":[18.903226,47.615462]},"properties":{"id":"water:ffa9557e-dd73-46b4-b607-74b42a07a894","kind":"water","longitude":18.903226,"latitude":47.615462,"name":"Ivókút","city":null,"address":null,"covered":null,"access":null,"website":null,"phone":null,"source":"OpenStreetMap","sourceUpdatedAt":"2026-04-04T22:50:22.71606+00:00","verifiedAt":null}}]}