{"type":"FeatureCollection","features":[{"type":"Feature","geometry":{"type":"Point","coordinates":[13.7248481,51.0528392]},"properties":{"id":"bikerack:001558c6-de91-4d73-9d20-4ad6aa63613d","kind":"bikerack","longitude":13.7248481,"latitude":51.0528392,"name":"Fahrradabstellplatz","city":"Dresden","address":null,"covered":false,"access":null,"website":null,"phone":null,"source":"OpenStreetMap/way/731202245","sourceUpdatedAt":null,"verifiedAt":null}},{"type":"Feature","geometry":{"type":"Point","coordinates":[13.7499658,51.058284]},"properties":{"id":"bikerack:00ab9beb-dddf-4177-bab1-c6de23555a81","kind":"bikerack","longitude":13.7499658,"latitude":51.058284,"name":"Fahrradabstellplatz","city":"Dresden","address":null,"covered":false,"access":null,"website":null,"phone":null,"source":"OpenStreetMap/node/4058643447","sourceUpdatedAt":null,"verifiedAt":null}},{"type":"Feature","geometry":{"type":"Point","coordinates":[13.7457355,51.0483614]},"properties":{"id":"bikerack:00eb4bea-a184-40f3-9d23-284375da4ba0","kind":"bikerack","longitude":13.7457355,"latitude":51.0483614,"name":"Fahrradabstellplatz","city":"Dresden","address":null,"covered":false,"access":null,"website":null,"phone":null,"source":"OpenStreetMap/node/1595905810","sourceUpdatedAt":null,"verifiedAt":null}},{"type":"Feature","geometry":{"type":"Point","coordinates":[13.7530213,51.0438741]},"properties":{"id":"bikerack:019e7732-6411-44bf-94ec-9ab14edc50a4","kind":"bikerack","longitude":13.7530213,"latitude":51.0438741,"name":"Fahrradabstellplatz","city":"Dresden","address":null,"covered":false,"access":null,"website":null,"phone":null,"source":"OpenStreetMap/node/307801946","sourceUpdatedAt":null,"verifiedAt":null}},{"type":"Feature","geometry":{"type":"Point","coordinates":[13.7363315,51.0452719]},"properties":{"id":"bikerack:01ec4449-dadd-443a-9478-310f297e7fb1","kind":"bikerack","longitude":13.7363315,"latitude":51.0452719,"name":"Fahrradabstellplatz","city":"Dresden","address":null,"covered":false,"access":null,"website":null,"phone":null,"source":"OpenStreetMap/node/11494805667","sourceUpdatedAt":null,"verifiedAt":null}},{"type":"Feature","geometry":{"type":"Point","coordinates":[13.7221963,51.056641]},"properties":{"id":"bikerack:030ad80b-7001-4963-a46e-16fa8f70add8","kind":"bikerack","longitude":13.7221963,"latitude":51.056641,"name":"Fahrradabstellplatz","city":"Dresden","address":null,"covered":false,"access":null,"website":null,"phone":null,"source":"OpenStreetMap/node/6200547124","sourceUpdatedAt":null,"verifiedAt":null}},{"type":"Feature","geometry":{"type":"Point","coordinates":[13.7325476,51.0519287]},"properties":{"id":"bikerack:0366f51c-f17d-4e56-a1f7-2b2f1e3e269f","kind":"bikerack","longitude":13.7325476,"latitude":51.0519287,"name":"Fahrradabstellplatz","city":"Dresden","address":null,"covered":false,"access":null,"website":null,"phone":null,"source":"OpenStreetMap/node/1999864370","sourceUpdatedAt":null,"verifiedAt":null}},{"type":"Feature","geometry":{"type":"Point","coordinates":[13.7234369,51.0545141]},"properties":{"id":"bikerack:036dc61f-a338-44b8-bf2d-44df00b45d89","kind":"bikerack","longitude":13.7234369,"latitude":51.0545141,"name":"Fahrradabstellplatz","city":"Dresden","address":null,"covered":true,"access":null,"website":null,"phone":null,"source":"OpenStreetMap/node/6234055698","sourceUpdatedAt":null,"verifiedAt":null}},{"type":"Feature","geometry":{"type":"Point","coordinates":[13.7401833,51.0468457]},"properties":{"id":"bikerack:03bfbaca-9dfc-4e3b-b03b-525398523ce4","kind":"bikerack","longitude":13.7401833,"latitude":51.0468457,"name":"Fahrradabstellplatz","city":"Dresden","address":null,"covered":false,"access":null,"website":null,"phone":null,"source":"OpenStreetMap/node/12819235641","sourceUpdatedAt":null,"verifiedAt":null}},{"type":"Feature","geometry":{"type":"Point","coordinates":[13.7479012,51.0638022]},"properties":{"id":"bikerack:04e210c1-ee5d-4197-91f2-17afed9b42c3","kind":"bikerack","longitude":13.7479012,"latitude":51.0638022,"name":"Fahrradabstellplatz","city":"Dresden","address":null,"covered":false,"access":null,"website":null,"phone":null,"source":"OpenStreetMap/node/3574958228","sourceUpdatedAt":null,"verifiedAt":null}},{"type":"Feature","geometry":{"type":"Point","coordinates":[13.7188826,51.0480909]},"properties":{"id":"bikerack:0519c97b-02bd-4f86-bdf4-2ee762e14ed2","kind":"bikerack","longitude":13.7188826,"latitude":51.0480909,"name":"Fahrradabstellplatz","city":"Dresden","address":null,"covered":false,"access":null,"website":null,"phone":null,"source":"OpenStreetMap/way/678429948","sourceUpdatedAt":null,"verifiedAt":null}},{"type":"Feature","geometry":{"type":"Point","coordinates":[13.7328294,51.0457588]},"properties":{"id":"bikerack:0537b1b7-2145-4e6f-b006-b3b58d8850f8","kind":"bikerack","longitude":13.7328294,"latitude":51.0457588,"name":"Fahrradabstellplatz","city":"Dresden","address":null,"covered":true,"access":null,"website":null,"phone":null,"source":"OpenStreetMap/node/13078365907","sourceUpdatedAt":null,"verifiedAt":null}},{"type":"Feature","geometry":{"type":"Point","coordinates":[13.7370261,51.0424392]},"properties":{"id":"bikerack:05a89f5d-9ba8-4d3a-8300-b2ac210da6b2","kind":"bikerack","longitude":13.7370261,"latitude":51.0424392,"name":"Fahrradabstellplatz","city":"Dresden","address":null,"covered":false,"access":null,"website":null,"phone":null,"source":"OpenStreetMap/node/12189101310","sourceUpdatedAt":null,"verifiedAt":null}},{"type":"Feature","geometry":{"type":"Point","coordinates":[13.7496037,51.0581542]},"properties":{"id":"bikerack:05e2ae03-fce4-43ee-8fb8-4df97700e80a","kind":"bikerack","longitude":13.7496037,"latitude":51.0581542,"name":"Fahrradabstellplatz","city":"Dresden","address":null,"covered":false,"access":null,"website":null,"phone":null,"source":"OpenStreetMap/node/4058643446","sourceUpdatedAt":null,"verifiedAt":null}},{"type":"Feature","geometry":{"type":"Point","coordinates":[13.7337635,51.0462443]},"properties":{"id":"bikerack:05fa37b4-0f2d-4a89-bf8c-10c553ba50f1","kind":"bikerack","longitude":13.7337635,"latitude":51.0462443,"name":"Fahrradabstellplatz","city":"Dresden","address":null,"covered":true,"access":null,"website":null,"phone":null,"source":"OpenStreetMap/node/1138090313","sourceUpdatedAt":null,"verifiedAt":null}},{"type":"Feature","geometry":{"type":"Point","coordinates":[13.7537685,51.068948]},"properties":{"id":"bikerack:068ab302-b150-4f91-ad3b-2070f5b22f54","kind":"bikerack","longitude":13.7537685,"latitude":51.068948,"name":"Fahrradabstellplatz","city":"Albertstadt","address":null,"covered":false,"access":null,"website":null,"phone":null,"source":"OpenStreetMap/node/3574958241","sourceUpdatedAt":null,"verifiedAt":null}},{"type":"Feature","geometry":{"type":"Point","coordinates":[13.7245542,51.062033]},"properties":{"id":"bikerack:0693eebc-a166-4c97-83bd-8c4d0921f9f6","kind":"bikerack","longitude":13.7245542,"latitude":51.062033,"name":"Fahrradabstellplatz","city":"Dresden","address":null,"covered":false,"access":null,"website":null,"phone":null,"source":"OpenStreetMap/way/1470395343","sourceUpdatedAt":null,"verifiedAt":null}},{"type":"Feature","geometry":{"type":"Point","coordinates":[13.7200326,51.0585813]},"properties":{"id":"bikerack:06abcd5e-1eef-4f77-96c5-e375d363809a","kind":"bikerack","longitude":13.7200326,"latitude":51.0585813,"name":"Fahrradabstellplatz","city":"Dresden","address":null,"covered":false,"access":null,"website":null,"phone":null,"source":"OpenStreetMap/node/12599106287","sourceUpdatedAt":null,"verifiedAt":null}},{"type":"Feature","geometry":{"type":"Point","coordinates":[13.7153409,51.0510798]},"properties":{"id":"bikerack:0725202f-168d-4393-931f-bc2217045625","kind":"bikerack","longitude":13.7153409,"latitude":51.0510798,"name":"Fahrradabstellplatz","city":"Dresden","address":null,"covered":false,"access":null,"website":null,"phone":null,"source":"OpenStreetMap/node/13627093118","sourceUpdatedAt":null,"verifiedAt":null}},{"type":"Feature","geometry":{"type":"Point","coordinates":[13.716251,51.0572583]},"properties":{"id":"bikerack:07effc03-1765-41e4-9e47-8d214e6df152","kind":"bikerack","longitude":13.716251,"latitude":51.0572583,"name":"Fahrradabstellplatz","city":"Dresden","address":null,"covered":false,"access":null,"website":null,"phone":null,"source":"OpenStreetMap/node/11611630369","sourceUpdatedAt":null,"verifiedAt":null}},{"type":"Feature","geometry":{"type":"Point","coordinates":[13.7311665,51.0441782]},"properties":{"id":"bikerack:0832c065-b55b-4dc8-9dcb-5dd4427d5cc1","kind":"bikerack","longitude":13.7311665,"latitude":51.0441782,"name":"Fahrradabstellplatz","city":"Dresden","address":null,"covered":false,"access":null,"website":null,"phone":null,"source":"OpenStreetMap/node/12516405224","sourceUpdatedAt":null,"verifiedAt":null}},{"type":"Feature","geometry":{"type":"Point","coordinates":[13.7537223,51.0649825]},"properties":{"id":"bikerack:08645b46-b979-4659-8050-4ae2b420becc","kind":"bikerack","longitude":13.7537223,"latitude":51.0649825,"name":"Fahrradabstellplatz","city":"Dresden","address":null,"covered":false,"access":null,"website":null,"phone":null,"source":"OpenStreetMap/node/3580748101","sourceUpdatedAt":null,"verifiedAt":null}},{"type":"Feature","geometry":{"type":"Point","coordinates":[13.7261979,51.0509145]},"properties":{"id":"bikerack:08855186-8e23-4450-8852-7e2397d732da","kind":"bikerack","longitude":13.7261979,"latitude":51.0509145,"name":"Fahrradabstellplatz","city":"Dresden","address":null,"covered":false,"access":null,"website":null,"phone":null,"source":"OpenStreetMap/node/4758115608","sourceUpdatedAt":null,"verifiedAt":null}},{"type":"Feature","geometry":{"type":"Point","coordinates":[13.7226274,51.0430943]},"properties":{"id":"bikerack:08b4832b-8ece-49b5-ae04-bd3402cbb0e6","kind":"bikerack","longitude":13.7226274,"latitude":51.0430943,"name":"Fahrradabstellplatz","city":"Dresden","address":null,"covered":false,"access":null,"website":null,"phone":null,"source":"OpenStreetMap/node/5530561740","sourceUpdatedAt":null,"verifiedAt":null}},{"type":"Feature","geometry":{"type":"Point","coordinates":[13.727276,51.0563186]},"properties":{"id":"bikerack:08fbdb9b-9f3e-4184-9abd-a08ad0f41f67","kind":"bikerack","longitude":13.727276,"latitude":51.0563186,"name":"Fahrradabstellplatz","city":"Dresden","address":null,"covered":true,"access":null,"website":null,"phone":null,"source":"OpenStreetMap/way/1333161793","sourceUpdatedAt":null,"verifiedAt":null}},{"type":"Feature","geometry":{"type":"Point","coordinates":[13.7319639,51.0497153]},"properties":{"id":"bikerack:096668c0-01fd-4b41-8e5d-4d40709778a1","kind":"bikerack","longitude":13.7319639,"latitude":51.0497153,"name":"Fahrradabstellplatz","city":"Dresden","address":null,"covered":false,"access":null,"website":null,"phone":null,"source":"OpenStreetMap/node/7180936328","sourceUpdatedAt":null,"verifiedAt":null}},{"type":"Feature","geometry":{"type":"Point","coordinates":[13.7400609,51.0601459]},"properties":{"id":"bikerack:096e22e0-4659-4901-bb42-d4c2ea880cb6","kind":"bikerack","longitude":13.7400609,"latitude":51.0601459,"name":"Fahrradabstellplatz","city":"Dresden","address":null,"covered":false,"access":null,"website":null,"phone":null,"source":"OpenStreetMap/node/3682035886","sourceUpdatedAt":null,"verifiedAt":null}},{"type":"Feature","geometry":{"type":"Point","coordinates":[13.7389689,51.0485501]},"properties":{"id":"bikerack:097cf263-6f4f-4449-83b5-7e84acc72b9a","kind":"bikerack","longitude":13.7389689,"latitude":51.0485501,"name":"Fahrradabstellplatz","city":"Dresden","address":null,"covered":false,"access":null,"website":null,"phone":null,"source":"OpenStreetMap/node/12188591873","sourceUpdatedAt":null,"verifiedAt":null}},{"type":"Feature","geometry":{"type":"Point","coordinates":[13.7523127,51.0628354]},"properties":{"id":"bikerack:097f75c6-3eb1-405e-823f-646f30302ed6","kind":"bikerack","longitude":13.7523127,"latitude":51.0628354,"name":"Fahrradabstellplatz","city":"Dresden","address":null,"covered":false,"access":null,"website":null,"phone":null,"source":"OpenStreetMap/node/13460773744","sourceUpdatedAt":null,"verifiedAt":null}},{"type":"Feature","geometry":{"type":"Point","coordinates":[13.7464935,51.0657894]},"properties":{"id":"bikerack:09973646-a603-434f-b0b0-5c8e7c2a93ce","kind":"bikerack","longitude":13.7464935,"latitude":51.0657894,"name":"Fahrradabstellplatz","city":"Dresden","address":null,"covered":true,"access":null,"website":null,"phone":null,"source":"OpenStreetMap/node/9889704059","sourceUpdatedAt":null,"verifiedAt":null}},{"type":"Feature","geometry":{"type":"Point","coordinates":[13.7467983,51.0661525]},"properties":{"id":"bikerack:09e64e3b-0356-45d0-8241-64c1a33e1d28","kind":"bikerack","longitude":13.7467983,"latitude":51.0661525,"name":"Fahrradabstellplatz","city":"Dresden","address":null,"covered":false,"access":null,"website":null,"phone":null,"source":"OpenStreetMap/node/12291748012","sourceUpdatedAt":null,"verifiedAt":null}},{"type":"Feature","geometry":{"type":"Point","coordinates":[13.7446032,51.0475695]},"properties":{"id":"bikerack:0a04f046-a88c-459d-8f42-33972dfa8895","kind":"bikerack","longitude":13.7446032,"latitude":51.0475695,"name":"Fahrradabstellplatz","city":"Dresden","address":null,"covered":false,"access":null,"website":null,"phone":null,"source":"OpenStreetMap/node/3098964936","sourceUpdatedAt":null,"verifiedAt":null}},{"type":"Feature","geometry":{"type":"Point","coordinates":[13.73941,51.0489064]},"properties":{"id":"bikerack:0a09f06b-b26a-4f58-8e55-43d338d8cd1c","kind":"bikerack","longitude":13.73941,"latitude":51.0489064,"name":"Fahrradabstellplatz","city":"Dresden","address":null,"covered":false,"access":null,"website":null,"phone":null,"source":"OpenStreetMap/node/2071173898","sourceUpdatedAt":null,"verifiedAt":null}},{"type":"Feature","geometry":{"type":"Point","coordinates":[13.7330037,51.0507601]},"properties":{"id":"bikerack:0a31c0d9-a5a2-4749-bb16-7da781fd7d6a","kind":"bikerack","longitude":13.7330037,"latitude":51.0507601,"name":"Fahrradabstellplatz","city":"Dresden","address":null,"covered":false,"access":null,"website":null,"phone":null,"source":"OpenStreetMap/node/6884492952","sourceUpdatedAt":null,"verifiedAt":null}},{"type":"Feature","geometry":{"type":"Point","coordinates":[13.7395383,51.0645567]},"properties":{"id":"bikerack:0a42b8a8-70be-43b5-8c2b-74cfb1311df3","kind":"bikerack","longitude":13.7395383,"latitude":51.0645567,"name":"Fahrradabstellplatz","city":"Dresden","address":null,"covered":false,"access":null,"website":null,"phone":null,"source":"OpenStreetMap/node/1999864385","sourceUpdatedAt":null,"verifiedAt":null}},{"type":"Feature","geometry":{"type":"Point","coordinates":[13.7545278,51.0507153]},"properties":{"id":"bikerack:0b19f344-92d6-4c78-831b-fa36e7f3448b","kind":"bikerack","longitude":13.7545278,"latitude":51.0507153,"name":"Fahrradabstellplatz","city":"Dresden","address":null,"covered":false,"access":null,"website":null,"phone":null,"source":"OpenStreetMap/node/8618084489","sourceUpdatedAt":null,"verifiedAt":null}},{"type":"Feature","geometry":{"type":"Point","coordinates":[13.7157141,51.0648999]},"properties":{"id":"bikerack:0b8f5670-090c-455e-a053-44fd631b0024","kind":"bikerack","longitude":13.7157141,"latitude":51.0648999,"name":"Fahrradabstellplatz","city":"Dresden","address":null,"covered":false,"access":null,"website":null,"phone":null,"source":"OpenStreetMap/node/7891178224","sourceUpdatedAt":null,"verifiedAt":null}},{"type":"Feature","geometry":{"type":"Point","coordinates":[13.7331644,51.0459023]},"properties":{"id":"bikerack:0bbd193c-b60e-48cc-8f50-686d489880f3","kind":"bikerack","longitude":13.7331644,"latitude":51.0459023,"name":"Fahrradabstellplatz","city":"Dresden","address":null,"covered":false,"access":null,"website":null,"phone":null,"source":"OpenStreetMap/node/10151776101","sourceUpdatedAt":null,"verifiedAt":null}},{"type":"Feature","geometry":{"type":"Point","coordinates":[13.7332956,51.0558525]},"properties":{"id":"bikerack:0be3b608-ea20-450e-9236-6fd63a6f4ce3","kind":"bikerack","longitude":13.7332956,"latitude":51.0558525,"name":"Fahrradabstellplatz","city":"Dresden","address":null,"covered":false,"access":null,"website":null,"phone":null,"source":"OpenStreetMap/way/62163895","sourceUpdatedAt":null,"verifiedAt":null}},{"type":"Feature","geometry":{"type":"Point","coordinates":[13.7253611,51.049868]},"properties":{"id":"bikerack:0bfe8b90-8e4d-40f5-9cce-6c70876eddb3","kind":"bikerack","longitude":13.7253611,"latitude":51.049868,"name":"Fahrradabstellplatz","city":"Dresden","address":null,"covered":false,"access":null,"website":null,"phone":null,"source":"OpenStreetMap/node/7272742828","sourceUpdatedAt":null,"verifiedAt":null}},{"type":"Feature","geometry":{"type":"Point","coordinates":[13.7232462,51.0538453]},"properties":{"id":"bikerack:0c4f4243-6fca-4804-8e6a-f098521f0a23","kind":"bikerack","longitude":13.7232462,"latitude":51.0538453,"name":"Fahrradabstellplatz","city":"Dresden","address":null,"covered":false,"access":null,"website":null,"phone":null,"source":"OpenStreetMap/node/13672481406","sourceUpdatedAt":null,"verifiedAt":null}},{"type":"Feature","geometry":{"type":"Point","coordinates":[13.7263905,51.0593961]},"properties":{"id":"bikerack:0c65a6fa-e7f0-4f91-a201-e370d4018921","kind":"bikerack","longitude":13.7263905,"latitude":51.0593961,"name":"Fahrradabstellplatz","city":"Dresden","address":null,"covered":false,"access":null,"website":null,"phone":null,"source":"OpenStreetMap/way/622423996","sourceUpdatedAt":null,"verifiedAt":null}},{"type":"Feature","geometry":{"type":"Point","coordinates":[13.7396652,51.0463095]},"properties":{"id":"bikerack:0ceda748-189f-402e-a3d7-d6c32e648c68","kind":"bikerack","longitude":13.7396652,"latitude":51.0463095,"name":"Fahrradabstellplatz","city":"Dresden","address":null,"covered":false,"access":null,"website":null,"phone":null,"source":"OpenStreetMap/way/1384579720","sourceUpdatedAt":null,"verifiedAt":null}},{"type":"Feature","geometry":{"type":"Point","coordinates":[13.7339926,51.0494287]},"properties":{"id":"bikerack:0d0abbcc-d46c-458f-ad7b-f53aff88d18f","kind":"bikerack","longitude":13.7339926,"latitude":51.0494287,"name":"Fahrradabstellplatz","city":"Dresden","address":null,"covered":false,"access":null,"website":null,"phone":null,"source":"OpenStreetMap/node/1491910950","sourceUpdatedAt":null,"verifiedAt":null}},{"type":"Feature","geometry":{"type":"Point","coordinates":[13.7392885,51.0467598]},"properties":{"id":"bikerack:0d2f3fbc-8245-43ec-a088-4e667770fc1a","kind":"bikerack","longitude":13.7392885,"latitude":51.0467598,"name":"Fahrradabstellplatz","city":"Dresden","address":null,"covered":false,"access":null,"website":null,"phone":null,"source":"OpenStreetMap/node/12819235631","sourceUpdatedAt":null,"verifiedAt":null}},{"type":"Feature","geometry":{"type":"Point","coordinates":[13.7425174,51.0614155]},"properties":{"id":"bikerack:0d3e7b30-8f39-4469-baf3-9180c39660c0","kind":"bikerack","longitude":13.7425174,"latitude":51.0614155,"name":"Fahrradabstellplatz","city":"Dresden","address":null,"covered":false,"access":null,"website":null,"phone":null,"source":"OpenStreetMap/node/1854022002","sourceUpdatedAt":null,"verifiedAt":null}},{"type":"Feature","geometry":{"type":"Point","coordinates":[13.7524982,51.0589508]},"properties":{"id":"bikerack:0d587dde-3de2-43dc-a1ac-474ee3a90b9b","kind":"bikerack","longitude":13.7524982,"latitude":51.0589508,"name":"Fahrradabstellplatz","city":"Dresden","address":null,"covered":false,"access":null,"website":null,"phone":null,"source":"OpenStreetMap/node/7191823509","sourceUpdatedAt":null,"verifiedAt":null}},{"type":"Feature","geometry":{"type":"Point","coordinates":[13.7544965,51.0675127]},"properties":{"id":"bikerack:0d5c98e8-c46b-463c-9362-cf01b6c797e2","kind":"bikerack","longitude":13.7544965,"latitude":51.0675127,"name":"Fahrradabstellplatz","city":"Albertstadt","address":null,"covered":false,"access":null,"website":null,"phone":null,"source":"OpenStreetMap/node/1488272077","sourceUpdatedAt":null,"verifiedAt":null}},{"type":"Feature","geometry":{"type":"Point","coordinates":[13.7544584,51.053026]},"properties":{"id":"bikerack:0dbb19c2-6294-4389-bb46-7ad5c668f517","kind":"bikerack","longitude":13.7544584,"latitude":51.053026,"name":"Fahrradabstellplatz","city":"Dresden","address":null,"covered":false,"access":null,"website":null,"phone":null,"source":"OpenStreetMap/node/9903264709","sourceUpdatedAt":null,"verifiedAt":null}},{"type":"Feature","geometry":{"type":"Point","coordinates":[13.7426995,51.0616296]},"properties":{"id":"bikerack:0e1fa0b8-36aa-43f0-9a58-e72170756cf7","kind":"bikerack","longitude":13.7426995,"latitude":51.0616296,"name":"Fahrradabstellplatz","city":"Dresden","address":null,"covered":false,"access":null,"website":null,"phone":null,"source":"OpenStreetMap/node/1854022003","sourceUpdatedAt":null,"verifiedAt":null}},{"type":"Feature","geometry":{"type":"Point","coordinates":[13.7336878,51.0495591]},"properties":{"id":"bikerack:0e3aee6d-6892-4349-a102-2705cc405dff","kind":"bikerack","longitude":13.7336878,"latitude":51.0495591,"name":"Fahrradabstellplatz","city":"Dresden","address":null,"covered":false,"access":null,"website":null,"phone":null,"source":"OpenStreetMap/node/8489159674","sourceUpdatedAt":null,"verifiedAt":null}},{"type":"Feature","geometry":{"type":"Point","coordinates":[13.7538526,51.0512085]},"properties":{"id":"bikerack:0e45eddc-b360-4b16-9fba-be280c202852","kind":"bikerack","longitude":13.7538526,"latitude":51.0512085,"name":"Fahrradabstellplatz","city":"Dresden","address":null,"covered":false,"access":null,"website":null,"phone":null,"source":"OpenStreetMap/node/5104655978","sourceUpdatedAt":null,"verifiedAt":null}},{"type":"Feature","geometry":{"type":"Point","coordinates":[13.7397297,51.0498904]},"properties":{"id":"bikerack:0e6e44d6-fac9-48f1-a4f5-333cad05868c","kind":"bikerack","longitude":13.7397297,"latitude":51.0498904,"name":"Fahrradabstellplatz","city":"Dresden","address":null,"covered":false,"access":null,"website":null,"phone":null,"source":"OpenStreetMap/node/1281005442","sourceUpdatedAt":null,"verifiedAt":null}},{"type":"Feature","geometry":{"type":"Point","coordinates":[13.7495224,51.0636566]},"properties":{"id":"bikerack:0ec2b0ef-9bb0-4178-ae29-386d328e98df","kind":"bikerack","longitude":13.7495224,"latitude":51.0636566,"name":"Fahrradabstellplatz","city":"Dresden","address":null,"covered":false,"access":null,"website":null,"phone":null,"source":"OpenStreetMap/node/6083341789","sourceUpdatedAt":null,"verifiedAt":null}},{"type":"Feature","geometry":{"type":"Point","coordinates":[13.7441542,51.0602963]},"properties":{"id":"bikerack:0ee89783-6e13-487a-b437-252f60ade5f5","kind":"bikerack","longitude":13.7441542,"latitude":51.0602963,"name":"Fahrradabstellplatz","city":"Dresden","address":null,"covered":false,"access":null,"website":null,"phone":null,"source":"OpenStreetMap/node/2438385145","sourceUpdatedAt":null,"verifiedAt":null}},{"type":"Feature","geometry":{"type":"Point","coordinates":[13.7488085,51.0645404]},"properties":{"id":"bikerack:0ef63cb7-6261-4736-bc54-66a55bd3ded1","kind":"bikerack","longitude":13.7488085,"latitude":51.0645404,"name":"Fahrradabstellplatz","city":"Dresden","address":null,"covered":false,"access":null,"website":null,"phone":null,"source":"OpenStreetMap/node/12473413763","sourceUpdatedAt":null,"verifiedAt":null}},{"type":"Feature","geometry":{"type":"Point","coordinates":[13.7257334,51.0544562]},"properties":{"id":"bikerack:100c5c22-0f43-47f6-81dd-c8df970aa135","kind":"bikerack","longitude":13.7257334,"latitude":51.0544562,"name":"Fahrradabstellplatz","city":"Dresden","address":null,"covered":false,"access":null,"website":null,"phone":null,"source":"OpenStreetMap/way/192426092","sourceUpdatedAt":null,"verifiedAt":null}},{"type":"Feature","geometry":{"type":"Point","coordinates":[13.7420928,51.0683199]},"properties":{"id":"bikerack:10304ef2-dc98-44c5-8f7a-7df390b36960","kind":"bikerack","longitude":13.7420928,"latitude":51.0683199,"name":"Fahrradabstellplatz","city":"Dresden","address":null,"covered":false,"access":null,"website":null,"phone":null,"source":"OpenStreetMap/node/12685730835","sourceUpdatedAt":null,"verifiedAt":null}},{"type":"Feature","geometry":{"type":"Point","coordinates":[13.75129,51.0629422]},"properties":{"id":"bikerack:10cb5f82-3a07-4eb5-9fb1-b0c00570d744","kind":"bikerack","longitude":13.75129,"latitude":51.0629422,"name":"Fahrradabstellplatz","city":"Dresden","address":null,"covered":false,"access":null,"website":null,"phone":null,"source":"OpenStreetMap/node/3394518496","sourceUpdatedAt":null,"verifiedAt":null}},{"type":"Feature","geometry":{"type":"Point","coordinates":[13.7397102,51.0483405]},"properties":{"id":"bikerack:10cd10e4-ac64-43bc-bc51-13c51d86fef9","kind":"bikerack","longitude":13.7397102,"latitude":51.0483405,"name":"Fahrradabstellplatz","city":"Dresden","address":null,"covered":false,"access":null,"website":null,"phone":null,"source":"OpenStreetMap/node/13001883261","sourceUpdatedAt":null,"verifiedAt":null}},{"type":"Feature","geometry":{"type":"Point","coordinates":[13.7338347,51.0503181]},"properties":{"id":"bikerack:125320a6-f599-49ed-b07c-07a5135a7f77","kind":"bikerack","longitude":13.7338347,"latitude":51.0503181,"name":"Fahrradabstellplatz","city":"Dresden","address":null,"covered":false,"access":null,"website":null,"phone":null,"source":"OpenStreetMap/node/3662261335","sourceUpdatedAt":null,"verifiedAt":null}},{"type":"Feature","geometry":{"type":"Point","coordinates":[13.723551,51.0520934]},"properties":{"id":"bikerack:12c0fa87-9518-49d8-a795-ca809dfe59f7","kind":"bikerack","longitude":13.723551,"latitude":51.0520934,"name":"Fahrradabstellplatz","city":"Dresden","address":null,"covered":false,"access":null,"website":null,"phone":null,"source":"OpenStreetMap/way/768887236","sourceUpdatedAt":null,"verifiedAt":null}},{"type":"Feature","geometry":{"type":"Point","coordinates":[13.7397556,51.0575952]},"properties":{"id":"bikerack:132ff772-0239-4c26-a9b2-4cbde844ae81","kind":"bikerack","longitude":13.7397556,"latitude":51.0575952,"name":"Fahrradabstellplatz","city":"Dresden","address":null,"covered":false,"access":null,"website":null,"phone":null,"source":"OpenStreetMap/node/2416327594","sourceUpdatedAt":null,"verifiedAt":null}},{"type":"Feature","geometry":{"type":"Point","coordinates":[13.7547025,51.0675055]},"properties":{"id":"bikerack:13b463f8-7fbc-4f19-aa9f-acc0744ac937","kind":"bikerack","longitude":13.7547025,"latitude":51.0675055,"name":"Fahrradabstellplatz","city":"Albertstadt","address":null,"covered":false,"access":null,"website":null,"phone":null,"source":"OpenStreetMap/node/7644378621","sourceUpdatedAt":null,"verifiedAt":null}},{"type":"Feature","geometry":{"type":"Point","coordinates":[13.7357452,51.0507712]},"properties":{"id":"bikerack:13c39c0d-a41f-48c0-ab5a-60fe9d9140d7","kind":"bikerack","longitude":13.7357452,"latitude":51.0507712,"name":"Fahrradabstellplatz","city":"Dresden","address":null,"covered":false,"access":null,"website":null,"phone":null,"source":"OpenStreetMap/node/13026953593","sourceUpdatedAt":null,"verifiedAt":null}},{"type":"Feature","geometry":{"type":"Point","coordinates":[13.7427827,51.0490032]},"properties":{"id":"bikerack:13cd6cad-be10-44f3-a3f7-e66ed4727bc2","kind":"bikerack","longitude":13.7427827,"latitude":51.0490032,"name":"Fahrradabstellplatz","city":"Dresden","address":null,"covered":false,"access":null,"website":null,"phone":null,"source":"OpenStreetMap/way/1123680719","sourceUpdatedAt":null,"verifiedAt":null}},{"type":"Feature","geometry":{"type":"Point","coordinates":[13.754208,51.0659082]},"properties":{"id":"bikerack:146e2d73-0b72-491d-9c88-943628929be6","kind":"bikerack","longitude":13.754208,"latitude":51.0659082,"name":"Fahrradabstellplatz","city":"Albertstadt","address":null,"covered":false,"access":null,"website":null,"phone":null,"source":"OpenStreetMap/node/3580748103","sourceUpdatedAt":null,"verifiedAt":null}},{"type":"Feature","geometry":{"type":"Point","coordinates":[13.7315597,51.0420554]},"properties":{"id":"bikerack:14c77ba5-78e7-4fc0-b8de-a50d3989f0a3","kind":"bikerack","longitude":13.7315597,"latitude":51.0420554,"name":"Fahrradabstellplatz","city":"Dresden","address":null,"covered":false,"access":null,"website":null,"phone":null,"source":"OpenStreetMap/node/1300420103","sourceUpdatedAt":null,"verifiedAt":null}},{"type":"Feature","geometry":{"type":"Point","coordinates":[13.7145799,51.0577379]},"properties":{"id":"bikerack:1513c310-a0b3-4527-826d-f9387c35b070","kind":"bikerack","longitude":13.7145799,"latitude":51.0577379,"name":"Fahrradabstellplatz","city":"Dresden","address":null,"covered":false,"access":null,"website":null,"phone":null,"source":"OpenStreetMap/node/11611603466","sourceUpdatedAt":null,"verifiedAt":null}},{"type":"Feature","geometry":{"type":"Point","coordinates":[13.7374076,51.0426202]},"properties":{"id":"bikerack:152c0610-fcd7-451a-a44d-f666ecd6fabf","kind":"bikerack","longitude":13.7374076,"latitude":51.0426202,"name":"Fahrradabstellplatz","city":"Dresden","address":null,"covered":false,"access":null,"website":null,"phone":null,"source":"OpenStreetMap/node/12189096547","sourceUpdatedAt":null,"verifiedAt":null}},{"type":"Feature","geometry":{"type":"Point","coordinates":[13.7480923,51.0565222]},"properties":{"id":"bikerack:1568e784-5c0a-43ce-a495-3de7aad1f69c","kind":"bikerack","longitude":13.7480923,"latitude":51.0565222,"name":"Fahrradabstellplatz","city":"Dresden","address":null,"covered":false,"access":null,"website":null,"phone":null,"source":"OpenStreetMap/node/4058643436","sourceUpdatedAt":null,"verifiedAt":null}},{"type":"Feature","geometry":{"type":"Point","coordinates":[13.7408207,51.0616114]},"properties":{"id":"bikerack:1580d981-d84a-4506-b907-c8e8505eb338","kind":"bikerack","longitude":13.7408207,"latitude":51.0616114,"name":"Fahrradabstellplatz","city":"Dresden","address":null,"covered":false,"access":null,"website":null,"phone":null,"source":"OpenStreetMap/node/10827640058","sourceUpdatedAt":null,"verifiedAt":null}},{"type":"Feature","geometry":{"type":"Point","coordinates":[13.7394688,51.0417432]},"properties":{"id":"bikerack:159488cc-9b3b-470e-8d53-5732d0cf6735","kind":"bikerack","longitude":13.7394688,"latitude":51.0417432,"name":"Fahrradabstellplatz","city":"Dresden","address":null,"covered":false,"access":null,"website":null,"phone":null,"source":"OpenStreetMap/node/10166361271","sourceUpdatedAt":null,"verifiedAt":null}},{"type":"Feature","geometry":{"type":"Point","coordinates":[13.7343873,51.0416778]},"properties":{"id":"bikerack:15d325f4-4aff-43c8-acea-2e713b8b7a6e","kind":"bikerack","longitude":13.7343873,"latitude":51.0416778,"name":"Fahrradabstellplatz","city":"Dresden","address":null,"covered":false,"access":null,"website":null,"phone":null,"source":"OpenStreetMap/node/12132462386","sourceUpdatedAt":null,"verifiedAt":null}},{"type":"Feature","geometry":{"type":"Point","coordinates":[13.7541474,51.0449998]},"properties":{"id":"bikerack:15ddb223-bb37-46d9-ae28-fc713b26824e","kind":"bikerack","longitude":13.7541474,"latitude":51.0449998,"name":"Fahrradabstellplatz","city":"Dresden","address":null,"covered":false,"access":null,"website":null,"phone":null,"source":"OpenStreetMap/node/307515736","sourceUpdatedAt":null,"verifiedAt":null}},{"type":"Feature","geometry":{"type":"Point","coordinates":[13.7484599,51.0507575]},"properties":{"id":"bikerack:16a349a0-5677-4888-937e-b78d475a0f67","kind":"bikerack","longitude":13.7484599,"latitude":51.0507575,"name":"Fahrradabstellplatz","city":"Dresden","address":null,"covered":false,"access":null,"website":null,"phone":null,"source":"OpenStreetMap/node/1048647957","sourceUpdatedAt":null,"verifiedAt":null}},{"type":"Feature","geometry":{"type":"Point","coordinates":[13.7375927,51.0427098]},"properties":{"id":"bikerack:17684ac2-54af-450f-8779-afeec3adf692","kind":"bikerack","longitude":13.7375927,"latitude":51.0427098,"name":"Fahrradabstellplatz","city":"Dresden","address":null,"covered":false,"access":null,"website":null,"phone":null,"source":"OpenStreetMap/node/12189137560","sourceUpdatedAt":null,"verifiedAt":null}},{"type":"Feature","geometry":{"type":"Point","coordinates":[13.7313021,51.0478968]},"properties":{"id":"bikerack:17bbba56-c668-4bc0-97ef-0ce6e448f053","kind":"bikerack","longitude":13.7313021,"latitude":51.0478968,"name":"Fahrradabstellplatz","city":"Dresden","address":null,"covered":false,"access":null,"website":null,"phone":null,"source":"OpenStreetMap/node/13180637749","sourceUpdatedAt":null,"verifiedAt":null}},{"type":"Feature","geometry":{"type":"Point","coordinates":[13.7327329,51.0498985]},"properties":{"id":"bikerack:18825a43-c4a9-46d7-b76b-66cea7ca089e","kind":"bikerack","longitude":13.7327329,"latitude":51.0498985,"name":"Fahrradabstellplatz","city":"Dresden","address":null,"covered":true,"access":null,"website":null,"phone":null,"source":"OpenStreetMap/node/12188562780","sourceUpdatedAt":null,"verifiedAt":null}},{"type":"Feature","geometry":{"type":"Point","coordinates":[13.7402195,51.0474045]},"properties":{"id":"bikerack:18aa8a53-791a-4c92-a036-80ec28a6af2f","kind":"bikerack","longitude":13.7402195,"latitude":51.0474045,"name":"Fahrradabstellplatz","city":"Dresden","address":null,"covered":false,"access":null,"website":null,"phone":null,"source":"OpenStreetMap/node/1163572960","sourceUpdatedAt":null,"verifiedAt":null}},{"type":"Feature","geometry":{"type":"Point","coordinates":[13.7258584,51.0566937]},"properties":{"id":"bikerack:1a01ea57-852b-4fbf-9b55-d107be364ef1","kind":"bikerack","longitude":13.7258584,"latitude":51.0566937,"name":"Fahrradabstellplatz","city":"Dresden","address":null,"covered":false,"access":null,"website":null,"phone":null,"source":"OpenStreetMap/node/12514902748","sourceUpdatedAt":null,"verifiedAt":null}},{"type":"Feature","geometry":{"type":"Point","coordinates":[13.7239227,51.0515781]},"properties":{"id":"bikerack:1a0558fe-f9d0-478d-b6a8-b3ed36cddfad","kind":"bikerack","longitude":13.7239227,"latitude":51.0515781,"name":"Fahrradabstellplatz","city":"Dresden","address":null,"covered":false,"access":null,"website":null,"phone":null,"source":"OpenStreetMap/node/13662702300","sourceUpdatedAt":null,"verifiedAt":null}},{"type":"Feature","geometry":{"type":"Point","coordinates":[13.724531,51.053867]},"properties":{"id":"bikerack:1a33101f-e233-4c4e-bf07-64ef98b9fbb3","kind":"bikerack","longitude":13.724531,"latitude":51.053867,"name":"Fahrradabstellplatz","city":"Dresden","address":null,"covered":false,"access":null,"website":null,"phone":null,"source":"OpenStreetMap/node/431420116","sourceUpdatedAt":null,"verifiedAt":null}},{"type":"Feature","geometry":{"type":"Point","coordinates":[13.7219681,51.0494975]},"properties":{"id":"bikerack:1a342fbe-b5ff-4398-9bc0-92fe3f37fc50","kind":"bikerack","longitude":13.7219681,"latitude":51.0494975,"name":"Fahrradabstellplatz","city":"Dresden","address":null,"covered":false,"access":null,"website":null,"phone":null,"source":"OpenStreetMap/node/1106554894","sourceUpdatedAt":null,"verifiedAt":null}},{"type":"Feature","geometry":{"type":"Point","coordinates":[13.7322516,51.055406]},"properties":{"id":"bikerack:1a9d45f1-94c9-40fe-99af-efc62f310362","kind":"bikerack","longitude":13.7322516,"latitude":51.055406,"name":"Fahrradabstellplatz","city":"Dresden","address":null,"covered":false,"access":null,"website":null,"phone":null,"source":"OpenStreetMap/node/12514228855","sourceUpdatedAt":null,"verifiedAt":null}},{"type":"Feature","geometry":{"type":"Point","coordinates":[13.747912,51.050765]},"properties":{"id":"bikerack:1ab4f640-5a3d-4689-a4ed-ba3c0e03e205","kind":"bikerack","longitude":13.747912,"latitude":51.050765,"name":"Fahrradabstellplatz","city":"Dresden","address":null,"covered":false,"access":null,"website":null,"phone":null,"source":"OpenStreetMap/node/1048647950","sourceUpdatedAt":null,"verifiedAt":null}},{"type":"Feature","geometry":{"type":"Point","coordinates":[13.7311069,51.0502947]},"properties":{"id":"bikerack:1acf339c-9d49-46dc-a993-2f6b214e07af","kind":"bikerack","longitude":13.7311069,"latitude":51.0502947,"name":"Fahrradabstellplatz","city":"Dresden","address":null,"covered":false,"access":null,"website":null,"phone":null,"source":"OpenStreetMap/node/10233292441","sourceUpdatedAt":null,"verifiedAt":null}},{"type":"Feature","geometry":{"type":"Point","coordinates":[13.723395,51.052626]},"properties":{"id":"bikerack:1b6187bb-a962-4ce6-9a9d-4bb9feb8087a","kind":"bikerack","longitude":13.723395,"latitude":51.052626,"name":"Fahrradabstellplatz","city":"Dresden","address":null,"covered":false,"access":null,"website":null,"phone":null,"source":"OpenStreetMap/node/13662715961","sourceUpdatedAt":null,"verifiedAt":null}},{"type":"Feature","geometry":{"type":"Point","coordinates":[13.7317616,51.0505654]},"properties":{"id":"bikerack:1b8f42d7-47f0-4af2-8a3a-47c1d2f72810","kind":"bikerack","longitude":13.7317616,"latitude":51.0505654,"name":"Fahrradabstellplatz","city":"Dresden","address":null,"covered":false,"access":null,"website":null,"phone":null,"source":"OpenStreetMap/node/10089589504","sourceUpdatedAt":null,"verifiedAt":null}},{"type":"Feature","geometry":{"type":"Point","coordinates":[13.738756,51.0456733]},"properties":{"id":"bikerack:1bac63b5-35c5-4e0d-87d4-ce240706a91b","kind":"bikerack","longitude":13.738756,"latitude":51.0456733,"name":"Fahrradabstellplatz","city":"Dresden","address":null,"covered":false,"access":null,"website":null,"phone":null,"source":"OpenStreetMap/node/12768341764","sourceUpdatedAt":null,"verifiedAt":null}},{"type":"Feature","geometry":{"type":"Point","coordinates":[13.7229472,51.0530818]},"properties":{"id":"bikerack:1bdeace6-150d-4cec-8520-c5f24ec06821","kind":"bikerack","longitude":13.7229472,"latitude":51.0530818,"name":"Fahrradabstellplatz","city":"Dresden","address":null,"covered":false,"access":null,"website":null,"phone":null,"source":"OpenStreetMap/node/13662683389","sourceUpdatedAt":null,"verifiedAt":null}},{"type":"Feature","geometry":{"type":"Point","coordinates":[13.7406186,51.0463896]},"properties":{"id":"bikerack:1c3d0b58-8368-42d5-a501-6ada33bced8e","kind":"bikerack","longitude":13.7406186,"latitude":51.0463896,"name":"Fahrradabstellplatz","city":"Dresden","address":null,"covered":false,"access":null,"website":null,"phone":null,"source":"OpenStreetMap/way/1384579716","sourceUpdatedAt":null,"verifiedAt":null}},{"type":"Feature","geometry":{"type":"Point","coordinates":[13.735529,51.0475711]},"properties":{"id":"bikerack:1c4f0934-7a63-4159-ae45-1ab23312e65a","kind":"bikerack","longitude":13.735529,"latitude":51.0475711,"name":"Fahrradabstellplatz","city":"Dresden","address":null,"covered":false,"access":null,"website":null,"phone":null,"source":"OpenStreetMap/node/1249802442","sourceUpdatedAt":null,"verifiedAt":null}},{"type":"Feature","geometry":{"type":"Point","coordinates":[13.7338154,51.04252]},"properties":{"id":"bikerack:1cb1819f-29c1-455f-9278-e684c1dbc22b","kind":"bikerack","longitude":13.7338154,"latitude":51.04252,"name":"Fahrradabstellplatz","city":"Dresden","address":null,"covered":false,"access":null,"website":null,"phone":null,"source":"OpenStreetMap/node/5325868576","sourceUpdatedAt":null,"verifiedAt":null}},{"type":"Feature","geometry":{"type":"Point","coordinates":[13.7532714,51.0624469]},"properties":{"id":"bikerack:1ce0d41e-c4de-4e4c-b047-622581f67ad2","kind":"bikerack","longitude":13.7532714,"latitude":51.0624469,"name":"Fahrradabstellplatz","city":"Dresden","address":null,"covered":false,"access":null,"website":null,"phone":null,"source":"OpenStreetMap/way/383559121","sourceUpdatedAt":null,"verifiedAt":null}},{"type":"Feature","geometry":{"type":"Point","coordinates":[13.7231587,51.053723]},"properties":{"id":"bikerack:1d474e95-84b3-4d93-9043-023a3f40a0e9","kind":"bikerack","longitude":13.7231587,"latitude":51.053723,"name":"Fahrradabstellplatz","city":"Dresden","address":null,"covered":false,"access":null,"website":null,"phone":null,"source":"OpenStreetMap/node/13699164458","sourceUpdatedAt":null,"verifiedAt":null}},{"type":"Feature","geometry":{"type":"Point","coordinates":[13.7255344,51.0494774]},"properties":{"id":"bikerack:1d649e74-403a-4345-92bc-5ffd19d8bd30","kind":"bikerack","longitude":13.7255344,"latitude":51.0494774,"name":"Fahrradabstellplatz","city":"Dresden","address":null,"covered":false,"access":null,"website":null,"phone":null,"source":"OpenStreetMap/way/799191681","sourceUpdatedAt":null,"verifiedAt":null}},{"type":"Feature","geometry":{"type":"Point","coordinates":[13.726672,51.0467941]},"properties":{"id":"bikerack:1e1349c6-4e42-4c48-8056-5a94ccf0c940","kind":"bikerack","longitude":13.726672,"latitude":51.0467941,"name":"Fahrradabstellplatz","city":"Dresden","address":null,"covered":false,"access":null,"website":null,"phone":null,"source":"OpenStreetMap/node/7474206508","sourceUpdatedAt":null,"verifiedAt":null}},{"type":"Feature","geometry":{"type":"Point","coordinates":[13.7537679,51.0650518]},"properties":{"id":"bikerack:1e14de05-398c-4446-b241-d2c535c9331a","kind":"bikerack","longitude":13.7537679,"latitude":51.0650518,"name":"Fahrradabstellplatz","city":"Dresden","address":null,"covered":false,"access":null,"website":null,"phone":null,"source":"OpenStreetMap/node/3580748102","sourceUpdatedAt":null,"verifiedAt":null}},{"type":"Feature","geometry":{"type":"Point","coordinates":[13.7520487,51.0596608]},"properties":{"id":"bikerack:1e1f4430-a3c9-48e3-9a21-48ab3e7f4837","kind":"bikerack","longitude":13.7520487,"latitude":51.0596608,"name":"Fahrradabstellplatz","city":"Dresden","address":null,"covered":false,"access":null,"website":null,"phone":null,"source":"OpenStreetMap/node/9090882014","sourceUpdatedAt":null,"verifiedAt":null}},{"type":"Feature","geometry":{"type":"Point","coordinates":[13.7285759,51.0558454]},"properties":{"id":"bikerack:1e2db247-d1a8-4bfa-ad47-51c8b43f8899","kind":"bikerack","longitude":13.7285759,"latitude":51.0558454,"name":"Fahrradabstellplatz","city":"Dresden","address":null,"covered":false,"access":null,"website":null,"phone":null,"source":"OpenStreetMap/node/13672477816","sourceUpdatedAt":null,"verifiedAt":null}},{"type":"Feature","geometry":{"type":"Point","coordinates":[13.7548706,51.05312]},"properties":{"id":"bikerack:1e609183-016a-4de9-a450-134e44f1515e","kind":"bikerack","longitude":13.7548706,"latitude":51.05312,"name":"Fahrradabstellplatz","city":"Dresden","address":null,"covered":false,"access":null,"website":null,"phone":null,"source":"OpenStreetMap/node/9903264708","sourceUpdatedAt":null,"verifiedAt":null}},{"type":"Feature","geometry":{"type":"Point","coordinates":[13.7541304,51.0637493]},"properties":{"id":"bikerack:1e609a1e-ed1e-468d-ac74-036dcec5b417","kind":"bikerack","longitude":13.7541304,"latitude":51.0637493,"name":"Fahrradabstellplatz","city":"Dresden","address":null,"covered":false,"access":null,"website":null,"phone":null,"source":"OpenStreetMap/node/4418190316","sourceUpdatedAt":null,"verifiedAt":null}},{"type":"Feature","geometry":{"type":"Point","coordinates":[13.7392448,51.0505355]},"properties":{"id":"bikerack:1e87f692-8fd8-4d61-a392-15813b7c7fcd","kind":"bikerack","longitude":13.7392448,"latitude":51.0505355,"name":"Fahrradabstellplatz","city":"Dresden","address":null,"covered":false,"access":null,"website":null,"phone":null,"source":"OpenStreetMap/node/4932404366","sourceUpdatedAt":null,"verifiedAt":null}},{"type":"Feature","geometry":{"type":"Point","coordinates":[13.739129,51.0415382]},"properties":{"id":"bikerack:1eab8c80-f061-428b-99cc-4c5a2616430d","kind":"bikerack","longitude":13.739129,"latitude":51.0415382,"name":"Fahrradabstellplatz","city":"Dresden","address":null,"covered":false,"access":null,"website":null,"phone":null,"source":"OpenStreetMap/node/10148257114","sourceUpdatedAt":null,"verifiedAt":null}},{"type":"Feature","geometry":{"type":"Point","coordinates":[13.7475217,51.0442447]},"properties":{"id":"bikerack:1f09d9e1-ec5a-40da-93f8-a84c77cf8727","kind":"bikerack","longitude":13.7475217,"latitude":51.0442447,"name":"Fahrradabstellplatz","city":"Dresden","address":null,"covered":false,"access":null,"website":null,"phone":null,"source":"OpenStreetMap/node/373420384","sourceUpdatedAt":null,"verifiedAt":null}},{"type":"Feature","geometry":{"type":"Point","coordinates":[13.722452,51.0565695]},"properties":{"id":"bikerack:1f7bd838-737c-4022-8b51-9abe73c1515e","kind":"bikerack","longitude":13.722452,"latitude":51.0565695,"name":"Fahrradabstellplatz","city":"Dresden","address":null,"covered":false,"access":null,"website":null,"phone":null,"source":"OpenStreetMap/node/13556735307","sourceUpdatedAt":null,"verifiedAt":null}},{"type":"Feature","geometry":{"type":"Point","coordinates":[13.7364306,51.050353]},"properties":{"id":"bikerack:1f880b7b-46d3-45d1-9d37-89bd654c6459","kind":"bikerack","longitude":13.7364306,"latitude":51.050353,"name":"Fahrradabstellplatz","city":"Dresden","address":null,"covered":false,"access":null,"website":null,"phone":null,"source":"OpenStreetMap/node/1858186284","sourceUpdatedAt":null,"verifiedAt":null}},{"type":"Feature","geometry":{"type":"Point","coordinates":[13.7287791,51.0511672]},"properties":{"id":"bikerack:203c8f53-93f3-4c7e-8c9d-ec1a1c3c5b22","kind":"bikerack","longitude":13.7287791,"latitude":51.0511672,"name":"Fahrradabstellplatz","city":"Dresden","address":null,"covered":false,"access":null,"website":null,"phone":null,"source":"OpenStreetMap/node/3876402397","sourceUpdatedAt":null,"verifiedAt":null}},{"type":"Feature","geometry":{"type":"Point","coordinates":[13.7415147,51.0684529]},"properties":{"id":"bikerack:2062368e-50f1-4282-a097-fcfa10a6c0fb","kind":"bikerack","longitude":13.7415147,"latitude":51.0684529,"name":"Fahrradabstellplatz","city":"Dresden","address":null,"covered":false,"access":null,"website":null,"phone":null,"source":"OpenStreetMap/node/5313575057","sourceUpdatedAt":null,"verifiedAt":null}},{"type":"Feature","geometry":{"type":"Point","coordinates":[13.7379499,51.0457909]},"properties":{"id":"bikerack:207e1dce-c3cd-46db-896f-9435a5079eea","kind":"bikerack","longitude":13.7379499,"latitude":51.0457909,"name":"Fahrradabstellplatz","city":"Dresden","address":null,"covered":false,"access":null,"website":null,"phone":null,"source":"OpenStreetMap/node/12188557898","sourceUpdatedAt":null,"verifiedAt":null}},{"type":"Feature","geometry":{"type":"Point","coordinates":[13.7189488,51.0612898]},"properties":{"id":"bikerack:20fba812-a54a-430d-9a86-6ed91d9c3e35","kind":"bikerack","longitude":13.7189488,"latitude":51.0612898,"name":"Fahrradabstellplatz","city":"Dresden","address":null,"covered":false,"access":null,"website":null,"phone":null,"source":"OpenStreetMap/node/13054708891","sourceUpdatedAt":null,"verifiedAt":null}},{"type":"Feature","geometry":{"type":"Point","coordinates":[13.7509178,51.0662575]},"properties":{"id":"bikerack:2103d65d-6426-4006-a40d-8261caeb847a","kind":"bikerack","longitude":13.7509178,"latitude":51.0662575,"name":"Fahrradabstellplatz","city":"Dresden","address":null,"covered":false,"access":null,"website":null,"phone":null,"source":"OpenStreetMap/node/1488272075","sourceUpdatedAt":null,"verifiedAt":null}},{"type":"Feature","geometry":{"type":"Point","coordinates":[13.7337989,51.0637572]},"properties":{"id":"bikerack:2165f573-ddf8-4d65-b74e-7d7205eacb95","kind":"bikerack","longitude":13.7337989,"latitude":51.0637572,"name":"Fahrradabstellplatz","city":"Dresden","address":null,"covered":false,"access":null,"website":null,"phone":null,"source":"OpenStreetMap/node/7417882033","sourceUpdatedAt":null,"verifiedAt":null}},{"type":"Feature","geometry":{"type":"Point","coordinates":[13.7311014,51.0581959]},"properties":{"id":"bikerack:218974ef-4acc-4e13-9d66-4bac09d6d303","kind":"bikerack","longitude":13.7311014,"latitude":51.0581959,"name":"Fahrradabstellplatz","city":"Dresden","address":null,"covered":false,"access":null,"website":null,"phone":null,"source":"OpenStreetMap/way/163107189","sourceUpdatedAt":null,"verifiedAt":null}},{"type":"Feature","geometry":{"type":"Point","coordinates":[13.7309022,51.0430655]},"properties":{"id":"bikerack:2230899b-f71e-46b9-85b9-d6e09c4990aa","kind":"bikerack","longitude":13.7309022,"latitude":51.0430655,"name":"Fahrradabstellplatz","city":"Dresden","address":null,"covered":false,"access":null,"website":null,"phone":null,"source":"OpenStreetMap/node/12516638119","sourceUpdatedAt":null,"verifiedAt":null}},{"type":"Feature","geometry":{"type":"Point","coordinates":[13.748729,51.0433083]},"properties":{"id":"bikerack:2240d1ed-72fa-477f-afdb-33f5d426550e","kind":"bikerack","longitude":13.748729,"latitude":51.0433083,"name":"Fahrradabstellplatz","city":"Dresden","address":null,"covered":false,"access":null,"website":null,"phone":null,"source":"OpenStreetMap/node/1669420151","sourceUpdatedAt":null,"verifiedAt":null}},{"type":"Feature","geometry":{"type":"Point","coordinates":[13.7423464,51.0659415]},"properties":{"id":"bikerack:22acba56-af94-4ac4-ae6f-51a0230506da","kind":"bikerack","longitude":13.7423464,"latitude":51.0659415,"name":"Fahrradabstellplatz","city":"Dresden","address":null,"covered":false,"access":null,"website":null,"phone":null,"source":"OpenStreetMap/way/1245850067","sourceUpdatedAt":null,"verifiedAt":null}},{"type":"Feature","geometry":{"type":"Point","coordinates":[13.7227351,51.0531929]},"properties":{"id":"bikerack:23324a6b-66de-420f-a5f4-d1fd7ec6fef7","kind":"bikerack","longitude":13.7227351,"latitude":51.0531929,"name":"Fahrradabstellplatz","city":"Dresden","address":null,"covered":false,"access":null,"website":null,"phone":null,"source":"OpenStreetMap/node/13662719420","sourceUpdatedAt":null,"verifiedAt":null}},{"type":"Feature","geometry":{"type":"Point","coordinates":[13.7366033,51.0450893]},"properties":{"id":"bikerack:2384e23f-386d-4eed-8dc6-c50873b9c428","kind":"bikerack","longitude":13.7366033,"latitude":51.0450893,"name":"Fahrradabstellplatz","city":"Dresden","address":null,"covered":false,"access":null,"website":null,"phone":null,"source":"OpenStreetMap/node/3162830265","sourceUpdatedAt":null,"verifiedAt":null}},{"type":"Feature","geometry":{"type":"Point","coordinates":[13.737547,51.0629456]},"properties":{"id":"bikerack:24964ead-51ed-43c3-897e-1e8a523ecacc","kind":"bikerack","longitude":13.737547,"latitude":51.0629456,"name":"Fahrradabstellplatz","city":"Dresden","address":null,"covered":false,"access":null,"website":null,"phone":null,"source":"OpenStreetMap/node/11958650741","sourceUpdatedAt":null,"verifiedAt":null}},{"type":"Feature","geometry":{"type":"Point","coordinates":[13.7440507,51.0619305]},"properties":{"id":"bikerack:24b268dc-debe-494f-9338-3be689d481c6","kind":"bikerack","longitude":13.7440507,"latitude":51.0619305,"name":"Fahrradabstellplatz","city":"Dresden","address":null,"covered":false,"access":null,"website":null,"phone":null,"source":"OpenStreetMap/node/1854022009","sourceUpdatedAt":null,"verifiedAt":null}},{"type":"Feature","geometry":{"type":"Point","coordinates":[13.7446883,51.0514865]},"properties":{"id":"bikerack:24b7c387-0e2b-42c7-bae6-4cf79a62e506","kind":"bikerack","longitude":13.7446883,"latitude":51.0514865,"name":"Fahrradabstellplatz","city":"Dresden","address":null,"covered":false,"access":null,"website":null,"phone":null,"source":"OpenStreetMap/node/2241118514","sourceUpdatedAt":null,"verifiedAt":null}},{"type":"Feature","geometry":{"type":"Point","coordinates":[13.7215173,51.0530009]},"properties":{"id":"bikerack:24c87b69-1876-4185-8144-68aab98ace05","kind":"bikerack","longitude":13.7215173,"latitude":51.0530009,"name":"Fahrradabstellplatz","city":"Dresden","address":null,"covered":false,"access":null,"website":null,"phone":null,"source":"OpenStreetMap/node/13675253803","sourceUpdatedAt":null,"verifiedAt":null}},{"type":"Feature","geometry":{"type":"Point","coordinates":[13.718579,51.0571809]},"properties":{"id":"bikerack:24ef44f6-c6d0-4b11-80b5-92fe16484679","kind":"bikerack","longitude":13.718579,"latitude":51.0571809,"name":"Fahrradabstellplatz","city":"Dresden","address":null,"covered":false,"access":null,"website":null,"phone":null,"source":"OpenStreetMap/node/11738568363","sourceUpdatedAt":null,"verifiedAt":null}},{"type":"Feature","geometry":{"type":"Point","coordinates":[13.7380603,51.0482617]},"properties":{"id":"bikerack:2502a2c9-0c90-4eb7-b189-28fdf8ab322a","kind":"bikerack","longitude":13.7380603,"latitude":51.0482617,"name":"Fahrradabstellplatz","city":"Dresden","address":null,"covered":false,"access":null,"website":null,"phone":null,"source":"OpenStreetMap/node/8544842089","sourceUpdatedAt":null,"verifiedAt":null}},{"type":"Feature","geometry":{"type":"Point","coordinates":[13.7375299,51.0428439]},"properties":{"id":"bikerack:25a8048a-22a0-41e1-9adb-cc71e24a3033","kind":"bikerack","longitude":13.7375299,"latitude":51.0428439,"name":"Fahrradabstellplatz","city":"Dresden","address":null,"covered":false,"access":null,"website":null,"phone":null,"source":"OpenStreetMap/node/12135265156","sourceUpdatedAt":null,"verifiedAt":null}},{"type":"Feature","geometry":{"type":"Point","coordinates":[13.7331958,51.0486372]},"properties":{"id":"bikerack:26334841-5705-4d1e-aed2-9e8d60825726","kind":"bikerack","longitude":13.7331958,"latitude":51.0486372,"name":"Fahrradabstellplatz","city":"Dresden","address":null,"covered":true,"access":null,"website":null,"phone":null,"source":"OpenStreetMap/node/12188618149","sourceUpdatedAt":null,"verifiedAt":null}},{"type":"Feature","geometry":{"type":"Point","coordinates":[13.7368466,51.0476219]},"properties":{"id":"bikerack:26716f46-63b0-4a52-9e96-fff742355d00","kind":"bikerack","longitude":13.7368466,"latitude":51.0476219,"name":"Fahrradabstellplatz","city":"Dresden","address":null,"covered":false,"access":null,"website":null,"phone":null,"source":"OpenStreetMap/node/12185455459","sourceUpdatedAt":null,"verifiedAt":null}},{"type":"Feature","geometry":{"type":"Point","coordinates":[13.7212326,51.0570217]},"properties":{"id":"bikerack:27198bfa-1274-4f6c-a7b0-b2328d70d4c7","kind":"bikerack","longitude":13.7212326,"latitude":51.0570217,"name":"Fahrradabstellplatz","city":"Dresden","address":null,"covered":false,"access":null,"website":null,"phone":null,"source":"OpenStreetMap/node/6033999719","sourceUpdatedAt":null,"verifiedAt":null}},{"type":"Feature","geometry":{"type":"Point","coordinates":[13.7424373,51.0594885]},"properties":{"id":"bikerack:28388629-8d1d-40db-adb3-0f09dd7da4e2","kind":"bikerack","longitude":13.7424373,"latitude":51.0594885,"name":"Fahrradabstellplatz","city":"Dresden","address":null,"covered":false,"access":null,"website":null,"phone":null,"source":"OpenStreetMap/node/3682919629","sourceUpdatedAt":null,"verifiedAt":null}},{"type":"Feature","geometry":{"type":"Point","coordinates":[13.716572,51.0687178]},"properties":{"id":"bikerack:28484129-d935-48cd-940e-ef20dfcdbce7","kind":"bikerack","longitude":13.716572,"latitude":51.0687178,"name":"Fahrradabstellplatz","city":"Dresden","address":null,"covered":false,"access":null,"website":null,"phone":null,"source":"OpenStreetMap/node/11809180955","sourceUpdatedAt":null,"verifiedAt":null}},{"type":"Feature","geometry":{"type":"Point","coordinates":[13.7540714,51.0519907]},"properties":{"id":"bikerack:28660c68-266f-442d-a785-95f48eeb05f4","kind":"bikerack","longitude":13.7540714,"latitude":51.0519907,"name":"Fahrradabstellplatz","city":"Dresden","address":null,"covered":false,"access":null,"website":null,"phone":null,"source":"OpenStreetMap/node/5104655982","sourceUpdatedAt":null,"verifiedAt":null}},{"type":"Feature","geometry":{"type":"Point","coordinates":[13.7538338,51.0508132]},"properties":{"id":"bikerack:297f63fc-081a-4d3a-97bd-67ff7f9a8b7c","kind":"bikerack","longitude":13.7538338,"latitude":51.0508132,"name":"Fahrradabstellplatz","city":"Dresden","address":null,"covered":false,"access":null,"website":null,"phone":null,"source":"OpenStreetMap/node/8618109234","sourceUpdatedAt":null,"verifiedAt":null}},{"type":"Feature","geometry":{"type":"Point","coordinates":[13.7401147,51.0607499]},"properties":{"id":"bikerack:2a39fc9a-cf63-4b6e-81f0-a779431e0b04","kind":"bikerack","longitude":13.7401147,"latitude":51.0607499,"name":"Fahrradabstellplatz","city":"Dresden","address":null,"covered":false,"access":null,"website":null,"phone":null,"source":"OpenStreetMap/node/1854021995","sourceUpdatedAt":null,"verifiedAt":null}},{"type":"Feature","geometry":{"type":"Point","coordinates":[13.7220282,51.0567721]},"properties":{"id":"bikerack:2a56b140-a57d-444a-bea6-939ce214208a","kind":"bikerack","longitude":13.7220282,"latitude":51.0567721,"name":"Fahrradabstellplatz","city":"Dresden","address":null,"covered":false,"access":null,"website":null,"phone":null,"source":"OpenStreetMap/node/13591396505","sourceUpdatedAt":null,"verifiedAt":null}},{"type":"Feature","geometry":{"type":"Point","coordinates":[13.7444529,51.047549]},"properties":{"id":"bikerack:2a7e7ace-04b9-4753-8e83-149880fc8f06","kind":"bikerack","longitude":13.7444529,"latitude":51.047549,"name":"Fahrradabstellplatz","city":"Dresden","address":null,"covered":false,"access":null,"website":null,"phone":null,"source":"OpenStreetMap/node/3677697927","sourceUpdatedAt":null,"verifiedAt":null}},{"type":"Feature","geometry":{"type":"Point","coordinates":[13.750652,51.0618824]},"properties":{"id":"bikerack:2ad99d5e-cf85-48b8-831d-101dd9c092e7","kind":"bikerack","longitude":13.750652,"latitude":51.0618824,"name":"Fahrradabstellplatz","city":"Dresden","address":null,"covered":false,"access":null,"website":null,"phone":null,"source":"OpenStreetMap/way/594287238","sourceUpdatedAt":null,"verifiedAt":null}},{"type":"Feature","geometry":{"type":"Point","coordinates":[13.727474,51.0523629]},"properties":{"id":"bikerack:2b11d5a0-416a-4e78-ba62-42a7beff361a","kind":"bikerack","longitude":13.727474,"latitude":51.0523629,"name":"Fahrradabstellplatz","city":"Dresden","address":null,"covered":false,"access":null,"website":null,"phone":null,"source":"OpenStreetMap/node/13699205815","sourceUpdatedAt":null,"verifiedAt":null}},{"type":"Feature","geometry":{"type":"Point","coordinates":[13.7365734,51.0506605]},"properties":{"id":"bikerack:2bf0f6b6-8e15-4608-bbc8-5c1d9e0be565","kind":"bikerack","longitude":13.7365734,"latitude":51.0506605,"name":"Fahrradabstellplatz","city":"Dresden","address":null,"covered":false,"access":null,"website":null,"phone":null,"source":"OpenStreetMap/node/9004929018","sourceUpdatedAt":null,"verifiedAt":null}},{"type":"Feature","geometry":{"type":"Point","coordinates":[13.7441605,51.0489786]},"properties":{"id":"bikerack:2bfb7eed-ddfe-4877-892a-1c7dbde426e5","kind":"bikerack","longitude":13.7441605,"latitude":51.0489786,"name":"Fahrradabstellplatz","city":"Dresden","address":null,"covered":true,"access":null,"website":null,"phone":null,"source":"OpenStreetMap/node/373092646","sourceUpdatedAt":null,"verifiedAt":null}},{"type":"Feature","geometry":{"type":"Point","coordinates":[13.7228248,51.055651]},"properties":{"id":"bikerack:2c0ec6ca-5c96-4a8f-93cb-e12465390178","kind":"bikerack","longitude":13.7228248,"latitude":51.055651,"name":"Fahrradabstellplatz","city":"Dresden","address":null,"covered":false,"access":null,"website":null,"phone":null,"source":"OpenStreetMap/node/2065658777","sourceUpdatedAt":null,"verifiedAt":null}},{"type":"Feature","geometry":{"type":"Point","coordinates":[13.7215004,51.0492627]},"properties":{"id":"bikerack:2c84526c-45ed-4481-a712-6077225d6243","kind":"bikerack","longitude":13.7215004,"latitude":51.0492627,"name":"Fahrradabstellplatz","city":"Dresden","address":null,"covered":false,"access":null,"website":null,"phone":null,"source":"OpenStreetMap/node/317610552","sourceUpdatedAt":null,"verifiedAt":null}},{"type":"Feature","geometry":{"type":"Point","coordinates":[13.734006,51.0514754]},"properties":{"id":"bikerack:2c896fe8-a6dc-4a66-ad51-4a646fe2a9ea","kind":"bikerack","longitude":13.734006,"latitude":51.0514754,"name":"Fahrradabstellplatz","city":"Dresden","address":null,"covered":false,"access":null,"website":null,"phone":null,"source":"OpenStreetMap/node/4121431810","sourceUpdatedAt":null,"verifiedAt":null}},{"type":"Feature","geometry":{"type":"Point","coordinates":[13.7209324,51.0570341]},"properties":{"id":"bikerack:2c8a7369-9953-4551-b15b-ecb60e8cd753","kind":"bikerack","longitude":13.7209324,"latitude":51.0570341,"name":"Fahrradabstellplatz","city":"Dresden","address":null,"covered":false,"access":null,"website":null,"phone":null,"source":"OpenStreetMap/node/13591328272","sourceUpdatedAt":null,"verifiedAt":null}},{"type":"Feature","geometry":{"type":"Point","coordinates":[13.7435259,51.0491182]},"properties":{"id":"bikerack:2ceb2785-1d60-4105-9084-c239383d4023","kind":"bikerack","longitude":13.7435259,"latitude":51.0491182,"name":"Fahrradabstellplatz","city":"Dresden","address":null,"covered":false,"access":null,"website":null,"phone":null,"source":"OpenStreetMap/node/725613782","sourceUpdatedAt":null,"verifiedAt":null}},{"type":"Feature","geometry":{"type":"Point","coordinates":[13.7360326,51.0545956]},"properties":{"id":"bikerack:2cfc7bf2-f6e1-4481-a968-36b93f69eb7f","kind":"bikerack","longitude":13.7360326,"latitude":51.0545956,"name":"Fahrradabstellplatz","city":"Dresden","address":null,"covered":false,"access":null,"website":null,"phone":null,"source":"OpenStreetMap/node/6028217581","sourceUpdatedAt":null,"verifiedAt":null}},{"type":"Feature","geometry":{"type":"Point","coordinates":[13.7541895,51.0550554]},"properties":{"id":"bikerack:2d337b7f-9eb9-48cb-81c8-b51bd9e00f16","kind":"bikerack","longitude":13.7541895,"latitude":51.0550554,"name":"Fahrradabstellplatz","city":"Dresden","address":null,"covered":false,"access":null,"website":null,"phone":null,"source":"OpenStreetMap/node/10578321576","sourceUpdatedAt":null,"verifiedAt":null}},{"type":"Feature","geometry":{"type":"Point","coordinates":[13.733393,51.0427485]},"properties":{"id":"bikerack:2d68fb3d-d564-459e-b065-c5c4a6730acf","kind":"bikerack","longitude":13.733393,"latitude":51.0427485,"name":"Fahrradabstellplatz","city":"Dresden","address":null,"covered":false,"access":null,"website":null,"phone":null,"source":"OpenStreetMap/node/5325868573","sourceUpdatedAt":null,"verifiedAt":null}},{"type":"Feature","geometry":{"type":"Point","coordinates":[13.7221882,51.047545]},"properties":{"id":"bikerack:2e0a04ad-1a76-4823-b87b-30a3d8b1c691","kind":"bikerack","longitude":13.7221882,"latitude":51.047545,"name":"Fahrradabstellplatz","city":"Dresden","address":null,"covered":false,"access":null,"website":null,"phone":null,"source":"OpenStreetMap/node/13645588543","sourceUpdatedAt":null,"verifiedAt":null}},{"type":"Feature","geometry":{"type":"Point","coordinates":[13.7121833,51.049946]},"properties":{"id":"bikerack:2e6f48a5-1ab4-4122-a96b-cdd694aec680","kind":"bikerack","longitude":13.7121833,"latitude":51.049946,"name":"Fahrradabstellplatz","city":"Dresden","address":null,"covered":false,"access":null,"website":null,"phone":null,"source":"OpenStreetMap/node/13689091165","sourceUpdatedAt":null,"verifiedAt":null}},{"type":"Feature","geometry":{"type":"Point","coordinates":[13.7253729,51.0559212]},"properties":{"id":"bikerack:2f6f14bf-4123-489b-870e-96bb115400d3","kind":"bikerack","longitude":13.7253729,"latitude":51.0559212,"name":"Fahrradabstellplatz","city":"Dresden","address":null,"covered":false,"access":null,"website":null,"phone":null,"source":"OpenStreetMap/node/12514914453","sourceUpdatedAt":null,"verifiedAt":null}},{"type":"Feature","geometry":{"type":"Point","coordinates":[13.7365597,51.0459673]},"properties":{"id":"bikerack:2f700843-0b1f-439e-9d3e-83be0c6c58fc","kind":"bikerack","longitude":13.7365597,"latitude":51.0459673,"name":"Fahrradabstellplatz","city":"Dresden","address":null,"covered":false,"access":null,"website":null,"phone":null,"source":"OpenStreetMap/node/4755272281","sourceUpdatedAt":null,"verifiedAt":null}},{"type":"Feature","geometry":{"type":"Point","coordinates":[13.7304518,51.0432497]},"properties":{"id":"bikerack:2f74c574-73ec-482f-acc7-84d1ebd99c9b","kind":"bikerack","longitude":13.7304518,"latitude":51.0432497,"name":"Fahrradabstellplatz","city":"Dresden","address":null,"covered":false,"access":null,"website":null,"phone":null,"source":"OpenStreetMap/node/12516549663","sourceUpdatedAt":null,"verifiedAt":null}},{"type":"Feature","geometry":{"type":"Point","coordinates":[13.753064,51.0519966]},"properties":{"id":"bikerack:30248089-aa0f-4a30-b640-545f7f979838","kind":"bikerack","longitude":13.753064,"latitude":51.0519966,"name":"Fahrradabstellplatz","city":"Dresden","address":null,"covered":false,"access":null,"website":null,"phone":null,"source":"OpenStreetMap/node/8820960003","sourceUpdatedAt":null,"verifiedAt":null}},{"type":"Feature","geometry":{"type":"Point","coordinates":[13.7510077,51.046806]},"properties":{"id":"bikerack:30c34871-234e-4b1f-b661-74f4f4694c3e","kind":"bikerack","longitude":13.7510077,"latitude":51.046806,"name":"Fahrradabstellplatz","city":"Dresden","address":null,"covered":false,"access":null,"website":null,"phone":null,"source":"OpenStreetMap/node/10123320978","sourceUpdatedAt":null,"verifiedAt":null}},{"type":"Feature","geometry":{"type":"Point","coordinates":[13.7500957,51.062531]},"properties":{"id":"bikerack:31bef383-39a8-492c-9e81-258e40cf3ae2","kind":"bikerack","longitude":13.7500957,"latitude":51.062531,"name":"Fahrradabstellplatz","city":"Dresden","address":null,"covered":false,"access":null,"website":null,"phone":null,"source":"OpenStreetMap/node/9020757658","sourceUpdatedAt":null,"verifiedAt":null}},{"type":"Feature","geometry":{"type":"Point","coordinates":[13.7326904,51.0469065]},"properties":{"id":"bikerack:325c797e-190e-48b7-bf27-af0121daa183","kind":"bikerack","longitude":13.7326904,"latitude":51.0469065,"name":"Fahrradabstellplatz","city":"Dresden","address":null,"covered":false,"access":null,"website":null,"phone":null,"source":"OpenStreetMap/node/3759171988","sourceUpdatedAt":null,"verifiedAt":null}},{"type":"Feature","geometry":{"type":"Point","coordinates":[13.729453,51.0519842]},"properties":{"id":"bikerack:32a007f8-6829-4640-9328-d5fe5959659a","kind":"bikerack","longitude":13.729453,"latitude":51.0519842,"name":"Fahrradabstellplatz","city":"Dresden","address":null,"covered":false,"access":null,"website":null,"phone":null,"source":"OpenStreetMap/node/6455414659","sourceUpdatedAt":null,"verifiedAt":null}},{"type":"Feature","geometry":{"type":"Point","coordinates":[13.7204015,51.055407]},"properties":{"id":"bikerack:32d3e004-7ec7-48e0-b3e3-c9ffc26ce507","kind":"bikerack","longitude":13.7204015,"latitude":51.055407,"name":"Fahrradabstellplatz","city":"Dresden","address":null,"covered":false,"access":null,"website":null,"phone":null,"source":"OpenStreetMap/node/4759197049","sourceUpdatedAt":null,"verifiedAt":null}},{"type":"Feature","geometry":{"type":"Point","coordinates":[13.7540314,51.0518273]},"properties":{"id":"bikerack:3318845f-9525-4e17-87fd-997046f9c7a9","kind":"bikerack","longitude":13.7540314,"latitude":51.0518273,"name":"Fahrradabstellplatz","city":"Dresden","address":null,"covered":false,"access":null,"website":null,"phone":null,"source":"OpenStreetMap/node/5104655980","sourceUpdatedAt":null,"verifiedAt":null}},{"type":"Feature","geometry":{"type":"Point","coordinates":[13.7454778,51.0523377]},"properties":{"id":"bikerack:334c345b-a383-4c44-b99b-99a93c373c54","kind":"bikerack","longitude":13.7454778,"latitude":51.0523377,"name":"Fahrradabstellplatz","city":"Dresden","address":null,"covered":false,"access":null,"website":null,"phone":null,"source":"OpenStreetMap/node/12188612961","sourceUpdatedAt":null,"verifiedAt":null}},{"type":"Feature","geometry":{"type":"Point","coordinates":[13.7321697,51.0435197]},"properties":{"id":"bikerack:33525cf1-3c29-4576-8b7d-c8ca72d03660","kind":"bikerack","longitude":13.7321697,"latitude":51.0435197,"name":"Fahrradabstellplatz","city":"Dresden","address":null,"covered":false,"access":null,"website":null,"phone":null,"source":"OpenStreetMap/node/12516494710","sourceUpdatedAt":null,"verifiedAt":null}},{"type":"Feature","geometry":{"type":"Point","coordinates":[13.7475282,51.0639562]},"properties":{"id":"bikerack:33679105-7792-4d33-a5cc-060e46ad5fa8","kind":"bikerack","longitude":13.7475282,"latitude":51.0639562,"name":"Fahrradabstellplatz","city":"Dresden","address":null,"covered":false,"access":null,"website":null,"phone":null,"source":"OpenStreetMap/node/2659635797","sourceUpdatedAt":null,"verifiedAt":null}},{"type":"Feature","geometry":{"type":"Point","coordinates":[13.7529932,51.047912]},"properties":{"id":"bikerack:33bd85c8-c4ab-4f51-8627-c91c8105ebe7","kind":"bikerack","longitude":13.7529932,"latitude":51.047912,"name":"Fahrradabstellplatz","city":"Dresden","address":null,"covered":false,"access":null,"website":null,"phone":null,"source":"OpenStreetMap/node/10047405308","sourceUpdatedAt":null,"verifiedAt":null}},{"type":"Feature","geometry":{"type":"Point","coordinates":[13.7354482,51.0508819]},"properties":{"id":"bikerack:33dacaf1-be93-49ba-bf66-c1e11bbf1278","kind":"bikerack","longitude":13.7354482,"latitude":51.0508819,"name":"Fahrradabstellplatz","city":"Dresden","address":null,"covered":false,"access":null,"website":null,"phone":null,"source":"OpenStreetMap/node/1491910963","sourceUpdatedAt":null,"verifiedAt":null}},{"type":"Feature","geometry":{"type":"Point","coordinates":[13.7319175,51.0501177]},"properties":{"id":"bikerack:340a9b4b-4d27-4c02-84ea-87e071d3cbdb","kind":"bikerack","longitude":13.7319175,"latitude":51.0501177,"name":"Fahrradabstellplatz","city":"Dresden","address":null,"covered":false,"access":null,"website":null,"phone":null,"source":"OpenStreetMap/node/7180936331","sourceUpdatedAt":null,"verifiedAt":null}},{"type":"Feature","geometry":{"type":"Point","coordinates":[13.7398033,51.0518282]},"properties":{"id":"bikerack:344a2ff1-2ce7-447b-bbb0-45be1229a11e","kind":"bikerack","longitude":13.7398033,"latitude":51.0518282,"name":"Fahrradabstellplatz","city":"Dresden","address":null,"covered":false,"access":null,"website":null,"phone":null,"source":"OpenStreetMap/node/2054474517","sourceUpdatedAt":null,"verifiedAt":null}},{"type":"Feature","geometry":{"type":"Point","coordinates":[13.7319859,51.0451017]},"properties":{"id":"bikerack:356e6732-d3d2-4c26-b5d5-4a349f9895a9","kind":"bikerack","longitude":13.7319859,"latitude":51.0451017,"name":"Fahrradabstellplatz","city":"Dresden","address":null,"covered":false,"access":null,"website":null,"phone":null,"source":"OpenStreetMap/node/13078357716","sourceUpdatedAt":null,"verifiedAt":null}},{"type":"Feature","geometry":{"type":"Point","coordinates":[13.7234374,51.0525507]},"properties":{"id":"bikerack:357c60ef-9ad8-49aa-8436-0637e9eebbb3","kind":"bikerack","longitude":13.7234374,"latitude":51.0525507,"name":"Fahrradabstellplatz","city":"Dresden","address":null,"covered":false,"access":null,"website":null,"phone":null,"source":"OpenStreetMap/way/768887234","sourceUpdatedAt":null,"verifiedAt":null}},{"type":"Feature","geometry":{"type":"Point","coordinates":[13.7178465,51.0420248]},"properties":{"id":"bikerack:3597a29f-4988-438b-b225-b5ef090c3bf8","kind":"bikerack","longitude":13.7178465,"latitude":51.0420248,"name":"Fahrradabstellplatz","city":"Dresden","address":null,"covered":false,"access":null,"website":null,"phone":null,"source":"OpenStreetMap/node/5502281421","sourceUpdatedAt":null,"verifiedAt":null}},{"type":"Feature","geometry":{"type":"Point","coordinates":[13.7530499,51.0682247]},"properties":{"id":"bikerack:35d99c97-b514-4d98-b278-2a983eb86d09","kind":"bikerack","longitude":13.7530499,"latitude":51.0682247,"name":"Fahrradabstellplatz","city":"Albertstadt","address":null,"covered":false,"access":null,"website":null,"phone":null,"source":"OpenStreetMap/node/3574958240","sourceUpdatedAt":null,"verifiedAt":null}},{"type":"Feature","geometry":{"type":"Point","coordinates":[13.7387244,51.0505572]},"properties":{"id":"bikerack:35f7672e-99ef-4f0b-b00e-38198acb3836","kind":"bikerack","longitude":13.7387244,"latitude":51.0505572,"name":"Fahrradabstellplatz","city":"Dresden","address":null,"covered":false,"access":null,"website":null,"phone":null,"source":"OpenStreetMap/way/1203900646","sourceUpdatedAt":null,"verifiedAt":null}},{"type":"Feature","geometry":{"type":"Point","coordinates":[13.7538052,51.0510735]},"properties":{"id":"bikerack:360f934a-0f84-4c49-870f-bd27b752c785","kind":"bikerack","longitude":13.7538052,"latitude":51.0510735,"name":"Fahrradabstellplatz","city":"Dresden","address":null,"covered":false,"access":null,"website":null,"phone":null,"source":"OpenStreetMap/node/5104655977","sourceUpdatedAt":null,"verifiedAt":null}},{"type":"Feature","geometry":{"type":"Point","coordinates":[13.7518592,51.0670439]},"properties":{"id":"bikerack:37775409-02bd-4a74-93a2-47abe631e239","kind":"bikerack","longitude":13.7518592,"latitude":51.0670439,"name":"Fahrradabstellplatz","city":"Dresden","address":null,"covered":false,"access":null,"website":null,"phone":null,"source":"OpenStreetMap/node/1488272076","sourceUpdatedAt":null,"verifiedAt":null}},{"type":"Feature","geometry":{"type":"Point","coordinates":[13.7527567,51.0509743]},"properties":{"id":"bikerack:378a217c-d6f6-470e-8681-88bb1717c06b","kind":"bikerack","longitude":13.7527567,"latitude":51.0509743,"name":"Fahrradabstellplatz","city":"Dresden","address":null,"covered":false,"access":null,"website":null,"phone":null,"source":"OpenStreetMap/node/8618084511","sourceUpdatedAt":null,"verifiedAt":null}},{"type":"Feature","geometry":{"type":"Point","coordinates":[13.7311825,51.058228]},"properties":{"id":"bikerack:37fd6741-3110-4f5b-bf63-1395b32eeb0e","kind":"bikerack","longitude":13.7311825,"latitude":51.058228,"name":"Fahrradabstellplatz","city":"Dresden","address":null,"covered":false,"access":null,"website":null,"phone":null,"source":"OpenStreetMap/way/242302518","sourceUpdatedAt":null,"verifiedAt":null}},{"type":"Feature","geometry":{"type":"Point","coordinates":[13.7541739,51.0526606]},"properties":{"id":"bikerack:38f50e57-4053-4f77-8ebd-805126dc69ac","kind":"bikerack","longitude":13.7541739,"latitude":51.0526606,"name":"Fahrradabstellplatz","city":"Dresden","address":null,"covered":false,"access":null,"website":null,"phone":null,"source":"OpenStreetMap/node/8618109260","sourceUpdatedAt":null,"verifiedAt":null}},{"type":"Feature","geometry":{"type":"Point","coordinates":[13.7365089,51.046152]},"properties":{"id":"bikerack:390025f7-0654-407c-83e1-f0b97d8918e5","kind":"bikerack","longitude":13.7365089,"latitude":51.046152,"name":"Fahrradabstellplatz","city":"Dresden","address":null,"covered":false,"access":null,"website":null,"phone":null,"source":"OpenStreetMap/node/11494805653","sourceUpdatedAt":null,"verifiedAt":null}},{"type":"Feature","geometry":{"type":"Point","coordinates":[13.7316696,51.0548349]},"properties":{"id":"bikerack:39639c8a-3f4e-42aa-9911-49da4be8a41e","kind":"bikerack","longitude":13.7316696,"latitude":51.0548349,"name":"Fahrradabstellplatz","city":"Dresden","address":null,"covered":false,"access":null,"website":null,"phone":null,"source":"OpenStreetMap/node/12188550535","sourceUpdatedAt":null,"verifiedAt":null}},{"type":"Feature","geometry":{"type":"Point","coordinates":[13.7315224,51.0513279]},"properties":{"id":"bikerack:39ac93b0-ec26-4e8f-8684-e66e19d009ec","kind":"bikerack","longitude":13.7315224,"latitude":51.0513279,"name":"Fahrradabstellplatz","city":"Dresden","address":null,"covered":false,"access":null,"website":null,"phone":null,"source":"OpenStreetMap/node/4754860969","sourceUpdatedAt":null,"verifiedAt":null}},{"type":"Feature","geometry":{"type":"Point","coordinates":[13.7163864,51.0572085]},"properties":{"id":"bikerack:39b0d3fd-7f1b-4cb2-80c6-4770de58296d","kind":"bikerack","longitude":13.7163864,"latitude":51.0572085,"name":"Fahrradabstellplatz","city":"Dresden","address":null,"covered":false,"access":null,"website":null,"phone":null,"source":"OpenStreetMap/node/11611603468","sourceUpdatedAt":null,"verifiedAt":null}},{"type":"Feature","geometry":{"type":"Point","coordinates":[13.7368731,51.0423637]},"properties":{"id":"bikerack:39d0d4c0-39f6-4a80-984e-ead4139f488d","kind":"bikerack","longitude":13.7368731,"latitude":51.0423637,"name":"Fahrradabstellplatz","city":"Dresden","address":null,"covered":false,"access":null,"website":null,"phone":null,"source":"OpenStreetMap/node/12189098205","sourceUpdatedAt":null,"verifiedAt":null}},{"type":"Feature","geometry":{"type":"Point","coordinates":[13.7309938,51.0547799]},"properties":{"id":"bikerack:39e770b5-3aa3-4a73-b346-06c8e83121b2","kind":"bikerack","longitude":13.7309938,"latitude":51.0547799,"name":"Fahrradabstellplatz","city":"Dresden","address":null,"covered":false,"access":null,"website":null,"phone":null,"source":"OpenStreetMap/node/9843238828","sourceUpdatedAt":null,"verifiedAt":null}},{"type":"Feature","geometry":{"type":"Point","coordinates":[13.731087,51.0478247]},"properties":{"id":"bikerack:3a124a01-dd9d-4489-8bab-cb7fa155b968","kind":"bikerack","longitude":13.731087,"latitude":51.0478247,"name":"Fahrradabstellplatz","city":"Dresden","address":null,"covered":false,"access":null,"website":null,"phone":null,"source":"OpenStreetMap/node/13180637748","sourceUpdatedAt":null,"verifiedAt":null}},{"type":"Feature","geometry":{"type":"Point","coordinates":[13.7231691,51.0528744]},"properties":{"id":"bikerack:3a739d0c-920c-4a59-8e88-be017d0aa0cd","kind":"bikerack","longitude":13.7231691,"latitude":51.0528744,"name":"Fahrradabstellplatz","city":"Dresden","address":null,"covered":false,"access":null,"website":null,"phone":null,"source":"OpenStreetMap/node/9698586958","sourceUpdatedAt":null,"verifiedAt":null}},{"type":"Feature","geometry":{"type":"Point","coordinates":[13.7515208,51.0628807]},"properties":{"id":"bikerack:3a92ab8e-c9eb-4ef9-8437-c69672eefa36","kind":"bikerack","longitude":13.7515208,"latitude":51.0628807,"name":"Fahrradabstellplatz","city":"Dresden","address":null,"covered":false,"access":null,"website":null,"phone":null,"source":"OpenStreetMap/node/3394518495","sourceUpdatedAt":null,"verifiedAt":null}},{"type":"Feature","geometry":{"type":"Point","coordinates":[13.7294899,51.0519391]},"properties":{"id":"bikerack:3a9c4253-9b1b-477a-a41e-71c1fd2e690c","kind":"bikerack","longitude":13.7294899,"latitude":51.0519391,"name":"Fahrradabstellplatz","city":"Dresden","address":null,"covered":false,"access":null,"website":null,"phone":null,"source":"OpenStreetMap/node/6455414661","sourceUpdatedAt":null,"verifiedAt":null}},{"type":"Feature","geometry":{"type":"Point","coordinates":[13.7325881,51.0472173]},"properties":{"id":"bikerack:3ac6749f-677f-4ef4-a273-0d411e77340b","kind":"bikerack","longitude":13.7325881,"latitude":51.0472173,"name":"Fahrradabstellplatz","city":"Dresden","address":null,"covered":false,"access":null,"website":null,"phone":null,"source":"OpenStreetMap/node/13078371077","sourceUpdatedAt":null,"verifiedAt":null}},{"type":"Feature","geometry":{"type":"Point","coordinates":[13.7182076,51.0600812]},"properties":{"id":"bikerack:3b926614-5e98-4382-a04c-97c86cfebc03","kind":"bikerack","longitude":13.7182076,"latitude":51.0600812,"name":"Fahrradabstellplatz","city":"Dresden","address":null,"covered":false,"access":null,"website":null,"phone":null,"source":"OpenStreetMap/node/8930785106","sourceUpdatedAt":null,"verifiedAt":null}},{"type":"Feature","geometry":{"type":"Point","coordinates":[13.7351836,51.0508422]},"properties":{"id":"bikerack:3bd54eab-bd06-4cc6-81ea-05d8216f2aef","kind":"bikerack","longitude":13.7351836,"latitude":51.0508422,"name":"Fahrradabstellplatz","city":"Dresden","address":null,"covered":false,"access":null,"website":null,"phone":null,"source":"OpenStreetMap/node/13026953597","sourceUpdatedAt":null,"verifiedAt":null}},{"type":"Feature","geometry":{"type":"Point","coordinates":[13.7331609,51.0456457]},"properties":{"id":"bikerack:3c69a0fd-69f7-4575-9fc9-f0005266ab0d","kind":"bikerack","longitude":13.7331609,"latitude":51.0456457,"name":"Fahrradabstellplatz","city":"Dresden","address":null,"covered":false,"access":null,"website":null,"phone":null,"source":"OpenStreetMap/node/10151776106","sourceUpdatedAt":null,"verifiedAt":null}},{"type":"Feature","geometry":{"type":"Point","coordinates":[13.7229716,51.047671]},"properties":{"id":"bikerack:3ce1b730-4d7f-4a86-a638-3237541718b2","kind":"bikerack","longitude":13.7229716,"latitude":51.047671,"name":"Fahrradabstellplatz","city":"Dresden","address":null,"covered":false,"access":null,"website":null,"phone":null,"source":"OpenStreetMap/node/13675351777","sourceUpdatedAt":null,"verifiedAt":null}},{"type":"Feature","geometry":{"type":"Point","coordinates":[13.7209266,51.049126]},"properties":{"id":"bikerack:3d3767eb-2348-435d-8cbf-8e07f393515e","kind":"bikerack","longitude":13.7209266,"latitude":51.049126,"name":"Fahrradabstellplatz","city":"Dresden","address":null,"covered":false,"access":null,"website":null,"phone":null,"source":"OpenStreetMap/node/317610550","sourceUpdatedAt":null,"verifiedAt":null}},{"type":"Feature","geometry":{"type":"Point","coordinates":[13.7144613,51.0509917]},"properties":{"id":"bikerack:3d87ef7f-c47c-4b7c-a7a1-8ef46700f511","kind":"bikerack","longitude":13.7144613,"latitude":51.0509917,"name":"Fahrradabstellplatz","city":"Dresden","address":null,"covered":false,"access":null,"website":null,"phone":null,"source":"OpenStreetMap/node/13689080691","sourceUpdatedAt":null,"verifiedAt":null}},{"type":"Feature","geometry":{"type":"Point","coordinates":[13.7228154,51.0517943]},"properties":{"id":"bikerack:3e8c3700-60a8-42fe-b9ce-937e863a1822","kind":"bikerack","longitude":13.7228154,"latitude":51.0517943,"name":"Fahrradabstellplatz","city":"Dresden","address":null,"covered":false,"access":null,"website":null,"phone":null,"source":"OpenStreetMap/way/768887245","sourceUpdatedAt":null,"verifiedAt":null}},{"type":"Feature","geometry":{"type":"Point","coordinates":[13.7543004,51.0507495]},"properties":{"id":"bikerack:3e8e8568-60c3-40a2-92aa-922d345cc3bc","kind":"bikerack","longitude":13.7543004,"latitude":51.0507495,"name":"Fahrradabstellplatz","city":"Dresden","address":null,"covered":false,"access":null,"website":null,"phone":null,"source":"OpenStreetMap/node/8618109269","sourceUpdatedAt":null,"verifiedAt":null}},{"type":"Feature","geometry":{"type":"Point","coordinates":[13.7346455,51.0487437]},"properties":{"id":"bikerack:3ebe906c-296c-4405-a8e3-ee81dff4ff36","kind":"bikerack","longitude":13.7346455,"latitude":51.0487437,"name":"Fahrradabstellplatz","city":"Dresden","address":null,"covered":false,"access":null,"website":null,"phone":null,"source":"OpenStreetMap/node/1250771113","sourceUpdatedAt":null,"verifiedAt":null}},{"type":"Feature","geometry":{"type":"Point","coordinates":[13.747009,51.049917]},"properties":{"id":"bikerack:3f001a86-017b-425b-a942-814e50b45272","kind":"bikerack","longitude":13.747009,"latitude":51.049917,"name":"Fahrradabstellplatz","city":"Dresden","address":null,"covered":false,"access":null,"website":null,"phone":null,"source":"OpenStreetMap/node/1048647944","sourceUpdatedAt":null,"verifiedAt":null}},{"type":"Feature","geometry":{"type":"Point","coordinates":[13.7235331,51.0575185]},"properties":{"id":"bikerack:400dc5fc-6e76-44b8-b44c-aa884cc0b819","kind":"bikerack","longitude":13.7235331,"latitude":51.0575185,"name":"Fahrradabstellplatz","city":"Dresden","address":null,"covered":true,"access":null,"website":null,"phone":null,"source":"OpenStreetMap/node/13154899334","sourceUpdatedAt":null,"verifiedAt":null}},{"type":"Feature","geometry":{"type":"Point","coordinates":[13.7431681,51.0596648]},"properties":{"id":"bikerack:4027a451-8148-4188-ae09-602676d49ecb","kind":"bikerack","longitude":13.7431681,"latitude":51.0596648,"name":"Fahrradabstellplatz","city":"Dresden","address":null,"covered":false,"access":null,"website":null,"phone":null,"source":"OpenStreetMap/node/3682919630","sourceUpdatedAt":null,"verifiedAt":null}},{"type":"Feature","geometry":{"type":"Point","coordinates":[13.7541842,51.0525155]},"properties":{"id":"bikerack:40cb9abf-c44a-4950-a00d-b080bff66792","kind":"bikerack","longitude":13.7541842,"latitude":51.0525155,"name":"Fahrradabstellplatz","city":"Dresden","address":null,"covered":false,"access":null,"website":null,"phone":null,"source":"OpenStreetMap/node/8618109275","sourceUpdatedAt":null,"verifiedAt":null}},{"type":"Feature","geometry":{"type":"Point","coordinates":[13.7378353,51.0513695]},"properties":{"id":"bikerack:41275e14-e5f3-4c1e-89b0-bceb34a189f0","kind":"bikerack","longitude":13.7378353,"latitude":51.0513695,"name":"Fahrradabstellplatz","city":"Dresden","address":null,"covered":false,"access":null,"website":null,"phone":null,"source":"OpenStreetMap/node/5174560823","sourceUpdatedAt":null,"verifiedAt":null}},{"type":"Feature","geometry":{"type":"Point","coordinates":[13.7415709,51.0612516]},"properties":{"id":"bikerack:415325cc-65cd-4c25-9059-881b36c9562d","kind":"bikerack","longitude":13.7415709,"latitude":51.0612516,"name":"Fahrradabstellplatz","city":"Dresden","address":null,"covered":false,"access":null,"website":null,"phone":null,"source":"OpenStreetMap/node/1854021999","sourceUpdatedAt":null,"verifiedAt":null}},{"type":"Feature","geometry":{"type":"Point","coordinates":[13.7158064,51.058504]},"properties":{"id":"bikerack:41eb8acf-1fff-47f8-9cd8-88322bc026ba","kind":"bikerack","longitude":13.7158064,"latitude":51.058504,"name":"Fahrradabstellplatz","city":"Dresden","address":null,"covered":true,"access":null,"website":null,"phone":null,"source":"OpenStreetMap/node/4754933534","sourceUpdatedAt":null,"verifiedAt":null}},{"type":"Feature","geometry":{"type":"Point","coordinates":[13.7387331,51.0475854]},"properties":{"id":"bikerack:424af5aa-3330-4072-b007-b2a0b3fa6c37","kind":"bikerack","longitude":13.7387331,"latitude":51.0475854,"name":"Fahrradabstellplatz","city":"Dresden","address":null,"covered":false,"access":null,"website":null,"phone":null,"source":"OpenStreetMap/node/1858186265","sourceUpdatedAt":null,"verifiedAt":null}},{"type":"Feature","geometry":{"type":"Point","coordinates":[13.7470815,51.0673451]},"properties":{"id":"bikerack:42959c45-b3f7-4670-98e2-5676d08e6803","kind":"bikerack","longitude":13.7470815,"latitude":51.0673451,"name":"Fahrradabstellplatz","city":"Dresden","address":null,"covered":false,"access":null,"website":null,"phone":null,"source":"OpenStreetMap/node/9889704081","sourceUpdatedAt":null,"verifiedAt":null}},{"type":"Feature","geometry":{"type":"Point","coordinates":[13.7433131,51.0616795]},"properties":{"id":"bikerack:429cff38-4237-4708-93ca-dca3183efc36","kind":"bikerack","longitude":13.7433131,"latitude":51.0616795,"name":"Fahrradabstellplatz","city":"Dresden","address":null,"covered":false,"access":null,"website":null,"phone":null,"source":"OpenStreetMap/node/3682035900","sourceUpdatedAt":null,"verifiedAt":null}},{"type":"Feature","geometry":{"type":"Point","coordinates":[13.7418271,51.053072]},"properties":{"id":"bikerack:43740244-9470-46f9-b5b2-851c8b951baf","kind":"bikerack","longitude":13.7418271,"latitude":51.053072,"name":"Fahrradabstellplatz","city":"Dresden","address":null,"covered":false,"access":null,"website":null,"phone":null,"source":"OpenStreetMap/node/9189474628","sourceUpdatedAt":null,"verifiedAt":null}},{"type":"Feature","geometry":{"type":"Point","coordinates":[13.7455557,51.0416787]},"properties":{"id":"bikerack:437d1ff3-78aa-4bb1-9697-e24e28cbab8e","kind":"bikerack","longitude":13.7455557,"latitude":51.0416787,"name":"Fahrradabstellplatz","city":"Dresden","address":null,"covered":false,"access":null,"website":null,"phone":null,"source":"OpenStreetMap/node/2932833353","sourceUpdatedAt":null,"verifiedAt":null}},{"type":"Feature","geometry":{"type":"Point","coordinates":[13.7358806,51.04768]},"properties":{"id":"bikerack:438fc470-56df-4936-ab2a-019aa706a850","kind":"bikerack","longitude":13.7358806,"latitude":51.04768,"name":"Fahrradabstellplatz","city":"Dresden","address":null,"covered":false,"access":null,"website":null,"phone":null,"source":"OpenStreetMap/node/12192849813","sourceUpdatedAt":null,"verifiedAt":null}},{"type":"Feature","geometry":{"type":"Point","coordinates":[13.7345739,51.0518712]},"properties":{"id":"bikerack:43cbeb6d-996e-4e4e-93ad-9cd0b462f4ef","kind":"bikerack","longitude":13.7345739,"latitude":51.0518712,"name":"Fahrradabstellplatz","city":"Dresden","address":null,"covered":false,"access":null,"website":null,"phone":null,"source":"OpenStreetMap/way/1203900649","sourceUpdatedAt":null,"verifiedAt":null}},{"type":"Feature","geometry":{"type":"Point","coordinates":[13.7342706,51.0414264]},"properties":{"id":"bikerack:43ed72bc-0d14-425b-a39b-f493627e09a6","kind":"bikerack","longitude":13.7342706,"latitude":51.0414264,"name":"Fahrradabstellplatz","city":"Dresden","address":null,"covered":false,"access":null,"website":null,"phone":null,"source":"OpenStreetMap/node/12132462388","sourceUpdatedAt":null,"verifiedAt":null}},{"type":"Feature","geometry":{"type":"Point","coordinates":[13.724859,51.0570497]},"properties":{"id":"bikerack:44652330-caa3-4526-aabc-de93b82b4295","kind":"bikerack","longitude":13.724859,"latitude":51.0570497,"name":"Fahrradabstellplatz","city":"Dresden","address":null,"covered":false,"access":null,"website":null,"phone":null,"source":"OpenStreetMap/node/12693511430","sourceUpdatedAt":null,"verifiedAt":null}},{"type":"Feature","geometry":{"type":"Point","coordinates":[13.7402017,51.0617429]},"properties":{"id":"bikerack:4549bf59-66c8-4bca-bfce-98023bc25e9e","kind":"bikerack","longitude":13.7402017,"latitude":51.0617429,"name":"Fahrradabstellplatz","city":"Dresden","address":null,"covered":false,"access":null,"website":null,"phone":null,"source":"OpenStreetMap/node/10827640057","sourceUpdatedAt":null,"verifiedAt":null}},{"type":"Feature","geometry":{"type":"Point","coordinates":[13.723285,51.054777]},"properties":{"id":"bikerack:454c5a49-75f0-4fd8-a33d-8a940b62c800","kind":"bikerack","longitude":13.723285,"latitude":51.054777,"name":"Fahrradabstellplatz","city":"Dresden","address":null,"covered":false,"access":null,"website":null,"phone":null,"source":"OpenStreetMap/node/6197528937","sourceUpdatedAt":null,"verifiedAt":null}},{"type":"Feature","geometry":{"type":"Point","coordinates":[13.7521024,51.059558]},"properties":{"id":"bikerack:458796cc-ae45-466c-9a74-c2caf197a876","kind":"bikerack","longitude":13.7521024,"latitude":51.059558,"name":"Fahrradabstellplatz","city":"Dresden","address":null,"covered":false,"access":null,"website":null,"phone":null,"source":"OpenStreetMap/node/9090882015","sourceUpdatedAt":null,"verifiedAt":null}},{"type":"Feature","geometry":{"type":"Point","coordinates":[13.7153608,51.0623823]},"properties":{"id":"bikerack:45f94e62-38cc-404d-8646-b4e1a69ee254","kind":"bikerack","longitude":13.7153608,"latitude":51.0623823,"name":"Fahrradabstellplatz","city":"Dresden","address":null,"covered":false,"access":null,"website":null,"phone":null,"source":"OpenStreetMap/node/6925738392","sourceUpdatedAt":null,"verifiedAt":null}},{"type":"Feature","geometry":{"type":"Point","coordinates":[13.7358899,51.0438179]},"properties":{"id":"bikerack:46302c47-f9b5-4333-ba0f-606c0bc32b06","kind":"bikerack","longitude":13.7358899,"latitude":51.0438179,"name":"Fahrradabstellplatz","city":"Dresden","address":null,"covered":false,"access":null,"website":null,"phone":null,"source":"OpenStreetMap/node/12188598866","sourceUpdatedAt":null,"verifiedAt":null}},{"type":"Feature","geometry":{"type":"Point","coordinates":[13.7278899,51.0624084]},"properties":{"id":"bikerack:46e81b26-e938-4d42-a67e-704df1442a7b","kind":"bikerack","longitude":13.7278899,"latitude":51.0624084,"name":"Fahrradabstellplatz","city":"Dresden","address":null,"covered":false,"access":null,"website":null,"phone":null,"source":"OpenStreetMap/node/1752311540","sourceUpdatedAt":null,"verifiedAt":null}},{"type":"Feature","geometry":{"type":"Point","coordinates":[13.75273,51.068048]},"properties":{"id":"bikerack:4738f782-4445-46a1-8c16-d9b9dac9d039","kind":"bikerack","longitude":13.75273,"latitude":51.068048,"name":"Fahrradabstellplatz","city":"Albertstadt","address":null,"covered":false,"access":null,"website":null,"phone":null,"source":"OpenStreetMap/node/3574958239","sourceUpdatedAt":null,"verifiedAt":null}},{"type":"Feature","geometry":{"type":"Point","coordinates":[13.743358,51.0598664]},"properties":{"id":"bikerack:47bd1695-29fe-4960-9fa5-bc720e1861a3","kind":"bikerack","longitude":13.743358,"latitude":51.0598664,"name":"Fahrradabstellplatz","city":"Dresden","address":null,"covered":false,"access":null,"website":null,"phone":null,"source":"OpenStreetMap/node/3682919631","sourceUpdatedAt":null,"verifiedAt":null}},{"type":"Feature","geometry":{"type":"Point","coordinates":[13.7367107,51.0438929]},"properties":{"id":"bikerack:4830628c-1e7f-4094-b69c-7dc4a7d996f6","kind":"bikerack","longitude":13.7367107,"latitude":51.0438929,"name":"Fahrradabstellplatz","city":"Dresden","address":null,"covered":false,"access":null,"website":null,"phone":null,"source":"OpenStreetMap/node/1307487785","sourceUpdatedAt":null,"verifiedAt":null}},{"type":"Feature","geometry":{"type":"Point","coordinates":[13.7497451,51.0574313]},"properties":{"id":"bikerack:4895b13d-ed32-45d9-943e-1b4ea39fe8e4","kind":"bikerack","longitude":13.7497451,"latitude":51.0574313,"name":"Fahrradabstellplatz","city":"Dresden","address":null,"covered":true,"access":null,"website":null,"phone":null,"source":"OpenStreetMap/way/1366621168","sourceUpdatedAt":null,"verifiedAt":null}},{"type":"Feature","geometry":{"type":"Point","coordinates":[13.7415133,51.0425443]},"properties":{"id":"bikerack:489b958c-0b5c-4baf-9e72-3e99b817f321","kind":"bikerack","longitude":13.7415133,"latitude":51.0425443,"name":"Fahrradabstellplatz","city":"Dresden","address":null,"covered":false,"access":null,"website":null,"phone":null,"source":"OpenStreetMap/node/3136808239","sourceUpdatedAt":null,"verifiedAt":null}},{"type":"Feature","geometry":{"type":"Point","coordinates":[13.7319419,51.0426966]},"properties":{"id":"bikerack:48c65e76-1bd5-4d13-826f-0c64cedfe1d8","kind":"bikerack","longitude":13.7319419,"latitude":51.0426966,"name":"Fahrradabstellplatz","city":"Dresden","address":null,"covered":false,"access":null,"website":null,"phone":null,"source":"OpenStreetMap/node/3592597700","sourceUpdatedAt":null,"verifiedAt":null}},{"type":"Feature","geometry":{"type":"Point","coordinates":[13.7143534,51.0625226]},"properties":{"id":"bikerack:491d6f13-8f0a-4e07-a29f-17a63a2a763e","kind":"bikerack","longitude":13.7143534,"latitude":51.0625226,"name":"Fahrradabstellplatz","city":"Dresden","address":null,"covered":false,"access":null,"website":null,"phone":null,"source":"OpenStreetMap/node/6925738394","sourceUpdatedAt":null,"verifiedAt":null}},{"type":"Feature","geometry":{"type":"Point","coordinates":[13.75281,51.0520226]},"properties":{"id":"bikerack:492099b0-473c-46f9-8589-a713ad275e49","kind":"bikerack","longitude":13.75281,"latitude":51.0520226,"name":"Fahrradabstellplatz","city":"Dresden","address":null,"covered":false,"access":null,"website":null,"phone":null,"source":"OpenStreetMap/node/8820960002","sourceUpdatedAt":null,"verifiedAt":null}},{"type":"Feature","geometry":{"type":"Point","coordinates":[13.7541934,51.0656735]},"properties":{"id":"bikerack:49e8b764-6411-42ec-85c2-0980a98a1c42","kind":"bikerack","longitude":13.7541934,"latitude":51.0656735,"name":"Fahrradabstellplatz","city":"Albertstadt","address":null,"covered":false,"access":null,"website":null,"phone":null,"source":"OpenStreetMap/node/3936505784","sourceUpdatedAt":null,"verifiedAt":null}},{"type":"Feature","geometry":{"type":"Point","coordinates":[13.7442701,51.0473439]},"properties":{"id":"bikerack:49ee2f11-6f1f-4ee0-9a88-383ce6919628","kind":"bikerack","longitude":13.7442701,"latitude":51.0473439,"name":"Fahrradabstellplatz","city":"Dresden","address":null,"covered":false,"access":null,"website":null,"phone":null,"source":"OpenStreetMap/node/3677697926","sourceUpdatedAt":null,"verifiedAt":null}},{"type":"Feature","geometry":{"type":"Point","coordinates":[13.7514268,51.0419796]},"properties":{"id":"bikerack:4b0607ad-2210-41c3-b5ca-b17772ae4113","kind":"bikerack","longitude":13.7514268,"latitude":51.0419796,"name":"Fahrradabstellplatz","city":"Dresden","address":null,"covered":false,"access":null,"website":null,"phone":null,"source":"OpenStreetMap/node/13168334763","sourceUpdatedAt":null,"verifiedAt":null}},{"type":"Feature","geometry":{"type":"Point","coordinates":[13.753832,51.0690016]},"properties":{"id":"bikerack:4b699720-f52a-4d88-a32e-97525f88f9b5","kind":"bikerack","longitude":13.753832,"latitude":51.0690016,"name":"Fahrradabstellplatz","city":"Albertstadt","address":null,"covered":false,"access":null,"website":null,"phone":null,"source":"OpenStreetMap/node/2050320306","sourceUpdatedAt":null,"verifiedAt":null}},{"type":"Feature","geometry":{"type":"Point","coordinates":[13.7384265,51.0423329]},"properties":{"id":"bikerack:4c0b4593-c8b3-4a91-a20e-94b6798fd315","kind":"bikerack","longitude":13.7384265,"latitude":51.0423329,"name":"Fahrradabstellplatz","city":"Dresden","address":null,"covered":false,"access":null,"website":null,"phone":null,"source":"OpenStreetMap/node/12135265160","sourceUpdatedAt":null,"verifiedAt":null}},{"type":"Feature","geometry":{"type":"Point","coordinates":[13.7247766,51.053558]},"properties":{"id":"bikerack:4c23c11f-2e75-40f7-aa82-975073883088","kind":"bikerack","longitude":13.7247766,"latitude":51.053558,"name":"Fahrradabstellplatz","city":"Dresden","address":null,"covered":false,"access":null,"website":null,"phone":null,"source":"OpenStreetMap/node/431420115","sourceUpdatedAt":null,"verifiedAt":null}},{"type":"Feature","geometry":{"type":"Point","coordinates":[13.7547855,51.049894]},"properties":{"id":"bikerack:4c4dc544-0440-41a7-84d5-436dd35ff0c0","kind":"bikerack","longitude":13.7547855,"latitude":51.049894,"name":"Fahrradabstellplatz","city":"Dresden","address":null,"covered":false,"access":null,"website":null,"phone":null,"source":"OpenStreetMap/node/12974029616","sourceUpdatedAt":null,"verifiedAt":null}},{"type":"Feature","geometry":{"type":"Point","coordinates":[13.7489588,51.0642844]},"properties":{"id":"bikerack:4ca59115-7a14-45c9-a7e1-27933de97f28","kind":"bikerack","longitude":13.7489588,"latitude":51.0642844,"name":"Fahrradabstellplatz","city":"Dresden","address":null,"covered":false,"access":null,"website":null,"phone":null,"source":"OpenStreetMap/node/3574958231","sourceUpdatedAt":null,"verifiedAt":null}},{"type":"Feature","geometry":{"type":"Point","coordinates":[13.7405287,51.0474254]},"properties":{"id":"bikerack:4cc2e28a-9441-431e-ae4f-c1b840e55220","kind":"bikerack","longitude":13.7405287,"latitude":51.0474254,"name":"Fahrradabstellplatz","city":"Dresden","address":null,"covered":false,"access":null,"website":null,"phone":null,"source":"OpenStreetMap/node/372828745","sourceUpdatedAt":null,"verifiedAt":null}},{"type":"Feature","geometry":{"type":"Point","coordinates":[13.7461502,51.046642]},"properties":{"id":"bikerack:4d1f340c-4921-4298-929d-929a745a7cc7","kind":"bikerack","longitude":13.7461502,"latitude":51.046642,"name":"Fahrradabstellplatz","city":"Dresden","address":null,"covered":false,"access":null,"website":null,"phone":null,"source":"OpenStreetMap/node/9931960923","sourceUpdatedAt":null,"verifiedAt":null}},{"type":"Feature","geometry":{"type":"Point","coordinates":[13.7195647,51.0540073]},"properties":{"id":"bikerack:4dbcf6d5-f82c-4303-8083-1d5a634fc315","kind":"bikerack","longitude":13.7195647,"latitude":51.0540073,"name":"Fahrradabstellplatz","city":"Dresden","address":null,"covered":false,"access":null,"website":null,"phone":null,"source":"OpenStreetMap/node/13689133143","sourceUpdatedAt":null,"verifiedAt":null}},{"type":"Feature","geometry":{"type":"Point","coordinates":[13.7225358,51.0491367]},"properties":{"id":"bikerack:4e60ff9a-9055-4052-a481-7e405ac59562","kind":"bikerack","longitude":13.7225358,"latitude":51.0491367,"name":"Fahrradabstellplatz","city":"Dresden","address":null,"covered":false,"access":null,"website":null,"phone":null,"source":"OpenStreetMap/node/11502697885","sourceUpdatedAt":null,"verifiedAt":null}},{"type":"Feature","geometry":{"type":"Point","coordinates":[13.7382142,51.0476533]},"properties":{"id":"bikerack:4eb9892a-cb69-4158-962f-f6867fe80218","kind":"bikerack","longitude":13.7382142,"latitude":51.0476533,"name":"Fahrradabstellplatz","city":"Dresden","address":null,"covered":false,"access":null,"website":null,"phone":null,"source":"OpenStreetMap/node/13345967545","sourceUpdatedAt":null,"verifiedAt":null}},{"type":"Feature","geometry":{"type":"Point","coordinates":[13.7440373,51.06096]},"properties":{"id":"bikerack:4ede67e9-c46e-4680-8f88-2f43111b0880","kind":"bikerack","longitude":13.7440373,"latitude":51.06096,"name":"Fahrradabstellplatz","city":"Dresden","address":null,"covered":false,"access":null,"website":null,"phone":null,"source":"OpenStreetMap/node/3682035889","sourceUpdatedAt":null,"verifiedAt":null}},{"type":"Feature","geometry":{"type":"Point","coordinates":[13.7284386,51.0468834]},"properties":{"id":"bikerack:4ef932af-aed5-4756-be4a-e45a0f26e77d","kind":"bikerack","longitude":13.7284386,"latitude":51.0468834,"name":"Fahrradabstellplatz","city":"Dresden","address":null,"covered":false,"access":null,"website":null,"phone":null,"source":"OpenStreetMap/node/12334736895","sourceUpdatedAt":null,"verifiedAt":null}},{"type":"Feature","geometry":{"type":"Point","coordinates":[13.7536678,51.0497634]},"properties":{"id":"bikerack:4f6f10dc-60f3-4227-8da4-a69ba9f4366a","kind":"bikerack","longitude":13.7536678,"latitude":51.0497634,"name":"Fahrradabstellplatz","city":"Dresden","address":null,"covered":false,"access":null,"website":null,"phone":null,"source":"OpenStreetMap/node/4307049293","sourceUpdatedAt":null,"verifiedAt":null}},{"type":"Feature","geometry":{"type":"Point","coordinates":[13.7546712,51.0551832]},"properties":{"id":"bikerack:4f7fe3f1-c23e-4883-a2c1-5a6a6c7128d1","kind":"bikerack","longitude":13.7546712,"latitude":51.0551832,"name":"Fahrradabstellplatz","city":"Dresden","address":null,"covered":false,"access":null,"website":null,"phone":null,"source":"OpenStreetMap/node/10578321578","sourceUpdatedAt":null,"verifiedAt":null}},{"type":"Feature","geometry":{"type":"Point","coordinates":[13.7298125,51.068122]},"properties":{"id":"bikerack:4fa1f4c6-8118-4ca4-adda-8af3fabd8fa6","kind":"bikerack","longitude":13.7298125,"latitude":51.068122,"name":"Fahrradabstellplatz","city":"Dresden","address":null,"covered":true,"access":null,"website":null,"phone":null,"source":"OpenStreetMap/way/916736045","sourceUpdatedAt":null,"verifiedAt":null}},{"type":"Feature","geometry":{"type":"Point","coordinates":[13.7195076,51.0587801]},"properties":{"id":"bikerack:4fa59d06-866b-4e19-8cd1-bb54416695dc","kind":"bikerack","longitude":13.7195076,"latitude":51.0587801,"name":"Fahrradabstellplatz","city":"Dresden","address":null,"covered":false,"access":null,"website":null,"phone":null,"source":"OpenStreetMap/node/4780780881","sourceUpdatedAt":null,"verifiedAt":null}},{"type":"Feature","geometry":{"type":"Point","coordinates":[13.7392008,51.0414828]},"properties":{"id":"bikerack:4fc52bd9-7567-4d99-a5dc-2b0684916cae","kind":"bikerack","longitude":13.7392008,"latitude":51.0414828,"name":"Fahrradabstellplatz","city":"Dresden","address":null,"covered":false,"access":null,"website":null,"phone":null,"source":"OpenStreetMap/node/10148257112","sourceUpdatedAt":null,"verifiedAt":null}},{"type":"Feature","geometry":{"type":"Point","coordinates":[13.7328539,51.0648336]},"properties":{"id":"bikerack:50048390-949a-46ea-8549-c360c1fe2a70","kind":"bikerack","longitude":13.7328539,"latitude":51.0648336,"name":"Fahrradabstellplatz","city":"Dresden","address":null,"covered":true,"access":null,"website":null,"phone":null,"source":"OpenStreetMap/way/852036837","sourceUpdatedAt":null,"verifiedAt":null}},{"type":"Feature","geometry":{"type":"Point","coordinates":[13.7378365,51.0429083]},"properties":{"id":"bikerack:500b0295-5e77-4d2a-b4f1-3fce6d3ea72f","kind":"bikerack","longitude":13.7378365,"latitude":51.0429083,"name":"Fahrradabstellplatz","city":"Dresden","address":null,"covered":false,"access":null,"website":null,"phone":null,"source":"OpenStreetMap/node/12135265157","sourceUpdatedAt":null,"verifiedAt":null}},{"type":"Feature","geometry":{"type":"Point","coordinates":[13.7539913,51.051664]},"properties":{"id":"bikerack:507a5006-c146-4b50-a6b1-0d4ce7cc6354","kind":"bikerack","longitude":13.7539913,"latitude":51.051664,"name":"Fahrradabstellplatz","city":"Dresden","address":null,"covered":false,"access":null,"website":null,"phone":null,"source":"OpenStreetMap/node/5104655984","sourceUpdatedAt":null,"verifiedAt":null}},{"type":"Feature","geometry":{"type":"Point","coordinates":[13.7527364,51.0525468]},"properties":{"id":"bikerack:51061730-cff2-43d6-be30-d46df971731e","kind":"bikerack","longitude":13.7527364,"latitude":51.0525468,"name":"Fahrradabstellplatz","city":"Dresden","address":null,"covered":false,"access":null,"website":null,"phone":null,"source":"OpenStreetMap/node/8618084501","sourceUpdatedAt":null,"verifiedAt":null}},{"type":"Feature","geometry":{"type":"Point","coordinates":[13.7479937,51.0680131]},"properties":{"id":"bikerack:5117c481-140f-424c-b724-b640a20e5b2a","kind":"bikerack","longitude":13.7479937,"latitude":51.0680131,"name":"Fahrradabstellplatz","city":"Dresden","address":null,"covered":false,"access":null,"website":null,"phone":null,"source":"OpenStreetMap/node/12473683323","sourceUpdatedAt":null,"verifiedAt":null}},{"type":"Feature","geometry":{"type":"Point","coordinates":[13.7471591,51.0641192]},"properties":{"id":"bikerack:51228d12-a5b5-45c4-9786-8aaf2606c19e","kind":"bikerack","longitude":13.7471591,"latitude":51.0641192,"name":"Fahrradabstellplatz","city":"Dresden","address":null,"covered":false,"access":null,"website":null,"phone":null,"source":"OpenStreetMap/node/3574958229","sourceUpdatedAt":null,"verifiedAt":null}},{"type":"Feature","geometry":{"type":"Point","coordinates":[13.7225327,51.0496705]},"properties":{"id":"bikerack:5125cbd8-e568-418a-9f11-8674ba8a7eb5","kind":"bikerack","longitude":13.7225327,"latitude":51.0496705,"name":"Fahrradabstellplatz","city":"Dresden","address":null,"covered":false,"access":null,"website":null,"phone":null,"source":"OpenStreetMap/node/10171783633","sourceUpdatedAt":null,"verifiedAt":null}},{"type":"Feature","geometry":{"type":"Point","coordinates":[13.7411491,51.0615362]},"properties":{"id":"bikerack:51dec6f3-aa1b-4da2-9872-0d08aeb942e0","kind":"bikerack","longitude":13.7411491,"latitude":51.0615362,"name":"Fahrradabstellplatz","city":"Dresden","address":null,"covered":false,"access":null,"website":null,"phone":null,"source":"OpenStreetMap/node/5760591453","sourceUpdatedAt":null,"verifiedAt":null}},{"type":"Feature","geometry":{"type":"Point","coordinates":[13.7329184,51.0491693]},"properties":{"id":"bikerack:52ab47a3-f907-4388-872b-f42702d8697e","kind":"bikerack","longitude":13.7329184,"latitude":51.0491693,"name":"Fahrradabstellplatz","city":"Dresden","address":null,"covered":false,"access":null,"website":null,"phone":null,"source":"OpenStreetMap/node/10156524533","sourceUpdatedAt":null,"verifiedAt":null}},{"type":"Feature","geometry":{"type":"Point","coordinates":[13.7399875,51.0605688]},"properties":{"id":"bikerack:52c46f60-b738-4a01-b4e4-2827b670d2cb","kind":"bikerack","longitude":13.7399875,"latitude":51.0605688,"name":"Fahrradabstellplatz","city":"Dresden","address":null,"covered":false,"access":null,"website":null,"phone":null,"source":"OpenStreetMap/node/3682035887","sourceUpdatedAt":null,"verifiedAt":null}},{"type":"Feature","geometry":{"type":"Point","coordinates":[13.7414183,51.0649465]},"properties":{"id":"bikerack:53571386-f1af-4bfa-9330-0f5b32388805","kind":"bikerack","longitude":13.7414183,"latitude":51.0649465,"name":"Fahrradabstellplatz","city":"Dresden","address":null,"covered":true,"access":null,"website":null,"phone":null,"source":"OpenStreetMap/way/238812944","sourceUpdatedAt":null,"verifiedAt":null}},{"type":"Feature","geometry":{"type":"Point","coordinates":[13.7222994,51.0556844]},"properties":{"id":"bikerack:540abdbf-0abf-4af4-8a1d-e8d787f3f221","kind":"bikerack","longitude":13.7222994,"latitude":51.0556844,"name":"Fahrradabstellplatz","city":"Dresden","address":null,"covered":false,"access":null,"website":null,"phone":null,"source":"OpenStreetMap/node/6361195230","sourceUpdatedAt":null,"verifiedAt":null}},{"type":"Feature","geometry":{"type":"Point","coordinates":[13.7472992,51.0508809]},"properties":{"id":"bikerack:5463b80f-dc57-4fdf-b475-5c3ad3bcd231","kind":"bikerack","longitude":13.7472992,"latitude":51.0508809,"name":"Fahrradabstellplatz","city":"Dresden","address":null,"covered":false,"access":null,"website":null,"phone":null,"source":"OpenStreetMap/node/1048647981","sourceUpdatedAt":null,"verifiedAt":null}},{"type":"Feature","geometry":{"type":"Point","coordinates":[13.754398,51.067984]},"properties":{"id":"bikerack:54af32d9-0e69-4823-a1d6-904de6afac90","kind":"bikerack","longitude":13.754398,"latitude":51.067984,"name":"Fahrradabstellplatz","city":"Albertstadt","address":null,"covered":false,"access":null,"website":null,"phone":null,"source":"OpenStreetMap/node/10060629018","sourceUpdatedAt":null,"verifiedAt":null}},{"type":"Feature","geometry":{"type":"Point","coordinates":[13.733745,51.0423889]},"properties":{"id":"bikerack:55565723-58a8-4120-b3a1-8e521ef6e872","kind":"bikerack","longitude":13.733745,"latitude":51.0423889,"name":"Fahrradabstellplatz","city":"Dresden","address":null,"covered":false,"access":null,"website":null,"phone":null,"source":"OpenStreetMap/node/5325868578","sourceUpdatedAt":null,"verifiedAt":null}},{"type":"Feature","geometry":{"type":"Point","coordinates":[13.7495694,51.0428192]},"properties":{"id":"bikerack:556d60f3-ed17-42aa-bf25-9bc0a5d11660","kind":"bikerack","longitude":13.7495694,"latitude":51.0428192,"name":"Fahrradabstellplatz","city":"Dresden","address":null,"covered":false,"access":null,"website":null,"phone":null,"source":"OpenStreetMap/node/12076647138","sourceUpdatedAt":null,"verifiedAt":null}},{"type":"Feature","geometry":{"type":"Point","coordinates":[13.7309657,51.0443065]},"properties":{"id":"bikerack:55a7d10b-a7c3-45f6-a8a5-34820c5474a4","kind":"bikerack","longitude":13.7309657,"latitude":51.0443065,"name":"Fahrradabstellplatz","city":"Dresden","address":null,"covered":false,"access":null,"website":null,"phone":null,"source":"OpenStreetMap/node/12516402478","sourceUpdatedAt":null,"verifiedAt":null}},{"type":"Feature","geometry":{"type":"Point","coordinates":[13.7429017,51.0491882]},"properties":{"id":"bikerack:55f6cc8f-557d-41a0-8293-9a1dfe00fc89","kind":"bikerack","longitude":13.7429017,"latitude":51.0491882,"name":"Fahrradabstellplatz","city":"Dresden","address":null,"covered":false,"access":null,"website":null,"phone":null,"source":"OpenStreetMap/node/13009322863","sourceUpdatedAt":null,"verifiedAt":null}},{"type":"Feature","geometry":{"type":"Point","coordinates":[13.7320415,51.0517831]},"properties":{"id":"bikerack:567e7b5c-3973-4a28-8c92-8d94b2750741","kind":"bikerack","longitude":13.7320415,"latitude":51.0517831,"name":"Fahrradabstellplatz","city":"Dresden","address":null,"covered":false,"access":null,"website":null,"phone":null,"source":"OpenStreetMap/way/1203900647","sourceUpdatedAt":null,"verifiedAt":null}},{"type":"Feature","geometry":{"type":"Point","coordinates":[13.7261797,51.0558234]},"properties":{"id":"bikerack:56f686c6-c20a-44d7-8dbf-e0924c315cca","kind":"bikerack","longitude":13.7261797,"latitude":51.0558234,"name":"Fahrradabstellplatz","city":"Dresden","address":null,"covered":false,"access":null,"website":null,"phone":null,"source":"OpenStreetMap/node/4750911227","sourceUpdatedAt":null,"verifiedAt":null}},{"type":"Feature","geometry":{"type":"Point","coordinates":[13.7308959,51.0477638]},"properties":{"id":"bikerack:57a02fba-89f0-4c10-aecd-b5e8c809a954","kind":"bikerack","longitude":13.7308959,"latitude":51.0477638,"name":"Fahrradabstellplatz","city":"Dresden","address":null,"covered":false,"access":null,"website":null,"phone":null,"source":"OpenStreetMap/node/13180637747","sourceUpdatedAt":null,"verifiedAt":null}},{"type":"Feature","geometry":{"type":"Point","coordinates":[13.7329604,51.0648407]},"properties":{"id":"bikerack:57e463b8-f7b1-4bc2-9d6e-fd9c22d0cc1f","kind":"bikerack","longitude":13.7329604,"latitude":51.0648407,"name":"Fahrradabstellplatz","city":"Dresden","address":null,"covered":false,"access":null,"website":null,"phone":null,"source":"OpenStreetMap/node/7417918711","sourceUpdatedAt":null,"verifiedAt":null}},{"type":"Feature","geometry":{"type":"Point","coordinates":[13.7353517,51.0449226]},"properties":{"id":"bikerack:586c6c9d-f6c2-4abf-80da-a38f749d67e7","kind":"bikerack","longitude":13.7353517,"latitude":51.0449226,"name":"Fahrradabstellplatz","city":"Dresden","address":null,"covered":true,"access":null,"website":null,"phone":null,"source":"OpenStreetMap/node/725613826","sourceUpdatedAt":null,"verifiedAt":null}},{"type":"Feature","geometry":{"type":"Point","coordinates":[13.729201,51.0552618]},"properties":{"id":"bikerack:58a79292-a9f5-49ac-99f0-ce20e44c1b17","kind":"bikerack","longitude":13.729201,"latitude":51.0552618,"name":"Fahrradabstellplatz","city":"Dresden","address":null,"covered":false,"access":null,"website":null,"phone":null,"source":"OpenStreetMap/node/13672538639","sourceUpdatedAt":null,"verifiedAt":null}},{"type":"Feature","geometry":{"type":"Point","coordinates":[13.7409443,51.0503764]},"properties":{"id":"bikerack:593ee222-6edd-4970-9e3a-6dfd45c4d34f","kind":"bikerack","longitude":13.7409443,"latitude":51.0503764,"name":"Fahrradabstellplatz","city":"Dresden","address":null,"covered":false,"access":null,"website":null,"phone":null,"source":"OpenStreetMap/node/11090053770","sourceUpdatedAt":null,"verifiedAt":null}},{"type":"Feature","geometry":{"type":"Point","coordinates":[13.7318034,51.0451992]},"properties":{"id":"bikerack:5985e7a1-8723-4ee9-8018-07db6bfeb2a6","kind":"bikerack","longitude":13.7318034,"latitude":51.0451992,"name":"Fahrradabstellplatz","city":"Dresden","address":null,"covered":false,"access":null,"website":null,"phone":null,"source":"OpenStreetMap/node/13078313760","sourceUpdatedAt":null,"verifiedAt":null}},{"type":"Feature","geometry":{"type":"Point","coordinates":[13.7379765,51.0456704]},"properties":{"id":"bikerack:59a986ec-74dd-4143-99d4-bcb2d50bf92b","kind":"bikerack","longitude":13.7379765,"latitude":51.0456704,"name":"Fahrradabstellplatz","city":"Dresden","address":null,"covered":false,"access":null,"website":null,"phone":null,"source":"OpenStreetMap/node/2870476231","sourceUpdatedAt":null,"verifiedAt":null}},{"type":"Feature","geometry":{"type":"Point","coordinates":[13.746299,51.049858]},"properties":{"id":"bikerack:59d3abe4-39ce-4001-8680-e740cc7fe012","kind":"bikerack","longitude":13.746299,"latitude":51.049858,"name":"Fahrradabstellplatz","city":"Dresden","address":null,"covered":false,"access":null,"website":null,"phone":null,"source":"OpenStreetMap/node/1281005437","sourceUpdatedAt":null,"verifiedAt":null}},{"type":"Feature","geometry":{"type":"Point","coordinates":[13.7373627,51.0436083]},"properties":{"id":"bikerack:59f16b8b-fac5-4587-9df9-31478efe7235","kind":"bikerack","longitude":13.7373627,"latitude":51.0436083,"name":"Fahrradabstellplatz","city":"Dresden","address":null,"covered":false,"access":null,"website":null,"phone":null,"source":"OpenStreetMap/node/1179583984","sourceUpdatedAt":null,"verifiedAt":null}},{"type":"Feature","geometry":{"type":"Point","coordinates":[13.7408922,51.0610223]},"properties":{"id":"bikerack:59f5777f-0daf-4306-aa5b-61b519836eb9","kind":"bikerack","longitude":13.7408922,"latitude":51.0610223,"name":"Fahrradabstellplatz","city":"Dresden","address":null,"covered":false,"access":null,"website":null,"phone":null,"source":"OpenStreetMap/node/1854021998","sourceUpdatedAt":null,"verifiedAt":null}},{"type":"Feature","geometry":{"type":"Point","coordinates":[13.7110488,51.0490384]},"properties":{"id":"bikerack:5a1c0eb0-4f47-4779-b4ef-b11a3dcf0d67","kind":"bikerack","longitude":13.7110488,"latitude":51.0490384,"name":"Fahrradabstellplatz","city":"Dresden","address":null,"covered":false,"access":null,"website":null,"phone":null,"source":"OpenStreetMap/node/13689075745","sourceUpdatedAt":null,"verifiedAt":null}},{"type":"Feature","geometry":{"type":"Point","coordinates":[13.7444849,51.0600565]},"properties":{"id":"bikerack:5a5b8752-3d12-4c36-af9f-af88002d6215","kind":"bikerack","longitude":13.7444849,"latitude":51.0600565,"name":"Fahrradabstellplatz","city":"Dresden","address":null,"covered":false,"access":null,"website":null,"phone":null,"source":"OpenStreetMap/node/8494774101","sourceUpdatedAt":null,"verifiedAt":null}},{"type":"Feature","geometry":{"type":"Point","coordinates":[13.7400668,51.0474464]},"properties":{"id":"bikerack:5a5f5155-5679-4b36-8314-5a018a59730a","kind":"bikerack","longitude":13.7400668,"latitude":51.0474464,"name":"Fahrradabstellplatz","city":"Dresden","address":null,"covered":false,"access":null,"website":null,"phone":null,"source":"OpenStreetMap/node/1163572941","sourceUpdatedAt":null,"verifiedAt":null}},{"type":"Feature","geometry":{"type":"Point","coordinates":[13.751638,51.0515592]},"properties":{"id":"bikerack:5a90ad4c-c260-4abb-9d5f-b075eb20d5b1","kind":"bikerack","longitude":13.751638,"latitude":51.0515592,"name":"Fahrradabstellplatz","city":"Dresden","address":null,"covered":false,"access":null,"website":null,"phone":null,"source":"OpenStreetMap/node/8618109223","sourceUpdatedAt":null,"verifiedAt":null}},{"type":"Feature","geometry":{"type":"Point","coordinates":[13.7314667,51.0503819]},"properties":{"id":"bikerack:5aef121e-3007-4be2-8123-54dbd82d673e","kind":"bikerack","longitude":13.7314667,"latitude":51.0503819,"name":"Fahrradabstellplatz","city":"Dresden","address":null,"covered":false,"access":null,"website":null,"phone":null,"source":"OpenStreetMap/node/10233292440","sourceUpdatedAt":null,"verifiedAt":null}},{"type":"Feature","geometry":{"type":"Point","coordinates":[13.7526529,51.0678281]},"properties":{"id":"bikerack:5b29aca1-8b8d-417e-a649-76779cb9e580","kind":"bikerack","longitude":13.7526529,"latitude":51.0678281,"name":"Fahrradabstellplatz","city":"Albertstadt","address":null,"covered":false,"access":null,"website":null,"phone":null,"source":"OpenStreetMap/node/3574958237","sourceUpdatedAt":null,"verifiedAt":null}},{"type":"Feature","geometry":{"type":"Point","coordinates":[13.7546645,51.053073]},"properties":{"id":"bikerack:5b5bcd0b-c03c-4db5-a30f-ad231eaa928a","kind":"bikerack","longitude":13.7546645,"latitude":51.053073,"name":"Fahrradabstellplatz","city":"Dresden","address":null,"covered":false,"access":null,"website":null,"phone":null,"source":"OpenStreetMap/node/9903264706","sourceUpdatedAt":null,"verifiedAt":null}},{"type":"Feature","geometry":{"type":"Point","coordinates":[13.7488055,51.0517089]},"properties":{"id":"bikerack:5b611390-19c7-48a6-aa4e-2bec78efa9ef","kind":"bikerack","longitude":13.7488055,"latitude":51.0517089,"name":"Fahrradabstellplatz","city":"Dresden","address":null,"covered":false,"access":null,"website":null,"phone":null,"source":"OpenStreetMap/node/10738711780","sourceUpdatedAt":null,"verifiedAt":null}},{"type":"Feature","geometry":{"type":"Point","coordinates":[13.7467304,51.0475644]},"properties":{"id":"bikerack:5b71c8c2-6d92-4159-9c4f-0a7557e431fb","kind":"bikerack","longitude":13.7467304,"latitude":51.0475644,"name":"Fahrradabstellplatz","city":"Dresden","address":null,"covered":false,"access":null,"website":null,"phone":null,"source":"OpenStreetMap/node/1402603378","sourceUpdatedAt":null,"verifiedAt":null}},{"type":"Feature","geometry":{"type":"Point","coordinates":[13.7344587,51.042204]},"properties":{"id":"bikerack:5c3c716d-6a5e-4fb2-beb6-a88cfb36047f","kind":"bikerack","longitude":13.7344587,"latitude":51.042204,"name":"Fahrradabstellplatz","city":"Dresden","address":null,"covered":false,"access":null,"website":null,"phone":null,"source":"OpenStreetMap/node/4578278283","sourceUpdatedAt":null,"verifiedAt":null}},{"type":"Feature","geometry":{"type":"Point","coordinates":[13.7403566,51.0461774]},"properties":{"id":"bikerack:5c57ce18-b869-472b-a293-843cf078c5f5","kind":"bikerack","longitude":13.7403566,"latitude":51.0461774,"name":"Fahrradabstellplatz","city":"Dresden","address":null,"covered":false,"access":null,"website":null,"phone":null,"source":"OpenStreetMap/way/1384579718","sourceUpdatedAt":null,"verifiedAt":null}},{"type":"Feature","geometry":{"type":"Point","coordinates":[13.7346894,51.0486124]},"properties":{"id":"bikerack:5c798530-d30e-4e4c-a27f-69a89b44f170","kind":"bikerack","longitude":13.7346894,"latitude":51.0486124,"name":"Fahrradabstellplatz","city":"Dresden","address":null,"covered":false,"access":null,"website":null,"phone":null,"source":"OpenStreetMap/node/1491910946","sourceUpdatedAt":null,"verifiedAt":null}},{"type":"Feature","geometry":{"type":"Point","coordinates":[13.744166,51.059546]},"properties":{"id":"bikerack:5c88e7e6-3337-4a86-a1f5-36db555a4b0a","kind":"bikerack","longitude":13.744166,"latitude":51.059546,"name":"Fahrradabstellplatz","city":"Dresden","address":null,"covered":false,"access":null,"website":null,"phone":null,"source":"OpenStreetMap/node/8494839831","sourceUpdatedAt":null,"verifiedAt":null}},{"type":"Feature","geometry":{"type":"Point","coordinates":[13.7495661,51.0589861]},"properties":{"id":"bikerack:5d5bdcdd-db6e-463b-b038-b13e8b4d3b42","kind":"bikerack","longitude":13.7495661,"latitude":51.0589861,"name":"Fahrradabstellplatz","city":"Dresden","address":null,"covered":false,"access":null,"website":null,"phone":null,"source":"OpenStreetMap/node/4058643450","sourceUpdatedAt":null,"verifiedAt":null}},{"type":"Feature","geometry":{"type":"Point","coordinates":[13.7499243,51.0426081]},"properties":{"id":"bikerack:5d76c9e1-2323-430d-bd1d-2bc85e98628c","kind":"bikerack","longitude":13.7499243,"latitude":51.0426081,"name":"Fahrradabstellplatz","city":"Dresden","address":null,"covered":false,"access":null,"website":null,"phone":null,"source":"OpenStreetMap/node/1823871266","sourceUpdatedAt":null,"verifiedAt":null}},{"type":"Feature","geometry":{"type":"Point","coordinates":[13.7219117,51.0494891]},"properties":{"id":"bikerack:5dddfb56-80b8-4f05-9c97-8403bcdf4a3d","kind":"bikerack","longitude":13.7219117,"latitude":51.0494891,"name":"Fahrradabstellplatz","city":"Dresden","address":null,"covered":false,"access":null,"website":null,"phone":null,"source":"OpenStreetMap/node/1249591722","sourceUpdatedAt":null,"verifiedAt":null}},{"type":"Feature","geometry":{"type":"Point","coordinates":[13.72849,51.0680345]},"properties":{"id":"bikerack:5e56cf22-2c43-4680-9ee7-fc78ab1a79fa","kind":"bikerack","longitude":13.72849,"latitude":51.0680345,"name":"Fahrradabstellplatz","city":"Dresden","address":null,"covered":false,"access":null,"website":null,"phone":null,"source":"OpenStreetMap/way/1420440977","sourceUpdatedAt":null,"verifiedAt":null}},{"type":"Feature","geometry":{"type":"Point","coordinates":[13.7408878,51.0418579]},"properties":{"id":"bikerack:605c4cb6-25b3-4386-85b7-296432249889","kind":"bikerack","longitude":13.7408878,"latitude":51.0418579,"name":"Fahrradabstellplatz","city":"Dresden","address":null,"covered":false,"access":null,"website":null,"phone":null,"source":"OpenStreetMap/node/950760391","sourceUpdatedAt":null,"verifiedAt":null}},{"type":"Feature","geometry":{"type":"Point","coordinates":[13.7480191,51.0664373]},"properties":{"id":"bikerack:6078e5e7-d8df-4c28-8ee3-b4f31cc6f7d9","kind":"bikerack","longitude":13.7480191,"latitude":51.0664373,"name":"Fahrradabstellplatz","city":"Dresden","address":null,"covered":false,"access":null,"website":null,"phone":null,"source":"OpenStreetMap/node/13165524625","sourceUpdatedAt":null,"verifiedAt":null}},{"type":"Feature","geometry":{"type":"Point","coordinates":[13.7136522,51.0582]},"properties":{"id":"bikerack:60923eb9-a593-4c0a-aea5-1c4e25f3b938","kind":"bikerack","longitude":13.7136522,"latitude":51.0582,"name":"Fahrradabstellplatz","city":"Dresden","address":null,"covered":false,"access":null,"website":null,"phone":null,"source":"OpenStreetMap/node/1796201980","sourceUpdatedAt":null,"verifiedAt":null}},{"type":"Feature","geometry":{"type":"Point","coordinates":[13.743355,51.0618391]},"properties":{"id":"bikerack:60a4bf45-58c8-48dc-a377-f1037a6261ec","kind":"bikerack","longitude":13.743355,"latitude":51.0618391,"name":"Fahrradabstellplatz","city":"Dresden","address":null,"covered":false,"access":null,"website":null,"phone":null,"source":"OpenStreetMap/node/3682035904","sourceUpdatedAt":null,"verifiedAt":null}},{"type":"Feature","geometry":{"type":"Point","coordinates":[13.7488987,51.0525167]},"properties":{"id":"bikerack:61077f96-c332-4349-af84-89c8e121b373","kind":"bikerack","longitude":13.7488987,"latitude":51.0525167,"name":"Fahrradabstellplatz","city":"Dresden","address":null,"covered":false,"access":null,"website":null,"phone":null,"source":"OpenStreetMap/node/10738711778","sourceUpdatedAt":null,"verifiedAt":null}},{"type":"Feature","geometry":{"type":"Point","coordinates":[13.7201854,51.0576179]},"properties":{"id":"bikerack:61232bed-110b-4231-af24-95b4f4ae71f4","kind":"bikerack","longitude":13.7201854,"latitude":51.0576179,"name":"Fahrradabstellplatz","city":"Dresden","address":null,"covered":false,"access":null,"website":null,"phone":null,"source":"OpenStreetMap/node/4750911228","sourceUpdatedAt":null,"verifiedAt":null}},{"type":"Feature","geometry":{"type":"Point","coordinates":[13.7499207,51.0636317]},"properties":{"id":"bikerack:61ef8195-b020-41ed-ba00-4f897fa00a06","kind":"bikerack","longitude":13.7499207,"latitude":51.0636317,"name":"Fahrradabstellplatz","city":"Dresden","address":null,"covered":false,"access":null,"website":null,"phone":null,"source":"OpenStreetMap/node/6083341790","sourceUpdatedAt":null,"verifiedAt":null}},{"type":"Feature","geometry":{"type":"Point","coordinates":[13.7343105,51.0422303]},"properties":{"id":"bikerack:624b4caf-7212-4ca4-96b3-c557290a4521","kind":"bikerack","longitude":13.7343105,"latitude":51.0422303,"name":"Fahrradabstellplatz","city":"Dresden","address":null,"covered":false,"access":null,"website":null,"phone":null,"source":"OpenStreetMap/node/4578278284","sourceUpdatedAt":null,"verifiedAt":null}},{"type":"Feature","geometry":{"type":"Point","coordinates":[13.7365746,51.046322]},"properties":{"id":"bikerack:6298a1c6-dbd0-41e7-ac58-f43e5bc8fd2a","kind":"bikerack","longitude":13.7365746,"latitude":51.046322,"name":"Fahrradabstellplatz","city":"Dresden","address":null,"covered":false,"access":null,"website":null,"phone":null,"source":"OpenStreetMap/node/1249802443","sourceUpdatedAt":null,"verifiedAt":null}},{"type":"Feature","geometry":{"type":"Point","coordinates":[13.752411,51.0597334]},"properties":{"id":"bikerack:62ad80bd-eda3-46db-83f2-bac6fe9dc15e","kind":"bikerack","longitude":13.752411,"latitude":51.0597334,"name":"Fahrradabstellplatz","city":"Dresden","address":null,"covered":false,"access":null,"website":null,"phone":null,"source":"OpenStreetMap/node/2530457015","sourceUpdatedAt":null,"verifiedAt":null}},{"type":"Feature","geometry":{"type":"Point","coordinates":[13.7318964,51.0432868]},"properties":{"id":"bikerack:63c22840-d4d7-453b-8ec3-11a2cd7fefe7","kind":"bikerack","longitude":13.7318964,"latitude":51.0432868,"name":"Fahrradabstellplatz","city":"Dresden","address":null,"covered":false,"access":null,"website":null,"phone":null,"source":"OpenStreetMap/node/12516550611","sourceUpdatedAt":null,"verifiedAt":null}},{"type":"Feature","geometry":{"type":"Point","coordinates":[13.7404914,51.0467291]},"properties":{"id":"bikerack:64c042e3-9df1-4b53-85b0-23d3143c0f96","kind":"bikerack","longitude":13.7404914,"latitude":51.0467291,"name":"Fahrradabstellplatz","city":"Dresden","address":null,"covered":false,"access":null,"website":null,"phone":null,"source":"OpenStreetMap/node/12819235642","sourceUpdatedAt":null,"verifiedAt":null}},{"type":"Feature","geometry":{"type":"Point","coordinates":[13.7522527,51.0510506]},"properties":{"id":"bikerack:64e6d7ad-ee0a-4dc0-9a48-a875cde1441b","kind":"bikerack","longitude":13.7522527,"latitude":51.0510506,"name":"Fahrradabstellplatz","city":"Dresden","address":null,"covered":false,"access":null,"website":null,"phone":null,"source":"OpenStreetMap/node/8618109274","sourceUpdatedAt":null,"verifiedAt":null}},{"type":"Feature","geometry":{"type":"Point","coordinates":[13.748219,51.0644116]},"properties":{"id":"bikerack:64edd474-812e-463e-926c-e74f0e0a1579","kind":"bikerack","longitude":13.748219,"latitude":51.0644116,"name":"Fahrradabstellplatz","city":"Dresden","address":null,"covered":false,"access":null,"website":null,"phone":null,"source":"OpenStreetMap/node/3574958232","sourceUpdatedAt":null,"verifiedAt":null}},{"type":"Feature","geometry":{"type":"Point","coordinates":[13.7238436,51.047915]},"properties":{"id":"bikerack:65460d5d-37bd-4c3e-bc12-7a15225ecea8","kind":"bikerack","longitude":13.7238436,"latitude":51.047915,"name":"Fahrradabstellplatz","city":"Dresden","address":null,"covered":false,"access":null,"website":null,"phone":null,"source":"OpenStreetMap/node/12334768644","sourceUpdatedAt":null,"verifiedAt":null}},{"type":"Feature","geometry":{"type":"Point","coordinates":[13.7284435,51.057164]},"properties":{"id":"bikerack:65a91b70-019d-4053-91bd-c43df9f2e44a","kind":"bikerack","longitude":13.7284435,"latitude":51.057164,"name":"Fahrradabstellplatz","city":"Dresden","address":null,"covered":false,"access":null,"website":null,"phone":null,"source":"OpenStreetMap/node/8980265276","sourceUpdatedAt":null,"verifiedAt":null}},{"type":"Feature","geometry":{"type":"Point","coordinates":[13.7339257,51.0638073]},"properties":{"id":"bikerack:65b07fac-ff99-47b2-9dfc-9b4375301ddb","kind":"bikerack","longitude":13.7339257,"latitude":51.0638073,"name":"Fahrradabstellplatz","city":"Dresden","address":null,"covered":false,"access":null,"website":null,"phone":null,"source":"OpenStreetMap/node/5538543555","sourceUpdatedAt":null,"verifiedAt":null}},{"type":"Feature","geometry":{"type":"Point","coordinates":[13.7225242,51.0566174]},"properties":{"id":"bikerack:65b53947-0e58-4963-9e19-93b8ae9eda1f","kind":"bikerack","longitude":13.7225242,"latitude":51.0566174,"name":"Fahrradabstellplatz","city":"Dresden","address":null,"covered":false,"access":null,"website":null,"phone":null,"source":"OpenStreetMap/node/13556729828","sourceUpdatedAt":null,"verifiedAt":null}},{"type":"Feature","geometry":{"type":"Point","coordinates":[13.7337316,51.0626711]},"properties":{"id":"bikerack:66ee754c-addd-4167-8ec5-3b6b05263186","kind":"bikerack","longitude":13.7337316,"latitude":51.0626711,"name":"Fahrradabstellplatz","city":"Dresden","address":null,"covered":false,"access":null,"website":null,"phone":null,"source":"OpenStreetMap/node/10761694769","sourceUpdatedAt":null,"verifiedAt":null}},{"type":"Feature","geometry":{"type":"Point","coordinates":[13.7214124,51.0628991]},"properties":{"id":"bikerack:67df2518-bd66-4c06-8162-1fd548ed1ba7","kind":"bikerack","longitude":13.7214124,"latitude":51.0628991,"name":"Fahrradabstellplatz","city":"Dresden","address":null,"covered":true,"access":null,"website":null,"phone":null,"source":"OpenStreetMap/node/12105720948","sourceUpdatedAt":null,"verifiedAt":null}},{"type":"Feature","geometry":{"type":"Point","coordinates":[13.7396419,51.0659003]},"properties":{"id":"bikerack:67e98e75-4350-4cbb-8044-19a3b27e02c4","kind":"bikerack","longitude":13.7396419,"latitude":51.0659003,"name":"Fahrradabstellplatz","city":"Dresden","address":null,"covered":true,"access":null,"website":null,"phone":null,"source":"OpenStreetMap/way/238475265","sourceUpdatedAt":null,"verifiedAt":null}},{"type":"Feature","geometry":{"type":"Point","coordinates":[13.7324275,51.0652292]},"properties":{"id":"bikerack:67edac51-e21b-42c9-b063-60f419381ce8","kind":"bikerack","longitude":13.7324275,"latitude":51.0652292,"name":"Fahrradabstellplatz","city":"Dresden","address":null,"covered":false,"access":null,"website":null,"phone":null,"source":"OpenStreetMap/node/10914172150","sourceUpdatedAt":null,"verifiedAt":null}},{"type":"Feature","geometry":{"type":"Point","coordinates":[13.7523535,51.0463535]},"properties":{"id":"bikerack:687ebc0c-cc25-4c8e-95df-a56465644af9","kind":"bikerack","longitude":13.7523535,"latitude":51.0463535,"name":"Fahrradabstellplatz","city":"Dresden","address":null,"covered":true,"access":null,"website":null,"phone":null,"source":"OpenStreetMap/node/7603228312","sourceUpdatedAt":null,"verifiedAt":null}},{"type":"Feature","geometry":{"type":"Point","coordinates":[13.7316002,51.0430346]},"properties":{"id":"bikerack:68921a92-e8e9-4a78-9bdf-ed4b80145bbd","kind":"bikerack","longitude":13.7316002,"latitude":51.0430346,"name":"Fahrradabstellplatz","city":"Dresden","address":null,"covered":false,"access":null,"website":null,"phone":null,"source":"OpenStreetMap/node/12516554719","sourceUpdatedAt":null,"verifiedAt":null}},{"type":"Feature","geometry":{"type":"Point","coordinates":[13.754746,51.0657396]},"properties":{"id":"bikerack:68e82ffc-17ca-4de0-be5b-edfc31e81ec6","kind":"bikerack","longitude":13.754746,"latitude":51.0657396,"name":"Fahrradabstellplatz","city":"Albertstadt","address":null,"covered":true,"access":null,"website":null,"phone":null,"source":"OpenStreetMap/way/1329428185","sourceUpdatedAt":null,"verifiedAt":null}},{"type":"Feature","geometry":{"type":"Point","coordinates":[13.7477102,51.06389]},"properties":{"id":"bikerack:69079e2d-fa9e-4546-9227-2427de21cded","kind":"bikerack","longitude":13.7477102,"latitude":51.06389,"name":"Fahrradabstellplatz","city":"Dresden","address":null,"covered":false,"access":null,"website":null,"phone":null,"source":"OpenStreetMap/node/2659635796","sourceUpdatedAt":null,"verifiedAt":null}},{"type":"Feature","geometry":{"type":"Point","coordinates":[13.7430955,51.0616051]},"properties":{"id":"bikerack:69225907-cd0d-45a1-9131-3771fa9201f6","kind":"bikerack","longitude":13.7430955,"latitude":51.0616051,"name":"Fahrradabstellplatz","city":"Dresden","address":null,"covered":false,"access":null,"website":null,"phone":null,"source":"OpenStreetMap/node/3682035898","sourceUpdatedAt":null,"verifiedAt":null}},{"type":"Feature","geometry":{"type":"Point","coordinates":[13.744286,51.0509469]},"properties":{"id":"bikerack:69b78a6e-9a91-4a27-a905-d2adda6f2bad","kind":"bikerack","longitude":13.744286,"latitude":51.0509469,"name":"Fahrradabstellplatz","city":"Dresden","address":null,"covered":false,"access":null,"website":null,"phone":null,"source":"OpenStreetMap/node/1250771109","sourceUpdatedAt":null,"verifiedAt":null}},{"type":"Feature","geometry":{"type":"Point","coordinates":[13.7443137,51.0608269]},"properties":{"id":"bikerack:69edef0a-6503-4639-a60d-a75f214043b7","kind":"bikerack","longitude":13.7443137,"latitude":51.0608269,"name":"Fahrradabstellplatz","city":"Dresden","address":null,"covered":false,"access":null,"website":null,"phone":null,"source":"OpenStreetMap/node/3682035888","sourceUpdatedAt":null,"verifiedAt":null}},{"type":"Feature","geometry":{"type":"Point","coordinates":[13.7355292,51.0529786]},"properties":{"id":"bikerack:6a4b7159-5f1a-4c81-a33d-3f6100e5c869","kind":"bikerack","longitude":13.7355292,"latitude":51.0529786,"name":"Fahrradabstellplatz","city":"Dresden","address":null,"covered":false,"access":null,"website":null,"phone":null,"source":"OpenStreetMap/node/10156969183","sourceUpdatedAt":null,"verifiedAt":null}},{"type":"Feature","geometry":{"type":"Point","coordinates":[13.746068,51.0493651]},"properties":{"id":"bikerack:6a9fe439-41f4-4aab-b469-4cc44659e1a7","kind":"bikerack","longitude":13.746068,"latitude":51.0493651,"name":"Fahrradabstellplatz","city":"Dresden","address":null,"covered":false,"access":null,"website":null,"phone":null,"source":"OpenStreetMap/node/1628237996","sourceUpdatedAt":null,"verifiedAt":null}},{"type":"Feature","geometry":{"type":"Point","coordinates":[13.7452142,51.0642881]},"properties":{"id":"bikerack:6aa6638c-565b-4802-8b60-c13a2894aeaa","kind":"bikerack","longitude":13.7452142,"latitude":51.0642881,"name":"Fahrradabstellplatz","city":"Dresden","address":null,"covered":false,"access":null,"website":null,"phone":null,"source":"OpenStreetMap/node/3632757460","sourceUpdatedAt":null,"verifiedAt":null}},{"type":"Feature","geometry":{"type":"Point","coordinates":[13.7140194,51.0580932]},"properties":{"id":"bikerack:6aacc685-3c97-4929-8409-01545decaf7f","kind":"bikerack","longitude":13.7140194,"latitude":51.0580932,"name":"Fahrradabstellplatz","city":"Dresden","address":null,"covered":false,"access":null,"website":null,"phone":null,"source":"OpenStreetMap/node/12228241226","sourceUpdatedAt":null,"verifiedAt":null}},{"type":"Feature","geometry":{"type":"Point","coordinates":[13.749478,51.0647982]},"properties":{"id":"bikerack:6b1274f2-1e15-4690-b7d1-9ecd6c3c8dc6","kind":"bikerack","longitude":13.749478,"latitude":51.0647982,"name":"Fahrradabstellplatz","city":"Dresden","address":null,"covered":false,"access":null,"website":null,"phone":null,"source":"OpenStreetMap/node/3574958234","sourceUpdatedAt":null,"verifiedAt":null}},{"type":"Feature","geometry":{"type":"Point","coordinates":[13.7391814,51.0455597]},"properties":{"id":"bikerack:6b8fc6e3-26bf-4960-9f1e-118415a26d50","kind":"bikerack","longitude":13.7391814,"latitude":51.0455597,"name":"Fahrradabstellplatz","city":"Dresden","address":null,"covered":false,"access":null,"website":null,"phone":null,"source":"OpenStreetMap/node/12768345422","sourceUpdatedAt":null,"verifiedAt":null}},{"type":"Feature","geometry":{"type":"Point","coordinates":[13.714706,51.0577084]},"properties":{"id":"bikerack:6b97a476-5d58-461c-bdc6-df260b376039","kind":"bikerack","longitude":13.714706,"latitude":51.0577084,"name":"Fahrradabstellplatz","city":"Dresden","address":null,"covered":false,"access":null,"website":null,"phone":null,"source":"OpenStreetMap/node/11611603467","sourceUpdatedAt":null,"verifiedAt":null}},{"type":"Feature","geometry":{"type":"Point","coordinates":[13.7243566,51.0597611]},"properties":{"id":"bikerack:6c17f9eb-5249-4fc2-897a-310042c3b3a1","kind":"bikerack","longitude":13.7243566,"latitude":51.0597611,"name":"Fahrradabstellplatz","city":"Dresden","address":null,"covered":false,"access":null,"website":null,"phone":null,"source":"OpenStreetMap/way/1316977296","sourceUpdatedAt":null,"verifiedAt":null}},{"type":"Feature","geometry":{"type":"Point","coordinates":[13.7407262,51.0464767]},"properties":{"id":"bikerack:6ca1fd57-9da8-450d-af88-b9872e2792d3","kind":"bikerack","longitude":13.7407262,"latitude":51.0464767,"name":"Fahrradabstellplatz","city":"Dresden","address":null,"covered":false,"access":null,"website":null,"phone":null,"source":"OpenStreetMap/way/1384579715","sourceUpdatedAt":null,"verifiedAt":null}},{"type":"Feature","geometry":{"type":"Point","coordinates":[13.7470655,51.059347]},"properties":{"id":"bikerack:6cc0732a-077c-4641-b5b0-a8c1308e1ca5","kind":"bikerack","longitude":13.7470655,"latitude":51.059347,"name":"Fahrradabstellplatz","city":"Dresden","address":null,"covered":true,"access":null,"website":null,"phone":null,"source":"OpenStreetMap/node/4058643452","sourceUpdatedAt":null,"verifiedAt":null}},{"type":"Feature","geometry":{"type":"Point","coordinates":[13.7371579,51.048641]},"properties":{"id":"bikerack:6cdc6b40-d4fa-4e81-9d8f-c40d2ae55e78","kind":"bikerack","longitude":13.7371579,"latitude":51.048641,"name":"Fahrradabstellplatz","city":"Dresden","address":null,"covered":false,"access":null,"website":null,"phone":null,"source":"OpenStreetMap/node/1143017472","sourceUpdatedAt":null,"verifiedAt":null}},{"type":"Feature","geometry":{"type":"Point","coordinates":[13.7336972,51.0515164]},"properties":{"id":"bikerack:6cf2c5f4-fbad-40cf-b431-f62330330310","kind":"bikerack","longitude":13.7336972,"latitude":51.0515164,"name":"Fahrradabstellplatz","city":"Dresden","address":null,"covered":false,"access":null,"website":null,"phone":null,"source":"OpenStreetMap/node/761364693","sourceUpdatedAt":null,"verifiedAt":null}},{"type":"Feature","geometry":{"type":"Point","coordinates":[13.750022,51.0637725]},"properties":{"id":"bikerack:6d964dca-af2d-47b1-b797-8392875861da","kind":"bikerack","longitude":13.750022,"latitude":51.0637725,"name":"Fahrradabstellplatz","city":"Dresden","address":null,"covered":false,"access":null,"website":null,"phone":null,"source":"OpenStreetMap/node/6083341791","sourceUpdatedAt":null,"verifiedAt":null}},{"type":"Feature","geometry":{"type":"Point","coordinates":[13.7180656,51.0573374]},"properties":{"id":"bikerack:6da3daa9-bcce-426b-b7a6-89447d0e4582","kind":"bikerack","longitude":13.7180656,"latitude":51.0573374,"name":"Fahrradabstellplatz","city":"Dresden","address":null,"covered":false,"access":null,"website":null,"phone":null,"source":"OpenStreetMap/node/4993489977","sourceUpdatedAt":null,"verifiedAt":null}},{"type":"Feature","geometry":{"type":"Point","coordinates":[13.7427896,51.0610112]},"properties":{"id":"bikerack:6df609af-503f-482d-8f5b-f6f8598fc0f8","kind":"bikerack","longitude":13.7427896,"latitude":51.0610112,"name":"Fahrradabstellplatz","city":"Dresden","address":null,"covered":false,"access":null,"website":null,"phone":null,"source":"OpenStreetMap/node/3682035890","sourceUpdatedAt":null,"verifiedAt":null}},{"type":"Feature","geometry":{"type":"Point","coordinates":[13.722594,51.0475768]},"properties":{"id":"bikerack:6e82a4d7-9d6e-40c3-bdc4-d4c5d0efb14c","kind":"bikerack","longitude":13.722594,"latitude":51.0475768,"name":"Fahrradabstellplatz","city":"Dresden","address":null,"covered":false,"access":null,"website":null,"phone":null,"source":"OpenStreetMap/node/13675363382","sourceUpdatedAt":null,"verifiedAt":null}},{"type":"Feature","geometry":{"type":"Point","coordinates":[13.7435602,51.0519649]},"properties":{"id":"bikerack:6ec4b5dc-9424-4d9b-9d4c-fa6b367c18ca","kind":"bikerack","longitude":13.7435602,"latitude":51.0519649,"name":"Fahrradabstellplatz","city":"Dresden","address":null,"covered":false,"access":null,"website":null,"phone":null,"source":"OpenStreetMap/node/2538092482","sourceUpdatedAt":null,"verifiedAt":null}},{"type":"Feature","geometry":{"type":"Point","coordinates":[13.7483673,51.0566048]},"properties":{"id":"bikerack:6ee4c42c-71a6-4a15-98f7-fb185b793215","kind":"bikerack","longitude":13.7483673,"latitude":51.0566048,"name":"Fahrradabstellplatz","city":"Dresden","address":null,"covered":false,"access":null,"website":null,"phone":null,"source":"OpenStreetMap/node/4058643437","sourceUpdatedAt":null,"verifiedAt":null}},{"type":"Feature","geometry":{"type":"Point","coordinates":[13.7391248,51.0490676]},"properties":{"id":"bikerack:6f31b8df-f537-41ac-9180-1b86c5055b8e","kind":"bikerack","longitude":13.7391248,"latitude":51.0490676,"name":"Fahrradabstellplatz","city":"Dresden","address":null,"covered":false,"access":null,"website":null,"phone":null,"source":"OpenStreetMap/node/9004994829","sourceUpdatedAt":null,"verifiedAt":null}},{"type":"Feature","geometry":{"type":"Point","coordinates":[13.7276794,51.0614194]},"properties":{"id":"bikerack:6f7f0ef9-41a3-4207-b39f-0b032074731b","kind":"bikerack","longitude":13.7276794,"latitude":51.0614194,"name":"Fahrradabstellplatz","city":"Dresden","address":null,"covered":false,"access":null,"website":null,"phone":null,"source":"OpenStreetMap/node/5044347900","sourceUpdatedAt":null,"verifiedAt":null}},{"type":"Feature","geometry":{"type":"Point","coordinates":[13.7356124,51.0438527]},"properties":{"id":"bikerack:6fd1a6f2-7734-4a0a-96ae-dbf0141cde48","kind":"bikerack","longitude":13.7356124,"latitude":51.0438527,"name":"Fahrradabstellplatz","city":"Dresden","address":null,"covered":false,"access":null,"website":null,"phone":null,"source":"OpenStreetMap/node/1249802451","sourceUpdatedAt":null,"verifiedAt":null}},{"type":"Feature","geometry":{"type":"Point","coordinates":[13.741626,51.0684512]},"properties":{"id":"bikerack:7022cf3d-395a-47fc-9ba0-192456dd4993","kind":"bikerack","longitude":13.741626,"latitude":51.0684512,"name":"Fahrradabstellplatz","city":"Dresden","address":null,"covered":false,"access":null,"website":null,"phone":null,"source":"OpenStreetMap/node/5313575056","sourceUpdatedAt":null,"verifiedAt":null}},{"type":"Feature","geometry":{"type":"Point","coordinates":[13.7545514,51.0659673]},"properties":{"id":"bikerack:70f34a40-aa6c-4535-aacb-e9e15591197d","kind":"bikerack","longitude":13.7545514,"latitude":51.0659673,"name":"Fahrradabstellplatz","city":"Albertstadt","address":null,"covered":false,"access":null,"website":null,"phone":null,"source":"OpenStreetMap/node/3580748104","sourceUpdatedAt":null,"verifiedAt":null}},{"type":"Feature","geometry":{"type":"Point","coordinates":[13.7344048,51.0425529]},"properties":{"id":"bikerack:70fd1610-4911-4452-9621-422c0b4e5e6d","kind":"bikerack","longitude":13.7344048,"latitude":51.0425529,"name":"Fahrradabstellplatz","city":"Dresden","address":null,"covered":false,"access":null,"website":null,"phone":null,"source":"OpenStreetMap/node/5325868575","sourceUpdatedAt":null,"verifiedAt":null}},{"type":"Feature","geometry":{"type":"Point","coordinates":[13.7305386,51.0686084]},"properties":{"id":"bikerack:7136d1cc-bfe9-4734-96b5-0341d705b705","kind":"bikerack","longitude":13.7305386,"latitude":51.0686084,"name":"Fahrradabstellplatz","city":"Dresden","address":null,"covered":false,"access":null,"website":null,"phone":null,"source":"OpenStreetMap/way/1420440978","sourceUpdatedAt":null,"verifiedAt":null}},{"type":"Feature","geometry":{"type":"Point","coordinates":[13.72106,51.0421537]},"properties":{"id":"bikerack:713a95f3-4c4a-4115-86c1-14a29fb96e7f","kind":"bikerack","longitude":13.72106,"latitude":51.0421537,"name":"Fahrradabstellplatz","city":"Dresden","address":null,"covered":false,"access":null,"website":null,"phone":null,"source":"OpenStreetMap/node/12296040299","sourceUpdatedAt":null,"verifiedAt":null}},{"type":"Feature","geometry":{"type":"Point","coordinates":[13.7307434,51.0444427]},"properties":{"id":"bikerack:717664dd-9d5f-4d4c-b10f-7a0542b076d5","kind":"bikerack","longitude":13.7307434,"latitude":51.0444427,"name":"Fahrradabstellplatz","city":"Dresden","address":null,"covered":false,"access":null,"website":null,"phone":null,"source":"OpenStreetMap/node/12516350767","sourceUpdatedAt":null,"verifiedAt":null}},{"type":"Feature","geometry":{"type":"Point","coordinates":[13.7387135,51.0421044]},"properties":{"id":"bikerack:7196aefe-38be-4850-89e2-f38d48e79470","kind":"bikerack","longitude":13.7387135,"latitude":51.0421044,"name":"Fahrradabstellplatz","city":"Dresden","address":null,"covered":false,"access":null,"website":null,"phone":null,"source":"OpenStreetMap/node/12135265162","sourceUpdatedAt":null,"verifiedAt":null}},{"type":"Feature","geometry":{"type":"Point","coordinates":[13.7535046,51.0648409]},"properties":{"id":"bikerack:719e34fa-801b-4631-99f6-6e2efa8060b1","kind":"bikerack","longitude":13.7535046,"latitude":51.0648409,"name":"Fahrradabstellplatz","city":"Dresden","address":null,"covered":false,"access":null,"website":null,"phone":null,"source":"OpenStreetMap/node/2862226033","sourceUpdatedAt":null,"verifiedAt":null}},{"type":"Feature","geometry":{"type":"Point","coordinates":[13.7203143,51.053814]},"properties":{"id":"bikerack:71d162bb-62e5-4bd6-9b96-cdf38b3aac9e","kind":"bikerack","longitude":13.7203143,"latitude":51.053814,"name":"Fahrradabstellplatz","city":"Dresden","address":null,"covered":false,"access":null,"website":null,"phone":null,"source":"OpenStreetMap/node/2463155101","sourceUpdatedAt":null,"verifiedAt":null}},{"type":"Feature","geometry":{"type":"Point","coordinates":[13.7531683,51.051458]},"properties":{"id":"bikerack:71d539fd-6302-4c40-aa2c-6fa4f03d7ffd","kind":"bikerack","longitude":13.7531683,"latitude":51.051458,"name":"Fahrradabstellplatz","city":"Dresden","address":null,"covered":false,"access":null,"website":null,"phone":null,"source":"OpenStreetMap/node/8820960005","sourceUpdatedAt":null,"verifiedAt":null}},{"type":"Feature","geometry":{"type":"Point","coordinates":[13.7349532,51.0641011]},"properties":{"id":"bikerack:722de18d-dd95-40a9-b163-dd42bbfd6482","kind":"bikerack","longitude":13.7349532,"latitude":51.0641011,"name":"Fahrradabstellplatz","city":"Dresden","address":null,"covered":false,"access":null,"website":null,"phone":null,"source":"OpenStreetMap/node/7417882038","sourceUpdatedAt":null,"verifiedAt":null}},{"type":"Feature","geometry":{"type":"Point","coordinates":[13.7435972,51.0601234]},"properties":{"id":"bikerack:72bfafa8-1312-4b41-87c6-faa1f0c8b4c2","kind":"bikerack","longitude":13.7435972,"latitude":51.0601234,"name":"Fahrradabstellplatz","city":"Dresden","address":null,"covered":false,"access":null,"website":null,"phone":null,"source":"OpenStreetMap/node/3682919633","sourceUpdatedAt":null,"verifiedAt":null}},{"type":"Feature","geometry":{"type":"Point","coordinates":[13.7312133,51.0421792]},"properties":{"id":"bikerack:72fdbc31-dd55-4e5e-b159-492f5088c435","kind":"bikerack","longitude":13.7312133,"latitude":51.0421792,"name":"Fahrradabstellplatz","city":"Dresden","address":null,"covered":false,"access":null,"website":null,"phone":null,"source":"OpenStreetMap/node/1300420093","sourceUpdatedAt":null,"verifiedAt":null}},{"type":"Feature","geometry":{"type":"Point","coordinates":[13.7200388,51.0589585]},"properties":{"id":"bikerack:730e2d01-0232-41b4-ac8c-7be0d9dc34f2","kind":"bikerack","longitude":13.7200388,"latitude":51.0589585,"name":"Fahrradabstellplatz","city":"Dresden","address":null,"covered":true,"access":null,"website":null,"phone":null,"source":"OpenStreetMap/way/1087442573","sourceUpdatedAt":null,"verifiedAt":null}},{"type":"Feature","geometry":{"type":"Point","coordinates":[13.7546355,51.0634578]},"properties":{"id":"bikerack:733c22b4-d4ac-48e3-befe-7a3eb189887c","kind":"bikerack","longitude":13.7546355,"latitude":51.0634578,"name":"Fahrradabstellplatz","city":"Dresden","address":null,"covered":false,"access":null,"website":null,"phone":null,"source":"OpenStreetMap/node/12315821420","sourceUpdatedAt":null,"verifiedAt":null}},{"type":"Feature","geometry":{"type":"Point","coordinates":[13.7445617,51.062233]},"properties":{"id":"bikerack:73e282c7-743b-48c8-89a2-b2528d46e108","kind":"bikerack","longitude":13.7445617,"latitude":51.062233,"name":"Fahrradabstellplatz","city":"Dresden","address":null,"covered":false,"access":null,"website":null,"phone":null,"source":"OpenStreetMap/node/1854022011","sourceUpdatedAt":null,"verifiedAt":null}},{"type":"Feature","geometry":{"type":"Point","coordinates":[13.754284,51.0677417]},"properties":{"id":"bikerack:73ef6876-0e86-47db-8a96-bb3da10b7111","kind":"bikerack","longitude":13.754284,"latitude":51.0677417,"name":"Fahrradabstellplatz","city":"Albertstadt","address":null,"covered":false,"access":null,"website":null,"phone":null,"source":"OpenStreetMap/node/6817166142","sourceUpdatedAt":null,"verifiedAt":null}},{"type":"Feature","geometry":{"type":"Point","coordinates":[13.7397299,51.0482406]},"properties":{"id":"bikerack:7440ddaf-dc7f-4229-b5f1-b913edb9cfc8","kind":"bikerack","longitude":13.7397299,"latitude":51.0482406,"name":"Fahrradabstellplatz","city":"Dresden","address":null,"covered":false,"access":null,"website":null,"phone":null,"source":"OpenStreetMap/node/13001883262","sourceUpdatedAt":null,"verifiedAt":null}},{"type":"Feature","geometry":{"type":"Point","coordinates":[13.7512999,51.0636662]},"properties":{"id":"bikerack:7446ab87-cbea-48de-97ed-ee39b1fc8c27","kind":"bikerack","longitude":13.7512999,"latitude":51.0636662,"name":"Fahrradabstellplatz","city":"Dresden","address":null,"covered":false,"access":null,"website":null,"phone":null,"source":"OpenStreetMap/node/9069519869","sourceUpdatedAt":null,"verifiedAt":null}},{"type":"Feature","geometry":{"type":"Point","coordinates":[13.7211507,51.0486451]},"properties":{"id":"bikerack:74549bbc-2b63-4518-92b0-7922c00ece04","kind":"bikerack","longitude":13.7211507,"latitude":51.0486451,"name":"Fahrradabstellplatz","city":"Dresden","address":null,"covered":false,"access":null,"website":null,"phone":null,"source":"OpenStreetMap/node/1106554748","sourceUpdatedAt":null,"verifiedAt":null}},{"type":"Feature","geometry":{"type":"Point","coordinates":[13.7427986,51.0616629]},"properties":{"id":"bikerack:746a24a2-7e75-415a-a33b-95e135acbc96","kind":"bikerack","longitude":13.7427986,"latitude":51.0616629,"name":"Fahrradabstellplatz","city":"Dresden","address":null,"covered":false,"access":null,"website":null,"phone":null,"source":"OpenStreetMap/node/1854022007","sourceUpdatedAt":null,"verifiedAt":null}},{"type":"Feature","geometry":{"type":"Point","coordinates":[13.7314,51.0576006]},"properties":{"id":"bikerack:747daebe-bbc4-48c8-996a-02f04b746a16","kind":"bikerack","longitude":13.7314,"latitude":51.0576006,"name":"Fahrradabstellplatz","city":"Dresden","address":null,"covered":false,"access":null,"website":null,"phone":null,"source":"OpenStreetMap/node/2496906727","sourceUpdatedAt":null,"verifiedAt":null}},{"type":"Feature","geometry":{"type":"Point","coordinates":[13.7308886,51.0547291]},"properties":{"id":"bikerack:74c51933-a579-45e1-b2e8-5a91c0e792d3","kind":"bikerack","longitude":13.7308886,"latitude":51.0547291,"name":"Fahrradabstellplatz","city":"Dresden","address":null,"covered":false,"access":null,"website":null,"phone":null,"source":"OpenStreetMap/node/12188541656","sourceUpdatedAt":null,"verifiedAt":null}},{"type":"Feature","geometry":{"type":"Point","coordinates":[13.7139339,51.051178]},"properties":{"id":"bikerack:74ea74a1-f574-4abc-b921-262952c80c0e","kind":"bikerack","longitude":13.7139339,"latitude":51.051178,"name":"Fahrradabstellplatz","city":"Dresden","address":null,"covered":false,"access":null,"website":null,"phone":null,"source":"OpenStreetMap/node/13689079318","sourceUpdatedAt":null,"verifiedAt":null}},{"type":"Feature","geometry":{"type":"Point","coordinates":[13.7407525,51.0608755]},"properties":{"id":"bikerack:74fbd3ee-8e27-4d86-bd08-f02ab35b2d26","kind":"bikerack","longitude":13.7407525,"latitude":51.0608755,"name":"Fahrradabstellplatz","city":"Dresden","address":null,"covered":false,"access":null,"website":null,"phone":null,"source":"OpenStreetMap/node/1854021996","sourceUpdatedAt":null,"verifiedAt":null}},{"type":"Feature","geometry":{"type":"Point","coordinates":[13.7228631,51.048465]},"properties":{"id":"bikerack:74fe47ca-a022-40e9-9179-07fad11410a4","kind":"bikerack","longitude":13.7228631,"latitude":51.048465,"name":"Fahrradabstellplatz","city":"Dresden","address":null,"covered":false,"access":null,"website":null,"phone":null,"source":"OpenStreetMap/node/11218108728","sourceUpdatedAt":null,"verifiedAt":null}},{"type":"Feature","geometry":{"type":"Point","coordinates":[13.7263557,51.054309]},"properties":{"id":"bikerack:75283d86-3fee-411b-b34d-3157b712e0e7","kind":"bikerack","longitude":13.7263557,"latitude":51.054309,"name":"Fahrradabstellplatz","city":"Dresden","address":null,"covered":false,"access":null,"website":null,"phone":null,"source":"OpenStreetMap/node/4993489981","sourceUpdatedAt":null,"verifiedAt":null}},{"type":"Feature","geometry":{"type":"Point","coordinates":[13.7372558,51.0451543]},"properties":{"id":"bikerack:757508b0-ff2a-41db-ad93-e939b27a787c","kind":"bikerack","longitude":13.7372558,"latitude":51.0451543,"name":"Fahrradabstellplatz","city":"Dresden","address":null,"covered":false,"access":null,"website":null,"phone":null,"source":"OpenStreetMap/node/1115480844","sourceUpdatedAt":null,"verifiedAt":null}},{"type":"Feature","geometry":{"type":"Point","coordinates":[13.7331971,51.0451737]},"properties":{"id":"bikerack:75841b15-fbf7-47f2-b209-ba54ec7aa908","kind":"bikerack","longitude":13.7331971,"latitude":51.0451737,"name":"Fahrradabstellplatz","city":"Dresden","address":null,"covered":false,"access":null,"website":null,"phone":null,"source":"OpenStreetMap/node/7928129198","sourceUpdatedAt":null,"verifiedAt":null}},{"type":"Feature","geometry":{"type":"Point","coordinates":[13.7416743,51.0509855]},"properties":{"id":"bikerack:75b514d3-113d-4deb-9943-f9234bce97f7","kind":"bikerack","longitude":13.7416743,"latitude":51.0509855,"name":"Fahrradabstellplatz","city":"Dresden","address":null,"covered":false,"access":null,"website":null,"phone":null,"source":"OpenStreetMap/node/6348533039","sourceUpdatedAt":null,"verifiedAt":null}},{"type":"Feature","geometry":{"type":"Point","coordinates":[13.7403908,51.0467679]},"properties":{"id":"bikerack:7606bb1b-6fe2-422f-a2bc-a04843071337","kind":"bikerack","longitude":13.7403908,"latitude":51.0467679,"name":"Fahrradabstellplatz","city":"Dresden","address":null,"covered":false,"access":null,"website":null,"phone":null,"source":"OpenStreetMap/node/12819235643","sourceUpdatedAt":null,"verifiedAt":null}},{"type":"Feature","geometry":{"type":"Point","coordinates":[13.7295186,51.0511684]},"properties":{"id":"bikerack:761fdcf8-726e-4b57-b47e-b98d9eb68c1b","kind":"bikerack","longitude":13.7295186,"latitude":51.0511684,"name":"Fahrradabstellplatz","city":"Dresden","address":null,"covered":false,"access":null,"website":null,"phone":null,"source":"OpenStreetMap/node/10041447056","sourceUpdatedAt":null,"verifiedAt":null}},{"type":"Feature","geometry":{"type":"Point","coordinates":[13.7472398,51.0664147]},"properties":{"id":"bikerack:76747833-3eb4-4515-b0c6-499926cfedce","kind":"bikerack","longitude":13.7472398,"latitude":51.0664147,"name":"Fahrradabstellplatz","city":"Dresden","address":null,"covered":false,"access":null,"website":null,"phone":null,"source":"OpenStreetMap/node/12291708786","sourceUpdatedAt":null,"verifiedAt":null}},{"type":"Feature","geometry":{"type":"Point","coordinates":[13.7525126,51.0525491]},"properties":{"id":"bikerack:76ca144b-5ae0-4b05-ae34-beb2949582f7","kind":"bikerack","longitude":13.7525126,"latitude":51.0525491,"name":"Fahrradabstellplatz","city":"Dresden","address":null,"covered":false,"access":null,"website":null,"phone":null,"source":"OpenStreetMap/node/8618109219","sourceUpdatedAt":null,"verifiedAt":null}},{"type":"Feature","geometry":{"type":"Point","coordinates":[13.7198599,51.057472]},"properties":{"id":"bikerack:77425598-3d07-446f-9f14-a39f1207ca1f","kind":"bikerack","longitude":13.7198599,"latitude":51.057472,"name":"Fahrradabstellplatz","city":"Dresden","address":null,"covered":false,"access":null,"website":null,"phone":null,"source":"OpenStreetMap/node/6028217571","sourceUpdatedAt":null,"verifiedAt":null}},{"type":"Feature","geometry":{"type":"Point","coordinates":[13.7406859,51.057698]},"properties":{"id":"bikerack:77bf1b8d-7c69-4b1e-94f2-ba7d29fd9fd3","kind":"bikerack","longitude":13.7406859,"latitude":51.057698,"name":"Fahrradabstellplatz","city":"Dresden","address":null,"covered":false,"access":null,"website":null,"phone":null,"source":"OpenStreetMap/node/1445229737","sourceUpdatedAt":null,"verifiedAt":null}},{"type":"Feature","geometry":{"type":"Point","coordinates":[13.728397,51.0426061]},"properties":{"id":"bikerack:77d5f0bc-2ebb-4fc7-97a6-da742397a373","kind":"bikerack","longitude":13.728397,"latitude":51.0426061,"name":"Fahrradabstellplatz","city":"Dresden","address":null,"covered":false,"access":null,"website":null,"phone":null,"source":"OpenStreetMap/node/9776391287","sourceUpdatedAt":null,"verifiedAt":null}},{"type":"Feature","geometry":{"type":"Point","coordinates":[13.7539512,51.0515006]},"properties":{"id":"bikerack:783ac93e-48df-4101-b20e-bc4395316b1c","kind":"bikerack","longitude":13.7539512,"latitude":51.0515006,"name":"Fahrradabstellplatz","city":"Dresden","address":null,"covered":false,"access":null,"website":null,"phone":null,"source":"OpenStreetMap/node/5104655983","sourceUpdatedAt":null,"verifiedAt":null}},{"type":"Feature","geometry":{"type":"Point","coordinates":[13.7541115,51.052154]},"properties":{"id":"bikerack:784a806d-6fe0-4b83-8176-7dc048c7debe","kind":"bikerack","longitude":13.7541115,"latitude":51.052154,"name":"Fahrradabstellplatz","city":"Dresden","address":null,"covered":false,"access":null,"website":null,"phone":null,"source":"OpenStreetMap/node/5104655981","sourceUpdatedAt":null,"verifiedAt":null}},{"type":"Feature","geometry":{"type":"Point","coordinates":[13.7143763,51.0554626]},"properties":{"id":"bikerack:786f6953-2c01-45f3-aa07-70e67926273a","kind":"bikerack","longitude":13.7143763,"latitude":51.0554626,"name":"Fahrradabstellplatz","city":"Dresden","address":null,"covered":false,"access":null,"website":null,"phone":null,"source":"OpenStreetMap/node/4993489978","sourceUpdatedAt":null,"verifiedAt":null}},{"type":"Feature","geometry":{"type":"Point","coordinates":[13.7369966,51.0549013]},"properties":{"id":"bikerack:78e62d0d-571b-41e0-8186-b2e8841d4416","kind":"bikerack","longitude":13.7369966,"latitude":51.0549013,"name":"Fahrradabstellplatz","city":"Dresden","address":null,"covered":false,"access":null,"website":null,"phone":null,"source":"OpenStreetMap/node/2496743331","sourceUpdatedAt":null,"verifiedAt":null}},{"type":"Feature","geometry":{"type":"Point","coordinates":[13.7456862,51.0464627]},"properties":{"id":"bikerack:79578b5f-cbb4-449e-9c52-0c710bc1aec9","kind":"bikerack","longitude":13.7456862,"latitude":51.0464627,"name":"Fahrradabstellplatz","city":"Dresden","address":null,"covered":false,"access":null,"website":null,"phone":null,"source":"OpenStreetMap/node/7243207439","sourceUpdatedAt":null,"verifiedAt":null}},{"type":"Feature","geometry":{"type":"Point","coordinates":[13.7343812,51.0639696]},"properties":{"id":"bikerack:7a0ffedf-f40d-44c0-903d-2806a97da877","kind":"bikerack","longitude":13.7343812,"latitude":51.0639696,"name":"Fahrradabstellplatz","city":"Dresden","address":null,"covered":false,"access":null,"website":null,"phone":null,"source":"OpenStreetMap/node/7417882034","sourceUpdatedAt":null,"verifiedAt":null}},{"type":"Feature","geometry":{"type":"Point","coordinates":[13.7367757,51.0439691]},"properties":{"id":"bikerack:7a2942d7-7fe5-4b3e-a2d6-dce7e81fc722","kind":"bikerack","longitude":13.7367757,"latitude":51.0439691,"name":"Fahrradabstellplatz","city":"Dresden","address":null,"covered":false,"access":null,"website":null,"phone":null,"source":"OpenStreetMap/node/1307487778","sourceUpdatedAt":null,"verifiedAt":null}},{"type":"Feature","geometry":{"type":"Point","coordinates":[13.7349082,51.0496278]},"properties":{"id":"bikerack:7b23d036-f642-44ad-ba0c-591f95a04443","kind":"bikerack","longitude":13.7349082,"latitude":51.0496278,"name":"Fahrradabstellplatz","city":"Dresden","address":null,"covered":false,"access":null,"website":null,"phone":null,"source":"OpenStreetMap/node/1137981064","sourceUpdatedAt":null,"verifiedAt":null}},{"type":"Feature","geometry":{"type":"Point","coordinates":[13.7339114,51.0549704]},"properties":{"id":"bikerack:7bae0b96-0aa2-4b3b-aa65-c38c38999962","kind":"bikerack","longitude":13.7339114,"latitude":51.0549704,"name":"Fahrradabstellplatz","city":"Dresden","address":null,"covered":false,"access":null,"website":null,"phone":null,"source":"OpenStreetMap/way/242410406","sourceUpdatedAt":null,"verifiedAt":null}},{"type":"Feature","geometry":{"type":"Point","coordinates":[13.7361283,51.0488765]},"properties":{"id":"bikerack:7bd01045-1fac-41e8-8d7a-66c12f58497b","kind":"bikerack","longitude":13.7361283,"latitude":51.0488765,"name":"Fahrradabstellplatz","city":"Dresden","address":null,"covered":false,"access":null,"website":null,"phone":null,"source":"OpenStreetMap/node/1307487784","sourceUpdatedAt":null,"verifiedAt":null}},{"type":"Feature","geometry":{"type":"Point","coordinates":[13.7231688,51.0525973]},"properties":{"id":"bikerack:7c188f89-05ce-4389-b6f5-d2991b22697c","kind":"bikerack","longitude":13.7231688,"latitude":51.0525973,"name":"Fahrradabstellplatz","city":"Dresden","address":null,"covered":false,"access":null,"website":null,"phone":null,"source":"OpenStreetMap/way/768887230","sourceUpdatedAt":null,"verifiedAt":null}},{"type":"Feature","geometry":{"type":"Point","coordinates":[13.7333532,51.0505067]},"properties":{"id":"bikerack:7c26d5ec-7352-4fd4-bd71-f671b83517cd","kind":"bikerack","longitude":13.7333532,"latitude":51.0505067,"name":"Fahrradabstellplatz","city":"Dresden","address":null,"covered":false,"access":null,"website":null,"phone":null,"source":"OpenStreetMap/node/12585557914","sourceUpdatedAt":null,"verifiedAt":null}},{"type":"Feature","geometry":{"type":"Point","coordinates":[13.7364019,51.0506829]},"properties":{"id":"bikerack:7c38de29-7e80-4153-b16f-7293fd8df25d","kind":"bikerack","longitude":13.7364019,"latitude":51.0506829,"name":"Fahrradabstellplatz","city":"Dresden","address":null,"covered":false,"access":null,"website":null,"phone":null,"source":"OpenStreetMap/node/13026953591","sourceUpdatedAt":null,"verifiedAt":null}},{"type":"Feature","geometry":{"type":"Point","coordinates":[13.7203853,51.0544739]},"properties":{"id":"bikerack:7cab0f61-224c-4605-82eb-402ffd94cf7f","kind":"bikerack","longitude":13.7203853,"latitude":51.0544739,"name":"Fahrradabstellplatz","city":"Dresden","address":null,"covered":false,"access":null,"website":null,"phone":null,"source":"OpenStreetMap/node/2463251738","sourceUpdatedAt":null,"verifiedAt":null}},{"type":"Feature","geometry":{"type":"Point","coordinates":[13.752914,51.0514917]},"properties":{"id":"bikerack:7cfb578b-6c53-403c-b63f-03fced511be3","kind":"bikerack","longitude":13.752914,"latitude":51.0514917,"name":"Fahrradabstellplatz","city":"Dresden","address":null,"covered":false,"access":null,"website":null,"phone":null,"source":"OpenStreetMap/node/8820960006","sourceUpdatedAt":null,"verifiedAt":null}},{"type":"Feature","geometry":{"type":"Point","coordinates":[13.748997,51.0663851]},"properties":{"id":"bikerack:7d47d6b1-bda3-4804-8356-ddaa97729713","kind":"bikerack","longitude":13.748997,"latitude":51.0663851,"name":"Fahrradabstellplatz","city":"Dresden","address":null,"covered":false,"access":null,"website":null,"phone":null,"source":"OpenStreetMap/node/13165524627","sourceUpdatedAt":null,"verifiedAt":null}},{"type":"Feature","geometry":{"type":"Point","coordinates":[13.7475813,51.0472508]},"properties":{"id":"bikerack:7d87aa8a-daec-4e9e-92ee-262128cddf10","kind":"bikerack","longitude":13.7475813,"latitude":51.0472508,"name":"Fahrradabstellplatz","city":"Dresden","address":null,"covered":true,"access":null,"website":null,"phone":null,"source":"OpenStreetMap/node/1402603377","sourceUpdatedAt":null,"verifiedAt":null}},{"type":"Feature","geometry":{"type":"Point","coordinates":[13.7194782,51.0416979]},"properties":{"id":"bikerack:7d8d102c-1e7d-471c-a1a3-30f23c42c278","kind":"bikerack","longitude":13.7194782,"latitude":51.0416979,"name":"Fahrradabstellplatz","city":"Dresden","address":null,"covered":false,"access":null,"website":null,"phone":null,"source":"OpenStreetMap/node/7781717232","sourceUpdatedAt":null,"verifiedAt":null}},{"type":"Feature","geometry":{"type":"Point","coordinates":[13.7499694,51.061263]},"properties":{"id":"bikerack:7dc57550-15b1-4a61-aef5-b106ec2350bb","kind":"bikerack","longitude":13.7499694,"latitude":51.061263,"name":"Fahrradabstellplatz","city":"Dresden","address":null,"covered":false,"access":null,"website":null,"phone":null,"source":"OpenStreetMap/node/9650936952","sourceUpdatedAt":null,"verifiedAt":null}},{"type":"Feature","geometry":{"type":"Point","coordinates":[13.7546769,51.0631627]},"properties":{"id":"bikerack:7e0a5c5b-0fe2-411e-8624-5135d0d69c62","kind":"bikerack","longitude":13.7546769,"latitude":51.0631627,"name":"Fahrradabstellplatz","city":"Dresden","address":null,"covered":false,"access":null,"website":null,"phone":null,"source":"OpenStreetMap/node/12315821418","sourceUpdatedAt":null,"verifiedAt":null}},{"type":"Feature","geometry":{"type":"Point","coordinates":[13.7301511,51.0419911]},"properties":{"id":"bikerack:7e5fbdc3-60d2-4b2c-8a9a-796036eaf6a4","kind":"bikerack","longitude":13.7301511,"latitude":51.0419911,"name":"Fahrradabstellplatz","city":"Dresden","address":null,"covered":false,"access":null,"website":null,"phone":null,"source":"OpenStreetMap/node/9812075212","sourceUpdatedAt":null,"verifiedAt":null}},{"type":"Feature","geometry":{"type":"Point","coordinates":[13.7320436,51.0434089]},"properties":{"id":"bikerack:7e78f0f3-9c19-4308-b0a5-b99f0696bec0","kind":"bikerack","longitude":13.7320436,"latitude":51.0434089,"name":"Fahrradabstellplatz","city":"Dresden","address":null,"covered":false,"access":null,"website":null,"phone":null,"source":"OpenStreetMap/node/12516533239","sourceUpdatedAt":null,"verifiedAt":null}},{"type":"Feature","geometry":{"type":"Point","coordinates":[13.7358381,51.0486739]},"properties":{"id":"bikerack:7e9f6a97-37bd-4707-aeec-8d2c7b98d19c","kind":"bikerack","longitude":13.7358381,"latitude":51.0486739,"name":"Fahrradabstellplatz","city":"Dresden","address":null,"covered":false,"access":null,"website":null,"phone":null,"source":"OpenStreetMap/node/1307487777","sourceUpdatedAt":null,"verifiedAt":null}},{"type":"Feature","geometry":{"type":"Point","coordinates":[13.7496711,51.068687]},"properties":{"id":"bikerack:7ea35c76-26c6-4fb7-9bf7-c14df1bd5c5c","kind":"bikerack","longitude":13.7496711,"latitude":51.068687,"name":"Fahrradabstellplatz","city":"Dresden","address":null,"covered":false,"access":null,"website":null,"phone":null,"source":"OpenStreetMap/node/3632757464","sourceUpdatedAt":null,"verifiedAt":null}},{"type":"Feature","geometry":{"type":"Point","coordinates":[13.751028,51.0660961]},"properties":{"id":"bikerack:7eca31e2-1d81-4d81-a3b0-ec735028d494","kind":"bikerack","longitude":13.751028,"latitude":51.0660961,"name":"Fahrradabstellplatz","city":"Dresden","address":null,"covered":false,"access":null,"website":null,"phone":null,"source":"OpenStreetMap/node/4385220793","sourceUpdatedAt":null,"verifiedAt":null}},{"type":"Feature","geometry":{"type":"Point","coordinates":[13.7318238,51.0503052]},"properties":{"id":"bikerack:7f4cf955-084d-404e-8cb8-057b0a6d6b73","kind":"bikerack","longitude":13.7318238,"latitude":51.0503052,"name":"Fahrradabstellplatz","city":"Dresden","address":null,"covered":false,"access":null,"website":null,"phone":null,"source":"OpenStreetMap/node/7180936332","sourceUpdatedAt":null,"verifiedAt":null}},{"type":"Feature","geometry":{"type":"Point","coordinates":[13.7310592,51.0549544]},"properties":{"id":"bikerack:7f51e0ba-3661-4d90-aa6a-39d58041e093","kind":"bikerack","longitude":13.7310592,"latitude":51.0549544,"name":"Fahrradabstellplatz","city":"Dresden","address":null,"covered":false,"access":null,"website":null,"phone":null,"source":"OpenStreetMap/node/12188582932","sourceUpdatedAt":null,"verifiedAt":null}},{"type":"Feature","geometry":{"type":"Point","coordinates":[13.7526598,51.0515254]},"properties":{"id":"bikerack:7fb95c44-98b9-430c-8d53-720cea767d19","kind":"bikerack","longitude":13.7526598,"latitude":51.0515254,"name":"Fahrradabstellplatz","city":"Dresden","address":null,"covered":false,"access":null,"website":null,"phone":null,"source":"OpenStreetMap/node/8820960007","sourceUpdatedAt":null,"verifiedAt":null}},{"type":"Feature","geometry":{"type":"Point","coordinates":[13.7406893,51.0609549]},"properties":{"id":"bikerack:7fe166c7-ebf4-450c-b757-7876d5e3160a","kind":"bikerack","longitude":13.7406893,"latitude":51.0609549,"name":"Fahrradabstellplatz","city":"Dresden","address":null,"covered":false,"access":null,"website":null,"phone":null,"source":"OpenStreetMap/node/1854021997","sourceUpdatedAt":null,"verifiedAt":null}},{"type":"Feature","geometry":{"type":"Point","coordinates":[13.7375023,51.0542174]},"properties":{"id":"bikerack:7fe5c0ff-f288-413c-a927-2d2362599b9d","kind":"bikerack","longitude":13.7375023,"latitude":51.0542174,"name":"Fahrradabstellplatz","city":"Dresden","address":null,"covered":false,"access":null,"website":null,"phone":null,"source":"OpenStreetMap/node/1404812631","sourceUpdatedAt":null,"verifiedAt":null}},{"type":"Feature","geometry":{"type":"Point","coordinates":[13.7250007,51.0549548]},"properties":{"id":"bikerack:80a44a61-e02b-48d7-a59c-251cf1f6237e","kind":"bikerack","longitude":13.7250007,"latitude":51.0549548,"name":"Fahrradabstellplatz","city":"Dresden","address":null,"covered":false,"access":null,"website":null,"phone":null,"source":"OpenStreetMap/node/12469381250","sourceUpdatedAt":null,"verifiedAt":null}},{"type":"Feature","geometry":{"type":"Point","coordinates":[13.7381202,51.046691]},"properties":{"id":"bikerack:810e09f2-e2e2-4e82-be7e-92ef25cc1788","kind":"bikerack","longitude":13.7381202,"latitude":51.046691,"name":"Fahrradabstellplatz","city":"Dresden","address":null,"covered":true,"access":null,"website":null,"phone":null,"source":"OpenStreetMap/way/290372231","sourceUpdatedAt":null,"verifiedAt":null}},{"type":"Feature","geometry":{"type":"Point","coordinates":[13.7519868,51.0510841]},"properties":{"id":"bikerack:8151a9ee-255b-45b6-929f-84a7a4f616f3","kind":"bikerack","longitude":13.7519868,"latitude":51.0510841,"name":"Fahrradabstellplatz","city":"Dresden","address":null,"covered":false,"access":null,"website":null,"phone":null,"source":"OpenStreetMap/node/8618109257","sourceUpdatedAt":null,"verifiedAt":null}},{"type":"Feature","geometry":{"type":"Point","coordinates":[13.7297576,51.0496715]},"properties":{"id":"bikerack:81bd7563-24d8-4186-896e-e42eefd9aece","kind":"bikerack","longitude":13.7297576,"latitude":51.0496715,"name":"Fahrradabstellplatz","city":"Dresden","address":null,"covered":true,"access":null,"website":null,"phone":null,"source":"OpenStreetMap/node/4902413040","sourceUpdatedAt":null,"verifiedAt":null}},{"type":"Feature","geometry":{"type":"Point","coordinates":[13.7484592,51.0442106]},"properties":{"id":"bikerack:81ea80b4-5412-4abe-9fca-c1bad0c3b69e","kind":"bikerack","longitude":13.7484592,"latitude":51.0442106,"name":"Fahrradabstellplatz","city":"Dresden","address":null,"covered":false,"access":null,"website":null,"phone":null,"source":"OpenStreetMap/node/1855469718","sourceUpdatedAt":null,"verifiedAt":null}},{"type":"Feature","geometry":{"type":"Point","coordinates":[13.7468858,51.0631366]},"properties":{"id":"bikerack:826b7d3c-f4dc-4f76-84bb-14001226f185","kind":"bikerack","longitude":13.7468858,"latitude":51.0631366,"name":"Fahrradabstellplatz","city":"Dresden","address":null,"covered":false,"access":null,"website":null,"phone":null,"source":"OpenStreetMap/node/1488272069","sourceUpdatedAt":null,"verifiedAt":null}},{"type":"Feature","geometry":{"type":"Point","coordinates":[13.7163837,51.0573004]},"properties":{"id":"bikerack:82a773d2-df24-4e81-bba8-52148496154b","kind":"bikerack","longitude":13.7163837,"latitude":51.0573004,"name":"Fahrradabstellplatz","city":"Dresden","address":null,"covered":false,"access":null,"website":null,"phone":null,"source":"OpenStreetMap/node/11611630370","sourceUpdatedAt":null,"verifiedAt":null}},{"type":"Feature","geometry":{"type":"Point","coordinates":[13.7464647,51.0633635]},"properties":{"id":"bikerack:82bdb2ca-25bc-4640-bda9-a9dac465b4e6","kind":"bikerack","longitude":13.7464647,"latitude":51.0633635,"name":"Fahrradabstellplatz","city":"Dresden","address":null,"covered":false,"access":null,"website":null,"phone":null,"source":"OpenStreetMap/node/3682919636","sourceUpdatedAt":null,"verifiedAt":null}},{"type":"Feature","geometry":{"type":"Point","coordinates":[13.7206,51.0624633]},"properties":{"id":"bikerack:833bf44c-a69b-41f2-92d2-cb07adf549e7","kind":"bikerack","longitude":13.7206,"latitude":51.0624633,"name":"Fahrradabstellplatz","city":"Dresden","address":null,"covered":false,"access":null,"website":null,"phone":null,"source":"OpenStreetMap/node/12105727121","sourceUpdatedAt":null,"verifiedAt":null}},{"type":"Feature","geometry":{"type":"Point","coordinates":[13.712055,51.04785]},"properties":{"id":"bikerack:8348e153-3a19-4625-bb15-feabb94d0c2f","kind":"bikerack","longitude":13.712055,"latitude":51.04785,"name":"Fahrradabstellplatz","city":"Dresden","address":null,"covered":false,"access":null,"website":null,"phone":null,"source":"OpenStreetMap/node/2875273901","sourceUpdatedAt":null,"verifiedAt":null}},{"type":"Feature","geometry":{"type":"Point","coordinates":[13.7475855,51.0506112]},"properties":{"id":"bikerack:853e3636-a680-4ac8-a052-12e06f5b09b1","kind":"bikerack","longitude":13.7475855,"latitude":51.0506112,"name":"Fahrradabstellplatz","city":"Dresden","address":null,"covered":false,"access":null,"website":null,"phone":null,"source":"OpenStreetMap/node/1048647933","sourceUpdatedAt":null,"verifiedAt":null}},{"type":"Feature","geometry":{"type":"Point","coordinates":[13.7355392,51.0466682]},"properties":{"id":"bikerack:86bdb608-4351-4616-af4b-2e83a2ae9c22","kind":"bikerack","longitude":13.7355392,"latitude":51.0466682,"name":"Fahrradabstellplatz","city":"Dresden","address":null,"covered":true,"access":null,"website":null,"phone":null,"source":"OpenStreetMap/node/12192814800","sourceUpdatedAt":null,"verifiedAt":null}},{"type":"Feature","geometry":{"type":"Point","coordinates":[13.7379513,51.0534653]},"properties":{"id":"bikerack:86c134b8-e3cb-45b6-aaf4-935d618116ef","kind":"bikerack","longitude":13.7379513,"latitude":51.0534653,"name":"Fahrradabstellplatz","city":"Dresden","address":null,"covered":false,"access":null,"website":null,"phone":null,"source":"OpenStreetMap/node/7872956986","sourceUpdatedAt":null,"verifiedAt":null}},{"type":"Feature","geometry":{"type":"Point","coordinates":[13.7417495,51.0480732]},"properties":{"id":"bikerack:86d01c92-1304-4396-9717-2566a5575826","kind":"bikerack","longitude":13.7417495,"latitude":51.0480732,"name":"Fahrradabstellplatz","city":"Dresden","address":null,"covered":false,"access":null,"website":null,"phone":null,"source":"OpenStreetMap/node/6125253531","sourceUpdatedAt":null,"verifiedAt":null}},{"type":"Feature","geometry":{"type":"Point","coordinates":[13.7270062,51.0534675]},"properties":{"id":"bikerack:875b248d-5cee-4e3b-8df2-06105be4e4c5","kind":"bikerack","longitude":13.7270062,"latitude":51.0534675,"name":"Fahrradabstellplatz","city":"Dresden","address":null,"covered":false,"access":null,"website":null,"phone":null,"source":"OpenStreetMap/node/10304790263","sourceUpdatedAt":null,"verifiedAt":null}},{"type":"Feature","geometry":{"type":"Point","coordinates":[13.7316624,51.0480169]},"properties":{"id":"bikerack:876a81a1-228f-410d-a6f7-c3e7c2613034","kind":"bikerack","longitude":13.7316624,"latitude":51.0480169,"name":"Fahrradabstellplatz","city":"Dresden","address":null,"covered":false,"access":null,"website":null,"phone":null,"source":"OpenStreetMap/node/13180637751","sourceUpdatedAt":null,"verifiedAt":null}},{"type":"Feature","geometry":{"type":"Point","coordinates":[13.7490138,51.0464017]},"properties":{"id":"bikerack:88553457-a5f0-464b-ae82-56e340f01428","kind":"bikerack","longitude":13.7490138,"latitude":51.0464017,"name":"Fahrradabstellplatz","city":"Dresden","address":null,"covered":false,"access":null,"website":null,"phone":null,"source":"OpenStreetMap/node/12189120126","sourceUpdatedAt":null,"verifiedAt":null}},{"type":"Feature","geometry":{"type":"Point","coordinates":[13.7228932,51.0560221]},"properties":{"id":"bikerack:885e45e1-ada3-40c2-9d49-8857e396eb5b","kind":"bikerack","longitude":13.7228932,"latitude":51.0560221,"name":"Fahrradabstellplatz","city":"Dresden","address":null,"covered":false,"access":null,"website":null,"phone":null,"source":"OpenStreetMap/node/1728760407","sourceUpdatedAt":null,"verifiedAt":null}},{"type":"Feature","geometry":{"type":"Point","coordinates":[13.7360277,51.0451357]},"properties":{"id":"bikerack:88bace3f-f2cb-4951-b328-5a24e91b4ba8","kind":"bikerack","longitude":13.7360277,"latitude":51.0451357,"name":"Fahrradabstellplatz","city":"Dresden","address":null,"covered":false,"access":null,"website":null,"phone":null,"source":"OpenStreetMap/node/1249802440","sourceUpdatedAt":null,"verifiedAt":null}},{"type":"Feature","geometry":{"type":"Point","coordinates":[13.7172823,51.0574667]},"properties":{"id":"bikerack:891fab1a-44b5-4f19-9003-d7817bcd0afb","kind":"bikerack","longitude":13.7172823,"latitude":51.0574667,"name":"Fahrradabstellplatz","city":"Dresden","address":null,"covered":false,"access":null,"website":null,"phone":null,"source":"OpenStreetMap/node/9424804217","sourceUpdatedAt":null,"verifiedAt":null}},{"type":"Feature","geometry":{"type":"Point","coordinates":[13.7433101,51.0602584]},"properties":{"id":"bikerack:89bffda9-1a11-4dca-ac05-37fdb3190069","kind":"bikerack","longitude":13.7433101,"latitude":51.0602584,"name":"Fahrradabstellplatz","city":"Dresden","address":null,"covered":false,"access":null,"website":null,"phone":null,"source":"OpenStreetMap/node/3682919634","sourceUpdatedAt":null,"verifiedAt":null}},{"type":"Feature","geometry":{"type":"Point","coordinates":[13.7439105,51.057504]},"properties":{"id":"bikerack:89edae0e-7e08-4733-b3e6-b09e324dc56a","kind":"bikerack","longitude":13.7439105,"latitude":51.057504,"name":"Fahrradabstellplatz","city":"Dresden","address":null,"covered":false,"access":null,"website":null,"phone":null,"source":"OpenStreetMap/node/4058643443","sourceUpdatedAt":null,"verifiedAt":null}},{"type":"Feature","geometry":{"type":"Point","coordinates":[13.7509529,51.0641104]},"properties":{"id":"bikerack:8aafb3dc-1588-49af-9255-7cb0d7f1f225","kind":"bikerack","longitude":13.7509529,"latitude":51.0641104,"name":"Fahrradabstellplatz","city":"Dresden","address":null,"covered":false,"access":null,"website":null,"phone":null,"source":"OpenStreetMap/node/11022079142","sourceUpdatedAt":null,"verifiedAt":null}},{"type":"Feature","geometry":{"type":"Point","coordinates":[13.718269,51.0587239]},"properties":{"id":"bikerack:8ae169c9-9de9-4dc5-aba8-1843975999be","kind":"bikerack","longitude":13.718269,"latitude":51.0587239,"name":"Fahrradabstellplatz","city":"Dresden","address":null,"covered":true,"access":null,"website":null,"phone":null,"source":"OpenStreetMap/node/4780780882","sourceUpdatedAt":null,"verifiedAt":null}},{"type":"Feature","geometry":{"type":"Point","coordinates":[13.7229739,51.0545414]},"properties":{"id":"bikerack:8ae5da2d-ec45-40ad-af59-aee480da93c1","kind":"bikerack","longitude":13.7229739,"latitude":51.0545414,"name":"Fahrradabstellplatz","city":"Dresden","address":null,"covered":false,"access":null,"website":null,"phone":null,"source":"OpenStreetMap/node/6197528936","sourceUpdatedAt":null,"verifiedAt":null}},{"type":"Feature","geometry":{"type":"Point","coordinates":[13.7306895,51.0431512]},"properties":{"id":"bikerack:8afd804b-7958-43a1-a637-8d361a34b7d8","kind":"bikerack","longitude":13.7306895,"latitude":51.0431512,"name":"Fahrradabstellplatz","city":"Dresden","address":null,"covered":false,"access":null,"website":null,"phone":null,"source":"OpenStreetMap/node/12516617463","sourceUpdatedAt":null,"verifiedAt":null}},{"type":"Feature","geometry":{"type":"Point","coordinates":[13.7500771,51.0618131]},"properties":{"id":"bikerack:8b0fe530-55db-452c-bc2a-b22b01bcbe55","kind":"bikerack","longitude":13.7500771,"latitude":51.0618131,"name":"Fahrradabstellplatz","city":"Dresden","address":null,"covered":false,"access":null,"website":null,"phone":null,"source":"OpenStreetMap/way/594291583","sourceUpdatedAt":null,"verifiedAt":null}},{"type":"Feature","geometry":{"type":"Point","coordinates":[13.7227862,51.0485545]},"properties":{"id":"bikerack:8b215710-a594-4f81-a889-72a1aef849bf","kind":"bikerack","longitude":13.7227862,"latitude":51.0485545,"name":"Fahrradabstellplatz","city":"Dresden","address":null,"covered":false,"access":null,"website":null,"phone":null,"source":"OpenStreetMap/node/11218108729","sourceUpdatedAt":null,"verifiedAt":null}},{"type":"Feature","geometry":{"type":"Point","coordinates":[13.7472905,51.0502689]},"properties":{"id":"bikerack:8b4183e6-4f43-4b38-8176-39ad595e1e3d","kind":"bikerack","longitude":13.7472905,"latitude":51.0502689,"name":"Fahrradabstellplatz","city":"Dresden","address":null,"covered":false,"access":null,"website":null,"phone":null,"source":"OpenStreetMap/node/1048647938","sourceUpdatedAt":null,"verifiedAt":null}},{"type":"Feature","geometry":{"type":"Point","coordinates":[13.7431895,51.061785]},"properties":{"id":"bikerack:8bce8bd5-c58e-4786-b6d0-59c14204fcde","kind":"bikerack","longitude":13.7431895,"latitude":51.061785,"name":"Fahrradabstellplatz","city":"Dresden","address":null,"covered":false,"access":null,"website":null,"phone":null,"source":"OpenStreetMap/node/3682035903","sourceUpdatedAt":null,"verifiedAt":null}},{"type":"Feature","geometry":{"type":"Point","coordinates":[13.7315102,51.0479667]},"properties":{"id":"bikerack:8bea58ea-529b-4c93-bf43-e764e475cb4e","kind":"bikerack","longitude":13.7315102,"latitude":51.0479667,"name":"Fahrradabstellplatz","city":"Dresden","address":null,"covered":false,"access":null,"website":null,"phone":null,"source":"OpenStreetMap/node/13180637750","sourceUpdatedAt":null,"verifiedAt":null}},{"type":"Feature","geometry":{"type":"Point","coordinates":[13.7477092,51.0685519]},"properties":{"id":"bikerack:8c0d31b1-2c84-442c-9566-d1f9f38c93c8","kind":"bikerack","longitude":13.7477092,"latitude":51.0685519,"name":"Fahrradabstellplatz","city":"Dresden","address":null,"covered":false,"access":null,"website":null,"phone":null,"source":"OpenStreetMap/node/5353255911","sourceUpdatedAt":null,"verifiedAt":null}},{"type":"Feature","geometry":{"type":"Point","coordinates":[13.7247983,51.050911]},"properties":{"id":"bikerack:8c69b445-8500-471b-ada4-cf3ee9e57912","kind":"bikerack","longitude":13.7247983,"latitude":51.050911,"name":"Fahrradabstellplatz","city":"Dresden","address":null,"covered":false,"access":null,"website":null,"phone":null,"source":"OpenStreetMap/node/6028217569","sourceUpdatedAt":null,"verifiedAt":null}},{"type":"Feature","geometry":{"type":"Point","coordinates":[13.7369035,51.0516934]},"properties":{"id":"bikerack:8cb75b97-08c0-4570-bfb8-83408cbf7b2f","kind":"bikerack","longitude":13.7369035,"latitude":51.0516934,"name":"Fahrradabstellplatz","city":"Dresden","address":null,"covered":false,"access":null,"website":null,"phone":null,"source":"OpenStreetMap/node/5217891394","sourceUpdatedAt":null,"verifiedAt":null}},{"type":"Feature","geometry":{"type":"Point","coordinates":[13.7528389,51.0630195]},"properties":{"id":"bikerack:8d13bb12-7f3c-4c6d-940c-5a3831426d4f","kind":"bikerack","longitude":13.7528389,"latitude":51.0630195,"name":"Fahrradabstellplatz","city":"Dresden","address":null,"covered":false,"access":null,"website":null,"phone":null,"source":"OpenStreetMap/node/13435942103","sourceUpdatedAt":null,"verifiedAt":null}},{"type":"Feature","geometry":{"type":"Point","coordinates":[13.7149245,51.0554144]},"properties":{"id":"bikerack:8d9cef7e-090e-49cb-a733-8ebc1c3563c7","kind":"bikerack","longitude":13.7149245,"latitude":51.0554144,"name":"Fahrradabstellplatz","city":"Dresden","address":null,"covered":false,"access":null,"website":null,"phone":null,"source":"OpenStreetMap/node/4993489980","sourceUpdatedAt":null,"verifiedAt":null}},{"type":"Feature","geometry":{"type":"Point","coordinates":[13.7544293,51.0551206]},"properties":{"id":"bikerack:8db77b74-2515-461f-9a35-25de75d31f2d","kind":"bikerack","longitude":13.7544293,"latitude":51.0551206,"name":"Fahrradabstellplatz","city":"Dresden","address":null,"covered":false,"access":null,"website":null,"phone":null,"source":"OpenStreetMap/node/10578321577","sourceUpdatedAt":null,"verifiedAt":null}},{"type":"Feature","geometry":{"type":"Point","coordinates":[13.741578,51.0655853]},"properties":{"id":"bikerack:8dd48e38-8b99-4019-aa32-7ddc149b1980","kind":"bikerack","longitude":13.741578,"latitude":51.0655853,"name":"Fahrradabstellplatz","city":"Dresden","address":null,"covered":false,"access":null,"website":null,"phone":null,"source":"OpenStreetMap/node/3682035909","sourceUpdatedAt":null,"verifiedAt":null}},{"type":"Feature","geometry":{"type":"Point","coordinates":[13.7505722,51.0635875]},"properties":{"id":"bikerack:8e6ad714-4411-4f17-aced-b4e14732ae3f","kind":"bikerack","longitude":13.7505722,"latitude":51.0635875,"name":"Fahrradabstellplatz","city":"Dresden","address":null,"covered":false,"access":null,"website":null,"phone":null,"source":"OpenStreetMap/node/8287939739","sourceUpdatedAt":null,"verifiedAt":null}},{"type":"Feature","geometry":{"type":"Point","coordinates":[13.7153475,51.0644716]},"properties":{"id":"bikerack:8e7341c2-908c-4dbf-b346-43500b9faf78","kind":"bikerack","longitude":13.7153475,"latitude":51.0644716,"name":"Fahrradabstellplatz","city":"Dresden","address":null,"covered":false,"access":null,"website":null,"phone":null,"source":"OpenStreetMap/node/7891178225","sourceUpdatedAt":null,"verifiedAt":null}},{"type":"Feature","geometry":{"type":"Point","coordinates":[13.716859,51.053538]},"properties":{"id":"bikerack:8e7b70cf-1d46-4a79-be60-34f58e49247c","kind":"bikerack","longitude":13.716859,"latitude":51.053538,"name":"Fahrradabstellplatz","city":"Dresden","address":null,"covered":false,"access":null,"website":null,"phone":null,"source":"OpenStreetMap/node/413462381","sourceUpdatedAt":null,"verifiedAt":null}},{"type":"Feature","geometry":{"type":"Point","coordinates":[13.7324972,51.0502857]},"properties":{"id":"bikerack:8e9e366d-f249-4429-af41-ada92e848f24","kind":"bikerack","longitude":13.7324972,"latitude":51.0502857,"name":"Fahrradabstellplatz","city":"Dresden","address":null,"covered":false,"access":null,"website":null,"phone":null,"source":"OpenStreetMap/node/6881599773","sourceUpdatedAt":null,"verifiedAt":null}},{"type":"Feature","geometry":{"type":"Point","coordinates":[13.7381469,51.0425544]},"properties":{"id":"bikerack:8ed774ec-0162-43ed-8fe3-60195afcd722","kind":"bikerack","longitude":13.7381469,"latitude":51.0425544,"name":"Fahrradabstellplatz","city":"Dresden","address":null,"covered":false,"access":null,"website":null,"phone":null,"source":"OpenStreetMap/node/12135265158","sourceUpdatedAt":null,"verifiedAt":null}},{"type":"Feature","geometry":{"type":"Point","coordinates":[13.7422751,51.0614787]},"properties":{"id":"bikerack:8f100a86-7c91-4eda-b6e4-3930810fb764","kind":"bikerack","longitude":13.7422751,"latitude":51.0614787,"name":"Fahrradabstellplatz","city":"Dresden","address":null,"covered":false,"access":null,"website":null,"phone":null,"source":"OpenStreetMap/node/1445229784","sourceUpdatedAt":null,"verifiedAt":null}},{"type":"Feature","geometry":{"type":"Point","coordinates":[13.732802,51.0497217]},"properties":{"id":"bikerack:8f13e30f-6b0d-4425-a8e2-5d57b82193e9","kind":"bikerack","longitude":13.732802,"latitude":51.0497217,"name":"Fahrradabstellplatz","city":"Dresden","address":null,"covered":true,"access":null,"website":null,"phone":null,"source":"OpenStreetMap/node/12188594130","sourceUpdatedAt":null,"verifiedAt":null}},{"type":"Feature","geometry":{"type":"Point","coordinates":[13.7327826,51.0652779]},"properties":{"id":"bikerack:8f88717f-3b93-45ea-aefc-54de489377fe","kind":"bikerack","longitude":13.7327826,"latitude":51.0652779,"name":"Fahrradabstellplatz","city":"Dresden","address":null,"covered":false,"access":null,"website":null,"phone":null,"source":"OpenStreetMap/node/7417918712","sourceUpdatedAt":null,"verifiedAt":null}},{"type":"Feature","geometry":{"type":"Point","coordinates":[13.7326776,51.0558852]},"properties":{"id":"bikerack:8ff135a9-2104-4813-a640-618e983704e4","kind":"bikerack","longitude":13.7326776,"latitude":51.0558852,"name":"Fahrradabstellplatz","city":"Dresden","address":null,"covered":false,"access":null,"website":null,"phone":null,"source":"OpenStreetMap/node/12514196459","sourceUpdatedAt":null,"verifiedAt":null}},{"type":"Feature","geometry":{"type":"Point","coordinates":[13.7512951,51.0512814]},"properties":{"id":"bikerack:90410a2e-5bd2-4845-b0f9-d9ff0a4653c0","kind":"bikerack","longitude":13.7512951,"latitude":51.0512814,"name":"Fahrradabstellplatz","city":"Dresden","address":null,"covered":false,"access":null,"website":null,"phone":null,"source":"OpenStreetMap/node/968177461","sourceUpdatedAt":null,"verifiedAt":null}},{"type":"Feature","geometry":{"type":"Point","coordinates":[13.752302,51.0520746]},"properties":{"id":"bikerack:90425112-9b07-4a22-8eb4-8942c5da4741","kind":"bikerack","longitude":13.752302,"latitude":51.0520746,"name":"Fahrradabstellplatz","city":"Dresden","address":null,"covered":false,"access":null,"website":null,"phone":null,"source":"OpenStreetMap/node/8820960000","sourceUpdatedAt":null,"verifiedAt":null}},{"type":"Feature","geometry":{"type":"Point","coordinates":[13.7325857,51.0500776]},"properties":{"id":"bikerack:90acd6ff-c957-499c-9916-c05f024fcf59","kind":"bikerack","longitude":13.7325857,"latitude":51.0500776,"name":"Fahrradabstellplatz","city":"Dresden","address":null,"covered":false,"access":null,"website":null,"phone":null,"source":"OpenStreetMap/node/12188604713","sourceUpdatedAt":null,"verifiedAt":null}},{"type":"Feature","geometry":{"type":"Point","coordinates":[13.7231457,51.055886]},"properties":{"id":"bikerack:90ccb1f6-1b81-446f-8f6c-812574780637","kind":"bikerack","longitude":13.7231457,"latitude":51.055886,"name":"Fahrradabstellplatz","city":"Dresden","address":null,"covered":false,"access":null,"website":null,"phone":null,"source":"OpenStreetMap/node/1728760406","sourceUpdatedAt":null,"verifiedAt":null}},{"type":"Feature","geometry":{"type":"Point","coordinates":[13.7548015,51.0617189]},"properties":{"id":"bikerack:916796fe-7923-4152-95c4-77654e41525a","kind":"bikerack","longitude":13.7548015,"latitude":51.0617189,"name":"Fahrradabstellplatz","city":"Dresden","address":null,"covered":false,"access":null,"website":null,"phone":null,"source":"OpenStreetMap/node/998656295","sourceUpdatedAt":null,"verifiedAt":null}},{"type":"Feature","geometry":{"type":"Point","coordinates":[13.7497886,51.0686593]},"properties":{"id":"bikerack:916ba62f-b7eb-4bc2-a1e1-5b7bdcee1507","kind":"bikerack","longitude":13.7497886,"latitude":51.0686593,"name":"Fahrradabstellplatz","city":"Dresden","address":null,"covered":false,"access":null,"website":null,"phone":null,"source":"OpenStreetMap/node/3632757463","sourceUpdatedAt":null,"verifiedAt":null}},{"type":"Feature","geometry":{"type":"Point","coordinates":[13.7372106,51.0425269]},"properties":{"id":"bikerack:919efe83-2792-40e9-934f-565439aeb6fc","kind":"bikerack","longitude":13.7372106,"latitude":51.0425269,"name":"Fahrradabstellplatz","city":"Dresden","address":null,"covered":false,"access":null,"website":null,"phone":null,"source":"OpenStreetMap/node/12189035796","sourceUpdatedAt":null,"verifiedAt":null}},{"type":"Feature","geometry":{"type":"Point","coordinates":[13.7486837,51.0566773]},"properties":{"id":"bikerack:91c29dff-f2ae-4085-9566-acf5a30fd7d0","kind":"bikerack","longitude":13.7486837,"latitude":51.0566773,"name":"Fahrradabstellplatz","city":"Dresden","address":null,"covered":false,"access":null,"website":null,"phone":null,"source":"OpenStreetMap/node/4058643438","sourceUpdatedAt":null,"verifiedAt":null}},{"type":"Feature","geometry":{"type":"Point","coordinates":[13.7191225,51.0486621]},"properties":{"id":"bikerack:9280c61e-b503-47f7-a363-72c22839db89","kind":"bikerack","longitude":13.7191225,"latitude":51.0486621,"name":"Fahrradabstellplatz","city":"Dresden","address":null,"covered":true,"access":null,"website":null,"phone":null,"source":"OpenStreetMap/way/373180348","sourceUpdatedAt":null,"verifiedAt":null}},{"type":"Feature","geometry":{"type":"Point","coordinates":[13.7311182,51.0429768]},"properties":{"id":"bikerack:92b05968-b582-45d3-aeaf-4f8310d3a53a","kind":"bikerack","longitude":13.7311182,"latitude":51.0429768,"name":"Fahrradabstellplatz","city":"Dresden","address":null,"covered":false,"access":null,"website":null,"phone":null,"source":"OpenStreetMap/node/12516634130","sourceUpdatedAt":null,"verifiedAt":null}},{"type":"Feature","geometry":{"type":"Point","coordinates":[13.75353,51.062996]},"properties":{"id":"bikerack:92f0aa78-c630-49ab-855d-2c90072baaa5","kind":"bikerack","longitude":13.75353,"latitude":51.062996,"name":"Fahrradabstellplatz","city":"Dresden","address":null,"covered":false,"access":null,"website":null,"phone":null,"source":"OpenStreetMap/node/2659635795","sourceUpdatedAt":null,"verifiedAt":null}},{"type":"Feature","geometry":{"type":"Point","coordinates":[13.723605,51.0487628]},"properties":{"id":"bikerack:92f7e574-103e-442d-94be-0d3cf23dd113","kind":"bikerack","longitude":13.723605,"latitude":51.0487628,"name":"Fahrradabstellplatz","city":"Dresden","address":null,"covered":false,"access":null,"website":null,"phone":null,"source":"OpenStreetMap/node/12819003100","sourceUpdatedAt":null,"verifiedAt":null}},{"type":"Feature","geometry":{"type":"Point","coordinates":[13.7508152,51.0641408]},"properties":{"id":"bikerack:934075d8-8425-4a1b-a265-3e4d30721f7b","kind":"bikerack","longitude":13.7508152,"latitude":51.0641408,"name":"Fahrradabstellplatz","city":"Dresden","address":null,"covered":false,"access":null,"website":null,"phone":null,"source":"OpenStreetMap/node/11022079141","sourceUpdatedAt":null,"verifiedAt":null}},{"type":"Feature","geometry":{"type":"Point","coordinates":[13.7337805,51.0424513]},"properties":{"id":"bikerack:938f33e7-7244-4697-9298-dddeda92cf36","kind":"bikerack","longitude":13.7337805,"latitude":51.0424513,"name":"Fahrradabstellplatz","city":"Dresden","address":null,"covered":false,"access":null,"website":null,"phone":null,"source":"OpenStreetMap/node/5325868577","sourceUpdatedAt":null,"verifiedAt":null}},{"type":"Feature","geometry":{"type":"Point","coordinates":[13.745742,51.0578465]},"properties":{"id":"bikerack:939cf7c0-c227-4701-a720-d7d13a44d681","kind":"bikerack","longitude":13.745742,"latitude":51.0578465,"name":"Fahrradabstellplatz","city":"Dresden","address":null,"covered":true,"access":null,"website":null,"phone":null,"source":"OpenStreetMap/node/3559402315","sourceUpdatedAt":null,"verifiedAt":null}},{"type":"Feature","geometry":{"type":"Point","coordinates":[13.7542347,51.0640726]},"properties":{"id":"bikerack:93b83c7f-ba7d-43df-93c0-8bb6ded7f226","kind":"bikerack","longitude":13.7542347,"latitude":51.0640726,"name":"Fahrradabstellplatz","city":"Dresden","address":null,"covered":false,"access":null,"website":null,"phone":null,"source":"OpenStreetMap/node/6374342832","sourceUpdatedAt":null,"verifiedAt":null}},{"type":"Feature","geometry":{"type":"Point","coordinates":[13.7375117,51.052223]},"properties":{"id":"bikerack:93d6c5cc-ed04-455c-8534-04c5dfc68187","kind":"bikerack","longitude":13.7375117,"latitude":51.052223,"name":"Fahrradabstellplatz","city":"Dresden","address":null,"covered":false,"access":null,"website":null,"phone":null,"source":"OpenStreetMap/node/5174560825","sourceUpdatedAt":null,"verifiedAt":null}},{"type":"Feature","geometry":{"type":"Point","coordinates":[13.7285407,51.0511946]},"properties":{"id":"bikerack:944d4ae6-72ce-4827-9d97-09488c03e83e","kind":"bikerack","longitude":13.7285407,"latitude":51.0511946,"name":"Fahrradabstellplatz","city":"Dresden","address":null,"covered":false,"access":null,"website":null,"phone":null,"source":"OpenStreetMap/node/3827659158","sourceUpdatedAt":null,"verifiedAt":null}},{"type":"Feature","geometry":{"type":"Point","coordinates":[13.7435638,51.0491915]},"properties":{"id":"bikerack:948422b5-a354-4284-935f-349a8208a26e","kind":"bikerack","longitude":13.7435638,"latitude":51.0491915,"name":"Fahrradabstellplatz","city":"Dresden","address":null,"covered":false,"access":null,"website":null,"phone":null,"source":"OpenStreetMap/node/5558487810","sourceUpdatedAt":null,"verifiedAt":null}},{"type":"Feature","geometry":{"type":"Point","coordinates":[13.717454,51.0577026]},"properties":{"id":"bikerack:94a25986-bb59-497e-aaed-b72e122c566c","kind":"bikerack","longitude":13.717454,"latitude":51.0577026,"name":"Fahrradabstellplatz","city":"Dresden","address":null,"covered":false,"access":null,"website":null,"phone":null,"source":"OpenStreetMap/node/13716880352","sourceUpdatedAt":null,"verifiedAt":null}},{"type":"Feature","geometry":{"type":"Point","coordinates":[13.7210438,51.059027]},"properties":{"id":"bikerack:94ad5532-8dfa-4a90-9dc1-f6f4b0fc13b6","kind":"bikerack","longitude":13.7210438,"latitude":51.059027,"name":"Fahrradabstellplatz","city":"Dresden","address":null,"covered":false,"access":null,"website":null,"phone":null,"source":"OpenStreetMap/node/3394506091","sourceUpdatedAt":null,"verifiedAt":null}},{"type":"Feature","geometry":{"type":"Point","coordinates":[13.7459405,51.0641189]},"properties":{"id":"bikerack:94ea4a8e-8f33-4cc3-a496-6ee6b4f6314c","kind":"bikerack","longitude":13.7459405,"latitude":51.0641189,"name":"Fahrradabstellplatz","city":"Dresden","address":null,"covered":false,"access":null,"website":null,"phone":null,"source":"OpenStreetMap/node/3909354537","sourceUpdatedAt":null,"verifiedAt":null}},{"type":"Feature","geometry":{"type":"Point","coordinates":[13.7412669,51.0414218]},"properties":{"id":"bikerack:95dac5c9-f3e0-4ee8-8fb9-1ea4499244de","kind":"bikerack","longitude":13.7412669,"latitude":51.0414218,"name":"Fahrradabstellplatz","city":"Dresden","address":null,"covered":false,"access":null,"website":null,"phone":null,"source":"OpenStreetMap/way/1011237415","sourceUpdatedAt":null,"verifiedAt":null}},{"type":"Feature","geometry":{"type":"Point","coordinates":[13.7379089,51.0472727]},"properties":{"id":"bikerack:96063e4f-91b3-4888-8a3d-9ab383db5ec1","kind":"bikerack","longitude":13.7379089,"latitude":51.0472727,"name":"Fahrradabstellplatz","city":"Dresden","address":null,"covered":false,"access":null,"website":null,"phone":null,"source":"OpenStreetMap/node/9247847976","sourceUpdatedAt":null,"verifiedAt":null}},{"type":"Feature","geometry":{"type":"Point","coordinates":[13.7286587,51.0574017]},"properties":{"id":"bikerack:9615c287-444e-4bde-b290-38707b8e1946","kind":"bikerack","longitude":13.7286587,"latitude":51.0574017,"name":"Fahrradabstellplatz","city":"Dresden","address":null,"covered":false,"access":null,"website":null,"phone":null,"source":"OpenStreetMap/node/6028217580","sourceUpdatedAt":null,"verifiedAt":null}},{"type":"Feature","geometry":{"type":"Point","coordinates":[13.7329672,51.0492536]},"properties":{"id":"bikerack:961f20de-f48f-4822-a5b5-9a2d937240d0","kind":"bikerack","longitude":13.7329672,"latitude":51.0492536,"name":"Fahrradabstellplatz","city":"Dresden","address":null,"covered":false,"access":null,"website":null,"phone":null,"source":"OpenStreetMap/node/10156524534","sourceUpdatedAt":null,"verifiedAt":null}},{"type":"Feature","geometry":{"type":"Point","coordinates":[13.7388454,51.0485601]},"properties":{"id":"bikerack:9631352c-1e65-4b72-ae52-ebcdf25fc429","kind":"bikerack","longitude":13.7388454,"latitude":51.0485601,"name":"Fahrradabstellplatz","city":"Dresden","address":null,"covered":false,"access":null,"website":null,"phone":null,"source":"OpenStreetMap/node/12188612532","sourceUpdatedAt":null,"verifiedAt":null}},{"type":"Feature","geometry":{"type":"Point","coordinates":[13.7305415,51.0445638]},"properties":{"id":"bikerack:96603772-c0f3-4e48-bd0d-43393e9605f3","kind":"bikerack","longitude":13.7305415,"latitude":51.0445638,"name":"Fahrradabstellplatz","city":"Dresden","address":null,"covered":false,"access":null,"website":null,"phone":null,"source":"OpenStreetMap/node/12516396491","sourceUpdatedAt":null,"verifiedAt":null}},{"type":"Feature","geometry":{"type":"Point","coordinates":[13.7390167,51.0665719]},"properties":{"id":"bikerack:976b18e4-5a41-4814-868c-4868b7b30770","kind":"bikerack","longitude":13.7390167,"latitude":51.0665719,"name":"Fahrradabstellplatz","city":"Dresden","address":null,"covered":false,"access":null,"website":null,"phone":null,"source":"OpenStreetMap/node/10963885210","sourceUpdatedAt":null,"verifiedAt":null}},{"type":"Feature","geometry":{"type":"Point","coordinates":[13.7302999,51.0440841]},"properties":{"id":"bikerack:97c539d3-a819-4529-af82-99de965fc3ca","kind":"bikerack","longitude":13.7302999,"latitude":51.0440841,"name":"Fahrradabstellplatz","city":"Dresden","address":null,"covered":false,"access":null,"website":null,"phone":null,"source":"OpenStreetMap/node/13078287388","sourceUpdatedAt":null,"verifiedAt":null}},{"type":"Feature","geometry":{"type":"Point","coordinates":[13.7448991,51.0643585]},"properties":{"id":"bikerack:97dc1b7b-0b33-45b3-8837-5609d108934c","kind":"bikerack","longitude":13.7448991,"latitude":51.0643585,"name":"Fahrradabstellplatz","city":"Dresden","address":null,"covered":false,"access":null,"website":null,"phone":null,"source":"OpenStreetMap/node/3632757461","sourceUpdatedAt":null,"verifiedAt":null}},{"type":"Feature","geometry":{"type":"Point","coordinates":[13.749862,51.0428679]},"properties":{"id":"bikerack:98641942-a782-4c33-a834-b38e92aedbcb","kind":"bikerack","longitude":13.749862,"latitude":51.0428679,"name":"Fahrradabstellplatz","city":"Dresden","address":null,"covered":false,"access":null,"website":null,"phone":null,"source":"OpenStreetMap/node/1669420148","sourceUpdatedAt":null,"verifiedAt":null}},{"type":"Feature","geometry":{"type":"Point","coordinates":[13.7490249,51.0524768]},"properties":{"id":"bikerack:98bf8aab-2f44-4f4f-92c0-4e202ff99977","kind":"bikerack","longitude":13.7490249,"latitude":51.0524768,"name":"Fahrradabstellplatz","city":"Dresden","address":null,"covered":false,"access":null,"website":null,"phone":null,"source":"OpenStreetMap/node/12190126516","sourceUpdatedAt":null,"verifiedAt":null}},{"type":"Feature","geometry":{"type":"Point","coordinates":[13.743933,51.0517132]},"properties":{"id":"bikerack:98ccf65a-66fe-4805-8a42-9ac0e9a23629","kind":"bikerack","longitude":13.743933,"latitude":51.0517132,"name":"Fahrradabstellplatz","city":"Dresden","address":null,"covered":false,"access":null,"website":null,"phone":null,"source":"OpenStreetMap/node/2538092477","sourceUpdatedAt":null,"verifiedAt":null}},{"type":"Feature","geometry":{"type":"Point","coordinates":[13.7475981,51.0645825]},"properties":{"id":"bikerack:98d62f85-b7d4-4a14-84dd-1d070629a736","kind":"bikerack","longitude":13.7475981,"latitude":51.0645825,"name":"Fahrradabstellplatz","city":"Dresden","address":null,"covered":false,"access":null,"website":null,"phone":null,"source":"OpenStreetMap/node/3574958233","sourceUpdatedAt":null,"verifiedAt":null}},{"type":"Feature","geometry":{"type":"Point","coordinates":[13.7338501,51.0657543]},"properties":{"id":"bikerack:9924591e-5f69-4624-904c-ba4fc681c876","kind":"bikerack","longitude":13.7338501,"latitude":51.0657543,"name":"Fahrradabstellplatz","city":"Dresden","address":null,"covered":false,"access":null,"website":null,"phone":null,"source":"OpenStreetMap/node/7417914987","sourceUpdatedAt":null,"verifiedAt":null}},{"type":"Feature","geometry":{"type":"Point","coordinates":[13.731746,51.0431601]},"properties":{"id":"bikerack:99424e07-7574-4938-9f31-d1d134bbdd1b","kind":"bikerack","longitude":13.731746,"latitude":51.0431601,"name":"Fahrradabstellplatz","city":"Dresden","address":null,"covered":false,"access":null,"website":null,"phone":null,"source":"OpenStreetMap/node/12516510179","sourceUpdatedAt":null,"verifiedAt":null}},{"type":"Feature","geometry":{"type":"Point","coordinates":[13.7250781,51.0541192]},"properties":{"id":"bikerack:9950feb1-2889-4034-9f04-78726d55c791","kind":"bikerack","longitude":13.7250781,"latitude":51.0541192,"name":"Fahrradabstellplatz","city":"Dresden","address":null,"covered":false,"access":null,"website":null,"phone":null,"source":"OpenStreetMap/node/6033999721","sourceUpdatedAt":null,"verifiedAt":null}},{"type":"Feature","geometry":{"type":"Point","coordinates":[13.7479273,51.0581466]},"properties":{"id":"bikerack:9ab6c404-0e59-4ed3-8520-fb02d1d6ba9f","kind":"bikerack","longitude":13.7479273,"latitude":51.0581466,"name":"Fahrradabstellplatz","city":"Dresden","address":null,"covered":false,"access":null,"website":null,"phone":null,"source":"OpenStreetMap/node/4058643445","sourceUpdatedAt":null,"verifiedAt":null}},{"type":"Feature","geometry":{"type":"Point","coordinates":[13.7361666,51.0507104]},"properties":{"id":"bikerack:9ac08b71-ec9b-4fd9-9950-79126bca51c1","kind":"bikerack","longitude":13.7361666,"latitude":51.0507104,"name":"Fahrradabstellplatz","city":"Dresden","address":null,"covered":false,"access":null,"website":null,"phone":null,"source":"OpenStreetMap/node/9004919914","sourceUpdatedAt":null,"verifiedAt":null}},{"type":"Feature","geometry":{"type":"Point","coordinates":[13.7370498,51.0443318]},"properties":{"id":"bikerack:9b014be3-7aab-4f93-b23a-9b1322f335fd","kind":"bikerack","longitude":13.7370498,"latitude":51.0443318,"name":"Fahrradabstellplatz","city":"Dresden","address":null,"covered":false,"access":null,"website":null,"phone":null,"source":"OpenStreetMap/node/3627575260","sourceUpdatedAt":null,"verifiedAt":null}},{"type":"Feature","geometry":{"type":"Point","coordinates":[13.7420364,51.0591208]},"properties":{"id":"bikerack:9b948a46-a79b-4830-a175-da3b8fb94d65","kind":"bikerack","longitude":13.7420364,"latitude":51.0591208,"name":"Fahrradabstellplatz","city":"Dresden","address":null,"covered":false,"access":null,"website":null,"phone":null,"source":"OpenStreetMap/node/3682919626","sourceUpdatedAt":null,"verifiedAt":null}},{"type":"Feature","geometry":{"type":"Point","coordinates":[13.7358468,51.0507595]},"properties":{"id":"bikerack:9bda8fb0-d738-4de7-86f8-4cfedae0a3fa","kind":"bikerack","longitude":13.7358468,"latitude":51.0507595,"name":"Fahrradabstellplatz","city":"Dresden","address":null,"covered":false,"access":null,"website":null,"phone":null,"source":"OpenStreetMap/node/1491910956","sourceUpdatedAt":null,"verifiedAt":null}},{"type":"Feature","geometry":{"type":"Point","coordinates":[13.7235117,51.0631065]},"properties":{"id":"bikerack:9bf0adc2-04a0-4a54-bcb4-4a37c0b63fae","kind":"bikerack","longitude":13.7235117,"latitude":51.0631065,"name":"Fahrradabstellplatz","city":"Dresden","address":null,"covered":false,"access":null,"website":null,"phone":null,"source":"OpenStreetMap/node/2786449418","sourceUpdatedAt":null,"verifiedAt":null}},{"type":"Feature","geometry":{"type":"Point","coordinates":[13.7202559,51.0487264]},"properties":{"id":"bikerack:9bfa03ac-98f2-4a69-a61a-cb8b490666a3","kind":"bikerack","longitude":13.7202559,"latitude":51.0487264,"name":"Fahrradabstellplatz","city":"Dresden","address":null,"covered":true,"access":null,"website":null,"phone":null,"source":"OpenStreetMap/way/373180355","sourceUpdatedAt":null,"verifiedAt":null}},{"type":"Feature","geometry":{"type":"Point","coordinates":[13.7406524,51.0650566]},"properties":{"id":"bikerack:9c30c039-c92a-4212-9da6-d6456fb05536","kind":"bikerack","longitude":13.7406524,"latitude":51.0650566,"name":"Fahrradabstellplatz","city":"Dresden","address":null,"covered":false,"access":null,"website":null,"phone":null,"source":"OpenStreetMap/node/1999864386","sourceUpdatedAt":null,"verifiedAt":null}},{"type":"Feature","geometry":{"type":"Point","coordinates":[13.7435008,51.0618876]},"properties":{"id":"bikerack:9c3ec6fd-2282-4368-b568-e6033baba31f","kind":"bikerack","longitude":13.7435008,"latitude":51.0618876,"name":"Fahrradabstellplatz","city":"Dresden","address":null,"covered":false,"access":null,"website":null,"phone":null,"source":"OpenStreetMap/node/2448838250","sourceUpdatedAt":null,"verifiedAt":null}},{"type":"Feature","geometry":{"type":"Point","coordinates":[13.7339143,51.0424578]},"properties":{"id":"bikerack:9c858b52-2c7f-4230-9e5b-c971b9388794","kind":"bikerack","longitude":13.7339143,"latitude":51.0424578,"name":"Fahrradabstellplatz","city":"Dresden","address":null,"covered":false,"access":null,"website":null,"phone":null,"source":"OpenStreetMap/node/5325868574","sourceUpdatedAt":null,"verifiedAt":null}},{"type":"Feature","geometry":{"type":"Point","coordinates":[13.7142002,51.0570852]},"properties":{"id":"bikerack:9c9a7ed1-5428-480a-b956-ec3fa3c67dec","kind":"bikerack","longitude":13.7142002,"latitude":51.0570852,"name":"Fahrradabstellplatz","city":"Dresden","address":null,"covered":false,"access":null,"website":null,"phone":null,"source":"OpenStreetMap/node/13634675342","sourceUpdatedAt":null,"verifiedAt":null}},{"type":"Feature","geometry":{"type":"Point","coordinates":[13.7225683,51.0490036]},"properties":{"id":"bikerack:9cc0dd81-bbb7-41c5-a90c-6139972f6ff0","kind":"bikerack","longitude":13.7225683,"latitude":51.0490036,"name":"Fahrradabstellplatz","city":"Dresden","address":null,"covered":true,"access":null,"website":null,"phone":null,"source":"OpenStreetMap/way/625498770","sourceUpdatedAt":null,"verifiedAt":null}},{"type":"Feature","geometry":{"type":"Point","coordinates":[13.7428316,51.0598064]},"properties":{"id":"bikerack:9cc8c598-27ed-4ef3-bb35-e9d6b22c414b","kind":"bikerack","longitude":13.7428316,"latitude":51.0598064,"name":"Fahrradabstellplatz","city":"Dresden","address":null,"covered":false,"access":null,"website":null,"phone":null,"source":"OpenStreetMap/node/1445229773","sourceUpdatedAt":null,"verifiedAt":null}},{"type":"Feature","geometry":{"type":"Point","coordinates":[13.7205336,51.0588173]},"properties":{"id":"bikerack:9cdb0c2a-7093-4002-bea3-356ad935c2e3","kind":"bikerack","longitude":13.7205336,"latitude":51.0588173,"name":"Fahrradabstellplatz","city":"Dresden","address":null,"covered":false,"access":null,"website":null,"phone":null,"source":"OpenStreetMap/way/1087442572","sourceUpdatedAt":null,"verifiedAt":null}},{"type":"Feature","geometry":{"type":"Point","coordinates":[13.7482027,51.0664149]},"properties":{"id":"bikerack:9d5cccd6-2500-4a73-b296-2ba998a215e9","kind":"bikerack","longitude":13.7482027,"latitude":51.0664149,"name":"Fahrradabstellplatz","city":"Dresden","address":null,"covered":false,"access":null,"website":null,"phone":null,"source":"OpenStreetMap/node/13165524626","sourceUpdatedAt":null,"verifiedAt":null}},{"type":"Feature","geometry":{"type":"Point","coordinates":[13.7533355,51.0478507]},"properties":{"id":"bikerack:9e5482ad-262d-443b-8ead-a00b81c452fd","kind":"bikerack","longitude":13.7533355,"latitude":51.0478507,"name":"Fahrradabstellplatz","city":"Dresden","address":null,"covered":false,"access":null,"website":null,"phone":null,"source":"OpenStreetMap/node/10047405307","sourceUpdatedAt":null,"verifiedAt":null}},{"type":"Feature","geometry":{"type":"Point","coordinates":[13.7502851,51.0427142]},"properties":{"id":"bikerack:9f046af9-5b1f-42f6-a8db-e466453819ec","kind":"bikerack","longitude":13.7502851,"latitude":51.0427142,"name":"Fahrradabstellplatz","city":"Dresden","address":null,"covered":false,"access":null,"website":null,"phone":null,"source":"OpenStreetMap/node/1669420144","sourceUpdatedAt":null,"verifiedAt":null}},{"type":"Feature","geometry":{"type":"Point","coordinates":[13.7429379,51.0617039]},"properties":{"id":"bikerack:a21bfb04-4504-4c2d-8eab-de992a262534","kind":"bikerack","longitude":13.7429379,"latitude":51.0617039,"name":"Fahrradabstellplatz","city":"Dresden","address":null,"covered":false,"access":null,"website":null,"phone":null,"source":"OpenStreetMap/node/3682035901","sourceUpdatedAt":null,"verifiedAt":null}},{"type":"Feature","geometry":{"type":"Point","coordinates":[13.7253992,51.0568776]},"properties":{"id":"bikerack:a3a6c247-e20c-4ba3-a43c-3bb0f031de4f","kind":"bikerack","longitude":13.7253992,"latitude":51.0568776,"name":"Fahrradabstellplatz","city":"Dresden","address":null,"covered":true,"access":null,"website":null,"phone":null,"source":"OpenStreetMap/node/1855592334","sourceUpdatedAt":null,"verifiedAt":null}},{"type":"Feature","geometry":{"type":"Point","coordinates":[13.730153,51.0528343]},"properties":{"id":"bikerack:a3d10a6a-66fe-4a08-976b-97c41aadffce","kind":"bikerack","longitude":13.730153,"latitude":51.0528343,"name":"Fahrradabstellplatz","city":"Dresden","address":null,"covered":false,"access":null,"website":null,"phone":null,"source":"OpenStreetMap/node/4755272278","sourceUpdatedAt":null,"verifiedAt":null}},{"type":"Feature","geometry":{"type":"Point","coordinates":[13.7364217,51.0458304]},"properties":{"id":"bikerack:a4d93c9a-f81e-4d61-9571-fb2f0a4c891e","kind":"bikerack","longitude":13.7364217,"latitude":51.0458304,"name":"Fahrradabstellplatz","city":"Dresden","address":null,"covered":false,"access":null,"website":null,"phone":null,"source":"OpenStreetMap/node/1492813654","sourceUpdatedAt":null,"verifiedAt":null}},{"type":"Feature","geometry":{"type":"Point","coordinates":[13.752556,51.0520486]},"properties":{"id":"bikerack:a51d1285-629d-4d31-8f98-5405bbd266dc","kind":"bikerack","longitude":13.752556,"latitude":51.0520486,"name":"Fahrradabstellplatz","city":"Dresden","address":null,"covered":false,"access":null,"website":null,"phone":null,"source":"OpenStreetMap/node/8820960001","sourceUpdatedAt":null,"verifiedAt":null}},{"type":"Feature","geometry":{"type":"Point","coordinates":[13.7535361,51.0681117]},"properties":{"id":"bikerack:a5cd393c-3570-4a6f-af5f-c5f9d5d80d43","kind":"bikerack","longitude":13.7535361,"latitude":51.0681117,"name":"Fahrradabstellplatz","city":"Albertstadt","address":null,"covered":false,"access":null,"website":null,"phone":null,"source":"OpenStreetMap/node/6817166141","sourceUpdatedAt":null,"verifiedAt":null}},{"type":"Feature","geometry":{"type":"Point","coordinates":[13.7532196,51.0661539]},"properties":{"id":"bikerack:a5f20a6c-813d-4b29-88dc-ce4ce07e9979","kind":"bikerack","longitude":13.7532196,"latitude":51.0661539,"name":"Fahrradabstellplatz","city":"Dresden","address":null,"covered":false,"access":null,"website":null,"phone":null,"source":"OpenStreetMap/way/849205608","sourceUpdatedAt":null,"verifiedAt":null}},{"type":"Feature","geometry":{"type":"Point","coordinates":[13.7461249,51.0496548]},"properties":{"id":"bikerack:a616f94a-4dda-4a5d-8e2b-73147f72f27d","kind":"bikerack","longitude":13.7461249,"latitude":51.0496548,"name":"Fahrradabstellplatz","city":"Dresden","address":null,"covered":false,"access":null,"website":null,"phone":null,"source":"OpenStreetMap/node/1281005431","sourceUpdatedAt":null,"verifiedAt":null}},{"type":"Feature","geometry":{"type":"Point","coordinates":[13.7344425,51.0415416]},"properties":{"id":"bikerack:a61e650b-2975-4875-b042-33384b7d7f40","kind":"bikerack","longitude":13.7344425,"latitude":51.0415416,"name":"Fahrradabstellplatz","city":"Dresden","address":null,"covered":false,"access":null,"website":null,"phone":null,"source":"OpenStreetMap/node/12133727954","sourceUpdatedAt":null,"verifiedAt":null}},{"type":"Feature","geometry":{"type":"Point","coordinates":[13.7441031,51.0620971]},"properties":{"id":"bikerack:a68ce6dc-1c71-411b-9c05-373c372882f6","kind":"bikerack","longitude":13.7441031,"latitude":51.0620971,"name":"Fahrradabstellplatz","city":"Dresden","address":null,"covered":false,"access":null,"website":null,"phone":null,"source":"OpenStreetMap/node/3682035905","sourceUpdatedAt":null,"verifiedAt":null}},{"type":"Feature","geometry":{"type":"Point","coordinates":[13.7356382,51.0633554]},"properties":{"id":"bikerack:a6bf691f-ba23-4973-bf1f-0e0d405513d9","kind":"bikerack","longitude":13.7356382,"latitude":51.0633554,"name":"Fahrradabstellplatz","city":"Dresden","address":null,"covered":false,"access":null,"website":null,"phone":null,"source":"OpenStreetMap/node/5140053221","sourceUpdatedAt":null,"verifiedAt":null}},{"type":"Feature","geometry":{"type":"Point","coordinates":[13.744876,51.0623366]},"properties":{"id":"bikerack:a8745225-5987-4230-a02e-c17e9d223449","kind":"bikerack","longitude":13.744876,"latitude":51.0623366,"name":"Fahrradabstellplatz","city":"Dresden","address":null,"covered":false,"access":null,"website":null,"phone":null,"source":"OpenStreetMap/node/1445229785","sourceUpdatedAt":null,"verifiedAt":null}},{"type":"Feature","geometry":{"type":"Point","coordinates":[13.7375004,51.0509695]},"properties":{"id":"bikerack:aa1825ed-ce6f-4f92-b3d9-7279b8dd9965","kind":"bikerack","longitude":13.7375004,"latitude":51.0509695,"name":"Fahrradabstellplatz","city":"Dresden","address":null,"covered":false,"access":null,"website":null,"phone":null,"source":"OpenStreetMap/node/5174560824","sourceUpdatedAt":null,"verifiedAt":null}},{"type":"Feature","geometry":{"type":"Point","coordinates":[13.7239752,51.0479582]},"properties":{"id":"bikerack:aa663088-b892-4ed3-a9a5-dac2f402e0eb","kind":"bikerack","longitude":13.7239752,"latitude":51.0479582,"name":"Fahrradabstellplatz","city":"Dresden","address":null,"covered":false,"access":null,"website":null,"phone":null,"source":"OpenStreetMap/node/12334776730","sourceUpdatedAt":null,"verifiedAt":null}},{"type":"Feature","geometry":{"type":"Point","coordinates":[13.7488015,51.0516524]},"properties":{"id":"bikerack:ab542044-8a85-4338-9038-d83723995af9","kind":"bikerack","longitude":13.7488015,"latitude":51.0516524,"name":"Fahrradabstellplatz","city":"Dresden","address":null,"covered":false,"access":null,"website":null,"phone":null,"source":"OpenStreetMap/node/10738711779","sourceUpdatedAt":null,"verifiedAt":null}},{"type":"Feature","geometry":{"type":"Point","coordinates":[13.7293982,51.0511635]},"properties":{"id":"bikerack:ab54475c-16ed-407a-8834-fd2d1e1cb464","kind":"bikerack","longitude":13.7293982,"latitude":51.0511635,"name":"Fahrradabstellplatz","city":"Dresden","address":null,"covered":false,"access":null,"website":null,"phone":null,"source":"OpenStreetMap/node/10041447055","sourceUpdatedAt":null,"verifiedAt":null}},{"type":"Feature","geometry":{"type":"Point","coordinates":[13.7524055,51.051559]},"properties":{"id":"bikerack:abb8ac61-6ff1-4136-b55e-e94c607f83af","kind":"bikerack","longitude":13.7524055,"latitude":51.051559,"name":"Fahrradabstellplatz","city":"Dresden","address":null,"covered":false,"access":null,"website":null,"phone":null,"source":"OpenStreetMap/node/8820960008","sourceUpdatedAt":null,"verifiedAt":null}},{"type":"Feature","geometry":{"type":"Point","coordinates":[13.7531839,51.0525423]},"properties":{"id":"bikerack:acbea01b-b0a3-4049-8c7f-2dd4a4f151ca","kind":"bikerack","longitude":13.7531839,"latitude":51.0525423,"name":"Fahrradabstellplatz","city":"Dresden","address":null,"covered":false,"access":null,"website":null,"phone":null,"source":"OpenStreetMap/node/8618109266","sourceUpdatedAt":null,"verifiedAt":null}},{"type":"Feature","geometry":{"type":"Point","coordinates":[13.7392357,51.0483068]},"properties":{"id":"bikerack:ad4ee4f6-b053-475f-bc67-05dba96637bd","kind":"bikerack","longitude":13.7392357,"latitude":51.0483068,"name":"Fahrradabstellplatz","city":"Dresden","address":null,"covered":false,"access":null,"website":null,"phone":null,"source":"OpenStreetMap/node/2362938262","sourceUpdatedAt":null,"verifiedAt":null}},{"type":"Feature","geometry":{"type":"Point","coordinates":[13.7341658,51.0484011]},"properties":{"id":"bikerack:adbbe9c2-125c-4e93-adb4-8707eed346f3","kind":"bikerack","longitude":13.7341658,"latitude":51.0484011,"name":"Fahrradabstellplatz","city":"Dresden","address":null,"covered":false,"access":null,"website":null,"phone":null,"source":"OpenStreetMap/node/4993501553","sourceUpdatedAt":null,"verifiedAt":null}},{"type":"Feature","geometry":{"type":"Point","coordinates":[13.7230556,51.052827]},"properties":{"id":"bikerack:ae1cf5a0-9176-4867-a252-0e414b9cb19e","kind":"bikerack","longitude":13.7230556,"latitude":51.052827,"name":"Fahrradabstellplatz","city":"Dresden","address":null,"covered":false,"access":null,"website":null,"phone":null,"source":"OpenStreetMap/way/768887246","sourceUpdatedAt":null,"verifiedAt":null}},{"type":"Feature","geometry":{"type":"Point","coordinates":[13.7165948,51.0686978]},"properties":{"id":"bikerack:ae554930-8d53-4ab0-bbaf-403a8da65b5b","kind":"bikerack","longitude":13.7165948,"latitude":51.0686978,"name":"Fahrradabstellplatz","city":"Dresden","address":null,"covered":false,"access":null,"website":null,"phone":null,"source":"OpenStreetMap/node/11809180956","sourceUpdatedAt":null,"verifiedAt":null}},{"type":"Feature","geometry":{"type":"Point","coordinates":[13.743235,51.050123]},"properties":{"id":"bikerack:af4f26c1-977b-4b12-98d0-b6ba7b1a316a","kind":"bikerack","longitude":13.743235,"latitude":51.050123,"name":"Fahrradabstellplatz","city":"Dresden","address":null,"covered":false,"access":null,"website":null,"phone":null,"source":"OpenStreetMap/node/5106863626","sourceUpdatedAt":null,"verifiedAt":null}},{"type":"Feature","geometry":{"type":"Point","coordinates":[13.7343284,51.0415509]},"properties":{"id":"bikerack:af8726ab-4ef4-4c25-b950-98b4164c4617","kind":"bikerack","longitude":13.7343284,"latitude":51.0415509,"name":"Fahrradabstellplatz","city":"Dresden","address":null,"covered":false,"access":null,"website":null,"phone":null,"source":"OpenStreetMap/node/12132462387","sourceUpdatedAt":null,"verifiedAt":null}},{"type":"Feature","geometry":{"type":"Point","coordinates":[13.7354637,51.043631]},"properties":{"id":"bikerack:af8d8396-9b7e-49bf-ad69-061256ff7789","kind":"bikerack","longitude":13.7354637,"latitude":51.043631,"name":"Fahrradabstellplatz","city":"Dresden","address":null,"covered":false,"access":null,"website":null,"phone":null,"source":"OpenStreetMap/node/1160271350","sourceUpdatedAt":null,"verifiedAt":null}},{"type":"Feature","geometry":{"type":"Point","coordinates":[13.7524331,51.0596313]},"properties":{"id":"bikerack:afbdb8bc-a9af-45ab-9b57-ebbba1acb846","kind":"bikerack","longitude":13.7524331,"latitude":51.0596313,"name":"Fahrradabstellplatz","city":"Dresden","address":null,"covered":false,"access":null,"website":null,"phone":null,"source":"OpenStreetMap/node/9058061751","sourceUpdatedAt":null,"verifiedAt":null}},{"type":"Feature","geometry":{"type":"Point","coordinates":[13.7221009,51.0480327]},"properties":{"id":"bikerack:b082e303-8e7d-4e78-97ef-77f18f32bd58","kind":"bikerack","longitude":13.7221009,"latitude":51.0480327,"name":"Fahrradabstellplatz","city":"Dresden","address":null,"covered":false,"access":null,"website":null,"phone":null,"source":"OpenStreetMap/node/11040352525","sourceUpdatedAt":null,"verifiedAt":null}},{"type":"Feature","geometry":{"type":"Point","coordinates":[13.7300262,51.0528194]},"properties":{"id":"bikerack:b0ebc546-1392-41a7-b6d8-ea68f3257831","kind":"bikerack","longitude":13.7300262,"latitude":51.0528194,"name":"Fahrradabstellplatz","city":"Dresden","address":null,"covered":false,"access":null,"website":null,"phone":null,"source":"OpenStreetMap/node/4755272280","sourceUpdatedAt":null,"verifiedAt":null}},{"type":"Feature","geometry":{"type":"Point","coordinates":[13.7163124,51.0683883]},"properties":{"id":"bikerack:b1101a7e-64fe-4b42-8314-f9df0af53461","kind":"bikerack","longitude":13.7163124,"latitude":51.0683883,"name":"Fahrradabstellplatz","city":"Dresden","address":null,"covered":false,"access":null,"website":null,"phone":null,"source":"OpenStreetMap/node/12047296301","sourceUpdatedAt":null,"verifiedAt":null}},{"type":"Feature","geometry":{"type":"Point","coordinates":[13.7435849,51.0490322]},"properties":{"id":"bikerack:b1300c9a-0b7a-40c1-9dd3-d1ac48db359b","kind":"bikerack","longitude":13.7435849,"latitude":51.0490322,"name":"Fahrradabstellplatz","city":"Dresden","address":null,"covered":false,"access":null,"website":null,"phone":null,"source":"OpenStreetMap/node/11243779396","sourceUpdatedAt":null,"verifiedAt":null}},{"type":"Feature","geometry":{"type":"Point","coordinates":[13.7365476,51.0470013]},"properties":{"id":"bikerack:b139f3b5-4065-4f6e-b8e9-334a2cf6380a","kind":"bikerack","longitude":13.7365476,"latitude":51.0470013,"name":"Fahrradabstellplatz","city":"Dresden","address":null,"covered":false,"access":null,"website":null,"phone":null,"source":"OpenStreetMap/node/372828749","sourceUpdatedAt":null,"verifiedAt":null}},{"type":"Feature","geometry":{"type":"Point","coordinates":[13.7365187,51.0446845]},"properties":{"id":"bikerack:b171fd67-5528-496b-83d5-d4b4d25cb99f","kind":"bikerack","longitude":13.7365187,"latitude":51.0446845,"name":"Fahrradabstellplatz","city":"Dresden","address":null,"covered":false,"access":null,"website":null,"phone":null,"source":"OpenStreetMap/node/1492813648","sourceUpdatedAt":null,"verifiedAt":null}},{"type":"Feature","geometry":{"type":"Point","coordinates":[13.7271996,51.057388]},"properties":{"id":"bikerack:b2851896-a20c-4bbe-bd08-f2ea6efe827c","kind":"bikerack","longitude":13.7271996,"latitude":51.057388,"name":"Fahrradabstellplatz","city":"Dresden","address":null,"covered":false,"access":null,"website":null,"phone":null,"source":"OpenStreetMap/node/373092648","sourceUpdatedAt":null,"verifiedAt":null}},{"type":"Feature","geometry":{"type":"Point","coordinates":[13.7252778,51.0552007]},"properties":{"id":"bikerack:b28dba97-82d8-44d4-aed1-89041f9da505","kind":"bikerack","longitude":13.7252778,"latitude":51.0552007,"name":"Fahrradabstellplatz","city":"Dresden","address":null,"covered":false,"access":null,"website":null,"phone":null,"source":"OpenStreetMap/node/12469381249","sourceUpdatedAt":null,"verifiedAt":null}},{"type":"Feature","geometry":{"type":"Point","coordinates":[13.746458,51.0588826]},"properties":{"id":"bikerack:b335d076-4e0e-4938-a306-a18be3304e57","kind":"bikerack","longitude":13.746458,"latitude":51.0588826,"name":"Fahrradabstellplatz","city":"Dresden","address":null,"covered":false,"access":null,"website":null,"phone":null,"source":"OpenStreetMap/node/4058643449","sourceUpdatedAt":null,"verifiedAt":null}},{"type":"Feature","geometry":{"type":"Point","coordinates":[13.7429556,51.0615525]},"properties":{"id":"bikerack:b3836a42-db4a-4299-94a1-f6b6eb9fb96b","kind":"bikerack","longitude":13.7429556,"latitude":51.0615525,"name":"Fahrradabstellplatz","city":"Dresden","address":null,"covered":false,"access":null,"website":null,"phone":null,"source":"OpenStreetMap/node/3682035897","sourceUpdatedAt":null,"verifiedAt":null}},{"type":"Feature","geometry":{"type":"Point","coordinates":[13.7452899,51.0571397]},"properties":{"id":"bikerack:b4026eac-ffd1-4408-8e0c-27766dae3a4e","kind":"bikerack","longitude":13.7452899,"latitude":51.0571397,"name":"Fahrradabstellplatz","city":"Dresden","address":null,"covered":false,"access":null,"website":null,"phone":null,"source":"OpenStreetMap/node/4058643440","sourceUpdatedAt":null,"verifiedAt":null}},{"type":"Feature","geometry":{"type":"Point","coordinates":[13.735528,51.043644]},"properties":{"id":"bikerack:b44ae01e-5c51-4cbd-bc91-deb368afbfdd","kind":"bikerack","longitude":13.735528,"latitude":51.043644,"name":"Fahrradabstellplatz","city":"Dresden","address":null,"covered":false,"access":null,"website":null,"phone":null,"source":"OpenStreetMap/node/9812091917","sourceUpdatedAt":null,"verifiedAt":null}},{"type":"Feature","geometry":{"type":"Point","coordinates":[13.7489808,51.0663264]},"properties":{"id":"bikerack:b48886e5-3fa3-49e5-887c-fe44764a960b","kind":"bikerack","longitude":13.7489808,"latitude":51.0663264,"name":"Fahrradabstellplatz","city":"Dresden","address":null,"covered":false,"access":null,"website":null,"phone":null,"source":"OpenStreetMap/node/13165524628","sourceUpdatedAt":null,"verifiedAt":null}},{"type":"Feature","geometry":{"type":"Point","coordinates":[13.7508913,51.0621243]},"properties":{"id":"bikerack:b48dcb45-2339-4174-a9df-28915f376668","kind":"bikerack","longitude":13.7508913,"latitude":51.0621243,"name":"Fahrradabstellplatz","city":"Dresden","address":null,"covered":false,"access":null,"website":null,"phone":null,"source":"OpenStreetMap/way/273905591","sourceUpdatedAt":null,"verifiedAt":null}},{"type":"Feature","geometry":{"type":"Point","coordinates":[13.7348428,51.0509453]},"properties":{"id":"bikerack:b48fe158-754f-4f31-b058-c31791e58edf","kind":"bikerack","longitude":13.7348428,"latitude":51.0509453,"name":"Fahrradabstellplatz","city":"Dresden","address":null,"covered":false,"access":null,"website":null,"phone":null,"source":"OpenStreetMap/node/1491910965","sourceUpdatedAt":null,"verifiedAt":null}},{"type":"Feature","geometry":{"type":"Point","coordinates":[13.7539601,51.0636288]},"properties":{"id":"bikerack:b49b813f-325e-4b9f-b90a-8b1532bdce63","kind":"bikerack","longitude":13.7539601,"latitude":51.0636288,"name":"Fahrradabstellplatz","city":"Dresden","address":null,"covered":false,"access":null,"website":null,"phone":null,"source":"OpenStreetMap/node/4418190315","sourceUpdatedAt":null,"verifiedAt":null}},{"type":"Feature","geometry":{"type":"Point","coordinates":[13.7380835,51.0480506]},"properties":{"id":"bikerack:b4b18692-8df2-44d5-9389-23593e01b706","kind":"bikerack","longitude":13.7380835,"latitude":51.0480506,"name":"Fahrradabstellplatz","city":"Dresden","address":null,"covered":false,"access":null,"website":null,"phone":null,"source":"OpenStreetMap/node/8544842090","sourceUpdatedAt":null,"verifiedAt":null}},{"type":"Feature","geometry":{"type":"Point","coordinates":[13.7429687,51.0611671]},"properties":{"id":"bikerack:b4d88bbf-f096-4458-a393-c4c26705f4b1","kind":"bikerack","longitude":13.7429687,"latitude":51.0611671,"name":"Fahrradabstellplatz","city":"Dresden","address":null,"covered":false,"access":null,"website":null,"phone":null,"source":"OpenStreetMap/node/3682035893","sourceUpdatedAt":null,"verifiedAt":null}},{"type":"Feature","geometry":{"type":"Point","coordinates":[13.7490108,51.0568013]},"properties":{"id":"bikerack:b536784f-188b-4812-b5c6-bec1e6bd1aa8","kind":"bikerack","longitude":13.7490108,"latitude":51.0568013,"name":"Fahrradabstellplatz","city":"Dresden","address":null,"covered":false,"access":null,"website":null,"phone":null,"source":"OpenStreetMap/node/4058643439","sourceUpdatedAt":null,"verifiedAt":null}},{"type":"Feature","geometry":{"type":"Point","coordinates":[13.7436389,51.0522517]},"properties":{"id":"bikerack:b575c3c1-97bf-4e0a-bb32-b538f1627aeb","kind":"bikerack","longitude":13.7436389,"latitude":51.0522517,"name":"Fahrradabstellplatz","city":"Dresden","address":null,"covered":false,"access":null,"website":null,"phone":null,"source":"OpenStreetMap/node/11212276937","sourceUpdatedAt":null,"verifiedAt":null}},{"type":"Feature","geometry":{"type":"Point","coordinates":[13.7313255,51.042893]},"properties":{"id":"bikerack:b5c4bc54-6207-47ad-b317-28f91b22d9dd","kind":"bikerack","longitude":13.7313255,"latitude":51.042893,"name":"Fahrradabstellplatz","city":"Dresden","address":null,"covered":false,"access":null,"website":null,"phone":null,"source":"OpenStreetMap/node/12516605359","sourceUpdatedAt":null,"verifiedAt":null}},{"type":"Feature","geometry":{"type":"Point","coordinates":[13.722808,51.0476349]},"properties":{"id":"bikerack:b5e457ad-7592-4585-83ff-69fe7c36fd73","kind":"bikerack","longitude":13.722808,"latitude":51.0476349,"name":"Fahrradabstellplatz","city":"Dresden","address":null,"covered":false,"access":null,"website":null,"phone":null,"source":"OpenStreetMap/node/1106554431","sourceUpdatedAt":null,"verifiedAt":null}},{"type":"Feature","geometry":{"type":"Point","coordinates":[13.7189895,51.0479295]},"properties":{"id":"bikerack:b600db8c-d6d0-4b5d-854c-41e6566b69ba","kind":"bikerack","longitude":13.7189895,"latitude":51.0479295,"name":"Fahrradabstellplatz","city":"Dresden","address":null,"covered":false,"access":null,"website":null,"phone":null,"source":"OpenStreetMap/way/401112690","sourceUpdatedAt":null,"verifiedAt":null}},{"type":"Feature","geometry":{"type":"Point","coordinates":[13.7527318,51.067899]},"properties":{"id":"bikerack:b6260b33-9416-4f85-ae8f-91033b372cf4","kind":"bikerack","longitude":13.7527318,"latitude":51.067899,"name":"Fahrradabstellplatz","city":"Albertstadt","address":null,"covered":false,"access":null,"website":null,"phone":null,"source":"OpenStreetMap/node/3574958238","sourceUpdatedAt":null,"verifiedAt":null}},{"type":"Feature","geometry":{"type":"Point","coordinates":[13.7243175,51.0574769]},"properties":{"id":"bikerack:b6664b8b-5651-4944-90be-15488e70faa2","kind":"bikerack","longitude":13.7243175,"latitude":51.0574769,"name":"Fahrradabstellplatz","city":"Dresden","address":null,"covered":false,"access":null,"website":null,"phone":null,"source":"OpenStreetMap/node/12330444888","sourceUpdatedAt":null,"verifiedAt":null}},{"type":"Feature","geometry":{"type":"Point","coordinates":[13.7456347,51.048504]},"properties":{"id":"bikerack:b6796147-5d51-444c-9c82-889d4df17213","kind":"bikerack","longitude":13.7456347,"latitude":51.048504,"name":"Fahrradabstellplatz","city":"Dresden","address":null,"covered":false,"access":null,"website":null,"phone":null,"source":"OpenStreetMap/node/383661538","sourceUpdatedAt":null,"verifiedAt":null}},{"type":"Feature","geometry":{"type":"Point","coordinates":[13.7155108,51.0509577]},"properties":{"id":"bikerack:b67b3ab8-6567-42c3-a2cd-61492f80a3c2","kind":"bikerack","longitude":13.7155108,"latitude":51.0509577,"name":"Fahrradabstellplatz","city":"Dresden","address":null,"covered":false,"access":null,"website":null,"phone":null,"source":"OpenStreetMap/node/6028217570","sourceUpdatedAt":null,"verifiedAt":null}},{"type":"Feature","geometry":{"type":"Point","coordinates":[13.7539516,51.0646649]},"properties":{"id":"bikerack:b69d8032-c205-4bcc-9e5e-f7b6f12649c9","kind":"bikerack","longitude":13.7539516,"latitude":51.0646649,"name":"Fahrradabstellplatz","city":"Dresden","address":null,"covered":false,"access":null,"website":null,"phone":null,"source":"OpenStreetMap/node/3580748100","sourceUpdatedAt":null,"verifiedAt":null}},{"type":"Feature","geometry":{"type":"Point","coordinates":[13.7283973,51.0461563]},"properties":{"id":"bikerack:b6c6ff7e-32e5-49f1-a038-c114a4ca284c","kind":"bikerack","longitude":13.7283973,"latitude":51.0461563,"name":"Fahrradabstellplatz","city":"Dresden","address":null,"covered":false,"access":null,"website":null,"phone":null,"source":"OpenStreetMap/node/12328425995","sourceUpdatedAt":null,"verifiedAt":null}},{"type":"Feature","geometry":{"type":"Point","coordinates":[13.7464151,51.0478108]},"properties":{"id":"bikerack:b6d3d9ab-ef35-404a-9d12-7cbc77481a1c","kind":"bikerack","longitude":13.7464151,"latitude":51.0478108,"name":"Fahrradabstellplatz","city":"Dresden","address":null,"covered":true,"access":null,"website":null,"phone":null,"source":"OpenStreetMap/node/2860413301","sourceUpdatedAt":null,"verifiedAt":null}},{"type":"Feature","geometry":{"type":"Point","coordinates":[13.7153625,51.0655468]},"properties":{"id":"bikerack:b6e774b8-fe93-4ec6-a296-f0e3517b3a64","kind":"bikerack","longitude":13.7153625,"latitude":51.0655468,"name":"Fahrradabstellplatz","city":"Dresden","address":null,"covered":false,"access":null,"website":null,"phone":null,"source":"OpenStreetMap/node/2786449586","sourceUpdatedAt":null,"verifiedAt":null}},{"type":"Feature","geometry":{"type":"Point","coordinates":[13.7226496,51.05426]},"properties":{"id":"bikerack:b721c8c5-6967-4c56-b5ef-8c4114e7c752","kind":"bikerack","longitude":13.7226496,"latitude":51.05426,"name":"Fahrradabstellplatz","city":"Dresden","address":null,"covered":false,"access":null,"website":null,"phone":null,"source":"OpenStreetMap/node/6197528935","sourceUpdatedAt":null,"verifiedAt":null}},{"type":"Feature","geometry":{"type":"Point","coordinates":[13.7488907,51.0447084]},"properties":{"id":"bikerack:b753d155-2606-4e7b-a52f-1bcf565fc0ba","kind":"bikerack","longitude":13.7488907,"latitude":51.0447084,"name":"Fahrradabstellplatz","city":"Dresden","address":null,"covered":false,"access":null,"website":null,"phone":null,"source":"OpenStreetMap/node/373526497","sourceUpdatedAt":null,"verifiedAt":null}},{"type":"Feature","geometry":{"type":"Point","coordinates":[13.715433,51.0627389]},"properties":{"id":"bikerack:b82b54c8-0c19-419c-aebe-dfba04f896d1","kind":"bikerack","longitude":13.715433,"latitude":51.0627389,"name":"Fahrradabstellplatz","city":"Dresden","address":null,"covered":false,"access":null,"website":null,"phone":null,"source":"OpenStreetMap/node/6925738393","sourceUpdatedAt":null,"verifiedAt":null}},{"type":"Feature","geometry":{"type":"Point","coordinates":[13.7208005,51.0570758]},"properties":{"id":"bikerack:b832406b-336a-48eb-b1d2-4649b24bc921","kind":"bikerack","longitude":13.7208005,"latitude":51.0570758,"name":"Fahrradabstellplatz","city":"Dresden","address":null,"covered":false,"access":null,"website":null,"phone":null,"source":"OpenStreetMap/node/6033999720","sourceUpdatedAt":null,"verifiedAt":null}},{"type":"Feature","geometry":{"type":"Point","coordinates":[13.7324427,51.0504607]},"properties":{"id":"bikerack:b890bbcd-90d5-478b-a2f5-99f90bc6a2f5","kind":"bikerack","longitude":13.7324427,"latitude":51.0504607,"name":"Fahrradabstellplatz","city":"Dresden","address":null,"covered":false,"access":null,"website":null,"phone":null,"source":"OpenStreetMap/node/6881599776","sourceUpdatedAt":null,"verifiedAt":null}},{"type":"Feature","geometry":{"type":"Point","coordinates":[13.7219288,51.0568037]},"properties":{"id":"bikerack:b8e25d9a-2c25-4492-9fe4-103467325fb6","kind":"bikerack","longitude":13.7219288,"latitude":51.0568037,"name":"Fahrradabstellplatz","city":"Dresden","address":null,"covered":false,"access":null,"website":null,"phone":null,"source":"OpenStreetMap/node/6200547123","sourceUpdatedAt":null,"verifiedAt":null}},{"type":"Feature","geometry":{"type":"Point","coordinates":[13.7345,51.0416681]},"properties":{"id":"bikerack:b913b419-6bc5-4308-a75b-4964b6d6d436","kind":"bikerack","longitude":13.7345,"latitude":51.0416681,"name":"Fahrradabstellplatz","city":"Dresden","address":null,"covered":false,"access":null,"website":null,"phone":null,"source":"OpenStreetMap/node/12133727955","sourceUpdatedAt":null,"verifiedAt":null}},{"type":"Feature","geometry":{"type":"Point","coordinates":[13.7232942,51.0558127]},"properties":{"id":"bikerack:b941960c-fa21-4e27-bacb-e65150a68d84","kind":"bikerack","longitude":13.7232942,"latitude":51.0558127,"name":"Fahrradabstellplatz","city":"Dresden","address":null,"covered":false,"access":null,"website":null,"phone":null,"source":"OpenStreetMap/node/12514877142","sourceUpdatedAt":null,"verifiedAt":null}},{"type":"Feature","geometry":{"type":"Point","coordinates":[13.7536778,51.0477894]},"properties":{"id":"bikerack:b99e6ad6-37dd-4dbf-83ba-4769c769f968","kind":"bikerack","longitude":13.7536778,"latitude":51.0477894,"name":"Fahrradabstellplatz","city":"Dresden","address":null,"covered":false,"access":null,"website":null,"phone":null,"source":"OpenStreetMap/node/10047405306","sourceUpdatedAt":null,"verifiedAt":null}},{"type":"Feature","geometry":{"type":"Point","coordinates":[13.7545703,51.0642795]},"properties":{"id":"bikerack:ba099fbe-2d0e-4b01-b3eb-6357bbb61455","kind":"bikerack","longitude":13.7545703,"latitude":51.0642795,"name":"Fahrradabstellplatz","city":"Dresden","address":null,"covered":false,"access":null,"website":null,"phone":null,"source":"OpenStreetMap/node/4418186166","sourceUpdatedAt":null,"verifiedAt":null}},{"type":"Feature","geometry":{"type":"Point","coordinates":[13.7333816,51.0427376]},"properties":{"id":"bikerack:ba154eb8-aad1-4cb6-9934-4f9ad1f4204e","kind":"bikerack","longitude":13.7333816,"latitude":51.0427376,"name":"Fahrradabstellplatz","city":"Dresden","address":null,"covered":false,"access":null,"website":null,"phone":null,"source":"OpenStreetMap/node/5325868572","sourceUpdatedAt":null,"verifiedAt":null}},{"type":"Feature","geometry":{"type":"Point","coordinates":[13.7540638,51.0507816]},"properties":{"id":"bikerack:ba775bac-a8c8-4de8-ab3f-d5110abbcb0d","kind":"bikerack","longitude":13.7540638,"latitude":51.0507816,"name":"Fahrradabstellplatz","city":"Dresden","address":null,"covered":false,"access":null,"website":null,"phone":null,"source":"OpenStreetMap/node/8618109251","sourceUpdatedAt":null,"verifiedAt":null}},{"type":"Feature","geometry":{"type":"Point","coordinates":[13.7521513,51.0515927]},"properties":{"id":"bikerack:bae1c79f-1148-419d-bcb8-3890d1895a07","kind":"bikerack","longitude":13.7521513,"latitude":51.0515927,"name":"Fahrradabstellplatz","city":"Dresden","address":null,"covered":false,"access":null,"website":null,"phone":null,"source":"OpenStreetMap/node/8820960009","sourceUpdatedAt":null,"verifiedAt":null}},{"type":"Feature","geometry":{"type":"Point","coordinates":[13.7443005,51.0611972]},"properties":{"id":"bikerack:bb0bf583-f6f9-4aef-acf4-92b2876ce453","kind":"bikerack","longitude":13.7443005,"latitude":51.0611972,"name":"Fahrradabstellplatz","city":"Dresden","address":null,"covered":false,"access":null,"website":null,"phone":null,"source":"OpenStreetMap/node/3682035894","sourceUpdatedAt":null,"verifiedAt":null}},{"type":"Feature","geometry":{"type":"Point","coordinates":[13.7477126,51.0600193]},"properties":{"id":"bikerack:bb9b45fd-6fb9-4753-acf7-5511c01d832a","kind":"bikerack","longitude":13.7477126,"latitude":51.0600193,"name":"Fahrradabstellplatz","city":"Dresden","address":null,"covered":false,"access":null,"website":null,"phone":null,"source":"OpenStreetMap/node/4058643454","sourceUpdatedAt":null,"verifiedAt":null}},{"type":"Feature","geometry":{"type":"Point","coordinates":[13.745284,51.0646136]},"properties":{"id":"bikerack:bbd3986d-41ec-4112-a192-90d58ff3a9b3","kind":"bikerack","longitude":13.745284,"latitude":51.0646136,"name":"Fahrradabstellplatz","city":"Dresden","address":null,"covered":true,"access":null,"website":null,"phone":null,"source":"OpenStreetMap/node/3682035907","sourceUpdatedAt":null,"verifiedAt":null}},{"type":"Feature","geometry":{"type":"Point","coordinates":[13.7461976,51.0493003]},"properties":{"id":"bikerack:bbfed731-1a75-42af-b426-d4a2adff2853","kind":"bikerack","longitude":13.7461976,"latitude":51.0493003,"name":"Fahrradabstellplatz","city":"Dresden","address":null,"covered":false,"access":null,"website":null,"phone":null,"source":"OpenStreetMap/node/1628237987","sourceUpdatedAt":null,"verifiedAt":null}},{"type":"Feature","geometry":{"type":"Point","coordinates":[13.7449922,51.0517452]},"properties":{"id":"bikerack:bc4e256d-6505-4fc3-bd22-c73c102f5345","kind":"bikerack","longitude":13.7449922,"latitude":51.0517452,"name":"Fahrradabstellplatz","city":"Dresden","address":null,"covered":false,"access":null,"website":null,"phone":null,"source":"OpenStreetMap/node/6817168647","sourceUpdatedAt":null,"verifiedAt":null}},{"type":"Feature","geometry":{"type":"Point","coordinates":[13.7373783,51.062947]},"properties":{"id":"bikerack:bd47fac8-c471-4ba8-a2ad-e70e432feedd","kind":"bikerack","longitude":13.7373783,"latitude":51.062947,"name":"Fahrradabstellplatz","city":"Dresden","address":null,"covered":false,"access":null,"website":null,"phone":null,"source":"OpenStreetMap/node/11958650740","sourceUpdatedAt":null,"verifiedAt":null}},{"type":"Feature","geometry":{"type":"Point","coordinates":[13.7344816,51.0500122]},"properties":{"id":"bikerack:bdaa352e-9e72-4af2-93c0-dc463a3a30c4","kind":"bikerack","longitude":13.7344816,"latitude":51.0500122,"name":"Fahrradabstellplatz","city":"Dresden","address":null,"covered":false,"access":null,"website":null,"phone":null,"source":"OpenStreetMap/node/1249591718","sourceUpdatedAt":null,"verifiedAt":null}},{"type":"Feature","geometry":{"type":"Point","coordinates":[13.7222524,51.0567009]},"properties":{"id":"bikerack:bde75902-9d07-4db6-a2ac-02bd9312629d","kind":"bikerack","longitude":13.7222524,"latitude":51.0567009,"name":"Fahrradabstellplatz","city":"Dresden","address":null,"covered":false,"access":null,"website":null,"phone":null,"source":"OpenStreetMap/node/6200547125","sourceUpdatedAt":null,"verifiedAt":null}},{"type":"Feature","geometry":{"type":"Point","coordinates":[13.7430703,51.0617393]},"properties":{"id":"bikerack:bdf2494c-d93c-4ab0-80b4-d56b8aa7d8a4","kind":"bikerack","longitude":13.7430703,"latitude":51.0617393,"name":"Fahrradabstellplatz","city":"Dresden","address":null,"covered":false,"access":null,"website":null,"phone":null,"source":"OpenStreetMap/node/3682035902","sourceUpdatedAt":null,"verifiedAt":null}},{"type":"Feature","geometry":{"type":"Point","coordinates":[13.7233932,51.0580486]},"properties":{"id":"bikerack:be0028a2-ba85-4d63-b668-15810c26c466","kind":"bikerack","longitude":13.7233932,"latitude":51.0580486,"name":"Fahrradabstellplatz","city":"Dresden","address":null,"covered":false,"access":null,"website":null,"phone":null,"source":"OpenStreetMap/node/9848804502","sourceUpdatedAt":null,"verifiedAt":null}},{"type":"Feature","geometry":{"type":"Point","coordinates":[13.7514621,51.0665691]},"properties":{"id":"bikerack:be36a72b-7d34-4525-a347-9c6c6b1ba442","kind":"bikerack","longitude":13.7514621,"latitude":51.0665691,"name":"Fahrradabstellplatz","city":"Dresden","address":null,"covered":false,"access":null,"website":null,"phone":null,"source":"OpenStreetMap/node/519007517","sourceUpdatedAt":null,"verifiedAt":null}},{"type":"Feature","geometry":{"type":"Point","coordinates":[13.7338032,51.0493163]},"properties":{"id":"bikerack:be498da5-9758-410d-a709-05aeb1a1fa43","kind":"bikerack","longitude":13.7338032,"latitude":51.0493163,"name":"Fahrradabstellplatz","city":"Dresden","address":null,"covered":false,"access":null,"website":null,"phone":null,"source":"OpenStreetMap/node/8489192498","sourceUpdatedAt":null,"verifiedAt":null}},{"type":"Feature","geometry":{"type":"Point","coordinates":[13.7233601,51.0545959]},"properties":{"id":"bikerack:be6ae1a8-fd3a-448f-af7c-9575a499521c","kind":"bikerack","longitude":13.7233601,"latitude":51.0545959,"name":"Fahrradabstellplatz","city":"Dresden","address":null,"covered":false,"access":null,"website":null,"phone":null,"source":"OpenStreetMap/node/6234055697","sourceUpdatedAt":null,"verifiedAt":null}},{"type":"Feature","geometry":{"type":"Point","coordinates":[13.7432452,51.0616559]},"properties":{"id":"bikerack:be951439-3189-4b54-b820-7f20ee2f9b04","kind":"bikerack","longitude":13.7432452,"latitude":51.0616559,"name":"Fahrradabstellplatz","city":"Dresden","address":null,"covered":false,"access":null,"website":null,"phone":null,"source":"OpenStreetMap/node/3682035899","sourceUpdatedAt":null,"verifiedAt":null}},{"type":"Feature","geometry":{"type":"Point","coordinates":[13.7235141,51.0478281]},"properties":{"id":"bikerack:bef43f5e-0615-4e05-813b-d6f376006c96","kind":"bikerack","longitude":13.7235141,"latitude":51.0478281,"name":"Fahrradabstellplatz","city":"Dresden","address":null,"covered":false,"access":null,"website":null,"phone":null,"source":"OpenStreetMap/node/12334771790","sourceUpdatedAt":null,"verifiedAt":null}},{"type":"Feature","geometry":{"type":"Point","coordinates":[13.735287,51.0439149]},"properties":{"id":"bikerack:bf0dba38-a9b7-4599-86d9-7ff7f6c5579a","kind":"bikerack","longitude":13.735287,"latitude":51.0439149,"name":"Fahrradabstellplatz","city":"Dresden","address":null,"covered":false,"access":null,"website":null,"phone":null,"source":"OpenStreetMap/node/1249802448","sourceUpdatedAt":null,"verifiedAt":null}},{"type":"Feature","geometry":{"type":"Point","coordinates":[13.7302519,51.0527757]},"properties":{"id":"bikerack:bfe4ce0f-827e-422c-9985-25327c04d614","kind":"bikerack","longitude":13.7302519,"latitude":51.0527757,"name":"Fahrradabstellplatz","city":"Dresden","address":null,"covered":false,"access":null,"website":null,"phone":null,"source":"OpenStreetMap/node/4755272279","sourceUpdatedAt":null,"verifiedAt":null}},{"type":"Feature","geometry":{"type":"Point","coordinates":[13.7428292,51.0615128]},"properties":{"id":"bikerack:bffd7bac-e793-4eb2-bd20-ebccd9ef4038","kind":"bikerack","longitude":13.7428292,"latitude":51.0615128,"name":"Fahrradabstellplatz","city":"Dresden","address":null,"covered":false,"access":null,"website":null,"phone":null,"source":"OpenStreetMap/node/3682035896","sourceUpdatedAt":null,"verifiedAt":null}},{"type":"Feature","geometry":{"type":"Point","coordinates":[13.7317379,51.0516645]},"properties":{"id":"bikerack:c013fcfa-958d-4d09-9163-f9f11905d199","kind":"bikerack","longitude":13.7317379,"latitude":51.0516645,"name":"Fahrradabstellplatz","city":"Dresden","address":null,"covered":false,"access":null,"website":null,"phone":null,"source":"OpenStreetMap/way/1203900648","sourceUpdatedAt":null,"verifiedAt":null}},{"type":"Feature","geometry":{"type":"Point","coordinates":[13.7468685,51.0662864]},"properties":{"id":"bikerack:c0725399-4338-4b51-8f7c-e6aa129ea358","kind":"bikerack","longitude":13.7468685,"latitude":51.0662864,"name":"Fahrradabstellplatz","city":"Dresden","address":null,"covered":false,"access":null,"website":null,"phone":null,"source":"OpenStreetMap/node/12291733244","sourceUpdatedAt":null,"verifiedAt":null}},{"type":"Feature","geometry":{"type":"Point","coordinates":[13.7360821,51.0507226]},"properties":{"id":"bikerack:c087cfd5-b49d-4001-ab3b-78302a695e03","kind":"bikerack","longitude":13.7360821,"latitude":51.0507226,"name":"Fahrradabstellplatz","city":"Dresden","address":null,"covered":false,"access":null,"website":null,"phone":null,"source":"OpenStreetMap/node/1491910952","sourceUpdatedAt":null,"verifiedAt":null}},{"type":"Feature","geometry":{"type":"Point","coordinates":[13.7186097,51.0554716]},"properties":{"id":"bikerack:c0e33dee-a751-4a50-a0ba-60573201e9b4","kind":"bikerack","longitude":13.7186097,"latitude":51.0554716,"name":"Fahrradabstellplatz","city":"Dresden","address":null,"covered":false,"access":null,"website":null,"phone":null,"source":"OpenStreetMap/way/1011262068","sourceUpdatedAt":null,"verifiedAt":null}},{"type":"Feature","geometry":{"type":"Point","coordinates":[13.73194,51.0427386]},"properties":{"id":"bikerack:c1c66495-288b-46b9-b426-6131a19a68b7","kind":"bikerack","longitude":13.73194,"latitude":51.0427386,"name":"Fahrradabstellplatz","city":"Dresden","address":null,"covered":false,"access":null,"website":null,"phone":null,"source":"OpenStreetMap/node/3592597701","sourceUpdatedAt":null,"verifiedAt":null}},{"type":"Feature","geometry":{"type":"Point","coordinates":[13.7333272,51.0449969]},"properties":{"id":"bikerack:c1ee8145-5c3d-463c-a04a-ecd161e3bca1","kind":"bikerack","longitude":13.7333272,"latitude":51.0449969,"name":"Fahrradabstellplatz","city":"Dresden","address":null,"covered":false,"access":null,"website":null,"phone":null,"source":"OpenStreetMap/node/10151776102","sourceUpdatedAt":null,"verifiedAt":null}},{"type":"Feature","geometry":{"type":"Point","coordinates":[13.7160022,51.0465123]},"properties":{"id":"bikerack:c20f165b-708e-4db9-8a8e-ee743529db87","kind":"bikerack","longitude":13.7160022,"latitude":51.0465123,"name":"Fahrradabstellplatz","city":"Dresden","address":null,"covered":false,"access":null,"website":null,"phone":null,"source":"OpenStreetMap/way/619401589","sourceUpdatedAt":null,"verifiedAt":null}},{"type":"Feature","geometry":{"type":"Point","coordinates":[13.7391543,51.0572592]},"properties":{"id":"bikerack:c22a6a5b-582d-40e5-b3a1-d4d7971561c5","kind":"bikerack","longitude":13.7391543,"latitude":51.0572592,"name":"Fahrradabstellplatz","city":"Dresden","address":null,"covered":false,"access":null,"website":null,"phone":null,"source":"OpenStreetMap/node/1404784719","sourceUpdatedAt":null,"verifiedAt":null}},{"type":"Feature","geometry":{"type":"Point","coordinates":[13.7525031,51.0510153]},"properties":{"id":"bikerack:c31296dd-cef8-4285-88ba-3fd85962cfad","kind":"bikerack","longitude":13.7525031,"latitude":51.0510153,"name":"Fahrradabstellplatz","city":"Dresden","address":null,"covered":false,"access":null,"website":null,"phone":null,"source":"OpenStreetMap/node/8618084493","sourceUpdatedAt":null,"verifiedAt":null}},{"type":"Feature","geometry":{"type":"Point","coordinates":[13.7405696,51.0505819]},"properties":{"id":"bikerack:c35fa6c8-81d4-46a7-b48f-98f7cdb22f67","kind":"bikerack","longitude":13.7405696,"latitude":51.0505819,"name":"Fahrradabstellplatz","city":"Dresden","address":null,"covered":false,"access":null,"website":null,"phone":null,"source":"OpenStreetMap/node/6948173528","sourceUpdatedAt":null,"verifiedAt":null}},{"type":"Feature","geometry":{"type":"Point","coordinates":[13.7409341,51.050694]},"properties":{"id":"bikerack:c36a664f-8b7a-4c79-945e-b2dabd26573d","kind":"bikerack","longitude":13.7409341,"latitude":51.050694,"name":"Fahrradabstellplatz","city":"Dresden","address":null,"covered":false,"access":null,"website":null,"phone":null,"source":"OpenStreetMap/node/11090053771","sourceUpdatedAt":null,"verifiedAt":null}},{"type":"Feature","geometry":{"type":"Point","coordinates":[13.7472071,51.0577622]},"properties":{"id":"bikerack:c3e3a9a7-1204-4f20-81aa-b4b49be2e545","kind":"bikerack","longitude":13.7472071,"latitude":51.0577622,"name":"Fahrradabstellplatz","city":"Dresden","address":null,"covered":false,"access":null,"website":null,"phone":null,"source":"OpenStreetMap/node/4058643444","sourceUpdatedAt":null,"verifiedAt":null}},{"type":"Feature","geometry":{"type":"Point","coordinates":[13.7509004,51.0602491]},"properties":{"id":"bikerack:c49c6376-5e56-4688-9256-d6f7e750e6ac","kind":"bikerack","longitude":13.7509004,"latitude":51.0602491,"name":"Fahrradabstellplatz","city":"Dresden","address":null,"covered":false,"access":null,"website":null,"phone":null,"source":"OpenStreetMap/node/11076958064","sourceUpdatedAt":null,"verifiedAt":null}},{"type":"Feature","geometry":{"type":"Point","coordinates":[13.7422308,51.0613093]},"properties":{"id":"bikerack:c4ef67c0-e49c-4e6b-a700-a1bd149fbecc","kind":"bikerack","longitude":13.7422308,"latitude":51.0613093,"name":"Fahrradabstellplatz","city":"Dresden","address":null,"covered":false,"access":null,"website":null,"phone":null,"source":"OpenStreetMap/node/1854022001","sourceUpdatedAt":null,"verifiedAt":null}},{"type":"Feature","geometry":{"type":"Point","coordinates":[13.7240103,51.0552787]},"properties":{"id":"bikerack:c5477b2f-2a0f-4056-be2a-fe4951a429a7","kind":"bikerack","longitude":13.7240103,"latitude":51.0552787,"name":"Fahrradabstellplatz","city":"Dresden","address":null,"covered":false,"access":null,"website":null,"phone":null,"source":"OpenStreetMap/node/12495921960","sourceUpdatedAt":null,"verifiedAt":null}},{"type":"Feature","geometry":{"type":"Point","coordinates":[13.7388488,51.0454365]},"properties":{"id":"bikerack:c5a350a7-6be7-42b3-b209-9384c18fc795","kind":"bikerack","longitude":13.7388488,"latitude":51.0454365,"name":"Fahrradabstellplatz","city":"Dresden","address":null,"covered":false,"access":null,"website":null,"phone":null,"source":"OpenStreetMap/node/1767294019","sourceUpdatedAt":null,"verifiedAt":null}},{"type":"Feature","geometry":{"type":"Point","coordinates":[13.7358977,51.0478051]},"properties":{"id":"bikerack:c61c8e7e-9262-4f67-9ed4-3eef0e011499","kind":"bikerack","longitude":13.7358977,"latitude":51.0478051,"name":"Fahrradabstellplatz","city":"Dresden","address":null,"covered":true,"access":null,"website":null,"phone":null,"source":"OpenStreetMap/node/12192853326","sourceUpdatedAt":null,"verifiedAt":null}},{"type":"Feature","geometry":{"type":"Point","coordinates":[13.7511067,51.0599993]},"properties":{"id":"bikerack:c6f01092-6903-48e7-9a26-6e1f5a1f747e","kind":"bikerack","longitude":13.7511067,"latitude":51.0599993,"name":"Fahrradabstellplatz","city":"Dresden","address":null,"covered":false,"access":null,"website":null,"phone":null,"source":"OpenStreetMap/node/8221865733","sourceUpdatedAt":null,"verifiedAt":null}},{"type":"Feature","geometry":{"type":"Point","coordinates":[13.7165415,51.0496037]},"properties":{"id":"bikerack:c6fcc7ba-bd0c-459d-ad39-a785fb7254d7","kind":"bikerack","longitude":13.7165415,"latitude":51.0496037,"name":"Fahrradabstellplatz","city":"Dresden","address":null,"covered":false,"access":null,"website":null,"phone":null,"source":"OpenStreetMap/node/2902972401","sourceUpdatedAt":null,"verifiedAt":null}},{"type":"Feature","geometry":{"type":"Point","coordinates":[13.7298271,51.0522228]},"properties":{"id":"bikerack:c790c9e4-2dac-455b-94ba-73143ee80858","kind":"bikerack","longitude":13.7298271,"latitude":51.0522228,"name":"Fahrradabstellplatz","city":"Dresden","address":null,"covered":false,"access":null,"website":null,"phone":null,"source":"OpenStreetMap/node/6413452554","sourceUpdatedAt":null,"verifiedAt":null}},{"type":"Feature","geometry":{"type":"Point","coordinates":[13.7529602,51.0525446]},"properties":{"id":"bikerack:c8287faf-cd30-4754-a1b5-ca81d52f80d8","kind":"bikerack","longitude":13.7529602,"latitude":51.0525446,"name":"Fahrradabstellplatz","city":"Dresden","address":null,"covered":false,"access":null,"website":null,"phone":null,"source":"OpenStreetMap/node/8618084486","sourceUpdatedAt":null,"verifiedAt":null}},{"type":"Feature","geometry":{"type":"Point","coordinates":[13.7525351,51.0677027]},"properties":{"id":"bikerack:c85fd7cc-865b-44da-a940-3d531fe7c800","kind":"bikerack","longitude":13.7525351,"latitude":51.0677027,"name":"Fahrradabstellplatz","city":"Albertstadt","address":null,"covered":false,"access":null,"website":null,"phone":null,"source":"OpenStreetMap/node/3574958236","sourceUpdatedAt":null,"verifiedAt":null}},{"type":"Feature","geometry":{"type":"Point","coordinates":[13.750267,51.042368]},"properties":{"id":"bikerack:c8732270-6287-4ba7-9a18-1ab75c8b4893","kind":"bikerack","longitude":13.750267,"latitude":51.042368,"name":"Fahrradabstellplatz","city":"Dresden","address":null,"covered":false,"access":null,"website":null,"phone":null,"source":"OpenStreetMap/node/1283661683","sourceUpdatedAt":null,"verifiedAt":null}},{"type":"Feature","geometry":{"type":"Point","coordinates":[13.7164826,51.0502312]},"properties":{"id":"bikerack:c87802b0-2f70-4c64-bcd1-86e0249e3fce","kind":"bikerack","longitude":13.7164826,"latitude":51.0502312,"name":"Fahrradabstellplatz","city":"Dresden","address":null,"covered":true,"access":null,"website":null,"phone":null,"source":"OpenStreetMap/node/6925787791","sourceUpdatedAt":null,"verifiedAt":null}},{"type":"Feature","geometry":{"type":"Point","coordinates":[13.7222522,51.0532675]},"properties":{"id":"bikerack:c8a6772e-90a1-42dd-9bae-7617b374389c","kind":"bikerack","longitude":13.7222522,"latitude":51.0532675,"name":"Fahrradabstellplatz","city":"Dresden","address":null,"covered":false,"access":null,"website":null,"phone":null,"source":"OpenStreetMap/node/9651047707","sourceUpdatedAt":null,"verifiedAt":null}},{"type":"Feature","geometry":{"type":"Point","coordinates":[13.7112161,51.0491702]},"properties":{"id":"bikerack:c92d22af-4ea1-47cf-add5-e517c4e66755","kind":"bikerack","longitude":13.7112161,"latitude":51.0491702,"name":"Fahrradabstellplatz","city":"Dresden","address":null,"covered":false,"access":null,"website":null,"phone":null,"source":"OpenStreetMap/node/13689074450","sourceUpdatedAt":null,"verifiedAt":null}},{"type":"Feature","geometry":{"type":"Point","coordinates":[13.7504741,51.0634766]},"properties":{"id":"bikerack:ca1ea4e0-dfd2-42e3-944f-e37fb989a123","kind":"bikerack","longitude":13.7504741,"latitude":51.0634766,"name":"Fahrradabstellplatz","city":"Dresden","address":null,"covered":false,"access":null,"website":null,"phone":null,"source":"OpenStreetMap/node/8287939734","sourceUpdatedAt":null,"verifiedAt":null}},{"type":"Feature","geometry":{"type":"Point","coordinates":[13.752361,51.0423641]},"properties":{"id":"bikerack:ca253a3a-30b4-4124-84eb-8ed03e0cd091","kind":"bikerack","longitude":13.752361,"latitude":51.0423641,"name":"Fahrradabstellplatz","city":"Dresden","address":null,"covered":false,"access":null,"website":null,"phone":null,"source":"OpenStreetMap/node/12076775145","sourceUpdatedAt":null,"verifiedAt":null}},{"type":"Feature","geometry":{"type":"Point","coordinates":[13.7331289,51.0463073]},"properties":{"id":"bikerack:cb50e3f4-b7b5-4210-8b0b-3a0aae7a6c32","kind":"bikerack","longitude":13.7331289,"latitude":51.0463073,"name":"Fahrradabstellplatz","city":"Dresden","address":null,"covered":false,"access":null,"website":null,"phone":null,"source":"OpenStreetMap/node/3162830270","sourceUpdatedAt":null,"verifiedAt":null}},{"type":"Feature","geometry":{"type":"Point","coordinates":[13.7420958,51.0591762]},"properties":{"id":"bikerack:cb567386-560c-4c6d-8947-031875d9c361","kind":"bikerack","longitude":13.7420958,"latitude":51.0591762,"name":"Fahrradabstellplatz","city":"Dresden","address":null,"covered":false,"access":null,"website":null,"phone":null,"source":"OpenStreetMap/node/3682919627","sourceUpdatedAt":null,"verifiedAt":null}},{"type":"Feature","geometry":{"type":"Point","coordinates":[13.7512057,51.0426779]},"properties":{"id":"bikerack:cb9411bf-0a3f-4ef6-a924-baaf27b9b953","kind":"bikerack","longitude":13.7512057,"latitude":51.0426779,"name":"Fahrradabstellplatz","city":"Dresden","address":null,"covered":false,"access":null,"website":null,"phone":null,"source":"OpenStreetMap/node/725613816","sourceUpdatedAt":null,"verifiedAt":null}},{"type":"Feature","geometry":{"type":"Point","coordinates":[13.7165749,51.0584476]},"properties":{"id":"bikerack:cc015b62-6371-4e8a-becc-0352fb5ff749","kind":"bikerack","longitude":13.7165749,"latitude":51.0584476,"name":"Fahrradabstellplatz","city":"Dresden","address":null,"covered":false,"access":null,"website":null,"phone":null,"source":"OpenStreetMap/node/4754933531","sourceUpdatedAt":null,"verifiedAt":null}},{"type":"Feature","geometry":{"type":"Point","coordinates":[13.7441294,51.0515963]},"properties":{"id":"bikerack:cc149043-2817-4201-a091-949ae990c125","kind":"bikerack","longitude":13.7441294,"latitude":51.0515963,"name":"Fahrradabstellplatz","city":"Dresden","address":null,"covered":false,"access":null,"website":null,"phone":null,"source":"OpenStreetMap/node/2538092481","sourceUpdatedAt":null,"verifiedAt":null}},{"type":"Feature","geometry":{"type":"Point","coordinates":[13.7399763,51.0461567]},"properties":{"id":"bikerack:ccb5237c-1baa-4630-adfe-44c156160690","kind":"bikerack","longitude":13.7399763,"latitude":51.0461567,"name":"Fahrradabstellplatz","city":"Dresden","address":null,"covered":false,"access":null,"website":null,"phone":null,"source":"OpenStreetMap/way/1384579721","sourceUpdatedAt":null,"verifiedAt":null}},{"type":"Feature","geometry":{"type":"Point","coordinates":[13.7324727,51.0503406]},"properties":{"id":"bikerack:cd8c2ce9-ce25-4aa5-a88f-4fce1cc69cda","kind":"bikerack","longitude":13.7324727,"latitude":51.0503406,"name":"Fahrradabstellplatz","city":"Dresden","address":null,"covered":false,"access":null,"website":null,"phone":null,"source":"OpenStreetMap/node/6881599775","sourceUpdatedAt":null,"verifiedAt":null}},{"type":"Feature","geometry":{"type":"Point","coordinates":[13.736278,51.0479872]},"properties":{"id":"bikerack:ce61685f-d197-4833-9965-dda379454b3c","kind":"bikerack","longitude":13.736278,"latitude":51.0479872,"name":"Fahrradabstellplatz","city":"Dresden","address":null,"covered":false,"access":null,"website":null,"phone":null,"source":"OpenStreetMap/node/1307487780","sourceUpdatedAt":null,"verifiedAt":null}},{"type":"Feature","geometry":{"type":"Point","coordinates":[13.7226822,51.0542257]},"properties":{"id":"bikerack:cea3e864-6680-48c3-9c4a-aa2e38627e4c","kind":"bikerack","longitude":13.7226822,"latitude":51.0542257,"name":"Fahrradabstellplatz","city":"Dresden","address":null,"covered":false,"access":null,"website":null,"phone":null,"source":"OpenStreetMap/way/661984111","sourceUpdatedAt":null,"verifiedAt":null}},{"type":"Feature","geometry":{"type":"Point","coordinates":[13.7353064,51.0461786]},"properties":{"id":"bikerack:ceec342b-6413-4977-bc75-20df65e9f44d","kind":"bikerack","longitude":13.7353064,"latitude":51.0461786,"name":"Fahrradabstellplatz","city":"Dresden","address":null,"covered":true,"access":null,"website":null,"phone":null,"source":"OpenStreetMap/node/6125253532","sourceUpdatedAt":null,"verifiedAt":null}},{"type":"Feature","geometry":{"type":"Point","coordinates":[13.734513,51.0419447]},"properties":{"id":"bikerack:cf3e0e4d-fa76-4723-9df9-f84e3b8789bd","kind":"bikerack","longitude":13.734513,"latitude":51.0419447,"name":"Fahrradabstellplatz","city":"Dresden","address":null,"covered":false,"access":null,"website":null,"phone":null,"source":"OpenStreetMap/node/4578278287","sourceUpdatedAt":null,"verifiedAt":null}},{"type":"Feature","geometry":{"type":"Point","coordinates":[13.7476266,51.0664849]},"properties":{"id":"bikerack:d0586bc0-6bfc-45dc-8eb2-044f47718755","kind":"bikerack","longitude":13.7476266,"latitude":51.0664849,"name":"Fahrradabstellplatz","city":"Dresden","address":null,"covered":false,"access":null,"website":null,"phone":null,"source":"OpenStreetMap/node/13165524624","sourceUpdatedAt":null,"verifiedAt":null}},{"type":"Feature","geometry":{"type":"Point","coordinates":[13.7491697,51.0587637]},"properties":{"id":"bikerack:d094f99a-ccfb-4569-93dc-98e1b5c57a1c","kind":"bikerack","longitude":13.7491697,"latitude":51.0587637,"name":"Fahrradabstellplatz","city":"Dresden","address":null,"covered":false,"access":null,"website":null,"phone":null,"source":"OpenStreetMap/way/1258959649","sourceUpdatedAt":null,"verifiedAt":null}},{"type":"Feature","geometry":{"type":"Point","coordinates":[13.7355102,51.0508015]},"properties":{"id":"bikerack:d14cd968-a58c-400c-8d50-e7ea61c49fdf","kind":"bikerack","longitude":13.7355102,"latitude":51.0508015,"name":"Fahrradabstellplatz","city":"Dresden","address":null,"covered":false,"access":null,"website":null,"phone":null,"source":"OpenStreetMap/node/13026953594","sourceUpdatedAt":null,"verifiedAt":null}},{"type":"Feature","geometry":{"type":"Point","coordinates":[13.7477005,51.0599973]},"properties":{"id":"bikerack:d179cdc8-749b-4445-b9a2-bda0a82d9aec","kind":"bikerack","longitude":13.7477005,"latitude":51.0599973,"name":"Fahrradabstellplatz","city":"Dresden","address":null,"covered":true,"access":null,"website":null,"phone":null,"source":"OpenStreetMap/node/4058643453","sourceUpdatedAt":null,"verifiedAt":null}},{"type":"Feature","geometry":{"type":"Point","coordinates":[13.7298208,51.0602793]},"properties":{"id":"bikerack:d1b38d15-974d-47ce-b0fd-04b29816df88","kind":"bikerack","longitude":13.7298208,"latitude":51.0602793,"name":"Fahrradabstellplatz","city":"Dresden","address":null,"covered":false,"access":null,"website":null,"phone":null,"source":"OpenStreetMap/way/539206924","sourceUpdatedAt":null,"verifiedAt":null}},{"type":"Feature","geometry":{"type":"Point","coordinates":[13.73639,51.0506947]},"properties":{"id":"bikerack:d2275993-2bb6-42c0-823d-d6e92f5b3dd8","kind":"bikerack","longitude":13.73639,"latitude":51.0506947,"name":"Fahrradabstellplatz","city":"Dresden","address":null,"covered":false,"access":null,"website":null,"phone":null,"source":"OpenStreetMap/node/13026953592","sourceUpdatedAt":null,"verifiedAt":null}},{"type":"Feature","geometry":{"type":"Point","coordinates":[13.7472963,51.0671385]},"properties":{"id":"bikerack:d24f509f-3ab7-415d-9d66-dd030d24887d","kind":"bikerack","longitude":13.7472963,"latitude":51.0671385,"name":"Fahrradabstellplatz","city":"Dresden","address":null,"covered":false,"access":null,"website":null,"phone":null,"source":"OpenStreetMap/node/12291749824","sourceUpdatedAt":null,"verifiedAt":null}},{"type":"Feature","geometry":{"type":"Point","coordinates":[13.7348685,51.0505362]},"properties":{"id":"bikerack:d258ee98-a611-496e-af4a-e6a8c6d4eaa7","kind":"bikerack","longitude":13.7348685,"latitude":51.0505362,"name":"Fahrradabstellplatz","city":"Dresden","address":null,"covered":false,"access":null,"website":null,"phone":null,"source":"OpenStreetMap/node/1492813659","sourceUpdatedAt":null,"verifiedAt":null}},{"type":"Feature","geometry":{"type":"Point","coordinates":[13.7513543,51.0637217]},"properties":{"id":"bikerack:d266ed3c-f0c5-4c4e-bee4-1f9fae88e9e3","kind":"bikerack","longitude":13.7513543,"latitude":51.0637217,"name":"Fahrradabstellplatz","city":"Dresden","address":null,"covered":false,"access":null,"website":null,"phone":null,"source":"OpenStreetMap/node/9587406278","sourceUpdatedAt":null,"verifiedAt":null}},{"type":"Feature","geometry":{"type":"Point","coordinates":[13.7429885,51.0502349]},"properties":{"id":"bikerack:d2aac7ff-052e-4043-8a4c-e9bcb775e574","kind":"bikerack","longitude":13.7429885,"latitude":51.0502349,"name":"Fahrradabstellplatz","city":"Dresden","address":null,"covered":false,"access":null,"website":null,"phone":null,"source":"OpenStreetMap/node/10121179144","sourceUpdatedAt":null,"verifiedAt":null}},{"type":"Feature","geometry":{"type":"Point","coordinates":[13.7232006,51.0477435]},"properties":{"id":"bikerack:d34c08bb-bdd3-4716-b97b-fecef1c5721b","kind":"bikerack","longitude":13.7232006,"latitude":51.0477435,"name":"Fahrradabstellplatz","city":"Dresden","address":null,"covered":false,"access":null,"website":null,"phone":null,"source":"OpenStreetMap/node/12334776172","sourceUpdatedAt":null,"verifiedAt":null}},{"type":"Feature","geometry":{"type":"Point","coordinates":[13.7455593,51.0600332]},"properties":{"id":"bikerack:d393bdcb-e050-4d95-aad1-a6d80831db55","kind":"bikerack","longitude":13.7455593,"latitude":51.0600332,"name":"Fahrradabstellplatz","city":"Dresden","address":null,"covered":false,"access":null,"website":null,"phone":null,"source":"OpenStreetMap/node/2438385158","sourceUpdatedAt":null,"verifiedAt":null}},{"type":"Feature","geometry":{"type":"Point","coordinates":[13.7442542,51.0571916]},"properties":{"id":"bikerack:d5113af4-ce0e-481f-8b6f-7483ba410737","kind":"bikerack","longitude":13.7442542,"latitude":51.0571916,"name":"Fahrradabstellplatz","city":"Dresden","address":null,"covered":false,"access":null,"website":null,"phone":null,"source":"OpenStreetMap/node/4058643442","sourceUpdatedAt":null,"verifiedAt":null}},{"type":"Feature","geometry":{"type":"Point","coordinates":[13.7375528,51.0524362]},"properties":{"id":"bikerack:d54508d4-832e-4379-a643-a6a385eba8c7","kind":"bikerack","longitude":13.7375528,"latitude":51.0524362,"name":"Fahrradabstellplatz","city":"Dresden","address":null,"covered":false,"access":null,"website":null,"phone":null,"source":"OpenStreetMap/node/1250771097","sourceUpdatedAt":null,"verifiedAt":null}},{"type":"Feature","geometry":{"type":"Point","coordinates":[13.753318,51.0519706]},"properties":{"id":"bikerack:d62a67e8-776b-4930-946a-e65ecc3cbe29","kind":"bikerack","longitude":13.753318,"latitude":51.0519706,"name":"Fahrradabstellplatz","city":"Dresden","address":null,"covered":false,"access":null,"website":null,"phone":null,"source":"OpenStreetMap/node/8820960004","sourceUpdatedAt":null,"verifiedAt":null}},{"type":"Feature","geometry":{"type":"Point","coordinates":[13.7471058,51.0438197]},"properties":{"id":"bikerack:d6f4b547-f332-4bcd-a901-f4392f5f1d90","kind":"bikerack","longitude":13.7471058,"latitude":51.0438197,"name":"Fahrradabstellplatz","city":"Dresden","address":null,"covered":false,"access":null,"website":null,"phone":null,"source":"OpenStreetMap/node/373420390","sourceUpdatedAt":null,"verifiedAt":null}},{"type":"Feature","geometry":{"type":"Point","coordinates":[13.7501748,51.0426413]},"properties":{"id":"bikerack:d7040a8d-dbb3-4382-a521-182cbb14c247","kind":"bikerack","longitude":13.7501748,"latitude":51.0426413,"name":"Fahrradabstellplatz","city":"Dresden","address":null,"covered":false,"access":null,"website":null,"phone":null,"source":"OpenStreetMap/node/1122039283","sourceUpdatedAt":null,"verifiedAt":null}},{"type":"Feature","geometry":{"type":"Point","coordinates":[13.7331194,51.0488474]},"properties":{"id":"bikerack:d7bbc23c-e7f1-4d01-bcf2-a21e2f3a0bee","kind":"bikerack","longitude":13.7331194,"latitude":51.0488474,"name":"Fahrradabstellplatz","city":"Dresden","address":null,"covered":true,"access":null,"website":null,"phone":null,"source":"OpenStreetMap/node/12188610112","sourceUpdatedAt":null,"verifiedAt":null}},{"type":"Feature","geometry":{"type":"Point","coordinates":[13.7214583,51.0568638]},"properties":{"id":"bikerack:d85bcd12-47fb-4b3d-b529-1797661ac388","kind":"bikerack","longitude":13.7214583,"latitude":51.0568638,"name":"Fahrradabstellplatz","city":"Dresden","address":null,"covered":false,"access":null,"website":null,"phone":null,"source":"OpenStreetMap/node/8569976354","sourceUpdatedAt":null,"verifiedAt":null}},{"type":"Feature","geometry":{"type":"Point","coordinates":[13.7391842,51.0661512]},"properties":{"id":"bikerack:d8db7784-d8aa-40e1-8687-a6d8a2e53bd5","kind":"bikerack","longitude":13.7391842,"latitude":51.0661512,"name":"Fahrradabstellplatz","city":"Dresden","address":null,"covered":false,"access":null,"website":null,"phone":null,"source":"OpenStreetMap/node/10963885239","sourceUpdatedAt":null,"verifiedAt":null}},{"type":"Feature","geometry":{"type":"Point","coordinates":[13.735796,51.0504335]},"properties":{"id":"bikerack:d930d567-9607-478a-8ef5-4304bfb58f50","kind":"bikerack","longitude":13.735796,"latitude":51.0504335,"name":"Fahrradabstellplatz","city":"Dresden","address":null,"covered":false,"access":null,"website":null,"phone":null,"source":"OpenStreetMap/node/9255771713","sourceUpdatedAt":null,"verifiedAt":null}},{"type":"Feature","geometry":{"type":"Point","coordinates":[13.7364941,51.0506707]},"properties":{"id":"bikerack:d941f3a7-0e21-4e0a-9019-4107b16ac0b1","kind":"bikerack","longitude":13.7364941,"latitude":51.0506707,"name":"Fahrradabstellplatz","city":"Dresden","address":null,"covered":false,"access":null,"website":null,"phone":null,"source":"OpenStreetMap/node/9004919913","sourceUpdatedAt":null,"verifiedAt":null}},{"type":"Feature","geometry":{"type":"Point","coordinates":[13.7350441,51.0640208]},"properties":{"id":"bikerack:d96b1419-3f40-41b1-87c5-5316e9a51088","kind":"bikerack","longitude":13.7350441,"latitude":51.0640208,"name":"Fahrradabstellplatz","city":"Dresden","address":null,"covered":false,"access":null,"website":null,"phone":null,"source":"OpenStreetMap/node/5538543554","sourceUpdatedAt":null,"verifiedAt":null}},{"type":"Feature","geometry":{"type":"Point","coordinates":[13.7534077,51.0525401]},"properties":{"id":"bikerack:db1b02e3-c368-48b0-90bc-5a59562110f1","kind":"bikerack","longitude":13.7534077,"latitude":51.0525401,"name":"Fahrradabstellplatz","city":"Dresden","address":null,"covered":false,"access":null,"website":null,"phone":null,"source":"OpenStreetMap/node/8618109249","sourceUpdatedAt":null,"verifiedAt":null}},{"type":"Feature","geometry":{"type":"Point","coordinates":[13.7252483,51.0559361]},"properties":{"id":"bikerack:db1c2f84-9fae-44ed-aae2-75216a401ad7","kind":"bikerack","longitude":13.7252483,"latitude":51.0559361,"name":"Fahrradabstellplatz","city":"Dresden","address":null,"covered":false,"access":null,"website":null,"phone":null,"source":"OpenStreetMap/node/12514876596","sourceUpdatedAt":null,"verifiedAt":null}},{"type":"Feature","geometry":{"type":"Point","coordinates":[13.7395056,51.0494327]},"properties":{"id":"bikerack:dbe58e25-bf4b-490f-906d-f176e078856a","kind":"bikerack","longitude":13.7395056,"latitude":51.0494327,"name":"Fahrradabstellplatz","city":"Dresden","address":null,"covered":false,"access":null,"website":null,"phone":null,"source":"OpenStreetMap/node/7187288380","sourceUpdatedAt":null,"verifiedAt":null}},{"type":"Feature","geometry":{"type":"Point","coordinates":[13.7451172,51.06245]},"properties":{"id":"bikerack:dc01cdc7-bda8-4141-9a4b-951a07a2aa49","kind":"bikerack","longitude":13.7451172,"latitude":51.06245,"name":"Fahrradabstellplatz","city":"Dresden","address":null,"covered":false,"access":null,"website":null,"phone":null,"source":"OpenStreetMap/node/3682035906","sourceUpdatedAt":null,"verifiedAt":null}},{"type":"Feature","geometry":{"type":"Point","coordinates":[13.7499981,51.0671266]},"properties":{"id":"bikerack:dc31560c-ed1e-44a0-a9c2-77de595da78b","kind":"bikerack","longitude":13.7499981,"latitude":51.0671266,"name":"Fahrradabstellplatz","city":"Dresden","address":null,"covered":false,"access":null,"website":null,"phone":null,"source":"OpenStreetMap/node/5994851394","sourceUpdatedAt":null,"verifiedAt":null}},{"type":"Feature","geometry":{"type":"Point","coordinates":[13.7425543,51.0602395]},"properties":{"id":"bikerack:dcfc520f-6394-47c2-a940-718819b7beba","kind":"bikerack","longitude":13.7425543,"latitude":51.0602395,"name":"Fahrradabstellplatz","city":"Dresden","address":null,"covered":false,"access":null,"website":null,"phone":null,"source":"OpenStreetMap/node/1445229776","sourceUpdatedAt":null,"verifiedAt":null}},{"type":"Feature","geometry":{"type":"Point","coordinates":[13.753017,51.0509398]},"properties":{"id":"bikerack:dd22cb78-492b-48ac-8138-e83c333738df","kind":"bikerack","longitude":13.753017,"latitude":51.0509398,"name":"Fahrradabstellplatz","city":"Dresden","address":null,"covered":false,"access":null,"website":null,"phone":null,"source":"OpenStreetMap/node/8618109227","sourceUpdatedAt":null,"verifiedAt":null}},{"type":"Feature","geometry":{"type":"Point","coordinates":[13.7492599,51.0580375]},"properties":{"id":"bikerack:ddd24668-67ac-4bd0-b900-b18ea65868fb","kind":"bikerack","longitude":13.7492599,"latitude":51.0580375,"name":"Fahrradabstellplatz","city":"Dresden","address":null,"covered":false,"access":null,"website":null,"phone":null,"source":"OpenStreetMap/way/396411745","sourceUpdatedAt":null,"verifiedAt":null}},{"type":"Feature","geometry":{"type":"Point","coordinates":[13.7377819,51.0486849]},"properties":{"id":"bikerack:de503e92-5f95-496d-a8cc-cdfe796a5ad2","kind":"bikerack","longitude":13.7377819,"latitude":51.0486849,"name":"Fahrradabstellplatz","city":"Dresden","address":null,"covered":false,"access":null,"website":null,"phone":null,"source":"OpenStreetMap/node/1137981028","sourceUpdatedAt":null,"verifiedAt":null}},{"type":"Feature","geometry":{"type":"Point","coordinates":[13.7360596,51.0504011]},"properties":{"id":"bikerack:de5cc9d7-4db8-46d8-a456-0d7a0e2edbe0","kind":"bikerack","longitude":13.7360596,"latitude":51.0504011,"name":"Fahrradabstellplatz","city":"Dresden","address":null,"covered":false,"access":null,"website":null,"phone":null,"source":"OpenStreetMap/node/1550380573","sourceUpdatedAt":null,"verifiedAt":null}},{"type":"Feature","geometry":{"type":"Point","coordinates":[13.7403894,51.0474278]},"properties":{"id":"bikerack:de84e14f-2dca-4226-9fc0-727a534feb57","kind":"bikerack","longitude":13.7403894,"latitude":51.0474278,"name":"Fahrradabstellplatz","city":"Dresden","address":null,"covered":false,"access":null,"website":null,"phone":null,"source":"OpenStreetMap/node/1163572908","sourceUpdatedAt":null,"verifiedAt":null}},{"type":"Feature","geometry":{"type":"Point","coordinates":[13.7157447,51.0584113]},"properties":{"id":"bikerack:de94d5c1-abea-490b-b976-cff9ea68ec0c","kind":"bikerack","longitude":13.7157447,"latitude":51.0584113,"name":"Fahrradabstellplatz","city":"Dresden","address":null,"covered":true,"access":null,"website":null,"phone":null,"source":"OpenStreetMap/node/4754933533","sourceUpdatedAt":null,"verifiedAt":null}},{"type":"Feature","geometry":{"type":"Point","coordinates":[13.7518023,51.0465474]},"properties":{"id":"bikerack:df1ea600-c274-4766-a0f5-d62b4960e5e8","kind":"bikerack","longitude":13.7518023,"latitude":51.0465474,"name":"Fahrradabstellplatz","city":"Dresden","address":null,"covered":true,"access":null,"website":null,"phone":null,"source":"OpenStreetMap/node/7603228313","sourceUpdatedAt":null,"verifiedAt":null}},{"type":"Feature","geometry":{"type":"Point","coordinates":[13.7231983,51.0485281]},"properties":{"id":"bikerack:df21350e-1806-48c1-87b2-090abf6a65cb","kind":"bikerack","longitude":13.7231983,"latitude":51.0485281,"name":"Fahrradabstellplatz","city":"Dresden","address":null,"covered":false,"access":null,"website":null,"phone":null,"source":"OpenStreetMap/node/11220379778","sourceUpdatedAt":null,"verifiedAt":null}},{"type":"Feature","geometry":{"type":"Point","coordinates":[13.7436388,51.0617948]},"properties":{"id":"bikerack:df369753-0137-4548-8439-8b8dc432c0f8","kind":"bikerack","longitude":13.7436388,"latitude":51.0617948,"name":"Fahrradabstellplatz","city":"Dresden","address":null,"covered":false,"access":null,"website":null,"phone":null,"source":"OpenStreetMap/node/1854022008","sourceUpdatedAt":null,"verifiedAt":null}},{"type":"Feature","geometry":{"type":"Point","coordinates":[13.7154644,51.0582646]},"properties":{"id":"bikerack:dfc742e3-410d-464e-a356-532ef66a3839","kind":"bikerack","longitude":13.7154644,"latitude":51.0582646,"name":"Fahrradabstellplatz","city":"Dresden","address":null,"covered":false,"access":null,"website":null,"phone":null,"source":"OpenStreetMap/node/4754933532","sourceUpdatedAt":null,"verifiedAt":null}},{"type":"Feature","geometry":{"type":"Point","coordinates":[13.7413274,51.061569]},"properties":{"id":"bikerack:dfd61a15-1ea7-4181-aa0f-be477bdd4824","kind":"bikerack","longitude":13.7413274,"latitude":51.061569,"name":"Fahrradabstellplatz","city":"Dresden","address":null,"covered":false,"access":null,"website":null,"phone":null,"source":"OpenStreetMap/node/5760591452","sourceUpdatedAt":null,"verifiedAt":null}},{"type":"Feature","geometry":{"type":"Point","coordinates":[13.7454491,51.0518237]},"properties":{"id":"bikerack:dfee63c6-7428-48ac-9d55-c15804be678c","kind":"bikerack","longitude":13.7454491,"latitude":51.0518237,"name":"Fahrradabstellplatz","city":"Dresden","address":null,"covered":false,"access":null,"website":null,"phone":null,"source":"OpenStreetMap/node/12188557897","sourceUpdatedAt":null,"verifiedAt":null}},{"type":"Feature","geometry":{"type":"Point","coordinates":[13.7322058,51.0554512]},"properties":{"id":"bikerack:dff62435-2d44-41eb-a9e1-905b01fe68dd","kind":"bikerack","longitude":13.7322058,"latitude":51.0554512,"name":"Fahrradabstellplatz","city":"Dresden","address":null,"covered":false,"access":null,"website":null,"phone":null,"source":"OpenStreetMap/node/12514236358","sourceUpdatedAt":null,"verifiedAt":null}},{"type":"Feature","geometry":{"type":"Point","coordinates":[13.7212478,51.0483216]},"properties":{"id":"bikerack:dffe5a1d-974b-45b6-a951-e313ff503cfc","kind":"bikerack","longitude":13.7212478,"latitude":51.0483216,"name":"Fahrradabstellplatz","city":"Dresden","address":null,"covered":false,"access":null,"website":null,"phone":null,"source":"OpenStreetMap/node/2069516459","sourceUpdatedAt":null,"verifiedAt":null}},{"type":"Feature","geometry":{"type":"Point","coordinates":[13.7541031,51.0677695]},"properties":{"id":"bikerack:e083b031-c54d-4c1d-9b83-5f5a0551b6c5","kind":"bikerack","longitude":13.7541031,"latitude":51.0677695,"name":"Fahrradabstellplatz","city":"Albertstadt","address":null,"covered":false,"access":null,"website":null,"phone":null,"source":"OpenStreetMap/node/6817166145","sourceUpdatedAt":null,"verifiedAt":null}},{"type":"Feature","geometry":{"type":"Point","coordinates":[13.7326589,51.0470966]},"properties":{"id":"bikerack:e0fe460d-8060-43a3-8389-c5ee67aa442d","kind":"bikerack","longitude":13.7326589,"latitude":51.0470966,"name":"Fahrradabstellplatz","city":"Dresden","address":null,"covered":false,"access":null,"website":null,"phone":null,"source":"OpenStreetMap/node/13078375002","sourceUpdatedAt":null,"verifiedAt":null}},{"type":"Feature","geometry":{"type":"Point","coordinates":[13.7301354,51.0531243]},"properties":{"id":"bikerack:e10bcb05-9542-49c6-818d-2b68c533f0d9","kind":"bikerack","longitude":13.7301354,"latitude":51.0531243,"name":"Fahrradabstellplatz","city":"Dresden","address":null,"covered":false,"access":null,"website":null,"phone":null,"source":"OpenStreetMap/node/6286561707","sourceUpdatedAt":null,"verifiedAt":null}},{"type":"Feature","geometry":{"type":"Point","coordinates":[13.7236654,51.060103]},"properties":{"id":"bikerack:e115eb63-94b8-4e44-8898-3baf8727a92b","kind":"bikerack","longitude":13.7236654,"latitude":51.060103,"name":"Fahrradabstellplatz","city":"Dresden","address":null,"covered":false,"access":null,"website":null,"phone":null,"source":"OpenStreetMap/way/1316977297","sourceUpdatedAt":null,"verifiedAt":null}},{"type":"Feature","geometry":{"type":"Point","coordinates":[13.7389751,51.0489395]},"properties":{"id":"bikerack:e1815c22-134c-410e-8f54-39d3d5b19f09","kind":"bikerack","longitude":13.7389751,"latitude":51.0489395,"name":"Fahrradabstellplatz","city":"Dresden","address":null,"covered":false,"access":null,"website":null,"phone":null,"source":"OpenStreetMap/node/4754860968","sourceUpdatedAt":null,"verifiedAt":null}},{"type":"Feature","geometry":{"type":"Point","coordinates":[13.7393792,51.0517415]},"properties":{"id":"bikerack:e1841d4d-ce75-4a60-b71f-dd5f105d93a2","kind":"bikerack","longitude":13.7393792,"latitude":51.0517415,"name":"Fahrradabstellplatz","city":"Dresden","address":null,"covered":false,"access":null,"website":null,"phone":null,"source":"OpenStreetMap/node/2054474516","sourceUpdatedAt":null,"verifiedAt":null}},{"type":"Feature","geometry":{"type":"Point","coordinates":[13.7378214,51.0456905]},"properties":{"id":"bikerack:e1971171-a5f2-43a2-b3b6-63a59251ca01","kind":"bikerack","longitude":13.7378214,"latitude":51.0456905,"name":"Fahrradabstellplatz","city":"Dresden","address":null,"covered":false,"access":null,"website":null,"phone":null,"source":"OpenStreetMap/node/12188562782","sourceUpdatedAt":null,"verifiedAt":null}},{"type":"Feature","geometry":{"type":"Point","coordinates":[13.7534616,51.0624676]},"properties":{"id":"bikerack:e19d5404-8024-4a50-87c6-935a5eb5ff19","kind":"bikerack","longitude":13.7534616,"latitude":51.0624676,"name":"Fahrradabstellplatz","city":"Dresden","address":null,"covered":false,"access":null,"website":null,"phone":null,"source":"OpenStreetMap/way/383559123","sourceUpdatedAt":null,"verifiedAt":null}},{"type":"Feature","geometry":{"type":"Point","coordinates":[13.7266296,51.0527999]},"properties":{"id":"bikerack:e1f2238d-d87e-44a2-ba0e-95ef1fc03b8b","kind":"bikerack","longitude":13.7266296,"latitude":51.0527999,"name":"Fahrradabstellplatz","city":"Dresden","address":null,"covered":false,"access":null,"website":null,"phone":null,"source":"OpenStreetMap/node/11104582152","sourceUpdatedAt":null,"verifiedAt":null}},{"type":"Feature","geometry":{"type":"Point","coordinates":[13.7437975,51.0603336]},"properties":{"id":"bikerack:e22ecbac-9de8-4aa9-a369-79383f0fccdf","kind":"bikerack","longitude":13.7437975,"latitude":51.0603336,"name":"Fahrradabstellplatz","city":"Dresden","address":null,"covered":false,"access":null,"website":null,"phone":null,"source":"OpenStreetMap/node/3682919635","sourceUpdatedAt":null,"verifiedAt":null}},{"type":"Feature","geometry":{"type":"Point","coordinates":[13.7372163,51.0447183]},"properties":{"id":"bikerack:e23851d8-0644-4df0-ad6b-81cc9fc27ec0","kind":"bikerack","longitude":13.7372163,"latitude":51.0447183,"name":"Fahrradabstellplatz","city":"Dresden","address":null,"covered":false,"access":null,"website":null,"phone":null,"source":"OpenStreetMap/node/1115480806","sourceUpdatedAt":null,"verifiedAt":null}},{"type":"Feature","geometry":{"type":"Point","coordinates":[13.7223592,51.0589768]},"properties":{"id":"bikerack:e27a32e7-5e00-42f8-a871-098f8efe9e5f","kind":"bikerack","longitude":13.7223592,"latitude":51.0589768,"name":"Fahrradabstellplatz","city":"Dresden","address":null,"covered":true,"access":null,"website":null,"phone":null,"source":"OpenStreetMap/node/4759194526","sourceUpdatedAt":null,"verifiedAt":null}},{"type":"Feature","geometry":{"type":"Point","coordinates":[13.7465663,51.0645731]},"properties":{"id":"bikerack:e2c9a7a0-10ba-4274-9db6-cbdc33cfe8bf","kind":"bikerack","longitude":13.7465663,"latitude":51.0645731,"name":"Fahrradabstellplatz","city":"Dresden","address":null,"covered":false,"access":null,"website":null,"phone":null,"source":"OpenStreetMap/node/3667725214","sourceUpdatedAt":null,"verifiedAt":null}},{"type":"Feature","geometry":{"type":"Point","coordinates":[13.7199237,51.0573488]},"properties":{"id":"bikerack:e31f6e69-1da5-45cf-98c6-34281273902d","kind":"bikerack","longitude":13.7199237,"latitude":51.0573488,"name":"Fahrradabstellplatz","city":"Dresden","address":null,"covered":false,"access":null,"website":null,"phone":null,"source":"OpenStreetMap/node/9848804501","sourceUpdatedAt":null,"verifiedAt":null}},{"type":"Feature","geometry":{"type":"Point","coordinates":[13.7215939,51.0494258]},"properties":{"id":"bikerack:e337fff8-419d-4619-af44-229fa0720dd3","kind":"bikerack","longitude":13.7215939,"latitude":51.0494258,"name":"Fahrradabstellplatz","city":"Dresden","address":null,"covered":false,"access":null,"website":null,"phone":null,"source":"OpenStreetMap/node/1249591728","sourceUpdatedAt":null,"verifiedAt":null}},{"type":"Feature","geometry":{"type":"Point","coordinates":[13.7544449,51.0468595]},"properties":{"id":"bikerack:e3ad0263-16dc-4e3b-b14d-45421b0ba10d","kind":"bikerack","longitude":13.7544449,"latitude":51.0468595,"name":"Fahrradabstellplatz","city":"Dresden","address":null,"covered":false,"access":null,"website":null,"phone":null,"source":"OpenStreetMap/node/1285870879","sourceUpdatedAt":null,"verifiedAt":null}},{"type":"Feature","geometry":{"type":"Point","coordinates":[13.7541526,51.0528333]},"properties":{"id":"bikerack:e3aef13f-5e82-4e9a-b1ef-f01d0c6f5578","kind":"bikerack","longitude":13.7541526,"latitude":51.0528333,"name":"Fahrradabstellplatz","city":"Dresden","address":null,"covered":false,"access":null,"website":null,"phone":null,"source":"OpenStreetMap/node/8618109243","sourceUpdatedAt":null,"verifiedAt":null}},{"type":"Feature","geometry":{"type":"Point","coordinates":[13.7419231,51.0524259]},"properties":{"id":"bikerack:e40dfb2e-8b51-46d3-a172-a01ff53c1d87","kind":"bikerack","longitude":13.7419231,"latitude":51.0524259,"name":"Fahrradabstellplatz","city":"Dresden","address":null,"covered":false,"access":null,"website":null,"phone":null,"source":"OpenStreetMap/way/243878094","sourceUpdatedAt":null,"verifiedAt":null}},{"type":"Feature","geometry":{"type":"Point","coordinates":[13.7255374,51.0576587]},"properties":{"id":"bikerack:e43ffb27-7257-4007-b64e-896889832ad7","kind":"bikerack","longitude":13.7255374,"latitude":51.0576587,"name":"Fahrradabstellplatz","city":"Dresden","address":null,"covered":false,"access":null,"website":null,"phone":null,"source":"OpenStreetMap/node/10698261886","sourceUpdatedAt":null,"verifiedAt":null}},{"type":"Feature","geometry":{"type":"Point","coordinates":[13.7527947,51.0438441]},"properties":{"id":"bikerack:e4537993-f2d2-430f-921c-2e34e470e8e8","kind":"bikerack","longitude":13.7527947,"latitude":51.0438441,"name":"Fahrradabstellplatz","city":"Dresden","address":null,"covered":false,"access":null,"website":null,"phone":null,"source":"OpenStreetMap/node/1283661670","sourceUpdatedAt":null,"verifiedAt":null}},{"type":"Feature","geometry":{"type":"Point","coordinates":[13.7351054,51.0436816]},"properties":{"id":"bikerack:e45d0048-2513-4601-b45a-d43422b6c12e","kind":"bikerack","longitude":13.7351054,"latitude":51.0436816,"name":"Fahrradabstellplatz","city":"Dresden","address":null,"covered":false,"access":null,"website":null,"phone":null,"source":"OpenStreetMap/node/1160271370","sourceUpdatedAt":null,"verifiedAt":null}},{"type":"Feature","geometry":{"type":"Point","coordinates":[13.7445785,51.0610765]},"properties":{"id":"bikerack:e481c098-5265-4b5f-8a6a-a24a452d8916","kind":"bikerack","longitude":13.7445785,"latitude":51.0610765,"name":"Fahrradabstellplatz","city":"Dresden","address":null,"covered":false,"access":null,"website":null,"phone":null,"source":"OpenStreetMap/node/3682035892","sourceUpdatedAt":null,"verifiedAt":null}},{"type":"Feature","geometry":{"type":"Point","coordinates":[13.716251,51.0496485]},"properties":{"id":"bikerack:e4c3d87c-9c52-47bd-a48f-b7c92e498c1d","kind":"bikerack","longitude":13.716251,"latitude":51.0496485,"name":"Fahrradabstellplatz","city":"Dresden","address":null,"covered":false,"access":null,"website":null,"phone":null,"source":"OpenStreetMap/node/2902977102","sourceUpdatedAt":null,"verifiedAt":null}},{"type":"Feature","geometry":{"type":"Point","coordinates":[13.7318124,51.0500912]},"properties":{"id":"bikerack:e52c6cc0-67a4-4ced-a98f-623a6a17bbfa","kind":"bikerack","longitude":13.7318124,"latitude":51.0500912,"name":"Fahrradabstellplatz","city":"Dresden","address":null,"covered":false,"access":null,"website":null,"phone":null,"source":"OpenStreetMap/node/7180936330","sourceUpdatedAt":null,"verifiedAt":null}},{"type":"Feature","geometry":{"type":"Point","coordinates":[13.7239164,51.0546234]},"properties":{"id":"bikerack:e5d9728e-e515-4adb-b07b-fddb94dd0abe","kind":"bikerack","longitude":13.7239164,"latitude":51.0546234,"name":"Fahrradabstellplatz","city":"Dresden","address":null,"covered":false,"access":null,"website":null,"phone":null,"source":"OpenStreetMap/node/12737156215","sourceUpdatedAt":null,"verifiedAt":null}},{"type":"Feature","geometry":{"type":"Point","coordinates":[13.7510955,51.0464901]},"properties":{"id":"bikerack:e5ef8022-9379-4097-ab01-6af3a58aaae0","kind":"bikerack","longitude":13.7510955,"latitude":51.0464901,"name":"Fahrradabstellplatz","city":"Dresden","address":null,"covered":false,"access":null,"website":null,"phone":null,"source":"OpenStreetMap/node/7603228327","sourceUpdatedAt":null,"verifiedAt":null}},{"type":"Feature","geometry":{"type":"Point","coordinates":[13.7547518,51.0632746]},"properties":{"id":"bikerack:e6060ad9-48d8-4ac2-8380-321aa2a239f5","kind":"bikerack","longitude":13.7547518,"latitude":51.0632746,"name":"Fahrradabstellplatz","city":"Dresden","address":null,"covered":false,"access":null,"website":null,"phone":null,"source":"OpenStreetMap/node/12315821415","sourceUpdatedAt":null,"verifiedAt":null}},{"type":"Feature","geometry":{"type":"Point","coordinates":[13.7233638,51.052255]},"properties":{"id":"bikerack:e60c180a-31a4-4e22-9bba-8cd8f202dc67","kind":"bikerack","longitude":13.7233638,"latitude":51.052255,"name":"Fahrradabstellplatz","city":"Dresden","address":null,"covered":false,"access":null,"website":null,"phone":null,"source":"OpenStreetMap/way/768887235","sourceUpdatedAt":null,"verifiedAt":null}},{"type":"Feature","geometry":{"type":"Point","coordinates":[13.7316799,51.0500509]},"properties":{"id":"bikerack:e61eb5e4-eeaa-4cbd-8ef3-3ce5299018cc","kind":"bikerack","longitude":13.7316799,"latitude":51.0500509,"name":"Fahrradabstellplatz","city":"Dresden","address":null,"covered":false,"access":null,"website":null,"phone":null,"source":"OpenStreetMap/node/7180936329","sourceUpdatedAt":null,"verifiedAt":null}},{"type":"Feature","geometry":{"type":"Point","coordinates":[13.731848,51.041561]},"properties":{"id":"bikerack:e66b06c5-ce71-42a8-8e2a-4254b674d96b","kind":"bikerack","longitude":13.731848,"latitude":51.041561,"name":"Fahrradabstellplatz","city":"Dresden","address":null,"covered":false,"access":null,"website":null,"phone":null,"source":"OpenStreetMap/node/1282407477","sourceUpdatedAt":null,"verifiedAt":null}},{"type":"Feature","geometry":{"type":"Point","coordinates":[13.728302,51.0688502]},"properties":{"id":"bikerack:e6c3751f-394b-49ce-93c5-28624d9c9d92","kind":"bikerack","longitude":13.728302,"latitude":51.0688502,"name":"Fahrradabstellplatz","city":"Dresden","address":null,"covered":false,"access":null,"website":null,"phone":null,"source":"OpenStreetMap/node/12193136573","sourceUpdatedAt":null,"verifiedAt":null}},{"type":"Feature","geometry":{"type":"Point","coordinates":[13.7325945,51.0499432]},"properties":{"id":"bikerack:e761e47f-6259-4c8b-abc8-dc3d40e73aab","kind":"bikerack","longitude":13.7325945,"latitude":51.0499432,"name":"Fahrradabstellplatz","city":"Dresden","address":null,"covered":false,"access":null,"website":null,"phone":null,"source":"OpenStreetMap/node/12188610113","sourceUpdatedAt":null,"verifiedAt":null}},{"type":"Feature","geometry":{"type":"Point","coordinates":[13.7248417,51.0484962]},"properties":{"id":"bikerack:e7b44fec-8ff3-446a-9288-d8498a1aa127","kind":"bikerack","longitude":13.7248417,"latitude":51.0484962,"name":"Fahrradabstellplatz","city":"Dresden","address":null,"covered":false,"access":null,"website":null,"phone":null,"source":"OpenStreetMap/node/11963978756","sourceUpdatedAt":null,"verifiedAt":null}},{"type":"Feature","geometry":{"type":"Point","coordinates":[13.7400546,51.066156]},"properties":{"id":"bikerack:e89177f4-a30f-4921-a0fc-2cbae02a0f14","kind":"bikerack","longitude":13.7400546,"latitude":51.066156,"name":"Fahrradabstellplatz","city":"Dresden","address":null,"covered":true,"access":null,"website":null,"phone":null,"source":"OpenStreetMap/way/1250945040","sourceUpdatedAt":null,"verifiedAt":null}},{"type":"Feature","geometry":{"type":"Point","coordinates":[13.7152882,51.0655969]},"properties":{"id":"bikerack:e8a9baa3-aa9d-471a-8812-e7ff1815d6c3","kind":"bikerack","longitude":13.7152882,"latitude":51.0655969,"name":"Fahrradabstellplatz","city":"Dresden","address":null,"covered":false,"access":null,"website":null,"phone":null,"source":"OpenStreetMap/node/2786449606","sourceUpdatedAt":null,"verifiedAt":null}},{"type":"Feature","geometry":{"type":"Point","coordinates":[13.7358442,51.0622318]},"properties":{"id":"bikerack:e8d3d0f5-48ff-4590-bbf3-fc322d3602f6","kind":"bikerack","longitude":13.7358442,"latitude":51.0622318,"name":"Fahrradabstellplatz","city":"Dresden","address":null,"covered":false,"access":null,"website":null,"phone":null,"source":"OpenStreetMap/node/6699464752","sourceUpdatedAt":null,"verifiedAt":null}},{"type":"Feature","geometry":{"type":"Point","coordinates":[13.7423815,51.0615059]},"properties":{"id":"bikerack:e8dfdd37-72c3-41a3-bbbe-0d1e5d8d2b0a","kind":"bikerack","longitude":13.7423815,"latitude":51.0615059,"name":"Fahrradabstellplatz","city":"Dresden","address":null,"covered":false,"access":null,"website":null,"phone":null,"source":"OpenStreetMap/node/3682035895","sourceUpdatedAt":null,"verifiedAt":null}},{"type":"Feature","geometry":{"type":"Point","coordinates":[13.7387708,51.0533646]},"properties":{"id":"bikerack:e96efc59-f693-4699-a296-e4136710e484","kind":"bikerack","longitude":13.7387708,"latitude":51.0533646,"name":"Fahrradabstellplatz","city":"Dresden","address":null,"covered":false,"access":null,"website":null,"phone":null,"source":"OpenStreetMap/node/1404812624","sourceUpdatedAt":null,"verifiedAt":null}},{"type":"Feature","geometry":{"type":"Point","coordinates":[13.7328554,51.0495603]},"properties":{"id":"bikerack:e96f20c6-59d4-450b-ab30-8d4d1f3e4e98","kind":"bikerack","longitude":13.7328554,"latitude":51.0495603,"name":"Fahrradabstellplatz","city":"Dresden","address":null,"covered":false,"access":null,"website":null,"phone":null,"source":"OpenStreetMap/node/10156524531","sourceUpdatedAt":null,"verifiedAt":null}},{"type":"Feature","geometry":{"type":"Point","coordinates":[13.7391059,51.0510087]},"properties":{"id":"bikerack:e982c85e-b80c-44fe-af9b-0cd863fdd49b","kind":"bikerack","longitude":13.7391059,"latitude":51.0510087,"name":"Fahrradabstellplatz","city":"Dresden","address":null,"covered":true,"access":null,"website":null,"phone":null,"source":"OpenStreetMap/way/1203900650","sourceUpdatedAt":null,"verifiedAt":null}},{"type":"Feature","geometry":{"type":"Point","coordinates":[13.7539,51.0513436]},"properties":{"id":"bikerack:e9983a53-4df8-49a5-ade7-816a4d264325","kind":"bikerack","longitude":13.7539,"latitude":51.0513436,"name":"Fahrradabstellplatz","city":"Dresden","address":null,"covered":false,"access":null,"website":null,"phone":null,"source":"OpenStreetMap/node/5104655979","sourceUpdatedAt":null,"verifiedAt":null}},{"type":"Feature","geometry":{"type":"Point","coordinates":[13.7338456,51.0563843]},"properties":{"id":"bikerack:e9e0e15c-7ad3-4532-a6be-ad3863f36488","kind":"bikerack","longitude":13.7338456,"latitude":51.0563843,"name":"Fahrradabstellplatz","city":"Dresden","address":null,"covered":false,"access":null,"website":null,"phone":null,"source":"OpenStreetMap/node/4750911229","sourceUpdatedAt":null,"verifiedAt":null}},{"type":"Feature","geometry":{"type":"Point","coordinates":[13.738296,51.0424419]},"properties":{"id":"bikerack:ea14a017-7684-4fbb-a8b9-7d170c5c0a4c","kind":"bikerack","longitude":13.738296,"latitude":51.0424419,"name":"Fahrradabstellplatz","city":"Dresden","address":null,"covered":false,"access":null,"website":null,"phone":null,"source":"OpenStreetMap/node/12135265159","sourceUpdatedAt":null,"verifiedAt":null}},{"type":"Feature","geometry":{"type":"Point","coordinates":[13.7331989,51.0455142]},"properties":{"id":"bikerack:ea2ea81d-806a-4f4a-9f86-b53379bf92fb","kind":"bikerack","longitude":13.7331989,"latitude":51.0455142,"name":"Fahrradabstellplatz","city":"Dresden","address":null,"covered":false,"access":null,"website":null,"phone":null,"source":"OpenStreetMap/node/12188574131","sourceUpdatedAt":null,"verifiedAt":null}},{"type":"Feature","geometry":{"type":"Point","coordinates":[13.7404252,51.0578745]},"properties":{"id":"bikerack:ead9c844-6619-4656-adc4-1568ae3872e9","kind":"bikerack","longitude":13.7404252,"latitude":51.0578745,"name":"Fahrradabstellplatz","city":"Dresden","address":null,"covered":false,"access":null,"website":null,"phone":null,"source":"OpenStreetMap/node/13413496534","sourceUpdatedAt":null,"verifiedAt":null}},{"type":"Feature","geometry":{"type":"Point","coordinates":[13.7471456,51.0642142]},"properties":{"id":"bikerack:eb3a87eb-59b4-4d74-855b-038521cb9b70","kind":"bikerack","longitude":13.7471456,"latitude":51.0642142,"name":"Fahrradabstellplatz","city":"Dresden","address":null,"covered":false,"access":null,"website":null,"phone":null,"source":"OpenStreetMap/node/3574958230","sourceUpdatedAt":null,"verifiedAt":null}},{"type":"Feature","geometry":{"type":"Point","coordinates":[13.7300985,51.0497906]},"properties":{"id":"bikerack:ebd77a26-fcde-4c6c-b996-b6d829ff4b28","kind":"bikerack","longitude":13.7300985,"latitude":51.0497906,"name":"Fahrradabstellplatz","city":"Dresden","address":null,"covered":false,"access":null,"website":null,"phone":null,"source":"OpenStreetMap/node/5604780824","sourceUpdatedAt":null,"verifiedAt":null}},{"type":"Feature","geometry":{"type":"Point","coordinates":[13.7235428,51.0543996]},"properties":{"id":"bikerack:ecb13665-03aa-4f72-88bc-e806165e36f2","kind":"bikerack","longitude":13.7235428,"latitude":51.0543996,"name":"Fahrradabstellplatz","city":"Dresden","address":null,"covered":false,"access":null,"website":null,"phone":null,"source":"OpenStreetMap/node/4753632021","sourceUpdatedAt":null,"verifiedAt":null}},{"type":"Feature","geometry":{"type":"Point","coordinates":[13.7224371,51.0574876]},"properties":{"id":"bikerack:ed5431a8-b50d-4be5-965a-a06277e8fd42","kind":"bikerack","longitude":13.7224371,"latitude":51.0574876,"name":"Fahrradabstellplatz","city":"Dresden","address":null,"covered":false,"access":null,"website":null,"phone":null,"source":"OpenStreetMap/node/13154899333","sourceUpdatedAt":null,"verifiedAt":null}},{"type":"Feature","geometry":{"type":"Point","coordinates":[13.7375241,51.0439169]},"properties":{"id":"bikerack:eeadc301-9a9b-4d3f-803d-a1f402eaae4f","kind":"bikerack","longitude":13.7375241,"latitude":51.0439169,"name":"Fahrradabstellplatz","city":"Dresden","address":null,"covered":false,"access":null,"website":null,"phone":null,"source":"OpenStreetMap/node/1595905804","sourceUpdatedAt":null,"verifiedAt":null}},{"type":"Feature","geometry":{"type":"Point","coordinates":[13.7147888,51.0511832]},"properties":{"id":"bikerack:ef8abd2e-9077-4a42-b0a1-8d9e6e33cea1","kind":"bikerack","longitude":13.7147888,"latitude":51.0511832,"name":"Fahrradabstellplatz","city":"Dresden","address":null,"covered":false,"access":null,"website":null,"phone":null,"source":"OpenStreetMap/node/13689099114","sourceUpdatedAt":null,"verifiedAt":null}},{"type":"Feature","geometry":{"type":"Point","coordinates":[13.7487902,51.052127]},"properties":{"id":"bikerack:efaeb22d-d3fb-4ded-9031-2aa26bc58335","kind":"bikerack","longitude":13.7487902,"latitude":51.052127,"name":"Fahrradabstellplatz","city":"Dresden","address":null,"covered":false,"access":null,"website":null,"phone":null,"source":"OpenStreetMap/node/10738711781","sourceUpdatedAt":null,"verifiedAt":null}},{"type":"Feature","geometry":{"type":"Point","coordinates":[13.7363129,51.0457269]},"properties":{"id":"bikerack:efb7531b-5191-49ea-866a-a8187f25eda4","kind":"bikerack","longitude":13.7363129,"latitude":51.0457269,"name":"Fahrradabstellplatz","city":"Dresden","address":null,"covered":false,"access":null,"website":null,"phone":null,"source":"OpenStreetMap/node/1282407480","sourceUpdatedAt":null,"verifiedAt":null}},{"type":"Feature","geometry":{"type":"Point","coordinates":[13.7396151,51.0482225]},"properties":{"id":"bikerack:efba2da5-5823-464d-9f94-b6c6649ac315","kind":"bikerack","longitude":13.7396151,"latitude":51.0482225,"name":"Fahrradabstellplatz","city":"Dresden","address":null,"covered":false,"access":null,"website":null,"phone":null,"source":"OpenStreetMap/node/1106554751","sourceUpdatedAt":null,"verifiedAt":null}},{"type":"Feature","geometry":{"type":"Point","coordinates":[13.7324109,51.0417331]},"properties":{"id":"bikerack:efdcf4a6-bd72-4476-b848-0e76de085b69","kind":"bikerack","longitude":13.7324109,"latitude":51.0417331,"name":"Fahrradabstellplatz","city":"Dresden","address":null,"covered":false,"access":null,"website":null,"phone":null,"source":"OpenStreetMap/node/1122039418","sourceUpdatedAt":null,"verifiedAt":null}},{"type":"Feature","geometry":{"type":"Point","coordinates":[13.7438639,51.0503905]},"properties":{"id":"bikerack:f060eacb-dd50-4a21-b8e5-e23ec67cc517","kind":"bikerack","longitude":13.7438639,"latitude":51.0503905,"name":"Fahrradabstellplatz","city":"Dresden","address":null,"covered":false,"access":null,"website":null,"phone":null,"source":"OpenStreetMap/node/1250771076","sourceUpdatedAt":null,"verifiedAt":null}},{"type":"Feature","geometry":{"type":"Point","coordinates":[13.7447917,51.0644618]},"properties":{"id":"bikerack:f0611496-735c-4312-b8e3-2d7999ec23dc","kind":"bikerack","longitude":13.7447917,"latitude":51.0644618,"name":"Fahrradabstellplatz","city":"Dresden","address":null,"covered":false,"access":null,"website":null,"phone":null,"source":"OpenStreetMap/node/3648498848","sourceUpdatedAt":null,"verifiedAt":null}},{"type":"Feature","geometry":{"type":"Point","coordinates":[13.7344544,51.0513858]},"properties":{"id":"bikerack:f09280a1-9810-4f56-988c-7da474767dd0","kind":"bikerack","longitude":13.7344544,"latitude":51.0513858,"name":"Fahrradabstellplatz","city":"Dresden","address":null,"covered":false,"access":null,"website":null,"phone":null,"source":"OpenStreetMap/node/1594445716","sourceUpdatedAt":null,"verifiedAt":null}},{"type":"Feature","geometry":{"type":"Point","coordinates":[13.7464628,51.0499354]},"properties":{"id":"bikerack:f0d9c68c-9610-45fe-a184-ee768a7e91d4","kind":"bikerack","longitude":13.7464628,"latitude":51.0499354,"name":"Fahrradabstellplatz","city":"Dresden","address":null,"covered":false,"access":null,"website":null,"phone":null,"source":"OpenStreetMap/node/1281005455","sourceUpdatedAt":null,"verifiedAt":null}},{"type":"Feature","geometry":{"type":"Point","coordinates":[13.7470306,51.0590537]},"properties":{"id":"bikerack:f0f18a52-f820-4987-b057-472441d19c03","kind":"bikerack","longitude":13.7470306,"latitude":51.0590537,"name":"Fahrradabstellplatz","city":"Dresden","address":null,"covered":false,"access":null,"website":null,"phone":null,"source":"OpenStreetMap/node/4058643451","sourceUpdatedAt":null,"verifiedAt":null}},{"type":"Feature","geometry":{"type":"Point","coordinates":[13.7361547,51.0522159]},"properties":{"id":"bikerack:f1545ff7-e8f1-42bc-b457-2e3eb137da07","kind":"bikerack","longitude":13.7361547,"latitude":51.0522159,"name":"Fahrradabstellplatz","city":"Dresden","address":null,"covered":false,"access":null,"website":null,"phone":null,"source":"OpenStreetMap/node/1404812605","sourceUpdatedAt":null,"verifiedAt":null}},{"type":"Feature","geometry":{"type":"Point","coordinates":[13.7404099,51.05326]},"properties":{"id":"bikerack:f22012c5-7d4a-4f94-99bc-40da74a34dde","kind":"bikerack","longitude":13.7404099,"latitude":51.05326,"name":"Fahrradabstellplatz","city":"Dresden","address":null,"covered":false,"access":null,"website":null,"phone":null,"source":"OpenStreetMap/node/1404812620","sourceUpdatedAt":null,"verifiedAt":null}},{"type":"Feature","geometry":{"type":"Point","coordinates":[13.7213851,51.0480226]},"properties":{"id":"bikerack:f26d97d1-ee12-4f74-815f-eff6ff414278","kind":"bikerack","longitude":13.7213851,"latitude":51.0480226,"name":"Fahrradabstellplatz","city":"Dresden","address":null,"covered":false,"access":null,"website":null,"phone":null,"source":"OpenStreetMap/node/1106554684","sourceUpdatedAt":null,"verifiedAt":null}},{"type":"Feature","geometry":{"type":"Point","coordinates":[13.7487837,51.0431275]},"properties":{"id":"bikerack:f2bd8dae-722f-4d59-a8aa-af8f51501658","kind":"bikerack","longitude":13.7487837,"latitude":51.0431275,"name":"Fahrradabstellplatz","city":"Dresden","address":null,"covered":false,"access":null,"website":null,"phone":null,"source":"OpenStreetMap/way/28654952","sourceUpdatedAt":null,"verifiedAt":null}},{"type":"Feature","geometry":{"type":"Point","coordinates":[13.7458473,51.0641381]},"properties":{"id":"bikerack:f31b6363-7b32-4539-bd4b-1f31505c6465","kind":"bikerack","longitude":13.7458473,"latitude":51.0641381,"name":"Fahrradabstellplatz","city":"Dresden","address":null,"covered":false,"access":null,"website":null,"phone":null,"source":"OpenStreetMap/node/3909354536","sourceUpdatedAt":null,"verifiedAt":null}},{"type":"Feature","geometry":{"type":"Point","coordinates":[13.7410111,51.0650792]},"properties":{"id":"bikerack:f46f8af6-eba4-4ca7-ba4d-92e1e9030902","kind":"bikerack","longitude":13.7410111,"latitude":51.0650792,"name":"Fahrradabstellplatz","city":"Dresden","address":null,"covered":false,"access":null,"website":null,"phone":null,"source":"OpenStreetMap/way/238052476","sourceUpdatedAt":null,"verifiedAt":null}},{"type":"Feature","geometry":{"type":"Point","coordinates":[13.7450253,51.057154]},"properties":{"id":"bikerack:f4b1cbd1-cfdb-40f5-a58d-2c7f56602b42","kind":"bikerack","longitude":13.7450253,"latitude":51.057154,"name":"Fahrradabstellplatz","city":"Dresden","address":null,"covered":false,"access":null,"website":null,"phone":null,"source":"OpenStreetMap/node/4058643441","sourceUpdatedAt":null,"verifiedAt":null}},{"type":"Feature","geometry":{"type":"Point","coordinates":[13.7433266,51.0487256]},"properties":{"id":"bikerack:f52e2685-bd00-4ea4-9fc1-c8795bf90cb8","kind":"bikerack","longitude":13.7433266,"latitude":51.0487256,"name":"Fahrradabstellplatz","city":"Dresden","address":null,"covered":false,"access":null,"website":null,"phone":null,"source":"OpenStreetMap/node/11243771765","sourceUpdatedAt":null,"verifiedAt":null}},{"type":"Feature","geometry":{"type":"Point","coordinates":[13.7234554,51.0628972]},"properties":{"id":"bikerack:f57fb665-49b3-4910-8b12-3ea99cb49787","kind":"bikerack","longitude":13.7234554,"latitude":51.0628972,"name":"Fahrradabstellplatz","city":"Dresden","address":null,"covered":false,"access":null,"website":null,"phone":null,"source":"OpenStreetMap/node/322749513","sourceUpdatedAt":null,"verifiedAt":null}},{"type":"Feature","geometry":{"type":"Point","coordinates":[13.739841,51.0462608]},"properties":{"id":"bikerack:f67c2b2f-fc9a-4dee-bf15-f6fb32beaacb","kind":"bikerack","longitude":13.739841,"latitude":51.0462608,"name":"Fahrradabstellplatz","city":"Dresden","address":null,"covered":false,"access":null,"website":null,"phone":null,"source":"OpenStreetMap/way/1384579719","sourceUpdatedAt":null,"verifiedAt":null}},{"type":"Feature","geometry":{"type":"Point","coordinates":[13.7453335,51.0515886]},"properties":{"id":"bikerack:f69cfdbc-1bdc-48a5-89fa-a0f900773bc6","kind":"bikerack","longitude":13.7453335,"latitude":51.0515886,"name":"Fahrradabstellplatz","city":"Dresden","address":null,"covered":false,"access":null,"website":null,"phone":null,"source":"OpenStreetMap/node/12188549869","sourceUpdatedAt":null,"verifiedAt":null}},{"type":"Feature","geometry":{"type":"Point","coordinates":[13.7222692,51.0458561]},"properties":{"id":"bikerack:f71c74d0-a46f-49dd-88d2-d640491d31b3","kind":"bikerack","longitude":13.7222692,"latitude":51.0458561,"name":"Fahrradabstellplatz","city":"Dresden","address":null,"covered":false,"access":null,"website":null,"phone":null,"source":"OpenStreetMap/node/13375718526","sourceUpdatedAt":null,"verifiedAt":null}},{"type":"Feature","geometry":{"type":"Point","coordinates":[13.7487119,51.0444617]},"properties":{"id":"bikerack:f7429ccd-236e-4227-8498-36c2b6db2fed","kind":"bikerack","longitude":13.7487119,"latitude":51.0444617,"name":"Fahrradabstellplatz","city":"Dresden","address":null,"covered":false,"access":null,"website":null,"phone":null,"source":"OpenStreetMap/node/373420267","sourceUpdatedAt":null,"verifiedAt":null}},{"type":"Feature","geometry":{"type":"Point","coordinates":[13.724744,51.0571299]},"properties":{"id":"bikerack:f7c29127-700c-4444-b6ff-4723c5825852","kind":"bikerack","longitude":13.724744,"latitude":51.0571299,"name":"Fahrradabstellplatz","city":"Dresden","address":null,"covered":false,"access":null,"website":null,"phone":null,"source":"OpenStreetMap/node/1728760408","sourceUpdatedAt":null,"verifiedAt":null}},{"type":"Feature","geometry":{"type":"Point","coordinates":[13.7493215,51.0429537]},"properties":{"id":"bikerack:f86268a2-af15-4b18-843a-f7cbe57d62bc","kind":"bikerack","longitude":13.7493215,"latitude":51.0429537,"name":"Fahrradabstellplatz","city":"Dresden","address":null,"covered":false,"access":null,"website":null,"phone":null,"source":"OpenStreetMap/node/12076647137","sourceUpdatedAt":null,"verifiedAt":null}},{"type":"Feature","geometry":{"type":"Point","coordinates":[13.7409682,51.0610528]},"properties":{"id":"bikerack:f8cbc56d-edbd-454a-a326-7a615a317019","kind":"bikerack","longitude":13.7409682,"latitude":51.0610528,"name":"Fahrradabstellplatz","city":"Dresden","address":null,"covered":false,"access":null,"website":null,"phone":null,"source":"OpenStreetMap/node/3682035891","sourceUpdatedAt":null,"verifiedAt":null}},{"type":"Feature","geometry":{"type":"Point","coordinates":[13.7198371,51.0575277]},"properties":{"id":"bikerack:f9f39d17-9ad3-4ed9-a903-e8a1e57e96de","kind":"bikerack","longitude":13.7198371,"latitude":51.0575277,"name":"Fahrradabstellplatz","city":"Dresden","address":null,"covered":false,"access":null,"website":null,"phone":null,"source":"OpenStreetMap/node/12599079356","sourceUpdatedAt":null,"verifiedAt":null}},{"type":"Feature","geometry":{"type":"Point","coordinates":[13.7142525,51.055307]},"properties":{"id":"bikerack:fa276e90-cebd-4fe0-a9c3-912dd18248e2","kind":"bikerack","longitude":13.7142525,"latitude":51.055307,"name":"Fahrradabstellplatz","city":"Dresden","address":null,"covered":false,"access":null,"website":null,"phone":null,"source":"OpenStreetMap/node/4993489979","sourceUpdatedAt":null,"verifiedAt":null}},{"type":"Feature","geometry":{"type":"Point","coordinates":[13.7473506,51.0670811]},"properties":{"id":"bikerack:fa9f8575-c0d8-444a-88ae-7ef3adc522f1","kind":"bikerack","longitude":13.7473506,"latitude":51.0670811,"name":"Fahrradabstellplatz","city":"Dresden","address":null,"covered":false,"access":null,"website":null,"phone":null,"source":"OpenStreetMap/node/12291747751","sourceUpdatedAt":null,"verifiedAt":null}},{"type":"Feature","geometry":{"type":"Point","coordinates":[13.7245838,51.0621648]},"properties":{"id":"bikerack:fb1c28fe-0107-4ed9-9f31-0fe90997319b","kind":"bikerack","longitude":13.7245838,"latitude":51.0621648,"name":"Fahrradabstellplatz","city":"Dresden","address":null,"covered":false,"access":null,"website":null,"phone":null,"source":"OpenStreetMap/way/1470395339","sourceUpdatedAt":null,"verifiedAt":null}},{"type":"Feature","geometry":{"type":"Point","coordinates":[13.7385765,51.0422169]},"properties":{"id":"bikerack:fb22f05a-aaef-4bab-8035-e1f710414836","kind":"bikerack","longitude":13.7385765,"latitude":51.0422169,"name":"Fahrradabstellplatz","city":"Dresden","address":null,"covered":false,"access":null,"website":null,"phone":null,"source":"OpenStreetMap/node/12135265161","sourceUpdatedAt":null,"verifiedAt":null}},{"type":"Feature","geometry":{"type":"Point","coordinates":[13.7430404,51.060021]},"properties":{"id":"bikerack:fb635e5d-abd2-4976-be7b-73489287d2fe","kind":"bikerack","longitude":13.7430404,"latitude":51.060021,"name":"Fahrradabstellplatz","city":"Dresden","address":null,"covered":false,"access":null,"website":null,"phone":null,"source":"OpenStreetMap/node/3682919632","sourceUpdatedAt":null,"verifiedAt":null}},{"type":"Feature","geometry":{"type":"Point","coordinates":[13.7354143,51.0428412]},"properties":{"id":"bikerack:fb9742c1-e035-4450-9c7c-96b5cf6ee2ae","kind":"bikerack","longitude":13.7354143,"latitude":51.0428412,"name":"Fahrradabstellplatz","city":"Dresden","address":null,"covered":false,"access":null,"website":null,"phone":null,"source":"OpenStreetMap/node/1115480920","sourceUpdatedAt":null,"verifiedAt":null}},{"type":"Feature","geometry":{"type":"Point","coordinates":[13.7474571,51.0674911]},"properties":{"id":"bikerack:fbabe629-eed9-4f11-be65-6e9a28854e9e","kind":"bikerack","longitude":13.7474571,"latitude":51.0674911,"name":"Fahrradabstellplatz","city":"Dresden","address":null,"covered":false,"access":null,"website":null,"phone":null,"source":"OpenStreetMap/node/12291754302","sourceUpdatedAt":null,"verifiedAt":null}},{"type":"Feature","geometry":{"type":"Point","coordinates":[13.7366456,51.0436714]},"properties":{"id":"bikerack:fbf70891-3a2f-4e69-a1d7-3d5f5defdc39","kind":"bikerack","longitude":13.7366456,"latitude":51.0436714,"name":"Fahrradabstellplatz","city":"Dresden","address":null,"covered":false,"access":null,"website":null,"phone":null,"source":"OpenStreetMap/node/1307487781","sourceUpdatedAt":null,"verifiedAt":null}},{"type":"Feature","geometry":{"type":"Point","coordinates":[13.7504628,51.0657876]},"properties":{"id":"bikerack:fc55e5aa-1ef1-4b6e-b2e1-c880a16be444","kind":"bikerack","longitude":13.7504628,"latitude":51.0657876,"name":"Fahrradabstellplatz","city":"Dresden","address":null,"covered":false,"access":null,"website":null,"phone":null,"source":"OpenStreetMap/node/1488272073","sourceUpdatedAt":null,"verifiedAt":null}},{"type":"Feature","geometry":{"type":"Point","coordinates":[13.7316642,51.0507891]},"properties":{"id":"bikerack:fc5a0b9c-80d2-4f20-8d21-5fa74abcd405","kind":"bikerack","longitude":13.7316642,"latitude":51.0507891,"name":"Fahrradabstellplatz","city":"Dresden","address":null,"covered":false,"access":null,"website":null,"phone":null,"source":"OpenStreetMap/node/10089589508","sourceUpdatedAt":null,"verifiedAt":null}},{"type":"Feature","geometry":{"type":"Point","coordinates":[13.7354313,51.0508101]},"properties":{"id":"bikerack:fc7d6d25-bfad-49a8-ab91-b0e479b5054b","kind":"bikerack","longitude":13.7354313,"latitude":51.0508101,"name":"Fahrradabstellplatz","city":"Dresden","address":null,"covered":false,"access":null,"website":null,"phone":null,"source":"OpenStreetMap/node/13026953596","sourceUpdatedAt":null,"verifiedAt":null}},{"type":"Feature","geometry":{"type":"Point","coordinates":[13.7330567,51.0490147]},"properties":{"id":"bikerack:fcd1a20b-1401-4dce-b388-3e319dce551b","kind":"bikerack","longitude":13.7330567,"latitude":51.0490147,"name":"Fahrradabstellplatz","city":"Dresden","address":null,"covered":false,"access":null,"website":null,"phone":null,"source":"OpenStreetMap/node/10156524535","sourceUpdatedAt":null,"verifiedAt":null}},{"type":"Feature","geometry":{"type":"Point","coordinates":[13.7404582,51.0462598]},"properties":{"id":"bikerack:fd51d09b-1c88-44aa-a830-0b95207284b3","kind":"bikerack","longitude":13.7404582,"latitude":51.0462598,"name":"Fahrradabstellplatz","city":"Dresden","address":null,"covered":false,"access":null,"website":null,"phone":null,"source":"OpenStreetMap/way/1384579717","sourceUpdatedAt":null,"verifiedAt":null}},{"type":"Feature","geometry":{"type":"Point","coordinates":[13.7510921,51.0631241]},"properties":{"id":"bikerack:fde89608-0b2a-465f-a30d-97ea7d7d1fbf","kind":"bikerack","longitude":13.7510921,"latitude":51.0631241,"name":"Fahrradabstellplatz","city":"Dresden","address":null,"covered":false,"access":null,"website":null,"phone":null,"source":"OpenStreetMap/node/6118859849","sourceUpdatedAt":null,"verifiedAt":null}},{"type":"Feature","geometry":{"type":"Point","coordinates":[13.7198257,51.0540715]},"properties":{"id":"bikerack:fdf25c46-aeea-4426-89bc-15aeee1bb2a6","kind":"bikerack","longitude":13.7198257,"latitude":51.0540715,"name":"Fahrradabstellplatz","city":"Dresden","address":null,"covered":false,"access":null,"website":null,"phone":null,"source":"OpenStreetMap/node/2463244830","sourceUpdatedAt":null,"verifiedAt":null}},{"type":"Feature","geometry":{"type":"Point","coordinates":[13.7220299,51.052055]},"properties":{"id":"bikerack:fdfd5c78-6c89-44fc-9c90-2d7aa535dd7c","kind":"bikerack","longitude":13.7220299,"latitude":51.052055,"name":"Fahrradabstellplatz","city":"Dresden","address":null,"covered":false,"access":null,"website":null,"phone":null,"source":"OpenStreetMap/way/766010433","sourceUpdatedAt":null,"verifiedAt":null}},{"type":"Feature","geometry":{"type":"Point","coordinates":[13.7367065,51.0474529]},"properties":{"id":"bikerack:fe37634d-4805-44af-92c8-01298029ecf4","kind":"bikerack","longitude":13.7367065,"latitude":51.0474529,"name":"Fahrradabstellplatz","city":"Dresden","address":null,"covered":false,"access":null,"website":null,"phone":null,"source":"OpenStreetMap/node/12185455458","sourceUpdatedAt":null,"verifiedAt":null}},{"type":"Feature","geometry":{"type":"Point","coordinates":[13.7331784,51.0453468]},"properties":{"id":"bikerack:fe7c3c5c-67e2-41a5-ba74-21150684966e","kind":"bikerack","longitude":13.7331784,"latitude":51.0453468,"name":"Fahrradabstellplatz","city":"Dresden","address":null,"covered":false,"access":null,"website":null,"phone":null,"source":"OpenStreetMap/node/10151776105","sourceUpdatedAt":null,"verifiedAt":null}},{"type":"Feature","geometry":{"type":"Point","coordinates":[13.7251926,51.0619347]},"properties":{"id":"bikerack:ff81e212-0740-4e5b-a1b3-7ea8ea173ebd","kind":"bikerack","longitude":13.7251926,"latitude":51.0619347,"name":"Fahrradabstellplatz","city":"Dresden","address":null,"covered":false,"access":null,"website":null,"phone":null,"source":"OpenStreetMap/node/13484643138","sourceUpdatedAt":null,"verifiedAt":null}},{"type":"Feature","geometry":{"type":"Point","coordinates":[13.7476795,51.0670432]},"properties":{"id":"bikerack:ffdc3e9f-d036-42c5-af36-b519f5db30bd","kind":"bikerack","longitude":13.7476795,"latitude":51.0670432,"name":"Fahrradabstellplatz","city":"Dresden","address":null,"covered":false,"access":null,"website":null,"phone":null,"source":"OpenStreetMap/node/11368743725","sourceUpdatedAt":null,"verifiedAt":null}},{"type":"Feature","geometry":{"type":"Point","coordinates":[13.7472005,51.0442298]},"properties":{"id":"repair:33e679e3-770a-4b2b-8433-7880b63c873a","kind":"repair","longitude":13.7472005,"latitude":51.0442298,"name":"Fahrradreparaturstation","city":"Dresden","address":null,"covered":false,"access":null,"website":null,"phone":null,"source":"OpenStreetMap/node/12714287444","sourceUpdatedAt":null,"verifiedAt":null}},{"type":"Feature","geometry":{"type":"Point","coordinates":[13.7163663,51.0551617]},"properties":{"id":"repair:50cf2e2b-f847-4eaa-b02b-a9cf91ef7c8f","kind":"repair","longitude":13.7163663,"latitude":51.0551617,"name":"Fahrradreparaturstation","city":"Dresden","address":null,"covered":false,"access":null,"website":null,"phone":null,"source":"OpenStreetMap/node/8184055412","sourceUpdatedAt":null,"verifiedAt":null}},{"type":"Feature","geometry":{"type":"Point","coordinates":[13.7515174,51.0665937]},"properties":{"id":"repair:7638684a-aa60-4dd5-bd4c-df3d6c9edf8a","kind":"repair","longitude":13.7515174,"latitude":51.0665937,"name":"Fahrradreparaturstation","city":"Dresden","address":null,"covered":false,"access":null,"website":null,"phone":null,"source":"OpenStreetMap/node/6695333859","sourceUpdatedAt":null,"verifiedAt":null}},{"type":"Feature","geometry":{"type":"Point","coordinates":[13.7411036,51.0653431]},"properties":{"id":"repair:8853a813-88ce-4010-a01a-4db5feac9003","kind":"repair","longitude":13.7411036,"latitude":51.0653431,"name":"Fahrradreparaturstation","city":"Dresden","address":null,"covered":false,"access":null,"website":null,"phone":null,"source":"OpenStreetMap/node/10298537235","sourceUpdatedAt":null,"verifiedAt":null}},{"type":"Feature","geometry":{"type":"Point","coordinates":[13.7231389,51.0526848]},"properties":{"id":"repair:c694cf5a-d6b8-436f-b9c0-fb51d174e770","kind":"repair","longitude":13.7231389,"latitude":51.0526848,"name":"Fahrradreparaturstation","city":"Dresden","address":null,"covered":false,"access":null,"website":null,"phone":null,"source":"OpenStreetMap/node/8147505427","sourceUpdatedAt":null,"verifiedAt":null}},{"type":"Feature","geometry":{"type":"Point","coordinates":[13.7521066,51.0614969]},"properties":{"id":"service:00801659-bd5c-4c81-8d67-a223c1b3d860","kind":"service","longitude":13.7521066,"latitude":51.0614969,"name":"Fahrwerk","city":"Dresden","address":null,"covered":null,"access":null,"website":null,"phone":null,"source":"OpenStreetMap/node/358125655","sourceUpdatedAt":null,"verifiedAt":null}},{"type":"Feature","geometry":{"type":"Point","coordinates":[13.7522407,51.0610481]},"properties":{"id":"service:0babd4c7-d20a-4233-8090-ad3ea015b57e","kind":"service","longitude":13.7522407,"latitude":51.0610481,"name":"Bike Center","city":"Dresden","address":null,"covered":null,"access":null,"website":null,"phone":null,"source":"OpenStreetMap/node/281903252","sourceUpdatedAt":null,"verifiedAt":null}},{"type":"Feature","geometry":{"type":"Point","coordinates":[13.750856,51.0655228]},"properties":{"id":"service:0f52e87f-c92b-4570-9ec1-dcf7eab106d7","kind":"service","longitude":13.750856,"latitude":51.0655228,"name":"Zwout!","city":"Dresden","address":null,"covered":null,"access":null,"website":null,"phone":null,"source":"OpenStreetMap/node/762382199","sourceUpdatedAt":null,"verifiedAt":null}},{"type":"Feature","geometry":{"type":"Point","coordinates":[13.7193222,51.0538513]},"properties":{"id":"service:2beb830b-1d4a-4478-ba3f-ce5da22f9227","kind":"service","longitude":13.7193222,"latitude":51.0538513,"name":"Fahrradwerkstatt Lebenshilfe","city":"Dresden","address":null,"covered":null,"access":null,"website":null,"phone":null,"source":"OpenStreetMap/node/4347537803","sourceUpdatedAt":null,"verifiedAt":null}},{"type":"Feature","geometry":{"type":"Point","coordinates":[13.7524411,51.0613539]},"properties":{"id":"service:6872806f-0f6d-4f9f-9207-d80acdb874ef","kind":"service","longitude":13.7524411,"latitude":51.0613539,"name":"bike center Dresden","city":"Dresden","address":null,"covered":null,"access":null,"website":null,"phone":null,"source":"OpenStreetMap/node/6044215921","sourceUpdatedAt":null,"verifiedAt":null}},{"type":"Feature","geometry":{"type":"Point","coordinates":[13.7509585,51.0600789]},"properties":{"id":"service:82807879-e0e8-42b8-bbad-bc8dfece265a","kind":"service","longitude":13.7509585,"latitude":51.0600789,"name":"Die MietStation","city":"Dresden","address":null,"covered":null,"access":null,"website":null,"phone":null,"source":"OpenStreetMap/node/6547038486","sourceUpdatedAt":null,"verifiedAt":null}},{"type":"Feature","geometry":{"type":"Point","coordinates":[13.7195162,51.0539171]},"properties":{"id":"service:8a947d6c-ad14-425c-a2d5-282a43866169","kind":"service","longitude":13.7195162,"latitude":51.0539171,"name":"Zweiter Frühling","city":"Dresden","address":null,"covered":null,"access":null,"website":null,"phone":null,"source":"OpenStreetMap/node/13689099145","sourceUpdatedAt":null,"verifiedAt":null}},{"type":"Feature","geometry":{"type":"Point","coordinates":[13.7365873,51.0458039]},"properties":{"id":"service:8edc3535-1255-42f8-8600-2df6796953b1","kind":"service","longitude":13.7365873,"latitude":51.0458039,"name":"B.O.C.","city":"Dresden","address":null,"covered":null,"access":null,"website":null,"phone":null,"source":"OpenStreetMap/node/12062840179","sourceUpdatedAt":null,"verifiedAt":null}},{"type":"Feature","geometry":{"type":"Point","coordinates":[13.7440171,51.0610833]},"properties":{"id":"service:995712ad-d0b8-478e-b56a-480b8133445e","kind":"service","longitude":13.7440171,"latitude":51.0610833,"name":"Nearbyk","city":"Dresden","address":null,"covered":null,"access":null,"website":null,"phone":null,"source":"OpenStreetMap/node/4382339478","sourceUpdatedAt":null,"verifiedAt":null}},{"type":"Feature","geometry":{"type":"Point","coordinates":[13.7494446,51.0665315]},"properties":{"id":"service:9c153b6c-d096-47bc-8ee7-91e5129fd408","kind":"service","longitude":13.7494446,"latitude":51.0665315,"name":"Selbsthilfewerkstatt Radschlag","city":"Dresden","address":null,"covered":null,"access":null,"website":null,"phone":null,"source":"OpenStreetMap/node/281602175","sourceUpdatedAt":null,"verifiedAt":null}},{"type":"Feature","geometry":{"type":"Point","coordinates":[13.7498263,51.0675236]},"properties":{"id":"service:d64140b3-1caa-4487-9fce-f1e6f6e4a7e8","kind":"service","longitude":13.7498263,"latitude":51.0675236,"name":"Meißner Räder","city":"Dresden","address":null,"covered":null,"access":null,"website":null,"phone":null,"source":"OpenStreetMap/node/381082053","sourceUpdatedAt":null,"verifiedAt":null}},{"type":"Feature","geometry":{"type":"Point","coordinates":[13.7509357,51.0601222]},"properties":{"id":"service:dacd113b-803f-4c4d-acf2-441e1d96f355","kind":"service","longitude":13.7509357,"latitude":51.0601222,"name":"Giant","city":"Dresden","address":null,"covered":null,"access":null,"website":null,"phone":null,"source":"OpenStreetMap/node/6547038485","sourceUpdatedAt":null,"verifiedAt":null}},{"type":"Feature","geometry":{"type":"Point","coordinates":[13.7234431,51.0540688]},"properties":{"id":"service:e3e92e76-a876-4f54-943a-eeca817470da","kind":"service","longitude":13.7234431,"latitude":51.0540688,"name":"Bike Hospital","city":"Dresden","address":null,"covered":null,"access":null,"website":null,"phone":null,"source":"OpenStreetMap/node/5604337698","sourceUpdatedAt":null,"verifiedAt":null}},{"type":"Feature","geometry":{"type":"Point","coordinates":[13.7162622,51.0552353]},"properties":{"id":"service:ec533f02-7804-467f-8e94-61f43c68d12d","kind":"service","longitude":13.7162622,"latitude":51.0552353,"name":"Fahrradselbsthilfewerkstadt \"Zum Rostigen Ross\"","city":"Dresden","address":null,"covered":null,"access":null,"website":null,"phone":null,"source":"OpenStreetMap/node/5348988769","sourceUpdatedAt":null,"verifiedAt":null}},{"type":"Feature","geometry":{"type":"Point","coordinates":[13.7523966,51.0601265]},"properties":{"id":"service:fdf20d81-f878-4109-ae52-30a1b82f2c60","kind":"service","longitude":13.7523966,"latitude":51.0601265,"name":"Cube Store Dresden","city":"Dresden","address":null,"covered":null,"access":null,"website":null,"phone":null,"source":"OpenStreetMap/node/7929275704","sourceUpdatedAt":null,"verifiedAt":null}},{"type":"Feature","geometry":{"type":"Point","coordinates":[13.7400778,51.0513747]},"properties":{"id":"water:0e618b5a-492b-40dc-ba8f-4cb248965203","kind":"water","longitude":13.7400778,"latitude":51.0513747,"name":"Trinkwasser","city":"Dresden","address":null,"covered":null,"access":null,"website":null,"phone":null,"source":"OpenStreetMap/node/11510872049","sourceUpdatedAt":null,"verifiedAt":null}},{"type":"Feature","geometry":{"type":"Point","coordinates":[13.7374845,51.0510893]},"properties":{"id":"water:251bd463-babd-48e7-9747-05ce88f3131d","kind":"water","longitude":13.7374845,"latitude":51.0510893,"name":"Trinkwasser","city":"Dresden","address":null,"covered":null,"access":null,"website":null,"phone":null,"source":"OpenStreetMap/node/1628578523","sourceUpdatedAt":null,"verifiedAt":null}},{"type":"Feature","geometry":{"type":"Point","coordinates":[13.7263289,51.0467539]},"properties":{"id":"water:7b01fde2-69ee-4bd4-b75b-5bb6e6b8d8bb","kind":"water","longitude":13.7263289,"latitude":51.0467539,"name":"Trinkwasser","city":"Dresden","address":null,"covered":null,"access":null,"website":null,"phone":null,"source":"OpenStreetMap/node/7474206485","sourceUpdatedAt":null,"verifiedAt":null}},{"type":"Feature","geometry":{"type":"Point","coordinates":[13.750349,51.0483319]},"properties":{"id":"water:81a76792-85d1-45bf-a995-befcbd73d56f","kind":"water","longitude":13.750349,"latitude":51.0483319,"name":"Trinkwasser","city":"Dresden","address":null,"covered":null,"access":null,"website":null,"phone":null,"source":"OpenStreetMap/node/12953421225","sourceUpdatedAt":null,"verifiedAt":null}},{"type":"Feature","geometry":{"type":"Point","coordinates":[13.7334803,51.051221]},"properties":{"id":"water:d1364a6b-f266-4eba-a7fe-aba26946e983","kind":"water","longitude":13.7334803,"latitude":51.051221,"name":"Trinkwasser","city":"Dresden","address":null,"covered":null,"access":null,"website":null,"phone":null,"source":"OpenStreetMap/node/386116962","sourceUpdatedAt":null,"verifiedAt":null}}]}