{"type":"FeatureCollection","features":[{"type":"Feature","geometry":{"type":"Point","coordinates":[12.3683322,51.3756342]},"properties":{"id":"bikerack:019f6895-5066-4aeb-a86b-c69d42840c5e","kind":"bikerack","longitude":12.3683322,"latitude":51.3756342,"name":"Fahrradabstellplatz","city":"Leipzig","address":null,"covered":false,"access":null,"website":null,"phone":null,"source":"OpenStreetMap/node/10033981543","sourceUpdatedAt":null,"verifiedAt":null}},{"type":"Feature","geometry":{"type":"Point","coordinates":[12.3778488,51.3752269]},"properties":{"id":"bikerack:02570da2-8402-44f0-be68-e316e5db94a8","kind":"bikerack","longitude":12.3778488,"latitude":51.3752269,"name":"Fahrradabstellplatz","city":"Leipzig","address":null,"covered":false,"access":null,"website":null,"phone":null,"source":"OpenStreetMap/way/1073989174","sourceUpdatedAt":null,"verifiedAt":null}},{"type":"Feature","geometry":{"type":"Point","coordinates":[12.3658573,51.3759866]},"properties":{"id":"bikerack:027490d7-f788-4da0-b8c8-33e10d3898ea","kind":"bikerack","longitude":12.3658573,"latitude":51.3759866,"name":"Fahrradabstellplatz","city":"Leipzig","address":null,"covered":false,"access":null,"website":null,"phone":null,"source":"OpenStreetMap/node/9995251981","sourceUpdatedAt":null,"verifiedAt":null}},{"type":"Feature","geometry":{"type":"Point","coordinates":[12.3867787,51.378076]},"properties":{"id":"bikerack:028a3cd5-e0ac-4261-a10c-b923924113c1","kind":"bikerack","longitude":12.3867787,"latitude":51.378076,"name":"Fahrradabstellplatz","city":"Leipzig","address":null,"covered":false,"access":null,"website":null,"phone":null,"source":"OpenStreetMap/way/842080495","sourceUpdatedAt":null,"verifiedAt":null}},{"type":"Feature","geometry":{"type":"Point","coordinates":[12.3620508,51.3735306]},"properties":{"id":"bikerack:0384a12c-21d4-4fcd-b2f4-7a22b64a2920","kind":"bikerack","longitude":12.3620508,"latitude":51.3735306,"name":"Fahrradabstellplatz","city":"Leipzig","address":null,"covered":false,"access":null,"website":null,"phone":null,"source":"OpenStreetMap/node/9879158604","sourceUpdatedAt":null,"verifiedAt":null}},{"type":"Feature","geometry":{"type":"Point","coordinates":[12.3540493,51.3722872]},"properties":{"id":"bikerack:03d0d419-759a-41cd-a29e-39ac839a007c","kind":"bikerack","longitude":12.3540493,"latitude":51.3722872,"name":"Fahrradabstellplatz","city":"Leipzig","address":null,"covered":false,"access":null,"website":null,"phone":null,"source":"OpenStreetMap/node/9104170930","sourceUpdatedAt":null,"verifiedAt":null}},{"type":"Feature","geometry":{"type":"Point","coordinates":[12.368341,51.3757736]},"properties":{"id":"bikerack:065b30f3-782c-44a8-9a5c-db65db299b81","kind":"bikerack","longitude":12.368341,"latitude":51.3757736,"name":"Fahrradabstellplatz","city":"Leipzig","address":null,"covered":false,"access":null,"website":null,"phone":null,"source":"OpenStreetMap/node/10033981544","sourceUpdatedAt":null,"verifiedAt":null}},{"type":"Feature","geometry":{"type":"Point","coordinates":[12.3658737,51.3755188]},"properties":{"id":"bikerack:07d261c4-454d-42fa-bff2-410997c858c7","kind":"bikerack","longitude":12.3658737,"latitude":51.3755188,"name":"Fahrradabstellplatz","city":"Leipzig","address":null,"covered":false,"access":null,"website":null,"phone":null,"source":"OpenStreetMap/node/9995251984","sourceUpdatedAt":null,"verifiedAt":null}},{"type":"Feature","geometry":{"type":"Point","coordinates":[12.3603802,51.3803408]},"properties":{"id":"bikerack:08c731e1-1035-4013-a116-7a24c911ec78","kind":"bikerack","longitude":12.3603802,"latitude":51.3803408,"name":"Fahrradabstellplatz","city":"Leipzig","address":null,"covered":false,"access":null,"website":null,"phone":null,"source":"OpenStreetMap/node/9523940778","sourceUpdatedAt":null,"verifiedAt":null}},{"type":"Feature","geometry":{"type":"Point","coordinates":[12.3728375,51.393548]},"properties":{"id":"bikerack:08eb1127-11e0-46eb-b951-ff3041ab57fa","kind":"bikerack","longitude":12.3728375,"latitude":51.393548,"name":"Fahrradabstellplatz","city":"Rackwitz","address":null,"covered":false,"access":null,"website":null,"phone":null,"source":"OpenStreetMap/way/1162626752","sourceUpdatedAt":null,"verifiedAt":null}},{"type":"Feature","geometry":{"type":"Point","coordinates":[12.3878838,51.3755781]},"properties":{"id":"bikerack:09cb3faf-7801-42b6-ad90-c387282f47a6","kind":"bikerack","longitude":12.3878838,"latitude":51.3755781,"name":"Fahrradabstellplatz","city":"Leipzig","address":null,"covered":false,"access":null,"website":null,"phone":null,"source":"OpenStreetMap/way/1487268004","sourceUpdatedAt":null,"verifiedAt":null}},{"type":"Feature","geometry":{"type":"Point","coordinates":[12.3600821,51.3802159]},"properties":{"id":"bikerack:09f3638b-8ad7-4735-a547-a9f0eda79487","kind":"bikerack","longitude":12.3600821,"latitude":51.3802159,"name":"Fahrradabstellplatz","city":"Leipzig","address":null,"covered":false,"access":null,"website":null,"phone":null,"source":"OpenStreetMap/node/9517532530","sourceUpdatedAt":null,"verifiedAt":null}},{"type":"Feature","geometry":{"type":"Point","coordinates":[12.3544364,51.3722322]},"properties":{"id":"bikerack:0b52fbe9-c474-4029-aebb-ec3c124b4c1e","kind":"bikerack","longitude":12.3544364,"latitude":51.3722322,"name":"Fahrradabstellplatz","city":"Leipzig","address":null,"covered":false,"access":null,"website":null,"phone":null,"source":"OpenStreetMap/node/9104170900","sourceUpdatedAt":null,"verifiedAt":null}},{"type":"Feature","geometry":{"type":"Point","coordinates":[12.3614203,51.3803834]},"properties":{"id":"bikerack:0cc1c126-693e-4bc5-bd06-93bc4cc4ab37","kind":"bikerack","longitude":12.3614203,"latitude":51.3803834,"name":"Fahrradabstellplatz","city":"Leipzig","address":null,"covered":false,"access":null,"website":null,"phone":null,"source":"OpenStreetMap/node/9517532543","sourceUpdatedAt":null,"verifiedAt":null}},{"type":"Feature","geometry":{"type":"Point","coordinates":[12.3751135,51.3933724]},"properties":{"id":"bikerack:0f01707c-d3c7-47f5-954b-2cf1ddface3f","kind":"bikerack","longitude":12.3751135,"latitude":51.3933724,"name":"Fahrradabstellplatz","city":"Rackwitz","address":null,"covered":false,"access":null,"website":null,"phone":null,"source":"OpenStreetMap/node/12153663345","sourceUpdatedAt":null,"verifiedAt":null}},{"type":"Feature","geometry":{"type":"Point","coordinates":[12.3595993,51.3767185]},"properties":{"id":"bikerack:0f88dae6-51fc-4427-afcc-2acc17e9b91d","kind":"bikerack","longitude":12.3595993,"latitude":51.3767185,"name":"Fahrradabstellplatz","city":"Leipzig","address":null,"covered":false,"access":null,"website":null,"phone":null,"source":"OpenStreetMap/way/1042848491","sourceUpdatedAt":null,"verifiedAt":null}},{"type":"Feature","geometry":{"type":"Point","coordinates":[12.362938,51.3811262]},"properties":{"id":"bikerack:0fd5af84-fce2-4967-b645-2728009371b9","kind":"bikerack","longitude":12.362938,"latitude":51.3811262,"name":"Fahrradabstellplatz","city":"Leipzig","address":null,"covered":false,"access":null,"website":null,"phone":null,"source":"OpenStreetMap/node/9523940798","sourceUpdatedAt":null,"verifiedAt":null}},{"type":"Feature","geometry":{"type":"Point","coordinates":[12.352736,51.3723949]},"properties":{"id":"bikerack:104507b2-1200-44d8-b010-3693a6d2e41a","kind":"bikerack","longitude":12.352736,"latitude":51.3723949,"name":"Fahrradabstellplatz","city":"Leipzig","address":null,"covered":false,"access":null,"website":null,"phone":null,"source":"OpenStreetMap/node/9104171475","sourceUpdatedAt":null,"verifiedAt":null}},{"type":"Feature","geometry":{"type":"Point","coordinates":[12.367101,51.3756457]},"properties":{"id":"bikerack:104a8328-3ff3-4075-9ad0-f11651182b67","kind":"bikerack","longitude":12.367101,"latitude":51.3756457,"name":"Fahrradabstellplatz","city":"Leipzig","address":null,"covered":false,"access":null,"website":null,"phone":null,"source":"OpenStreetMap/node/9999759224","sourceUpdatedAt":null,"verifiedAt":null}},{"type":"Feature","geometry":{"type":"Point","coordinates":[12.3664824,51.3755031]},"properties":{"id":"bikerack:10c6e1a4-878e-4991-b01a-5d5698d6f344","kind":"bikerack","longitude":12.3664824,"latitude":51.3755031,"name":"Fahrradabstellplatz","city":"Leipzig","address":null,"covered":false,"access":null,"website":null,"phone":null,"source":"OpenStreetMap/node/9999751505","sourceUpdatedAt":null,"verifiedAt":null}},{"type":"Feature","geometry":{"type":"Point","coordinates":[12.3620875,51.3803127]},"properties":{"id":"bikerack:11337f8e-7ae1-46b1-aa03-3cbb19f35e76","kind":"bikerack","longitude":12.3620875,"latitude":51.3803127,"name":"Fahrradabstellplatz","city":"Leipzig","address":null,"covered":false,"access":null,"website":null,"phone":null,"source":"OpenStreetMap/node/9517594652","sourceUpdatedAt":null,"verifiedAt":null}},{"type":"Feature","geometry":{"type":"Point","coordinates":[12.3626422,51.3808054]},"properties":{"id":"bikerack:11515c7d-b562-4128-9545-7213053f2757","kind":"bikerack","longitude":12.3626422,"latitude":51.3808054,"name":"Fahrradabstellplatz","city":"Leipzig","address":null,"covered":false,"access":null,"website":null,"phone":null,"source":"OpenStreetMap/node/9523940806","sourceUpdatedAt":null,"verifiedAt":null}},{"type":"Feature","geometry":{"type":"Point","coordinates":[12.3588024,51.3887602]},"properties":{"id":"bikerack:131f645c-c317-4ee7-baa1-e1045fcec98b","kind":"bikerack","longitude":12.3588024,"latitude":51.3887602,"name":"Fahrradabstellplatz","city":"Leipzig","address":null,"covered":false,"access":null,"website":null,"phone":null,"source":"OpenStreetMap/node/11465476749","sourceUpdatedAt":null,"verifiedAt":null}},{"type":"Feature","geometry":{"type":"Point","coordinates":[12.3614442,51.380281]},"properties":{"id":"bikerack:1444b050-2a82-4174-b6fd-acd3aff09480","kind":"bikerack","longitude":12.3614442,"latitude":51.380281,"name":"Fahrradabstellplatz","city":"Leipzig","address":null,"covered":false,"access":null,"website":null,"phone":null,"source":"OpenStreetMap/node/9517532542","sourceUpdatedAt":null,"verifiedAt":null}},{"type":"Feature","geometry":{"type":"Point","coordinates":[12.3591998,51.3776656]},"properties":{"id":"bikerack:148cf19f-ef13-4625-b27a-4145f9474881","kind":"bikerack","longitude":12.3591998,"latitude":51.3776656,"name":"Fahrradabstellplatz","city":"Leipzig","address":null,"covered":false,"access":null,"website":null,"phone":null,"source":"OpenStreetMap/node/9591483046","sourceUpdatedAt":null,"verifiedAt":null}},{"type":"Feature","geometry":{"type":"Point","coordinates":[12.361461,51.3722573]},"properties":{"id":"bikerack:14e6b8f4-583d-414d-9603-0a55534fd41f","kind":"bikerack","longitude":12.361461,"latitude":51.3722573,"name":"Fahrradabstellplatz","city":"Leipzig","address":null,"covered":false,"access":null,"website":null,"phone":null,"source":"OpenStreetMap/node/9879080370","sourceUpdatedAt":null,"verifiedAt":null}},{"type":"Feature","geometry":{"type":"Point","coordinates":[12.3523837,51.3727196]},"properties":{"id":"bikerack:1606010f-55e4-4343-a39a-d4560165d75f","kind":"bikerack","longitude":12.3523837,"latitude":51.3727196,"name":"Fahrradabstellplatz","city":"Leipzig","address":null,"covered":false,"access":null,"website":null,"phone":null,"source":"OpenStreetMap/node/9104171473","sourceUpdatedAt":null,"verifiedAt":null}},{"type":"Feature","geometry":{"type":"Point","coordinates":[12.3630542,51.3806961]},"properties":{"id":"bikerack:18d11ddf-5ae5-46c3-a911-8d971692d424","kind":"bikerack","longitude":12.3630542,"latitude":51.3806961,"name":"Fahrradabstellplatz","city":"Leipzig","address":null,"covered":false,"access":null,"website":null,"phone":null,"source":"OpenStreetMap/node/9523940802","sourceUpdatedAt":null,"verifiedAt":null}},{"type":"Feature","geometry":{"type":"Point","coordinates":[12.3728857,51.3935656]},"properties":{"id":"bikerack:1af2c1a8-a812-4592-b736-ea6a7a6e23f6","kind":"bikerack","longitude":12.3728857,"latitude":51.3935656,"name":"Fahrradabstellplatz","city":"Rackwitz","address":null,"covered":true,"access":null,"website":null,"phone":null,"source":"OpenStreetMap/way/1162626753","sourceUpdatedAt":null,"verifiedAt":null}},{"type":"Feature","geometry":{"type":"Point","coordinates":[12.3662289,51.3768052]},"properties":{"id":"bikerack:1c8eacfa-55fe-46d9-abe8-2ad8a58c1fea","kind":"bikerack","longitude":12.3662289,"latitude":51.3768052,"name":"Fahrradabstellplatz","city":"Leipzig","address":null,"covered":false,"access":null,"website":null,"phone":null,"source":"OpenStreetMap/node/9373428181","sourceUpdatedAt":null,"verifiedAt":null}},{"type":"Feature","geometry":{"type":"Point","coordinates":[12.3542943,51.3765354]},"properties":{"id":"bikerack:1e33472e-a8cc-4c30-9916-2b960dd15ceb","kind":"bikerack","longitude":12.3542943,"latitude":51.3765354,"name":"Fahrradabstellplatz","city":"Leipzig","address":null,"covered":false,"access":null,"website":null,"phone":null,"source":"OpenStreetMap/node/6767746596","sourceUpdatedAt":null,"verifiedAt":null}},{"type":"Feature","geometry":{"type":"Point","coordinates":[12.3596556,51.3765335]},"properties":{"id":"bikerack:1f0bb2aa-c051-4b7c-9782-9443a784c53e","kind":"bikerack","longitude":12.3596556,"latitude":51.3765335,"name":"Fahrradabstellplatz","city":"Leipzig","address":null,"covered":false,"access":null,"website":null,"phone":null,"source":"OpenStreetMap/way/1042620327","sourceUpdatedAt":null,"verifiedAt":null}},{"type":"Feature","geometry":{"type":"Point","coordinates":[12.3633812,51.3803595]},"properties":{"id":"bikerack:1f6415bf-65a1-4c99-8199-9b23e34b0eaf","kind":"bikerack","longitude":12.3633812,"latitude":51.3803595,"name":"Fahrradabstellplatz","city":"Leipzig","address":null,"covered":false,"access":null,"website":null,"phone":null,"source":"OpenStreetMap/node/9517564834","sourceUpdatedAt":null,"verifiedAt":null}},{"type":"Feature","geometry":{"type":"Point","coordinates":[12.3501802,51.3771976]},"properties":{"id":"bikerack:1fb188e0-c773-4fb3-8057-a115062138da","kind":"bikerack","longitude":12.3501802,"latitude":51.3771976,"name":"Fahrradabstellplatz","city":"Leipzig","address":null,"covered":false,"access":null,"website":null,"phone":null,"source":"OpenStreetMap/node/9522044605","sourceUpdatedAt":null,"verifiedAt":null}},{"type":"Feature","geometry":{"type":"Point","coordinates":[12.3763314,51.3838415]},"properties":{"id":"bikerack:20ab1cae-afc1-4b84-964b-0d6e1cfaac99","kind":"bikerack","longitude":12.3763314,"latitude":51.3838415,"name":"Fahrradabstellplatz","city":"Leipzig","address":null,"covered":false,"access":null,"website":null,"phone":null,"source":"OpenStreetMap/node/7588453714","sourceUpdatedAt":null,"verifiedAt":null}},{"type":"Feature","geometry":{"type":"Point","coordinates":[12.3583145,51.3771478]},"properties":{"id":"bikerack:21503c53-b9f7-4c8b-a716-0a2defaed538","kind":"bikerack","longitude":12.3583145,"latitude":51.3771478,"name":"Fahrradabstellplatz","city":"Leipzig","address":null,"covered":false,"access":null,"website":null,"phone":null,"source":"OpenStreetMap/way/1042848516","sourceUpdatedAt":null,"verifiedAt":null}},{"type":"Feature","geometry":{"type":"Point","coordinates":[12.3634509,51.3800407]},"properties":{"id":"bikerack:21abb593-9707-4fed-bb8f-3e5f996691b2","kind":"bikerack","longitude":12.3634509,"latitude":51.3800407,"name":"Fahrradabstellplatz","city":"Leipzig","address":null,"covered":false,"access":null,"website":null,"phone":null,"source":"OpenStreetMap/node/9517564837","sourceUpdatedAt":null,"verifiedAt":null}},{"type":"Feature","geometry":{"type":"Point","coordinates":[12.3528775,51.3728942]},"properties":{"id":"bikerack:223f15be-0578-484b-9816-6e5d1546edf9","kind":"bikerack","longitude":12.3528775,"latitude":51.3728942,"name":"Fahrradabstellplatz","city":"Leipzig","address":null,"covered":false,"access":null,"website":null,"phone":null,"source":"OpenStreetMap/node/9104170683","sourceUpdatedAt":null,"verifiedAt":null}},{"type":"Feature","geometry":{"type":"Point","coordinates":[12.352085,51.3724308]},"properties":{"id":"bikerack:2339dd42-8188-4e3d-9eb6-e75d7a1ff2fe","kind":"bikerack","longitude":12.352085,"latitude":51.3724308,"name":"Fahrradabstellplatz","city":"Leipzig","address":null,"covered":false,"access":null,"website":null,"phone":null,"source":"OpenStreetMap/node/9104171430","sourceUpdatedAt":null,"verifiedAt":null}},{"type":"Feature","geometry":{"type":"Point","coordinates":[12.3629127,51.3812332]},"properties":{"id":"bikerack:2353261e-6f04-402a-8621-61e26376cd1c","kind":"bikerack","longitude":12.3629127,"latitude":51.3812332,"name":"Fahrradabstellplatz","city":"Leipzig","address":null,"covered":false,"access":null,"website":null,"phone":null,"source":"OpenStreetMap/node/9523940797","sourceUpdatedAt":null,"verifiedAt":null}},{"type":"Feature","geometry":{"type":"Point","coordinates":[12.3642251,51.3799065]},"properties":{"id":"bikerack:2397924f-5aa0-49b2-a2db-b81fdc0e31f0","kind":"bikerack","longitude":12.3642251,"latitude":51.3799065,"name":"Fahrradabstellplatz","city":"Leipzig","address":null,"covered":false,"access":null,"website":null,"phone":null,"source":"OpenStreetMap/node/9517564840","sourceUpdatedAt":null,"verifiedAt":null}},{"type":"Feature","geometry":{"type":"Point","coordinates":[12.3727416,51.3936293]},"properties":{"id":"bikerack:244ed8a3-9302-4d5b-9c43-5beb1469e374","kind":"bikerack","longitude":12.3727416,"latitude":51.3936293,"name":"Fahrradabstellplatz","city":"Rackwitz","address":null,"covered":false,"access":null,"website":null,"phone":null,"source":"OpenStreetMap/way/1162626751","sourceUpdatedAt":null,"verifiedAt":null}},{"type":"Feature","geometry":{"type":"Point","coordinates":[12.3537479,51.3746962]},"properties":{"id":"bikerack:253bb40e-0a17-447f-bee1-1f8375642863","kind":"bikerack","longitude":12.3537479,"latitude":51.3746962,"name":"Fahrradabstellplatz","city":"Leipzig","address":null,"covered":false,"access":null,"website":null,"phone":null,"source":"OpenStreetMap/way/460230678","sourceUpdatedAt":null,"verifiedAt":null}},{"type":"Feature","geometry":{"type":"Point","coordinates":[12.3522521,51.372923]},"properties":{"id":"bikerack:264cfa85-53ee-4353-8bde-e615b7b0c9d8","kind":"bikerack","longitude":12.3522521,"latitude":51.372923,"name":"Fahrradabstellplatz","city":"Leipzig","address":null,"covered":false,"access":null,"website":null,"phone":null,"source":"OpenStreetMap/node/9104171448","sourceUpdatedAt":null,"verifiedAt":null}},{"type":"Feature","geometry":{"type":"Point","coordinates":[12.3530407,51.3727924]},"properties":{"id":"bikerack:278af819-689c-4a20-8dd5-61757610fb23","kind":"bikerack","longitude":12.3530407,"latitude":51.3727924,"name":"Fahrradabstellplatz","city":"Leipzig","address":null,"covered":false,"access":null,"website":null,"phone":null,"source":"OpenStreetMap/node/9104170670","sourceUpdatedAt":null,"verifiedAt":null}},{"type":"Feature","geometry":{"type":"Point","coordinates":[12.3604078,51.3802325]},"properties":{"id":"bikerack:29be61cf-589e-4d62-97ed-7265f443d8ab","kind":"bikerack","longitude":12.3604078,"latitude":51.3802325,"name":"Fahrradabstellplatz","city":"Leipzig","address":null,"covered":false,"access":null,"website":null,"phone":null,"source":"OpenStreetMap/node/9523940777","sourceUpdatedAt":null,"verifiedAt":null}},{"type":"Feature","geometry":{"type":"Point","coordinates":[12.35905,51.3801701]},"properties":{"id":"bikerack:29e99f03-5e8d-4a13-b671-a2a03e6301a7","kind":"bikerack","longitude":12.35905,"latitude":51.3801701,"name":"Fahrradabstellplatz","city":"Leipzig","address":null,"covered":false,"access":null,"website":null,"phone":null,"source":"OpenStreetMap/node/9517532535","sourceUpdatedAt":null,"verifiedAt":null}},{"type":"Feature","geometry":{"type":"Point","coordinates":[12.3664914,51.3758321]},"properties":{"id":"bikerack:2a32674d-8bfe-42a4-96ca-e5ffda963bf9","kind":"bikerack","longitude":12.3664914,"latitude":51.3758321,"name":"Fahrradabstellplatz","city":"Leipzig","address":null,"covered":false,"access":null,"website":null,"phone":null,"source":"OpenStreetMap/node/9999751503","sourceUpdatedAt":null,"verifiedAt":null}},{"type":"Feature","geometry":{"type":"Point","coordinates":[12.35271,51.3723962]},"properties":{"id":"bikerack:2bb9a5b0-bdb5-4cea-85a2-2195a9185e46","kind":"bikerack","longitude":12.35271,"latitude":51.3723962,"name":"Fahrradabstellplatz","city":"Leipzig","address":null,"covered":false,"access":null,"website":null,"phone":null,"source":"OpenStreetMap/node/9104171474","sourceUpdatedAt":null,"verifiedAt":null}},{"type":"Feature","geometry":{"type":"Point","coordinates":[12.3769397,51.3832478]},"properties":{"id":"bikerack:2bdea83e-af38-4d5f-8ff2-f8005adf77fd","kind":"bikerack","longitude":12.3769397,"latitude":51.3832478,"name":"Fahrradabstellplatz","city":"Leipzig","address":null,"covered":false,"access":null,"website":null,"phone":null,"source":"OpenStreetMap/node/7643274152","sourceUpdatedAt":null,"verifiedAt":null}},{"type":"Feature","geometry":{"type":"Point","coordinates":[12.3519547,51.3718377]},"properties":{"id":"bikerack:2d806789-05e4-4338-9a28-e6f4b90d32bd","kind":"bikerack","longitude":12.3519547,"latitude":51.3718377,"name":"Fahrradabstellplatz","city":"Leipzig","address":null,"covered":false,"access":null,"website":null,"phone":null,"source":"OpenStreetMap/node/9163101448","sourceUpdatedAt":null,"verifiedAt":null}},{"type":"Feature","geometry":{"type":"Point","coordinates":[12.3639548,51.3811927]},"properties":{"id":"bikerack:2f3f2323-a5ff-4373-87fc-8b7f99a7be38","kind":"bikerack","longitude":12.3639548,"latitude":51.3811927,"name":"Fahrradabstellplatz","city":"Leipzig","address":null,"covered":false,"access":null,"website":null,"phone":null,"source":"OpenStreetMap/node/9517564849","sourceUpdatedAt":null,"verifiedAt":null}},{"type":"Feature","geometry":{"type":"Point","coordinates":[12.3594727,51.377333]},"properties":{"id":"bikerack:2fd2eae7-feb1-4fb9-a87c-7c5784e64eaa","kind":"bikerack","longitude":12.3594727,"latitude":51.377333,"name":"Fahrradabstellplatz","city":"Leipzig","address":null,"covered":false,"access":null,"website":null,"phone":null,"source":"OpenStreetMap/way/1041872460","sourceUpdatedAt":null,"verifiedAt":null}},{"type":"Feature","geometry":{"type":"Point","coordinates":[12.3765779,51.3934185]},"properties":{"id":"bikerack:309995e8-03c4-41e7-a0fa-8fd6def28c49","kind":"bikerack","longitude":12.3765779,"latitude":51.3934185,"name":"Fahrradabstellplatz","city":"Rackwitz","address":null,"covered":true,"access":null,"website":null,"phone":null,"source":"OpenStreetMap/node/2546215716","sourceUpdatedAt":null,"verifiedAt":null}},{"type":"Feature","geometry":{"type":"Point","coordinates":[12.3789299,51.3931718]},"properties":{"id":"bikerack:318e302c-00db-4c32-86e6-eb406ee0327c","kind":"bikerack","longitude":12.3789299,"latitude":51.3931718,"name":"Fahrradabstellplatz","city":"Rackwitz","address":null,"covered":false,"access":null,"website":null,"phone":null,"source":"OpenStreetMap/way/979802537","sourceUpdatedAt":null,"verifiedAt":null}},{"type":"Feature","geometry":{"type":"Point","coordinates":[12.3526155,51.3758811]},"properties":{"id":"bikerack:32786a52-8f9d-4fc1-bad6-84420d743ae5","kind":"bikerack","longitude":12.3526155,"latitude":51.3758811,"name":"Fahrradabstellplatz","city":"Leipzig","address":null,"covered":true,"access":null,"website":null,"phone":null,"source":"OpenStreetMap/way/722061329","sourceUpdatedAt":null,"verifiedAt":null}},{"type":"Feature","geometry":{"type":"Point","coordinates":[12.3547222,51.3726563]},"properties":{"id":"bikerack:33b8d19d-96c0-4f10-ac52-f1c879947cb1","kind":"bikerack","longitude":12.3547222,"latitude":51.3726563,"name":"Fahrradabstellplatz","city":"Leipzig","address":null,"covered":false,"access":null,"website":null,"phone":null,"source":"OpenStreetMap/node/9104170780","sourceUpdatedAt":null,"verifiedAt":null}},{"type":"Feature","geometry":{"type":"Point","coordinates":[12.3607177,51.3810207]},"properties":{"id":"bikerack:352e1ab4-9893-423d-9cb9-375e3eed8962","kind":"bikerack","longitude":12.3607177,"latitude":51.3810207,"name":"Fahrradabstellplatz","city":"Leipzig","address":null,"covered":false,"access":null,"website":null,"phone":null,"source":"OpenStreetMap/node/9523940788","sourceUpdatedAt":null,"verifiedAt":null}},{"type":"Feature","geometry":{"type":"Point","coordinates":[12.351739,51.3770543]},"properties":{"id":"bikerack:355c30bc-165d-4ca6-844f-175bc4f07775","kind":"bikerack","longitude":12.351739,"latitude":51.3770543,"name":"Fahrradabstellplatz","city":"Leipzig","address":null,"covered":false,"access":null,"website":null,"phone":null,"source":"OpenStreetMap/node/9522044598","sourceUpdatedAt":null,"verifiedAt":null}},{"type":"Feature","geometry":{"type":"Point","coordinates":[12.3671304,51.3759629]},"properties":{"id":"bikerack:35667743-2388-434e-b2f6-a82857bac24a","kind":"bikerack","longitude":12.3671304,"latitude":51.3759629,"name":"Fahrradabstellplatz","city":"Leipzig","address":null,"covered":false,"access":null,"website":null,"phone":null,"source":"OpenStreetMap/node/9999759222","sourceUpdatedAt":null,"verifiedAt":null}},{"type":"Feature","geometry":{"type":"Point","coordinates":[12.3626862,51.3806998]},"properties":{"id":"bikerack:35932833-da3d-48f9-9f05-ea2900bc1f0e","kind":"bikerack","longitude":12.3626862,"latitude":51.3806998,"name":"Fahrradabstellplatz","city":"Leipzig","address":null,"covered":false,"access":null,"website":null,"phone":null,"source":"OpenStreetMap/node/9523940805","sourceUpdatedAt":null,"verifiedAt":null}},{"type":"Feature","geometry":{"type":"Point","coordinates":[12.3555259,51.3753147]},"properties":{"id":"bikerack:37a7c748-b14f-4a64-928d-10da5e6085e7","kind":"bikerack","longitude":12.3555259,"latitude":51.3753147,"name":"Fahrradabstellplatz","city":"Leipzig","address":null,"covered":true,"access":null,"website":null,"phone":null,"source":"OpenStreetMap/way/722061309","sourceUpdatedAt":null,"verifiedAt":null}},{"type":"Feature","geometry":{"type":"Point","coordinates":[12.3620965,51.3736953]},"properties":{"id":"bikerack:37e7bc7f-9127-4ec9-a0e4-552bc9001a7f","kind":"bikerack","longitude":12.3620965,"latitude":51.3736953,"name":"Fahrradabstellplatz","city":"Leipzig","address":null,"covered":false,"access":null,"website":null,"phone":null,"source":"OpenStreetMap/node/9879158606","sourceUpdatedAt":null,"verifiedAt":null}},{"type":"Feature","geometry":{"type":"Point","coordinates":[12.3652395,51.3768383]},"properties":{"id":"bikerack:38b645ea-5ca3-4c39-8b7c-8203c9719842","kind":"bikerack","longitude":12.3652395,"latitude":51.3768383,"name":"Fahrradabstellplatz","city":"Leipzig","address":null,"covered":true,"access":null,"website":null,"phone":null,"source":"OpenStreetMap/way/988804282","sourceUpdatedAt":null,"verifiedAt":null}},{"type":"Feature","geometry":{"type":"Point","coordinates":[12.3551637,51.3726247]},"properties":{"id":"bikerack:38b7a898-4c2d-4eda-9060-259fbf6441c9","kind":"bikerack","longitude":12.3551637,"latitude":51.3726247,"name":"Fahrradabstellplatz","city":"Leipzig","address":null,"covered":false,"access":null,"website":null,"phone":null,"source":"OpenStreetMap/node/9104170806","sourceUpdatedAt":null,"verifiedAt":null}},{"type":"Feature","geometry":{"type":"Point","coordinates":[12.3615855,51.3810571]},"properties":{"id":"bikerack:3917a2ef-799f-46f0-a186-83c66c1f5ac8","kind":"bikerack","longitude":12.3615855,"latitude":51.3810571,"name":"Fahrradabstellplatz","city":"Leipzig","address":null,"covered":false,"access":null,"website":null,"phone":null,"source":"OpenStreetMap/node/9517532552","sourceUpdatedAt":null,"verifiedAt":null}},{"type":"Feature","geometry":{"type":"Point","coordinates":[12.3664963,51.3759827]},"properties":{"id":"bikerack:397262b8-184b-44a3-92f6-fff7021d860f","kind":"bikerack","longitude":12.3664963,"latitude":51.3759827,"name":"Fahrradabstellplatz","city":"Leipzig","address":null,"covered":false,"access":null,"website":null,"phone":null,"source":"OpenStreetMap/node/9999751504","sourceUpdatedAt":null,"verifiedAt":null}},{"type":"Feature","geometry":{"type":"Point","coordinates":[12.357903,51.3788739]},"properties":{"id":"bikerack:3ab59a81-d3b9-4845-81b0-b8a808574545","kind":"bikerack","longitude":12.357903,"latitude":51.3788739,"name":"Fahrradabstellplatz","city":"Leipzig","address":null,"covered":false,"access":null,"website":null,"phone":null,"source":"OpenStreetMap/node/9723471503","sourceUpdatedAt":null,"verifiedAt":null}},{"type":"Feature","geometry":{"type":"Point","coordinates":[12.3609836,51.3800526]},"properties":{"id":"bikerack:3abe21aa-f0da-4bb7-8f33-04552b7b6baf","kind":"bikerack","longitude":12.3609836,"latitude":51.3800526,"name":"Fahrradabstellplatz","city":"Leipzig","address":null,"covered":false,"access":null,"website":null,"phone":null,"source":"OpenStreetMap/node/9517532540","sourceUpdatedAt":null,"verifiedAt":null}},{"type":"Feature","geometry":{"type":"Point","coordinates":[12.3524416,51.3727139]},"properties":{"id":"bikerack:3ada3b07-f100-496b-bca6-97ee83bfad7b","kind":"bikerack","longitude":12.3524416,"latitude":51.3727139,"name":"Fahrradabstellplatz","city":"Leipzig","address":null,"covered":false,"access":null,"website":null,"phone":null,"source":"OpenStreetMap/node/9104171471","sourceUpdatedAt":null,"verifiedAt":null}},{"type":"Feature","geometry":{"type":"Point","coordinates":[12.3622908,51.3803352]},"properties":{"id":"bikerack:3bfa19a2-0371-4f23-b198-f481afcf5901","kind":"bikerack","longitude":12.3622908,"latitude":51.3803352,"name":"Fahrradabstellplatz","city":"Leipzig","address":null,"covered":false,"access":null,"website":null,"phone":null,"source":"OpenStreetMap/node/9517594653","sourceUpdatedAt":null,"verifiedAt":null}},{"type":"Feature","geometry":{"type":"Point","coordinates":[12.3590332,51.3802772]},"properties":{"id":"bikerack:3c3cb13d-0cfb-4105-b759-0acff3141b86","kind":"bikerack","longitude":12.3590332,"latitude":51.3802772,"name":"Fahrradabstellplatz","city":"Leipzig","address":null,"covered":false,"access":null,"website":null,"phone":null,"source":"OpenStreetMap/node/9517532534","sourceUpdatedAt":null,"verifiedAt":null}},{"type":"Feature","geometry":{"type":"Point","coordinates":[12.3607805,51.3800325]},"properties":{"id":"bikerack:3dc430ab-8623-468f-926a-ab8463c4cebd","kind":"bikerack","longitude":12.3607805,"latitude":51.3800325,"name":"Fahrradabstellplatz","city":"Leipzig","address":null,"covered":false,"access":null,"website":null,"phone":null,"source":"OpenStreetMap/node/9517532539","sourceUpdatedAt":null,"verifiedAt":null}},{"type":"Feature","geometry":{"type":"Point","coordinates":[12.3662139,51.3768052]},"properties":{"id":"bikerack:3fee489c-11d1-45d8-bff4-c702229b5b35","kind":"bikerack","longitude":12.3662139,"latitude":51.3768052,"name":"Fahrradabstellplatz","city":"Leipzig","address":null,"covered":false,"access":null,"website":null,"phone":null,"source":"OpenStreetMap/node/9373428182","sourceUpdatedAt":null,"verifiedAt":null}},{"type":"Feature","geometry":{"type":"Point","coordinates":[12.3630602,51.3721925]},"properties":{"id":"bikerack:4155a625-3988-4497-b0e6-66517fd4a446","kind":"bikerack","longitude":12.3630602,"latitude":51.3721925,"name":"Fahrradabstellplatz","city":"Leipzig","address":null,"covered":false,"access":null,"website":null,"phone":null,"source":"OpenStreetMap/node/8669490495","sourceUpdatedAt":null,"verifiedAt":null}},{"type":"Feature","geometry":{"type":"Point","coordinates":[12.3761565,51.3840643]},"properties":{"id":"bikerack:41dba68c-efd3-43d5-930f-05098a2489e8","kind":"bikerack","longitude":12.3761565,"latitude":51.3840643,"name":"Fahrradabstellplatz","city":"Leipzig","address":null,"covered":false,"access":null,"website":null,"phone":null,"source":"OpenStreetMap/node/7589034630","sourceUpdatedAt":null,"verifiedAt":null}},{"type":"Feature","geometry":{"type":"Point","coordinates":[12.3603281,51.3805547]},"properties":{"id":"bikerack:42b278e9-e455-43ef-9dc0-cd31da1d073d","kind":"bikerack","longitude":12.3603281,"latitude":51.3805547,"name":"Fahrradabstellplatz","city":"Leipzig","address":null,"covered":false,"access":null,"website":null,"phone":null,"source":"OpenStreetMap/node/9523940780","sourceUpdatedAt":null,"verifiedAt":null}},{"type":"Feature","geometry":{"type":"Point","coordinates":[12.3764115,51.3986608]},"properties":{"id":"bikerack:4326adc4-b024-42bc-b7f0-0db98c5c21f9","kind":"bikerack","longitude":12.3764115,"latitude":51.3986608,"name":"Fahrradabstellplatz","city":"Rackwitz","address":null,"covered":false,"access":null,"website":null,"phone":null,"source":"OpenStreetMap/node/8987970224","sourceUpdatedAt":null,"verifiedAt":null}},{"type":"Feature","geometry":{"type":"Point","coordinates":[12.3739459,51.3935057]},"properties":{"id":"bikerack:460ec560-cfc9-4975-b3aa-73d184856902","kind":"bikerack","longitude":12.3739459,"latitude":51.3935057,"name":"Fahrradabstellplatz","city":"Rackwitz","address":null,"covered":false,"access":null,"website":null,"phone":null,"source":"OpenStreetMap/node/3131419739","sourceUpdatedAt":null,"verifiedAt":null}},{"type":"Feature","geometry":{"type":"Point","coordinates":[12.3676959,51.3753956]},"properties":{"id":"bikerack:47f3420f-bcea-4650-a00c-bc04088609f6","kind":"bikerack","longitude":12.3676959,"latitude":51.3753956,"name":"Fahrradabstellplatz","city":"Leipzig","address":null,"covered":false,"access":null,"website":null,"phone":null,"source":"OpenStreetMap/node/10033981546","sourceUpdatedAt":null,"verifiedAt":null}},{"type":"Feature","geometry":{"type":"Point","coordinates":[12.3683115,51.375368]},"properties":{"id":"bikerack:489fc1ee-1149-44d7-8c82-1a735654888d","kind":"bikerack","longitude":12.3683115,"latitude":51.375368,"name":"Fahrradabstellplatz","city":"Leipzig","address":null,"covered":false,"access":null,"website":null,"phone":null,"source":"OpenStreetMap/node/10033981541","sourceUpdatedAt":null,"verifiedAt":null}},{"type":"Feature","geometry":{"type":"Point","coordinates":[12.3580083,51.3782087]},"properties":{"id":"bikerack:494bd277-8220-4ec6-9fe2-cf5d0b53baa5","kind":"bikerack","longitude":12.3580083,"latitude":51.3782087,"name":"Fahrradabstellplatz","city":"Leipzig","address":null,"covered":false,"access":null,"website":null,"phone":null,"source":"OpenStreetMap/node/9623940335","sourceUpdatedAt":null,"verifiedAt":null}},{"type":"Feature","geometry":{"type":"Point","coordinates":[12.3519822,51.3718351]},"properties":{"id":"bikerack:494c72f8-994d-460d-ab34-dfff8ca5a6cc","kind":"bikerack","longitude":12.3519822,"latitude":51.3718351,"name":"Fahrradabstellplatz","city":"Leipzig","address":null,"covered":false,"access":null,"website":null,"phone":null,"source":"OpenStreetMap/node/9163101449","sourceUpdatedAt":null,"verifiedAt":null}},{"type":"Feature","geometry":{"type":"Point","coordinates":[12.388434,51.3770375]},"properties":{"id":"bikerack:4a007a6e-00bd-48fd-af19-0f5a1d0e0a71","kind":"bikerack","longitude":12.388434,"latitude":51.3770375,"name":"Fahrradabstellplatz","city":"Leipzig","address":null,"covered":true,"access":null,"website":null,"phone":null,"source":"OpenStreetMap/way/476704718","sourceUpdatedAt":null,"verifiedAt":null}},{"type":"Feature","geometry":{"type":"Point","coordinates":[12.3640751,51.3807636]},"properties":{"id":"bikerack:4aeda3e6-66b8-4975-86ae-1a46f0489b8c","kind":"bikerack","longitude":12.3640751,"latitude":51.3807636,"name":"Fahrradabstellplatz","city":"Leipzig","address":null,"covered":false,"access":null,"website":null,"phone":null,"source":"OpenStreetMap/node/9517564844","sourceUpdatedAt":null,"verifiedAt":null}},{"type":"Feature","geometry":{"type":"Point","coordinates":[12.3633351,51.3747558]},"properties":{"id":"bikerack:4b1a979a-242e-4220-afb3-94ae639630aa","kind":"bikerack","longitude":12.3633351,"latitude":51.3747558,"name":"Fahrradabstellplatz","city":"Leipzig","address":null,"covered":false,"access":null,"website":null,"phone":null,"source":"OpenStreetMap/node/9795241422","sourceUpdatedAt":null,"verifiedAt":null}},{"type":"Feature","geometry":{"type":"Point","coordinates":[12.3877506,51.3764979]},"properties":{"id":"bikerack:4c1532d7-2662-4459-9579-38c1d8ed9b8f","kind":"bikerack","longitude":12.3877506,"latitude":51.3764979,"name":"Fahrradabstellplatz","city":"Leipzig","address":null,"covered":false,"access":null,"website":null,"phone":null,"source":"OpenStreetMap/way/499160944","sourceUpdatedAt":null,"verifiedAt":null}},{"type":"Feature","geometry":{"type":"Point","coordinates":[12.3544381,51.3722447]},"properties":{"id":"bikerack:4ccb5ca4-8dbf-4084-9c18-37e7629222d5","kind":"bikerack","longitude":12.3544381,"latitude":51.3722447,"name":"Fahrradabstellplatz","city":"Leipzig","address":null,"covered":false,"access":null,"website":null,"phone":null,"source":"OpenStreetMap/node/9104170899","sourceUpdatedAt":null,"verifiedAt":null}},{"type":"Feature","geometry":{"type":"Point","coordinates":[12.3524149,51.3727172]},"properties":{"id":"bikerack:4dfb1449-a7dc-4d11-920e-3c3940f7836f","kind":"bikerack","longitude":12.3524149,"latitude":51.3727172,"name":"Fahrradabstellplatz","city":"Leipzig","address":null,"covered":false,"access":null,"website":null,"phone":null,"source":"OpenStreetMap/node/9104171472","sourceUpdatedAt":null,"verifiedAt":null}},{"type":"Feature","geometry":{"type":"Point","coordinates":[12.3616351,51.380841]},"properties":{"id":"bikerack:4fc73f99-1887-483a-a6f2-508e3c417868","kind":"bikerack","longitude":12.3616351,"latitude":51.380841,"name":"Fahrradabstellplatz","city":"Leipzig","address":null,"covered":false,"access":null,"website":null,"phone":null,"source":"OpenStreetMap/node/9517532550","sourceUpdatedAt":null,"verifiedAt":null}},{"type":"Feature","geometry":{"type":"Point","coordinates":[12.3589872,51.380494]},"properties":{"id":"bikerack:500a0340-8d9a-4fc5-ba56-6238522ff493","kind":"bikerack","longitude":12.3589872,"latitude":51.380494,"name":"Fahrradabstellplatz","city":"Leipzig","address":null,"covered":false,"access":null,"website":null,"phone":null,"source":"OpenStreetMap/node/9517532532","sourceUpdatedAt":null,"verifiedAt":null}},{"type":"Feature","geometry":{"type":"Point","coordinates":[12.3818002,51.3936502]},"properties":{"id":"bikerack:505dfea0-9a02-4cf7-a666-b9e12c2d5572","kind":"bikerack","longitude":12.3818002,"latitude":51.3936502,"name":"Fahrradabstellplatz","city":"Rackwitz","address":null,"covered":false,"access":null,"website":null,"phone":null,"source":"OpenStreetMap/way/1472791856","sourceUpdatedAt":null,"verifiedAt":null}},{"type":"Feature","geometry":{"type":"Point","coordinates":[12.3620425,51.3812709]},"properties":{"id":"bikerack:53119682-0df6-426a-b1f6-21b3812e6ffc","kind":"bikerack","longitude":12.3620425,"latitude":51.3812709,"name":"Fahrradabstellplatz","city":"Leipzig","address":null,"covered":false,"access":null,"website":null,"phone":null,"source":"OpenStreetMap/node/9523940789","sourceUpdatedAt":null,"verifiedAt":null}},{"type":"Feature","geometry":{"type":"Point","coordinates":[12.3616129,51.3809503]},"properties":{"id":"bikerack:563a63b4-acaa-4b2f-9978-469bd1ce07f9","kind":"bikerack","longitude":12.3616129,"latitude":51.3809503,"name":"Fahrradabstellplatz","city":"Leipzig","address":null,"covered":false,"access":null,"website":null,"phone":null,"source":"OpenStreetMap/node/9517532551","sourceUpdatedAt":null,"verifiedAt":null}},{"type":"Feature","geometry":{"type":"Point","coordinates":[12.3525403,51.3724095]},"properties":{"id":"bikerack:596b5c57-2829-47ed-bb2e-70927315808e","kind":"bikerack","longitude":12.3525403,"latitude":51.3724095,"name":"Fahrradabstellplatz","city":"Leipzig","address":null,"covered":false,"access":null,"website":null,"phone":null,"source":"OpenStreetMap/node/9104171446","sourceUpdatedAt":null,"verifiedAt":null}},{"type":"Feature","geometry":{"type":"Point","coordinates":[12.3638203,51.3798654]},"properties":{"id":"bikerack:59ce39c6-e21a-451b-a46f-a50aa4960736","kind":"bikerack","longitude":12.3638203,"latitude":51.3798654,"name":"Fahrradabstellplatz","city":"Leipzig","address":null,"covered":false,"access":null,"website":null,"phone":null,"source":"OpenStreetMap/node/9517564838","sourceUpdatedAt":null,"verifiedAt":null}},{"type":"Feature","geometry":{"type":"Point","coordinates":[12.3613648,51.3806002]},"properties":{"id":"bikerack:5a7790e3-1a4a-47d5-8175-2bebe85f2543","kind":"bikerack","longitude":12.3613648,"latitude":51.3806002,"name":"Fahrradabstellplatz","city":"Leipzig","address":null,"covered":false,"access":null,"website":null,"phone":null,"source":"OpenStreetMap/node/9517532545","sourceUpdatedAt":null,"verifiedAt":null}},{"type":"Feature","geometry":{"type":"Point","coordinates":[12.3881813,51.3958546]},"properties":{"id":"bikerack:5c1696a2-4977-4163-984e-b3550856a3dc","kind":"bikerack","longitude":12.3881813,"latitude":51.3958546,"name":"Fahrradabstellplatz","city":"Rackwitz","address":null,"covered":false,"access":null,"website":null,"phone":null,"source":"OpenStreetMap/node/8736125392","sourceUpdatedAt":null,"verifiedAt":null}},{"type":"Feature","geometry":{"type":"Point","coordinates":[12.3677354,51.3759276]},"properties":{"id":"bikerack:5ca24b3e-6c02-44a6-8d3b-1132844c632e","kind":"bikerack","longitude":12.3677354,"latitude":51.3759276,"name":"Fahrradabstellplatz","city":"Leipzig","address":null,"covered":false,"access":null,"website":null,"phone":null,"source":"OpenStreetMap/node/10033981550","sourceUpdatedAt":null,"verifiedAt":null}},{"type":"Feature","geometry":{"type":"Point","coordinates":[12.3500288,51.3763852]},"properties":{"id":"bikerack:5d88774d-3f61-4c01-bb18-8ba3eadd15b4","kind":"bikerack","longitude":12.3500288,"latitude":51.3763852,"name":"Fahrradabstellplatz","city":"Leipzig","address":null,"covered":false,"access":null,"website":null,"phone":null,"source":"OpenStreetMap/node/9522044601","sourceUpdatedAt":null,"verifiedAt":null}},{"type":"Feature","geometry":{"type":"Point","coordinates":[12.3811399,51.3935163]},"properties":{"id":"bikerack:5e88ff7b-b5f6-44cb-b2e4-577e0fca8c7f","kind":"bikerack","longitude":12.3811399,"latitude":51.3935163,"name":"Fahrradabstellplatz","city":"Rackwitz","address":null,"covered":false,"access":null,"website":null,"phone":null,"source":"OpenStreetMap/way/979802540","sourceUpdatedAt":null,"verifiedAt":null}},{"type":"Feature","geometry":{"type":"Point","coordinates":[12.3763479,51.3985657]},"properties":{"id":"bikerack:61ba2c55-76c1-451e-aa99-61b221787d22","kind":"bikerack","longitude":12.3763479,"latitude":51.3985657,"name":"Fahrradabstellplatz","city":"Rackwitz","address":null,"covered":false,"access":null,"website":null,"phone":null,"source":"OpenStreetMap/node/8934138417","sourceUpdatedAt":null,"verifiedAt":null}},{"type":"Feature","geometry":{"type":"Point","coordinates":[12.3643499,51.3803083]},"properties":{"id":"bikerack:62876000-3ddd-41ef-b41c-8b1dba206ae8","kind":"bikerack","longitude":12.3643499,"latitude":51.3803083,"name":"Fahrradabstellplatz","city":"Leipzig","address":null,"covered":false,"access":null,"website":null,"phone":null,"source":"OpenStreetMap/node/9517564841","sourceUpdatedAt":null,"verifiedAt":null}},{"type":"Feature","geometry":{"type":"Point","coordinates":[12.3770599,51.3899242]},"properties":{"id":"bikerack:63ce8130-6716-40e3-bd39-49e5db0bf268","kind":"bikerack","longitude":12.3770599,"latitude":51.3899242,"name":"Fahrradabstellplatz","city":"Rackwitz","address":null,"covered":false,"access":null,"website":null,"phone":null,"source":"OpenStreetMap/node/1211266188","sourceUpdatedAt":null,"verifiedAt":null}},{"type":"Feature","geometry":{"type":"Point","coordinates":[12.3617168,51.3805218]},"properties":{"id":"bikerack:6881cf5f-df90-4b4e-b682-ebb15291cf48","kind":"bikerack","longitude":12.3617168,"latitude":51.3805218,"name":"Fahrradabstellplatz","city":"Leipzig","address":null,"covered":false,"access":null,"website":null,"phone":null,"source":"OpenStreetMap/node/9517532547","sourceUpdatedAt":null,"verifiedAt":null}},{"type":"Feature","geometry":{"type":"Point","coordinates":[12.3640442,51.3808715]},"properties":{"id":"bikerack:6a0ae1ba-ef04-4193-859e-e4f6534efb42","kind":"bikerack","longitude":12.3640442,"latitude":51.3808715,"name":"Fahrradabstellplatz","city":"Leipzig","address":null,"covered":false,"access":null,"website":null,"phone":null,"source":"OpenStreetMap/node/9517564846","sourceUpdatedAt":null,"verifiedAt":null}},{"type":"Feature","geometry":{"type":"Point","coordinates":[12.3621622,51.3759715]},"properties":{"id":"bikerack:6a4d2800-9e31-495c-bbd0-a2a759752bc4","kind":"bikerack","longitude":12.3621622,"latitude":51.3759715,"name":"Fahrradabstellplatz","city":"Leipzig","address":null,"covered":false,"access":null,"website":null,"phone":null,"source":"OpenStreetMap/node/9597262531","sourceUpdatedAt":null,"verifiedAt":null}},{"type":"Feature","geometry":{"type":"Point","coordinates":[12.3658683,51.3756732]},"properties":{"id":"bikerack:6ac16f96-1292-4326-b21d-9511ed23b9c6","kind":"bikerack","longitude":12.3658683,"latitude":51.3756732,"name":"Fahrradabstellplatz","city":"Leipzig","address":null,"covered":false,"access":null,"website":null,"phone":null,"source":"OpenStreetMap/node/9995251983","sourceUpdatedAt":null,"verifiedAt":null}},{"type":"Feature","geometry":{"type":"Point","coordinates":[12.3540691,51.3722851]},"properties":{"id":"bikerack:6e28f80d-5510-46f9-b792-4b2ae372e4ff","kind":"bikerack","longitude":12.3540691,"latitude":51.3722851,"name":"Fahrradabstellplatz","city":"Leipzig","address":null,"covered":false,"access":null,"website":null,"phone":null,"source":"OpenStreetMap/node/9104170929","sourceUpdatedAt":null,"verifiedAt":null}},{"type":"Feature","geometry":{"type":"Point","coordinates":[12.3631228,51.3815499]},"properties":{"id":"bikerack:6e59d816-9979-4c8c-8680-5ec5217a81dc","kind":"bikerack","longitude":12.3631228,"latitude":51.3815499,"name":"Fahrradabstellplatz","city":"Leipzig","address":null,"covered":false,"access":null,"website":null,"phone":null,"source":"OpenStreetMap/node/9523940792","sourceUpdatedAt":null,"verifiedAt":null}},{"type":"Feature","geometry":{"type":"Point","coordinates":[12.3561773,51.378681]},"properties":{"id":"bikerack:6f5970b8-7226-4594-be13-25ad5d852554","kind":"bikerack","longitude":12.3561773,"latitude":51.378681,"name":"Fahrradabstellplatz","city":"Leipzig","address":null,"covered":true,"access":null,"website":null,"phone":null,"source":"OpenStreetMap/way/722061291","sourceUpdatedAt":null,"verifiedAt":null}},{"type":"Feature","geometry":{"type":"Point","coordinates":[12.3553854,51.3816008]},"properties":{"id":"bikerack:7101473b-6c24-49f2-b070-af323fda57aa","kind":"bikerack","longitude":12.3553854,"latitude":51.3816008,"name":"Fahrradabstellplatz","city":"Leipzig","address":null,"covered":false,"access":null,"website":null,"phone":null,"source":"OpenStreetMap/node/4710982954","sourceUpdatedAt":null,"verifiedAt":null}},{"type":"Feature","geometry":{"type":"Point","coordinates":[12.3592469,51.3887116]},"properties":{"id":"bikerack:716b2d43-6f1f-4226-ae78-09a35646b0f7","kind":"bikerack","longitude":12.3592469,"latitude":51.3887116,"name":"Fahrradabstellplatz","city":"Leipzig","address":null,"covered":false,"access":null,"website":null,"phone":null,"source":"OpenStreetMap/node/11465476748","sourceUpdatedAt":null,"verifiedAt":null}},{"type":"Feature","geometry":{"type":"Point","coordinates":[12.3540065,51.3722908]},"properties":{"id":"bikerack:71ab43bd-89ff-4c27-8f1f-f3e2cb009266","kind":"bikerack","longitude":12.3540065,"latitude":51.3722908,"name":"Fahrradabstellplatz","city":"Leipzig","address":null,"covered":false,"access":null,"website":null,"phone":null,"source":"OpenStreetMap/node/9104170939","sourceUpdatedAt":null,"verifiedAt":null}},{"type":"Feature","geometry":{"type":"Point","coordinates":[12.3630267,51.3808045]},"properties":{"id":"bikerack:74372ea1-0146-4fa1-b3eb-d0e6736196c6","kind":"bikerack","longitude":12.3630267,"latitude":51.3808045,"name":"Fahrradabstellplatz","city":"Leipzig","address":null,"covered":false,"access":null,"website":null,"phone":null,"source":"OpenStreetMap/node/9523940801","sourceUpdatedAt":null,"verifiedAt":null}},{"type":"Feature","geometry":{"type":"Point","coordinates":[12.3664855,51.375658]},"properties":{"id":"bikerack:7551691a-fe80-4019-99f2-55a7b2eb9232","kind":"bikerack","longitude":12.3664855,"latitude":51.375658,"name":"Fahrradabstellplatz","city":"Leipzig","address":null,"covered":false,"access":null,"website":null,"phone":null,"source":"OpenStreetMap/node/9999751502","sourceUpdatedAt":null,"verifiedAt":null}},{"type":"Feature","geometry":{"type":"Point","coordinates":[12.3548534,51.3764766]},"properties":{"id":"bikerack:757d7c74-d8d0-403d-a56f-51782f3b27a2","kind":"bikerack","longitude":12.3548534,"latitude":51.3764766,"name":"Fahrradabstellplatz","city":"Leipzig","address":null,"covered":false,"access":null,"website":null,"phone":null,"source":"OpenStreetMap/node/6767746597","sourceUpdatedAt":null,"verifiedAt":null}},{"type":"Feature","geometry":{"type":"Point","coordinates":[12.3560494,51.3760079]},"properties":{"id":"bikerack:758ce280-6bd7-4b1e-bc7b-b56d3e32f67f","kind":"bikerack","longitude":12.3560494,"latitude":51.3760079,"name":"Fahrradabstellplatz","city":"Leipzig","address":null,"covered":false,"access":null,"website":null,"phone":null,"source":"OpenStreetMap/way/722061304","sourceUpdatedAt":null,"verifiedAt":null}},{"type":"Feature","geometry":{"type":"Point","coordinates":[12.3770929,51.3832286]},"properties":{"id":"bikerack:7608b6a3-974b-44f5-99e6-22b72364d55b","kind":"bikerack","longitude":12.3770929,"latitude":51.3832286,"name":"Fahrradabstellplatz","city":"Leipzig","address":null,"covered":false,"access":null,"website":null,"phone":null,"source":"OpenStreetMap/node/7669013043","sourceUpdatedAt":null,"verifiedAt":null}},{"type":"Feature","geometry":{"type":"Point","coordinates":[12.3550083,51.372212]},"properties":{"id":"bikerack:799d7c02-10e3-4831-bd1e-cf1d4dd3203e","kind":"bikerack","longitude":12.3550083,"latitude":51.372212,"name":"Fahrradabstellplatz","city":"Leipzig","address":null,"covered":false,"access":null,"website":null,"phone":null,"source":"OpenStreetMap/node/9104170836","sourceUpdatedAt":null,"verifiedAt":null}},{"type":"Feature","geometry":{"type":"Point","coordinates":[12.3629723,51.3810249]},"properties":{"id":"bikerack:7a054f19-3815-4b7d-9eaf-a5eb0d9440fa","kind":"bikerack","longitude":12.3629723,"latitude":51.3810249,"name":"Fahrradabstellplatz","city":"Leipzig","address":null,"covered":false,"access":null,"website":null,"phone":null,"source":"OpenStreetMap/node/9523940800","sourceUpdatedAt":null,"verifiedAt":null}},{"type":"Feature","geometry":{"type":"Point","coordinates":[12.3596226,51.377161]},"properties":{"id":"bikerack:7a1c8f05-e9f9-4352-bd13-ff2a05a0ab99","kind":"bikerack","longitude":12.3596226,"latitude":51.377161,"name":"Fahrradabstellplatz","city":"Leipzig","address":null,"covered":false,"access":null,"website":null,"phone":null,"source":"OpenStreetMap/way/1041872461","sourceUpdatedAt":null,"verifiedAt":null}},{"type":"Feature","geometry":{"type":"Point","coordinates":[12.3498169,51.3766221]},"properties":{"id":"bikerack:7a2305c9-8d0e-41a0-bbc1-6f78eeb3926e","kind":"bikerack","longitude":12.3498169,"latitude":51.3766221,"name":"Fahrradabstellplatz","city":"Leipzig","address":null,"covered":false,"access":null,"website":null,"phone":null,"source":"OpenStreetMap/node/9522095820","sourceUpdatedAt":null,"verifiedAt":null}},{"type":"Feature","geometry":{"type":"Point","coordinates":[12.3592068,51.3806817]},"properties":{"id":"bikerack:7b21336e-80a9-4ac4-9c4d-96e52a2fd82a","kind":"bikerack","longitude":12.3592068,"latitude":51.3806817,"name":"Fahrradabstellplatz","city":"Leipzig","address":null,"covered":false,"access":null,"website":null,"phone":null,"source":"OpenStreetMap/node/9523940785","sourceUpdatedAt":null,"verifiedAt":null}},{"type":"Feature","geometry":{"type":"Point","coordinates":[12.391709,51.3764608]},"properties":{"id":"bikerack:7ee304d5-6055-450d-b061-60ef7bcaf30b","kind":"bikerack","longitude":12.391709,"latitude":51.3764608,"name":"Fahrradabstellplatz","city":"Leipzig","address":null,"covered":false,"access":null,"website":null,"phone":null,"source":"OpenStreetMap/node/1179210746","sourceUpdatedAt":null,"verifiedAt":null}},{"type":"Feature","geometry":{"type":"Point","coordinates":[12.3528723,51.3728774]},"properties":{"id":"bikerack:80c11a61-9262-4298-9dcd-a5a82378e7ef","kind":"bikerack","longitude":12.3528723,"latitude":51.3728774,"name":"Fahrradabstellplatz","city":"Leipzig","address":null,"covered":false,"access":null,"website":null,"phone":null,"source":"OpenStreetMap/node/9104170685","sourceUpdatedAt":null,"verifiedAt":null}},{"type":"Feature","geometry":{"type":"Point","coordinates":[12.368353,51.3759071]},"properties":{"id":"bikerack:81733988-8660-4823-8adb-8e027d64f831","kind":"bikerack","longitude":12.368353,"latitude":51.3759071,"name":"Fahrradabstellplatz","city":"Leipzig","address":null,"covered":false,"access":null,"website":null,"phone":null,"source":"OpenStreetMap/node/10033981545","sourceUpdatedAt":null,"verifiedAt":null}},{"type":"Feature","geometry":{"type":"Point","coordinates":[12.3538067,51.3722932]},"properties":{"id":"bikerack:84781cae-cfc7-4f44-8838-baf1c7b2d722","kind":"bikerack","longitude":12.3538067,"latitude":51.3722932,"name":"Fahrradabstellplatz","city":"Leipzig","address":null,"covered":false,"access":null,"website":null,"phone":null,"source":"OpenStreetMap/node/9104170952","sourceUpdatedAt":null,"verifiedAt":null}},{"type":"Feature","geometry":{"type":"Point","coordinates":[12.3605143,51.3809774]},"properties":{"id":"bikerack:848d137e-7265-4370-aa0c-dae772e1ea4c","kind":"bikerack","longitude":12.3605143,"latitude":51.3809774,"name":"Fahrradabstellplatz","city":"Leipzig","address":null,"covered":false,"access":null,"website":null,"phone":null,"source":"OpenStreetMap/node/9523940786","sourceUpdatedAt":null,"verifiedAt":null}},{"type":"Feature","geometry":{"type":"Point","coordinates":[12.3549648,51.372215]},"properties":{"id":"bikerack:8514caed-6a39-40d0-9a3e-d9c1f1ad616b","kind":"bikerack","longitude":12.3549648,"latitude":51.372215,"name":"Fahrradabstellplatz","city":"Leipzig","address":null,"covered":false,"access":null,"website":null,"phone":null,"source":"OpenStreetMap/node/9104170838","sourceUpdatedAt":null,"verifiedAt":null}},{"type":"Feature","geometry":{"type":"Point","coordinates":[12.3517059,51.3769249]},"properties":{"id":"bikerack:8522c8c8-738e-420e-b3f8-e6b9c321d28e","kind":"bikerack","longitude":12.3517059,"latitude":51.3769249,"name":"Fahrradabstellplatz","city":"Leipzig","address":null,"covered":false,"access":null,"website":null,"phone":null,"source":"OpenStreetMap/node/9522044597","sourceUpdatedAt":null,"verifiedAt":null}},{"type":"Feature","geometry":{"type":"Point","coordinates":[12.3539863,51.3722911]},"properties":{"id":"bikerack:859a6803-3dae-4fda-8c95-9900b0a21b4e","kind":"bikerack","longitude":12.3539863,"latitude":51.3722911,"name":"Fahrradabstellplatz","city":"Leipzig","address":null,"covered":false,"access":null,"website":null,"phone":null,"source":"OpenStreetMap/node/9104170940","sourceUpdatedAt":null,"verifiedAt":null}},{"type":"Feature","geometry":{"type":"Point","coordinates":[12.3600551,51.3803421]},"properties":{"id":"bikerack:875838be-e4e2-4cdb-9dab-393d24264e03","kind":"bikerack","longitude":12.3600551,"latitude":51.3803421,"name":"Fahrradabstellplatz","city":"Leipzig","address":null,"covered":false,"access":null,"website":null,"phone":null,"source":"OpenStreetMap/node/9517532529","sourceUpdatedAt":null,"verifiedAt":null}},{"type":"Feature","geometry":{"type":"Point","coordinates":[12.3788221,51.3756997]},"properties":{"id":"bikerack:876c3812-1888-4e58-af21-d8a3ea9ccec2","kind":"bikerack","longitude":12.3788221,"latitude":51.3756997,"name":"Fahrradabstellplatz","city":"Leipzig","address":null,"covered":false,"access":null,"website":null,"phone":null,"source":"OpenStreetMap/node/4019747627","sourceUpdatedAt":null,"verifiedAt":null}},{"type":"Feature","geometry":{"type":"Point","coordinates":[12.3602752,51.3807677]},"properties":{"id":"bikerack:88ad2728-2572-479b-b750-97b62335c24c","kind":"bikerack","longitude":12.3602752,"latitude":51.3807677,"name":"Fahrradabstellplatz","city":"Leipzig","address":null,"covered":false,"access":null,"website":null,"phone":null,"source":"OpenStreetMap/node/9523940782","sourceUpdatedAt":null,"verifiedAt":null}},{"type":"Feature","geometry":{"type":"Point","coordinates":[12.3616888,51.3806271]},"properties":{"id":"bikerack:8a5efcdf-6e75-4b87-8e0e-a9fcb24bd1c3","kind":"bikerack","longitude":12.3616888,"latitude":51.3806271,"name":"Fahrradabstellplatz","city":"Leipzig","address":null,"covered":false,"access":null,"website":null,"phone":null,"source":"OpenStreetMap/node/9517532548","sourceUpdatedAt":null,"verifiedAt":null}},{"type":"Feature","geometry":{"type":"Point","coordinates":[12.349858,51.3768521]},"properties":{"id":"bikerack:8b416ffa-7a1b-4197-ba8d-08a59953bd3c","kind":"bikerack","longitude":12.349858,"latitude":51.3768521,"name":"Fahrradabstellplatz","city":"Leipzig","address":null,"covered":false,"access":null,"website":null,"phone":null,"source":"OpenStreetMap/node/9522095818","sourceUpdatedAt":null,"verifiedAt":null}},{"type":"Feature","geometry":{"type":"Point","coordinates":[12.3622429,51.3812895]},"properties":{"id":"bikerack:8bd18c79-e481-4bed-893c-9355dce3b8b1","kind":"bikerack","longitude":12.3622429,"latitude":51.3812895,"name":"Fahrradabstellplatz","city":"Leipzig","address":null,"covered":false,"access":null,"website":null,"phone":null,"source":"OpenStreetMap/node/9523940791","sourceUpdatedAt":null,"verifiedAt":null}},{"type":"Feature","geometry":{"type":"Point","coordinates":[12.3687434,51.3757129]},"properties":{"id":"bikerack:8cacb793-6b39-4862-a53b-5b2b8d8dcf93","kind":"bikerack","longitude":12.3687434,"latitude":51.3757129,"name":"Fahrradabstellplatz","city":"Leipzig","address":null,"covered":false,"access":null,"website":null,"phone":null,"source":"OpenStreetMap/node/8662982664","sourceUpdatedAt":null,"verifiedAt":null}},{"type":"Feature","geometry":{"type":"Point","coordinates":[12.3563041,51.3793211]},"properties":{"id":"bikerack:8d237b73-e3ec-4a99-abe0-50f117f9811f","kind":"bikerack","longitude":12.3563041,"latitude":51.3793211,"name":"Fahrradabstellplatz","city":"Leipzig","address":null,"covered":true,"access":null,"website":null,"phone":null,"source":"OpenStreetMap/way/722061295","sourceUpdatedAt":null,"verifiedAt":null}},{"type":"Feature","geometry":{"type":"Point","coordinates":[12.3553052,51.3815447]},"properties":{"id":"bikerack:8ee7fb97-7a78-421f-b5e0-ed3c0fd52052","kind":"bikerack","longitude":12.3553052,"latitude":51.3815447,"name":"Fahrradabstellplatz","city":"Leipzig","address":null,"covered":false,"access":null,"website":null,"phone":null,"source":"OpenStreetMap/node/4710982953","sourceUpdatedAt":null,"verifiedAt":null}},{"type":"Feature","geometry":{"type":"Point","coordinates":[12.3593462,51.3769511]},"properties":{"id":"bikerack:90150315-1da8-47c3-8e2b-37cf183c2a9a","kind":"bikerack","longitude":12.3593462,"latitude":51.3769511,"name":"Fahrradabstellplatz","city":"Leipzig","address":null,"covered":false,"access":null,"website":null,"phone":null,"source":"OpenStreetMap/way/1042848492","sourceUpdatedAt":null,"verifiedAt":null}},{"type":"Feature","geometry":{"type":"Point","coordinates":[12.3635348,51.3815908]},"properties":{"id":"bikerack:9043bbe4-dceb-434e-bb19-6ed6d0ef7c88","kind":"bikerack","longitude":12.3635348,"latitude":51.3815908,"name":"Fahrradabstellplatz","city":"Leipzig","address":null,"covered":false,"access":null,"website":null,"phone":null,"source":"OpenStreetMap/node/9523940794","sourceUpdatedAt":null,"verifiedAt":null}},{"type":"Feature","geometry":{"type":"Point","coordinates":[12.3810854,51.3724304]},"properties":{"id":"bikerack:90e407af-3ce4-465d-ab97-dada4196e224","kind":"bikerack","longitude":12.3810854,"latitude":51.3724304,"name":"Fahrradabstellplatz","city":"Leipzig","address":null,"covered":false,"access":null,"website":null,"phone":null,"source":"OpenStreetMap/node/5099062521","sourceUpdatedAt":null,"verifiedAt":null}},{"type":"Feature","geometry":{"type":"Point","coordinates":[12.3505923,51.3774418]},"properties":{"id":"bikerack:912665a7-fb89-464a-b4d6-71811fdf698e","kind":"bikerack","longitude":12.3505923,"latitude":51.3774418,"name":"Fahrradabstellplatz","city":"Leipzig","address":null,"covered":false,"access":null,"website":null,"phone":null,"source":"OpenStreetMap/node/9522044606","sourceUpdatedAt":null,"verifiedAt":null}},{"type":"Feature","geometry":{"type":"Point","coordinates":[12.360302,51.3806612]},"properties":{"id":"bikerack:91e4a019-b2cb-4085-9b51-4c489cd569f7","kind":"bikerack","longitude":12.360302,"latitude":51.3806612,"name":"Fahrradabstellplatz","city":"Leipzig","address":null,"covered":false,"access":null,"website":null,"phone":null,"source":"OpenStreetMap/node/9523940781","sourceUpdatedAt":null,"verifiedAt":null}},{"type":"Feature","geometry":{"type":"Point","coordinates":[12.3520014,51.3719466]},"properties":{"id":"bikerack:931223a0-d1c2-494d-a111-0c4fc0a27aff","kind":"bikerack","longitude":12.3520014,"latitude":51.3719466,"name":"Fahrradabstellplatz","city":"Leipzig","address":null,"covered":false,"access":null,"website":null,"phone":null,"source":"OpenStreetMap/node/9163101447","sourceUpdatedAt":null,"verifiedAt":null}},{"type":"Feature","geometry":{"type":"Point","coordinates":[12.386765,51.3780425]},"properties":{"id":"bikerack:93a5e2a5-e907-4507-b6a3-1b12bc176c03","kind":"bikerack","longitude":12.386765,"latitude":51.3780425,"name":"Fahrradabstellplatz","city":"Leipzig","address":null,"covered":false,"access":null,"website":null,"phone":null,"source":"OpenStreetMap/way/842080496","sourceUpdatedAt":null,"verifiedAt":null}},{"type":"Feature","geometry":{"type":"Point","coordinates":[12.3531504,51.3816126]},"properties":{"id":"bikerack:93b84d68-a420-49b9-b14f-8951ccc75f40","kind":"bikerack","longitude":12.3531504,"latitude":51.3816126,"name":"Fahrradabstellplatz","city":"Leipzig","address":null,"covered":false,"access":null,"website":null,"phone":null,"source":"OpenStreetMap/node/4712224849","sourceUpdatedAt":null,"verifiedAt":null}},{"type":"Feature","geometry":{"type":"Point","coordinates":[12.3681301,51.3767174]},"properties":{"id":"bikerack:96a2582f-2bc5-4e5d-a17e-89f3e3b3cb5d","kind":"bikerack","longitude":12.3681301,"latitude":51.3767174,"name":"Fahrradabstellplatz","city":"Leipzig","address":null,"covered":false,"access":null,"website":null,"phone":null,"source":"OpenStreetMap/node/1655885806","sourceUpdatedAt":null,"verifiedAt":null}},{"type":"Feature","geometry":{"type":"Point","coordinates":[12.3546989,51.3726585]},"properties":{"id":"bikerack:97179086-1a7c-4de5-8ad7-ae7a35f7681b","kind":"bikerack","longitude":12.3546989,"latitude":51.3726585,"name":"Fahrradabstellplatz","city":"Leipzig","address":null,"covered":false,"access":null,"website":null,"phone":null,"source":"OpenStreetMap/node/9104170779","sourceUpdatedAt":null,"verifiedAt":null}},{"type":"Feature","geometry":{"type":"Point","coordinates":[12.3687531,51.3758897]},"properties":{"id":"bikerack:974827ba-ff6f-429c-9694-e4911943b3fc","kind":"bikerack","longitude":12.3687531,"latitude":51.3758897,"name":"Fahrradabstellplatz","city":"Leipzig","address":null,"covered":false,"access":null,"website":null,"phone":null,"source":"OpenStreetMap/node/8662973229","sourceUpdatedAt":null,"verifiedAt":null}},{"type":"Feature","geometry":{"type":"Point","coordinates":[12.3537632,51.3727384]},"properties":{"id":"bikerack:9769e2ff-2164-45f9-b920-a307e655396a","kind":"bikerack","longitude":12.3537632,"latitude":51.3727384,"name":"Fahrradabstellplatz","city":"Leipzig","address":null,"covered":false,"access":null,"website":null,"phone":null,"source":"OpenStreetMap/node/9104170752","sourceUpdatedAt":null,"verifiedAt":null}},{"type":"Feature","geometry":{"type":"Point","coordinates":[12.3613386,51.3807069]},"properties":{"id":"bikerack:9825fcad-a6a7-4704-a6e0-d5d662f50600","kind":"bikerack","longitude":12.3613386,"latitude":51.3807069,"name":"Fahrradabstellplatz","city":"Leipzig","address":null,"covered":false,"access":null,"website":null,"phone":null,"source":"OpenStreetMap/node/9517532546","sourceUpdatedAt":null,"verifiedAt":null}},{"type":"Feature","geometry":{"type":"Point","coordinates":[12.3595551,51.3759612]},"properties":{"id":"bikerack:9894ca17-3733-4060-99d8-1532f01b2ac2","kind":"bikerack","longitude":12.3595551,"latitude":51.3759612,"name":"Fahrradabstellplatz","city":"Leipzig","address":null,"covered":false,"access":null,"website":null,"phone":null,"source":"OpenStreetMap/node/9597252031","sourceUpdatedAt":null,"verifiedAt":null}},{"type":"Feature","geometry":{"type":"Point","coordinates":[12.3515779,51.3762645]},"properties":{"id":"bikerack:995f3e9b-0956-42aa-b7f1-5663853bab5b","kind":"bikerack","longitude":12.3515779,"latitude":51.3762645,"name":"Fahrradabstellplatz","city":"Leipzig","address":null,"covered":false,"access":null,"website":null,"phone":null,"source":"OpenStreetMap/node/9522044599","sourceUpdatedAt":null,"verifiedAt":null}},{"type":"Feature","geometry":{"type":"Point","coordinates":[12.3621299,51.372484]},"properties":{"id":"bikerack:99b1fd8e-fbfa-45bb-b664-6ae1d72fba31","kind":"bikerack","longitude":12.3621299,"latitude":51.372484,"name":"Fahrradabstellplatz","city":"Leipzig","address":null,"covered":false,"access":null,"website":null,"phone":null,"source":"OpenStreetMap/node/9879158536","sourceUpdatedAt":null,"verifiedAt":null}},{"type":"Feature","geometry":{"type":"Point","coordinates":[12.3596694,51.3764111]},"properties":{"id":"bikerack:9a203059-34c3-45af-86d8-332083766fa3","kind":"bikerack","longitude":12.3596694,"latitude":51.3764111,"name":"Fahrradabstellplatz","city":"Leipzig","address":null,"covered":false,"access":null,"website":null,"phone":null,"source":"OpenStreetMap/way/1042620326","sourceUpdatedAt":null,"verifiedAt":null}},{"type":"Feature","geometry":{"type":"Point","coordinates":[12.3628851,51.3813429]},"properties":{"id":"bikerack:9a4bfdc0-fa79-4cdf-8c9f-3f48bffb35b2","kind":"bikerack","longitude":12.3628851,"latitude":51.3813429,"name":"Fahrradabstellplatz","city":"Leipzig","address":null,"covered":false,"access":null,"website":null,"phone":null,"source":"OpenStreetMap/node/9523940796","sourceUpdatedAt":null,"verifiedAt":null}},{"type":"Feature","geometry":{"type":"Point","coordinates":[12.3631015,51.3724646]},"properties":{"id":"bikerack:9bc4c505-b0f3-4f67-b901-9d34ee1fc45e","kind":"bikerack","longitude":12.3631015,"latitude":51.3724646,"name":"Fahrradabstellplatz","city":"Leipzig","address":null,"covered":false,"access":null,"website":null,"phone":null,"source":"OpenStreetMap/node/8669483721","sourceUpdatedAt":null,"verifiedAt":null}},{"type":"Feature","geometry":{"type":"Point","coordinates":[12.3687211,51.3753856]},"properties":{"id":"bikerack:9c75ab08-d00e-4127-b33b-46d9aea3e1dd","kind":"bikerack","longitude":12.3687211,"latitude":51.3753856,"name":"Fahrradabstellplatz","city":"Leipzig","address":null,"covered":false,"access":null,"website":null,"phone":null,"source":"OpenStreetMap/node/8662982939","sourceUpdatedAt":null,"verifiedAt":null}},{"type":"Feature","geometry":{"type":"Point","coordinates":[12.3551612,51.3807764]},"properties":{"id":"bikerack:9cc76ed0-4509-43ce-9a5d-c147180f043a","kind":"bikerack","longitude":12.3551612,"latitude":51.3807764,"name":"Fahrradabstellplatz","city":"Leipzig","address":null,"covered":true,"access":null,"website":null,"phone":null,"source":"OpenStreetMap/way/722061319","sourceUpdatedAt":null,"verifiedAt":null}},{"type":"Feature","geometry":{"type":"Point","coordinates":[12.3644818,51.3787141]},"properties":{"id":"bikerack:9cdf98a7-acb3-4fa2-b265-61a6621c2469","kind":"bikerack","longitude":12.3644818,"latitude":51.3787141,"name":"Fahrradabstellplatz","city":"Leipzig","address":null,"covered":false,"access":null,"website":null,"phone":null,"source":"OpenStreetMap/node/9377387653","sourceUpdatedAt":null,"verifiedAt":null}},{"type":"Feature","geometry":{"type":"Point","coordinates":[12.363082,51.3723252]},"properties":{"id":"bikerack:9da06f62-c959-43ee-af17-aaab208e50f9","kind":"bikerack","longitude":12.363082,"latitude":51.3723252,"name":"Fahrradabstellplatz","city":"Leipzig","address":null,"covered":false,"access":null,"website":null,"phone":null,"source":"OpenStreetMap/node/8669479223","sourceUpdatedAt":null,"verifiedAt":null}},{"type":"Feature","geometry":{"type":"Point","coordinates":[12.3786612,51.3755233]},"properties":{"id":"bikerack:9dd383df-f64c-4fed-aed0-57a89e209e24","kind":"bikerack","longitude":12.3786612,"latitude":51.3755233,"name":"Fahrradabstellplatz","city":"Leipzig","address":null,"covered":false,"access":null,"website":null,"phone":null,"source":"OpenStreetMap/node/4019747626","sourceUpdatedAt":null,"verifiedAt":null}},{"type":"Feature","geometry":{"type":"Point","coordinates":[12.365863,51.3758286]},"properties":{"id":"bikerack:9f0dd6d1-859d-409c-8fb0-d7ae29c17c4d","kind":"bikerack","longitude":12.365863,"latitude":51.3758286,"name":"Fahrradabstellplatz","city":"Leipzig","address":null,"covered":false,"access":null,"website":null,"phone":null,"source":"OpenStreetMap/node/9995251982","sourceUpdatedAt":null,"verifiedAt":null}},{"type":"Feature","geometry":{"type":"Point","coordinates":[12.3763933,51.3753383]},"properties":{"id":"bikerack:9f691061-5ccc-4ba7-9b0d-791ac4127962","kind":"bikerack","longitude":12.3763933,"latitude":51.3753383,"name":"Fahrradabstellplatz","city":"Leipzig","address":null,"covered":false,"access":null,"website":null,"phone":null,"source":"OpenStreetMap/node/8662982834","sourceUpdatedAt":null,"verifiedAt":null}},{"type":"Feature","geometry":{"type":"Point","coordinates":[12.3579933,51.3781268]},"properties":{"id":"bikerack:9ffe68e9-c034-4b73-9e9e-961039a9bcdd","kind":"bikerack","longitude":12.3579933,"latitude":51.3781268,"name":"Fahrradabstellplatz","city":"Leipzig","address":null,"covered":false,"access":null,"website":null,"phone":null,"source":"OpenStreetMap/node/9623940336","sourceUpdatedAt":null,"verifiedAt":null}},{"type":"Feature","geometry":{"type":"Point","coordinates":[12.3597839,51.3799713]},"properties":{"id":"bikerack:a023cb51-16d5-4d86-96aa-2549c790224f","kind":"bikerack","longitude":12.3597839,"latitude":51.3799713,"name":"Fahrradabstellplatz","city":"Leipzig","address":null,"covered":false,"access":null,"website":null,"phone":null,"source":"OpenStreetMap/node/9517532538","sourceUpdatedAt":null,"verifiedAt":null}},{"type":"Feature","geometry":{"type":"Point","coordinates":[12.3540272,51.3722887]},"properties":{"id":"bikerack:a16dea7c-8880-47c3-ad0d-885a75b04a83","kind":"bikerack","longitude":12.3540272,"latitude":51.3722887,"name":"Fahrradabstellplatz","city":"Leipzig","address":null,"covered":false,"access":null,"website":null,"phone":null,"source":"OpenStreetMap/node/9104170931","sourceUpdatedAt":null,"verifiedAt":null}},{"type":"Feature","geometry":{"type":"Point","coordinates":[12.3643145,51.3804361]},"properties":{"id":"bikerack:a180790f-c3c8-4030-a8db-9ac4e10a8a30","kind":"bikerack","longitude":12.3643145,"latitude":51.3804361,"name":"Fahrradabstellplatz","city":"Leipzig","address":null,"covered":false,"access":null,"website":null,"phone":null,"source":"OpenStreetMap/node/9517564843","sourceUpdatedAt":null,"verifiedAt":null}},{"type":"Feature","geometry":{"type":"Point","coordinates":[12.3594198,51.380704]},"properties":{"id":"bikerack:a380415c-be99-42c4-b50f-6c7e5ba4886a","kind":"bikerack","longitude":12.3594198,"latitude":51.380704,"name":"Fahrradabstellplatz","city":"Leipzig","address":null,"covered":false,"access":null,"website":null,"phone":null,"source":"OpenStreetMap/node/9523940784","sourceUpdatedAt":null,"verifiedAt":null}},{"type":"Feature","geometry":{"type":"Point","coordinates":[12.3668635,51.3718078]},"properties":{"id":"bikerack:a444b68e-3100-4924-8fb9-2375a2e5a04a","kind":"bikerack","longitude":12.3668635,"latitude":51.3718078,"name":"Fahrradabstellplatz","city":"Leipzig","address":null,"covered":false,"access":null,"website":null,"phone":null,"source":"OpenStreetMap/node/10287584514","sourceUpdatedAt":null,"verifiedAt":null}},{"type":"Feature","geometry":{"type":"Point","coordinates":[12.3620127,51.3733863]},"properties":{"id":"bikerack:a6874b41-295c-4f2e-a3d7-f3cfaa88f318","kind":"bikerack","longitude":12.3620127,"latitude":51.3733863,"name":"Fahrradabstellplatz","city":"Leipzig","address":null,"covered":false,"access":null,"website":null,"phone":null,"source":"OpenStreetMap/node/9879158605","sourceUpdatedAt":null,"verifiedAt":null}},{"type":"Feature","geometry":{"type":"Point","coordinates":[12.3501096,51.3768442]},"properties":{"id":"bikerack:a6a61c71-7ac7-4e4d-8185-d573888e4e69","kind":"bikerack","longitude":12.3501096,"latitude":51.3768442,"name":"Fahrradabstellplatz","city":"Leipzig","address":null,"covered":false,"access":null,"website":null,"phone":null,"source":"OpenStreetMap/node/9522044603","sourceUpdatedAt":null,"verifiedAt":null}},{"type":"Feature","geometry":{"type":"Point","coordinates":[12.3718488,51.393339]},"properties":{"id":"bikerack:a821c575-dc68-4444-87e2-94e68e44858b","kind":"bikerack","longitude":12.3718488,"latitude":51.393339,"name":"Fahrradabstellplatz","city":"Rackwitz","address":null,"covered":false,"access":null,"website":null,"phone":null,"source":"OpenStreetMap/way/645002978","sourceUpdatedAt":null,"verifiedAt":null}},{"type":"Feature","geometry":{"type":"Point","coordinates":[12.3630773,51.3805915]},"properties":{"id":"bikerack:a8782b90-4d90-48cd-9b95-ce26007d1924","kind":"bikerack","longitude":12.3630773,"latitude":51.3805915,"name":"Fahrradabstellplatz","city":"Leipzig","address":null,"covered":false,"access":null,"website":null,"phone":null,"source":"OpenStreetMap/node/9523940803","sourceUpdatedAt":null,"verifiedAt":null}},{"type":"Feature","geometry":{"type":"Point","coordinates":[12.3639079,51.3814053]},"properties":{"id":"bikerack:a9718837-90e6-46a4-8364-e501d55003aa","kind":"bikerack","longitude":12.3639079,"latitude":51.3814053,"name":"Fahrradabstellplatz","city":"Leipzig","address":null,"covered":false,"access":null,"website":null,"phone":null,"source":"OpenStreetMap/node/9517564851","sourceUpdatedAt":null,"verifiedAt":null}},{"type":"Feature","geometry":{"type":"Point","coordinates":[12.3501294,51.3770564]},"properties":{"id":"bikerack:a9c36372-814d-41cf-83a8-27d542c9384a","kind":"bikerack","longitude":12.3501294,"latitude":51.3770564,"name":"Fahrradabstellplatz","city":"Leipzig","address":null,"covered":false,"access":null,"website":null,"phone":null,"source":"OpenStreetMap/node/9522044604","sourceUpdatedAt":null,"verifiedAt":null}},{"type":"Feature","geometry":{"type":"Point","coordinates":[12.3634336,51.3801384]},"properties":{"id":"bikerack:a9ce2e1f-8db2-4ab4-8286-9984a1eddc7a","kind":"bikerack","longitude":12.3634336,"latitude":51.3801384,"name":"Fahrradabstellplatz","city":"Leipzig","address":null,"covered":false,"access":null,"website":null,"phone":null,"source":"OpenStreetMap/node/9517564836","sourceUpdatedAt":null,"verifiedAt":null}},{"type":"Feature","geometry":{"type":"Point","coordinates":[12.3643773,51.3801771]},"properties":{"id":"bikerack:aa406f9f-640f-4f77-bf8a-1199353c1685","kind":"bikerack","longitude":12.3643773,"latitude":51.3801771,"name":"Fahrradabstellplatz","city":"Leipzig","address":null,"covered":false,"access":null,"website":null,"phone":null,"source":"OpenStreetMap/node/9517564842","sourceUpdatedAt":null,"verifiedAt":null}},{"type":"Feature","geometry":{"type":"Point","coordinates":[12.3527575,51.3723933]},"properties":{"id":"bikerack:ac7d35a7-6227-42b7-acc1-aa49ccac71de","kind":"bikerack","longitude":12.3527575,"latitude":51.3723933,"name":"Fahrradabstellplatz","city":"Leipzig","address":null,"covered":false,"access":null,"website":null,"phone":null,"source":"OpenStreetMap/node/9104171476","sourceUpdatedAt":null,"verifiedAt":null}},{"type":"Feature","geometry":{"type":"Point","coordinates":[12.3530303,51.3727933]},"properties":{"id":"bikerack:af9b7e8c-4cdd-4c97-aefe-f981e9eaa93b","kind":"bikerack","longitude":12.3530303,"latitude":51.3727933,"name":"Fahrradabstellplatz","city":"Leipzig","address":null,"covered":false,"access":null,"website":null,"phone":null,"source":"OpenStreetMap/node/9104170671","sourceUpdatedAt":null,"verifiedAt":null}},{"type":"Feature","geometry":{"type":"Point","coordinates":[12.3641211,51.3806578]},"properties":{"id":"bikerack:afccb73c-fd70-4421-9ecc-6bbf6515a7a9","kind":"bikerack","longitude":12.3641211,"latitude":51.3806578,"name":"Fahrradabstellplatz","city":"Leipzig","address":null,"covered":false,"access":null,"website":null,"phone":null,"source":"OpenStreetMap/node/9517564845","sourceUpdatedAt":null,"verifiedAt":null}},{"type":"Feature","geometry":{"type":"Point","coordinates":[12.3749993,51.3927152]},"properties":{"id":"bikerack:b023bfc7-7b85-4c7d-95b6-6ea0be6b69ec","kind":"bikerack","longitude":12.3749993,"latitude":51.3927152,"name":"Fahrradabstellplatz","city":"Rackwitz","address":null,"covered":false,"access":null,"website":null,"phone":null,"source":"OpenStreetMap/node/12230170392","sourceUpdatedAt":null,"verifiedAt":null}},{"type":"Feature","geometry":{"type":"Point","coordinates":[12.3637619,51.3752043]},"properties":{"id":"bikerack:b0ade7f2-4a00-405a-a9d6-35253d758497","kind":"bikerack","longitude":12.3637619,"latitude":51.3752043,"name":"Fahrradabstellplatz","city":"Leipzig","address":null,"covered":false,"access":null,"website":null,"phone":null,"source":"OpenStreetMap/node/9272315935","sourceUpdatedAt":null,"verifiedAt":null}},{"type":"Feature","geometry":{"type":"Point","coordinates":[12.3671009,51.3754966]},"properties":{"id":"bikerack:b0efcdb6-d09c-4748-a39b-f424d41f554b","kind":"bikerack","longitude":12.3671009,"latitude":51.3754966,"name":"Fahrradabstellplatz","city":"Leipzig","address":null,"covered":false,"access":null,"website":null,"phone":null,"source":"OpenStreetMap/node/9999759225","sourceUpdatedAt":null,"verifiedAt":null}},{"type":"Feature","geometry":{"type":"Point","coordinates":[12.362713,51.3805943]},"properties":{"id":"bikerack:b1b7734d-8f0f-4e6d-9fed-66fe283102f3","kind":"bikerack","longitude":12.362713,"latitude":51.3805943,"name":"Fahrradabstellplatz","city":"Leipzig","address":null,"covered":false,"access":null,"website":null,"phone":null,"source":"OpenStreetMap/node/9523940804","sourceUpdatedAt":null,"verifiedAt":null}},{"type":"Feature","geometry":{"type":"Point","coordinates":[12.3631246,51.3725959]},"properties":{"id":"bikerack:b52e6499-9142-4d1d-9071-ed121e4b9b31","kind":"bikerack","longitude":12.3631246,"latitude":51.3725959,"name":"Fahrradabstellplatz","city":"Leipzig","address":null,"covered":false,"access":null,"website":null,"phone":null,"source":"OpenStreetMap/node/8669479846","sourceUpdatedAt":null,"verifiedAt":null}},{"type":"Feature","geometry":{"type":"Point","coordinates":[12.3549867,51.3722132]},"properties":{"id":"bikerack:b69207e9-db8c-4876-84bb-c4b61476bf14","kind":"bikerack","longitude":12.3549867,"latitude":51.3722132,"name":"Fahrradabstellplatz","city":"Leipzig","address":null,"covered":false,"access":null,"website":null,"phone":null,"source":"OpenStreetMap/node/9104170837","sourceUpdatedAt":null,"verifiedAt":null}},{"type":"Feature","geometry":{"type":"Point","coordinates":[12.3771964,51.3832614]},"properties":{"id":"bikerack:b8be6f6f-240d-43c4-ae16-85bd6ef71f05","kind":"bikerack","longitude":12.3771964,"latitude":51.3832614,"name":"Fahrradabstellplatz","city":"Leipzig","address":null,"covered":false,"access":null,"website":null,"phone":null,"source":"OpenStreetMap/node/7669013042","sourceUpdatedAt":null,"verifiedAt":null}},{"type":"Feature","geometry":{"type":"Point","coordinates":[12.3616614,51.3807332]},"properties":{"id":"bikerack:b8e1497b-49d9-4f13-be1e-00e14b1a969c","kind":"bikerack","longitude":12.3616614,"latitude":51.3807332,"name":"Fahrradabstellplatz","city":"Leipzig","address":null,"covered":false,"access":null,"website":null,"phone":null,"source":"OpenStreetMap/node/9517532549","sourceUpdatedAt":null,"verifiedAt":null}},{"type":"Feature","geometry":{"type":"Point","coordinates":[12.3551793,51.3816362]},"properties":{"id":"bikerack:b90d0951-d4b8-46d6-861b-dbd1a9080226","kind":"bikerack","longitude":12.3551793,"latitude":51.3816362,"name":"Fahrradabstellplatz","city":"Leipzig","address":null,"covered":true,"access":null,"website":null,"phone":null,"source":"OpenStreetMap/node/5364205947","sourceUpdatedAt":null,"verifiedAt":null}},{"type":"Feature","geometry":{"type":"Point","coordinates":[12.3751196,51.3830977]},"properties":{"id":"bikerack:b914d6b3-e4a9-44c2-8f63-9b98ce0442a2","kind":"bikerack","longitude":12.3751196,"latitude":51.3830977,"name":"Fahrradabstellplatz","city":"Leipzig","address":null,"covered":false,"access":null,"website":null,"phone":null,"source":"OpenStreetMap/node/7659212555","sourceUpdatedAt":null,"verifiedAt":null}},{"type":"Feature","geometry":{"type":"Point","coordinates":[12.3895292,51.3961434]},"properties":{"id":"bikerack:b97585f8-5adb-4355-b50c-33d13864c00d","kind":"bikerack","longitude":12.3895292,"latitude":51.3961434,"name":"Fahrradabstellplatz","city":"Rackwitz","address":null,"covered":true,"access":null,"website":null,"phone":null,"source":"OpenStreetMap/node/3822324336","sourceUpdatedAt":null,"verifiedAt":null}},{"type":"Feature","geometry":{"type":"Point","coordinates":[12.3640132,51.3809762]},"properties":{"id":"bikerack:bb008bbe-05c3-4f43-9fa4-af5108a18e72","kind":"bikerack","longitude":12.3640132,"latitude":51.3809762,"name":"Fahrradabstellplatz","city":"Leipzig","address":null,"covered":false,"access":null,"website":null,"phone":null,"source":"OpenStreetMap/node/9517564847","sourceUpdatedAt":null,"verifiedAt":null}},{"type":"Feature","geometry":{"type":"Point","coordinates":[12.351553,51.3761189]},"properties":{"id":"bikerack:bb07b44e-7e86-4951-a3ec-019c9d67700a","kind":"bikerack","longitude":12.351553,"latitude":51.3761189,"name":"Fahrradabstellplatz","city":"Leipzig","address":null,"covered":false,"access":null,"website":null,"phone":null,"source":"OpenStreetMap/node/9522044600","sourceUpdatedAt":null,"verifiedAt":null}},{"type":"Feature","geometry":{"type":"Point","coordinates":[12.3809294,51.372175]},"properties":{"id":"bikerack:bb16a473-1aef-46bf-9fb6-bffe48e17e18","kind":"bikerack","longitude":12.3809294,"latitude":51.372175,"name":"Fahrradabstellplatz","city":"Leipzig","address":null,"covered":false,"access":null,"website":null,"phone":null,"source":"OpenStreetMap/node/13121091345","sourceUpdatedAt":null,"verifiedAt":null}},{"type":"Feature","geometry":{"type":"Point","coordinates":[12.3624069,51.3750395]},"properties":{"id":"bikerack:bc36dd29-decc-4357-b46a-33fec88ff08a","kind":"bikerack","longitude":12.3624069,"latitude":51.3750395,"name":"Fahrradabstellplatz","city":"Leipzig","address":null,"covered":false,"access":null,"website":null,"phone":null,"source":"OpenStreetMap/node/9795238054","sourceUpdatedAt":null,"verifiedAt":null}},{"type":"Feature","geometry":{"type":"Point","coordinates":[12.3551663,51.3726322]},"properties":{"id":"bikerack:bc9ddec4-61dd-456f-a9c7-8d3712ddb2a7","kind":"bikerack","longitude":12.3551663,"latitude":51.3726322,"name":"Fahrradabstellplatz","city":"Leipzig","address":null,"covered":false,"access":null,"website":null,"phone":null,"source":"OpenStreetMap/node/9104170805","sourceUpdatedAt":null,"verifiedAt":null}},{"type":"Feature","geometry":{"type":"Point","coordinates":[12.3551341,51.3816063]},"properties":{"id":"bikerack:bd8323dc-be93-4772-8dca-af3ba505ef6b","kind":"bikerack","longitude":12.3551341,"latitude":51.3816063,"name":"Fahrradabstellplatz","city":"Leipzig","address":null,"covered":true,"access":null,"website":null,"phone":null,"source":"OpenStreetMap/node/2546215715","sourceUpdatedAt":null,"verifiedAt":null}},{"type":"Feature","geometry":{"type":"Point","coordinates":[12.3537499,51.3727392]},"properties":{"id":"bikerack:bdc19600-d10f-4840-b522-768ed5ea6b05","kind":"bikerack","longitude":12.3537499,"latitude":51.3727392,"name":"Fahrradabstellplatz","city":"Leipzig","address":null,"covered":false,"access":null,"website":null,"phone":null,"source":"OpenStreetMap/node/9104170753","sourceUpdatedAt":null,"verifiedAt":null}},{"type":"Feature","geometry":{"type":"Point","coordinates":[12.3520039,51.3719564]},"properties":{"id":"bikerack:be0f4103-cf07-49b3-99a8-0786e8124a8a","kind":"bikerack","longitude":12.3520039,"latitude":51.3719564,"name":"Fahrradabstellplatz","city":"Leipzig","address":null,"covered":false,"access":null,"website":null,"phone":null,"source":"OpenStreetMap/node/9163101446","sourceUpdatedAt":null,"verifiedAt":null}},{"type":"Feature","geometry":{"type":"Point","coordinates":[12.3767075,51.3833442]},"properties":{"id":"bikerack:be899ecb-bddc-4eff-9f55-69918712f58d","kind":"bikerack","longitude":12.3767075,"latitude":51.3833442,"name":"Fahrradabstellplatz","city":"Leipzig","address":null,"covered":false,"access":null,"website":null,"phone":null,"source":"OpenStreetMap/way/818434092","sourceUpdatedAt":null,"verifiedAt":null}},{"type":"Feature","geometry":{"type":"Point","coordinates":[12.3629998,51.3809114]},"properties":{"id":"bikerack:bf062f87-eb8c-491d-a228-8ad3e7f29f6e","kind":"bikerack","longitude":12.3629998,"latitude":51.3809114,"name":"Fahrradabstellplatz","city":"Leipzig","address":null,"covered":false,"access":null,"website":null,"phone":null,"source":"OpenStreetMap/node/9523940799","sourceUpdatedAt":null,"verifiedAt":null}},{"type":"Feature","geometry":{"type":"Point","coordinates":[12.3644557,51.3787117]},"properties":{"id":"bikerack:c0ce64b4-4e54-4695-95f7-04e20dc12c5e","kind":"bikerack","longitude":12.3644557,"latitude":51.3787117,"name":"Fahrradabstellplatz","city":"Leipzig","address":null,"covered":false,"access":null,"website":null,"phone":null,"source":"OpenStreetMap/node/9377387651","sourceUpdatedAt":null,"verifiedAt":null}},{"type":"Feature","geometry":{"type":"Point","coordinates":[12.3500577,51.3765426]},"properties":{"id":"bikerack:c1d1ace4-df34-481d-a99b-7c41e217ea75","kind":"bikerack","longitude":12.3500577,"latitude":51.3765426,"name":"Fahrradabstellplatz","city":"Leipzig","address":null,"covered":false,"access":null,"website":null,"phone":null,"source":"OpenStreetMap/node/9522044602","sourceUpdatedAt":null,"verifiedAt":null}},{"type":"Feature","geometry":{"type":"Point","coordinates":[12.3683228,51.375499]},"properties":{"id":"bikerack:c2526553-3f6a-41d1-be13-fe2b43780667","kind":"bikerack","longitude":12.3683228,"latitude":51.375499,"name":"Fahrradabstellplatz","city":"Leipzig","address":null,"covered":false,"access":null,"website":null,"phone":null,"source":"OpenStreetMap/node/10033981542","sourceUpdatedAt":null,"verifiedAt":null}},{"type":"Feature","geometry":{"type":"Point","coordinates":[12.3842529,51.3952283]},"properties":{"id":"bikerack:c42fdd2d-ab08-4565-a639-37646e97ff3f","kind":"bikerack","longitude":12.3842529,"latitude":51.3952283,"name":"Fahrradabstellplatz","city":"Rackwitz","address":null,"covered":false,"access":null,"website":null,"phone":null,"source":"OpenStreetMap/node/2546215717","sourceUpdatedAt":null,"verifiedAt":null}},{"type":"Feature","geometry":{"type":"Point","coordinates":[12.3894875,51.3962205]},"properties":{"id":"bikerack:c4aaac31-443e-49e3-ada2-b482ee25aa2e","kind":"bikerack","longitude":12.3894875,"latitude":51.3962205,"name":"Fahrradabstellplatz","city":"Rackwitz","address":null,"covered":true,"access":null,"website":null,"phone":null,"source":"OpenStreetMap/node/3822324341","sourceUpdatedAt":null,"verifiedAt":null}},{"type":"Feature","geometry":{"type":"Point","coordinates":[12.3596203,51.380724]},"properties":{"id":"bikerack:c5ea1d07-b464-47aa-9e5b-a790cfbb26f5","kind":"bikerack","longitude":12.3596203,"latitude":51.380724,"name":"Fahrradabstellplatz","city":"Leipzig","address":null,"covered":false,"access":null,"website":null,"phone":null,"source":"OpenStreetMap/node/9523940783","sourceUpdatedAt":null,"verifiedAt":null}},{"type":"Feature","geometry":{"type":"Point","coordinates":[12.3593129,51.3775213]},"properties":{"id":"bikerack:c78c2fc1-864b-432e-ae99-2a375ba6950c","kind":"bikerack","longitude":12.3593129,"latitude":51.3775213,"name":"Fahrradabstellplatz","city":"Leipzig","address":null,"covered":false,"access":null,"website":null,"phone":null,"source":"OpenStreetMap/way/1041872459","sourceUpdatedAt":null,"verifiedAt":null}},{"type":"Feature","geometry":{"type":"Point","coordinates":[12.3621387,51.3738434]},"properties":{"id":"bikerack:c84ea84b-4ff2-4d9a-8a93-838a67edbf7c","kind":"bikerack","longitude":12.3621387,"latitude":51.3738434,"name":"Fahrradabstellplatz","city":"Leipzig","address":null,"covered":false,"access":null,"website":null,"phone":null,"source":"OpenStreetMap/node/9879158607","sourceUpdatedAt":null,"verifiedAt":null}},{"type":"Feature","geometry":{"type":"Point","coordinates":[12.3639274,51.3813004]},"properties":{"id":"bikerack:c917ae22-9a9e-4700-8df0-504312a53139","kind":"bikerack","longitude":12.3639274,"latitude":51.3813004,"name":"Fahrradabstellplatz","city":"Leipzig","address":null,"covered":false,"access":null,"website":null,"phone":null,"source":"OpenStreetMap/node/9517564850","sourceUpdatedAt":null,"verifiedAt":null}},{"type":"Feature","geometry":{"type":"Point","coordinates":[12.3596731,51.3759518]},"properties":{"id":"bikerack:c948b9d7-678d-4776-9e7e-0df1e5048c05","kind":"bikerack","longitude":12.3596731,"latitude":51.3759518,"name":"Fahrradabstellplatz","city":"Leipzig","address":null,"covered":false,"access":null,"website":null,"phone":null,"source":"OpenStreetMap/node/9597252032","sourceUpdatedAt":null,"verifiedAt":null}},{"type":"Feature","geometry":{"type":"Point","coordinates":[12.3878394,51.3759761]},"properties":{"id":"bikerack:cd1674e1-ce8b-4ee1-9970-d7aeefe5fdbb","kind":"bikerack","longitude":12.3878394,"latitude":51.3759761,"name":"Fahrradabstellplatz","city":"Leipzig","address":null,"covered":false,"access":null,"website":null,"phone":null,"source":"OpenStreetMap/way/1487268010","sourceUpdatedAt":null,"verifiedAt":null}},{"type":"Feature","geometry":{"type":"Point","coordinates":[12.3675031,51.37179]},"properties":{"id":"bikerack:cd2ca84b-794a-4981-a83c-8de131bb2698","kind":"bikerack","longitude":12.3675031,"latitude":51.37179,"name":"Fahrradabstellplatz","city":"Leipzig","address":null,"covered":false,"access":null,"website":null,"phone":null,"source":"OpenStreetMap/node/13706037972","sourceUpdatedAt":null,"verifiedAt":null}},{"type":"Feature","geometry":{"type":"Point","coordinates":[12.3671257,51.3758093]},"properties":{"id":"bikerack:cdc7e4db-cb0f-438d-885d-3b19b1197f00","kind":"bikerack","longitude":12.3671257,"latitude":51.3758093,"name":"Fahrradabstellplatz","city":"Leipzig","address":null,"covered":false,"access":null,"website":null,"phone":null,"source":"OpenStreetMap/node/9999759223","sourceUpdatedAt":null,"verifiedAt":null}},{"type":"Feature","geometry":{"type":"Point","coordinates":[12.3639844,51.3810839]},"properties":{"id":"bikerack:d0759ce6-93ee-44a8-b93c-82e1b4909680","kind":"bikerack","longitude":12.3639844,"latitude":51.3810839,"name":"Fahrradabstellplatz","city":"Leipzig","address":null,"covered":false,"access":null,"website":null,"phone":null,"source":"OpenStreetMap/node/9517564848","sourceUpdatedAt":null,"verifiedAt":null}},{"type":"Feature","geometry":{"type":"Point","coordinates":[12.3587269,51.3769111]},"properties":{"id":"bikerack:d14a718f-fb2a-4d1b-8a80-c1dd4fef7e40","kind":"bikerack","longitude":12.3587269,"latitude":51.3769111,"name":"Fahrradabstellplatz","city":"Leipzig","address":null,"covered":false,"access":null,"website":null,"phone":null,"source":"OpenStreetMap/node/7890856250","sourceUpdatedAt":null,"verifiedAt":null}},{"type":"Feature","geometry":{"type":"Point","coordinates":[12.3551675,51.3726402]},"properties":{"id":"bikerack:d588851e-a133-460d-b99d-10d4da3c4fb6","kind":"bikerack","longitude":12.3551675,"latitude":51.3726402,"name":"Fahrradabstellplatz","city":"Leipzig","address":null,"covered":false,"access":null,"website":null,"phone":null,"source":"OpenStreetMap/node/9104170804","sourceUpdatedAt":null,"verifiedAt":null}},{"type":"Feature","geometry":{"type":"Point","coordinates":[12.3777903,51.3750568]},"properties":{"id":"bikerack:d6628901-28ee-4291-a2cc-ba71bd03f810","kind":"bikerack","longitude":12.3777903,"latitude":51.3750568,"name":"Fahrradabstellplatz","city":"Leipzig","address":null,"covered":false,"access":null,"website":null,"phone":null,"source":"OpenStreetMap/way/1166200658","sourceUpdatedAt":null,"verifiedAt":null}},{"type":"Feature","geometry":{"type":"Point","coordinates":[12.3560564,51.3759389]},"properties":{"id":"bikerack:d66a0a27-2904-4f2b-91ea-737b72222431","kind":"bikerack","longitude":12.3560564,"latitude":51.3759389,"name":"Fahrradabstellplatz","city":"Leipzig","address":null,"covered":false,"access":null,"website":null,"phone":null,"source":"OpenStreetMap/way/722061303","sourceUpdatedAt":null,"verifiedAt":null}},{"type":"Feature","geometry":{"type":"Point","coordinates":[12.3521301,51.3724241]},"properties":{"id":"bikerack:d69aebb3-0e39-4d5d-b1a5-aa9e750f7f3d","kind":"bikerack","longitude":12.3521301,"latitude":51.3724241,"name":"Fahrradabstellplatz","city":"Leipzig","address":null,"covered":false,"access":null,"website":null,"phone":null,"source":"OpenStreetMap/node/9104171431","sourceUpdatedAt":null,"verifiedAt":null}},{"type":"Feature","geometry":{"type":"Point","coordinates":[12.3809751,51.3724556]},"properties":{"id":"bikerack:d8c3ff91-7043-4fba-a616-30decefb0825","kind":"bikerack","longitude":12.3809751,"latitude":51.3724556,"name":"Fahrradabstellplatz","city":"Leipzig","address":null,"covered":false,"access":null,"website":null,"phone":null,"source":"OpenStreetMap/node/5099040613","sourceUpdatedAt":null,"verifiedAt":null}},{"type":"Feature","geometry":{"type":"Point","coordinates":[12.364427,51.3787092]},"properties":{"id":"bikerack:d970e3b2-2b14-4cfa-9d0f-e939caca4a5f","kind":"bikerack","longitude":12.364427,"latitude":51.3787092,"name":"Fahrradabstellplatz","city":"Leipzig","address":null,"covered":false,"access":null,"website":null,"phone":null,"source":"OpenStreetMap/node/9377387649","sourceUpdatedAt":null,"verifiedAt":null}},{"type":"Feature","geometry":{"type":"Point","coordinates":[12.3522061,51.3728534]},"properties":{"id":"bikerack:d9a6fc85-04b3-4148-8017-38ff2e97cccc","kind":"bikerack","longitude":12.3522061,"latitude":51.3728534,"name":"Fahrradabstellplatz","city":"Leipzig","address":null,"covered":false,"access":null,"website":null,"phone":null,"source":"OpenStreetMap/node/9104171449","sourceUpdatedAt":null,"verifiedAt":null}},{"type":"Feature","geometry":{"type":"Point","coordinates":[12.3637403,51.3751992]},"properties":{"id":"bikerack:da9c631a-e1ae-4009-84c4-7a5489e01585","kind":"bikerack","longitude":12.3637403,"latitude":51.3751992,"name":"Fahrradabstellplatz","city":"Leipzig","address":null,"covered":false,"access":null,"website":null,"phone":null,"source":"OpenStreetMap/node/9272315934","sourceUpdatedAt":null,"verifiedAt":null}},{"type":"Feature","geometry":{"type":"Point","coordinates":[12.3644416,51.3787103]},"properties":{"id":"bikerack:db6d7417-99e9-4d2d-940d-b648fb4077d4","kind":"bikerack","longitude":12.3644416,"latitude":51.3787103,"name":"Fahrradabstellplatz","city":"Leipzig","address":null,"covered":false,"access":null,"website":null,"phone":null,"source":"OpenStreetMap/node/9377387650","sourceUpdatedAt":null,"verifiedAt":null}},{"type":"Feature","geometry":{"type":"Point","coordinates":[12.3593756,51.3799392]},"properties":{"id":"bikerack:db8a0929-003f-4cfe-9c49-3869de6df3cf","kind":"bikerack","longitude":12.3593756,"latitude":51.3799392,"name":"Fahrradabstellplatz","city":"Leipzig","address":null,"covered":false,"access":null,"website":null,"phone":null,"source":"OpenStreetMap/node/9517532536","sourceUpdatedAt":null,"verifiedAt":null}},{"type":"Feature","geometry":{"type":"Point","coordinates":[12.3525149,51.3724115]},"properties":{"id":"bikerack:dc568415-78e7-490e-9c16-e8f71ca0ec5d","kind":"bikerack","longitude":12.3525149,"latitude":51.3724115,"name":"Fahrradabstellplatz","city":"Leipzig","address":null,"covered":false,"access":null,"website":null,"phone":null,"source":"OpenStreetMap/node/9104171445","sourceUpdatedAt":null,"verifiedAt":null}},{"type":"Feature","geometry":{"type":"Point","coordinates":[12.3640313,51.3798883]},"properties":{"id":"bikerack:dd04ff96-e83b-439b-9b1a-e9bf016eb75e","kind":"bikerack","longitude":12.3640313,"latitude":51.3798883,"name":"Fahrradabstellplatz","city":"Leipzig","address":null,"covered":false,"access":null,"website":null,"phone":null,"source":"OpenStreetMap/node/9517564839","sourceUpdatedAt":null,"verifiedAt":null}},{"type":"Feature","geometry":{"type":"Point","coordinates":[12.3528747,51.3728858]},"properties":{"id":"bikerack:dd3b7dd4-c88a-4051-a58a-04802e7dddfd","kind":"bikerack","longitude":12.3528747,"latitude":51.3728858,"name":"Fahrradabstellplatz","city":"Leipzig","address":null,"covered":false,"access":null,"website":null,"phone":null,"source":"OpenStreetMap/node/9104170684","sourceUpdatedAt":null,"verifiedAt":null}},{"type":"Feature","geometry":{"type":"Point","coordinates":[12.3677247,51.3757937]},"properties":{"id":"bikerack:dd525768-f67f-42ac-849f-fb0961b7daed","kind":"bikerack","longitude":12.3677247,"latitude":51.3757937,"name":"Fahrradabstellplatz","city":"Leipzig","address":null,"covered":false,"access":null,"website":null,"phone":null,"source":"OpenStreetMap/node/10033981549","sourceUpdatedAt":null,"verifiedAt":null}},{"type":"Feature","geometry":{"type":"Point","coordinates":[12.3633321,51.3815708]},"properties":{"id":"bikerack:de8484aa-6bd1-4842-9309-fc9f61706060","kind":"bikerack","longitude":12.3633321,"latitude":51.3815708,"name":"Fahrradabstellplatz","city":"Leipzig","address":null,"covered":false,"access":null,"website":null,"phone":null,"source":"OpenStreetMap/node/9523940793","sourceUpdatedAt":null,"verifiedAt":null}},{"type":"Feature","geometry":{"type":"Point","coordinates":[12.3899889,51.3776752]},"properties":{"id":"bikerack:dfdd3f93-9ccf-4849-98c7-c1181dc6887a","kind":"bikerack","longitude":12.3899889,"latitude":51.3776752,"name":"Fahrradabstellplatz","city":"Leipzig","address":null,"covered":true,"access":null,"website":null,"phone":null,"source":"OpenStreetMap/way/842080497","sourceUpdatedAt":null,"verifiedAt":null}},{"type":"Feature","geometry":{"type":"Point","coordinates":[12.3536652,51.3722704]},"properties":{"id":"bikerack:e13b0feb-d552-4aac-8d21-e2b7c92d11ce","kind":"bikerack","longitude":12.3536652,"latitude":51.3722704,"name":"Fahrradabstellplatz","city":"Leipzig","address":null,"covered":false,"access":null,"website":null,"phone":null,"source":"OpenStreetMap/way/984748881","sourceUpdatedAt":null,"verifiedAt":null}},{"type":"Feature","geometry":{"type":"Point","coordinates":[12.3574341,51.3753266]},"properties":{"id":"bikerack:e267582f-1f31-4cac-a735-c57ce98cec6f","kind":"bikerack","longitude":12.3574341,"latitude":51.3753266,"name":"Fahrradabstellplatz","city":"Leipzig","address":null,"covered":false,"access":null,"website":null,"phone":null,"source":"OpenStreetMap/node/5828878541","sourceUpdatedAt":null,"verifiedAt":null}},{"type":"Feature","geometry":{"type":"Point","coordinates":[12.3625655,51.3811244]},"properties":{"id":"bikerack:e2d60c47-c8df-4076-82ac-63b50db50ff7","kind":"bikerack","longitude":12.3625655,"latitude":51.3811244,"name":"Fahrradabstellplatz","city":"Leipzig","address":null,"covered":false,"access":null,"website":null,"phone":null,"source":"OpenStreetMap/node/9523940809","sourceUpdatedAt":null,"verifiedAt":null}},{"type":"Feature","geometry":{"type":"Point","coordinates":[12.3528694,51.3728678]},"properties":{"id":"bikerack:e3c01270-ec51-4d4f-aa43-4d9d761a6584","kind":"bikerack","longitude":12.3528694,"latitude":51.3728678,"name":"Fahrradabstellplatz","city":"Leipzig","address":null,"covered":false,"access":null,"website":null,"phone":null,"source":"OpenStreetMap/node/9104170686","sourceUpdatedAt":null,"verifiedAt":null}},{"type":"Feature","geometry":{"type":"Point","coordinates":[12.3609152,51.3810649]},"properties":{"id":"bikerack:e43b113d-421e-477e-97ec-78f225af842c","kind":"bikerack","longitude":12.3609152,"latitude":51.3810649,"name":"Fahrradabstellplatz","city":"Leipzig","address":null,"covered":false,"access":null,"website":null,"phone":null,"source":"OpenStreetMap/node/9523940787","sourceUpdatedAt":null,"verifiedAt":null}},{"type":"Feature","geometry":{"type":"Point","coordinates":[12.3544331,51.372218]},"properties":{"id":"bikerack:e441af2f-161a-4223-98c2-53dacdf5f1b7","kind":"bikerack","longitude":12.3544331,"latitude":51.372218,"name":"Fahrradabstellplatz","city":"Leipzig","address":null,"covered":false,"access":null,"website":null,"phone":null,"source":"OpenStreetMap/node/9104170901","sourceUpdatedAt":null,"verifiedAt":null}},{"type":"Feature","geometry":{"type":"Point","coordinates":[12.3644699,51.3787133]},"properties":{"id":"bikerack:e4b92903-a158-4770-985d-84553acd089e","kind":"bikerack","longitude":12.3644699,"latitude":51.3787133,"name":"Fahrradabstellplatz","city":"Leipzig","address":null,"covered":false,"access":null,"website":null,"phone":null,"source":"OpenStreetMap/node/9377387652","sourceUpdatedAt":null,"verifiedAt":null}},{"type":"Feature","geometry":{"type":"Point","coordinates":[12.3524863,51.3724135]},"properties":{"id":"bikerack:e603e6b8-d0ca-47f9-a570-224e7cd6c1fa","kind":"bikerack","longitude":12.3524863,"latitude":51.3724135,"name":"Fahrradabstellplatz","city":"Leipzig","address":null,"covered":false,"access":null,"website":null,"phone":null,"source":"OpenStreetMap/node/9104171444","sourceUpdatedAt":null,"verifiedAt":null}},{"type":"Feature","geometry":{"type":"Point","coordinates":[12.3655275,51.3742209]},"properties":{"id":"bikerack:e9390739-be11-4da7-b877-51e9575cd812","kind":"bikerack","longitude":12.3655275,"latitude":51.3742209,"name":"Fahrradabstellplatz","city":"Leipzig","address":null,"covered":false,"access":null,"website":null,"phone":null,"source":"OpenStreetMap/node/9774274304","sourceUpdatedAt":null,"verifiedAt":null}},{"type":"Feature","geometry":{"type":"Point","coordinates":[12.3618323,51.3812546]},"properties":{"id":"bikerack:eadc45e8-b193-47ba-a3e9-82a823c1bf09","kind":"bikerack","longitude":12.3618323,"latitude":51.3812546,"name":"Fahrradabstellplatz","city":"Leipzig","address":null,"covered":false,"access":null,"website":null,"phone":null,"source":"OpenStreetMap/node/9523940790","sourceUpdatedAt":null,"verifiedAt":null}},{"type":"Feature","geometry":{"type":"Point","coordinates":[12.3595773,51.3799555]},"properties":{"id":"bikerack:ebe0463f-d4d1-4584-8959-ec12041085e1","kind":"bikerack","longitude":12.3595773,"latitude":51.3799555,"name":"Fahrradabstellplatz","city":"Leipzig","address":null,"covered":false,"access":null,"website":null,"phone":null,"source":"OpenStreetMap/node/9517532537","sourceUpdatedAt":null,"verifiedAt":null}},{"type":"Feature","geometry":{"type":"Point","coordinates":[12.3523358,51.3718571]},"properties":{"id":"bikerack:ec44421c-92a1-40f0-8e79-1363dacc1ee7","kind":"bikerack","longitude":12.3523358,"latitude":51.3718571,"name":"Fahrradabstellplatz","city":"Leipzig","address":null,"covered":false,"access":null,"website":null,"phone":null,"source":"OpenStreetMap/node/9272624871","sourceUpdatedAt":null,"verifiedAt":null}},{"type":"Feature","geometry":{"type":"Point","coordinates":[12.3626102,51.3810179]},"properties":{"id":"bikerack:ed266f78-a579-4e04-9aed-4673a5ac5c0c","kind":"bikerack","longitude":12.3626102,"latitude":51.3810179,"name":"Fahrradabstellplatz","city":"Leipzig","address":null,"covered":false,"access":null,"website":null,"phone":null,"source":"OpenStreetMap/node/9523940808","sourceUpdatedAt":null,"verifiedAt":null}},{"type":"Feature","geometry":{"type":"Point","coordinates":[12.3538077,51.3723007]},"properties":{"id":"bikerack:f1fa62ac-b926-4ca8-a4a0-c1830160f297","kind":"bikerack","longitude":12.3538077,"latitude":51.3723007,"name":"Fahrradabstellplatz","city":"Leipzig","address":null,"covered":false,"access":null,"website":null,"phone":null,"source":"OpenStreetMap/node/9104170951","sourceUpdatedAt":null,"verifiedAt":null}},{"type":"Feature","geometry":{"type":"Point","coordinates":[12.3590084,51.3803854]},"properties":{"id":"bikerack:f3a9e020-efe5-4a98-8feb-191d35eabd52","kind":"bikerack","longitude":12.3590084,"latitude":51.3803854,"name":"Fahrradabstellplatz","city":"Leipzig","address":null,"covered":false,"access":null,"website":null,"phone":null,"source":"OpenStreetMap/node/9517532533","sourceUpdatedAt":null,"verifiedAt":null}},{"type":"Feature","geometry":{"type":"Point","coordinates":[12.3862748,51.3764472]},"properties":{"id":"bikerack:f3c3850a-a091-4d7d-9602-927a085e66cf","kind":"bikerack","longitude":12.3862748,"latitude":51.3764472,"name":"Fahrradabstellplatz","city":"Leipzig","address":null,"covered":false,"access":null,"website":null,"phone":null,"source":"OpenStreetMap/way/498946277","sourceUpdatedAt":null,"verifiedAt":null}},{"type":"Feature","geometry":{"type":"Point","coordinates":[12.3648491,51.3817098]},"properties":{"id":"bikerack:f47c7ff1-8e1e-4f88-ac28-0e138bc37fb9","kind":"bikerack","longitude":12.3648491,"latitude":51.3817098,"name":"Fahrradabstellplatz","city":"Leipzig","address":null,"covered":false,"access":null,"website":null,"phone":null,"source":"OpenStreetMap/node/9523940795","sourceUpdatedAt":null,"verifiedAt":null}},{"type":"Feature","geometry":{"type":"Point","coordinates":[12.362634,51.3809114]},"properties":{"id":"bikerack:f5159903-96f7-4239-9719-50f088b65a67","kind":"bikerack","longitude":12.362634,"latitude":51.3809114,"name":"Fahrradabstellplatz","city":"Leipzig","address":null,"covered":false,"access":null,"website":null,"phone":null,"source":"OpenStreetMap/node/9523940807","sourceUpdatedAt":null,"verifiedAt":null}},{"type":"Feature","geometry":{"type":"Point","coordinates":[12.3778159,51.3751047]},"properties":{"id":"bikerack:f54cdc65-1896-4a84-aa20-f72ff5175e08","kind":"bikerack","longitude":12.3778159,"latitude":51.3751047,"name":"Fahrradabstellplatz","city":"Leipzig","address":null,"covered":false,"access":null,"website":null,"phone":null,"source":"OpenStreetMap/way/1073989175","sourceUpdatedAt":null,"verifiedAt":null}},{"type":"Feature","geometry":{"type":"Point","coordinates":[12.3687304,51.3755492]},"properties":{"id":"bikerack:f5d6554b-f427-457d-aa65-0e114effe42c","kind":"bikerack","longitude":12.3687304,"latitude":51.3755492,"name":"Fahrradabstellplatz","city":"Leipzig","address":null,"covered":false,"access":null,"website":null,"phone":null,"source":"OpenStreetMap/node/8662976468","sourceUpdatedAt":null,"verifiedAt":null}},{"type":"Feature","geometry":{"type":"Point","coordinates":[12.367714,51.3756631]},"properties":{"id":"bikerack:f5f1ecac-88b3-4a49-a3ff-895431c6f0f1","kind":"bikerack","longitude":12.367714,"latitude":51.3756631,"name":"Fahrradabstellplatz","city":"Leipzig","address":null,"covered":false,"access":null,"website":null,"phone":null,"source":"OpenStreetMap/node/10033981548","sourceUpdatedAt":null,"verifiedAt":null}},{"type":"Feature","geometry":{"type":"Point","coordinates":[12.3634062,51.3802453]},"properties":{"id":"bikerack:f60d908b-99c3-426f-81bb-4b49077e545d","kind":"bikerack","longitude":12.3634062,"latitude":51.3802453,"name":"Fahrradabstellplatz","city":"Leipzig","address":null,"covered":false,"access":null,"website":null,"phone":null,"source":"OpenStreetMap/node/9517564835","sourceUpdatedAt":null,"verifiedAt":null}},{"type":"Feature","geometry":{"type":"Point","coordinates":[12.36001,51.3804683]},"properties":{"id":"bikerack:f6147a0f-bfaa-499c-ae4a-c9a4d80e0c45","kind":"bikerack","longitude":12.36001,"latitude":51.3804683,"name":"Fahrradabstellplatz","city":"Leipzig","address":null,"covered":false,"access":null,"website":null,"phone":null,"source":"OpenStreetMap/node/9517532531","sourceUpdatedAt":null,"verifiedAt":null}},{"type":"Feature","geometry":{"type":"Point","coordinates":[12.3624951,51.3803568]},"properties":{"id":"bikerack:f6604dc1-2676-4032-a28c-3923dc277e97","kind":"bikerack","longitude":12.3624951,"latitude":51.3803568,"name":"Fahrradabstellplatz","city":"Leipzig","address":null,"covered":false,"access":null,"website":null,"phone":null,"source":"OpenStreetMap/node/9517594654","sourceUpdatedAt":null,"verifiedAt":null}},{"type":"Feature","geometry":{"type":"Point","coordinates":[12.3677026,51.3755262]},"properties":{"id":"bikerack:fbe55b00-6e4c-435c-9a24-5faf665b9925","kind":"bikerack","longitude":12.3677026,"latitude":51.3755262,"name":"Fahrradabstellplatz","city":"Leipzig","address":null,"covered":false,"access":null,"website":null,"phone":null,"source":"OpenStreetMap/node/10033981547","sourceUpdatedAt":null,"verifiedAt":null}},{"type":"Feature","geometry":{"type":"Point","coordinates":[12.3611891,51.3800595]},"properties":{"id":"bikerack:fc06fe06-76fe-4903-bfc7-46112e7fc97a","kind":"bikerack","longitude":12.3611891,"latitude":51.3800595,"name":"Fahrradabstellplatz","city":"Leipzig","address":null,"covered":false,"access":null,"website":null,"phone":null,"source":"OpenStreetMap/node/9517532541","sourceUpdatedAt":null,"verifiedAt":null}},{"type":"Feature","geometry":{"type":"Point","coordinates":[12.3603512,51.3804492]},"properties":{"id":"bikerack:fd8bc92c-d114-4923-ae8f-b8ebaa3533d0","kind":"bikerack","longitude":12.3603512,"latitude":51.3804492,"name":"Fahrradabstellplatz","city":"Leipzig","address":null,"covered":false,"access":null,"website":null,"phone":null,"source":"OpenStreetMap/node/9523940779","sourceUpdatedAt":null,"verifiedAt":null}},{"type":"Feature","geometry":{"type":"Point","coordinates":[12.3613911,51.3804938]},"properties":{"id":"bikerack:fef7bd9a-c8ab-42a7-9659-a7029f9a7df5","kind":"bikerack","longitude":12.3613911,"latitude":51.3804938,"name":"Fahrradabstellplatz","city":"Leipzig","address":null,"covered":false,"access":null,"website":null,"phone":null,"source":"OpenStreetMap/node/9517532544","sourceUpdatedAt":null,"verifiedAt":null}},{"type":"Feature","geometry":{"type":"Point","coordinates":[12.3499973,51.3762386]},"properties":{"id":"bikerack:ff0b7508-054a-4f59-8e68-982417b0d031","kind":"bikerack","longitude":12.3499973,"latitude":51.3762386,"name":"Fahrradabstellplatz","city":"Leipzig","address":null,"covered":false,"access":null,"website":null,"phone":null,"source":"OpenStreetMap/node/9522091612","sourceUpdatedAt":null,"verifiedAt":null}},{"type":"Feature","geometry":{"type":"Point","coordinates":[12.3631248,51.3761594]},"properties":{"id":"service:20169ed5-c72e-4a59-aeca-5412be1ea4a7","kind":"service","longitude":12.3631248,"latitude":51.3761594,"name":"Max Bike","city":"Leipzig","address":null,"covered":null,"access":null,"website":null,"phone":null,"source":"OpenStreetMap/node/4193022789","sourceUpdatedAt":null,"verifiedAt":null}},{"type":"Feature","geometry":{"type":"Point","coordinates":[12.3850989,51.3725742]},"properties":{"id":"service:2bff6c0d-56d2-4c15-a995-c0790cbd190c","kind":"service","longitude":12.3850989,"latitude":51.3725742,"name":"Eutritzsch Galerie","city":"Leipzig","address":null,"covered":null,"access":null,"website":null,"phone":null,"source":"OpenStreetMap/node/1699356915","sourceUpdatedAt":null,"verifiedAt":null}},{"type":"Feature","geometry":{"type":"Point","coordinates":[12.3845813,51.3725191]},"properties":{"id":"service:a7b75c75-430a-4b88-95e7-412d6950d488","kind":"service","longitude":12.3845813,"latitude":51.3725191,"name":"rad3 Lastenräder (Beratung, Verkauf, Service, Eutritzsch)","city":"Leipzig","address":null,"covered":null,"access":null,"website":null,"phone":null,"source":"OpenStreetMap/way/157671017","sourceUpdatedAt":null,"verifiedAt":null}}]}