{"type":"FeatureCollection","features":[{"type":"Feature","geometry":{"type":"Point","coordinates":[8.6898782,50.5987261]},"properties":{"id":"bikerack:0078228f-8583-43b7-b25f-95c0f9ee2dc8","kind":"bikerack","longitude":8.6898782,"latitude":50.5987261,"name":"Fahrradabstellplatz","city":"Giessen","address":null,"covered":false,"access":null,"website":null,"phone":null,"source":"OpenStreetMap/node/4158278100","sourceUpdatedAt":null,"verifiedAt":null}},{"type":"Feature","geometry":{"type":"Point","coordinates":[8.6733971,50.6032473]},"properties":{"id":"bikerack:02c3fbdd-3b1e-42ed-91f1-4a72e3c6dd01","kind":"bikerack","longitude":8.6733971,"latitude":50.6032473,"name":"Fahrradabstellplatz","city":"Giessen","address":null,"covered":false,"access":null,"website":null,"phone":null,"source":"OpenStreetMap/node/4159871960","sourceUpdatedAt":null,"verifiedAt":null}},{"type":"Feature","geometry":{"type":"Point","coordinates":[8.6904445,50.5996006]},"properties":{"id":"bikerack:03630275-e326-4a41-ac31-a2a03595ddec","kind":"bikerack","longitude":8.6904445,"latitude":50.5996006,"name":"Fahrradabstellplatz","city":"Giessen","address":null,"covered":false,"access":null,"website":null,"phone":null,"source":"OpenStreetMap/node/4158278162","sourceUpdatedAt":null,"verifiedAt":null}},{"type":"Feature","geometry":{"type":"Point","coordinates":[8.6824762,50.5980396]},"properties":{"id":"bikerack:04fc00da-9118-462d-a759-e169349b22b4","kind":"bikerack","longitude":8.6824762,"latitude":50.5980396,"name":"Fahrradabstellplatz","city":"Giessen","address":null,"covered":false,"access":null,"website":null,"phone":null,"source":"OpenStreetMap/node/4701729929","sourceUpdatedAt":null,"verifiedAt":null}},{"type":"Feature","geometry":{"type":"Point","coordinates":[8.6875897,50.5994962]},"properties":{"id":"bikerack:05174175-9b5f-499e-83ad-48c480035d95","kind":"bikerack","longitude":8.6875897,"latitude":50.5994962,"name":"Fahrradabstellplatz","city":"Giessen","address":null,"covered":false,"access":null,"website":null,"phone":null,"source":"OpenStreetMap/node/4262943286","sourceUpdatedAt":null,"verifiedAt":null}},{"type":"Feature","geometry":{"type":"Point","coordinates":[8.6798967,50.597963]},"properties":{"id":"bikerack:067c4921-99f4-4279-a1b9-c77668a5afca","kind":"bikerack","longitude":8.6798967,"latitude":50.597963,"name":"Fahrradabstellplatz","city":"Giessen","address":null,"covered":false,"access":null,"website":null,"phone":null,"source":"OpenStreetMap/node/1304915256","sourceUpdatedAt":null,"verifiedAt":null}},{"type":"Feature","geometry":{"type":"Point","coordinates":[8.6897348,50.5994477]},"properties":{"id":"bikerack:068e48aa-1546-44d8-9281-e7d8866ace9f","kind":"bikerack","longitude":8.6897348,"latitude":50.5994477,"name":"Fahrradabstellplatz","city":"Giessen","address":null,"covered":true,"access":null,"website":null,"phone":null,"source":"OpenStreetMap/node/5135917338","sourceUpdatedAt":null,"verifiedAt":null}},{"type":"Feature","geometry":{"type":"Point","coordinates":[8.6943607,50.5995906]},"properties":{"id":"bikerack:081d379a-0b40-41eb-aec5-adfba3c41b00","kind":"bikerack","longitude":8.6943607,"latitude":50.5995906,"name":"Fahrradabstellplatz","city":"Giessen","address":null,"covered":false,"access":null,"website":null,"phone":null,"source":"OpenStreetMap/node/4705079448","sourceUpdatedAt":null,"verifiedAt":null}},{"type":"Feature","geometry":{"type":"Point","coordinates":[8.6896198,50.6002464]},"properties":{"id":"bikerack:082f9547-7fed-4659-8c35-b3771f8905d8","kind":"bikerack","longitude":8.6896198,"latitude":50.6002464,"name":"Fahrradabstellplatz","city":"Giessen","address":null,"covered":false,"access":null,"website":null,"phone":null,"source":"OpenStreetMap/node/4158278215","sourceUpdatedAt":null,"verifiedAt":null}},{"type":"Feature","geometry":{"type":"Point","coordinates":[8.6810784,50.5976915]},"properties":{"id":"bikerack:084b0d2e-5c0e-4a9d-809b-cc9dbe11ab3a","kind":"bikerack","longitude":8.6810784,"latitude":50.5976915,"name":"Fahrradabstellplatz","city":"Giessen","address":null,"covered":false,"access":null,"website":null,"phone":null,"source":"OpenStreetMap/node/1304951345","sourceUpdatedAt":null,"verifiedAt":null}},{"type":"Feature","geometry":{"type":"Point","coordinates":[8.687016,50.5984749]},"properties":{"id":"bikerack:085e1443-176c-4603-b6cd-22e019bd15f5","kind":"bikerack","longitude":8.687016,"latitude":50.5984749,"name":"Fahrradabstellplatz","city":"Giessen","address":null,"covered":false,"access":null,"website":null,"phone":null,"source":"OpenStreetMap/node/4301059621","sourceUpdatedAt":null,"verifiedAt":null}},{"type":"Feature","geometry":{"type":"Point","coordinates":[8.6623523,50.601136]},"properties":{"id":"bikerack:08da4b18-f462-4680-9aa5-da5a2d3aa940","kind":"bikerack","longitude":8.6623523,"latitude":50.601136,"name":"Fahrradabstellplatz","city":"Giessen","address":null,"covered":true,"access":null,"website":null,"phone":null,"source":"OpenStreetMap/node/11361937848","sourceUpdatedAt":null,"verifiedAt":null}},{"type":"Feature","geometry":{"type":"Point","coordinates":[8.6815408,50.5980084]},"properties":{"id":"bikerack:08ed18d1-5eb0-4aa2-91aa-4bd8c09f0519","kind":"bikerack","longitude":8.6815408,"latitude":50.5980084,"name":"Fahrradabstellplatz","city":"Giessen","address":null,"covered":false,"access":null,"website":null,"phone":null,"source":"OpenStreetMap/node/1304951446","sourceUpdatedAt":null,"verifiedAt":null}},{"type":"Feature","geometry":{"type":"Point","coordinates":[8.6997544,50.6110244]},"properties":{"id":"bikerack:08f9f56f-1026-4d3c-84bd-306688dd7d57","kind":"bikerack","longitude":8.6997544,"latitude":50.6110244,"name":"Fahrradabstellplatz","city":"Giessen","address":null,"covered":false,"access":null,"website":null,"phone":null,"source":"OpenStreetMap/node/2409706259","sourceUpdatedAt":null,"verifiedAt":null}},{"type":"Feature","geometry":{"type":"Point","coordinates":[8.6637893,50.597358]},"properties":{"id":"bikerack:09dc5adf-78b4-4565-b912-f476d0fd4087","kind":"bikerack","longitude":8.6637893,"latitude":50.597358,"name":"Fahrradabstellplatz","city":"Giessen","address":null,"covered":false,"access":null,"website":null,"phone":null,"source":"OpenStreetMap/node/3964917849","sourceUpdatedAt":null,"verifiedAt":null}},{"type":"Feature","geometry":{"type":"Point","coordinates":[8.6957206,50.6002641]},"properties":{"id":"bikerack:09f9e6d8-4221-4248-8d8f-999db953ae4e","kind":"bikerack","longitude":8.6957206,"latitude":50.6002641,"name":"Fahrradabstellplatz","city":"Giessen","address":null,"covered":false,"access":null,"website":null,"phone":null,"source":"OpenStreetMap/node/4301059892","sourceUpdatedAt":null,"verifiedAt":null}},{"type":"Feature","geometry":{"type":"Point","coordinates":[8.6882906,50.6004525]},"properties":{"id":"bikerack:0a3eae64-1998-4bbf-be3c-a1b24e080b04","kind":"bikerack","longitude":8.6882906,"latitude":50.6004525,"name":"Fahrradabstellplatz","city":"Giessen","address":null,"covered":false,"access":null,"website":null,"phone":null,"source":"OpenStreetMap/node/4200660699","sourceUpdatedAt":null,"verifiedAt":null}},{"type":"Feature","geometry":{"type":"Point","coordinates":[8.6926052,50.5981693]},"properties":{"id":"bikerack:0cd48600-3165-4009-ba53-858ea352c950","kind":"bikerack","longitude":8.6926052,"latitude":50.5981693,"name":"Fahrradabstellplatz","city":"Giessen","address":null,"covered":false,"access":null,"website":null,"phone":null,"source":"OpenStreetMap/node/4294996813","sourceUpdatedAt":null,"verifiedAt":null}},{"type":"Feature","geometry":{"type":"Point","coordinates":[8.6811108,50.5989012]},"properties":{"id":"bikerack:0cd8a001-6dc8-4360-8648-f4048cbadc4d","kind":"bikerack","longitude":8.6811108,"latitude":50.5989012,"name":"Fahrradabstellplatz","city":"Giessen","address":null,"covered":false,"access":null,"website":null,"phone":null,"source":"OpenStreetMap/node/1304951336","sourceUpdatedAt":null,"verifiedAt":null}},{"type":"Feature","geometry":{"type":"Point","coordinates":[8.6867858,50.5992933]},"properties":{"id":"bikerack:0f5676a3-5a4b-4ee2-a882-09c1e6cd6174","kind":"bikerack","longitude":8.6867858,"latitude":50.5992933,"name":"Fahrradabstellplatz","city":"Giessen","address":null,"covered":false,"access":null,"website":null,"phone":null,"source":"OpenStreetMap/node/4262943271","sourceUpdatedAt":null,"verifiedAt":null}},{"type":"Feature","geometry":{"type":"Point","coordinates":[8.6961394,50.5995488]},"properties":{"id":"bikerack:109263f1-8ba0-4898-ae51-80a22ba3df51","kind":"bikerack","longitude":8.6961394,"latitude":50.5995488,"name":"Fahrradabstellplatz","city":"Giessen","address":null,"covered":false,"access":null,"website":null,"phone":null,"source":"OpenStreetMap/node/3951623280","sourceUpdatedAt":null,"verifiedAt":null}},{"type":"Feature","geometry":{"type":"Point","coordinates":[8.6936211,50.5997367]},"properties":{"id":"bikerack:140cb077-af51-480d-a0f3-4af4bd0433e0","kind":"bikerack","longitude":8.6936211,"latitude":50.5997367,"name":"Fahrradabstellplatz","city":"Giessen","address":null,"covered":false,"access":null,"website":null,"phone":null,"source":"OpenStreetMap/node/4705079457","sourceUpdatedAt":null,"verifiedAt":null}},{"type":"Feature","geometry":{"type":"Point","coordinates":[8.6903257,50.5999022]},"properties":{"id":"bikerack:14aab427-97ac-4547-aea1-38aaf83e3c93","kind":"bikerack","longitude":8.6903257,"latitude":50.5999022,"name":"Fahrradabstellplatz","city":"Giessen","address":null,"covered":false,"access":null,"website":null,"phone":null,"source":"OpenStreetMap/node/4158278192","sourceUpdatedAt":null,"verifiedAt":null}},{"type":"Feature","geometry":{"type":"Point","coordinates":[8.6802616,50.5983805]},"properties":{"id":"bikerack:18ab2b3c-8deb-43fa-b47b-fc115f7e1bcb","kind":"bikerack","longitude":8.6802616,"latitude":50.5983805,"name":"Fahrradabstellplatz","city":"Giessen","address":null,"covered":false,"access":null,"website":null,"phone":null,"source":"OpenStreetMap/node/1304915263","sourceUpdatedAt":null,"verifiedAt":null}},{"type":"Feature","geometry":{"type":"Point","coordinates":[8.6831648,50.5982482]},"properties":{"id":"bikerack:1a998fa6-5dae-41d5-b740-d0769aeed501","kind":"bikerack","longitude":8.6831648,"latitude":50.5982482,"name":"Fahrradabstellplatz","city":"Giessen","address":null,"covered":false,"access":null,"website":null,"phone":null,"source":"OpenStreetMap/node/4190129600","sourceUpdatedAt":null,"verifiedAt":null}},{"type":"Feature","geometry":{"type":"Point","coordinates":[8.6751751,50.6001808]},"properties":{"id":"bikerack:1ac4b741-55e0-46d8-afc4-b1e43434ecfd","kind":"bikerack","longitude":8.6751751,"latitude":50.6001808,"name":"Fahrradabstellplatz","city":"Giessen","address":null,"covered":false,"access":null,"website":null,"phone":null,"source":"OpenStreetMap/node/12514927666","sourceUpdatedAt":null,"verifiedAt":null}},{"type":"Feature","geometry":{"type":"Point","coordinates":[8.6598841,50.5981451]},"properties":{"id":"bikerack:1b17e2fb-c1e0-44e3-a5b1-816a9bdb6bac","kind":"bikerack","longitude":8.6598841,"latitude":50.5981451,"name":"Fahrradabstellplatz","city":"Giessen","address":null,"covered":false,"access":null,"website":null,"phone":null,"source":"OpenStreetMap/node/4054691578","sourceUpdatedAt":null,"verifiedAt":null}},{"type":"Feature","geometry":{"type":"Point","coordinates":[8.6863764,50.6023399]},"properties":{"id":"bikerack:1baf3aaa-9ef7-4d42-9f11-3b75446ffff7","kind":"bikerack","longitude":8.6863764,"latitude":50.6023399,"name":"Fahrradabstellplatz","city":"Giessen","address":null,"covered":false,"access":null,"website":null,"phone":null,"source":"OpenStreetMap/node/3940111877","sourceUpdatedAt":null,"verifiedAt":null}},{"type":"Feature","geometry":{"type":"Point","coordinates":[8.6913523,50.5986469]},"properties":{"id":"bikerack:1c14fa81-d51d-4db1-8956-7cf3a2e8687b","kind":"bikerack","longitude":8.6913523,"latitude":50.5986469,"name":"Fahrradabstellplatz","city":"Giessen","address":null,"covered":false,"access":null,"website":null,"phone":null,"source":"OpenStreetMap/node/4158278096","sourceUpdatedAt":null,"verifiedAt":null}},{"type":"Feature","geometry":{"type":"Point","coordinates":[8.6623293,50.6007048]},"properties":{"id":"bikerack:1c9722d7-3f0d-41c1-aa20-e52bbae39a36","kind":"bikerack","longitude":8.6623293,"latitude":50.6007048,"name":"Fahrradabstellplatz","city":"Giessen","address":null,"covered":false,"access":null,"website":null,"phone":null,"source":"OpenStreetMap/node/365749754","sourceUpdatedAt":null,"verifiedAt":null}},{"type":"Feature","geometry":{"type":"Point","coordinates":[8.6839816,50.600181]},"properties":{"id":"bikerack:1cc76aa9-b3f8-4ef8-893c-0d01f47a2411","kind":"bikerack","longitude":8.6839816,"latitude":50.600181,"name":"Fahrradabstellplatz","city":"Giessen","address":null,"covered":false,"access":null,"website":null,"phone":null,"source":"OpenStreetMap/node/4693771924","sourceUpdatedAt":null,"verifiedAt":null}},{"type":"Feature","geometry":{"type":"Point","coordinates":[8.6891257,50.5988024]},"properties":{"id":"bikerack:1cdc7c69-c549-4efd-be63-3794f6da986b","kind":"bikerack","longitude":8.6891257,"latitude":50.5988024,"name":"Fahrradabstellplatz","city":"Giessen","address":null,"covered":false,"access":null,"website":null,"phone":null,"source":"OpenStreetMap/node/9554914042","sourceUpdatedAt":null,"verifiedAt":null}},{"type":"Feature","geometry":{"type":"Point","coordinates":[8.6860347,50.5981604]},"properties":{"id":"bikerack:1dff694c-3575-4de6-a0ed-4be347823bfb","kind":"bikerack","longitude":8.6860347,"latitude":50.5981604,"name":"Fahrradabstellplatz","city":"Giessen","address":null,"covered":false,"access":null,"website":null,"phone":null,"source":"OpenStreetMap/node/4173291532","sourceUpdatedAt":null,"verifiedAt":null}},{"type":"Feature","geometry":{"type":"Point","coordinates":[8.6868844,50.6014066]},"properties":{"id":"bikerack:1e9766e3-5d26-4c30-98dc-481797884750","kind":"bikerack","longitude":8.6868844,"latitude":50.6014066,"name":"Fahrradabstellplatz","city":"Giessen","address":null,"covered":false,"access":null,"website":null,"phone":null,"source":"OpenStreetMap/node/3577211738","sourceUpdatedAt":null,"verifiedAt":null}},{"type":"Feature","geometry":{"type":"Point","coordinates":[8.700674,50.6107854]},"properties":{"id":"bikerack:1eea96d3-e892-4509-898d-21e9b4869068","kind":"bikerack","longitude":8.700674,"latitude":50.6107854,"name":"Fahrradabstellplatz","city":"Giessen","address":null,"covered":false,"access":null,"website":null,"phone":null,"source":"OpenStreetMap/node/8465511471","sourceUpdatedAt":null,"verifiedAt":null}},{"type":"Feature","geometry":{"type":"Point","coordinates":[8.6595454,50.5977336]},"properties":{"id":"bikerack:1f1a0cd3-6a4e-4d97-b56b-7f8afe98f5b9","kind":"bikerack","longitude":8.6595454,"latitude":50.5977336,"name":"Fahrradabstellplatz","city":"Giessen","address":null,"covered":false,"access":null,"website":null,"phone":null,"source":"OpenStreetMap/node/4054695042","sourceUpdatedAt":null,"verifiedAt":null}},{"type":"Feature","geometry":{"type":"Point","coordinates":[8.6891121,50.5981181]},"properties":{"id":"bikerack:1f843322-42bb-4dfd-8082-e3b4dab5f308","kind":"bikerack","longitude":8.6891121,"latitude":50.5981181,"name":"Fahrradabstellplatz","city":"Giessen","address":null,"covered":true,"access":null,"website":null,"phone":null,"source":"OpenStreetMap/node/6965037386","sourceUpdatedAt":null,"verifiedAt":null}},{"type":"Feature","geometry":{"type":"Point","coordinates":[8.6822538,50.5994059]},"properties":{"id":"bikerack:21fb62e3-f14a-4737-ad48-208d4d965428","kind":"bikerack","longitude":8.6822538,"latitude":50.5994059,"name":"Fahrradabstellplatz","city":"Giessen","address":null,"covered":false,"access":null,"website":null,"phone":null,"source":"OpenStreetMap/node/1304951440","sourceUpdatedAt":null,"verifiedAt":null}},{"type":"Feature","geometry":{"type":"Point","coordinates":[8.6856467,50.6008357]},"properties":{"id":"bikerack:2297d8e5-7b81-4fa0-9bfd-2b21f8f9c920","kind":"bikerack","longitude":8.6856467,"latitude":50.6008357,"name":"Fahrradabstellplatz","city":"Giessen","address":null,"covered":false,"access":null,"website":null,"phone":null,"source":"OpenStreetMap/node/4200660717","sourceUpdatedAt":null,"verifiedAt":null}},{"type":"Feature","geometry":{"type":"Point","coordinates":[8.6754677,50.6037286]},"properties":{"id":"bikerack:2333f69e-0603-45eb-aa79-60a58e30972b","kind":"bikerack","longitude":8.6754677,"latitude":50.6037286,"name":"Fahrradabstellplatz","city":"Giessen","address":null,"covered":false,"access":null,"website":null,"phone":null,"source":"OpenStreetMap/node/4300711554","sourceUpdatedAt":null,"verifiedAt":null}},{"type":"Feature","geometry":{"type":"Point","coordinates":[8.6934584,50.5987861]},"properties":{"id":"bikerack:237a5fcf-3401-49e6-983d-b615caf70e57","kind":"bikerack","longitude":8.6934584,"latitude":50.5987861,"name":"Fahrradabstellplatz","city":"Giessen","address":null,"covered":true,"access":null,"website":null,"phone":null,"source":"OpenStreetMap/node/2725448110","sourceUpdatedAt":null,"verifiedAt":null}},{"type":"Feature","geometry":{"type":"Point","coordinates":[8.6757352,50.6022052]},"properties":{"id":"bikerack:2492df80-5c9a-41ad-a66d-a083332e8cb5","kind":"bikerack","longitude":8.6757352,"latitude":50.6022052,"name":"Fahrradabstellplatz","city":"Giessen","address":null,"covered":false,"access":null,"website":null,"phone":null,"source":"OpenStreetMap/node/4159871956","sourceUpdatedAt":null,"verifiedAt":null}},{"type":"Feature","geometry":{"type":"Point","coordinates":[8.6941435,50.5995515]},"properties":{"id":"bikerack:24dd9ddb-f06c-47a6-82ec-4830a8de5353","kind":"bikerack","longitude":8.6941435,"latitude":50.5995515,"name":"Fahrradabstellplatz","city":"Giessen","address":null,"covered":false,"access":null,"website":null,"phone":null,"source":"OpenStreetMap/node/4705079449","sourceUpdatedAt":null,"verifiedAt":null}},{"type":"Feature","geometry":{"type":"Point","coordinates":[8.684974,50.6010833]},"properties":{"id":"bikerack:2618ad33-ba80-47dc-afae-a07d89b2306e","kind":"bikerack","longitude":8.684974,"latitude":50.6010833,"name":"Fahrradabstellplatz","city":"Giessen","address":null,"covered":false,"access":null,"website":null,"phone":null,"source":"OpenStreetMap/node/1987615227","sourceUpdatedAt":null,"verifiedAt":null}},{"type":"Feature","geometry":{"type":"Point","coordinates":[8.6778434,50.6035764]},"properties":{"id":"bikerack:26ccd12e-5fff-4c00-bfe6-e69dee12fa1e","kind":"bikerack","longitude":8.6778434,"latitude":50.6035764,"name":"Fahrradabstellplatz","city":"Giessen","address":null,"covered":false,"access":null,"website":null,"phone":null,"source":"OpenStreetMap/node/5656151836","sourceUpdatedAt":null,"verifiedAt":null}},{"type":"Feature","geometry":{"type":"Point","coordinates":[8.6957417,50.6000258]},"properties":{"id":"bikerack:277ebb63-b9db-4479-ba80-e3366d0685f5","kind":"bikerack","longitude":8.6957417,"latitude":50.6000258,"name":"Fahrradabstellplatz","city":"Giessen","address":null,"covered":false,"access":null,"website":null,"phone":null,"source":"OpenStreetMap/node/4301059678","sourceUpdatedAt":null,"verifiedAt":null}},{"type":"Feature","geometry":{"type":"Point","coordinates":[8.6757258,50.604643]},"properties":{"id":"bikerack:290078fd-2f78-4ed3-93c6-924efe849156","kind":"bikerack","longitude":8.6757258,"latitude":50.604643,"name":"Fahrradabstellplatz","city":"Giessen","address":null,"covered":false,"access":null,"website":null,"phone":null,"source":"OpenStreetMap/node/5814777554","sourceUpdatedAt":null,"verifiedAt":null}},{"type":"Feature","geometry":{"type":"Point","coordinates":[8.6929858,50.5996001]},"properties":{"id":"bikerack:291efd73-534f-4afc-943f-d9cb3027b3aa","kind":"bikerack","longitude":8.6929858,"latitude":50.5996001,"name":"Fahrradabstellplatz","city":"Giessen","address":null,"covered":false,"access":null,"website":null,"phone":null,"source":"OpenStreetMap/node/4160043608","sourceUpdatedAt":null,"verifiedAt":null}},{"type":"Feature","geometry":{"type":"Point","coordinates":[8.681329,50.5981441]},"properties":{"id":"bikerack:2ae3260e-bb19-4b5f-969d-bec01af8b9c5","kind":"bikerack","longitude":8.681329,"latitude":50.5981441,"name":"Fahrradabstellplatz","city":"Giessen","address":null,"covered":false,"access":null,"website":null,"phone":null,"source":"OpenStreetMap/node/1304951340","sourceUpdatedAt":null,"verifiedAt":null}},{"type":"Feature","geometry":{"type":"Point","coordinates":[8.6866282,50.5983183]},"properties":{"id":"bikerack:2b450c78-f64d-48d9-bd95-d4e7e0a1f983","kind":"bikerack","longitude":8.6866282,"latitude":50.5983183,"name":"Fahrradabstellplatz","city":"Giessen","address":null,"covered":false,"access":null,"website":null,"phone":null,"source":"OpenStreetMap/node/4301059617","sourceUpdatedAt":null,"verifiedAt":null}},{"type":"Feature","geometry":{"type":"Point","coordinates":[8.6913598,50.5979984]},"properties":{"id":"bikerack:2bde9e42-09a1-409a-9028-6af78ff3916d","kind":"bikerack","longitude":8.6913598,"latitude":50.5979984,"name":"Fahrradabstellplatz","city":"Giessen","address":null,"covered":false,"access":null,"website":null,"phone":null,"source":"OpenStreetMap/node/1342345493","sourceUpdatedAt":null,"verifiedAt":null}},{"type":"Feature","geometry":{"type":"Point","coordinates":[8.6858752,50.5981059]},"properties":{"id":"bikerack:2cecb95d-573e-4421-a1ac-38fa82c6ccb7","kind":"bikerack","longitude":8.6858752,"latitude":50.5981059,"name":"Fahrradabstellplatz","city":"Giessen","address":null,"covered":false,"access":null,"website":null,"phone":null,"source":"OpenStreetMap/node/4173291530","sourceUpdatedAt":null,"verifiedAt":null}},{"type":"Feature","geometry":{"type":"Point","coordinates":[8.6904938,50.5994456]},"properties":{"id":"bikerack:2d5253c9-1144-46f9-b151-df72c9551509","kind":"bikerack","longitude":8.6904938,"latitude":50.5994456,"name":"Fahrradabstellplatz","city":"Giessen","address":null,"covered":false,"access":null,"website":null,"phone":null,"source":"OpenStreetMap/node/4158278159","sourceUpdatedAt":null,"verifiedAt":null}},{"type":"Feature","geometry":{"type":"Point","coordinates":[8.6805857,50.5973421]},"properties":{"id":"bikerack:2de90047-8c4c-4cf2-b0de-2f72bb60ea35","kind":"bikerack","longitude":8.6805857,"latitude":50.5973421,"name":"Fahrradabstellplatz","city":"Giessen","address":null,"covered":false,"access":null,"website":null,"phone":null,"source":"OpenStreetMap/node/1304951375","sourceUpdatedAt":null,"verifiedAt":null}},{"type":"Feature","geometry":{"type":"Point","coordinates":[8.686724,50.5978094]},"properties":{"id":"bikerack:2df7fa09-ed98-4013-8bb8-a32335b64a98","kind":"bikerack","longitude":8.686724,"latitude":50.5978094,"name":"Fahrradabstellplatz","city":"Giessen","address":null,"covered":false,"access":null,"website":null,"phone":null,"source":"OpenStreetMap/node/4301059603","sourceUpdatedAt":null,"verifiedAt":null}},{"type":"Feature","geometry":{"type":"Point","coordinates":[8.6864023,50.5972118]},"properties":{"id":"bikerack:2e688da4-1fb7-4c3a-9db2-a942a3f62b24","kind":"bikerack","longitude":8.6864023,"latitude":50.5972118,"name":"Fahrradabstellplatz","city":"Giessen","address":null,"covered":false,"access":null,"website":null,"phone":null,"source":"OpenStreetMap/node/6173350730","sourceUpdatedAt":null,"verifiedAt":null}},{"type":"Feature","geometry":{"type":"Point","coordinates":[8.6975428,50.6068082]},"properties":{"id":"bikerack:2e9f585b-82e6-4cf1-ad4d-5743953c8e75","kind":"bikerack","longitude":8.6975428,"latitude":50.6068082,"name":"Fahrradabstellplatz","city":"Giessen","address":null,"covered":false,"access":null,"website":null,"phone":null,"source":"OpenStreetMap/node/5656151837","sourceUpdatedAt":null,"verifiedAt":null}},{"type":"Feature","geometry":{"type":"Point","coordinates":[8.6933907,50.5997152]},"properties":{"id":"bikerack:2ec584ed-11b7-41b4-a214-bfac7c44151b","kind":"bikerack","longitude":8.6933907,"latitude":50.5997152,"name":"Fahrradabstellplatz","city":"Giessen","address":null,"covered":false,"access":null,"website":null,"phone":null,"source":"OpenStreetMap/node/4301059666","sourceUpdatedAt":null,"verifiedAt":null}},{"type":"Feature","geometry":{"type":"Point","coordinates":[8.6917655,50.6002826]},"properties":{"id":"bikerack:309fda67-1dd3-4a99-8f31-2176e6e394a3","kind":"bikerack","longitude":8.6917655,"latitude":50.6002826,"name":"Fahrradabstellplatz","city":"Giessen","address":null,"covered":false,"access":null,"website":null,"phone":null,"source":"OpenStreetMap/node/4705079438","sourceUpdatedAt":null,"verifiedAt":null}},{"type":"Feature","geometry":{"type":"Point","coordinates":[8.6593586,50.5995515]},"properties":{"id":"bikerack:31982afd-5fab-4243-a1d6-5be8da3b20ae","kind":"bikerack","longitude":8.6593586,"latitude":50.5995515,"name":"Fahrradabstellplatz","city":"Giessen","address":null,"covered":false,"access":null,"website":null,"phone":null,"source":"OpenStreetMap/node/4169250388","sourceUpdatedAt":null,"verifiedAt":null}},{"type":"Feature","geometry":{"type":"Point","coordinates":[8.6907938,50.5984265]},"properties":{"id":"bikerack:3323c818-8de7-48dd-8c07-1041731f5bb7","kind":"bikerack","longitude":8.6907938,"latitude":50.5984265,"name":"Fahrradabstellplatz","city":"Giessen","address":null,"covered":false,"access":null,"website":null,"phone":null,"source":"OpenStreetMap/node/4158277785","sourceUpdatedAt":null,"verifiedAt":null}},{"type":"Feature","geometry":{"type":"Point","coordinates":[8.6634907,50.5988155]},"properties":{"id":"bikerack:3439173d-73dd-496e-b521-58f90c5fd902","kind":"bikerack","longitude":8.6634907,"latitude":50.5988155,"name":"Fahrradabstellplatz","city":"Giessen","address":null,"covered":false,"access":null,"website":null,"phone":null,"source":"OpenStreetMap/node/12126171750","sourceUpdatedAt":null,"verifiedAt":null}},{"type":"Feature","geometry":{"type":"Point","coordinates":[8.6944569,50.6000446]},"properties":{"id":"bikerack:34554423-012c-4382-bcac-155e3819baed","kind":"bikerack","longitude":8.6944569,"latitude":50.6000446,"name":"Fahrradabstellplatz","city":"Giessen","address":null,"covered":false,"access":null,"website":null,"phone":null,"source":"OpenStreetMap/node/4705079454","sourceUpdatedAt":null,"verifiedAt":null}},{"type":"Feature","geometry":{"type":"Point","coordinates":[8.6915816,50.6030998]},"properties":{"id":"bikerack:34593207-0ce7-4676-8fa4-f8f1dd46826f","kind":"bikerack","longitude":8.6915816,"latitude":50.6030998,"name":"Fahrradabstellplatz","city":"Giessen","address":null,"covered":false,"access":null,"website":null,"phone":null,"source":"OpenStreetMap/node/9349620330","sourceUpdatedAt":null,"verifiedAt":null}},{"type":"Feature","geometry":{"type":"Point","coordinates":[8.6922909,50.6009587]},"properties":{"id":"bikerack:3568335b-9443-415f-b292-347634ce4349","kind":"bikerack","longitude":8.6922909,"latitude":50.6009587,"name":"Fahrradabstellplatz","city":"Giessen","address":null,"covered":true,"access":null,"website":null,"phone":null,"source":"OpenStreetMap/node/4719251596","sourceUpdatedAt":null,"verifiedAt":null}},{"type":"Feature","geometry":{"type":"Point","coordinates":[8.695185,50.5999875]},"properties":{"id":"bikerack:35ef35e9-0f4b-4e7f-8eb6-52485b925de8","kind":"bikerack","longitude":8.695185,"latitude":50.5999875,"name":"Fahrradabstellplatz","city":"Giessen","address":null,"covered":true,"access":null,"website":null,"phone":null,"source":"OpenStreetMap/node/4705079445","sourceUpdatedAt":null,"verifiedAt":null}},{"type":"Feature","geometry":{"type":"Point","coordinates":[8.6916221,50.5984708]},"properties":{"id":"bikerack:36605ed2-28d9-4dfb-9d64-3a772ce90ada","kind":"bikerack","longitude":8.6916221,"latitude":50.5984708,"name":"Fahrradabstellplatz","city":"Giessen","address":null,"covered":false,"access":null,"website":null,"phone":null,"source":"OpenStreetMap/node/4158277787","sourceUpdatedAt":null,"verifiedAt":null}},{"type":"Feature","geometry":{"type":"Point","coordinates":[8.6892265,50.6010641]},"properties":{"id":"bikerack:37e6fdd4-7e48-4da3-b8b0-804b5a2ba047","kind":"bikerack","longitude":8.6892265,"latitude":50.6010641,"name":"Fahrradabstellplatz","city":"Giessen","address":null,"covered":false,"access":null,"website":null,"phone":null,"source":"OpenStreetMap/node/3111045898","sourceUpdatedAt":null,"verifiedAt":null}},{"type":"Feature","geometry":{"type":"Point","coordinates":[8.6867349,50.6006194]},"properties":{"id":"bikerack:3ca48333-eff0-4ad5-82da-d8cd7e1546ad","kind":"bikerack","longitude":8.6867349,"latitude":50.6006194,"name":"Fahrradabstellplatz","city":"Giessen","address":null,"covered":true,"access":null,"website":null,"phone":null,"source":"OpenStreetMap/node/3951558730","sourceUpdatedAt":null,"verifiedAt":null}},{"type":"Feature","geometry":{"type":"Point","coordinates":[8.6957317,50.5994]},"properties":{"id":"bikerack:3e221399-e401-4e24-ace0-484375819bc7","kind":"bikerack","longitude":8.6957317,"latitude":50.5994,"name":"Fahrradabstellplatz","city":"Giessen","address":null,"covered":false,"access":null,"website":null,"phone":null,"source":"OpenStreetMap/node/4294996872","sourceUpdatedAt":null,"verifiedAt":null}},{"type":"Feature","geometry":{"type":"Point","coordinates":[8.6641501,50.5976508]},"properties":{"id":"bikerack:4034101b-5dd0-4344-90bd-54a1497bf99b","kind":"bikerack","longitude":8.6641501,"latitude":50.5976508,"name":"Fahrradabstellplatz","city":"Giessen","address":null,"covered":false,"access":null,"website":null,"phone":null,"source":"OpenStreetMap/node/4840456146","sourceUpdatedAt":null,"verifiedAt":null}},{"type":"Feature","geometry":{"type":"Point","coordinates":[8.6640143,50.5973735]},"properties":{"id":"bikerack:406b1842-4362-4c73-95ea-1d68b514513a","kind":"bikerack","longitude":8.6640143,"latitude":50.5973735,"name":"Fahrradabstellplatz","city":"Giessen","address":null,"covered":false,"access":null,"website":null,"phone":null,"source":"OpenStreetMap/node/3964917850","sourceUpdatedAt":null,"verifiedAt":null}},{"type":"Feature","geometry":{"type":"Point","coordinates":[8.6890193,50.598107]},"properties":{"id":"bikerack:4199bcea-2f18-476b-84fe-18fd5e5f6dd5","kind":"bikerack","longitude":8.6890193,"latitude":50.598107,"name":"Fahrradabstellplatz","city":"Giessen","address":null,"covered":true,"access":null,"website":null,"phone":null,"source":"OpenStreetMap/node/6965037405","sourceUpdatedAt":null,"verifiedAt":null}},{"type":"Feature","geometry":{"type":"Point","coordinates":[8.6617143,50.6004872]},"properties":{"id":"bikerack:433289f4-5c6c-488e-8e19-1654f7a60fc0","kind":"bikerack","longitude":8.6617143,"latitude":50.6004872,"name":"Fahrradabstellplatz","city":"Giessen","address":null,"covered":false,"access":null,"website":null,"phone":null,"source":"OpenStreetMap/node/3964917855","sourceUpdatedAt":null,"verifiedAt":null}},{"type":"Feature","geometry":{"type":"Point","coordinates":[8.6846471,50.601102]},"properties":{"id":"bikerack:44aeb249-fca7-4eeb-928a-9f1c057ca5f7","kind":"bikerack","longitude":8.6846471,"latitude":50.601102,"name":"Fahrradabstellplatz","city":"Giessen","address":null,"covered":false,"access":null,"website":null,"phone":null,"source":"OpenStreetMap/node/5241905186","sourceUpdatedAt":null,"verifiedAt":null}},{"type":"Feature","geometry":{"type":"Point","coordinates":[8.6855964,50.5999668]},"properties":{"id":"bikerack:44dc529a-8b44-4b10-964c-bba702d08df9","kind":"bikerack","longitude":8.6855964,"latitude":50.5999668,"name":"Fahrradabstellplatz","city":"Giessen","address":null,"covered":false,"access":null,"website":null,"phone":null,"source":"OpenStreetMap/node/3951558710","sourceUpdatedAt":null,"verifiedAt":null}},{"type":"Feature","geometry":{"type":"Point","coordinates":[8.694637,50.5996681]},"properties":{"id":"bikerack:44e8b976-c0a6-4720-bcfe-e86b375b327d","kind":"bikerack","longitude":8.694637,"latitude":50.5996681,"name":"Fahrradabstellplatz","city":"Giessen","address":null,"covered":false,"access":null,"website":null,"phone":null,"source":"OpenStreetMap/node/4705079447","sourceUpdatedAt":null,"verifiedAt":null}},{"type":"Feature","geometry":{"type":"Point","coordinates":[8.6892414,50.5995476]},"properties":{"id":"bikerack:45bc7612-ac5e-4c0a-afb7-8a5930658e10","kind":"bikerack","longitude":8.6892414,"latitude":50.5995476,"name":"Fahrradabstellplatz","city":"Giessen","address":null,"covered":false,"access":null,"website":null,"phone":null,"source":"OpenStreetMap/node/4692232346","sourceUpdatedAt":null,"verifiedAt":null}},{"type":"Feature","geometry":{"type":"Point","coordinates":[8.6895755,50.5993735]},"properties":{"id":"bikerack:45d40510-824e-4025-ad69-ebb5ff0d1a23","kind":"bikerack","longitude":8.6895755,"latitude":50.5993735,"name":"Fahrradabstellplatz","city":"Giessen","address":null,"covered":false,"access":null,"website":null,"phone":null,"source":"OpenStreetMap/node/5234741500","sourceUpdatedAt":null,"verifiedAt":null}},{"type":"Feature","geometry":{"type":"Point","coordinates":[8.6616585,50.6182095]},"properties":{"id":"bikerack:463dfcdf-f085-4633-bce5-a35c05f7d432","kind":"bikerack","longitude":8.6616585,"latitude":50.6182095,"name":"Fahrradabstellplatz","city":"Giessen","address":null,"covered":true,"access":null,"website":null,"phone":null,"source":"OpenStreetMap/node/12441296129","sourceUpdatedAt":null,"verifiedAt":null}},{"type":"Feature","geometry":{"type":"Point","coordinates":[8.6891844,50.6016971]},"properties":{"id":"bikerack:496aae32-da84-459b-9a80-977520f620b9","kind":"bikerack","longitude":8.6891844,"latitude":50.6016971,"name":"Fahrradabstellplatz","city":"Giessen","address":null,"covered":false,"access":null,"website":null,"phone":null,"source":"OpenStreetMap/node/3951623346","sourceUpdatedAt":null,"verifiedAt":null}},{"type":"Feature","geometry":{"type":"Point","coordinates":[8.6920917,50.5985803]},"properties":{"id":"bikerack:4aa18218-6a2b-45ac-b5c0-6e1c12907ff5","kind":"bikerack","longitude":8.6920917,"latitude":50.5985803,"name":"Fahrradabstellplatz","city":"Giessen","address":null,"covered":false,"access":null,"website":null,"phone":null,"source":"OpenStreetMap/node/2291591734","sourceUpdatedAt":null,"verifiedAt":null}},{"type":"Feature","geometry":{"type":"Point","coordinates":[8.6909674,50.6024788]},"properties":{"id":"bikerack:4ae7ccf6-87b2-41f1-941c-123b212c9976","kind":"bikerack","longitude":8.6909674,"latitude":50.6024788,"name":"Fahrradabstellplatz","city":"Giessen","address":null,"covered":false,"access":null,"website":null,"phone":null,"source":"OpenStreetMap/node/9406861932","sourceUpdatedAt":null,"verifiedAt":null}},{"type":"Feature","geometry":{"type":"Point","coordinates":[8.6749302,50.6006738]},"properties":{"id":"bikerack:4aef2e77-791a-4e03-9d0b-a82fc933e6cf","kind":"bikerack","longitude":8.6749302,"latitude":50.6006738,"name":"Fahrradabstellplatz","city":"Giessen","address":null,"covered":false,"access":null,"website":null,"phone":null,"source":"OpenStreetMap/node/12514927667","sourceUpdatedAt":null,"verifiedAt":null}},{"type":"Feature","geometry":{"type":"Point","coordinates":[8.6614488,50.5984034]},"properties":{"id":"bikerack:4b1ba4c5-d67b-4c81-a253-c08e3e132b7e","kind":"bikerack","longitude":8.6614488,"latitude":50.5984034,"name":"Fahrradabstellplatz","city":"Giessen","address":null,"covered":false,"access":null,"website":null,"phone":null,"source":"OpenStreetMap/node/4159864750","sourceUpdatedAt":null,"verifiedAt":null}},{"type":"Feature","geometry":{"type":"Point","coordinates":[8.6869704,50.5988135]},"properties":{"id":"bikerack:4baf1d3e-1a5e-4204-862b-1b46dba1c9bf","kind":"bikerack","longitude":8.6869704,"latitude":50.5988135,"name":"Fahrradabstellplatz","city":"Giessen","address":null,"covered":false,"access":null,"website":null,"phone":null,"source":"OpenStreetMap/node/4262943243","sourceUpdatedAt":null,"verifiedAt":null}},{"type":"Feature","geometry":{"type":"Point","coordinates":[8.6853147,50.6003121]},"properties":{"id":"bikerack:4cb40122-da2e-4196-9c8d-28a32be85902","kind":"bikerack","longitude":8.6853147,"latitude":50.6003121,"name":"Fahrradabstellplatz","city":"Giessen","address":null,"covered":false,"access":null,"website":null,"phone":null,"source":"OpenStreetMap/node/4267768286","sourceUpdatedAt":null,"verifiedAt":null}},{"type":"Feature","geometry":{"type":"Point","coordinates":[8.6894432,50.5994047]},"properties":{"id":"bikerack:5011be9b-a512-45e1-b2e4-d6fc2e4d4277","kind":"bikerack","longitude":8.6894432,"latitude":50.5994047,"name":"Fahrradabstellplatz","city":"Giessen","address":null,"covered":true,"access":null,"website":null,"phone":null,"source":"OpenStreetMap/node/5139982042","sourceUpdatedAt":null,"verifiedAt":null}},{"type":"Feature","geometry":{"type":"Point","coordinates":[8.6905845,50.5977187]},"properties":{"id":"bikerack:506f06aa-afee-4e17-85aa-246023215d96","kind":"bikerack","longitude":8.6905845,"latitude":50.5977187,"name":"Fahrradabstellplatz","city":"Giessen","address":null,"covered":false,"access":null,"website":null,"phone":null,"source":"OpenStreetMap/node/1342345500","sourceUpdatedAt":null,"verifiedAt":null}},{"type":"Feature","geometry":{"type":"Point","coordinates":[8.696514,50.5997318]},"properties":{"id":"bikerack:50823098-0952-4862-b7c8-cd1e96e5598f","kind":"bikerack","longitude":8.696514,"latitude":50.5997318,"name":"Fahrradabstellplatz","city":"Giessen","address":null,"covered":false,"access":null,"website":null,"phone":null,"source":"OpenStreetMap/node/13050303083","sourceUpdatedAt":null,"verifiedAt":null}},{"type":"Feature","geometry":{"type":"Point","coordinates":[8.6903677,50.5991286]},"properties":{"id":"bikerack:515d82bc-5d2c-4956-aae3-82e7a60d6ee8","kind":"bikerack","longitude":8.6903677,"latitude":50.5991286,"name":"Fahrradabstellplatz","city":"Giessen","address":null,"covered":false,"access":null,"website":null,"phone":null,"source":"OpenStreetMap/node/4158278145","sourceUpdatedAt":null,"verifiedAt":null}},{"type":"Feature","geometry":{"type":"Point","coordinates":[8.6919276,50.6031321]},"properties":{"id":"bikerack:53419858-6df6-4d41-98ff-d280d6b5a96d","kind":"bikerack","longitude":8.6919276,"latitude":50.6031321,"name":"Fahrradabstellplatz","city":"Giessen","address":null,"covered":false,"access":null,"website":null,"phone":null,"source":"OpenStreetMap/node/9349620329","sourceUpdatedAt":null,"verifiedAt":null}},{"type":"Feature","geometry":{"type":"Point","coordinates":[8.6914471,50.6024461]},"properties":{"id":"bikerack:5407a57e-84a4-4042-a6b4-8c2cd9a98655","kind":"bikerack","longitude":8.6914471,"latitude":50.6024461,"name":"Fahrradabstellplatz","city":"Giessen","address":null,"covered":false,"access":null,"website":null,"phone":null,"source":"OpenStreetMap/node/9406861933","sourceUpdatedAt":null,"verifiedAt":null}},{"type":"Feature","geometry":{"type":"Point","coordinates":[8.6988759,50.6131129]},"properties":{"id":"bikerack:548394c7-aa2c-44b1-b80c-74fae6abb579","kind":"bikerack","longitude":8.6988759,"latitude":50.6131129,"name":"Fahrradabstellplatz","city":"Lollar","address":null,"covered":true,"access":null,"website":null,"phone":null,"source":"OpenStreetMap/node/11131940170","sourceUpdatedAt":null,"verifiedAt":null}},{"type":"Feature","geometry":{"type":"Point","coordinates":[8.6603537,50.600605]},"properties":{"id":"bikerack:55042d95-10a2-4dcd-ba94-4e889b7620ab","kind":"bikerack","longitude":8.6603537,"latitude":50.600605,"name":"Fahrradabstellplatz","city":"Giessen","address":null,"covered":false,"access":null,"website":null,"phone":null,"source":"OpenStreetMap/node/12766700824","sourceUpdatedAt":null,"verifiedAt":null}},{"type":"Feature","geometry":{"type":"Point","coordinates":[8.6911698,50.5999351]},"properties":{"id":"bikerack:566ebcbc-a5ba-4c02-91a0-b26d5e2eff30","kind":"bikerack","longitude":8.6911698,"latitude":50.5999351,"name":"Fahrradabstellplatz","city":"Giessen","address":null,"covered":false,"access":null,"website":null,"phone":null,"source":"OpenStreetMap/node/4705079437","sourceUpdatedAt":null,"verifiedAt":null}},{"type":"Feature","geometry":{"type":"Point","coordinates":[8.6597623,50.5995546]},"properties":{"id":"bikerack:57982663-e51c-417f-9936-04fab4a4bcca","kind":"bikerack","longitude":8.6597623,"latitude":50.5995546,"name":"Fahrradabstellplatz","city":"Giessen","address":null,"covered":false,"access":null,"website":null,"phone":null,"source":"OpenStreetMap/node/4302758426","sourceUpdatedAt":null,"verifiedAt":null}},{"type":"Feature","geometry":{"type":"Point","coordinates":[8.695183,50.6001352]},"properties":{"id":"bikerack:57c74f31-4826-4a0e-96ab-8242dd453680","kind":"bikerack","longitude":8.695183,"latitude":50.6001352,"name":"Fahrradabstellplatz","city":"Giessen","address":null,"covered":true,"access":null,"website":null,"phone":null,"source":"OpenStreetMap/node/4705079444","sourceUpdatedAt":null,"verifiedAt":null}},{"type":"Feature","geometry":{"type":"Point","coordinates":[8.6842944,50.6012062]},"properties":{"id":"bikerack:57f716f9-8285-455a-815c-fbc9de38704f","kind":"bikerack","longitude":8.6842944,"latitude":50.6012062,"name":"Fahrradabstellplatz","city":"Giessen","address":null,"covered":false,"access":null,"website":null,"phone":null,"source":"OpenStreetMap/node/5908239914","sourceUpdatedAt":null,"verifiedAt":null}},{"type":"Feature","geometry":{"type":"Point","coordinates":[8.680737,50.5979576]},"properties":{"id":"bikerack:58725dc5-a234-4407-afda-0dcbe5cfe4ef","kind":"bikerack","longitude":8.680737,"latitude":50.5979576,"name":"Fahrradabstellplatz","city":"Giessen","address":null,"covered":false,"access":null,"website":null,"phone":null,"source":"OpenStreetMap/node/1304951406","sourceUpdatedAt":null,"verifiedAt":null}},{"type":"Feature","geometry":{"type":"Point","coordinates":[8.6971861,50.6066142]},"properties":{"id":"bikerack:5c2ccc20-924d-44b9-b847-42f2b6f509c8","kind":"bikerack","longitude":8.6971861,"latitude":50.6066142,"name":"Fahrradabstellplatz","city":"Giessen","address":null,"covered":false,"access":null,"website":null,"phone":null,"source":"OpenStreetMap/node/5656151838","sourceUpdatedAt":null,"verifiedAt":null}},{"type":"Feature","geometry":{"type":"Point","coordinates":[8.6996474,50.6011616]},"properties":{"id":"bikerack:5cfd096f-d355-4c62-aca7-191205e9d6e5","kind":"bikerack","longitude":8.6996474,"latitude":50.6011616,"name":"Fahrradabstellplatz","city":"Giessen","address":null,"covered":false,"access":null,"website":null,"phone":null,"source":"OpenStreetMap/node/1168919629","sourceUpdatedAt":null,"verifiedAt":null}},{"type":"Feature","geometry":{"type":"Point","coordinates":[8.6822737,50.5977757]},"properties":{"id":"bikerack:5d39d368-65b6-4683-978b-e57cc84f05d0","kind":"bikerack","longitude":8.6822737,"latitude":50.5977757,"name":"Fahrradabstellplatz","city":"Giessen","address":null,"covered":false,"access":null,"website":null,"phone":null,"source":"OpenStreetMap/node/4701729931","sourceUpdatedAt":null,"verifiedAt":null}},{"type":"Feature","geometry":{"type":"Point","coordinates":[8.6801023,50.5977279]},"properties":{"id":"bikerack:5e3b29ba-92d0-4e74-8c1f-3b35b714a4ce","kind":"bikerack","longitude":8.6801023,"latitude":50.5977279,"name":"Fahrradabstellplatz","city":"Giessen","address":null,"covered":false,"access":null,"website":null,"phone":null,"source":"OpenStreetMap/node/1304951394","sourceUpdatedAt":null,"verifiedAt":null}},{"type":"Feature","geometry":{"type":"Point","coordinates":[8.6805425,50.5980961]},"properties":{"id":"bikerack:5ea5002e-022e-44aa-8c48-2a2b7234ce05","kind":"bikerack","longitude":8.6805425,"latitude":50.5980961,"name":"Fahrradabstellplatz","city":"Giessen","address":null,"covered":false,"access":null,"website":null,"phone":null,"source":"OpenStreetMap/node/1304951355","sourceUpdatedAt":null,"verifiedAt":null}},{"type":"Feature","geometry":{"type":"Point","coordinates":[8.6962371,50.6007335]},"properties":{"id":"bikerack:5fdf862c-ab8a-4b62-8258-a07ddc76b187","kind":"bikerack","longitude":8.6962371,"latitude":50.6007335,"name":"Fahrradabstellplatz","city":"Giessen","address":null,"covered":false,"access":null,"website":null,"phone":null,"source":"OpenStreetMap/node/7859208274","sourceUpdatedAt":null,"verifiedAt":null}},{"type":"Feature","geometry":{"type":"Point","coordinates":[8.688253,50.5998153]},"properties":{"id":"bikerack:60c34dd0-ce71-4ed4-ab00-860885c5617e","kind":"bikerack","longitude":8.688253,"latitude":50.5998153,"name":"Fahrradabstellplatz","city":"Giessen","address":null,"covered":false,"access":null,"website":null,"phone":null,"source":"OpenStreetMap/node/2922298796","sourceUpdatedAt":null,"verifiedAt":null}},{"type":"Feature","geometry":{"type":"Point","coordinates":[8.6896078,50.5990404]},"properties":{"id":"bikerack:611c63be-5684-42cf-afc9-a1ec17f64e23","kind":"bikerack","longitude":8.6896078,"latitude":50.5990404,"name":"Fahrradabstellplatz","city":"Giessen","address":null,"covered":false,"access":null,"website":null,"phone":null,"source":"OpenStreetMap/node/4158278137","sourceUpdatedAt":null,"verifiedAt":null}},{"type":"Feature","geometry":{"type":"Point","coordinates":[8.6901216,50.5987692]},"properties":{"id":"bikerack:6282da71-2f9b-4c10-9788-2e0cdb523fdf","kind":"bikerack","longitude":8.6901216,"latitude":50.5987692,"name":"Fahrradabstellplatz","city":"Giessen","address":null,"covered":false,"access":null,"website":null,"phone":null,"source":"OpenStreetMap/node/4158278104","sourceUpdatedAt":null,"verifiedAt":null}},{"type":"Feature","geometry":{"type":"Point","coordinates":[8.6907829,50.598856]},"properties":{"id":"bikerack:6300fdfc-3510-4afd-902b-24392e516914","kind":"bikerack","longitude":8.6907829,"latitude":50.598856,"name":"Fahrradabstellplatz","city":"Giessen","address":null,"covered":false,"access":null,"website":null,"phone":null,"source":"OpenStreetMap/node/4158278113","sourceUpdatedAt":null,"verifiedAt":null}},{"type":"Feature","geometry":{"type":"Point","coordinates":[8.6808212,50.5991385]},"properties":{"id":"bikerack:63ae7455-3fd6-4099-8685-0ad8ad2b666b","kind":"bikerack","longitude":8.6808212,"latitude":50.5991385,"name":"Fahrradabstellplatz","city":"Giessen","address":null,"covered":false,"access":null,"website":null,"phone":null,"source":"OpenStreetMap/node/1304951420","sourceUpdatedAt":null,"verifiedAt":null}},{"type":"Feature","geometry":{"type":"Point","coordinates":[8.6865404,50.5984793]},"properties":{"id":"bikerack:6414af15-c4d0-44fc-b945-db9356f993ea","kind":"bikerack","longitude":8.6865404,"latitude":50.5984793,"name":"Fahrradabstellplatz","city":"Giessen","address":null,"covered":false,"access":null,"website":null,"phone":null,"source":"OpenStreetMap/node/4262943231","sourceUpdatedAt":null,"verifiedAt":null}},{"type":"Feature","geometry":{"type":"Point","coordinates":[8.6888703,50.5990182]},"properties":{"id":"bikerack:64519f56-16ca-408c-8ed7-894153415707","kind":"bikerack","longitude":8.6888703,"latitude":50.5990182,"name":"Fahrradabstellplatz","city":"Giessen","address":null,"covered":false,"access":null,"website":null,"phone":null,"source":"OpenStreetMap/node/9554914043","sourceUpdatedAt":null,"verifiedAt":null}},{"type":"Feature","geometry":{"type":"Point","coordinates":[8.6604881,50.6008052]},"properties":{"id":"bikerack:65a91053-fea9-4ab7-819b-b93cb38c9b45","kind":"bikerack","longitude":8.6604881,"latitude":50.6008052,"name":"Fahrradabstellplatz","city":"Giessen","address":null,"covered":false,"access":null,"website":null,"phone":null,"source":"OpenStreetMap/node/9809830915","sourceUpdatedAt":null,"verifiedAt":null}},{"type":"Feature","geometry":{"type":"Point","coordinates":[8.6944937,50.5989392]},"properties":{"id":"bikerack:677e761d-67a2-4f3c-9725-14256c7fd454","kind":"bikerack","longitude":8.6944937,"latitude":50.5989392,"name":"Fahrradabstellplatz","city":"Giessen","address":null,"covered":false,"access":null,"website":null,"phone":null,"source":"OpenStreetMap/node/4705079443","sourceUpdatedAt":null,"verifiedAt":null}},{"type":"Feature","geometry":{"type":"Point","coordinates":[8.6820229,50.5974012]},"properties":{"id":"bikerack:6813e6dd-c24b-4fdb-b0f2-3c47f9d8ae79","kind":"bikerack","longitude":8.6820229,"latitude":50.5974012,"name":"Fahrradabstellplatz","city":"Giessen","address":null,"covered":false,"access":null,"website":null,"phone":null,"source":"OpenStreetMap/node/4701729930","sourceUpdatedAt":null,"verifiedAt":null}},{"type":"Feature","geometry":{"type":"Point","coordinates":[8.6738983,50.6063183]},"properties":{"id":"bikerack:68473005-db96-4521-b590-b3fdd40209f0","kind":"bikerack","longitude":8.6738983,"latitude":50.6063183,"name":"Fahrradabstellplatz","city":"Giessen","address":null,"covered":false,"access":null,"website":null,"phone":null,"source":"OpenStreetMap/node/9688313530","sourceUpdatedAt":null,"verifiedAt":null}},{"type":"Feature","geometry":{"type":"Point","coordinates":[8.6795024,50.597544]},"properties":{"id":"bikerack:687fdcc2-b45c-4ee1-a828-cee8e6332381","kind":"bikerack","longitude":8.6795024,"latitude":50.597544,"name":"Fahrradabstellplatz","city":"Giessen","address":null,"covered":false,"access":null,"website":null,"phone":null,"source":"OpenStreetMap/node/1304915230","sourceUpdatedAt":null,"verifiedAt":null}},{"type":"Feature","geometry":{"type":"Point","coordinates":[8.6614853,50.6004713]},"properties":{"id":"bikerack:6947f82a-d9bb-4e8b-b66c-e6fe46fa8929","kind":"bikerack","longitude":8.6614853,"latitude":50.6004713,"name":"Fahrradabstellplatz","city":"Giessen","address":null,"covered":false,"access":null,"website":null,"phone":null,"source":"OpenStreetMap/node/3964917854","sourceUpdatedAt":null,"verifiedAt":null}},{"type":"Feature","geometry":{"type":"Point","coordinates":[8.6638994,50.5980499]},"properties":{"id":"bikerack:6affc6b4-cf3a-4621-9841-fe06229df665","kind":"bikerack","longitude":8.6638994,"latitude":50.5980499,"name":"Fahrradabstellplatz","city":"Giessen","address":null,"covered":false,"access":null,"website":null,"phone":null,"source":"OpenStreetMap/node/4810580129","sourceUpdatedAt":null,"verifiedAt":null}},{"type":"Feature","geometry":{"type":"Point","coordinates":[8.6605937,50.5981452]},"properties":{"id":"bikerack:6cf6170f-9de6-44cf-9fdb-3e0a154d044b","kind":"bikerack","longitude":8.6605937,"latitude":50.5981452,"name":"Fahrradabstellplatz","city":"Giessen","address":null,"covered":false,"access":null,"website":null,"phone":null,"source":"OpenStreetMap/node/4159864739","sourceUpdatedAt":null,"verifiedAt":null}},{"type":"Feature","geometry":{"type":"Point","coordinates":[8.6976045,50.6075964]},"properties":{"id":"bikerack:6dd6aa5c-d186-43d5-830f-f877e8341b3e","kind":"bikerack","longitude":8.6976045,"latitude":50.6075964,"name":"Fahrradabstellplatz","city":"Giessen","address":null,"covered":false,"access":null,"website":null,"phone":null,"source":"OpenStreetMap/node/9349620318","sourceUpdatedAt":null,"verifiedAt":null}},{"type":"Feature","geometry":{"type":"Point","coordinates":[8.6619365,50.6008082]},"properties":{"id":"bikerack:6ed72253-827c-44ee-88c6-86819fda976a","kind":"bikerack","longitude":8.6619365,"latitude":50.6008082,"name":"Fahrradabstellplatz","city":"Giessen","address":null,"covered":false,"access":null,"website":null,"phone":null,"source":"OpenStreetMap/node/13156446210","sourceUpdatedAt":null,"verifiedAt":null}},{"type":"Feature","geometry":{"type":"Point","coordinates":[8.6758987,50.5973818]},"properties":{"id":"bikerack:6f81c94d-f7ca-46a4-b0de-8cf6e33bcedf","kind":"bikerack","longitude":8.6758987,"latitude":50.5973818,"name":"Fahrradabstellplatz","city":"Giessen","address":null,"covered":false,"access":null,"website":null,"phone":null,"source":"OpenStreetMap/node/7851396436","sourceUpdatedAt":null,"verifiedAt":null}},{"type":"Feature","geometry":{"type":"Point","coordinates":[8.6927141,50.5995598]},"properties":{"id":"bikerack:7024f7c3-6bf8-4cfd-be6e-e4fecbc2a395","kind":"bikerack","longitude":8.6927141,"latitude":50.5995598,"name":"Fahrradabstellplatz","city":"Giessen","address":null,"covered":false,"access":null,"website":null,"phone":null,"source":"OpenStreetMap/node/4705079459","sourceUpdatedAt":null,"verifiedAt":null}},{"type":"Feature","geometry":{"type":"Point","coordinates":[8.6880335,50.5991686]},"properties":{"id":"bikerack:718d4d0c-0786-4adf-b5cc-de9c216a649b","kind":"bikerack","longitude":8.6880335,"latitude":50.5991686,"name":"Fahrradabstellplatz","city":"Giessen","address":null,"covered":false,"access":null,"website":null,"phone":null,"source":"OpenStreetMap/node/4301059640","sourceUpdatedAt":null,"verifiedAt":null}},{"type":"Feature","geometry":{"type":"Point","coordinates":[8.6929459,50.6016604]},"properties":{"id":"bikerack:71d9028c-0627-4527-9c06-972762631293","kind":"bikerack","longitude":8.6929459,"latitude":50.6016604,"name":"Fahrradabstellplatz","city":"Giessen","address":null,"covered":false,"access":null,"website":null,"phone":null,"source":"OpenStreetMap/node/3951623341","sourceUpdatedAt":null,"verifiedAt":null}},{"type":"Feature","geometry":{"type":"Point","coordinates":[8.6897254,50.5999506]},"properties":{"id":"bikerack:72c9b068-69d8-4958-bbea-20eec55d1253","kind":"bikerack","longitude":8.6897254,"latitude":50.5999506,"name":"Fahrradabstellplatz","city":"Giessen","address":null,"covered":false,"access":null,"website":null,"phone":null,"source":"OpenStreetMap/node/4158278198","sourceUpdatedAt":null,"verifiedAt":null}},{"type":"Feature","geometry":{"type":"Point","coordinates":[8.6808925,50.5984966]},"properties":{"id":"bikerack:73352725-5408-4618-acf8-f6c1e0b656fe","kind":"bikerack","longitude":8.6808925,"latitude":50.5984966,"name":"Fahrradabstellplatz","city":"Giessen","address":null,"covered":false,"access":null,"website":null,"phone":null,"source":"OpenStreetMap/node/1304951426","sourceUpdatedAt":null,"verifiedAt":null}},{"type":"Feature","geometry":{"type":"Point","coordinates":[8.6892189,50.6005795]},"properties":{"id":"bikerack:73a7a1f1-3eb0-46d8-80d0-2b621080203d","kind":"bikerack","longitude":8.6892189,"latitude":50.6005795,"name":"Fahrradabstellplatz","city":"Giessen","address":null,"covered":false,"access":null,"website":null,"phone":null,"source":"OpenStreetMap/node/1800878235","sourceUpdatedAt":null,"verifiedAt":null}},{"type":"Feature","geometry":{"type":"Point","coordinates":[8.6619689,50.5986287]},"properties":{"id":"bikerack:74d5e22f-9172-494e-bb49-c919ace2f9f5","kind":"bikerack","longitude":8.6619689,"latitude":50.5986287,"name":"Fahrradabstellplatz","city":"Giessen","address":null,"covered":false,"access":null,"website":null,"phone":null,"source":"OpenStreetMap/node/4159864755","sourceUpdatedAt":null,"verifiedAt":null}},{"type":"Feature","geometry":{"type":"Point","coordinates":[8.6625019,50.6010802]},"properties":{"id":"bikerack:74dbb650-86d8-4c06-9598-423045bc2d9c","kind":"bikerack","longitude":8.6625019,"latitude":50.6010802,"name":"Fahrradabstellplatz","city":"Giessen","address":null,"covered":false,"access":null,"website":null,"phone":null,"source":"OpenStreetMap/node/11361937849","sourceUpdatedAt":null,"verifiedAt":null}},{"type":"Feature","geometry":{"type":"Point","coordinates":[8.6747258,50.6037389]},"properties":{"id":"bikerack:7528be99-7006-451c-a020-8fabc1d304b4","kind":"bikerack","longitude":8.6747258,"latitude":50.6037389,"name":"Fahrradabstellplatz","city":"Giessen","address":null,"covered":true,"access":null,"website":null,"phone":null,"source":"OpenStreetMap/node/4300711555","sourceUpdatedAt":null,"verifiedAt":null}},{"type":"Feature","geometry":{"type":"Point","coordinates":[8.6924859,50.5995399]},"properties":{"id":"bikerack:75ed3be4-a9d2-4383-87c0-e2d33d465b05","kind":"bikerack","longitude":8.6924859,"latitude":50.5995399,"name":"Fahrradabstellplatz","city":"Giessen","address":null,"covered":false,"access":null,"website":null,"phone":null,"source":"OpenStreetMap/node/4705079458","sourceUpdatedAt":null,"verifiedAt":null}},{"type":"Feature","geometry":{"type":"Point","coordinates":[8.6800881,50.5985163]},"properties":{"id":"bikerack:79b299e6-36ca-4738-b783-7b081801c4bf","kind":"bikerack","longitude":8.6800881,"latitude":50.5985163,"name":"Fahrradabstellplatz","city":"Giessen","address":null,"covered":false,"access":null,"website":null,"phone":null,"source":"OpenStreetMap/node/1304915229","sourceUpdatedAt":null,"verifiedAt":null}},{"type":"Feature","geometry":{"type":"Point","coordinates":[8.6816877,50.5978931]},"properties":{"id":"bikerack:7b400ea3-6d78-4ffd-8544-905b81048a29","kind":"bikerack","longitude":8.6816877,"latitude":50.5978931,"name":"Fahrradabstellplatz","city":"Giessen","address":null,"covered":false,"access":null,"website":null,"phone":null,"source":"OpenStreetMap/node/1304951399","sourceUpdatedAt":null,"verifiedAt":null}},{"type":"Feature","geometry":{"type":"Point","coordinates":[8.6625039,50.5977584]},"properties":{"id":"bikerack:7b969174-ec70-4ded-91b5-fee888359ac8","kind":"bikerack","longitude":8.6625039,"latitude":50.5977584,"name":"Fahrradabstellplatz","city":"Giessen","address":null,"covered":false,"access":null,"website":null,"phone":null,"source":"OpenStreetMap/node/4054695525","sourceUpdatedAt":null,"verifiedAt":null}},{"type":"Feature","geometry":{"type":"Point","coordinates":[8.6917453,50.6031262]},"properties":{"id":"bikerack:7be7d4cf-9ee8-4ccc-b403-68666e4ea091","kind":"bikerack","longitude":8.6917453,"latitude":50.6031262,"name":"Fahrradabstellplatz","city":"Giessen","address":null,"covered":false,"access":null,"website":null,"phone":null,"source":"OpenStreetMap/node/9349620328","sourceUpdatedAt":null,"verifiedAt":null}},{"type":"Feature","geometry":{"type":"Point","coordinates":[8.6760409,50.5974714]},"properties":{"id":"bikerack:7c3deb20-4f48-4bb4-a788-6ee25a479fdc","kind":"bikerack","longitude":8.6760409,"latitude":50.5974714,"name":"Fahrradabstellplatz","city":"Giessen","address":null,"covered":false,"access":null,"website":null,"phone":null,"source":"OpenStreetMap/node/9458728342","sourceUpdatedAt":null,"verifiedAt":null}},{"type":"Feature","geometry":{"type":"Point","coordinates":[8.6823381,50.5993058]},"properties":{"id":"bikerack:7c563d8c-aa81-4f3a-bd67-393951e88d8a","kind":"bikerack","longitude":8.6823381,"latitude":50.5993058,"name":"Fahrradabstellplatz","city":"Giessen","address":null,"covered":false,"access":null,"website":null,"phone":null,"source":"OpenStreetMap/node/1304951371","sourceUpdatedAt":null,"verifiedAt":null}},{"type":"Feature","geometry":{"type":"Point","coordinates":[8.6846726,50.6009409]},"properties":{"id":"bikerack:7f87e983-c6eb-40e0-ac53-185167b151fe","kind":"bikerack","longitude":8.6846726,"latitude":50.6009409,"name":"Fahrradabstellplatz","city":"Giessen","address":null,"covered":false,"access":null,"website":null,"phone":null,"source":"OpenStreetMap/node/5241905185","sourceUpdatedAt":null,"verifiedAt":null}},{"type":"Feature","geometry":{"type":"Point","coordinates":[8.6851001,50.5982504]},"properties":{"id":"bikerack:7fe8edb0-1901-4625-9dd5-e473d5d70897","kind":"bikerack","longitude":8.6851001,"latitude":50.5982504,"name":"Fahrradabstellplatz","city":"Giessen","address":null,"covered":false,"access":null,"website":null,"phone":null,"source":"OpenStreetMap/node/4262943227","sourceUpdatedAt":null,"verifiedAt":null}},{"type":"Feature","geometry":{"type":"Point","coordinates":[8.6831257,50.6015584]},"properties":{"id":"bikerack:80de8e15-cb12-4378-9876-a48227df83b4","kind":"bikerack","longitude":8.6831257,"latitude":50.6015584,"name":"Fahrradabstellplatz","city":"Giessen","address":null,"covered":false,"access":null,"website":null,"phone":null,"source":"OpenStreetMap/node/3940111876","sourceUpdatedAt":null,"verifiedAt":null}},{"type":"Feature","geometry":{"type":"Point","coordinates":[8.6632515,50.5996679]},"properties":{"id":"bikerack:80ec5718-f1a3-4d1d-8dee-b73307d33da9","kind":"bikerack","longitude":8.6632515,"latitude":50.5996679,"name":"Fahrradabstellplatz","city":"Giessen","address":null,"covered":false,"access":null,"website":null,"phone":null,"source":"OpenStreetMap/node/7335595163","sourceUpdatedAt":null,"verifiedAt":null}},{"type":"Feature","geometry":{"type":"Point","coordinates":[8.6995464,50.6095062]},"properties":{"id":"bikerack:81b4b5d6-2b8a-45d6-b86d-6770dd702967","kind":"bikerack","longitude":8.6995464,"latitude":50.6095062,"name":"Fahrradabstellplatz","city":"Giessen","address":null,"covered":true,"access":null,"website":null,"phone":null,"source":"OpenStreetMap/node/4693676627","sourceUpdatedAt":null,"verifiedAt":null}},{"type":"Feature","geometry":{"type":"Point","coordinates":[8.6636459,50.5986287]},"properties":{"id":"bikerack:81c441c7-7965-45c6-bb3f-5878c21ea3ba","kind":"bikerack","longitude":8.6636459,"latitude":50.5986287,"name":"Fahrradabstellplatz","city":"Giessen","address":null,"covered":false,"access":null,"website":null,"phone":null,"source":"OpenStreetMap/node/4810580128","sourceUpdatedAt":null,"verifiedAt":null}},{"type":"Feature","geometry":{"type":"Point","coordinates":[8.6647575,50.5983981]},"properties":{"id":"bikerack:820ee300-f350-4bfd-a6c3-f229ede059a8","kind":"bikerack","longitude":8.6647575,"latitude":50.5983981,"name":"Fahrradabstellplatz","city":"Giessen","address":null,"covered":false,"access":null,"website":null,"phone":null,"source":"OpenStreetMap/node/8594324474","sourceUpdatedAt":null,"verifiedAt":null}},{"type":"Feature","geometry":{"type":"Point","coordinates":[8.6910652,50.5979003]},"properties":{"id":"bikerack:82d8cdd2-288d-4ab2-94a5-7edea0078f06","kind":"bikerack","longitude":8.6910652,"latitude":50.5979003,"name":"Fahrradabstellplatz","city":"Giessen","address":null,"covered":false,"access":null,"website":null,"phone":null,"source":"OpenStreetMap/node/1342345489","sourceUpdatedAt":null,"verifiedAt":null}},{"type":"Feature","geometry":{"type":"Point","coordinates":[8.6927869,50.5991892]},"properties":{"id":"bikerack:82dec026-c3b9-4e72-b84d-1107731f12b8","kind":"bikerack","longitude":8.6927869,"latitude":50.5991892,"name":"Fahrradabstellplatz","city":"Giessen","address":null,"covered":false,"access":null,"website":null,"phone":null,"source":"OpenStreetMap/node/4301059648","sourceUpdatedAt":null,"verifiedAt":null}},{"type":"Feature","geometry":{"type":"Point","coordinates":[8.6755935,50.6041473]},"properties":{"id":"bikerack:83580a08-c6cf-4b95-a0ca-b0a78746ba2e","kind":"bikerack","longitude":8.6755935,"latitude":50.6041473,"name":"Fahrradabstellplatz","city":"Giessen","address":null,"covered":true,"access":null,"website":null,"phone":null,"source":"OpenStreetMap/node/2650998508","sourceUpdatedAt":null,"verifiedAt":null}},{"type":"Feature","geometry":{"type":"Point","coordinates":[8.6803778,50.5975324]},"properties":{"id":"bikerack:83669502-63a4-46b7-a19e-9e7155c06bf5","kind":"bikerack","longitude":8.6803778,"latitude":50.5975324,"name":"Fahrradabstellplatz","city":"Giessen","address":null,"covered":false,"access":null,"website":null,"phone":null,"source":"OpenStreetMap/node/1304951334","sourceUpdatedAt":null,"verifiedAt":null}},{"type":"Feature","geometry":{"type":"Point","coordinates":[8.6811475,50.5983046]},"properties":{"id":"bikerack:8468f6bb-2584-4631-9f01-f3796efdfcc3","kind":"bikerack","longitude":8.6811475,"latitude":50.5983046,"name":"Fahrradabstellplatz","city":"Giessen","address":null,"covered":false,"access":null,"website":null,"phone":null,"source":"OpenStreetMap/node/1304951382","sourceUpdatedAt":null,"verifiedAt":null}},{"type":"Feature","geometry":{"type":"Point","coordinates":[8.6937465,50.5994042]},"properties":{"id":"bikerack:85c0c6a4-4a72-4865-bd01-e42fe831777b","kind":"bikerack","longitude":8.6937465,"latitude":50.5994042,"name":"Fahrradabstellplatz","city":"Giessen","address":null,"covered":false,"access":null,"website":null,"phone":null,"source":"OpenStreetMap/node/4705079450","sourceUpdatedAt":null,"verifiedAt":null}},{"type":"Feature","geometry":{"type":"Point","coordinates":[8.6625557,50.5982463]},"properties":{"id":"bikerack:89366550-4ae1-44b8-9ba4-270c7eda78b8","kind":"bikerack","longitude":8.6625557,"latitude":50.5982463,"name":"Fahrradabstellplatz","city":"Giessen","address":null,"covered":false,"access":null,"website":null,"phone":null,"source":"OpenStreetMap/node/4159864743","sourceUpdatedAt":null,"verifiedAt":null}},{"type":"Feature","geometry":{"type":"Point","coordinates":[8.6930415,50.5991817]},"properties":{"id":"bikerack:8961349d-5054-49b2-857d-a4909f02f7cd","kind":"bikerack","longitude":8.6930415,"latitude":50.5991817,"name":"Fahrradabstellplatz","city":"Giessen","address":null,"covered":false,"access":null,"website":null,"phone":null,"source":"OpenStreetMap/node/4301059646","sourceUpdatedAt":null,"verifiedAt":null}},{"type":"Feature","geometry":{"type":"Point","coordinates":[8.6913434,50.6028322]},"properties":{"id":"bikerack:89ea1652-9cda-4eb0-a10e-c945814cf161","kind":"bikerack","longitude":8.6913434,"latitude":50.6028322,"name":"Fahrradabstellplatz","city":"Giessen","address":null,"covered":false,"access":null,"website":null,"phone":null,"source":"OpenStreetMap/node/9406861935","sourceUpdatedAt":null,"verifiedAt":null}},{"type":"Feature","geometry":{"type":"Point","coordinates":[8.6908477,50.5978277]},"properties":{"id":"bikerack:8aceb63c-f3cd-47ff-9e04-d453ea370310","kind":"bikerack","longitude":8.6908477,"latitude":50.5978277,"name":"Fahrradabstellplatz","city":"Giessen","address":null,"covered":false,"access":null,"website":null,"phone":null,"source":"OpenStreetMap/node/1342345507","sourceUpdatedAt":null,"verifiedAt":null}},{"type":"Feature","geometry":{"type":"Point","coordinates":[8.6754641,50.6005549]},"properties":{"id":"bikerack:8af7df44-0c9f-439a-a1f2-8ebbe074b805","kind":"bikerack","longitude":8.6754641,"latitude":50.6005549,"name":"Fahrradabstellplatz","city":"Giessen","address":null,"covered":false,"access":null,"website":null,"phone":null,"source":"OpenStreetMap/node/12514927661","sourceUpdatedAt":null,"verifiedAt":null}},{"type":"Feature","geometry":{"type":"Point","coordinates":[8.6596874,50.599556]},"properties":{"id":"bikerack:8cd23535-9bb4-43e3-bd09-0e432879be03","kind":"bikerack","longitude":8.6596874,"latitude":50.599556,"name":"Fahrradabstellplatz","city":"Giessen","address":null,"covered":false,"access":null,"website":null,"phone":null,"source":"OpenStreetMap/node/4169250493","sourceUpdatedAt":null,"verifiedAt":null}},{"type":"Feature","geometry":{"type":"Point","coordinates":[8.6942768,50.5991456]},"properties":{"id":"bikerack:8d491520-5da1-4659-9ca0-76a02cdc3162","kind":"bikerack","longitude":8.6942768,"latitude":50.5991456,"name":"Fahrradabstellplatz","city":"Giessen","address":null,"covered":false,"access":null,"website":null,"phone":null,"source":"OpenStreetMap/node/3914760395","sourceUpdatedAt":null,"verifiedAt":null}},{"type":"Feature","geometry":{"type":"Point","coordinates":[8.6816791,50.5996172]},"properties":{"id":"bikerack:8e3e7199-6542-422b-9f2a-3af210b12a73","kind":"bikerack","longitude":8.6816791,"latitude":50.5996172,"name":"Fahrradabstellplatz","city":"Giessen","address":null,"covered":false,"access":null,"website":null,"phone":null,"source":"OpenStreetMap/node/1304951459","sourceUpdatedAt":null,"verifiedAt":null}},{"type":"Feature","geometry":{"type":"Point","coordinates":[8.6765932,50.5973326]},"properties":{"id":"bikerack:8e5704ca-bf00-4801-8a40-c3cd4b73cc61","kind":"bikerack","longitude":8.6765932,"latitude":50.5973326,"name":"Fahrradabstellplatz","city":"Giessen","address":null,"covered":false,"access":null,"website":null,"phone":null,"source":"OpenStreetMap/node/7156562293","sourceUpdatedAt":null,"verifiedAt":null}},{"type":"Feature","geometry":{"type":"Point","coordinates":[8.6615369,50.5988036]},"properties":{"id":"bikerack:8f00c62f-e571-4da1-9f3b-16fe37ff1e30","kind":"bikerack","longitude":8.6615369,"latitude":50.5988036,"name":"Fahrradabstellplatz","city":"Giessen","address":null,"covered":false,"access":null,"website":null,"phone":null,"source":"OpenStreetMap/node/4719251590","sourceUpdatedAt":null,"verifiedAt":null}},{"type":"Feature","geometry":{"type":"Point","coordinates":[8.6774106,50.603806]},"properties":{"id":"bikerack:8f8f8ac3-1752-427e-87bf-79d6441e4960","kind":"bikerack","longitude":8.6774106,"latitude":50.603806,"name":"Fahrradabstellplatz","city":"Giessen","address":null,"covered":false,"access":null,"website":null,"phone":null,"source":"OpenStreetMap/node/6464167041","sourceUpdatedAt":null,"verifiedAt":null}},{"type":"Feature","geometry":{"type":"Point","coordinates":[8.6621243,50.6003704]},"properties":{"id":"bikerack:8fe0b122-e0fd-4d68-8d7c-27bdf9adb3ec","kind":"bikerack","longitude":8.6621243,"latitude":50.6003704,"name":"Fahrradabstellplatz","city":"Giessen","address":null,"covered":false,"access":null,"website":null,"phone":null,"source":"OpenStreetMap/node/5922860989","sourceUpdatedAt":null,"verifiedAt":null}},{"type":"Feature","geometry":{"type":"Point","coordinates":[8.6626332,50.5972829]},"properties":{"id":"bikerack:9003be83-8ee0-4a54-8523-c0964f6dbdd9","kind":"bikerack","longitude":8.6626332,"latitude":50.5972829,"name":"Fahrradabstellplatz","city":"Giessen","address":null,"covered":false,"access":null,"website":null,"phone":null,"source":"OpenStreetMap/node/4054695605","sourceUpdatedAt":null,"verifiedAt":null}},{"type":"Feature","geometry":{"type":"Point","coordinates":[8.6957346,50.6001331]},"properties":{"id":"bikerack:9008e1ed-d81e-4120-bdd6-c3c28ac2a26b","kind":"bikerack","longitude":8.6957346,"latitude":50.6001331,"name":"Fahrradabstellplatz","city":"Giessen","address":null,"covered":false,"access":null,"website":null,"phone":null,"source":"OpenStreetMap/node/4301059687","sourceUpdatedAt":null,"verifiedAt":null}},{"type":"Feature","geometry":{"type":"Point","coordinates":[8.6618185,50.5981188]},"properties":{"id":"bikerack:924030d0-efab-4cb7-a8ad-7fe2383a9b94","kind":"bikerack","longitude":8.6618185,"latitude":50.5981188,"name":"Fahrradabstellplatz","city":"Giessen","address":null,"covered":false,"access":null,"website":null,"phone":null,"source":"OpenStreetMap/node/4159864737","sourceUpdatedAt":null,"verifiedAt":null}},{"type":"Feature","geometry":{"type":"Point","coordinates":[8.6822144,50.5977132]},"properties":{"id":"bikerack:92527503-fb23-4419-9821-801221d210ba","kind":"bikerack","longitude":8.6822144,"latitude":50.5977132,"name":"Fahrradabstellplatz","city":"Giessen","address":null,"covered":false,"access":null,"website":null,"phone":null,"source":"OpenStreetMap/node/4701729928","sourceUpdatedAt":null,"verifiedAt":null}},{"type":"Feature","geometry":{"type":"Point","coordinates":[8.6835613,50.6017356]},"properties":{"id":"bikerack:92c2ca47-3407-4fe8-8b7a-f7f9414e29a9","kind":"bikerack","longitude":8.6835613,"latitude":50.6017356,"name":"Fahrradabstellplatz","city":"Giessen","address":null,"covered":false,"access":null,"website":null,"phone":null,"source":"OpenStreetMap/node/5908239915","sourceUpdatedAt":null,"verifiedAt":null}},{"type":"Feature","geometry":{"type":"Point","coordinates":[8.6915572,50.5980674]},"properties":{"id":"bikerack:94537225-f654-484a-a385-a57b46bb1273","kind":"bikerack","longitude":8.6915572,"latitude":50.5980674,"name":"Fahrradabstellplatz","city":"Giessen","address":null,"covered":false,"access":null,"website":null,"phone":null,"source":"OpenStreetMap/node/1342345497","sourceUpdatedAt":null,"verifiedAt":null}},{"type":"Feature","geometry":{"type":"Point","coordinates":[8.6804582,50.5981743]},"properties":{"id":"bikerack:94fe31e0-fde3-4ed1-9dba-840649513541","kind":"bikerack","longitude":8.6804582,"latitude":50.5981743,"name":"Fahrradabstellplatz","city":"Giessen","address":null,"covered":false,"access":null,"website":null,"phone":null,"source":"OpenStreetMap/node/1304951472","sourceUpdatedAt":null,"verifiedAt":null}},{"type":"Feature","geometry":{"type":"Point","coordinates":[8.6910618,50.5982541]},"properties":{"id":"bikerack:95cebd49-5e6a-458d-9bb5-5e39940f729b","kind":"bikerack","longitude":8.6910618,"latitude":50.5982541,"name":"Fahrradabstellplatz","city":"Giessen","address":null,"covered":false,"access":null,"website":null,"phone":null,"source":"OpenStreetMap/node/4158277770","sourceUpdatedAt":null,"verifiedAt":null}},{"type":"Feature","geometry":{"type":"Point","coordinates":[8.6868851,50.5993904]},"properties":{"id":"bikerack:97e422b8-4fb2-44b1-ba7e-8c0c52f2e007","kind":"bikerack","longitude":8.6868851,"latitude":50.5993904,"name":"Fahrradabstellplatz","city":"Giessen","address":null,"covered":false,"access":null,"website":null,"phone":null,"source":"OpenStreetMap/node/4262943277","sourceUpdatedAt":null,"verifiedAt":null}},{"type":"Feature","geometry":{"type":"Point","coordinates":[8.6892749,50.6008589]},"properties":{"id":"bikerack:984616e6-4d62-4cbb-9662-3035967cb0d7","kind":"bikerack","longitude":8.6892749,"latitude":50.6008589,"name":"Fahrradabstellplatz","city":"Giessen","address":null,"covered":false,"access":null,"website":null,"phone":null,"source":"OpenStreetMap/node/3111045897","sourceUpdatedAt":null,"verifiedAt":null}},{"type":"Feature","geometry":{"type":"Point","coordinates":[8.6809639,50.5990164]},"properties":{"id":"bikerack:98f1d306-9402-4264-b8cd-3c75f2f702b1","kind":"bikerack","longitude":8.6809639,"latitude":50.5990164,"name":"Fahrradabstellplatz","city":"Giessen","address":null,"covered":false,"access":null,"website":null,"phone":null,"source":"OpenStreetMap/node/1304951380","sourceUpdatedAt":null,"verifiedAt":null}},{"type":"Feature","geometry":{"type":"Point","coordinates":[8.6880057,50.5973061]},"properties":{"id":"bikerack:9991c9d2-424b-4209-b62d-593863016040","kind":"bikerack","longitude":8.6880057,"latitude":50.5973061,"name":"Fahrradabstellplatz","city":"Giessen","address":null,"covered":false,"access":null,"website":null,"phone":null,"source":"OpenStreetMap/node/4301059592","sourceUpdatedAt":null,"verifiedAt":null}},{"type":"Feature","geometry":{"type":"Point","coordinates":[8.7006659,50.6105905]},"properties":{"id":"bikerack:99e87bd0-d91f-4c45-b28f-e385fcf2d67c","kind":"bikerack","longitude":8.7006659,"latitude":50.6105905,"name":"Fahrradabstellplatz","city":"Giessen","address":null,"covered":true,"access":null,"website":null,"phone":null,"source":"OpenStreetMap/node/8465511477","sourceUpdatedAt":null,"verifiedAt":null}},{"type":"Feature","geometry":{"type":"Point","coordinates":[8.6626388,50.5974319]},"properties":{"id":"bikerack:9a7080e2-675c-4d46-8a13-b9456303a174","kind":"bikerack","longitude":8.6626388,"latitude":50.5974319,"name":"Fahrradabstellplatz","city":"Giessen","address":null,"covered":false,"access":null,"website":null,"phone":null,"source":"OpenStreetMap/node/4054695035","sourceUpdatedAt":null,"verifiedAt":null}},{"type":"Feature","geometry":{"type":"Point","coordinates":[8.687167,50.5988892]},"properties":{"id":"bikerack:9bbbb463-0cbe-41ba-9a68-5c53d57fdc5b","kind":"bikerack","longitude":8.687167,"latitude":50.5988892,"name":"Fahrradabstellplatz","city":"Giessen","address":null,"covered":false,"access":null,"website":null,"phone":null,"source":"OpenStreetMap/node/10799870372","sourceUpdatedAt":null,"verifiedAt":null}},{"type":"Feature","geometry":{"type":"Point","coordinates":[8.682256,50.5998119]},"properties":{"id":"bikerack:9c79519b-a138-43b0-a0b7-316c32bf3379","kind":"bikerack","longitude":8.682256,"latitude":50.5998119,"name":"Fahrradabstellplatz","city":"Giessen","address":null,"covered":false,"access":null,"website":null,"phone":null,"source":"OpenStreetMap/node/1304951447","sourceUpdatedAt":null,"verifiedAt":null}},{"type":"Feature","geometry":{"type":"Point","coordinates":[8.6890359,50.5983175]},"properties":{"id":"bikerack:9c9cf7fa-a1ae-493a-9884-72a93d4aff11","kind":"bikerack","longitude":8.6890359,"latitude":50.5983175,"name":"Fahrradabstellplatz","city":"Giessen","address":null,"covered":false,"access":null,"website":null,"phone":null,"source":"OpenStreetMap/node/6965037407","sourceUpdatedAt":null,"verifiedAt":null}},{"type":"Feature","geometry":{"type":"Point","coordinates":[8.6789325,50.5972824]},"properties":{"id":"bikerack:9d5a5b51-126e-4ca6-b155-c66c2153cbf2","kind":"bikerack","longitude":8.6789325,"latitude":50.5972824,"name":"Fahrradabstellplatz","city":"Giessen","address":null,"covered":false,"access":null,"website":null,"phone":null,"source":"OpenStreetMap/node/1304915260","sourceUpdatedAt":null,"verifiedAt":null}},{"type":"Feature","geometry":{"type":"Point","coordinates":[8.7005454,50.6125565]},"properties":{"id":"bikerack:9dbc8103-d61c-46ab-bd1d-e994c6ceafe7","kind":"bikerack","longitude":8.7005454,"latitude":50.6125565,"name":"Fahrradabstellplatz","city":"Lollar","address":null,"covered":false,"access":null,"website":null,"phone":null,"source":"OpenStreetMap/node/8465511478","sourceUpdatedAt":null,"verifiedAt":null}},{"type":"Feature","geometry":{"type":"Point","coordinates":[8.695889,50.6011837]},"properties":{"id":"bikerack:9defd8c3-068b-4de1-85b8-7c57e15c514b","kind":"bikerack","longitude":8.695889,"latitude":50.6011837,"name":"Fahrradabstellplatz","city":"Giessen","address":null,"covered":true,"access":null,"website":null,"phone":null,"source":"OpenStreetMap/node/12519090173","sourceUpdatedAt":null,"verifiedAt":null}},{"type":"Feature","geometry":{"type":"Point","coordinates":[8.6894513,50.6025699]},"properties":{"id":"bikerack:9f07178f-f5ab-46cf-93ff-ed198b95bc5c","kind":"bikerack","longitude":8.6894513,"latitude":50.6025699,"name":"Fahrradabstellplatz","city":"Giessen","address":null,"covered":false,"access":null,"website":null,"phone":null,"source":"OpenStreetMap/node/4701729926","sourceUpdatedAt":null,"verifiedAt":null}},{"type":"Feature","geometry":{"type":"Point","coordinates":[8.6886114,50.5993581]},"properties":{"id":"bikerack:a042743c-76fd-4f5e-84a6-8ec6a5587a8b","kind":"bikerack","longitude":8.6886114,"latitude":50.5993581,"name":"Fahrradabstellplatz","city":"Giessen","address":null,"covered":false,"access":null,"website":null,"phone":null,"source":"OpenStreetMap/node/2922298787","sourceUpdatedAt":null,"verifiedAt":null}},{"type":"Feature","geometry":{"type":"Point","coordinates":[8.6787816,50.6017465]},"properties":{"id":"bikerack:a044612f-2e32-4177-9855-efe6e7f9c1c8","kind":"bikerack","longitude":8.6787816,"latitude":50.6017465,"name":"Fahrradabstellplatz","city":"Giessen","address":null,"covered":false,"access":null,"website":null,"phone":null,"source":"OpenStreetMap/node/10914425369","sourceUpdatedAt":null,"verifiedAt":null}},{"type":"Feature","geometry":{"type":"Point","coordinates":[8.6903796,50.5997682]},"properties":{"id":"bikerack:a0bec323-9fb8-4b1d-bbaf-d5e89de54f7a","kind":"bikerack","longitude":8.6903796,"latitude":50.5997682,"name":"Fahrradabstellplatz","city":"Giessen","address":null,"covered":false,"access":null,"website":null,"phone":null,"source":"OpenStreetMap/node/4158278174","sourceUpdatedAt":null,"verifiedAt":null}},{"type":"Feature","geometry":{"type":"Point","coordinates":[8.6611472,50.6003438]},"properties":{"id":"bikerack:a0f32c9f-7af9-4fc9-9057-aa5c6b325399","kind":"bikerack","longitude":8.6611472,"latitude":50.6003438,"name":"Fahrradabstellplatz","city":"Giessen","address":null,"covered":false,"access":null,"website":null,"phone":null,"source":"OpenStreetMap/node/4183002809","sourceUpdatedAt":null,"verifiedAt":null}},{"type":"Feature","geometry":{"type":"Point","coordinates":[8.6854637,50.6010966]},"properties":{"id":"bikerack:a1bb7db0-1af0-44c5-a28a-9941de091ce6","kind":"bikerack","longitude":8.6854637,"latitude":50.6010966,"name":"Fahrradabstellplatz","city":"Giessen","address":null,"covered":false,"access":null,"website":null,"phone":null,"source":"OpenStreetMap/node/1987615230","sourceUpdatedAt":null,"verifiedAt":null}},{"type":"Feature","geometry":{"type":"Point","coordinates":[8.6832923,50.598031]},"properties":{"id":"bikerack:a1ff9b52-08b7-41a1-a15e-3fcf85be1401","kind":"bikerack","longitude":8.6832923,"latitude":50.598031,"name":"Fahrradabstellplatz","city":"Giessen","address":null,"covered":false,"access":null,"website":null,"phone":null,"source":"OpenStreetMap/node/10271654953","sourceUpdatedAt":null,"verifiedAt":null}},{"type":"Feature","geometry":{"type":"Point","coordinates":[8.6872671,50.6011561]},"properties":{"id":"bikerack:a34b66f1-0413-43d4-a83e-86087c934f07","kind":"bikerack","longitude":8.6872671,"latitude":50.6011561,"name":"Fahrradabstellplatz","city":"Giessen","address":null,"covered":false,"access":null,"website":null,"phone":null,"source":"OpenStreetMap/node/1800878238","sourceUpdatedAt":null,"verifiedAt":null}},{"type":"Feature","geometry":{"type":"Point","coordinates":[8.6905735,50.5988165]},"properties":{"id":"bikerack:a4c7594b-ea2f-40ac-8025-8f6897ecd57c","kind":"bikerack","longitude":8.6905735,"latitude":50.5988165,"name":"Fahrradabstellplatz","city":"Giessen","address":null,"covered":false,"access":null,"website":null,"phone":null,"source":"OpenStreetMap/node/4158278109","sourceUpdatedAt":null,"verifiedAt":null}},{"type":"Feature","geometry":{"type":"Point","coordinates":[8.6939704,50.59988]},"properties":{"id":"bikerack:a4daa027-6ddd-45e0-a307-2a5b58326dd9","kind":"bikerack","longitude":8.6939704,"latitude":50.59988,"name":"Fahrradabstellplatz","city":"Giessen","address":null,"covered":false,"access":null,"website":null,"phone":null,"source":"OpenStreetMap/node/4705079456","sourceUpdatedAt":null,"verifiedAt":null}},{"type":"Feature","geometry":{"type":"Point","coordinates":[8.6646979,50.5985806]},"properties":{"id":"bikerack:a5567899-69e4-460e-9f49-68f647ef2624","kind":"bikerack","longitude":8.6646979,"latitude":50.5985806,"name":"Fahrradabstellplatz","city":"Giessen","address":null,"covered":false,"access":null,"website":null,"phone":null,"source":"OpenStreetMap/node/5772461238","sourceUpdatedAt":null,"verifiedAt":null}},{"type":"Feature","geometry":{"type":"Point","coordinates":[8.6898578,50.5990728]},"properties":{"id":"bikerack:a56e4a69-1abe-4994-abf0-695876374c41","kind":"bikerack","longitude":8.6898578,"latitude":50.5990728,"name":"Fahrradabstellplatz","city":"Giessen","address":null,"covered":false,"access":null,"website":null,"phone":null,"source":"OpenStreetMap/node/4158278142","sourceUpdatedAt":null,"verifiedAt":null}},{"type":"Feature","geometry":{"type":"Point","coordinates":[8.6885118,50.6005513]},"properties":{"id":"bikerack:a5945213-5cd4-4967-92e6-515b81a31a2a","kind":"bikerack","longitude":8.6885118,"latitude":50.6005513,"name":"Fahrradabstellplatz","city":"Giessen","address":null,"covered":false,"access":null,"website":null,"phone":null,"source":"OpenStreetMap/node/4200660706","sourceUpdatedAt":null,"verifiedAt":null}},{"type":"Feature","geometry":{"type":"Point","coordinates":[8.6920654,50.6008362]},"properties":{"id":"bikerack:a59ce063-e13f-4791-b5fe-e46596f914b7","kind":"bikerack","longitude":8.6920654,"latitude":50.6008362,"name":"Fahrradabstellplatz","city":"Giessen","address":null,"covered":true,"access":null,"website":null,"phone":null,"source":"OpenStreetMap/node/4158278238","sourceUpdatedAt":null,"verifiedAt":null}},{"type":"Feature","geometry":{"type":"Point","coordinates":[8.6611453,50.5986896]},"properties":{"id":"bikerack:a6eabbd0-8613-4621-bbd2-6f133e34d679","kind":"bikerack","longitude":8.6611453,"latitude":50.5986896,"name":"Fahrradabstellplatz","city":"Giessen","address":null,"covered":false,"access":null,"website":null,"phone":null,"source":"OpenStreetMap/node/4719251589","sourceUpdatedAt":null,"verifiedAt":null}},{"type":"Feature","geometry":{"type":"Point","coordinates":[8.6929995,50.5983293]},"properties":{"id":"bikerack:a827b16f-98ad-406f-93e5-3b71038d6116","kind":"bikerack","longitude":8.6929995,"latitude":50.5983293,"name":"Fahrradabstellplatz","city":"Giessen","address":null,"covered":false,"access":null,"website":null,"phone":null,"source":"OpenStreetMap/node/4294996819","sourceUpdatedAt":null,"verifiedAt":null}},{"type":"Feature","geometry":{"type":"Point","coordinates":[8.6616401,50.6186942]},"properties":{"id":"bikerack:a8454a8b-c343-43ef-992b-40838305e230","kind":"bikerack","longitude":8.6616401,"latitude":50.6186942,"name":"Fahrradabstellplatz","city":"Giessen","address":null,"covered":true,"access":null,"website":null,"phone":null,"source":"OpenStreetMap/node/12441296130","sourceUpdatedAt":null,"verifiedAt":null}},{"type":"Feature","geometry":{"type":"Point","coordinates":[8.6878635,50.5991114]},"properties":{"id":"bikerack:a9175887-bed0-4eb8-94f4-8cb71611f54d","kind":"bikerack","longitude":8.6878635,"latitude":50.5991114,"name":"Fahrradabstellplatz","city":"Giessen","address":null,"covered":false,"access":null,"website":null,"phone":null,"source":"OpenStreetMap/node/4301059638","sourceUpdatedAt":null,"verifiedAt":null}},{"type":"Feature","geometry":{"type":"Point","coordinates":[8.6927532,50.5987739]},"properties":{"id":"bikerack:a925c454-3ca4-4ebf-945c-a99bfdf9680b","kind":"bikerack","longitude":8.6927532,"latitude":50.5987739,"name":"Fahrradabstellplatz","city":"Giessen","address":null,"covered":false,"access":null,"website":null,"phone":null,"source":"OpenStreetMap/node/2291591741","sourceUpdatedAt":null,"verifiedAt":null}},{"type":"Feature","geometry":{"type":"Point","coordinates":[8.6878569,50.5987053]},"properties":{"id":"bikerack:ab621ac1-b296-4a3f-b84a-9c3f36fae6ae","kind":"bikerack","longitude":8.6878569,"latitude":50.5987053,"name":"Fahrradabstellplatz","city":"Giessen","address":null,"covered":false,"access":null,"website":null,"phone":null,"source":"OpenStreetMap/node/4301059630","sourceUpdatedAt":null,"verifiedAt":null}},{"type":"Feature","geometry":{"type":"Point","coordinates":[8.6586906,50.5992887]},"properties":{"id":"bikerack:ac17e761-35df-498e-b008-7e6726f161d3","kind":"bikerack","longitude":8.6586906,"latitude":50.5992887,"name":"Fahrradabstellplatz","city":"Giessen","address":null,"covered":false,"access":null,"website":null,"phone":null,"source":"OpenStreetMap/node/4159864759","sourceUpdatedAt":null,"verifiedAt":null}},{"type":"Feature","geometry":{"type":"Point","coordinates":[8.6924774,50.5986529]},"properties":{"id":"bikerack:ad200626-e80c-43e1-b387-c84c3426da81","kind":"bikerack","longitude":8.6924774,"latitude":50.5986529,"name":"Fahrradabstellplatz","city":"Giessen","address":null,"covered":false,"access":null,"website":null,"phone":null,"source":"OpenStreetMap/node/2291591738","sourceUpdatedAt":null,"verifiedAt":null}},{"type":"Feature","geometry":{"type":"Point","coordinates":[8.6952071,50.5998224]},"properties":{"id":"bikerack:ad538b3f-3afa-4997-b695-2f56ce11787d","kind":"bikerack","longitude":8.6952071,"latitude":50.5998224,"name":"Fahrradabstellplatz","city":"Giessen","address":null,"covered":true,"access":null,"website":null,"phone":null,"source":"OpenStreetMap/node/4705079446","sourceUpdatedAt":null,"verifiedAt":null}},{"type":"Feature","geometry":{"type":"Point","coordinates":[8.6930401,50.6041361]},"properties":{"id":"bikerack:b090a3e9-a434-40a3-ac41-2654100a8ecb","kind":"bikerack","longitude":8.6930401,"latitude":50.6041361,"name":"Fahrradabstellplatz","city":"Giessen","address":null,"covered":false,"access":null,"website":null,"phone":null,"source":"OpenStreetMap/node/4693676624","sourceUpdatedAt":null,"verifiedAt":null}},{"type":"Feature","geometry":{"type":"Point","coordinates":[8.6823705,50.5996844]},"properties":{"id":"bikerack:b27e9b26-e24c-40d0-be83-bad5b88b315f","kind":"bikerack","longitude":8.6823705,"latitude":50.5996844,"name":"Fahrradabstellplatz","city":"Giessen","address":null,"covered":false,"access":null,"website":null,"phone":null,"source":"OpenStreetMap/node/1304951344","sourceUpdatedAt":null,"verifiedAt":null}},{"type":"Feature","geometry":{"type":"Point","coordinates":[8.6942083,50.5999619]},"properties":{"id":"bikerack:b2d1d371-48e4-4454-89fb-e6032409a1ef","kind":"bikerack","longitude":8.6942083,"latitude":50.5999619,"name":"Fahrradabstellplatz","city":"Giessen","address":null,"covered":false,"access":null,"website":null,"phone":null,"source":"OpenStreetMap/node/4705079455","sourceUpdatedAt":null,"verifiedAt":null}},{"type":"Feature","geometry":{"type":"Point","coordinates":[8.6812059,50.5975983]},"properties":{"id":"bikerack:b32da3fd-35a5-4be3-9177-da2f6fc55c0b","kind":"bikerack","longitude":8.6812059,"latitude":50.5975983,"name":"Fahrradabstellplatz","city":"Giessen","address":null,"covered":false,"access":null,"website":null,"phone":null,"source":"OpenStreetMap/node/1304951392","sourceUpdatedAt":null,"verifiedAt":null}},{"type":"Feature","geometry":{"type":"Point","coordinates":[8.6628402,50.5975182]},"properties":{"id":"bikerack:b4e4b2de-08eb-486e-97db-bf400a6f916a","kind":"bikerack","longitude":8.6628402,"latitude":50.5975182,"name":"Fahrradabstellplatz","city":"Giessen","address":null,"covered":false,"access":null,"website":null,"phone":null,"source":"OpenStreetMap/node/11834707113","sourceUpdatedAt":null,"verifiedAt":null}},{"type":"Feature","geometry":{"type":"Point","coordinates":[8.6720659,50.5999384]},"properties":{"id":"bikerack:b59eeaf7-419f-4a3b-a5e1-9a14a4e92e54","kind":"bikerack","longitude":8.6720659,"latitude":50.5999384,"name":"Fahrradabstellplatz","city":"Giessen","address":null,"covered":true,"access":null,"website":null,"phone":null,"source":"OpenStreetMap/node/4665432849","sourceUpdatedAt":null,"verifiedAt":null}},{"type":"Feature","geometry":{"type":"Point","coordinates":[8.7004289,50.6127997]},"properties":{"id":"bikerack:b6446602-c71d-414e-b173-4c738a359634","kind":"bikerack","longitude":8.7004289,"latitude":50.6127997,"name":"Fahrradabstellplatz","city":"Lollar","address":null,"covered":false,"access":null,"website":null,"phone":null,"source":"OpenStreetMap/node/9349585709","sourceUpdatedAt":null,"verifiedAt":null}},{"type":"Feature","geometry":{"type":"Point","coordinates":[8.6891841,50.5993652]},"properties":{"id":"bikerack:b6ff1fbe-da23-4ee3-b8ed-6b2640269ef7","kind":"bikerack","longitude":8.6891841,"latitude":50.5993652,"name":"Fahrradabstellplatz","city":"Giessen","address":null,"covered":true,"access":null,"website":null,"phone":null,"source":"OpenStreetMap/node/5139982041","sourceUpdatedAt":null,"verifiedAt":null}},{"type":"Feature","geometry":{"type":"Point","coordinates":[8.6658357,50.6188592]},"properties":{"id":"bikerack:b75f124f-812e-4744-b90e-45853dbce987","kind":"bikerack","longitude":8.6658357,"latitude":50.6188592,"name":"Fahrradabstellplatz","city":"Giessen","address":null,"covered":false,"access":null,"website":null,"phone":null,"source":"OpenStreetMap/node/11378197158","sourceUpdatedAt":null,"verifiedAt":null}},{"type":"Feature","geometry":{"type":"Point","coordinates":[8.700497,50.6125047]},"properties":{"id":"bikerack:b8b2b7dc-9b02-49ff-a596-36939f6d7374","kind":"bikerack","longitude":8.700497,"latitude":50.6125047,"name":"Fahrradabstellplatz","city":"Lollar","address":null,"covered":false,"access":null,"website":null,"phone":null,"source":"OpenStreetMap/node/8465511485","sourceUpdatedAt":null,"verifiedAt":null}},{"type":"Feature","geometry":{"type":"Point","coordinates":[8.6972496,50.6073102]},"properties":{"id":"bikerack:b8f0e29e-0aab-4183-91b3-ea6204daf639","kind":"bikerack","longitude":8.6972496,"latitude":50.6073102,"name":"Fahrradabstellplatz","city":"Giessen","address":null,"covered":false,"access":null,"website":null,"phone":null,"source":"OpenStreetMap/node/6153948025","sourceUpdatedAt":null,"verifiedAt":null}},{"type":"Feature","geometry":{"type":"Point","coordinates":[8.6815192,50.5991646]},"properties":{"id":"bikerack:b93a2c22-0746-433b-832a-38d58a6a92ae","kind":"bikerack","longitude":8.6815192,"latitude":50.5991646,"name":"Fahrradabstellplatz","city":"Giessen","address":null,"covered":false,"access":null,"website":null,"phone":null,"source":"OpenStreetMap/node/1304951467","sourceUpdatedAt":null,"verifiedAt":null}},{"type":"Feature","geometry":{"type":"Point","coordinates":[8.6629056,50.5975059]},"properties":{"id":"bikerack:b9b917e3-7a64-4a5f-a0b6-bf91b3e449e7","kind":"bikerack","longitude":8.6629056,"latitude":50.5975059,"name":"Fahrradabstellplatz","city":"Giessen","address":null,"covered":false,"access":null,"website":null,"phone":null,"source":"OpenStreetMap/node/3964917851","sourceUpdatedAt":null,"verifiedAt":null}},{"type":"Feature","geometry":{"type":"Point","coordinates":[8.695329,50.5992527]},"properties":{"id":"bikerack:ba4b165a-387b-4d6b-9c00-7c9747a0f88c","kind":"bikerack","longitude":8.695329,"latitude":50.5992527,"name":"Fahrradabstellplatz","city":"Giessen","address":null,"covered":false,"access":null,"website":null,"phone":null,"source":"OpenStreetMap/node/4294996863","sourceUpdatedAt":null,"verifiedAt":null}},{"type":"Feature","geometry":{"type":"Point","coordinates":[8.6904781,50.5980746]},"properties":{"id":"bikerack:bbf3d4e8-7814-436c-be5f-27871b3c44fe","kind":"bikerack","longitude":8.6904781,"latitude":50.5980746,"name":"Fahrradabstellplatz","city":"Giessen","address":null,"covered":false,"access":null,"website":null,"phone":null,"source":"OpenStreetMap/node/4158277756","sourceUpdatedAt":null,"verifiedAt":null}},{"type":"Feature","geometry":{"type":"Point","coordinates":[8.6818152,50.5994841]},"properties":{"id":"bikerack:bc94a66a-e61e-448c-8ea3-1255d6fe4b8e","kind":"bikerack","longitude":8.6818152,"latitude":50.5994841,"name":"Fahrradabstellplatz","city":"Giessen","address":null,"covered":false,"access":null,"website":null,"phone":null,"source":"OpenStreetMap/node/1304951403","sourceUpdatedAt":null,"verifiedAt":null}},{"type":"Feature","geometry":{"type":"Point","coordinates":[8.6887909,50.6000874]},"properties":{"id":"bikerack:bd40f95b-05c9-49b7-9db2-9944af97dd98","kind":"bikerack","longitude":8.6887909,"latitude":50.6000874,"name":"Fahrradabstellplatz","city":"Giessen","address":null,"covered":false,"access":null,"website":null,"phone":null,"source":"OpenStreetMap/node/4158278209","sourceUpdatedAt":null,"verifiedAt":null}},{"type":"Feature","geometry":{"type":"Point","coordinates":[8.6879861,50.6000974]},"properties":{"id":"bikerack:bd66e577-63f2-46d1-b505-80119140f9c3","kind":"bikerack","longitude":8.6879861,"latitude":50.6000974,"name":"Fahrradabstellplatz","city":"Giessen","address":null,"covered":false,"access":null,"website":null,"phone":null,"source":"OpenStreetMap/node/3526985050","sourceUpdatedAt":null,"verifiedAt":null}},{"type":"Feature","geometry":{"type":"Point","coordinates":[8.6938849,50.6012875]},"properties":{"id":"bikerack:bed140e5-a7e2-49ef-97a1-e533789674de","kind":"bikerack","longitude":8.6938849,"latitude":50.6012875,"name":"Fahrradabstellplatz","city":"Giessen","address":null,"covered":false,"access":null,"website":null,"phone":null,"source":"OpenStreetMap/node/540234887","sourceUpdatedAt":null,"verifiedAt":null}},{"type":"Feature","geometry":{"type":"Point","coordinates":[8.6829946,50.5983674]},"properties":{"id":"bikerack:bfb14c77-3b87-4939-ba6c-41c82af63d60","kind":"bikerack","longitude":8.6829946,"latitude":50.5983674,"name":"Fahrradabstellplatz","city":"Giessen","address":null,"covered":false,"access":null,"website":null,"phone":null,"source":"OpenStreetMap/node/4190129607","sourceUpdatedAt":null,"verifiedAt":null}},{"type":"Feature","geometry":{"type":"Point","coordinates":[8.6817633,50.5984541]},"properties":{"id":"bikerack:c08f884c-8c05-43b3-9917-340c82ad8ad1","kind":"bikerack","longitude":8.6817633,"latitude":50.5984541,"name":"Fahrradabstellplatz","city":"Giessen","address":null,"covered":false,"access":null,"website":null,"phone":null,"source":"OpenStreetMap/node/1304951433","sourceUpdatedAt":null,"verifiedAt":null}},{"type":"Feature","geometry":{"type":"Point","coordinates":[8.6813701,50.5992935]},"properties":{"id":"bikerack:c1574e61-0fae-4145-bd6d-da12b42e3e97","kind":"bikerack","longitude":8.6813701,"latitude":50.5992935,"name":"Fahrradabstellplatz","city":"Giessen","address":null,"covered":false,"access":null,"website":null,"phone":null,"source":"OpenStreetMap/node/1304951364","sourceUpdatedAt":null,"verifiedAt":null}},{"type":"Feature","geometry":{"type":"Point","coordinates":[8.6898227,50.5994219]},"properties":{"id":"bikerack:c18db36a-7ff8-4995-b79a-9aece07a0d46","kind":"bikerack","longitude":8.6898227,"latitude":50.5994219,"name":"Fahrradabstellplatz","city":"Giessen","address":null,"covered":false,"access":null,"website":null,"phone":null,"source":"OpenStreetMap/node/5234741499","sourceUpdatedAt":null,"verifiedAt":null}},{"type":"Feature","geometry":{"type":"Point","coordinates":[8.6890081,50.5989271]},"properties":{"id":"bikerack:c334c709-8500-4c7f-a6ab-4b8ee827cd95","kind":"bikerack","longitude":8.6890081,"latitude":50.5989271,"name":"Fahrradabstellplatz","city":"Giessen","address":null,"covered":false,"access":null,"website":null,"phone":null,"source":"OpenStreetMap/node/9349620331","sourceUpdatedAt":null,"verifiedAt":null}},{"type":"Feature","geometry":{"type":"Point","coordinates":[8.6598025,50.5972872]},"properties":{"id":"bikerack:c3ab5b4d-d541-4e29-947d-6efe87cd4bec","kind":"bikerack","longitude":8.6598025,"latitude":50.5972872,"name":"Fahrradabstellplatz","city":"Giessen","address":null,"covered":false,"access":null,"website":null,"phone":null,"source":"OpenStreetMap/node/4054695607","sourceUpdatedAt":null,"verifiedAt":null}},{"type":"Feature","geometry":{"type":"Point","coordinates":[8.6804958,50.5987408]},"properties":{"id":"bikerack:c5533729-6531-4993-ab69-5d97fc509f50","kind":"bikerack","longitude":8.6804958,"latitude":50.5987408,"name":"Fahrradabstellplatz","city":"Giessen","address":null,"covered":false,"access":null,"website":null,"phone":null,"source":"OpenStreetMap/node/1304915233","sourceUpdatedAt":null,"verifiedAt":null}},{"type":"Feature","geometry":{"type":"Point","coordinates":[8.6796323,50.5973198]},"properties":{"id":"bikerack:c5699602-3e02-44c6-9d37-7c146d1fde7f","kind":"bikerack","longitude":8.6796323,"latitude":50.5973198,"name":"Fahrradabstellplatz","city":"Giessen","address":null,"covered":false,"access":null,"website":null,"phone":null,"source":"OpenStreetMap/node/1304951460","sourceUpdatedAt":null,"verifiedAt":null}},{"type":"Feature","geometry":{"type":"Point","coordinates":[8.6873204,50.5991659]},"properties":{"id":"bikerack:c65b41ec-26ed-45d6-8c59-86938ac386ca","kind":"bikerack","longitude":8.6873204,"latitude":50.5991659,"name":"Fahrradabstellplatz","city":"Giessen","address":null,"covered":false,"access":null,"website":null,"phone":null,"source":"OpenStreetMap/node/4262943262","sourceUpdatedAt":null,"verifiedAt":null}},{"type":"Feature","geometry":{"type":"Point","coordinates":[8.6597544,50.5999173]},"properties":{"id":"bikerack:c6e8e54c-6b87-4134-ab75-a377d7ee72e0","kind":"bikerack","longitude":8.6597544,"latitude":50.5999173,"name":"Fahrradabstellplatz","city":"Giessen","address":null,"covered":false,"access":null,"website":null,"phone":null,"source":"OpenStreetMap/node/4159864780","sourceUpdatedAt":null,"verifiedAt":null}},{"type":"Feature","geometry":{"type":"Point","coordinates":[8.6915428,50.6028386]},"properties":{"id":"bikerack:c7e09a97-55e3-44eb-a47d-e6d1008c3b76","kind":"bikerack","longitude":8.6915428,"latitude":50.6028386,"name":"Fahrradabstellplatz","city":"Giessen","address":null,"covered":false,"access":null,"website":null,"phone":null,"source":"OpenStreetMap/node/9406861931","sourceUpdatedAt":null,"verifiedAt":null}},{"type":"Feature","geometry":{"type":"Point","coordinates":[8.6756167,50.600404]},"properties":{"id":"bikerack:c7eff0c4-74ed-4a9b-a977-58273078cd37","kind":"bikerack","longitude":8.6756167,"latitude":50.600404,"name":"Fahrradabstellplatz","city":"Giessen","address":null,"covered":false,"access":null,"website":null,"phone":null,"source":"OpenStreetMap/node/11897523121","sourceUpdatedAt":null,"verifiedAt":null}},{"type":"Feature","geometry":{"type":"Point","coordinates":[8.6889501,50.6020904]},"properties":{"id":"bikerack:caf9d410-46ef-40ec-82c6-ee0d5c2ff22d","kind":"bikerack","longitude":8.6889501,"latitude":50.6020904,"name":"Fahrradabstellplatz","city":"Giessen","address":null,"covered":false,"access":null,"website":null,"phone":null,"source":"OpenStreetMap/node/7417456814","sourceUpdatedAt":null,"verifiedAt":null}},{"type":"Feature","geometry":{"type":"Point","coordinates":[8.6803111,50.5988895]},"properties":{"id":"bikerack:cb468add-74f5-4a71-8bbd-c0dfa38fad40","kind":"bikerack","longitude":8.6803111,"latitude":50.5988895,"name":"Fahrradabstellplatz","city":"Giessen","address":null,"covered":false,"access":null,"website":null,"phone":null,"source":"OpenStreetMap/node/1304915251","sourceUpdatedAt":null,"verifiedAt":null}},{"type":"Feature","geometry":{"type":"Point","coordinates":[8.7007487,50.6105535]},"properties":{"id":"bikerack:cb81355a-2d28-45b1-b4ef-af7575911c94","kind":"bikerack","longitude":8.7007487,"latitude":50.6105535,"name":"Fahrradabstellplatz","city":"Giessen","address":null,"covered":false,"access":null,"website":null,"phone":null,"source":"OpenStreetMap/node/8565779200","sourceUpdatedAt":null,"verifiedAt":null}},{"type":"Feature","geometry":{"type":"Point","coordinates":[8.6922046,50.5980805]},"properties":{"id":"bikerack:cbb4e4e8-df2b-43f2-9e23-ab1509be061d","kind":"bikerack","longitude":8.6922046,"latitude":50.5980805,"name":"Fahrradabstellplatz","city":"Giessen","address":null,"covered":false,"access":null,"website":null,"phone":null,"source":"OpenStreetMap/node/4692232345","sourceUpdatedAt":null,"verifiedAt":null}},{"type":"Feature","geometry":{"type":"Point","coordinates":[8.694835,50.6032382]},"properties":{"id":"bikerack:cbd9a523-1f8c-4712-806b-188dc2e00630","kind":"bikerack","longitude":8.694835,"latitude":50.6032382,"name":"Fahrradabstellplatz","city":"Giessen","address":null,"covered":true,"access":null,"website":null,"phone":null,"source":"OpenStreetMap/node/8594416677","sourceUpdatedAt":null,"verifiedAt":null}},{"type":"Feature","geometry":{"type":"Point","coordinates":[8.6966151,50.6002186]},"properties":{"id":"bikerack:cca40430-898b-438c-9fc7-d34e4b1c9af9","kind":"bikerack","longitude":8.6966151,"latitude":50.6002186,"name":"Fahrradabstellplatz","city":"Giessen","address":null,"covered":false,"access":null,"website":null,"phone":null,"source":"OpenStreetMap/node/4460623333","sourceUpdatedAt":null,"verifiedAt":null}},{"type":"Feature","geometry":{"type":"Point","coordinates":[8.685213,50.6010916]},"properties":{"id":"bikerack:ccf34eba-f90e-496e-b37f-483e2845fb6e","kind":"bikerack","longitude":8.685213,"latitude":50.6010916,"name":"Fahrradabstellplatz","city":"Giessen","address":null,"covered":false,"access":null,"website":null,"phone":null,"source":"OpenStreetMap/node/1987615228","sourceUpdatedAt":null,"verifiedAt":null}},{"type":"Feature","geometry":{"type":"Point","coordinates":[8.6891436,50.5997554]},"properties":{"id":"bikerack:cdf56cda-0720-499c-8e0f-e2674e17af03","kind":"bikerack","longitude":8.6891436,"latitude":50.5997554,"name":"Fahrradabstellplatz","city":"Giessen","address":null,"covered":false,"access":null,"website":null,"phone":null,"source":"OpenStreetMap/node/4158278176","sourceUpdatedAt":null,"verifiedAt":null}},{"type":"Feature","geometry":{"type":"Point","coordinates":[8.6802427,50.5976147]},"properties":{"id":"bikerack:ceea2d5a-6a3b-45bc-a3b4-6c67a75ed2e3","kind":"bikerack","longitude":8.6802427,"latitude":50.5976147,"name":"Fahrradabstellplatz","city":"Giessen","address":null,"covered":false,"access":null,"website":null,"phone":null,"source":"OpenStreetMap/node/1304951437","sourceUpdatedAt":null,"verifiedAt":null}},{"type":"Feature","geometry":{"type":"Point","coordinates":[8.6893097,50.6007029]},"properties":{"id":"bikerack:cef8bc6b-0642-4825-8e6a-d8fa29abc4d0","kind":"bikerack","longitude":8.6893097,"latitude":50.6007029,"name":"Fahrradabstellplatz","city":"Giessen","address":null,"covered":false,"access":null,"website":null,"phone":null,"source":"OpenStreetMap/node/3111045896","sourceUpdatedAt":null,"verifiedAt":null}},{"type":"Feature","geometry":{"type":"Point","coordinates":[8.684746,50.5998778]},"properties":{"id":"bikerack:cf3bdb88-d13d-4129-ba12-77642782f43f","kind":"bikerack","longitude":8.684746,"latitude":50.5998778,"name":"Fahrradabstellplatz","city":"Giessen","address":null,"covered":false,"access":null,"website":null,"phone":null,"source":"OpenStreetMap/node/4262943291","sourceUpdatedAt":null,"verifiedAt":null}},{"type":"Feature","geometry":{"type":"Point","coordinates":[8.6842122,50.6001913]},"properties":{"id":"bikerack:cffcb621-93f1-4a72-b269-dee55c34198d","kind":"bikerack","longitude":8.6842122,"latitude":50.6001913,"name":"Fahrradabstellplatz","city":"Giessen","address":null,"covered":false,"access":null,"website":null,"phone":null,"source":"OpenStreetMap/node/4693771923","sourceUpdatedAt":null,"verifiedAt":null}},{"type":"Feature","geometry":{"type":"Point","coordinates":[8.6612937,50.6003767]},"properties":{"id":"bikerack:d02fa655-3403-4689-8139-f77c6c38edd0","kind":"bikerack","longitude":8.6612937,"latitude":50.6003767,"name":"Fahrradabstellplatz","city":"Giessen","address":null,"covered":false,"access":null,"website":null,"phone":null,"source":"OpenStreetMap/node/3964917852","sourceUpdatedAt":null,"verifiedAt":null}},{"type":"Feature","geometry":{"type":"Point","coordinates":[8.6815343,50.5986406]},"properties":{"id":"bikerack:d098c566-e126-465f-a0ba-1763e2d6e180","kind":"bikerack","longitude":8.6815343,"latitude":50.5986406,"name":"Fahrradabstellplatz","city":"Giessen","address":null,"covered":false,"access":null,"website":null,"phone":null,"source":"OpenStreetMap/node/1304951328","sourceUpdatedAt":null,"verifiedAt":null}},{"type":"Feature","geometry":{"type":"Point","coordinates":[8.6892467,50.5986525]},"properties":{"id":"bikerack:d17c93c9-d742-4c85-a0ce-23686e1a92ac","kind":"bikerack","longitude":8.6892467,"latitude":50.5986525,"name":"Fahrradabstellplatz","city":"Giessen","address":null,"covered":false,"access":null,"website":null,"phone":null,"source":"OpenStreetMap/node/9554914041","sourceUpdatedAt":null,"verifiedAt":null}},{"type":"Feature","geometry":{"type":"Point","coordinates":[8.6883557,50.5996908]},"properties":{"id":"bikerack:d1b60d4d-c244-475d-90cb-27071fc7304c","kind":"bikerack","longitude":8.6883557,"latitude":50.5996908,"name":"Fahrradabstellplatz","city":"Giessen","address":null,"covered":false,"access":null,"website":null,"phone":null,"source":"OpenStreetMap/node/2922298792","sourceUpdatedAt":null,"verifiedAt":null}},{"type":"Feature","geometry":{"type":"Point","coordinates":[8.6871595,50.5990476]},"properties":{"id":"bikerack:d1be0556-e306-415e-aebf-0eb12636052f","kind":"bikerack","longitude":8.6871595,"latitude":50.5990476,"name":"Fahrradabstellplatz","city":"Giessen","address":null,"covered":false,"access":null,"website":null,"phone":null,"source":"OpenStreetMap/node/4262943253","sourceUpdatedAt":null,"verifiedAt":null}},{"type":"Feature","geometry":{"type":"Point","coordinates":[8.6885074,50.5994799]},"properties":{"id":"bikerack:d296f5e1-9812-4079-ae3a-a01bf127916f","kind":"bikerack","longitude":8.6885074,"latitude":50.5994799,"name":"Fahrradabstellplatz","city":"Giessen","address":null,"covered":false,"access":null,"website":null,"phone":null,"source":"OpenStreetMap/node/2922298788","sourceUpdatedAt":null,"verifiedAt":null}},{"type":"Feature","geometry":{"type":"Point","coordinates":[8.6854461,50.6014765]},"properties":{"id":"bikerack:d47fee67-13e2-40bf-83d9-f3411625fc87","kind":"bikerack","longitude":8.6854461,"latitude":50.6014765,"name":"Fahrradabstellplatz","city":"Giessen","address":null,"covered":false,"access":null,"website":null,"phone":null,"source":"OpenStreetMap/node/4267768296","sourceUpdatedAt":null,"verifiedAt":null}},{"type":"Feature","geometry":{"type":"Point","coordinates":[8.7007956,50.6065807]},"properties":{"id":"bikerack:d4cca970-f6ba-4d36-9fff-fba1fa4cf104","kind":"bikerack","longitude":8.7007956,"latitude":50.6065807,"name":"Fahrradabstellplatz","city":"Giessen","address":null,"covered":false,"access":null,"website":null,"phone":null,"source":"OpenStreetMap/node/3936144496","sourceUpdatedAt":null,"verifiedAt":null}},{"type":"Feature","geometry":{"type":"Point","coordinates":[8.6874463,50.5985572]},"properties":{"id":"bikerack:d76133b8-7e18-4706-92d4-3b7d18fdf0b6","kind":"bikerack","longitude":8.6874463,"latitude":50.5985572,"name":"Fahrradabstellplatz","city":"Giessen","address":null,"covered":false,"access":null,"website":null,"phone":null,"source":"OpenStreetMap/node/4301059624","sourceUpdatedAt":null,"verifiedAt":null}},{"type":"Feature","geometry":{"type":"Point","coordinates":[8.6848372,50.600261]},"properties":{"id":"bikerack:d7c5e00d-0120-4f35-9fa1-64ae48b798fe","kind":"bikerack","longitude":8.6848372,"latitude":50.600261,"name":"Fahrradabstellplatz","city":"Giessen","address":null,"covered":false,"access":null,"website":null,"phone":null,"source":"OpenStreetMap/node/4267768282","sourceUpdatedAt":null,"verifiedAt":null}},{"type":"Feature","geometry":{"type":"Point","coordinates":[8.7006301,50.6127231]},"properties":{"id":"bikerack:d7fc6c0d-04f1-488b-9cb3-5bce1863092a","kind":"bikerack","longitude":8.7006301,"latitude":50.6127231,"name":"Fahrradabstellplatz","city":"Lollar","address":null,"covered":false,"access":null,"website":null,"phone":null,"source":"OpenStreetMap/node/9349585710","sourceUpdatedAt":null,"verifiedAt":null}},{"type":"Feature","geometry":{"type":"Point","coordinates":[8.6949134,50.5991154]},"properties":{"id":"bikerack:d88dad2d-431f-413c-a1bf-a2eb443d3811","kind":"bikerack","longitude":8.6949134,"latitude":50.5991154,"name":"Fahrradabstellplatz","city":"Giessen","address":null,"covered":false,"access":null,"website":null,"phone":null,"source":"OpenStreetMap/node/4705079442","sourceUpdatedAt":null,"verifiedAt":null}},{"type":"Feature","geometry":{"type":"Point","coordinates":[8.6934902,50.5993886]},"properties":{"id":"bikerack:dbd4505e-e89a-4683-be81-c03a0dd02848","kind":"bikerack","longitude":8.6934902,"latitude":50.5993886,"name":"Fahrradabstellplatz","city":"Giessen","address":null,"covered":false,"access":null,"website":null,"phone":null,"source":"OpenStreetMap/node/4301059654","sourceUpdatedAt":null,"verifiedAt":null}},{"type":"Feature","geometry":{"type":"Point","coordinates":[8.7010244,50.6130777]},"properties":{"id":"bikerack:dc9921e3-c0d0-4295-81d7-f270a216f62a","kind":"bikerack","longitude":8.7010244,"latitude":50.6130777,"name":"Fahrradabstellplatz","city":"Lollar","address":null,"covered":false,"access":null,"website":null,"phone":null,"source":"OpenStreetMap/node/5846899249","sourceUpdatedAt":null,"verifiedAt":null}},{"type":"Feature","geometry":{"type":"Point","coordinates":[8.6983794,50.6124835]},"properties":{"id":"bikerack:dd96a742-1291-4985-b655-2075386418cf","kind":"bikerack","longitude":8.6983794,"latitude":50.6124835,"name":"Fahrradabstellplatz","city":"Giessen","address":null,"covered":true,"access":null,"website":null,"phone":null,"source":"OpenStreetMap/node/4158278257","sourceUpdatedAt":null,"verifiedAt":null}},{"type":"Feature","geometry":{"type":"Point","coordinates":[8.6890182,50.5999044]},"properties":{"id":"bikerack:de6aa14a-b8b4-471c-8c95-975b432ded3e","kind":"bikerack","longitude":8.6890182,"latitude":50.5999044,"name":"Fahrradabstellplatz","city":"Giessen","address":null,"covered":false,"access":null,"website":null,"phone":null,"source":"OpenStreetMap/node/4158278190","sourceUpdatedAt":null,"verifiedAt":null}},{"type":"Feature","geometry":{"type":"Point","coordinates":[8.6797781,50.5972427]},"properties":{"id":"bikerack:de6b2eb0-27fb-4c58-a632-432ef01952d8","kind":"bikerack","longitude":8.6797781,"latitude":50.5972427,"name":"Fahrradabstellplatz","city":"Giessen","address":null,"covered":false,"access":null,"website":null,"phone":null,"source":"OpenStreetMap/node/1304951410","sourceUpdatedAt":null,"verifiedAt":null}},{"type":"Feature","geometry":{"type":"Point","coordinates":[8.6902951,50.5982207]},"properties":{"id":"bikerack:deead819-208c-4e34-af7e-3191b288c190","kind":"bikerack","longitude":8.6902951,"latitude":50.5982207,"name":"Fahrradabstellplatz","city":"Giessen","address":null,"covered":false,"access":null,"website":null,"phone":null,"source":"OpenStreetMap/node/4158277768","sourceUpdatedAt":null,"verifiedAt":null}},{"type":"Feature","geometry":{"type":"Point","coordinates":[8.6797255,50.5981002]},"properties":{"id":"bikerack:df0201a8-d45e-45e7-956d-4ad87987b674","kind":"bikerack","longitude":8.6797255,"latitude":50.5981002,"name":"Fahrradabstellplatz","city":"Giessen","address":null,"covered":false,"access":null,"website":null,"phone":null,"source":"OpenStreetMap/node/1304915266","sourceUpdatedAt":null,"verifiedAt":null}},{"type":"Feature","geometry":{"type":"Point","coordinates":[8.6940369,50.5987226]},"properties":{"id":"bikerack:df1924d5-4d35-4ad0-a9c5-07509dfe3404","kind":"bikerack","longitude":8.6940369,"latitude":50.5987226,"name":"Fahrradabstellplatz","city":"Giessen","address":null,"covered":false,"access":null,"website":null,"phone":null,"source":"OpenStreetMap/node/4294996831","sourceUpdatedAt":null,"verifiedAt":null}},{"type":"Feature","geometry":{"type":"Point","coordinates":[8.6615958,50.5990237]},"properties":{"id":"bikerack:dfc5b829-51ba-4c45-944e-7d019d478ef3","kind":"bikerack","longitude":8.6615958,"latitude":50.5990237,"name":"Fahrradabstellplatz","city":"Giessen","address":null,"covered":false,"access":null,"website":null,"phone":null,"source":"OpenStreetMap/node/8661079152","sourceUpdatedAt":null,"verifiedAt":null}},{"type":"Feature","geometry":{"type":"Point","coordinates":[8.6890065,50.6014236]},"properties":{"id":"bikerack:e0500588-2047-4fbd-9d8e-78c5a2bcdb6d","kind":"bikerack","longitude":8.6890065,"latitude":50.6014236,"name":"Fahrradabstellplatz","city":"Giessen","address":null,"covered":false,"access":null,"website":null,"phone":null,"source":"OpenStreetMap/node/3951623330","sourceUpdatedAt":null,"verifiedAt":null}},{"type":"Feature","geometry":{"type":"Point","coordinates":[8.6850679,50.6002882]},"properties":{"id":"bikerack:e093066b-a300-4b68-b759-4cebc41d2559","kind":"bikerack","longitude":8.6850679,"latitude":50.6002882,"name":"Fahrradabstellplatz","city":"Giessen","address":null,"covered":false,"access":null,"website":null,"phone":null,"source":"OpenStreetMap/node/4267768285","sourceUpdatedAt":null,"verifiedAt":null}},{"type":"Feature","geometry":{"type":"Point","coordinates":[8.685194,50.6014629]},"properties":{"id":"bikerack:e1686550-9a40-41d9-89b8-b94a57be18ba","kind":"bikerack","longitude":8.685194,"latitude":50.6014629,"name":"Fahrradabstellplatz","city":"Giessen","address":null,"covered":false,"access":null,"website":null,"phone":null,"source":"OpenStreetMap/node/4267768295","sourceUpdatedAt":null,"verifiedAt":null}},{"type":"Feature","geometry":{"type":"Point","coordinates":[8.6827296,50.5978735]},"properties":{"id":"bikerack:e1b86fcd-dce5-41c3-b3ca-6ae267ff6b9c","kind":"bikerack","longitude":8.6827296,"latitude":50.5978735,"name":"Fahrradabstellplatz","city":"Giessen","address":null,"covered":false,"access":null,"website":null,"phone":null,"source":"OpenStreetMap/node/4190129595","sourceUpdatedAt":null,"verifiedAt":null}},{"type":"Feature","geometry":{"type":"Point","coordinates":[8.658292,50.5992986]},"properties":{"id":"bikerack:e281d917-7e18-461f-83ce-a7365d9e21eb","kind":"bikerack","longitude":8.658292,"latitude":50.5992986,"name":"Fahrradabstellplatz","city":"Giessen","address":null,"covered":false,"access":null,"website":null,"phone":null,"source":"OpenStreetMap/node/4159864761","sourceUpdatedAt":null,"verifiedAt":null}},{"type":"Feature","geometry":{"type":"Point","coordinates":[8.6608247,50.5977345]},"properties":{"id":"bikerack:e2e0b5f7-02d9-4a4a-8144-5a135ab67415","kind":"bikerack","longitude":8.6608247,"latitude":50.5977345,"name":"Fahrradabstellplatz","city":"Giessen","address":null,"covered":false,"access":null,"website":null,"phone":null,"source":"OpenStreetMap/node/4159864731","sourceUpdatedAt":null,"verifiedAt":null}},{"type":"Feature","geometry":{"type":"Point","coordinates":[8.6925616,50.599184]},"properties":{"id":"bikerack:e629ed1a-6c70-45da-b496-243176547b6f","kind":"bikerack","longitude":8.6925616,"latitude":50.599184,"name":"Fahrradabstellplatz","city":"Giessen","address":null,"covered":false,"access":null,"website":null,"phone":null,"source":"OpenStreetMap/node/4301059647","sourceUpdatedAt":null,"verifiedAt":null}},{"type":"Feature","geometry":{"type":"Point","coordinates":[8.6607074,50.5988824]},"properties":{"id":"bikerack:e6c0d445-41aa-4021-b9dc-c1a06ec2e1f9","kind":"bikerack","longitude":8.6607074,"latitude":50.5988824,"name":"Fahrradabstellplatz","city":"Giessen","address":null,"covered":false,"access":null,"website":null,"phone":null,"source":"OpenStreetMap/node/7058424422","sourceUpdatedAt":null,"verifiedAt":null}},{"type":"Feature","geometry":{"type":"Point","coordinates":[8.6877963,50.5977661]},"properties":{"id":"bikerack:e6c0e034-3a27-4bb1-8ef6-4fb69c94c805","kind":"bikerack","longitude":8.6877963,"latitude":50.5977661,"name":"Fahrradabstellplatz","city":"Giessen","address":null,"covered":false,"access":null,"website":null,"phone":null,"source":"OpenStreetMap/node/4301059599","sourceUpdatedAt":null,"verifiedAt":null}},{"type":"Feature","geometry":{"type":"Point","coordinates":[8.6843558,50.6011369]},"properties":{"id":"bikerack:e767b221-3ec2-468d-b87c-a943af79931a","kind":"bikerack","longitude":8.6843558,"latitude":50.6011369,"name":"Fahrradabstellplatz","city":"Giessen","address":null,"covered":true,"access":null,"website":null,"phone":null,"source":"OpenStreetMap/node/5041680348","sourceUpdatedAt":null,"verifiedAt":null}},{"type":"Feature","geometry":{"type":"Point","coordinates":[8.6863513,50.5982176]},"properties":{"id":"bikerack:e77e3e3f-6328-4f8d-a503-1f8eaff1d371","kind":"bikerack","longitude":8.6863513,"latitude":50.5982176,"name":"Fahrradabstellplatz","city":"Giessen","address":null,"covered":false,"access":null,"website":null,"phone":null,"source":"OpenStreetMap/node/4301059615","sourceUpdatedAt":null,"verifiedAt":null}},{"type":"Feature","geometry":{"type":"Point","coordinates":[8.6759049,50.5987322]},"properties":{"id":"bikerack:ea54180d-18fc-41b6-80d4-2723d3033ad2","kind":"bikerack","longitude":8.6759049,"latitude":50.5987322,"name":"Fahrradabstellplatz","city":"Giessen","address":null,"covered":false,"access":null,"website":null,"phone":null,"source":"OpenStreetMap/node/10300317347","sourceUpdatedAt":null,"verifiedAt":null}},{"type":"Feature","geometry":{"type":"Point","coordinates":[8.6874116,50.5993609]},"properties":{"id":"bikerack:ea55df01-ce0d-45fa-b170-8b87d8b44f7b","kind":"bikerack","longitude":8.6874116,"latitude":50.5993609,"name":"Fahrradabstellplatz","city":"Giessen","address":null,"covered":false,"access":null,"website":null,"phone":null,"source":"OpenStreetMap/node/4262943273","sourceUpdatedAt":null,"verifiedAt":null}},{"type":"Feature","geometry":{"type":"Point","coordinates":[8.6897915,50.5997889]},"properties":{"id":"bikerack:ea9b8968-ba27-484b-ab8d-c9054d6e29d4","kind":"bikerack","longitude":8.6897915,"latitude":50.5997889,"name":"Fahrradabstellplatz","city":"Giessen","address":null,"covered":false,"access":null,"website":null,"phone":null,"source":"OpenStreetMap/node/4158278184","sourceUpdatedAt":null,"verifiedAt":null}},{"type":"Feature","geometry":{"type":"Point","coordinates":[8.694457,50.6010186]},"properties":{"id":"bikerack:ead4c324-03a1-4e20-a1ec-71dc3ea2c1bb","kind":"bikerack","longitude":8.694457,"latitude":50.6010186,"name":"Fahrradabstellplatz","city":"Giessen","address":null,"covered":false,"access":null,"website":null,"phone":null,"source":"OpenStreetMap/node/6898289351","sourceUpdatedAt":null,"verifiedAt":null}},{"type":"Feature","geometry":{"type":"Point","coordinates":[8.6866257,50.5979248]},"properties":{"id":"bikerack:eb614d82-61a3-4529-bc3e-2ba586c19cc7","kind":"bikerack","longitude":8.6866257,"latitude":50.5979248,"name":"Fahrradabstellplatz","city":"Giessen","address":null,"covered":false,"access":null,"website":null,"phone":null,"source":"OpenStreetMap/node/4301059606","sourceUpdatedAt":null,"verifiedAt":null}},{"type":"Feature","geometry":{"type":"Point","coordinates":[8.6846884,50.6000448]},"properties":{"id":"bikerack:ec0a415d-1434-42ec-ab78-ee42552f7824","kind":"bikerack","longitude":8.6846884,"latitude":50.6000448,"name":"Fahrradabstellplatz","city":"Giessen","address":null,"covered":false,"access":null,"website":null,"phone":null,"source":"OpenStreetMap/node/4262943293","sourceUpdatedAt":null,"verifiedAt":null}},{"type":"Feature","geometry":{"type":"Point","coordinates":[8.6847048,50.6007622]},"properties":{"id":"bikerack:ec61f269-c27e-4e36-acee-8b622e129415","kind":"bikerack","longitude":8.6847048,"latitude":50.6007622,"name":"Fahrradabstellplatz","city":"Giessen","address":null,"covered":false,"access":null,"website":null,"phone":null,"source":"OpenStreetMap/node/5241905184","sourceUpdatedAt":null,"verifiedAt":null}},{"type":"Feature","geometry":{"type":"Point","coordinates":[8.6849123,50.6014391]},"properties":{"id":"bikerack:ecff4fe5-30cd-4bb2-a41d-6b1471b906d2","kind":"bikerack","longitude":8.6849123,"latitude":50.6014391,"name":"Fahrradabstellplatz","city":"Giessen","address":null,"covered":false,"access":null,"website":null,"phone":null,"source":"OpenStreetMap/node/4267768294","sourceUpdatedAt":null,"verifiedAt":null}},{"type":"Feature","geometry":{"type":"Point","coordinates":[8.690571,50.5991792]},"properties":{"id":"bikerack:ed6a2ec2-48d2-41f1-b0ac-1f4fea466e24","kind":"bikerack","longitude":8.690571,"latitude":50.5991792,"name":"Fahrradabstellplatz","city":"Giessen","address":null,"covered":false,"access":null,"website":null,"phone":null,"source":"OpenStreetMap/node/4158278150","sourceUpdatedAt":null,"verifiedAt":null}},{"type":"Feature","geometry":{"type":"Point","coordinates":[8.679356,50.5976684]},"properties":{"id":"bikerack:ee700696-8906-4346-ab12-69dc385198c5","kind":"bikerack","longitude":8.679356,"latitude":50.5976684,"name":"Fahrradabstellplatz","city":"Giessen","address":null,"covered":false,"access":null,"website":null,"phone":null,"source":"OpenStreetMap/node/1304915237","sourceUpdatedAt":null,"verifiedAt":null}},{"type":"Feature","geometry":{"type":"Point","coordinates":[8.6878815,50.6002389]},"properties":{"id":"bikerack:ef97cc49-3553-4633-a404-4a0207754393","kind":"bikerack","longitude":8.6878815,"latitude":50.6002389,"name":"Fahrradabstellplatz","city":"Giessen","address":null,"covered":false,"access":null,"website":null,"phone":null,"source":"OpenStreetMap/node/3526985051","sourceUpdatedAt":null,"verifiedAt":null}},{"type":"Feature","geometry":{"type":"Point","coordinates":[8.6812318,50.5994018]},"properties":{"id":"bikerack:efde85b0-b996-4b12-b4ab-8986c8221828","kind":"bikerack","longitude":8.6812318,"latitude":50.5994018,"name":"Fahrradabstellplatz","city":"Giessen","address":null,"covered":false,"access":null,"website":null,"phone":null,"source":"OpenStreetMap/node/1304951408","sourceUpdatedAt":null,"verifiedAt":null}},{"type":"Feature","geometry":{"type":"Point","coordinates":[8.6605301,50.598263]},"properties":{"id":"bikerack:f063fadc-eded-4658-b61a-39af221c9f54","kind":"bikerack","longitude":8.6605301,"latitude":50.598263,"name":"Fahrradabstellplatz","city":"Giessen","address":null,"covered":false,"access":null,"website":null,"phone":null,"source":"OpenStreetMap/node/4159864744","sourceUpdatedAt":null,"verifiedAt":null}},{"type":"Feature","geometry":{"type":"Point","coordinates":[8.6824575,50.5984816]},"properties":{"id":"bikerack:f487a076-3594-4f0f-bc39-f4ae4cc22211","kind":"bikerack","longitude":8.6824575,"latitude":50.5984816,"name":"Fahrradabstellplatz","city":"Giessen","address":null,"covered":false,"access":null,"website":null,"phone":null,"source":"OpenStreetMap/node/4190129617","sourceUpdatedAt":null,"verifiedAt":null}},{"type":"Feature","geometry":{"type":"Point","coordinates":[8.6832399,50.5980343]},"properties":{"id":"bikerack:f52fd351-44d8-4230-9ce9-a2565f8fcdb0","kind":"bikerack","longitude":8.6832399,"latitude":50.5980343,"name":"Fahrradabstellplatz","city":"Giessen","address":null,"covered":true,"access":null,"website":null,"phone":null,"source":"OpenStreetMap/node/4262943223","sourceUpdatedAt":null,"verifiedAt":null}},{"type":"Feature","geometry":{"type":"Point","coordinates":[8.6809536,50.5977429]},"properties":{"id":"bikerack:f5ad25c8-1209-485e-9b45-6e685fa1d67a","kind":"bikerack","longitude":8.6809536,"latitude":50.5977429,"name":"Fahrradabstellplatz","city":"Giessen","address":null,"covered":false,"access":null,"website":null,"phone":null,"source":"OpenStreetMap/node/1304951455","sourceUpdatedAt":null,"verifiedAt":null}},{"type":"Feature","geometry":{"type":"Point","coordinates":[8.6617488,50.6008628]},"properties":{"id":"bikerack:f5d2f2a5-4140-4c89-b8f3-f1d0ed89fedf","kind":"bikerack","longitude":8.6617488,"latitude":50.6008628,"name":"Fahrradabstellplatz","city":"Giessen","address":null,"covered":false,"access":null,"website":null,"phone":null,"source":"OpenStreetMap/node/13156446211","sourceUpdatedAt":null,"verifiedAt":null}},{"type":"Feature","geometry":{"type":"Point","coordinates":[8.6615972,50.5981785]},"properties":{"id":"bikerack:f89778ea-4669-44b8-ae53-bcbb3bd36f2f","kind":"bikerack","longitude":8.6615972,"latitude":50.5981785,"name":"Fahrradabstellplatz","city":"Giessen","address":null,"covered":false,"access":null,"website":null,"phone":null,"source":"OpenStreetMap/node/4159864741","sourceUpdatedAt":null,"verifiedAt":null}},{"type":"Feature","geometry":{"type":"Point","coordinates":[8.658305,50.6217588]},"properties":{"id":"bikerack:f8e25f7c-f1e4-4c08-b619-a3db987a1000","kind":"bikerack","longitude":8.658305,"latitude":50.6217588,"name":"Fahrradabstellplatz","city":"Giessen","address":null,"covered":false,"access":null,"website":null,"phone":null,"source":"OpenStreetMap/node/8151915671","sourceUpdatedAt":null,"verifiedAt":null}},{"type":"Feature","geometry":{"type":"Point","coordinates":[8.6599076,50.6197665]},"properties":{"id":"bikerack:f91fc8f9-0676-4604-bfd7-bfb89321cc2b","kind":"bikerack","longitude":8.6599076,"latitude":50.6197665,"name":"Fahrradabstellplatz","city":"Giessen","address":null,"covered":false,"access":null,"website":null,"phone":null,"source":"OpenStreetMap/node/9921519946","sourceUpdatedAt":null,"verifiedAt":null}},{"type":"Feature","geometry":{"type":"Point","coordinates":[8.6609147,50.5976215]},"properties":{"id":"bikerack:fa3ea576-2940-4ec8-8424-0cf0fd23c2d9","kind":"bikerack","longitude":8.6609147,"latitude":50.5976215,"name":"Fahrradabstellplatz","city":"Giessen","address":null,"covered":false,"access":null,"website":null,"phone":null,"source":"OpenStreetMap/node/4159864730","sourceUpdatedAt":null,"verifiedAt":null}},{"type":"Feature","geometry":{"type":"Point","coordinates":[8.6893391,50.5993429]},"properties":{"id":"bikerack:fa69d466-eb34-4a01-9803-29fd3c06e7c8","kind":"bikerack","longitude":8.6893391,"latitude":50.5993429,"name":"Fahrradabstellplatz","city":"Giessen","address":null,"covered":false,"access":null,"website":null,"phone":null,"source":"OpenStreetMap/node/5234741501","sourceUpdatedAt":null,"verifiedAt":null}},{"type":"Feature","geometry":{"type":"Point","coordinates":[8.6896726,50.6001039]},"properties":{"id":"bikerack:fec9e940-db4c-4b87-aa89-9877905938a1","kind":"bikerack","longitude":8.6896726,"latitude":50.6001039,"name":"Fahrradabstellplatz","city":"Giessen","address":null,"covered":false,"access":null,"website":null,"phone":null,"source":"OpenStreetMap/node/4158278213","sourceUpdatedAt":null,"verifiedAt":null}},{"type":"Feature","geometry":{"type":"Point","coordinates":[8.658473,50.6188709]},"properties":{"id":"service:50a3e07e-e7df-4c1a-b635-6f3e2bbdc7c7","kind":"service","longitude":8.658473,"latitude":50.6188709,"name":"Petzold Zweirad-Technik","city":"Wettenberg","address":null,"covered":null,"access":null,"website":null,"phone":null,"source":"OpenStreetMap/node/1972529522","sourceUpdatedAt":null,"verifiedAt":null}},{"type":"Feature","geometry":{"type":"Point","coordinates":[8.696177,50.6011554]},"properties":{"id":"service:d8e7d2bf-3f86-4b0c-8cb2-e229956d3908","kind":"service","longitude":8.696177,"latitude":50.6011554,"name":"delta bike sports","city":"Giessen","address":null,"covered":null,"access":null,"website":null,"phone":null,"source":"OpenStreetMap/node/452921488","sourceUpdatedAt":null,"verifiedAt":null}},{"type":"Feature","geometry":{"type":"Point","coordinates":[8.6812257,50.6044378]},"properties":{"id":"water:0bbeb26e-23e0-43dc-a8d0-b621a5c20bd6","kind":"water","longitude":8.6812257,"latitude":50.6044378,"name":"Trinkwasser","city":"Giessen","address":null,"covered":null,"access":null,"website":null,"phone":null,"source":"OpenStreetMap/node/3917151655","sourceUpdatedAt":null,"verifiedAt":null}},{"type":"Feature","geometry":{"type":"Point","coordinates":[8.6848057,50.6020025]},"properties":{"id":"water:12b06143-ece9-455f-9325-e7610a58837b","kind":"water","longitude":8.6848057,"latitude":50.6020025,"name":"Trinkwasser","city":"Giessen","address":null,"covered":null,"access":null,"website":null,"phone":null,"source":"OpenStreetMap/node/3917151311","sourceUpdatedAt":null,"verifiedAt":null}},{"type":"Feature","geometry":{"type":"Point","coordinates":[8.6818741,50.6031962]},"properties":{"id":"water:15b086ce-112c-4b09-bcd1-80fd2351e279","kind":"water","longitude":8.6818741,"latitude":50.6031962,"name":"Trinkwasser","city":"Giessen","address":null,"covered":null,"access":null,"website":null,"phone":null,"source":"OpenStreetMap/node/3917151619","sourceUpdatedAt":null,"verifiedAt":null}},{"type":"Feature","geometry":{"type":"Point","coordinates":[8.6850449,50.6032237]},"properties":{"id":"water:253c082d-c697-48e0-8865-445185f225ae","kind":"water","longitude":8.6850449,"latitude":50.6032237,"name":"Trinkwasser","city":"Giessen","address":null,"covered":null,"access":null,"website":null,"phone":null,"source":"OpenStreetMap/node/3917151622","sourceUpdatedAt":null,"verifiedAt":null}},{"type":"Feature","geometry":{"type":"Point","coordinates":[8.6804862,50.602399]},"properties":{"id":"water:3822974f-2df5-4b26-ab8a-45b8de921bd7","kind":"water","longitude":8.6804862,"latitude":50.602399,"name":"Trinkwasser","city":"Giessen","address":null,"covered":null,"access":null,"website":null,"phone":null,"source":"OpenStreetMap/node/3917151564","sourceUpdatedAt":null,"verifiedAt":null}},{"type":"Feature","geometry":{"type":"Point","coordinates":[8.6820791,50.6043771]},"properties":{"id":"water:3c156c86-8aaf-4f90-93d7-62eec7b0d9e6","kind":"water","longitude":8.6820791,"latitude":50.6043771,"name":"Trinkwasser","city":"Giessen","address":null,"covered":null,"access":null,"website":null,"phone":null,"source":"OpenStreetMap/node/3917151654","sourceUpdatedAt":null,"verifiedAt":null}},{"type":"Feature","geometry":{"type":"Point","coordinates":[8.6855272,50.6025124]},"properties":{"id":"water:65636f98-3db9-485d-b442-054ccbbbb92d","kind":"water","longitude":8.6855272,"latitude":50.6025124,"name":"Trinkwasser","city":"Giessen","address":null,"covered":null,"access":null,"website":null,"phone":null,"source":"OpenStreetMap/node/3917151582","sourceUpdatedAt":null,"verifiedAt":null}},{"type":"Feature","geometry":{"type":"Point","coordinates":[8.6810383,50.6030924]},"properties":{"id":"water:65868b47-3c4f-4e64-b8f0-b224d6c777fd","kind":"water","longitude":8.6810383,"latitude":50.6030924,"name":"Trinkwasser","city":"Giessen","address":null,"covered":null,"access":null,"website":null,"phone":null,"source":"OpenStreetMap/node/3917151612","sourceUpdatedAt":null,"verifiedAt":null}},{"type":"Feature","geometry":{"type":"Point","coordinates":[8.6816473,50.6048866]},"properties":{"id":"water:7fafd41f-3b5c-4c09-b5f0-eccddeb129f1","kind":"water","longitude":8.6816473,"latitude":50.6048866,"name":"Trinkwasser","city":"Giessen","address":null,"covered":null,"access":null,"website":null,"phone":null,"source":"OpenStreetMap/node/3917151664","sourceUpdatedAt":null,"verifiedAt":null}},{"type":"Feature","geometry":{"type":"Point","coordinates":[8.6846873,50.6024839]},"properties":{"id":"water:80e187d5-6678-4365-9ede-ca0c30831800","kind":"water","longitude":8.6846873,"latitude":50.6024839,"name":"Trinkwasser","city":"Giessen","address":null,"covered":null,"access":null,"website":null,"phone":null,"source":"OpenStreetMap/node/3917151578","sourceUpdatedAt":null,"verifiedAt":null}},{"type":"Feature","geometry":{"type":"Point","coordinates":[8.6832014,50.6033936]},"properties":{"id":"water:a32facb9-7833-4583-808f-f72c7529c155","kind":"water","longitude":8.6832014,"latitude":50.6033936,"name":"Trinkwasser","city":"Giessen","address":null,"covered":null,"access":null,"website":null,"phone":null,"source":"OpenStreetMap/node/3917151633","sourceUpdatedAt":null,"verifiedAt":null}},{"type":"Feature","geometry":{"type":"Point","coordinates":[8.6829925,50.6015104]},"properties":{"id":"water:b9f9fc7c-30dc-4239-a7fb-ef1311cca3eb","kind":"water","longitude":8.6829925,"latitude":50.6015104,"name":"Trinkwasser","city":"Giessen","address":null,"covered":null,"access":null,"website":null,"phone":null,"source":"OpenStreetMap/node/3917151192","sourceUpdatedAt":null,"verifiedAt":null}},{"type":"Feature","geometry":{"type":"Point","coordinates":[8.6820925,50.6023833]},"properties":{"id":"water:bd1572f4-1fb0-42b4-a0e2-7ac8d1dfe129","kind":"water","longitude":8.6820925,"latitude":50.6023833,"name":"Trinkwasser","city":"Giessen","address":null,"covered":null,"access":null,"website":null,"phone":null,"source":"OpenStreetMap/node/3917151560","sourceUpdatedAt":null,"verifiedAt":null}}]}