{"type":"FeatureCollection","features":[{"type":"Feature","geometry":{"type":"Point","coordinates":[8.6928952,50.1508669]},"properties":{"id":"bikerack:0114dbab-38c2-4f41-a70c-7c49ef8a4f3f","kind":"bikerack","longitude":8.6928952,"latitude":50.1508669,"name":"Fahrradabstellplatz","city":"Frankfurt am Main","address":null,"covered":false,"access":null,"website":null,"phone":null,"source":"OpenStreetMap/node/6617289077","sourceUpdatedAt":null,"verifiedAt":null}},{"type":"Feature","geometry":{"type":"Point","coordinates":[8.6885314,50.1525624]},"properties":{"id":"bikerack:018a62e4-dba9-4074-9418-fc2df966323e","kind":"bikerack","longitude":8.6885314,"latitude":50.1525624,"name":"Fahrradabstellplatz","city":"Frankfurt am Main","address":null,"covered":false,"access":null,"website":null,"phone":null,"source":"OpenStreetMap/node/7325859248","sourceUpdatedAt":null,"verifiedAt":null}},{"type":"Feature","geometry":{"type":"Point","coordinates":[8.6895427,50.1521625]},"properties":{"id":"bikerack:02328ee7-afd4-46a7-9e9b-1d399ea2733f","kind":"bikerack","longitude":8.6895427,"latitude":50.1521625,"name":"Fahrradabstellplatz","city":"Frankfurt am Main","address":null,"covered":false,"access":null,"website":null,"phone":null,"source":"OpenStreetMap/node/7371739244","sourceUpdatedAt":null,"verifiedAt":null}},{"type":"Feature","geometry":{"type":"Point","coordinates":[8.6808536,50.1668407]},"properties":{"id":"bikerack:0299a8b8-cbbc-49fc-b1a1-fd64e31e5114","kind":"bikerack","longitude":8.6808536,"latitude":50.1668407,"name":"Fahrradabstellplatz","city":"Frankfurt am Main","address":null,"covered":false,"access":null,"website":null,"phone":null,"source":"OpenStreetMap/node/2329776517","sourceUpdatedAt":null,"verifiedAt":null}},{"type":"Feature","geometry":{"type":"Point","coordinates":[8.6635299,50.1503237]},"properties":{"id":"bikerack:02b102a1-c8cb-4a3a-a4e4-21e8671f7e44","kind":"bikerack","longitude":8.6635299,"latitude":50.1503237,"name":"Fahrradabstellplatz","city":"Frankfurt am Main","address":null,"covered":false,"access":null,"website":null,"phone":null,"source":"OpenStreetMap/node/12003576108","sourceUpdatedAt":null,"verifiedAt":null}},{"type":"Feature","geometry":{"type":"Point","coordinates":[8.6942431,50.1515873]},"properties":{"id":"bikerack:02f2e71f-f3e6-4faf-8565-c350790928de","kind":"bikerack","longitude":8.6942431,"latitude":50.1515873,"name":"Fahrradabstellplatz","city":"Frankfurt am Main","address":null,"covered":false,"access":null,"website":null,"phone":null,"source":"OpenStreetMap/node/6621227713","sourceUpdatedAt":null,"verifiedAt":null}},{"type":"Feature","geometry":{"type":"Point","coordinates":[8.6736934,50.1520881]},"properties":{"id":"bikerack:0340b95c-4007-4258-9ac8-9c8e99011fff","kind":"bikerack","longitude":8.6736934,"latitude":50.1520881,"name":"Fahrradabstellplatz","city":"Frankfurt am Main","address":null,"covered":false,"access":null,"website":null,"phone":null,"source":"OpenStreetMap/node/12352345282","sourceUpdatedAt":null,"verifiedAt":null}},{"type":"Feature","geometry":{"type":"Point","coordinates":[8.7000886,50.1554492]},"properties":{"id":"bikerack:03590507-3db8-4092-8fcf-988945173566","kind":"bikerack","longitude":8.7000886,"latitude":50.1554492,"name":"Fahrradabstellplatz","city":"Frankfurt am Main","address":null,"covered":false,"access":null,"website":null,"phone":null,"source":"OpenStreetMap/node/10630208868","sourceUpdatedAt":null,"verifiedAt":null}},{"type":"Feature","geometry":{"type":"Point","coordinates":[8.6916085,50.1502185]},"properties":{"id":"bikerack:0394db6f-70ae-4fb7-9660-63318b995516","kind":"bikerack","longitude":8.6916085,"latitude":50.1502185,"name":"Fahrradabstellplatz","city":"Frankfurt am Main","address":null,"covered":false,"access":null,"website":null,"phone":null,"source":"OpenStreetMap/node/6587089197","sourceUpdatedAt":null,"verifiedAt":null}},{"type":"Feature","geometry":{"type":"Point","coordinates":[8.6788529,50.1648985]},"properties":{"id":"bikerack:03bda9cb-6c79-4b22-91a4-3c434ed8f420","kind":"bikerack","longitude":8.6788529,"latitude":50.1648985,"name":"Fahrradabstellplatz","city":"Frankfurt am Main","address":null,"covered":false,"access":null,"website":null,"phone":null,"source":"OpenStreetMap/node/2329776491","sourceUpdatedAt":null,"verifiedAt":null}},{"type":"Feature","geometry":{"type":"Point","coordinates":[8.7002663,50.1554672]},"properties":{"id":"bikerack:064968e7-de76-4d66-acef-27d3da9ef04d","kind":"bikerack","longitude":8.7002663,"latitude":50.1554672,"name":"Fahrradabstellplatz","city":"Frankfurt am Main","address":null,"covered":false,"access":null,"website":null,"phone":null,"source":"OpenStreetMap/node/10630208869","sourceUpdatedAt":null,"verifiedAt":null}},{"type":"Feature","geometry":{"type":"Point","coordinates":[8.6637512,50.1541711]},"properties":{"id":"bikerack:0843c67a-7c03-4728-8b16-d7bb3492afcb","kind":"bikerack","longitude":8.6637512,"latitude":50.1541711,"name":"Fahrradabstellplatz","city":"Frankfurt am Main","address":null,"covered":true,"access":null,"website":null,"phone":null,"source":"OpenStreetMap/node/10745004444","sourceUpdatedAt":null,"verifiedAt":null}},{"type":"Feature","geometry":{"type":"Point","coordinates":[8.6735129,50.1493136]},"properties":{"id":"bikerack:089186be-c2fb-4817-9b6c-e076d9569015","kind":"bikerack","longitude":8.6735129,"latitude":50.1493136,"name":"Fahrradabstellplatz","city":"Frankfurt am Main","address":null,"covered":false,"access":null,"website":null,"phone":null,"source":"OpenStreetMap/node/6286767910","sourceUpdatedAt":null,"verifiedAt":null}},{"type":"Feature","geometry":{"type":"Point","coordinates":[8.6960495,50.1539844]},"properties":{"id":"bikerack:0acc6e60-4d67-4c37-b4c3-1250be272806","kind":"bikerack","longitude":8.6960495,"latitude":50.1539844,"name":"Fahrradabstellplatz","city":"Frankfurt am Main","address":null,"covered":false,"access":null,"website":null,"phone":null,"source":"OpenStreetMap/node/6703161003","sourceUpdatedAt":null,"verifiedAt":null}},{"type":"Feature","geometry":{"type":"Point","coordinates":[8.6936912,50.1515032]},"properties":{"id":"bikerack:0b7c300e-50bc-40c6-b9a1-fdc073529da1","kind":"bikerack","longitude":8.6936912,"latitude":50.1515032,"name":"Fahrradabstellplatz","city":"Frankfurt am Main","address":null,"covered":false,"access":null,"website":null,"phone":null,"source":"OpenStreetMap/node/6621257585","sourceUpdatedAt":null,"verifiedAt":null}},{"type":"Feature","geometry":{"type":"Point","coordinates":[8.6878828,50.1591788]},"properties":{"id":"bikerack:0b974350-b075-41c2-96d0-dc314db900eb","kind":"bikerack","longitude":8.6878828,"latitude":50.1591788,"name":"Fahrradabstellplatz","city":"Frankfurt am Main","address":null,"covered":true,"access":null,"website":null,"phone":null,"source":"OpenStreetMap/node/8001004367","sourceUpdatedAt":null,"verifiedAt":null}},{"type":"Feature","geometry":{"type":"Point","coordinates":[8.6589595,50.1550452]},"properties":{"id":"bikerack:0cf9cce3-1c5f-416d-bc80-001ab1e0405d","kind":"bikerack","longitude":8.6589595,"latitude":50.1550452,"name":"Fahrradabstellplatz","city":"Frankfurt am Main","address":null,"covered":false,"access":null,"website":null,"phone":null,"source":"OpenStreetMap/node/6801074740","sourceUpdatedAt":null,"verifiedAt":null}},{"type":"Feature","geometry":{"type":"Point","coordinates":[8.6998371,50.1555171]},"properties":{"id":"bikerack:0e7bd936-c47a-48eb-9990-3b755dc87267","kind":"bikerack","longitude":8.6998371,"latitude":50.1555171,"name":"Fahrradabstellplatz","city":"Frankfurt am Main","address":null,"covered":false,"access":null,"website":null,"phone":null,"source":"OpenStreetMap/node/10630208862","sourceUpdatedAt":null,"verifiedAt":null}},{"type":"Feature","geometry":{"type":"Point","coordinates":[8.6935195,50.1505906]},"properties":{"id":"bikerack:11523012-7633-4abf-9df9-1e3708d10288","kind":"bikerack","longitude":8.6935195,"latitude":50.1505906,"name":"Fahrradabstellplatz","city":"Frankfurt am Main","address":null,"covered":false,"access":null,"website":null,"phone":null,"source":"OpenStreetMap/node/6617289059","sourceUpdatedAt":null,"verifiedAt":null}},{"type":"Feature","geometry":{"type":"Point","coordinates":[8.6909285,50.1523935]},"properties":{"id":"bikerack:117a1ae7-d2c6-4143-9a13-c37bcbdbd426","kind":"bikerack","longitude":8.6909285,"latitude":50.1523935,"name":"Fahrradabstellplatz","city":"Frankfurt am Main","address":null,"covered":false,"access":null,"website":null,"phone":null,"source":"OpenStreetMap/node/6709716682","sourceUpdatedAt":null,"verifiedAt":null}},{"type":"Feature","geometry":{"type":"Point","coordinates":[8.6999972,50.1565284]},"properties":{"id":"bikerack:127d357a-81f5-4eee-9704-731a2902c890","kind":"bikerack","longitude":8.6999972,"latitude":50.1565284,"name":"Fahrradabstellplatz","city":"Bad Vilbel","address":null,"covered":false,"access":null,"website":null,"phone":null,"source":"OpenStreetMap/node/10630208880","sourceUpdatedAt":null,"verifiedAt":null}},{"type":"Feature","geometry":{"type":"Point","coordinates":[8.680206,50.1665511]},"properties":{"id":"bikerack:14ca77a9-802d-4269-b254-2d24384d6c75","kind":"bikerack","longitude":8.680206,"latitude":50.1665511,"name":"Fahrradabstellplatz","city":"Frankfurt am Main","address":null,"covered":false,"access":null,"website":null,"phone":null,"source":"OpenStreetMap/node/2329776503","sourceUpdatedAt":null,"verifiedAt":null}},{"type":"Feature","geometry":{"type":"Point","coordinates":[8.6897478,50.152208]},"properties":{"id":"bikerack:1522ed56-264e-4ab7-a55a-568d50a06384","kind":"bikerack","longitude":8.6897478,"latitude":50.152208,"name":"Fahrradabstellplatz","city":"Frankfurt am Main","address":null,"covered":false,"access":null,"website":null,"phone":null,"source":"OpenStreetMap/node/7371739245","sourceUpdatedAt":null,"verifiedAt":null}},{"type":"Feature","geometry":{"type":"Point","coordinates":[8.6941694,50.1518756]},"properties":{"id":"bikerack:153184d4-97bb-4bd7-8158-ffbdc8c7baf2","kind":"bikerack","longitude":8.6941694,"latitude":50.1518756,"name":"Fahrradabstellplatz","city":"Frankfurt am Main","address":null,"covered":false,"access":null,"website":null,"phone":null,"source":"OpenStreetMap/node/6621227718","sourceUpdatedAt":null,"verifiedAt":null}},{"type":"Feature","geometry":{"type":"Point","coordinates":[8.6887349,50.1519762]},"properties":{"id":"bikerack:15398d9b-3a07-4d95-bde0-f68f7cb48f40","kind":"bikerack","longitude":8.6887349,"latitude":50.1519762,"name":"Fahrradabstellplatz","city":"Frankfurt am Main","address":null,"covered":false,"access":null,"website":null,"phone":null,"source":"OpenStreetMap/node/7325859253","sourceUpdatedAt":null,"verifiedAt":null}},{"type":"Feature","geometry":{"type":"Point","coordinates":[8.699966,50.1562521]},"properties":{"id":"bikerack:168b372b-01ae-402c-89b8-0b3434e3ba6a","kind":"bikerack","longitude":8.699966,"latitude":50.1562521,"name":"Fahrradabstellplatz","city":"Frankfurt am Main","address":null,"covered":false,"access":null,"website":null,"phone":null,"source":"OpenStreetMap/node/10630208878","sourceUpdatedAt":null,"verifiedAt":null}},{"type":"Feature","geometry":{"type":"Point","coordinates":[8.6995399,50.1567275]},"properties":{"id":"bikerack:16fe99be-6df2-47ca-8ef0-fbddbfd07042","kind":"bikerack","longitude":8.6995399,"latitude":50.1567275,"name":"Fahrradabstellplatz","city":"Bad Vilbel","address":null,"covered":false,"access":null,"website":null,"phone":null,"source":"OpenStreetMap/node/10630208882","sourceUpdatedAt":null,"verifiedAt":null}},{"type":"Feature","geometry":{"type":"Point","coordinates":[8.6929556,50.1505317]},"properties":{"id":"bikerack:1a6140bc-4498-4057-8f5f-18493c9044b7","kind":"bikerack","longitude":8.6929556,"latitude":50.1505317,"name":"Fahrradabstellplatz","city":"Frankfurt am Main","address":null,"covered":false,"access":null,"website":null,"phone":null,"source":"OpenStreetMap/node/6617289079","sourceUpdatedAt":null,"verifiedAt":null}},{"type":"Feature","geometry":{"type":"Point","coordinates":[8.6934252,50.15293]},"properties":{"id":"bikerack:1b4ea544-4501-492b-a900-ef6f28473d1d","kind":"bikerack","longitude":8.6934252,"latitude":50.15293,"name":"Fahrradabstellplatz","city":"Frankfurt am Main","address":null,"covered":false,"access":null,"website":null,"phone":null,"source":"OpenStreetMap/node/12000307400","sourceUpdatedAt":null,"verifiedAt":null}},{"type":"Feature","geometry":{"type":"Point","coordinates":[8.6979492,50.1562052]},"properties":{"id":"bikerack:1b74469f-3e9d-4b25-a5be-ec2aadd742c4","kind":"bikerack","longitude":8.6979492,"latitude":50.1562052,"name":"Fahrradabstellplatz","city":"Frankfurt am Main","address":null,"covered":false,"access":null,"website":null,"phone":null,"source":"OpenStreetMap/node/6587076667","sourceUpdatedAt":null,"verifiedAt":null}},{"type":"Feature","geometry":{"type":"Point","coordinates":[8.6965329,50.1517197]},"properties":{"id":"bikerack:1d251209-c506-44c8-8998-a60db20b075e","kind":"bikerack","longitude":8.6965329,"latitude":50.1517197,"name":"Fahrradabstellplatz","city":"Frankfurt am Main","address":null,"covered":false,"access":null,"website":null,"phone":null,"source":"OpenStreetMap/node/6621238435","sourceUpdatedAt":null,"verifiedAt":null}},{"type":"Feature","geometry":{"type":"Point","coordinates":[8.6848009,50.1639108]},"properties":{"id":"bikerack:1e156222-94b6-4ec4-9114-9d1ce3f0f1ca","kind":"bikerack","longitude":8.6848009,"latitude":50.1639108,"name":"Fahrradabstellplatz","city":"Frankfurt am Main","address":null,"covered":true,"access":null,"website":null,"phone":null,"source":"OpenStreetMap/node/7182194628","sourceUpdatedAt":null,"verifiedAt":null}},{"type":"Feature","geometry":{"type":"Point","coordinates":[8.6945232,50.150785]},"properties":{"id":"bikerack:1f57047f-5626-49e8-bc48-61a80804e315","kind":"bikerack","longitude":8.6945232,"latitude":50.150785,"name":"Fahrradabstellplatz","city":"Frankfurt am Main","address":null,"covered":false,"access":null,"website":null,"phone":null,"source":"OpenStreetMap/node/6617302107","sourceUpdatedAt":null,"verifiedAt":null}},{"type":"Feature","geometry":{"type":"Point","coordinates":[8.6990548,50.1556659]},"properties":{"id":"bikerack:1f8c10f5-14f2-431b-bf66-52b8abf71888","kind":"bikerack","longitude":8.6990548,"latitude":50.1556659,"name":"Fahrradabstellplatz","city":"Frankfurt am Main","address":null,"covered":false,"access":null,"website":null,"phone":null,"source":"OpenStreetMap/node/10630208883","sourceUpdatedAt":null,"verifiedAt":null}},{"type":"Feature","geometry":{"type":"Point","coordinates":[8.6988875,50.1553018]},"properties":{"id":"bikerack:1f9323b5-b5f2-4031-8418-83097e3b7771","kind":"bikerack","longitude":8.6988875,"latitude":50.1553018,"name":"Fahrradabstellplatz","city":"Frankfurt am Main","address":null,"covered":true,"access":null,"website":null,"phone":null,"source":"OpenStreetMap/way/1377488114","sourceUpdatedAt":null,"verifiedAt":null}},{"type":"Feature","geometry":{"type":"Point","coordinates":[8.6627746,50.1515815]},"properties":{"id":"bikerack:1fa13f46-eaa1-4cb7-a72f-94ec6e7af3b6","kind":"bikerack","longitude":8.6627746,"latitude":50.1515815,"name":"Fahrradabstellplatz","city":"Frankfurt am Main","address":null,"covered":false,"access":null,"website":null,"phone":null,"source":"OpenStreetMap/node/6801074733","sourceUpdatedAt":null,"verifiedAt":null}},{"type":"Feature","geometry":{"type":"Point","coordinates":[8.6651269,50.1492311]},"properties":{"id":"bikerack:1fef27c3-9a2a-4043-818e-433aaf7b5232","kind":"bikerack","longitude":8.6651269,"latitude":50.1492311,"name":"Fahrradabstellplatz","city":"Frankfurt am Main","address":null,"covered":false,"access":null,"website":null,"phone":null,"source":"OpenStreetMap/node/6767539634","sourceUpdatedAt":null,"verifiedAt":null}},{"type":"Feature","geometry":{"type":"Point","coordinates":[8.6638181,50.1505098]},"properties":{"id":"bikerack:20e6a6ac-bc8c-4438-80b7-80c7b067e39b","kind":"bikerack","longitude":8.6638181,"latitude":50.1505098,"name":"Fahrradabstellplatz","city":"Frankfurt am Main","address":null,"covered":false,"access":null,"website":null,"phone":null,"source":"OpenStreetMap/node/6308525181","sourceUpdatedAt":null,"verifiedAt":null}},{"type":"Feature","geometry":{"type":"Point","coordinates":[8.6865096,50.1499444]},"properties":{"id":"bikerack:21006f08-491b-4c0b-8aba-8ccfa8385491","kind":"bikerack","longitude":8.6865096,"latitude":50.1499444,"name":"Fahrradabstellplatz","city":"Frankfurt am Main","address":null,"covered":false,"access":null,"website":null,"phone":null,"source":"OpenStreetMap/node/6712009028","sourceUpdatedAt":null,"verifiedAt":null}},{"type":"Feature","geometry":{"type":"Point","coordinates":[8.6948412,50.1529474]},"properties":{"id":"bikerack:219ef229-9430-4389-a8b7-b9fc5dcc3ee1","kind":"bikerack","longitude":8.6948412,"latitude":50.1529474,"name":"Fahrradabstellplatz","city":"Frankfurt am Main","address":null,"covered":false,"access":null,"website":null,"phone":null,"source":"OpenStreetMap/node/6703157436","sourceUpdatedAt":null,"verifiedAt":null}},{"type":"Feature","geometry":{"type":"Point","coordinates":[8.690329,50.1494687]},"properties":{"id":"bikerack:22869652-6c23-4e38-b8a0-c0ed5a491c37","kind":"bikerack","longitude":8.690329,"latitude":50.1494687,"name":"Fahrradabstellplatz","city":"Frankfurt am Main","address":null,"covered":false,"access":null,"website":null,"phone":null,"source":"OpenStreetMap/node/6725698253","sourceUpdatedAt":null,"verifiedAt":null}},{"type":"Feature","geometry":{"type":"Point","coordinates":[8.6997789,50.1562868]},"properties":{"id":"bikerack:23263098-5003-4fd4-abde-c952bbd8e19a","kind":"bikerack","longitude":8.6997789,"latitude":50.1562868,"name":"Fahrradabstellplatz","city":"Frankfurt am Main","address":null,"covered":false,"access":null,"website":null,"phone":null,"source":"OpenStreetMap/node/10630208879","sourceUpdatedAt":null,"verifiedAt":null}},{"type":"Feature","geometry":{"type":"Point","coordinates":[8.6948801,50.1538918]},"properties":{"id":"bikerack:23650810-c728-4487-9d1f-3092e446b5ce","kind":"bikerack","longitude":8.6948801,"latitude":50.1538918,"name":"Fahrradabstellplatz","city":"Frankfurt am Main","address":null,"covered":false,"access":null,"website":null,"phone":null,"source":"OpenStreetMap/node/6703080547","sourceUpdatedAt":null,"verifiedAt":null}},{"type":"Feature","geometry":{"type":"Point","coordinates":[8.6897868,50.167988]},"properties":{"id":"bikerack:23dc2e9e-b3bd-4556-b8aa-224d4f6e2c24","kind":"bikerack","longitude":8.6897868,"latitude":50.167988,"name":"Fahrradabstellplatz","city":"Bad Vilbel","address":null,"covered":false,"access":null,"website":null,"phone":null,"source":"OpenStreetMap/node/11985523963","sourceUpdatedAt":null,"verifiedAt":null}},{"type":"Feature","geometry":{"type":"Point","coordinates":[8.6973209,50.1526074]},"properties":{"id":"bikerack:242cac5d-2d2b-4d15-8cef-cc3b5cff190a","kind":"bikerack","longitude":8.6973209,"latitude":50.1526074,"name":"Fahrradabstellplatz","city":"Frankfurt am Main","address":null,"covered":false,"access":null,"website":null,"phone":null,"source":"OpenStreetMap/node/6706214756","sourceUpdatedAt":null,"verifiedAt":null}},{"type":"Feature","geometry":{"type":"Point","coordinates":[8.6941781,50.1518571]},"properties":{"id":"bikerack:25959445-20b7-4b81-a976-21baaf63cb79","kind":"bikerack","longitude":8.6941781,"latitude":50.1518571,"name":"Fahrradabstellplatz","city":"Frankfurt am Main","address":null,"covered":false,"access":null,"website":null,"phone":null,"source":"OpenStreetMap/node/6621227717","sourceUpdatedAt":null,"verifiedAt":null}},{"type":"Feature","geometry":{"type":"Point","coordinates":[8.6934312,50.1509098]},"properties":{"id":"bikerack:25b99ed8-9a7c-4a2b-a145-75d154261e24","kind":"bikerack","longitude":8.6934312,"latitude":50.1509098,"name":"Fahrradabstellplatz","city":"Frankfurt am Main","address":null,"covered":false,"access":null,"website":null,"phone":null,"source":"OpenStreetMap/node/6617289057","sourceUpdatedAt":null,"verifiedAt":null}},{"type":"Feature","geometry":{"type":"Point","coordinates":[8.6950417,50.1544983]},"properties":{"id":"bikerack:288db308-0fd4-41bc-983f-4719dbb2ba7d","kind":"bikerack","longitude":8.6950417,"latitude":50.1544983,"name":"Fahrradabstellplatz","city":"Frankfurt am Main","address":null,"covered":false,"access":null,"website":null,"phone":null,"source":"OpenStreetMap/node/6706940109","sourceUpdatedAt":null,"verifiedAt":null}},{"type":"Feature","geometry":{"type":"Point","coordinates":[8.6943094,50.1547591]},"properties":{"id":"bikerack:28b100c4-6741-4b27-853c-1d40447593d4","kind":"bikerack","longitude":8.6943094,"latitude":50.1547591,"name":"Fahrradabstellplatz","city":"Frankfurt am Main","address":null,"covered":false,"access":null,"website":null,"phone":null,"source":"OpenStreetMap/node/6709590664","sourceUpdatedAt":null,"verifiedAt":null}},{"type":"Feature","geometry":{"type":"Point","coordinates":[8.6944138,50.1526651]},"properties":{"id":"bikerack:2a87a312-84f2-4877-8c99-2e25cab08729","kind":"bikerack","longitude":8.6944138,"latitude":50.1526651,"name":"Fahrradabstellplatz","city":"Frankfurt am Main","address":null,"covered":false,"access":null,"website":null,"phone":null,"source":"OpenStreetMap/node/6703088493","sourceUpdatedAt":null,"verifiedAt":null}},{"type":"Feature","geometry":{"type":"Point","coordinates":[8.6896616,50.1491857]},"properties":{"id":"bikerack:2a916f1e-9343-4b0e-92ff-166a5e858d4b","kind":"bikerack","longitude":8.6896616,"latitude":50.1491857,"name":"Fahrradabstellplatz","city":"Frankfurt am Main","address":null,"covered":false,"access":null,"website":null,"phone":null,"source":"OpenStreetMap/way/715643252","sourceUpdatedAt":null,"verifiedAt":null}},{"type":"Feature","geometry":{"type":"Point","coordinates":[8.6870074,50.1538899]},"properties":{"id":"bikerack:2b7caf0f-7ede-4de7-bee8-a2914b6b4293","kind":"bikerack","longitude":8.6870074,"latitude":50.1538899,"name":"Fahrradabstellplatz","city":"Frankfurt am Main","address":null,"covered":false,"access":null,"website":null,"phone":null,"source":"OpenStreetMap/node/7325859222","sourceUpdatedAt":null,"verifiedAt":null}},{"type":"Feature","geometry":{"type":"Point","coordinates":[8.6588608,50.1547543]},"properties":{"id":"bikerack:2e03d553-4043-48c3-938e-d124a823e655","kind":"bikerack","longitude":8.6588608,"latitude":50.1547543,"name":"Fahrradabstellplatz","city":"Frankfurt am Main","address":null,"covered":false,"access":null,"website":null,"phone":null,"source":"OpenStreetMap/node/6312329487","sourceUpdatedAt":null,"verifiedAt":null}},{"type":"Feature","geometry":{"type":"Point","coordinates":[8.6879097,50.153477]},"properties":{"id":"bikerack:2e5c6754-953d-45bf-9f05-381afdec2fa3","kind":"bikerack","longitude":8.6879097,"latitude":50.153477,"name":"Fahrradabstellplatz","city":"Frankfurt am Main","address":null,"covered":false,"access":null,"website":null,"phone":null,"source":"OpenStreetMap/node/7325859234","sourceUpdatedAt":null,"verifiedAt":null}},{"type":"Feature","geometry":{"type":"Point","coordinates":[8.6971578,50.1764095]},"properties":{"id":"bikerack:2fff47f7-79d1-4edc-86d1-25a187f2a922","kind":"bikerack","longitude":8.6971578,"latitude":50.1764095,"name":"Fahrradabstellplatz","city":"Bad Vilbel","address":null,"covered":false,"access":null,"website":null,"phone":null,"source":"OpenStreetMap/node/13039198098","sourceUpdatedAt":null,"verifiedAt":null}},{"type":"Feature","geometry":{"type":"Point","coordinates":[8.6733037,50.1492835]},"properties":{"id":"bikerack:30f5a4b6-8518-42bd-ae48-e2cd3d1048ce","kind":"bikerack","longitude":8.6733037,"latitude":50.1492835,"name":"Fahrradabstellplatz","city":"Frankfurt am Main","address":null,"covered":false,"access":null,"website":null,"phone":null,"source":"OpenStreetMap/node/6286767911","sourceUpdatedAt":null,"verifiedAt":null}},{"type":"Feature","geometry":{"type":"Point","coordinates":[8.6997249,50.155868]},"properties":{"id":"bikerack:3185fe8d-30c3-4d77-a856-2c61bf2aeb95","kind":"bikerack","longitude":8.6997249,"latitude":50.155868,"name":"Fahrradabstellplatz","city":"Frankfurt am Main","address":null,"covered":false,"access":null,"website":null,"phone":null,"source":"OpenStreetMap/node/10630208873","sourceUpdatedAt":null,"verifiedAt":null}},{"type":"Feature","geometry":{"type":"Point","coordinates":[8.6894391,50.1498528]},"properties":{"id":"bikerack:31b5d67f-acd5-4d67-beea-5eeccad7dc93","kind":"bikerack","longitude":8.6894391,"latitude":50.1498528,"name":"Fahrradabstellplatz","city":"Frankfurt am Main","address":null,"covered":false,"access":null,"website":null,"phone":null,"source":"OpenStreetMap/node/6725674870","sourceUpdatedAt":null,"verifiedAt":null}},{"type":"Feature","geometry":{"type":"Point","coordinates":[8.6953233,50.1550169]},"properties":{"id":"bikerack:31e9df34-ac50-4a57-9263-8da440cef560","kind":"bikerack","longitude":8.6953233,"latitude":50.1550169,"name":"Fahrradabstellplatz","city":"Frankfurt am Main","address":null,"covered":false,"access":null,"website":null,"phone":null,"source":"OpenStreetMap/node/6709590667","sourceUpdatedAt":null,"verifiedAt":null}},{"type":"Feature","geometry":{"type":"Point","coordinates":[8.6932712,50.1529025]},"properties":{"id":"bikerack:3235ae5f-8b52-4808-a00c-8ff1d5da2e7d","kind":"bikerack","longitude":8.6932712,"latitude":50.1529025,"name":"Fahrradabstellplatz","city":"Frankfurt am Main","address":null,"covered":false,"access":null,"website":null,"phone":null,"source":"OpenStreetMap/node/7371739192","sourceUpdatedAt":null,"verifiedAt":null}},{"type":"Feature","geometry":{"type":"Point","coordinates":[8.6995825,50.1564645]},"properties":{"id":"bikerack:323ffab8-86ab-4844-acae-e1c0db129fb7","kind":"bikerack","longitude":8.6995825,"latitude":50.1564645,"name":"Fahrradabstellplatz","city":"Frankfurt am Main","address":null,"covered":false,"access":null,"website":null,"phone":null,"source":"OpenStreetMap/node/10630208881","sourceUpdatedAt":null,"verifiedAt":null}},{"type":"Feature","geometry":{"type":"Point","coordinates":[8.6872055,50.1683208]},"properties":{"id":"bikerack:33104d5d-b373-46e6-be9d-3d77f2c40801","kind":"bikerack","longitude":8.6872055,"latitude":50.1683208,"name":"Fahrradabstellplatz","city":"Bad Vilbel","address":null,"covered":false,"access":null,"website":null,"phone":null,"source":"OpenStreetMap/node/11985523965","sourceUpdatedAt":null,"verifiedAt":null}},{"type":"Feature","geometry":{"type":"Point","coordinates":[8.6950356,50.1535335]},"properties":{"id":"bikerack:334e9f88-134f-48b8-9649-5e64b284b331","kind":"bikerack","longitude":8.6950356,"latitude":50.1535335,"name":"Fahrradabstellplatz","city":"Frankfurt am Main","address":null,"covered":false,"access":null,"website":null,"phone":null,"source":"OpenStreetMap/node/6703080545","sourceUpdatedAt":null,"verifiedAt":null}},{"type":"Feature","geometry":{"type":"Point","coordinates":[8.6877112,50.1535105]},"properties":{"id":"bikerack:34d83344-76e5-4911-bd58-480a83083745","kind":"bikerack","longitude":8.6877112,"latitude":50.1535105,"name":"Fahrradabstellplatz","city":"Frankfurt am Main","address":null,"covered":false,"access":null,"website":null,"phone":null,"source":"OpenStreetMap/node/7325859235","sourceUpdatedAt":null,"verifiedAt":null}},{"type":"Feature","geometry":{"type":"Point","coordinates":[8.6938247,50.1535114]},"properties":{"id":"bikerack:35cfd10b-b592-4c2b-a574-7a41d98fbf51","kind":"bikerack","longitude":8.6938247,"latitude":50.1535114,"name":"Fahrradabstellplatz","city":"Frankfurt am Main","address":null,"covered":false,"access":null,"website":null,"phone":null,"source":"OpenStreetMap/node/6703074313","sourceUpdatedAt":null,"verifiedAt":null}},{"type":"Feature","geometry":{"type":"Point","coordinates":[8.6908977,50.1493144]},"properties":{"id":"bikerack:3726f7a6-2a4d-439f-b32b-73a561512366","kind":"bikerack","longitude":8.6908977,"latitude":50.1493144,"name":"Fahrradabstellplatz","city":"Frankfurt am Main","address":null,"covered":false,"access":null,"website":null,"phone":null,"source":"OpenStreetMap/node/6725704799","sourceUpdatedAt":null,"verifiedAt":null}},{"type":"Feature","geometry":{"type":"Point","coordinates":[8.6939527,50.1521775]},"properties":{"id":"bikerack:382d0056-b0e5-4ab4-8455-fb4429cdff8a","kind":"bikerack","longitude":8.6939527,"latitude":50.1521775,"name":"Fahrradabstellplatz","city":"Frankfurt am Main","address":null,"covered":false,"access":null,"website":null,"phone":null,"source":"OpenStreetMap/node/6703065255","sourceUpdatedAt":null,"verifiedAt":null}},{"type":"Feature","geometry":{"type":"Point","coordinates":[8.6909634,50.1491658]},"properties":{"id":"bikerack:383e0294-5912-4fa1-a9ac-2eaf8551b36e","kind":"bikerack","longitude":8.6909634,"latitude":50.1491658,"name":"Fahrradabstellplatz","city":"Frankfurt am Main","address":null,"covered":false,"access":null,"website":null,"phone":null,"source":"OpenStreetMap/node/6725704800","sourceUpdatedAt":null,"verifiedAt":null}},{"type":"Feature","geometry":{"type":"Point","coordinates":[8.6868596,50.1491787]},"properties":{"id":"bikerack:38a204ac-6ad4-415c-b51a-ab3ce9430e6b","kind":"bikerack","longitude":8.6868596,"latitude":50.1491787,"name":"Fahrradabstellplatz","city":"Frankfurt am Main","address":null,"covered":false,"access":null,"website":null,"phone":null,"source":"OpenStreetMap/node/6712009026","sourceUpdatedAt":null,"verifiedAt":null}},{"type":"Feature","geometry":{"type":"Point","coordinates":[8.6916299,50.1524467]},"properties":{"id":"bikerack:38b9ec98-eaa4-4115-bd1c-fd5ae8263b3a","kind":"bikerack","longitude":8.6916299,"latitude":50.1524467,"name":"Fahrradabstellplatz","city":"Frankfurt am Main","address":null,"covered":false,"access":null,"website":null,"phone":null,"source":"OpenStreetMap/node/7371739214","sourceUpdatedAt":null,"verifiedAt":null}},{"type":"Feature","geometry":{"type":"Point","coordinates":[8.6793669,50.1671258]},"properties":{"id":"bikerack:3941749c-6134-4791-9691-a03dfd1d284c","kind":"bikerack","longitude":8.6793669,"latitude":50.1671258,"name":"Fahrradabstellplatz","city":"Frankfurt am Main","address":null,"covered":false,"access":null,"website":null,"phone":null,"source":"OpenStreetMap/node/2329776525","sourceUpdatedAt":null,"verifiedAt":null}},{"type":"Feature","geometry":{"type":"Point","coordinates":[8.6980076,50.1560306]},"properties":{"id":"bikerack:39efcd2b-21b5-4bce-b8a9-542b70a64070","kind":"bikerack","longitude":8.6980076,"latitude":50.1560306,"name":"Fahrradabstellplatz","city":"Frankfurt am Main","address":null,"covered":false,"access":null,"website":null,"phone":null,"source":"OpenStreetMap/node/6587076662","sourceUpdatedAt":null,"verifiedAt":null}},{"type":"Feature","geometry":{"type":"Point","coordinates":[8.6638798,50.1504131]},"properties":{"id":"bikerack:3a389f24-94ea-4667-9e27-920986bcbddb","kind":"bikerack","longitude":8.6638798,"latitude":50.1504131,"name":"Fahrradabstellplatz","city":"Frankfurt am Main","address":null,"covered":false,"access":null,"website":null,"phone":null,"source":"OpenStreetMap/node/6308525184","sourceUpdatedAt":null,"verifiedAt":null}},{"type":"Feature","geometry":{"type":"Point","coordinates":[8.6955842,50.1512016]},"properties":{"id":"bikerack:3aa75d12-af3c-49ab-9117-e309cf912221","kind":"bikerack","longitude":8.6955842,"latitude":50.1512016,"name":"Fahrradabstellplatz","city":"Frankfurt am Main","address":null,"covered":false,"access":null,"website":null,"phone":null,"source":"OpenStreetMap/node/6617265164","sourceUpdatedAt":null,"verifiedAt":null}},{"type":"Feature","geometry":{"type":"Point","coordinates":[8.6986479,50.1556806]},"properties":{"id":"bikerack:3b9f11f0-1cb7-4590-bf6a-fbb105bf8115","kind":"bikerack","longitude":8.6986479,"latitude":50.1556806,"name":"Fahrradabstellplatz","city":"Frankfurt am Main","address":null,"covered":true,"access":null,"website":null,"phone":null,"source":"OpenStreetMap/node/6587076661","sourceUpdatedAt":null,"verifiedAt":null}},{"type":"Feature","geometry":{"type":"Point","coordinates":[8.6956291,50.1536034]},"properties":{"id":"bikerack:3ba20e9e-7bd0-41ec-9ecc-99aabe95e7a7","kind":"bikerack","longitude":8.6956291,"latitude":50.1536034,"name":"Fahrradabstellplatz","city":"Frankfurt am Main","address":null,"covered":false,"access":null,"website":null,"phone":null,"source":"OpenStreetMap/node/6703106591","sourceUpdatedAt":null,"verifiedAt":null}},{"type":"Feature","geometry":{"type":"Point","coordinates":[8.6939742,50.1509721]},"properties":{"id":"bikerack:3bbd03f5-9d8c-46c4-8ade-d9c174f2809a","kind":"bikerack","longitude":8.6939742,"latitude":50.1509721,"name":"Fahrradabstellplatz","city":"Frankfurt am Main","address":null,"covered":false,"access":null,"website":null,"phone":null,"source":"OpenStreetMap/node/6617289046","sourceUpdatedAt":null,"verifiedAt":null}},{"type":"Feature","geometry":{"type":"Point","coordinates":[8.6962937,50.1544923]},"properties":{"id":"bikerack:3bf684c0-006a-4886-9304-5195c209e362","kind":"bikerack","longitude":8.6962937,"latitude":50.1544923,"name":"Fahrradabstellplatz","city":"Frankfurt am Main","address":null,"covered":false,"access":null,"website":null,"phone":null,"source":"OpenStreetMap/node/6706278229","sourceUpdatedAt":null,"verifiedAt":null}},{"type":"Feature","geometry":{"type":"Point","coordinates":[8.6982181,50.1540639]},"properties":{"id":"bikerack:3cefddf0-b2ca-4fe9-999e-f45df7c31148","kind":"bikerack","longitude":8.6982181,"latitude":50.1540639,"name":"Fahrradabstellplatz","city":"Frankfurt am Main","address":null,"covered":false,"access":null,"website":null,"phone":null,"source":"OpenStreetMap/node/6807681699","sourceUpdatedAt":null,"verifiedAt":null}},{"type":"Feature","geometry":{"type":"Point","coordinates":[8.6958896,50.1519695]},"properties":{"id":"bikerack:3d72e86b-27fc-41a4-99d4-f448525c302f","kind":"bikerack","longitude":8.6958896,"latitude":50.1519695,"name":"Fahrradabstellplatz","city":"Frankfurt am Main","address":null,"covered":false,"access":null,"website":null,"phone":null,"source":"OpenStreetMap/node/6621238417","sourceUpdatedAt":null,"verifiedAt":null}},{"type":"Feature","geometry":{"type":"Point","coordinates":[8.6937267,50.1513575]},"properties":{"id":"bikerack:3de17d54-2e1d-44d2-a005-4d1bfcc00c6c","kind":"bikerack","longitude":8.6937267,"latitude":50.1513575,"name":"Fahrradabstellplatz","city":"Frankfurt am Main","address":null,"covered":false,"access":null,"website":null,"phone":null,"source":"OpenStreetMap/node/6621219882","sourceUpdatedAt":null,"verifiedAt":null}},{"type":"Feature","geometry":{"type":"Point","coordinates":[8.6866413,50.1601479]},"properties":{"id":"bikerack:3debb4f7-d723-42b1-87d8-389f672156a0","kind":"bikerack","longitude":8.6866413,"latitude":50.1601479,"name":"Fahrradabstellplatz","city":"Frankfurt am Main","address":null,"covered":false,"access":null,"website":null,"phone":null,"source":"OpenStreetMap/node/6807681686","sourceUpdatedAt":null,"verifiedAt":null}},{"type":"Feature","geometry":{"type":"Point","coordinates":[8.6901029,50.1492528]},"properties":{"id":"bikerack:3e1e0811-6993-44f3-a07d-9fe5d548bc39","kind":"bikerack","longitude":8.6901029,"latitude":50.1492528,"name":"Fahrradabstellplatz","city":"Frankfurt am Main","address":null,"covered":false,"access":null,"website":null,"phone":null,"source":"OpenStreetMap/node/6725698251","sourceUpdatedAt":null,"verifiedAt":null}},{"type":"Feature","geometry":{"type":"Point","coordinates":[8.68793,50.1531445]},"properties":{"id":"bikerack:3e4f5aa6-59c6-4e36-accc-f9eee5580384","kind":"bikerack","longitude":8.68793,"latitude":50.1531445,"name":"Fahrradabstellplatz","city":"Frankfurt am Main","address":null,"covered":false,"access":null,"website":null,"phone":null,"source":"OpenStreetMap/node/7325859241","sourceUpdatedAt":null,"verifiedAt":null}},{"type":"Feature","geometry":{"type":"Point","coordinates":[8.6953142,50.1517667]},"properties":{"id":"bikerack:3e751d12-5bb6-42d2-8b13-f38dba8c36af","kind":"bikerack","longitude":8.6953142,"latitude":50.1517667,"name":"Fahrradabstellplatz","city":"Frankfurt am Main","address":null,"covered":false,"access":null,"website":null,"phone":null,"source":"OpenStreetMap/node/6621238404","sourceUpdatedAt":null,"verifiedAt":null}},{"type":"Feature","geometry":{"type":"Point","coordinates":[8.6901768,50.1497957]},"properties":{"id":"bikerack:3f64d23e-3023-4730-98e8-4f696b74ebe5","kind":"bikerack","longitude":8.6901768,"latitude":50.1497957,"name":"Fahrradabstellplatz","city":"Frankfurt am Main","address":null,"covered":false,"access":null,"website":null,"phone":null,"source":"OpenStreetMap/node/6725674867","sourceUpdatedAt":null,"verifiedAt":null}},{"type":"Feature","geometry":{"type":"Point","coordinates":[8.691273,50.1490708]},"properties":{"id":"bikerack:41d2e65f-490b-4a1f-850b-12de9abfd1bc","kind":"bikerack","longitude":8.691273,"latitude":50.1490708,"name":"Fahrradabstellplatz","city":"Frankfurt am Main","address":null,"covered":true,"access":null,"website":null,"phone":null,"source":"OpenStreetMap/node/6725704794","sourceUpdatedAt":null,"verifiedAt":null}},{"type":"Feature","geometry":{"type":"Point","coordinates":[8.6890835,50.1506728]},"properties":{"id":"bikerack:41f538b3-25c6-4bbd-84e1-d8fe57312e6f","kind":"bikerack","longitude":8.6890835,"latitude":50.1506728,"name":"Fahrradabstellplatz","city":"Frankfurt am Main","address":null,"covered":false,"access":null,"website":null,"phone":null,"source":"OpenStreetMap/node/6725706803","sourceUpdatedAt":null,"verifiedAt":null}},{"type":"Feature","geometry":{"type":"Point","coordinates":[8.699488,50.1554658]},"properties":{"id":"bikerack:4269c929-697a-4320-84df-c32e807a4fe5","kind":"bikerack","longitude":8.699488,"latitude":50.1554658,"name":"Fahrradabstellplatz","city":"Frankfurt am Main","address":null,"covered":true,"access":null,"website":null,"phone":null,"source":"OpenStreetMap/node/10630208861","sourceUpdatedAt":null,"verifiedAt":null}},{"type":"Feature","geometry":{"type":"Point","coordinates":[8.6912658,50.1544549]},"properties":{"id":"bikerack:44d2dd0d-e513-441f-9201-677059bbe4ee","kind":"bikerack","longitude":8.6912658,"latitude":50.1544549,"name":"Fahrradabstellplatz","city":"Frankfurt am Main","address":null,"covered":false,"access":null,"website":null,"phone":null,"source":"OpenStreetMap/node/6709714027","sourceUpdatedAt":null,"verifiedAt":null}},{"type":"Feature","geometry":{"type":"Point","coordinates":[8.6932976,50.1546441]},"properties":{"id":"bikerack:44f5fd3f-35de-418d-82ef-8a45ab75beeb","kind":"bikerack","longitude":8.6932976,"latitude":50.1546441,"name":"Fahrradabstellplatz","city":"Frankfurt am Main","address":null,"covered":false,"access":null,"website":null,"phone":null,"source":"OpenStreetMap/node/6706778858","sourceUpdatedAt":null,"verifiedAt":null}},{"type":"Feature","geometry":{"type":"Point","coordinates":[8.695049,50.1524035]},"properties":{"id":"bikerack:45e8c035-34ba-4ef2-99d7-102347386434","kind":"bikerack","longitude":8.695049,"latitude":50.1524035,"name":"Fahrradabstellplatz","city":"Frankfurt am Main","address":null,"covered":false,"access":null,"website":null,"phone":null,"source":"OpenStreetMap/node/6703157433","sourceUpdatedAt":null,"verifiedAt":null}},{"type":"Feature","geometry":{"type":"Point","coordinates":[8.6980659,50.155856]},"properties":{"id":"bikerack:47f164d4-f85f-4604-8df0-7107cd92621d","kind":"bikerack","longitude":8.6980659,"latitude":50.155856,"name":"Fahrradabstellplatz","city":"Frankfurt am Main","address":null,"covered":false,"access":null,"website":null,"phone":null,"source":"OpenStreetMap/node/6587076663","sourceUpdatedAt":null,"verifiedAt":null}},{"type":"Feature","geometry":{"type":"Point","coordinates":[8.6937455,50.1527129]},"properties":{"id":"bikerack:48fbd219-fe36-4959-802c-296f06f00d9b","kind":"bikerack","longitude":8.6937455,"latitude":50.1527129,"name":"Fahrradabstellplatz","city":"Frankfurt am Main","address":null,"covered":false,"access":null,"website":null,"phone":null,"source":"OpenStreetMap/node/6703065252","sourceUpdatedAt":null,"verifiedAt":null}},{"type":"Feature","geometry":{"type":"Point","coordinates":[8.6967918,50.1525103]},"properties":{"id":"bikerack:4931cee6-4470-4976-a9e1-c93c8569e255","kind":"bikerack","longitude":8.6967918,"latitude":50.1525103,"name":"Fahrradabstellplatz","city":"Frankfurt am Main","address":null,"covered":false,"access":null,"website":null,"phone":null,"source":"OpenStreetMap/node/6706214780","sourceUpdatedAt":null,"verifiedAt":null}},{"type":"Feature","geometry":{"type":"Point","coordinates":[8.689828,50.1491974]},"properties":{"id":"bikerack:4ac8cae2-0ed6-4e26-ac31-499963aa1114","kind":"bikerack","longitude":8.689828,"latitude":50.1491974,"name":"Fahrradabstellplatz","city":"Frankfurt am Main","address":null,"covered":false,"access":null,"website":null,"phone":null,"source":"OpenStreetMap/node/6725698249","sourceUpdatedAt":null,"verifiedAt":null}},{"type":"Feature","geometry":{"type":"Point","coordinates":[8.6966343,50.1527067]},"properties":{"id":"bikerack:4ae336f1-739d-42be-8b3e-e37364e10eaa","kind":"bikerack","longitude":8.6966343,"latitude":50.1527067,"name":"Fahrradabstellplatz","city":"Frankfurt am Main","address":null,"covered":false,"access":null,"website":null,"phone":null,"source":"OpenStreetMap/node/6706214781","sourceUpdatedAt":null,"verifiedAt":null}},{"type":"Feature","geometry":{"type":"Point","coordinates":[8.6885561,50.1487739]},"properties":{"id":"bikerack:4be4535b-32b3-4d59-92f6-b5b10a51af09","kind":"bikerack","longitude":8.6885561,"latitude":50.1487739,"name":"Fahrradabstellplatz","city":"Frankfurt am Main","address":null,"covered":false,"access":null,"website":null,"phone":null,"source":"OpenStreetMap/node/6712009034","sourceUpdatedAt":null,"verifiedAt":null}},{"type":"Feature","geometry":{"type":"Point","coordinates":[8.6801055,50.1662233]},"properties":{"id":"bikerack:4bf9fad8-b31d-4911-8a08-7f2086bd6a99","kind":"bikerack","longitude":8.6801055,"latitude":50.1662233,"name":"Fahrradabstellplatz","city":"Frankfurt am Main","address":null,"covered":false,"access":null,"website":null,"phone":null,"source":"OpenStreetMap/node/12548652901","sourceUpdatedAt":null,"verifiedAt":null}},{"type":"Feature","geometry":{"type":"Point","coordinates":[8.6967543,50.1538637]},"properties":{"id":"bikerack:4c458829-de51-4c5b-ab6f-0945debbb0a5","kind":"bikerack","longitude":8.6967543,"latitude":50.1538637,"name":"Fahrradabstellplatz","city":"Frankfurt am Main","address":null,"covered":false,"access":null,"website":null,"phone":null,"source":"OpenStreetMap/node/6703088778","sourceUpdatedAt":null,"verifiedAt":null}},{"type":"Feature","geometry":{"type":"Point","coordinates":[8.6969028,50.1534873]},"properties":{"id":"bikerack:4eb3bed0-32bf-467a-b5da-bff0f32d9820","kind":"bikerack","longitude":8.6969028,"latitude":50.1534873,"name":"Fahrradabstellplatz","city":"Frankfurt am Main","address":null,"covered":false,"access":null,"website":null,"phone":null,"source":"OpenStreetMap/node/6703088776","sourceUpdatedAt":null,"verifiedAt":null}},{"type":"Feature","geometry":{"type":"Point","coordinates":[8.6950202,50.150903]},"properties":{"id":"bikerack:4f1530ee-2222-4282-bd9e-58383174f698","kind":"bikerack","longitude":8.6950202,"latitude":50.150903,"name":"Fahrradabstellplatz","city":"Frankfurt am Main","address":null,"covered":false,"access":null,"website":null,"phone":null,"source":"OpenStreetMap/node/6617302093","sourceUpdatedAt":null,"verifiedAt":null}},{"type":"Feature","geometry":{"type":"Point","coordinates":[8.687224,50.1538826]},"properties":{"id":"bikerack:4f8f71fe-aca4-4fa6-bab3-1f885ed4d86e","kind":"bikerack","longitude":8.687224,"latitude":50.1538826,"name":"Fahrradabstellplatz","city":"Frankfurt am Main","address":null,"covered":false,"access":null,"website":null,"phone":null,"source":"OpenStreetMap/node/7325859221","sourceUpdatedAt":null,"verifiedAt":null}},{"type":"Feature","geometry":{"type":"Point","coordinates":[8.6960951,50.1526173]},"properties":{"id":"bikerack:511b76b8-b1e4-4e6a-b87c-88fc29886cab","kind":"bikerack","longitude":8.6960951,"latitude":50.1526173,"name":"Fahrradabstellplatz","city":"Frankfurt am Main","address":null,"covered":false,"access":null,"website":null,"phone":null,"source":"OpenStreetMap/node/6709594773","sourceUpdatedAt":null,"verifiedAt":null}},{"type":"Feature","geometry":{"type":"Point","coordinates":[8.6988579,50.1556412]},"properties":{"id":"bikerack:51b1a7c6-d2b1-49b3-a820-0120b2702c54","kind":"bikerack","longitude":8.6988579,"latitude":50.1556412,"name":"Fahrradabstellplatz","city":"Frankfurt am Main","address":null,"covered":true,"access":null,"website":null,"phone":null,"source":"OpenStreetMap/node/10630208859","sourceUpdatedAt":null,"verifiedAt":null}},{"type":"Feature","geometry":{"type":"Point","coordinates":[8.6936255,50.1517717]},"properties":{"id":"bikerack:53652861-11c3-44d5-a28e-dc5b9c58b976","kind":"bikerack","longitude":8.6936255,"latitude":50.1517717,"name":"Fahrradabstellplatz","city":"Frankfurt am Main","address":null,"covered":false,"access":null,"website":null,"phone":null,"source":"OpenStreetMap/node/6621257589","sourceUpdatedAt":null,"verifiedAt":null}},{"type":"Feature","geometry":{"type":"Point","coordinates":[8.6997218,50.1557874]},"properties":{"id":"bikerack:53c83411-9312-4e84-88ba-fe09e75e6663","kind":"bikerack","longitude":8.6997218,"latitude":50.1557874,"name":"Fahrradabstellplatz","city":"Frankfurt am Main","address":null,"covered":false,"access":null,"website":null,"phone":null,"source":"OpenStreetMap/node/10630208870","sourceUpdatedAt":null,"verifiedAt":null}},{"type":"Feature","geometry":{"type":"Point","coordinates":[8.6999358,50.1554505]},"properties":{"id":"bikerack:55174904-81f3-4dca-82d1-e7f1300ac2aa","kind":"bikerack","longitude":8.6999358,"latitude":50.1554505,"name":"Fahrradabstellplatz","city":"Frankfurt am Main","address":null,"covered":false,"access":null,"website":null,"phone":null,"source":"OpenStreetMap/node/10630208866","sourceUpdatedAt":null,"verifiedAt":null}},{"type":"Feature","geometry":{"type":"Point","coordinates":[8.6952518,50.1520211]},"properties":{"id":"bikerack:555dcd74-668b-42d0-b4c2-7c4b67b38beb","kind":"bikerack","longitude":8.6952518,"latitude":50.1520211,"name":"Fahrradabstellplatz","city":"Frankfurt am Main","address":null,"covered":false,"access":null,"website":null,"phone":null,"source":"OpenStreetMap/node/6621238407","sourceUpdatedAt":null,"verifiedAt":null}},{"type":"Feature","geometry":{"type":"Point","coordinates":[8.6930233,50.1535148]},"properties":{"id":"bikerack:56a326cc-19b7-47e4-aa19-1f94054a0a1e","kind":"bikerack","longitude":8.6930233,"latitude":50.1535148,"name":"Fahrradabstellplatz","city":"Frankfurt am Main","address":null,"covered":false,"access":null,"website":null,"phone":null,"source":"OpenStreetMap/node/7371739186","sourceUpdatedAt":null,"verifiedAt":null}},{"type":"Feature","geometry":{"type":"Point","coordinates":[8.6899624,50.1522536]},"properties":{"id":"bikerack:56d1e2e9-9083-4b5f-a82f-0b7bbcf46477","kind":"bikerack","longitude":8.6899624,"latitude":50.1522536,"name":"Fahrradabstellplatz","city":"Frankfurt am Main","address":null,"covered":false,"access":null,"website":null,"phone":null,"source":"OpenStreetMap/node/7371739246","sourceUpdatedAt":null,"verifiedAt":null}},{"type":"Feature","geometry":{"type":"Point","coordinates":[8.6908668,50.1493952]},"properties":{"id":"bikerack:57804a78-d78b-4bd8-8e44-d393febcf406","kind":"bikerack","longitude":8.6908668,"latitude":50.1493952,"name":"Fahrradabstellplatz","city":"Frankfurt am Main","address":null,"covered":false,"access":null,"website":null,"phone":null,"source":"OpenStreetMap/node/6725704798","sourceUpdatedAt":null,"verifiedAt":null}},{"type":"Feature","geometry":{"type":"Point","coordinates":[8.6965942,50.1552575]},"properties":{"id":"bikerack:585800f0-3e38-448a-8476-741a82088725","kind":"bikerack","longitude":8.6965942,"latitude":50.1552575,"name":"Fahrradabstellplatz","city":"Frankfurt am Main","address":null,"covered":false,"access":null,"website":null,"phone":null,"source":"OpenStreetMap/node/10630208888","sourceUpdatedAt":null,"verifiedAt":null}},{"type":"Feature","geometry":{"type":"Point","coordinates":[8.6959775,50.151621]},"properties":{"id":"bikerack:58cd9b5b-312a-480f-8a3f-2d292d436963","kind":"bikerack","longitude":8.6959775,"latitude":50.151621,"name":"Fahrradabstellplatz","city":"Frankfurt am Main","address":null,"covered":false,"access":null,"website":null,"phone":null,"source":"OpenStreetMap/node/6621238415","sourceUpdatedAt":null,"verifiedAt":null}},{"type":"Feature","geometry":{"type":"Point","coordinates":[8.6975875,50.1519358]},"properties":{"id":"bikerack:593528a5-1dcb-4cdc-99bf-0c7faf089cbc","kind":"bikerack","longitude":8.6975875,"latitude":50.1519358,"name":"Fahrradabstellplatz","city":"Frankfurt am Main","address":null,"covered":false,"access":null,"website":null,"phone":null,"source":"OpenStreetMap/node/6621207174","sourceUpdatedAt":null,"verifiedAt":null}},{"type":"Feature","geometry":{"type":"Point","coordinates":[8.6782477,50.1512485]},"properties":{"id":"bikerack:59a34f15-13f6-4af6-9e42-c621b8c88f23","kind":"bikerack","longitude":8.6782477,"latitude":50.1512485,"name":"Fahrradabstellplatz","city":"Frankfurt am Main","address":null,"covered":false,"access":null,"website":null,"phone":null,"source":"OpenStreetMap/node/7464110465","sourceUpdatedAt":null,"verifiedAt":null}},{"type":"Feature","geometry":{"type":"Point","coordinates":[8.6822546,50.1678774]},"properties":{"id":"bikerack:5a34b5c6-e224-4a69-8a54-762a46cbd31d","kind":"bikerack","longitude":8.6822546,"latitude":50.1678774,"name":"Fahrradabstellplatz","city":"Frankfurt am Main","address":null,"covered":false,"access":null,"website":null,"phone":null,"source":"OpenStreetMap/node/11985576966","sourceUpdatedAt":null,"verifiedAt":null}},{"type":"Feature","geometry":{"type":"Point","coordinates":[8.6941807,50.1548424]},"properties":{"id":"bikerack:5a4b9dd5-8f9e-4387-a76c-4aa5ff39f183","kind":"bikerack","longitude":8.6941807,"latitude":50.1548424,"name":"Fahrradabstellplatz","city":"Frankfurt am Main","address":null,"covered":false,"access":null,"website":null,"phone":null,"source":"OpenStreetMap/node/6709590662","sourceUpdatedAt":null,"verifiedAt":null}},{"type":"Feature","geometry":{"type":"Point","coordinates":[8.6909504,50.1499795]},"properties":{"id":"bikerack:5b0cb9ec-b5ea-44a2-b7df-c37ae6a8eced","kind":"bikerack","longitude":8.6909504,"latitude":50.1499795,"name":"Fahrradabstellplatz","city":"Frankfurt am Main","address":null,"covered":false,"access":null,"website":null,"phone":null,"source":"OpenStreetMap/node/6725704796","sourceUpdatedAt":null,"verifiedAt":null}},{"type":"Feature","geometry":{"type":"Point","coordinates":[8.6961173,50.1538216]},"properties":{"id":"bikerack:5b8fc541-2cbf-420f-bf50-0752e6b1a961","kind":"bikerack","longitude":8.6961173,"latitude":50.1538216,"name":"Fahrradabstellplatz","city":"Frankfurt am Main","address":null,"covered":false,"access":null,"website":null,"phone":null,"source":"OpenStreetMap/node/6703161002","sourceUpdatedAt":null,"verifiedAt":null}},{"type":"Feature","geometry":{"type":"Point","coordinates":[8.6900333,50.1488487]},"properties":{"id":"bikerack:5bada7ed-d6df-468a-952e-ea4f8a800082","kind":"bikerack","longitude":8.6900333,"latitude":50.1488487,"name":"Fahrradabstellplatz","city":"Frankfurt am Main","address":null,"covered":false,"access":null,"website":null,"phone":null,"source":"OpenStreetMap/node/6725698231","sourceUpdatedAt":null,"verifiedAt":null}},{"type":"Feature","geometry":{"type":"Point","coordinates":[8.694639,50.1543201]},"properties":{"id":"bikerack:5bd7e3de-39c4-4431-8459-13557f7ebf2f","kind":"bikerack","longitude":8.694639,"latitude":50.1543201,"name":"Fahrradabstellplatz","city":"Frankfurt am Main","address":null,"covered":false,"access":null,"website":null,"phone":null,"source":"OpenStreetMap/node/6706940103","sourceUpdatedAt":null,"verifiedAt":null}},{"type":"Feature","geometry":{"type":"Point","coordinates":[8.6988035,50.155257]},"properties":{"id":"bikerack:5d14a074-cd92-4950-8018-c64b3bb2a90c","kind":"bikerack","longitude":8.6988035,"latitude":50.155257,"name":"Fahrradabstellplatz","city":"Frankfurt am Main","address":null,"covered":false,"access":null,"website":null,"phone":null,"source":"OpenStreetMap/node/6498400402","sourceUpdatedAt":null,"verifiedAt":null}},{"type":"Feature","geometry":{"type":"Point","coordinates":[8.6929308,50.1538946]},"properties":{"id":"bikerack:5d451be8-a0a7-49ea-a935-f1e51b962343","kind":"bikerack","longitude":8.6929308,"latitude":50.1538946,"name":"Fahrradabstellplatz","city":"Frankfurt am Main","address":null,"covered":false,"access":null,"website":null,"phone":null,"source":"OpenStreetMap/node/6706778852","sourceUpdatedAt":null,"verifiedAt":null}},{"type":"Feature","geometry":{"type":"Point","coordinates":[8.6896376,50.14953]},"properties":{"id":"bikerack:5eb85116-3dce-44b7-9a90-5963f26a0fb2","kind":"bikerack","longitude":8.6896376,"latitude":50.14953,"name":"Fahrradabstellplatz","city":"Frankfurt am Main","address":null,"covered":false,"access":null,"website":null,"phone":null,"source":"OpenStreetMap/node/6725698261","sourceUpdatedAt":null,"verifiedAt":null}},{"type":"Feature","geometry":{"type":"Point","coordinates":[8.6739475,50.1493677]},"properties":{"id":"bikerack:60c59a85-5048-454b-aae3-6d8180256baa","kind":"bikerack","longitude":8.6739475,"latitude":50.1493677,"name":"Fahrradabstellplatz","city":"Frankfurt am Main","address":null,"covered":false,"access":null,"website":null,"phone":null,"source":"OpenStreetMap/node/6286767912","sourceUpdatedAt":null,"verifiedAt":null}},{"type":"Feature","geometry":{"type":"Point","coordinates":[8.6854085,50.1623269]},"properties":{"id":"bikerack:61163312-12a5-4518-a8b7-6e84e4b9bee1","kind":"bikerack","longitude":8.6854085,"latitude":50.1623269,"name":"Fahrradabstellplatz","city":"Frankfurt am Main","address":null,"covered":true,"access":null,"website":null,"phone":null,"source":"OpenStreetMap/node/6807655479","sourceUpdatedAt":null,"verifiedAt":null}},{"type":"Feature","geometry":{"type":"Point","coordinates":[8.6950531,50.1526183]},"properties":{"id":"bikerack:62b200e2-775d-458d-97af-d74a8e19a386","kind":"bikerack","longitude":8.6950531,"latitude":50.1526183,"name":"Fahrradabstellplatz","city":"Frankfurt am Main","address":null,"covered":false,"access":null,"website":null,"phone":null,"source":"OpenStreetMap/node/6703157434","sourceUpdatedAt":null,"verifiedAt":null}},{"type":"Feature","geometry":{"type":"Point","coordinates":[8.689302,50.1524716]},"properties":{"id":"bikerack:630df0d2-04c2-4153-94a9-717a0df6f0f2","kind":"bikerack","longitude":8.689302,"latitude":50.1524716,"name":"Fahrradabstellplatz","city":"Frankfurt am Main","address":null,"covered":false,"access":null,"website":null,"phone":null,"source":"OpenStreetMap/node/7371739231","sourceUpdatedAt":null,"verifiedAt":null}},{"type":"Feature","geometry":{"type":"Point","coordinates":[8.6612493,50.1531684]},"properties":{"id":"bikerack:63cd423b-4402-4349-be25-c6de47173e45","kind":"bikerack","longitude":8.6612493,"latitude":50.1531684,"name":"Fahrradabstellplatz","city":"Frankfurt am Main","address":null,"covered":false,"access":null,"website":null,"phone":null,"source":"OpenStreetMap/node/6801074738","sourceUpdatedAt":null,"verifiedAt":null}},{"type":"Feature","geometry":{"type":"Point","coordinates":[8.6626419,50.1517174]},"properties":{"id":"bikerack:6402af6d-d61d-460f-ad47-b8624f5ed594","kind":"bikerack","longitude":8.6626419,"latitude":50.1517174,"name":"Fahrradabstellplatz","city":"Frankfurt am Main","address":null,"covered":false,"access":null,"website":null,"phone":null,"source":"OpenStreetMap/node/6801074735","sourceUpdatedAt":null,"verifiedAt":null}},{"type":"Feature","geometry":{"type":"Point","coordinates":[8.6945465,50.1544748]},"properties":{"id":"bikerack:6475d245-debd-4f50-ad45-4d2ce76dfb86","kind":"bikerack","longitude":8.6945465,"latitude":50.1544748,"name":"Fahrradabstellplatz","city":"Frankfurt am Main","address":null,"covered":false,"access":null,"website":null,"phone":null,"source":"OpenStreetMap/node/6706940104","sourceUpdatedAt":null,"verifiedAt":null}},{"type":"Feature","geometry":{"type":"Point","coordinates":[8.6880933,50.1530853]},"properties":{"id":"bikerack:647b26d4-81b3-45ad-a711-aa2c746d48fb","kind":"bikerack","longitude":8.6880933,"latitude":50.1530853,"name":"Fahrradabstellplatz","city":"Frankfurt am Main","address":null,"covered":false,"access":null,"website":null,"phone":null,"source":"OpenStreetMap/node/7325859242","sourceUpdatedAt":null,"verifiedAt":null}},{"type":"Feature","geometry":{"type":"Point","coordinates":[8.6955259,50.1538023]},"properties":{"id":"bikerack:652b9994-7407-4055-849f-42ffd0e4509b","kind":"bikerack","longitude":8.6955259,"latitude":50.1538023,"name":"Fahrradabstellplatz","city":"Frankfurt am Main","address":null,"covered":false,"access":null,"website":null,"phone":null,"source":"OpenStreetMap/node/6703106592","sourceUpdatedAt":null,"verifiedAt":null}},{"type":"Feature","geometry":{"type":"Point","coordinates":[8.7002268,50.1558786]},"properties":{"id":"bikerack:65b5ba7b-0a6b-4799-a09c-a5a489920e69","kind":"bikerack","longitude":8.7002268,"latitude":50.1558786,"name":"Fahrradabstellplatz","city":"Frankfurt am Main","address":null,"covered":false,"access":null,"website":null,"phone":null,"source":"OpenStreetMap/node/10630208877","sourceUpdatedAt":null,"verifiedAt":null}},{"type":"Feature","geometry":{"type":"Point","coordinates":[8.6884466,50.1522727]},"properties":{"id":"bikerack:6725fca8-93df-4504-af25-e2ebec5d6a78","kind":"bikerack","longitude":8.6884466,"latitude":50.1522727,"name":"Fahrradabstellplatz","city":"Frankfurt am Main","address":null,"covered":false,"access":null,"website":null,"phone":null,"source":"OpenStreetMap/node/7325859251","sourceUpdatedAt":null,"verifiedAt":null}},{"type":"Feature","geometry":{"type":"Point","coordinates":[8.6947038,50.1519538]},"properties":{"id":"bikerack:6894589d-2247-47f6-bdcc-75da2bf3ae82","kind":"bikerack","longitude":8.6947038,"latitude":50.1519538,"name":"Fahrradabstellplatz","city":"Frankfurt am Main","address":null,"covered":false,"access":null,"website":null,"phone":null,"source":"OpenStreetMap/node/6621227740","sourceUpdatedAt":null,"verifiedAt":null}},{"type":"Feature","geometry":{"type":"Point","coordinates":[8.6898897,50.149206]},"properties":{"id":"bikerack:6aec59a5-d1f7-4c89-9ac1-340837b92f0f","kind":"bikerack","longitude":8.6898897,"latitude":50.149206,"name":"Fahrradabstellplatz","city":"Frankfurt am Main","address":null,"covered":false,"access":null,"website":null,"phone":null,"source":"OpenStreetMap/node/6725698250","sourceUpdatedAt":null,"verifiedAt":null}},{"type":"Feature","geometry":{"type":"Point","coordinates":[8.6930206,50.1537099]},"properties":{"id":"bikerack:6b1bdb23-f2ba-4a6a-8150-c4c889a5c6e0","kind":"bikerack","longitude":8.6930206,"latitude":50.1537099,"name":"Fahrradabstellplatz","city":"Frankfurt am Main","address":null,"covered":false,"access":null,"website":null,"phone":null,"source":"OpenStreetMap/node/6706778851","sourceUpdatedAt":null,"verifiedAt":null}},{"type":"Feature","geometry":{"type":"Point","coordinates":[8.6913013,50.1542757]},"properties":{"id":"bikerack:6ccc6f1d-1078-4056-8b78-b2eb947eea95","kind":"bikerack","longitude":8.6913013,"latitude":50.1542757,"name":"Fahrradabstellplatz","city":"Frankfurt am Main","address":null,"covered":false,"access":null,"website":null,"phone":null,"source":"OpenStreetMap/node/6709714026","sourceUpdatedAt":null,"verifiedAt":null}},{"type":"Feature","geometry":{"type":"Point","coordinates":[8.698778,50.1553172]},"properties":{"id":"bikerack:6dc97d2a-92b8-48a6-b42b-ed02e732a992","kind":"bikerack","longitude":8.698778,"latitude":50.1553172,"name":"Fahrradabstellplatz","city":"Frankfurt am Main","address":null,"covered":false,"access":null,"website":null,"phone":null,"source":"OpenStreetMap/node/6498400403","sourceUpdatedAt":null,"verifiedAt":null}},{"type":"Feature","geometry":{"type":"Point","coordinates":[8.6998589,50.1554445]},"properties":{"id":"bikerack:6e40c792-ee15-4c5f-a1c1-bc6c4d597769","kind":"bikerack","longitude":8.6998589,"latitude":50.1554445,"name":"Fahrradabstellplatz","city":"Frankfurt am Main","address":null,"covered":false,"access":null,"website":null,"phone":null,"source":"OpenStreetMap/node/10630208864","sourceUpdatedAt":null,"verifiedAt":null}},{"type":"Feature","geometry":{"type":"Point","coordinates":[8.693483,50.1544411]},"properties":{"id":"bikerack:7028132c-19aa-4307-b3d1-feef495a623d","kind":"bikerack","longitude":8.693483,"latitude":50.1544411,"name":"Fahrradabstellplatz","city":"Frankfurt am Main","address":null,"covered":false,"access":null,"website":null,"phone":null,"source":"OpenStreetMap/node/6706778870","sourceUpdatedAt":null,"verifiedAt":null}},{"type":"Feature","geometry":{"type":"Point","coordinates":[8.6955594,50.1525069]},"properties":{"id":"bikerack:714ac62a-5924-408e-bd19-603855435362","kind":"bikerack","longitude":8.6955594,"latitude":50.1525069,"name":"Fahrradabstellplatz","city":"Frankfurt am Main","address":null,"covered":false,"access":null,"website":null,"phone":null,"source":"OpenStreetMap/node/6706234384","sourceUpdatedAt":null,"verifiedAt":null}},{"type":"Feature","geometry":{"type":"Point","coordinates":[8.6942773,50.1514726]},"properties":{"id":"bikerack:71b1276f-443f-4b48-9aad-bc9f1ad7df8b","kind":"bikerack","longitude":8.6942773,"latitude":50.1514726,"name":"Fahrradabstellplatz","city":"Frankfurt am Main","address":null,"covered":false,"access":null,"website":null,"phone":null,"source":"OpenStreetMap/node/6621227712","sourceUpdatedAt":null,"verifiedAt":null}},{"type":"Feature","geometry":{"type":"Point","coordinates":[8.6998974,50.1554459]},"properties":{"id":"bikerack:72509775-c535-46bd-b719-127e5ddd4823","kind":"bikerack","longitude":8.6998974,"latitude":50.1554459,"name":"Fahrradabstellplatz","city":"Frankfurt am Main","address":null,"covered":false,"access":null,"website":null,"phone":null,"source":"OpenStreetMap/node/10630208865","sourceUpdatedAt":null,"verifiedAt":null}},{"type":"Feature","geometry":{"type":"Point","coordinates":[8.6942002,50.1517411]},"properties":{"id":"bikerack:72fc6e15-d16d-4dbf-b637-577f326e20b2","kind":"bikerack","longitude":8.6942002,"latitude":50.1517411,"name":"Fahrradabstellplatz","city":"Frankfurt am Main","address":null,"covered":false,"access":null,"website":null,"phone":null,"source":"OpenStreetMap/node/6621227716","sourceUpdatedAt":null,"verifiedAt":null}},{"type":"Feature","geometry":{"type":"Point","coordinates":[8.6932205,50.1519079]},"properties":{"id":"bikerack:73690ad7-ce1c-427c-b4e5-3a26fee5a58e","kind":"bikerack","longitude":8.6932205,"latitude":50.1519079,"name":"Fahrradabstellplatz","city":"Frankfurt am Main","address":null,"covered":false,"access":null,"website":null,"phone":null,"source":"OpenStreetMap/node/6587069778","sourceUpdatedAt":null,"verifiedAt":null}},{"type":"Feature","geometry":{"type":"Point","coordinates":[8.695618,50.1544535]},"properties":{"id":"bikerack:75ca90bb-84a6-4869-8c01-d8400812b379","kind":"bikerack","longitude":8.695618,"latitude":50.1544535,"name":"Fahrradabstellplatz","city":"Frankfurt am Main","address":null,"covered":false,"access":null,"website":null,"phone":null,"source":"OpenStreetMap/node/6706940118","sourceUpdatedAt":null,"verifiedAt":null}},{"type":"Feature","geometry":{"type":"Point","coordinates":[8.6898405,50.1675608]},"properties":{"id":"bikerack:75f7bde5-751f-42d5-8be0-4457f241bd57","kind":"bikerack","longitude":8.6898405,"latitude":50.1675608,"name":"Fahrradabstellplatz","city":"Bad Vilbel","address":null,"covered":false,"access":null,"website":null,"phone":null,"source":"OpenStreetMap/node/11985523959","sourceUpdatedAt":null,"verifiedAt":null}},{"type":"Feature","geometry":{"type":"Point","coordinates":[8.6938669,50.1525522]},"properties":{"id":"bikerack:76a2fee3-dd71-4306-8cf7-4bc21b1d8ea6","kind":"bikerack","longitude":8.6938669,"latitude":50.1525522,"name":"Fahrradabstellplatz","city":"Frankfurt am Main","address":null,"covered":false,"access":null,"website":null,"phone":null,"source":"OpenStreetMap/node/6703065253","sourceUpdatedAt":null,"verifiedAt":null}},{"type":"Feature","geometry":{"type":"Point","coordinates":[8.69474,50.1518137]},"properties":{"id":"bikerack:7717886d-8493-4a66-a047-f1f365097d6f","kind":"bikerack","longitude":8.69474,"latitude":50.1518137,"name":"Fahrradabstellplatz","city":"Frankfurt am Main","address":null,"covered":false,"access":null,"website":null,"phone":null,"source":"OpenStreetMap/node/6621227738","sourceUpdatedAt":null,"verifiedAt":null}},{"type":"Feature","geometry":{"type":"Point","coordinates":[8.6631943,50.1510782]},"properties":{"id":"bikerack:772cb2f9-479e-49f1-aef9-b68089a606f1","kind":"bikerack","longitude":8.6631943,"latitude":50.1510782,"name":"Fahrradabstellplatz","city":"Frankfurt am Main","address":null,"covered":false,"access":null,"website":null,"phone":null,"source":"OpenStreetMap/node/6801074732","sourceUpdatedAt":null,"verifiedAt":null}},{"type":"Feature","geometry":{"type":"Point","coordinates":[8.6899253,50.149585]},"properties":{"id":"bikerack:77551c37-0c66-47f2-982a-1c081e3c0819","kind":"bikerack","longitude":8.6899253,"latitude":50.149585,"name":"Fahrradabstellplatz","city":"Frankfurt am Main","address":null,"covered":false,"access":null,"website":null,"phone":null,"source":"OpenStreetMap/node/6725674864","sourceUpdatedAt":null,"verifiedAt":null}},{"type":"Feature","geometry":{"type":"Point","coordinates":[8.6935856,50.154292]},"properties":{"id":"bikerack:779d4ad8-f573-43e3-9fe0-4751f7f7cb39","kind":"bikerack","longitude":8.6935856,"latitude":50.154292,"name":"Fahrradabstellplatz","city":"Frankfurt am Main","address":null,"covered":false,"access":null,"website":null,"phone":null,"source":"OpenStreetMap/node/6706778871","sourceUpdatedAt":null,"verifiedAt":null}},{"type":"Feature","geometry":{"type":"Point","coordinates":[8.6941626,50.1542346]},"properties":{"id":"bikerack:77c19eb4-9041-4e0c-950a-518e6a06c464","kind":"bikerack","longitude":8.6941626,"latitude":50.1542346,"name":"Fahrradabstellplatz","city":"Frankfurt am Main","address":null,"covered":false,"access":null,"website":null,"phone":null,"source":"OpenStreetMap/node/6706940098","sourceUpdatedAt":null,"verifiedAt":null}},{"type":"Feature","geometry":{"type":"Point","coordinates":[8.6941606,50.1547548]},"properties":{"id":"bikerack:78f56a43-8397-4e40-afb3-fce845d4951c","kind":"bikerack","longitude":8.6941606,"latitude":50.1547548,"name":"Fahrradabstellplatz","city":"Frankfurt am Main","address":null,"covered":false,"access":null,"website":null,"phone":null,"source":"OpenStreetMap/node/6709590663","sourceUpdatedAt":null,"verifiedAt":null}},{"type":"Feature","geometry":{"type":"Point","coordinates":[8.6971754,50.1528167]},"properties":{"id":"bikerack:78f94b6b-2148-4ce8-8493-6ac88a1bf41b","kind":"bikerack","longitude":8.6971754,"latitude":50.1528167,"name":"Fahrradabstellplatz","city":"Frankfurt am Main","address":null,"covered":false,"access":null,"website":null,"phone":null,"source":"OpenStreetMap/node/6706214757","sourceUpdatedAt":null,"verifiedAt":null}},{"type":"Feature","geometry":{"type":"Point","coordinates":[8.696366,50.1532661]},"properties":{"id":"bikerack:7937dbf6-b455-4fed-896d-a4ef202cbaa2","kind":"bikerack","longitude":8.696366,"latitude":50.1532661,"name":"Fahrradabstellplatz","city":"Frankfurt am Main","address":null,"covered":false,"access":null,"website":null,"phone":null,"source":"OpenStreetMap/node/6703160999","sourceUpdatedAt":null,"verifiedAt":null}},{"type":"Feature","geometry":{"type":"Point","coordinates":[8.6913134,50.1536592]},"properties":{"id":"bikerack:79e92a1e-2f24-476d-b2fa-ab29a661c0a4","kind":"bikerack","longitude":8.6913134,"latitude":50.1536592,"name":"Fahrradabstellplatz","city":"Frankfurt am Main","address":null,"covered":false,"access":null,"website":null,"phone":null,"source":"OpenStreetMap/node/6709714025","sourceUpdatedAt":null,"verifiedAt":null}},{"type":"Feature","geometry":{"type":"Point","coordinates":[8.6999078,50.1559152]},"properties":{"id":"bikerack:7b49954c-9fb9-4727-8fcd-a9f72c36cb3a","kind":"bikerack","longitude":8.6999078,"latitude":50.1559152,"name":"Fahrradabstellplatz","city":"Frankfurt am Main","address":null,"covered":false,"access":null,"website":null,"phone":null,"source":"OpenStreetMap/node/10630208876","sourceUpdatedAt":null,"verifiedAt":null}},{"type":"Feature","geometry":{"type":"Point","coordinates":[8.6910553,50.1490394]},"properties":{"id":"bikerack:7ba8faeb-d539-4228-bc0b-2c3b0ebff35d","kind":"bikerack","longitude":8.6910553,"latitude":50.1490394,"name":"Fahrradabstellplatz","city":"Frankfurt am Main","address":null,"covered":false,"access":null,"website":null,"phone":null,"source":"OpenStreetMap/node/6725704801","sourceUpdatedAt":null,"verifiedAt":null}},{"type":"Feature","geometry":{"type":"Point","coordinates":[8.6894435,50.1679754]},"properties":{"id":"bikerack:7d0e55a0-153d-49f5-94e2-b00823136f4a","kind":"bikerack","longitude":8.6894435,"latitude":50.1679754,"name":"Fahrradabstellplatz","city":"Bad Vilbel","address":null,"covered":false,"access":null,"website":null,"phone":null,"source":"OpenStreetMap/node/11985523962","sourceUpdatedAt":null,"verifiedAt":null}},{"type":"Feature","geometry":{"type":"Point","coordinates":[8.6896744,50.149897]},"properties":{"id":"bikerack:7d8a2d63-57c6-4bcf-b60c-18ff39b4867b","kind":"bikerack","longitude":8.6896744,"latitude":50.149897,"name":"Fahrradabstellplatz","city":"Frankfurt am Main","address":null,"covered":false,"access":null,"website":null,"phone":null,"source":"OpenStreetMap/node/6725674868","sourceUpdatedAt":null,"verifiedAt":null}},{"type":"Feature","geometry":{"type":"Point","coordinates":[8.6909922,50.1527471]},"properties":{"id":"bikerack:7f222018-95e6-40dc-a7fe-66c34e5bf9ab","kind":"bikerack","longitude":8.6909922,"latitude":50.1527471,"name":"Fahrradabstellplatz","city":"Frankfurt am Main","address":null,"covered":false,"access":null,"website":null,"phone":null,"source":"OpenStreetMap/node/7438075577","sourceUpdatedAt":null,"verifiedAt":null}},{"type":"Feature","geometry":{"type":"Point","coordinates":[8.6863919,50.1599402]},"properties":{"id":"bikerack:80123052-229e-44a7-9f2e-70f39a07a248","kind":"bikerack","longitude":8.6863919,"latitude":50.1599402,"name":"Fahrradabstellplatz","city":"Frankfurt am Main","address":null,"covered":false,"access":null,"website":null,"phone":null,"source":"OpenStreetMap/node/6807681687","sourceUpdatedAt":null,"verifiedAt":null}},{"type":"Feature","geometry":{"type":"Point","coordinates":[8.6589553,50.1546679]},"properties":{"id":"bikerack:806de582-a1ed-4f38-a2bc-bb1d0af472db","kind":"bikerack","longitude":8.6589553,"latitude":50.1546679,"name":"Fahrradabstellplatz","city":"Frankfurt am Main","address":null,"covered":false,"access":null,"website":null,"phone":null,"source":"OpenStreetMap/node/6312329486","sourceUpdatedAt":null,"verifiedAt":null}},{"type":"Feature","geometry":{"type":"Point","coordinates":[8.6865592,50.1496823]},"properties":{"id":"bikerack:81b232bf-5dbf-4ff4-bde0-5c001c22afb3","kind":"bikerack","longitude":8.6865592,"latitude":50.1496823,"name":"Fahrradabstellplatz","city":"Frankfurt am Main","address":null,"covered":false,"access":null,"website":null,"phone":null,"source":"OpenStreetMap/node/6712009027","sourceUpdatedAt":null,"verifiedAt":null}},{"type":"Feature","geometry":{"type":"Point","coordinates":[8.6876673,50.1682368]},"properties":{"id":"bikerack:83912fc7-4848-432f-8b84-e02af6119dd1","kind":"bikerack","longitude":8.6876673,"latitude":50.1682368,"name":"Fahrradabstellplatz","city":"Bad Vilbel","address":null,"covered":false,"access":null,"website":null,"phone":null,"source":"OpenStreetMap/node/11985523966","sourceUpdatedAt":null,"verifiedAt":null}},{"type":"Feature","geometry":{"type":"Point","coordinates":[8.6882514,50.1527392]},"properties":{"id":"bikerack:83c9bc1e-e51c-4f4f-95ce-77a9f9bb965c","kind":"bikerack","longitude":8.6882514,"latitude":50.1527392,"name":"Fahrradabstellplatz","city":"Frankfurt am Main","address":null,"covered":false,"access":null,"website":null,"phone":null,"source":"OpenStreetMap/node/7325859247","sourceUpdatedAt":null,"verifiedAt":null}},{"type":"Feature","geometry":{"type":"Point","coordinates":[8.6959339,50.1517959]},"properties":{"id":"bikerack:8584bc21-7247-4dc5-a226-99c29e2e7494","kind":"bikerack","longitude":8.6959339,"latitude":50.1517959,"name":"Fahrradabstellplatz","city":"Frankfurt am Main","address":null,"covered":false,"access":null,"website":null,"phone":null,"source":"OpenStreetMap/node/6621238416","sourceUpdatedAt":null,"verifiedAt":null}},{"type":"Feature","geometry":{"type":"Point","coordinates":[8.6928758,50.1529683]},"properties":{"id":"bikerack:85a15fc5-fa84-45d3-84d9-ef4f479ef8f9","kind":"bikerack","longitude":8.6928758,"latitude":50.1529683,"name":"Fahrradabstellplatz","city":"Frankfurt am Main","address":null,"covered":false,"access":null,"website":null,"phone":null,"source":"OpenStreetMap/node/7371739188","sourceUpdatedAt":null,"verifiedAt":null}},{"type":"Feature","geometry":{"type":"Point","coordinates":[8.6894721,50.1677715]},"properties":{"id":"bikerack:85ea2a27-0bca-4cbd-8fc5-91067e5fb085","kind":"bikerack","longitude":8.6894721,"latitude":50.1677715,"name":"Fahrradabstellplatz","city":"Bad Vilbel","address":null,"covered":false,"access":null,"website":null,"phone":null,"source":"OpenStreetMap/node/11985523961","sourceUpdatedAt":null,"verifiedAt":null}},{"type":"Feature","geometry":{"type":"Point","coordinates":[8.6939514,50.1523885]},"properties":{"id":"bikerack:8665f2c6-6d1c-42db-833c-05316093ca34","kind":"bikerack","longitude":8.6939514,"latitude":50.1523885,"name":"Fahrradabstellplatz","city":"Frankfurt am Main","address":null,"covered":false,"access":null,"website":null,"phone":null,"source":"OpenStreetMap/node/6703065254","sourceUpdatedAt":null,"verifiedAt":null}},{"type":"Feature","geometry":{"type":"Point","coordinates":[8.695278,50.1518909]},"properties":{"id":"bikerack:867e4940-4daf-454c-948e-dfc519887c18","kind":"bikerack","longitude":8.695278,"latitude":50.1518909,"name":"Fahrradabstellplatz","city":"Frankfurt am Main","address":null,"covered":false,"access":null,"website":null,"phone":null,"source":"OpenStreetMap/node/6621238405","sourceUpdatedAt":null,"verifiedAt":null}},{"type":"Feature","geometry":{"type":"Point","coordinates":[8.6948191,50.1515379]},"properties":{"id":"bikerack:86831d09-7ce0-45c2-83d2-7076473ada68","kind":"bikerack","longitude":8.6948191,"latitude":50.1515379,"name":"Fahrradabstellplatz","city":"Frankfurt am Main","address":null,"covered":false,"access":null,"website":null,"phone":null,"source":"OpenStreetMap/node/6621227734","sourceUpdatedAt":null,"verifiedAt":null}},{"type":"Feature","geometry":{"type":"Point","coordinates":[8.6922079,50.1524124]},"properties":{"id":"bikerack:87af7c94-0121-4821-b46c-e3dbf2f668e3","kind":"bikerack","longitude":8.6922079,"latitude":50.1524124,"name":"Fahrradabstellplatz","city":"Frankfurt am Main","address":null,"covered":false,"access":null,"website":null,"phone":null,"source":"OpenStreetMap/node/7371739213","sourceUpdatedAt":null,"verifiedAt":null}},{"type":"Feature","geometry":{"type":"Point","coordinates":[8.6943001,50.1528224]},"properties":{"id":"bikerack:8a4920a2-a8c9-4b27-a145-83016e81b4ab","kind":"bikerack","longitude":8.6943001,"latitude":50.1528224,"name":"Fahrradabstellplatz","city":"Frankfurt am Main","address":null,"covered":false,"access":null,"website":null,"phone":null,"source":"OpenStreetMap/node/6703088494","sourceUpdatedAt":null,"verifiedAt":null}},{"type":"Feature","geometry":{"type":"Point","coordinates":[8.6976871,50.1556938]},"properties":{"id":"bikerack:8b2275e5-2317-4648-8a69-548a520b1d9d","kind":"bikerack","longitude":8.6976871,"latitude":50.1556938,"name":"Fahrradabstellplatz","city":"Frankfurt am Main","address":null,"covered":false,"access":null,"website":null,"phone":null,"source":"OpenStreetMap/node/6587076665","sourceUpdatedAt":null,"verifiedAt":null}},{"type":"Feature","geometry":{"type":"Point","coordinates":[8.69406,50.1543966]},"properties":{"id":"bikerack:8b2eb4e9-57da-4e1a-92d3-77d2b9d1d6b2","kind":"bikerack","longitude":8.69406,"latitude":50.1543966,"name":"Fahrradabstellplatz","city":"Frankfurt am Main","address":null,"covered":false,"access":null,"website":null,"phone":null,"source":"OpenStreetMap/node/6706940097","sourceUpdatedAt":null,"verifiedAt":null}},{"type":"Feature","geometry":{"type":"Point","coordinates":[8.6975305,50.1521146]},"properties":{"id":"bikerack:8e63b182-1768-439f-89b0-d30a2d679b94","kind":"bikerack","longitude":8.6975305,"latitude":50.1521146,"name":"Fahrradabstellplatz","city":"Frankfurt am Main","address":null,"covered":false,"access":null,"website":null,"phone":null,"source":"OpenStreetMap/node/6621207173","sourceUpdatedAt":null,"verifiedAt":null}},{"type":"Feature","geometry":{"type":"Point","coordinates":[8.6944518,50.1509902]},"properties":{"id":"bikerack:8e885d13-7172-4ff8-80e6-76c835c297a6","kind":"bikerack","longitude":8.6944518,"latitude":50.1509902,"name":"Fahrradabstellplatz","city":"Frankfurt am Main","address":null,"covered":false,"access":null,"website":null,"phone":null,"source":"OpenStreetMap/node/6617302106","sourceUpdatedAt":null,"verifiedAt":null}},{"type":"Feature","geometry":{"type":"Point","coordinates":[8.6944979,50.1522845]},"properties":{"id":"bikerack:9103d8bd-73de-47e9-9c00-5205dfa9fd4d","kind":"bikerack","longitude":8.6944979,"latitude":50.1522845,"name":"Fahrradabstellplatz","city":"Frankfurt am Main","address":null,"covered":false,"access":null,"website":null,"phone":null,"source":"OpenStreetMap/node/6703088491","sourceUpdatedAt":null,"verifiedAt":null}},{"type":"Feature","geometry":{"type":"Point","coordinates":[8.6902808,50.1489071]},"properties":{"id":"bikerack:92e46919-d0d1-41c5-928c-3fcac0ffbc00","kind":"bikerack","longitude":8.6902808,"latitude":50.1489071,"name":"Fahrradabstellplatz","city":"Frankfurt am Main","address":null,"covered":false,"access":null,"website":null,"phone":null,"source":"OpenStreetMap/node/6725698232","sourceUpdatedAt":null,"verifiedAt":null}},{"type":"Feature","geometry":{"type":"Point","coordinates":[8.6895165,50.1525326]},"properties":{"id":"bikerack:93999748-8db3-4d7f-9d25-754f7c558647","kind":"bikerack","longitude":8.6895165,"latitude":50.1525326,"name":"Fahrradabstellplatz","city":"Frankfurt am Main","address":null,"covered":false,"access":null,"website":null,"phone":null,"source":"OpenStreetMap/node/7371739232","sourceUpdatedAt":null,"verifiedAt":null}},{"type":"Feature","geometry":{"type":"Point","coordinates":[8.6929227,50.1528334]},"properties":{"id":"bikerack:94160a16-2066-4ff6-8467-a047ecfb5c5d","kind":"bikerack","longitude":8.6929227,"latitude":50.1528334,"name":"Fahrradabstellplatz","city":"Frankfurt am Main","address":null,"covered":false,"access":null,"website":null,"phone":null,"source":"OpenStreetMap/node/7371739189","sourceUpdatedAt":null,"verifiedAt":null}},{"type":"Feature","geometry":{"type":"Point","coordinates":[8.6953196,50.151753]},"properties":{"id":"bikerack:9462b458-6deb-4c06-bced-f964978abff6","kind":"bikerack","longitude":8.6953196,"latitude":50.151753,"name":"Fahrradabstellplatz","city":"Frankfurt am Main","address":null,"covered":false,"access":null,"website":null,"phone":null,"source":"OpenStreetMap/node/6621238403","sourceUpdatedAt":null,"verifiedAt":null}},{"type":"Feature","geometry":{"type":"Point","coordinates":[8.6955741,50.1510997]},"properties":{"id":"bikerack:94786366-7dde-4df3-ac55-699b05d7f1b1","kind":"bikerack","longitude":8.6955741,"latitude":50.1510997,"name":"Fahrradabstellplatz","city":"Frankfurt am Main","address":null,"covered":false,"access":null,"website":null,"phone":null,"source":"OpenStreetMap/node/6617265165","sourceUpdatedAt":null,"verifiedAt":null}},{"type":"Feature","geometry":{"type":"Point","coordinates":[8.6997031,50.1558513]},"properties":{"id":"bikerack:94b1a576-d9cb-43c8-8446-c8f5ac57cd2c","kind":"bikerack","longitude":8.6997031,"latitude":50.1558513,"name":"Fahrradabstellplatz","city":"Frankfurt am Main","address":null,"covered":false,"access":null,"website":null,"phone":null,"source":"OpenStreetMap/node/10630208872","sourceUpdatedAt":null,"verifiedAt":null}},{"type":"Feature","geometry":{"type":"Point","coordinates":[8.6962152,50.1536261]},"properties":{"id":"bikerack:95c8d357-c54f-4a55-8181-633e98a1af49","kind":"bikerack","longitude":8.6962152,"latitude":50.1536261,"name":"Fahrradabstellplatz","city":"Frankfurt am Main","address":null,"covered":false,"access":null,"website":null,"phone":null,"source":"OpenStreetMap/node/6703161001","sourceUpdatedAt":null,"verifiedAt":null}},{"type":"Feature","geometry":{"type":"Point","coordinates":[8.6953578,50.1516266]},"properties":{"id":"bikerack:9642515d-f6b0-4bb1-9c3b-e524eac0d16d","kind":"bikerack","longitude":8.6953578,"latitude":50.1516266,"name":"Fahrradabstellplatz","city":"Frankfurt am Main","address":null,"covered":false,"access":null,"website":null,"phone":null,"source":"OpenStreetMap/node/6621238402","sourceUpdatedAt":null,"verifiedAt":null}},{"type":"Feature","geometry":{"type":"Point","coordinates":[8.693659,50.1516338]},"properties":{"id":"bikerack:968d1e6f-a151-4838-9472-39bb3010d3fb","kind":"bikerack","longitude":8.693659,"latitude":50.1516338,"name":"Fahrradabstellplatz","city":"Frankfurt am Main","address":null,"covered":false,"access":null,"website":null,"phone":null,"source":"OpenStreetMap/node/6621257587","sourceUpdatedAt":null,"verifiedAt":null}},{"type":"Feature","geometry":{"type":"Point","coordinates":[8.6969631,50.1533524]},"properties":{"id":"bikerack:97397e98-9b5c-4f7a-b987-2e4327db5054","kind":"bikerack","longitude":8.6969631,"latitude":50.1533524,"name":"Fahrradabstellplatz","city":"Frankfurt am Main","address":null,"covered":false,"access":null,"website":null,"phone":null,"source":"OpenStreetMap/node/6703088775","sourceUpdatedAt":null,"verifiedAt":null}},{"type":"Feature","geometry":{"type":"Point","coordinates":[8.69757,50.153342]},"properties":{"id":"bikerack:975e0c8b-3974-4f3d-860e-411e004e8f1c","kind":"bikerack","longitude":8.69757,"latitude":50.153342,"name":"Fahrradabstellplatz","city":"Frankfurt am Main","address":null,"covered":false,"access":null,"website":null,"phone":null,"source":"OpenStreetMap/node/6807673539","sourceUpdatedAt":null,"verifiedAt":null}},{"type":"Feature","geometry":{"type":"Point","coordinates":[8.6970483,50.1518434]},"properties":{"id":"bikerack:9a41d6ee-f53b-4783-b7cb-7d714782f81a","kind":"bikerack","longitude":8.6970483,"latitude":50.1518434,"name":"Fahrradabstellplatz","city":"Frankfurt am Main","address":null,"covered":false,"access":null,"website":null,"phone":null,"source":"OpenStreetMap/node/6621207169","sourceUpdatedAt":null,"verifiedAt":null}},{"type":"Feature","geometry":{"type":"Point","coordinates":[8.697935,50.1557279]},"properties":{"id":"bikerack:9a7d740e-9263-4492-84e6-a2788644bd29","kind":"bikerack","longitude":8.697935,"latitude":50.1557279,"name":"Fahrradabstellplatz","city":"Frankfurt am Main","address":null,"covered":false,"access":null,"website":null,"phone":null,"source":"OpenStreetMap/node/6587076664","sourceUpdatedAt":null,"verifiedAt":null}},{"type":"Feature","geometry":{"type":"Point","coordinates":[8.686932,50.1489282]},"properties":{"id":"bikerack:9b5713ad-ad11-40da-87fc-4fda1cdf2508","kind":"bikerack","longitude":8.686932,"latitude":50.1489282,"name":"Fahrradabstellplatz","city":"Frankfurt am Main","address":null,"covered":false,"access":null,"website":null,"phone":null,"source":"OpenStreetMap/node/6712009023","sourceUpdatedAt":null,"verifiedAt":null}},{"type":"Feature","geometry":{"type":"Point","coordinates":[8.6898083,50.1677589]},"properties":{"id":"bikerack:9c6c0d8f-6290-487b-8efd-7593c63fe8dc","kind":"bikerack","longitude":8.6898083,"latitude":50.1677589,"name":"Fahrradabstellplatz","city":"Bad Vilbel","address":null,"covered":false,"access":null,"website":null,"phone":null,"source":"OpenStreetMap/node/11985523964","sourceUpdatedAt":null,"verifiedAt":null}},{"type":"Feature","geometry":{"type":"Point","coordinates":[8.6882047,50.1495018]},"properties":{"id":"bikerack:9d402818-dffd-4be6-a320-bdd9c8912af7","kind":"bikerack","longitude":8.6882047,"latitude":50.1495018,"name":"Fahrradabstellplatz","city":"Frankfurt am Main","address":null,"covered":false,"access":null,"website":null,"phone":null,"source":"OpenStreetMap/node/6712009031","sourceUpdatedAt":null,"verifiedAt":null}},{"type":"Feature","geometry":{"type":"Point","coordinates":[8.6956949,50.1533907]},"properties":{"id":"bikerack:9d9a173f-28c0-4b6d-9936-2b03076aebf7","kind":"bikerack","longitude":8.6956949,"latitude":50.1533907,"name":"Fahrradabstellplatz","city":"Frankfurt am Main","address":null,"covered":false,"access":null,"website":null,"phone":null,"source":"OpenStreetMap/node/6703106590","sourceUpdatedAt":null,"verifiedAt":null}},{"type":"Feature","geometry":{"type":"Point","coordinates":[8.6874218,50.1538766]},"properties":{"id":"bikerack:9e2ee9b5-f233-4386-a9a0-e2235e732de5","kind":"bikerack","longitude":8.6874218,"latitude":50.1538766,"name":"Fahrradabstellplatz","city":"Frankfurt am Main","address":null,"covered":false,"access":null,"website":null,"phone":null,"source":"OpenStreetMap/node/7325859220","sourceUpdatedAt":null,"verifiedAt":null}},{"type":"Feature","geometry":{"type":"Point","coordinates":[8.6866745,50.1487769]},"properties":{"id":"bikerack:9e350084-748d-4e27-8da5-862afea78cc3","kind":"bikerack","longitude":8.6866745,"latitude":50.1487769,"name":"Fahrradabstellplatz","city":"Frankfurt am Main","address":null,"covered":false,"access":null,"website":null,"phone":null,"source":"OpenStreetMap/node/6712009024","sourceUpdatedAt":null,"verifiedAt":null}},{"type":"Feature","geometry":{"type":"Point","coordinates":[8.6957767,50.1532394]},"properties":{"id":"bikerack:9ea1f6ad-05b8-43c5-b50f-d727fcd392a2","kind":"bikerack","longitude":8.6957767,"latitude":50.1532394,"name":"Fahrradabstellplatz","city":"Frankfurt am Main","address":null,"covered":false,"access":null,"website":null,"phone":null,"source":"OpenStreetMap/node/6703106589","sourceUpdatedAt":null,"verifiedAt":null}},{"type":"Feature","geometry":{"type":"Point","coordinates":[8.6737181,50.1493497]},"properties":{"id":"bikerack:9f9dde75-e82e-404a-93a9-8ec93efd771e","kind":"bikerack","longitude":8.6737181,"latitude":50.1493497,"name":"Fahrradabstellplatz","city":"Frankfurt am Main","address":null,"covered":false,"access":null,"website":null,"phone":null,"source":"OpenStreetMap/node/6286767913","sourceUpdatedAt":null,"verifiedAt":null}},{"type":"Feature","geometry":{"type":"Point","coordinates":[8.6914341,50.1533224]},"properties":{"id":"bikerack:a15487c9-eb03-417c-9439-fd6922a9501f","kind":"bikerack","longitude":8.6914341,"latitude":50.1533224,"name":"Fahrradabstellplatz","city":"Frankfurt am Main","address":null,"covered":false,"access":null,"website":null,"phone":null,"source":"OpenStreetMap/node/6709716684","sourceUpdatedAt":null,"verifiedAt":null}},{"type":"Feature","geometry":{"type":"Point","coordinates":[8.6947795,50.1516668]},"properties":{"id":"bikerack:a243d8e3-70c8-428f-85b8-19e327c29a21","kind":"bikerack","longitude":8.6947795,"latitude":50.1516668,"name":"Fahrradabstellplatz","city":"Frankfurt am Main","address":null,"covered":false,"access":null,"website":null,"phone":null,"source":"OpenStreetMap/node/6621227735","sourceUpdatedAt":null,"verifiedAt":null}},{"type":"Feature","geometry":{"type":"Point","coordinates":[8.6949511,50.1527807]},"properties":{"id":"bikerack:a2d3b19e-9d3c-4048-ab5b-3a62bcce016b","kind":"bikerack","longitude":8.6949511,"latitude":50.1527807,"name":"Fahrradabstellplatz","city":"Frankfurt am Main","address":null,"covered":false,"access":null,"website":null,"phone":null,"source":"OpenStreetMap/node/6703157435","sourceUpdatedAt":null,"verifiedAt":null}},{"type":"Feature","geometry":{"type":"Point","coordinates":[8.6937522,50.1536725]},"properties":{"id":"bikerack:a3bee8c6-18d4-4165-bccd-1eb8ae8fa4fb","kind":"bikerack","longitude":8.6937522,"latitude":50.1536725,"name":"Fahrradabstellplatz","city":"Frankfurt am Main","address":null,"covered":false,"access":null,"website":null,"phone":null,"source":"OpenStreetMap/node/6703074312","sourceUpdatedAt":null,"verifiedAt":null}},{"type":"Feature","geometry":{"type":"Point","coordinates":[8.6894881,50.1495237]},"properties":{"id":"bikerack:a3d54076-5cc6-464e-87ef-eeb97aae7e0a","kind":"bikerack","longitude":8.6894881,"latitude":50.1495237,"name":"Fahrradabstellplatz","city":"Frankfurt am Main","address":null,"covered":false,"access":null,"website":null,"phone":null,"source":"OpenStreetMap/way/715643261","sourceUpdatedAt":null,"verifiedAt":null}},{"type":"Feature","geometry":{"type":"Point","coordinates":[8.6944757,50.1534308]},"properties":{"id":"bikerack:a40539ea-99b4-4ece-b9a4-ea04049817ae","kind":"bikerack","longitude":8.6944757,"latitude":50.1534308,"name":"Fahrradabstellplatz","city":"Frankfurt am Main","address":null,"covered":false,"access":null,"website":null,"phone":null,"source":"OpenStreetMap/node/6703094117","sourceUpdatedAt":null,"verifiedAt":null}},{"type":"Feature","geometry":{"type":"Point","coordinates":[8.6947453,50.1518017]},"properties":{"id":"bikerack:a53f5ee4-2a98-4c48-bb17-7ad1190064b9","kind":"bikerack","longitude":8.6947453,"latitude":50.1518017,"name":"Fahrradabstellplatz","city":"Frankfurt am Main","address":null,"covered":false,"access":null,"website":null,"phone":null,"source":"OpenStreetMap/node/6621227737","sourceUpdatedAt":null,"verifiedAt":null}},{"type":"Feature","geometry":{"type":"Point","coordinates":[8.6887586,50.1492431]},"properties":{"id":"bikerack:a575bb4b-c64a-40c2-afca-1e35dc4db6b9","kind":"bikerack","longitude":8.6887586,"latitude":50.1492431,"name":"Fahrradabstellplatz","city":"Frankfurt am Main","address":null,"covered":false,"access":null,"website":null,"phone":null,"source":"OpenStreetMap/node/6712009032","sourceUpdatedAt":null,"verifiedAt":null}},{"type":"Feature","geometry":{"type":"Point","coordinates":[8.6931802,50.1531127]},"properties":{"id":"bikerack:a637a179-a066-41d8-912b-c7cfee95b515","kind":"bikerack","longitude":8.6931802,"latitude":50.1531127,"name":"Fahrradabstellplatz","city":"Frankfurt am Main","address":null,"covered":false,"access":null,"website":null,"phone":null,"source":"OpenStreetMap/node/7371739187","sourceUpdatedAt":null,"verifiedAt":null}},{"type":"Feature","geometry":{"type":"Point","coordinates":[8.6952465,50.1520421]},"properties":{"id":"bikerack:a66c4374-4513-4db6-8806-88e321949c21","kind":"bikerack","longitude":8.6952465,"latitude":50.1520421,"name":"Fahrradabstellplatz","city":"Frankfurt am Main","address":null,"covered":false,"access":null,"website":null,"phone":null,"source":"OpenStreetMap/node/6621238408","sourceUpdatedAt":null,"verifiedAt":null}},{"type":"Feature","geometry":{"type":"Point","coordinates":[8.6798822,50.1666711]},"properties":{"id":"bikerack:a875d093-2584-4e28-bf9c-904f50acfb70","kind":"bikerack","longitude":8.6798822,"latitude":50.1666711,"name":"Fahrradabstellplatz","city":"Frankfurt am Main","address":null,"covered":false,"access":null,"website":null,"phone":null,"source":"OpenStreetMap/node/2329776507","sourceUpdatedAt":null,"verifiedAt":null}},{"type":"Feature","geometry":{"type":"Point","coordinates":[8.6895088,50.1498656]},"properties":{"id":"bikerack:a8a45fb7-8049-4aa2-9087-b629b7a8661a","kind":"bikerack","longitude":8.6895088,"latitude":50.1498656,"name":"Fahrradabstellplatz","city":"Frankfurt am Main","address":null,"covered":false,"access":null,"website":null,"phone":null,"source":"OpenStreetMap/node/6725674869","sourceUpdatedAt":null,"verifiedAt":null}},{"type":"Feature","geometry":{"type":"Point","coordinates":[8.6875248,50.1535346]},"properties":{"id":"bikerack:a94024ec-66b5-4011-9013-1fbf098419eb","kind":"bikerack","longitude":8.6875248,"latitude":50.1535346,"name":"Fahrradabstellplatz","city":"Frankfurt am Main","address":null,"covered":false,"access":null,"website":null,"phone":null,"source":"OpenStreetMap/node/7325859236","sourceUpdatedAt":null,"verifiedAt":null}},{"type":"Feature","geometry":{"type":"Point","coordinates":[8.6962326,50.1524149]},"properties":{"id":"bikerack:a951f3f4-3e43-4b2e-9805-3932e95755ff","kind":"bikerack","longitude":8.6962326,"latitude":50.1524149,"name":"Fahrradabstellplatz","city":"Frankfurt am Main","address":null,"covered":false,"access":null,"website":null,"phone":null,"source":"OpenStreetMap/node/6706271897","sourceUpdatedAt":null,"verifiedAt":null}},{"type":"Feature","geometry":{"type":"Point","coordinates":[8.6610973,50.1531409]},"properties":{"id":"bikerack:aa80687a-9579-486e-a452-ab36b512968e","kind":"bikerack","longitude":8.6610973,"latitude":50.1531409,"name":"Fahrradabstellplatz","city":"Frankfurt am Main","address":null,"covered":false,"access":null,"website":null,"phone":null,"source":"OpenStreetMap/node/6801074739","sourceUpdatedAt":null,"verifiedAt":null}},{"type":"Feature","geometry":{"type":"Point","coordinates":[8.6984051,50.1561791]},"properties":{"id":"bikerack:aba47454-2131-4c6e-912b-d9c59766255a","kind":"bikerack","longitude":8.6984051,"latitude":50.1561791,"name":"Fahrradabstellplatz","city":"Frankfurt am Main","address":null,"covered":false,"access":null,"website":null,"phone":null,"source":"OpenStreetMap/node/1541470440","sourceUpdatedAt":null,"verifiedAt":null}},{"type":"Feature","geometry":{"type":"Point","coordinates":[8.6964278,50.1520633]},"properties":{"id":"bikerack:aeb8e03a-82dd-4bf6-8812-2b3deecb7054","kind":"bikerack","longitude":8.6964278,"latitude":50.1520633,"name":"Fahrradabstellplatz","city":"Frankfurt am Main","address":null,"covered":false,"access":null,"website":null,"phone":null,"source":"OpenStreetMap/node/6621238437","sourceUpdatedAt":null,"verifiedAt":null}},{"type":"Feature","geometry":{"type":"Point","coordinates":[8.6951352,50.1543365]},"properties":{"id":"bikerack:af1e2210-3816-4e42-9a93-65dbc94f5d8f","kind":"bikerack","longitude":8.6951352,"latitude":50.1543365,"name":"Fahrradabstellplatz","city":"Frankfurt am Main","address":null,"covered":false,"access":null,"website":null,"phone":null,"source":"OpenStreetMap/node/6706940110","sourceUpdatedAt":null,"verifiedAt":null}},{"type":"Feature","geometry":{"type":"Point","coordinates":[8.6936768,50.1541334]},"properties":{"id":"bikerack:af9eba85-bea5-4809-a311-2561627d6164","kind":"bikerack","longitude":8.6936768,"latitude":50.1541334,"name":"Fahrradabstellplatz","city":"Frankfurt am Main","address":null,"covered":false,"access":null,"website":null,"phone":null,"source":"OpenStreetMap/node/6706778872","sourceUpdatedAt":null,"verifiedAt":null}},{"type":"Feature","geometry":{"type":"Point","coordinates":[8.6956948,50.1523178]},"properties":{"id":"bikerack:b06c0d31-32db-4643-8efa-563d78daf641","kind":"bikerack","longitude":8.6956948,"latitude":50.1523178,"name":"Fahrradabstellplatz","city":"Frankfurt am Main","address":null,"covered":false,"access":null,"website":null,"phone":null,"source":"OpenStreetMap/node/6706234383","sourceUpdatedAt":null,"verifiedAt":null}},{"type":"Feature","geometry":{"type":"Point","coordinates":[8.6704083,50.1555324]},"properties":{"id":"bikerack:b08bffed-52fc-4b50-93ba-951f2b833ea6","kind":"bikerack","longitude":8.6704083,"latitude":50.1555324,"name":"Fahrradabstellplatz","city":"Frankfurt am Main","address":null,"covered":false,"access":null,"website":null,"phone":null,"source":"OpenStreetMap/node/6308545742","sourceUpdatedAt":null,"verifiedAt":null}},{"type":"Feature","geometry":{"type":"Point","coordinates":[8.6896987,50.1495412]},"properties":{"id":"bikerack:b0f2d583-59af-4299-8ee9-bc46f31e4a3e","kind":"bikerack","longitude":8.6896987,"latitude":50.1495412,"name":"Fahrradabstellplatz","city":"Frankfurt am Main","address":null,"covered":false,"access":null,"website":null,"phone":null,"source":"OpenStreetMap/node/6725674863","sourceUpdatedAt":null,"verifiedAt":null}},{"type":"Feature","geometry":{"type":"Point","coordinates":[8.6898301,50.1488538]},"properties":{"id":"bikerack:b2881032-ccad-460f-9056-4ecc95f42337","kind":"bikerack","longitude":8.6898301,"latitude":50.1488538,"name":"Fahrradabstellplatz","city":"Frankfurt am Main","address":null,"covered":false,"access":null,"website":null,"phone":null,"source":"OpenStreetMap/way/715643249","sourceUpdatedAt":null,"verifiedAt":null}},{"type":"Feature","geometry":{"type":"Point","coordinates":[8.6913545,50.1488036]},"properties":{"id":"bikerack:b3303874-3bf0-4b85-af4e-4b311a835d90","kind":"bikerack","longitude":8.6913545,"latitude":50.1488036,"name":"Fahrradabstellplatz","city":"Frankfurt am Main","address":null,"covered":false,"access":null,"website":null,"phone":null,"source":"OpenStreetMap/node/6725704804","sourceUpdatedAt":null,"verifiedAt":null}},{"type":"Feature","geometry":{"type":"Point","coordinates":[8.6977618,50.1534073]},"properties":{"id":"bikerack:b47c5971-36d1-4ffe-ad65-fb55fc7f546e","kind":"bikerack","longitude":8.6977618,"latitude":50.1534073,"name":"Fahrradabstellplatz","city":"Frankfurt am Main","address":null,"covered":false,"access":null,"website":null,"phone":null,"source":"OpenStreetMap/node/6807673538","sourceUpdatedAt":null,"verifiedAt":null}},{"type":"Feature","geometry":{"type":"Point","coordinates":[8.6610401,50.1532583]},"properties":{"id":"bikerack:b5e207b5-4df6-4fa4-846e-c60bbb0048ba","kind":"bikerack","longitude":8.6610401,"latitude":50.1532583,"name":"Fahrradabstellplatz","city":"Frankfurt am Main","address":null,"covered":false,"access":null,"website":null,"phone":null,"source":"OpenStreetMap/node/1477993735","sourceUpdatedAt":null,"verifiedAt":null}},{"type":"Feature","geometry":{"type":"Point","coordinates":[8.6934179,50.1507602]},"properties":{"id":"bikerack:b607fe3e-d484-4582-afe6-4c487b7f355e","kind":"bikerack","longitude":8.6934179,"latitude":50.1507602,"name":"Fahrradabstellplatz","city":"Frankfurt am Main","address":null,"covered":false,"access":null,"website":null,"phone":null,"source":"OpenStreetMap/node/6617289058","sourceUpdatedAt":null,"verifiedAt":null}},{"type":"Feature","geometry":{"type":"Point","coordinates":[8.6912658,50.1502503]},"properties":{"id":"bikerack:b627c31b-9f3b-4bb6-b1b6-b2aa5be83cfa","kind":"bikerack","longitude":8.6912658,"latitude":50.1502503,"name":"Fahrradabstellplatz","city":"Frankfurt am Main","address":null,"covered":false,"access":null,"website":null,"phone":null,"source":"OpenStreetMap/node/6725706811","sourceUpdatedAt":null,"verifiedAt":null}},{"type":"Feature","geometry":{"type":"Point","coordinates":[8.6975315,50.1536649]},"properties":{"id":"bikerack:b6df3154-6c86-4382-9201-57668947b8d7","kind":"bikerack","longitude":8.6975315,"latitude":50.1536649,"name":"Fahrradabstellplatz","city":"Frankfurt am Main","address":null,"covered":false,"access":null,"website":null,"phone":null,"source":"OpenStreetMap/node/6807673531","sourceUpdatedAt":null,"verifiedAt":null}},{"type":"Feature","geometry":{"type":"Point","coordinates":[8.6968146,50.1537082]},"properties":{"id":"bikerack:b7e1b56e-424c-4f60-ad0b-338c23d113c3","kind":"bikerack","longitude":8.6968146,"latitude":50.1537082,"name":"Fahrradabstellplatz","city":"Frankfurt am Main","address":null,"covered":false,"access":null,"website":null,"phone":null,"source":"OpenStreetMap/node/6703088777","sourceUpdatedAt":null,"verifiedAt":null}},{"type":"Feature","geometry":{"type":"Point","coordinates":[8.6998195,50.1558786]},"properties":{"id":"bikerack:b7ef8019-634d-4e6e-8fdf-e266e65e217d","kind":"bikerack","longitude":8.6998195,"latitude":50.1558786,"name":"Fahrradabstellplatz","city":"Frankfurt am Main","address":null,"covered":false,"access":null,"website":null,"phone":null,"source":"OpenStreetMap/node/10630208875","sourceUpdatedAt":null,"verifiedAt":null}},{"type":"Feature","geometry":{"type":"Point","coordinates":[8.688359,50.1530637]},"properties":{"id":"bikerack:b870adf1-ae91-4be2-b5e6-ead5a24a7972","kind":"bikerack","longitude":8.688359,"latitude":50.1530637,"name":"Fahrradabstellplatz","city":"Frankfurt am Main","address":null,"covered":false,"access":null,"website":null,"phone":null,"source":"OpenStreetMap/node/7325859243","sourceUpdatedAt":null,"verifiedAt":null}},{"type":"Feature","geometry":{"type":"Point","coordinates":[8.6866269,50.1490012]},"properties":{"id":"bikerack:b9962b92-7052-465b-856f-7d04eb4715a1","kind":"bikerack","longitude":8.6866269,"latitude":50.1490012,"name":"Fahrradabstellplatz","city":"Frankfurt am Main","address":null,"covered":false,"access":null,"website":null,"phone":null,"source":"OpenStreetMap/node/6712009025","sourceUpdatedAt":null,"verifiedAt":null}},{"type":"Feature","geometry":{"type":"Point","coordinates":[8.6962876,50.1534147]},"properties":{"id":"bikerack:bab3843e-e65a-4800-becd-2541927cf3d7","kind":"bikerack","longitude":8.6962876,"latitude":50.1534147,"name":"Fahrradabstellplatz","city":"Frankfurt am Main","address":null,"covered":false,"access":null,"website":null,"phone":null,"source":"OpenStreetMap/node/6703161000","sourceUpdatedAt":null,"verifiedAt":null}},{"type":"Feature","geometry":{"type":"Point","coordinates":[8.6943845,50.153619]},"properties":{"id":"bikerack:bad2e665-c7bd-448f-bdda-02bf68277e34","kind":"bikerack","longitude":8.6943845,"latitude":50.153619,"name":"Fahrradabstellplatz","city":"Frankfurt am Main","address":null,"covered":false,"access":null,"website":null,"phone":null,"source":"OpenStreetMap/node/6703094116","sourceUpdatedAt":null,"verifiedAt":null}},{"type":"Feature","geometry":{"type":"Point","coordinates":[8.6947078,50.151937]},"properties":{"id":"bikerack:bb494ecc-75e5-4845-9d14-4bf6c62f92b0","kind":"bikerack","longitude":8.6947078,"latitude":50.151937,"name":"Fahrradabstellplatz","city":"Frankfurt am Main","address":null,"covered":false,"access":null,"website":null,"phone":null,"source":"OpenStreetMap/node/6621227739","sourceUpdatedAt":null,"verifiedAt":null}},{"type":"Feature","geometry":{"type":"Point","coordinates":[8.6940734,50.1506817]},"properties":{"id":"bikerack:bcba6a33-da71-460d-97b2-e2acd98ba966","kind":"bikerack","longitude":8.6940734,"latitude":50.1506817,"name":"Fahrradabstellplatz","city":"Frankfurt am Main","address":null,"covered":false,"access":null,"website":null,"phone":null,"source":"OpenStreetMap/node/6617289047","sourceUpdatedAt":null,"verifiedAt":null}},{"type":"Feature","geometry":{"type":"Point","coordinates":[8.6613257,50.1529395]},"properties":{"id":"bikerack:bcca1f3f-a3f6-46cb-bd87-6e85cf539099","kind":"bikerack","longitude":8.6613257,"latitude":50.1529395,"name":"Fahrradabstellplatz","city":"Frankfurt am Main","address":null,"covered":false,"access":null,"website":null,"phone":null,"source":"OpenStreetMap/node/6801074737","sourceUpdatedAt":null,"verifiedAt":null}},{"type":"Feature","geometry":{"type":"Point","coordinates":[8.6912598,50.1528463]},"properties":{"id":"bikerack:bd80ce0d-cf30-4868-aff5-bcd5f7d4f074","kind":"bikerack","longitude":8.6912598,"latitude":50.1528463,"name":"Fahrradabstellplatz","city":"Frankfurt am Main","address":null,"covered":false,"access":null,"website":null,"phone":null,"source":"OpenStreetMap/node/6709716683","sourceUpdatedAt":null,"verifiedAt":null}},{"type":"Feature","geometry":{"type":"Point","coordinates":[8.6942103,50.1517214]},"properties":{"id":"bikerack:be80a25f-e465-4ce5-871a-61fa6d0a7d61","kind":"bikerack","longitude":8.6942103,"latitude":50.1517214,"name":"Fahrradabstellplatz","city":"Frankfurt am Main","address":null,"covered":false,"access":null,"website":null,"phone":null,"source":"OpenStreetMap/node/6621227715","sourceUpdatedAt":null,"verifiedAt":null}},{"type":"Feature","geometry":{"type":"Point","coordinates":[8.6944929,50.1524943]},"properties":{"id":"bikerack:be938f6f-9dc6-40e9-956f-4d9cd2a09039","kind":"bikerack","longitude":8.6944929,"latitude":50.1524943,"name":"Fahrradabstellplatz","city":"Frankfurt am Main","address":null,"covered":false,"access":null,"website":null,"phone":null,"source":"OpenStreetMap/node/6703088492","sourceUpdatedAt":null,"verifiedAt":null}},{"type":"Feature","geometry":{"type":"Point","coordinates":[8.6795513,50.1669639]},"properties":{"id":"bikerack:befeb2c0-03ce-415a-95f8-44d256636e76","kind":"bikerack","longitude":8.6795513,"latitude":50.1669639,"name":"Fahrradabstellplatz","city":"Frankfurt am Main","address":null,"covered":false,"access":null,"website":null,"phone":null,"source":"OpenStreetMap/node/2329776521","sourceUpdatedAt":null,"verifiedAt":null}},{"type":"Feature","geometry":{"type":"Point","coordinates":[8.6942364,50.1516101]},"properties":{"id":"bikerack:bf43666b-e5e7-4d01-862a-87cec941e11c","kind":"bikerack","longitude":8.6942364,"latitude":50.1516101,"name":"Fahrradabstellplatz","city":"Frankfurt am Main","address":null,"covered":false,"access":null,"website":null,"phone":null,"source":"OpenStreetMap/node/6621227714","sourceUpdatedAt":null,"verifiedAt":null}},{"type":"Feature","geometry":{"type":"Point","coordinates":[8.6943141,50.1537883]},"properties":{"id":"bikerack:bf556d49-0e5e-4d0d-961b-5e1a2e34fc17","kind":"bikerack","longitude":8.6943141,"latitude":50.1537883,"name":"Fahrradabstellplatz","city":"Frankfurt am Main","address":null,"covered":false,"access":null,"website":null,"phone":null,"source":"OpenStreetMap/node/6703094115","sourceUpdatedAt":null,"verifiedAt":null}},{"type":"Feature","geometry":{"type":"Point","coordinates":[8.6999764,50.1554572]},"properties":{"id":"bikerack:bf6502ac-5dd7-41e1-a43b-309e7c628e42","kind":"bikerack","longitude":8.6999764,"latitude":50.1554572,"name":"Fahrradabstellplatz","city":"Frankfurt am Main","address":null,"covered":false,"access":null,"website":null,"phone":null,"source":"OpenStreetMap/node/10630208867","sourceUpdatedAt":null,"verifiedAt":null}},{"type":"Feature","geometry":{"type":"Point","coordinates":[8.6986214,50.1557538]},"properties":{"id":"bikerack:c0ce111d-ee3b-4d14-9dd7-a3115df3a30a","kind":"bikerack","longitude":8.6986214,"latitude":50.1557538,"name":"Fahrradabstellplatz","city":"Frankfurt am Main","address":null,"covered":true,"access":null,"website":null,"phone":null,"source":"OpenStreetMap/node/10630208884","sourceUpdatedAt":null,"verifiedAt":null}},{"type":"Feature","geometry":{"type":"Point","coordinates":[8.6914314,50.1487773]},"properties":{"id":"bikerack:c10e183c-4d8a-4b29-a4d3-b982cfa936e2","kind":"bikerack","longitude":8.6914314,"latitude":50.1487773,"name":"Fahrradabstellplatz","city":"Frankfurt am Main","address":null,"covered":false,"access":null,"website":null,"phone":null,"source":"OpenStreetMap/node/6725704805","sourceUpdatedAt":null,"verifiedAt":null}},{"type":"Feature","geometry":{"type":"Point","coordinates":[8.6884052,50.1561866]},"properties":{"id":"bikerack:c2d327c0-08e1-4baa-8807-59c44b4bb459","kind":"bikerack","longitude":8.6884052,"latitude":50.1561866,"name":"Fahrradabstellplatz","city":"Frankfurt am Main","address":null,"covered":false,"access":null,"website":null,"phone":null,"source":"OpenStreetMap/node/7434560366","sourceUpdatedAt":null,"verifiedAt":null}},{"type":"Feature","geometry":{"type":"Point","coordinates":[8.6947728,50.1516814]},"properties":{"id":"bikerack:c55f09dd-1155-4f0b-8ce3-8a4025d12d0e","kind":"bikerack","longitude":8.6947728,"latitude":50.1516814,"name":"Fahrradabstellplatz","city":"Frankfurt am Main","address":null,"covered":false,"access":null,"website":null,"phone":null,"source":"OpenStreetMap/node/6621227736","sourceUpdatedAt":null,"verifiedAt":null}},{"type":"Feature","geometry":{"type":"Point","coordinates":[8.6912182,50.150307]},"properties":{"id":"bikerack:c5f9b93f-0856-47b9-841a-dd19721faf91","kind":"bikerack","longitude":8.6912182,"latitude":50.150307,"name":"Fahrradabstellplatz","city":"Frankfurt am Main","address":null,"covered":false,"access":null,"website":null,"phone":null,"source":"OpenStreetMap/node/6725706810","sourceUpdatedAt":null,"verifiedAt":null}},{"type":"Feature","geometry":{"type":"Point","coordinates":[8.6881337,50.1497871]},"properties":{"id":"bikerack:c606c5f2-3d80-4bfd-af58-4435aa6e913f","kind":"bikerack","longitude":8.6881337,"latitude":50.1497871,"name":"Fahrradabstellplatz","city":"Frankfurt am Main","address":null,"covered":false,"access":null,"website":null,"phone":null,"source":"OpenStreetMap/node/6712009030","sourceUpdatedAt":null,"verifiedAt":null}},{"type":"Feature","geometry":{"type":"Point","coordinates":[8.6954622,50.1539565]},"properties":{"id":"bikerack:c60f7d91-4910-401d-88f6-623600d2bfe3","kind":"bikerack","longitude":8.6954622,"latitude":50.1539565,"name":"Fahrradabstellplatz","city":"Frankfurt am Main","address":null,"covered":false,"access":null,"website":null,"phone":null,"source":"OpenStreetMap/node/6703106593","sourceUpdatedAt":null,"verifiedAt":null}},{"type":"Feature","geometry":{"type":"Point","coordinates":[8.6803716,50.1502325]},"properties":{"id":"bikerack:c6479cef-d87e-4fa3-9259-db8490de4f12","kind":"bikerack","longitude":8.6803716,"latitude":50.1502325,"name":"Fahrradabstellplatz","city":"Frankfurt am Main","address":null,"covered":false,"access":null,"website":null,"phone":null,"source":"OpenStreetMap/node/9095180556","sourceUpdatedAt":null,"verifiedAt":null}},{"type":"Feature","geometry":{"type":"Point","coordinates":[8.6942881,50.1514485]},"properties":{"id":"bikerack:c7d97db6-adeb-4719-ae03-501dc67cbb46","kind":"bikerack","longitude":8.6942881,"latitude":50.1514485,"name":"Fahrradabstellplatz","city":"Frankfurt am Main","address":null,"covered":false,"access":null,"website":null,"phone":null,"source":"OpenStreetMap/node/6621227711","sourceUpdatedAt":null,"verifiedAt":null}},{"type":"Feature","geometry":{"type":"Point","coordinates":[8.6804654,50.1677088]},"properties":{"id":"bikerack:c90e74eb-fe14-4989-a315-c6b23761b6fd","kind":"bikerack","longitude":8.6804654,"latitude":50.1677088,"name":"Fahrradabstellplatz","city":"Frankfurt am Main","address":null,"covered":false,"access":null,"website":null,"phone":null,"source":"OpenStreetMap/node/2329776545","sourceUpdatedAt":null,"verifiedAt":null}},{"type":"Feature","geometry":{"type":"Point","coordinates":[8.660014,50.1541013]},"properties":{"id":"bikerack:c93315ae-1a3a-499a-862c-88509c1f568f","kind":"bikerack","longitude":8.660014,"latitude":50.1541013,"name":"Fahrradabstellplatz","city":"Frankfurt am Main","address":null,"covered":false,"access":null,"website":null,"phone":null,"source":"OpenStreetMap/node/12330446241","sourceUpdatedAt":null,"verifiedAt":null}},{"type":"Feature","geometry":{"type":"Point","coordinates":[8.6909967,50.1499868]},"properties":{"id":"bikerack:cb834863-df0f-4d30-9df5-84c5182cd8dd","kind":"bikerack","longitude":8.6909967,"latitude":50.1499868,"name":"Fahrradabstellplatz","city":"Frankfurt am Main","address":null,"covered":false,"access":null,"website":null,"phone":null,"source":"OpenStreetMap/node/6725704797","sourceUpdatedAt":null,"verifiedAt":null}},{"type":"Feature","geometry":{"type":"Point","coordinates":[8.6894793,50.1675539]},"properties":{"id":"bikerack:cc2b3bc3-3408-4df1-b930-4a9870482f0a","kind":"bikerack","longitude":8.6894793,"latitude":50.1675539,"name":"Fahrradabstellplatz","city":"Bad Vilbel","address":null,"covered":false,"access":null,"website":null,"phone":null,"source":"OpenStreetMap/node/11985523960","sourceUpdatedAt":null,"verifiedAt":null}},{"type":"Feature","geometry":{"type":"Point","coordinates":[8.6936624,50.1516209]},"properties":{"id":"bikerack:ce75892f-6451-42b9-94bb-a38dcb105f5c","kind":"bikerack","longitude":8.6936624,"latitude":50.1516209,"name":"Fahrradabstellplatz","city":"Frankfurt am Main","address":null,"covered":false,"access":null,"website":null,"phone":null,"source":"OpenStreetMap/node/6621257586","sourceUpdatedAt":null,"verifiedAt":null}},{"type":"Feature","geometry":{"type":"Point","coordinates":[8.6737148,50.15215]},"properties":{"id":"bikerack:cf54b605-0a57-4f3e-a75c-9baa288d0461","kind":"bikerack","longitude":8.6737148,"latitude":50.15215,"name":"Fahrradabstellplatz","city":"Frankfurt am Main","address":null,"covered":false,"access":null,"website":null,"phone":null,"source":"OpenStreetMap/node/12352345281","sourceUpdatedAt":null,"verifiedAt":null}},{"type":"Feature","geometry":{"type":"Point","coordinates":[8.6939279,50.1533116]},"properties":{"id":"bikerack:d114b21f-4189-442b-9ad6-e0c778b0e903","kind":"bikerack","longitude":8.6939279,"latitude":50.1533116,"name":"Fahrradabstellplatz","city":"Frankfurt am Main","address":null,"covered":false,"access":null,"website":null,"phone":null,"source":"OpenStreetMap/node/6703074314","sourceUpdatedAt":null,"verifiedAt":null}},{"type":"Feature","geometry":{"type":"Point","coordinates":[8.6997696,50.1558733]},"properties":{"id":"bikerack:d1c0db1a-99eb-43c5-b85d-d9ddeb482f99","kind":"bikerack","longitude":8.6997696,"latitude":50.1558733,"name":"Fahrradabstellplatz","city":"Frankfurt am Main","address":null,"covered":false,"access":null,"website":null,"phone":null,"source":"OpenStreetMap/node/10630208874","sourceUpdatedAt":null,"verifiedAt":null}},{"type":"Feature","geometry":{"type":"Point","coordinates":[8.664967,50.1490008]},"properties":{"id":"bikerack:d26b7a3c-e852-4e6d-83eb-5e2160c2afa6","kind":"bikerack","longitude":8.664967,"latitude":50.1490008,"name":"Fahrradabstellplatz","city":"Frankfurt am Main","address":null,"covered":false,"access":null,"website":null,"phone":null,"source":"OpenStreetMap/node/6767539635","sourceUpdatedAt":null,"verifiedAt":null}},{"type":"Feature","geometry":{"type":"Point","coordinates":[8.6800676,50.1661974]},"properties":{"id":"bikerack:d318b755-b23c-4de5-8d5e-46dd768385b3","kind":"bikerack","longitude":8.6800676,"latitude":50.1661974,"name":"Fahrradabstellplatz","city":"Frankfurt am Main","address":null,"covered":false,"access":null,"website":null,"phone":null,"source":"OpenStreetMap/node/12548653001","sourceUpdatedAt":null,"verifiedAt":null}},{"type":"Feature","geometry":{"type":"Point","coordinates":[8.6863144,50.1552798]},"properties":{"id":"bikerack:d31fd980-c844-46cd-8de5-4cfd0baf2bb4","kind":"bikerack","longitude":8.6863144,"latitude":50.1552798,"name":"Fahrradabstellplatz","city":"Frankfurt am Main","address":null,"covered":false,"access":null,"website":null,"phone":null,"source":"OpenStreetMap/node/7325859211","sourceUpdatedAt":null,"verifiedAt":null}},{"type":"Feature","geometry":{"type":"Point","coordinates":[8.6758866,50.1645585]},"properties":{"id":"bikerack:d3ee8b35-a427-487a-b69b-8efeec2a8e41","kind":"bikerack","longitude":8.6758866,"latitude":50.1645585,"name":"Fahrradabstellplatz","city":"Frankfurt am Main","address":null,"covered":false,"access":null,"website":null,"phone":null,"source":"OpenStreetMap/node/12548653101","sourceUpdatedAt":null,"verifiedAt":null}},{"type":"Feature","geometry":{"type":"Point","coordinates":[8.6877803,50.1678646]},"properties":{"id":"bikerack:d5d7969d-7177-4c1d-9812-c470133e36f0","kind":"bikerack","longitude":8.6877803,"latitude":50.1678646,"name":"Fahrradabstellplatz","city":"Bad Vilbel","address":null,"covered":false,"access":null,"website":null,"phone":null,"source":"OpenStreetMap/node/11985523958","sourceUpdatedAt":null,"verifiedAt":null}},{"type":"Feature","geometry":{"type":"Point","coordinates":[8.6969491,50.152191]},"properties":{"id":"bikerack:d8068337-454c-45c4-b89a-06c24c940acc","kind":"bikerack","longitude":8.6969491,"latitude":50.152191,"name":"Fahrradabstellplatz","city":"Frankfurt am Main","address":null,"covered":false,"access":null,"website":null,"phone":null,"source":"OpenStreetMap/node/6621207171","sourceUpdatedAt":null,"verifiedAt":null}},{"type":"Feature","geometry":{"type":"Point","coordinates":[8.6976729,50.1554362]},"properties":{"id":"bikerack:db411a39-57ea-44b8-9802-6010f5035975","kind":"bikerack","longitude":8.6976729,"latitude":50.1554362,"name":"Fahrradabstellplatz","city":"Frankfurt am Main","address":null,"covered":false,"access":null,"website":null,"phone":null,"source":"OpenStreetMap/node/6587076668","sourceUpdatedAt":null,"verifiedAt":null}},{"type":"Feature","geometry":{"type":"Point","coordinates":[8.6800864,50.1674658]},"properties":{"id":"bikerack:db5c5625-6771-433d-9e5b-91eaacfdbff3","kind":"bikerack","longitude":8.6800864,"latitude":50.1674658,"name":"Fahrradabstellplatz","city":"Frankfurt am Main","address":null,"covered":false,"access":null,"website":null,"phone":null,"source":"OpenStreetMap/node/2329776542","sourceUpdatedAt":null,"verifiedAt":null}},{"type":"Feature","geometry":{"type":"Point","coordinates":[8.6907258,50.1498678]},"properties":{"id":"bikerack:dbabb72f-fa5d-490d-827e-39f4b39fe432","kind":"bikerack","longitude":8.6907258,"latitude":50.1498678,"name":"Fahrradabstellplatz","city":"Frankfurt am Main","address":null,"covered":false,"access":null,"website":null,"phone":null,"source":"OpenStreetMap/node/6725704795","sourceUpdatedAt":null,"verifiedAt":null}},{"type":"Feature","geometry":{"type":"Point","coordinates":[8.6603232,50.1538422]},"properties":{"id":"bikerack:dcb8ee4d-bd68-48ca-90d7-390b9d60ddbf","kind":"bikerack","longitude":8.6603232,"latitude":50.1538422,"name":"Fahrradabstellplatz","city":"Frankfurt am Main","address":null,"covered":false,"access":null,"website":null,"phone":null,"source":"OpenStreetMap/node/6483987898","sourceUpdatedAt":null,"verifiedAt":null}},{"type":"Feature","geometry":{"type":"Point","coordinates":[8.6797057,50.1668278]},"properties":{"id":"bikerack:de38f345-badf-43e7-b2ca-c131157df010","kind":"bikerack","longitude":8.6797057,"latitude":50.1668278,"name":"Fahrradabstellplatz","city":"Frankfurt am Main","address":null,"covered":false,"access":null,"website":null,"phone":null,"source":"OpenStreetMap/node/2329776513","sourceUpdatedAt":null,"verifiedAt":null}},{"type":"Feature","geometry":{"type":"Point","coordinates":[8.6884012,50.150637]},"properties":{"id":"bikerack:df1e62b2-5d96-41a3-ac15-34edf852e6b7","kind":"bikerack","longitude":8.6884012,"latitude":50.150637,"name":"Fahrradabstellplatz","city":"Frankfurt am Main","address":null,"covered":false,"access":null,"website":null,"phone":null,"source":"OpenStreetMap/node/6712009029","sourceUpdatedAt":null,"verifiedAt":null}},{"type":"Feature","geometry":{"type":"Point","coordinates":[8.6899817,50.1488396]},"properties":{"id":"bikerack:e0060ef4-046a-49db-ad3e-f588a40d6281","kind":"bikerack","longitude":8.6899817,"latitude":50.1488396,"name":"Fahrradabstellplatz","city":"Frankfurt am Main","address":null,"covered":false,"access":null,"website":null,"phone":null,"source":"OpenStreetMap/node/6725698230","sourceUpdatedAt":null,"verifiedAt":null}},{"type":"Feature","geometry":{"type":"Point","coordinates":[8.6904994,50.1491185]},"properties":{"id":"bikerack:e03cd309-8e21-43a1-b354-fc8c29d14aa8","kind":"bikerack","longitude":8.6904994,"latitude":50.1491185,"name":"Fahrradabstellplatz","city":"Frankfurt am Main","address":null,"covered":false,"access":null,"website":null,"phone":null,"source":"OpenStreetMap/node/6725698234","sourceUpdatedAt":null,"verifiedAt":null}},{"type":"Feature","geometry":{"type":"Point","coordinates":[8.6934493,50.1528131]},"properties":{"id":"bikerack:e17c5044-3208-4950-b34a-d4b7e557fb08","kind":"bikerack","longitude":8.6934493,"latitude":50.1528131,"name":"Fahrradabstellplatz","city":"Frankfurt am Main","address":null,"covered":false,"access":null,"website":null,"phone":null,"source":"OpenStreetMap/node/12000307399","sourceUpdatedAt":null,"verifiedAt":null}},{"type":"Feature","geometry":{"type":"Point","coordinates":[8.694919,50.1511496]},"properties":{"id":"bikerack:e22b6250-df4c-4b24-a46d-4f91ffa39b13","kind":"bikerack","longitude":8.694919,"latitude":50.1511496,"name":"Fahrradabstellplatz","city":"Frankfurt am Main","address":null,"covered":false,"access":null,"website":null,"phone":null,"source":"OpenStreetMap/node/6617302092","sourceUpdatedAt":null,"verifiedAt":null}},{"type":"Feature","geometry":{"type":"Point","coordinates":[8.6936925,50.1514903]},"properties":{"id":"bikerack:e3c1b311-f47f-403e-a2db-cc1837135a9e","kind":"bikerack","longitude":8.6936925,"latitude":50.1514903,"name":"Fahrradabstellplatz","city":"Frankfurt am Main","address":null,"covered":false,"access":null,"website":null,"phone":null,"source":"OpenStreetMap/node/6621219884","sourceUpdatedAt":null,"verifiedAt":null}},{"type":"Feature","geometry":{"type":"Point","coordinates":[8.7002183,50.1511113]},"properties":{"id":"bikerack:e56e7779-2ddb-4a5a-ab9c-350be5992c56","kind":"bikerack","longitude":8.7002183,"latitude":50.1511113,"name":"Fahrradabstellplatz","city":"Frankfurt am Main","address":null,"covered":false,"access":null,"website":null,"phone":null,"source":"OpenStreetMap/node/6185951218","sourceUpdatedAt":null,"verifiedAt":null}},{"type":"Feature","geometry":{"type":"Point","coordinates":[8.6885981,50.152118]},"properties":{"id":"bikerack:e5c49d1b-1903-4565-aff1-2e6a7c856a2f","kind":"bikerack","longitude":8.6885981,"latitude":50.152118,"name":"Fahrradabstellplatz","city":"Frankfurt am Main","address":null,"covered":false,"access":null,"website":null,"phone":null,"source":"OpenStreetMap/node/7325859252","sourceUpdatedAt":null,"verifiedAt":null}},{"type":"Feature","geometry":{"type":"Point","coordinates":[8.6969994,50.1520144]},"properties":{"id":"bikerack:eaa9eef4-e5af-4fc7-b20d-92ad9acb1052","kind":"bikerack","longitude":8.6969994,"latitude":50.1520144,"name":"Fahrradabstellplatz","city":"Frankfurt am Main","address":null,"covered":false,"access":null,"website":null,"phone":null,"source":"OpenStreetMap/node/6621207170","sourceUpdatedAt":null,"verifiedAt":null}},{"type":"Feature","geometry":{"type":"Point","coordinates":[8.6887473,50.1513041]},"properties":{"id":"bikerack:ec4a8b43-b7e1-48c4-82ed-256eb24a2b7b","kind":"bikerack","longitude":8.6887473,"latitude":50.1513041,"name":"Fahrradabstellplatz","city":"Frankfurt am Main","address":null,"covered":false,"access":null,"website":null,"phone":null,"source":"OpenStreetMap/node/7325859261","sourceUpdatedAt":null,"verifiedAt":null}},{"type":"Feature","geometry":{"type":"Point","coordinates":[8.6974892,50.1525313]},"properties":{"id":"bikerack:eca439a7-f060-4508-a3e9-937f10282933","kind":"bikerack","longitude":8.6974892,"latitude":50.1525313,"name":"Fahrradabstellplatz","city":"Frankfurt am Main","address":null,"covered":false,"access":null,"website":null,"phone":null,"source":"OpenStreetMap/node/6587089104","sourceUpdatedAt":null,"verifiedAt":null}},{"type":"Feature","geometry":{"type":"Point","coordinates":[8.6974816,50.1522916]},"properties":{"id":"bikerack:edb1c7d0-2246-47e6-bfdf-f3f073138a14","kind":"bikerack","longitude":8.6974816,"latitude":50.1522916,"name":"Fahrradabstellplatz","city":"Frankfurt am Main","address":null,"covered":false,"access":null,"website":null,"phone":null,"source":"OpenStreetMap/node/6621207172","sourceUpdatedAt":null,"verifiedAt":null}},{"type":"Feature","geometry":{"type":"Point","coordinates":[8.6964708,50.1518945]},"properties":{"id":"bikerack:ee677a4b-2ccb-4151-a7bc-7375f6648161","kind":"bikerack","longitude":8.6964708,"latitude":50.1518945,"name":"Fahrradabstellplatz","city":"Frankfurt am Main","address":null,"covered":false,"access":null,"website":null,"phone":null,"source":"OpenStreetMap/node/6621238436","sourceUpdatedAt":null,"verifiedAt":null}},{"type":"Feature","geometry":{"type":"Point","coordinates":[8.6878269,50.158907]},"properties":{"id":"bikerack:f2806310-94b4-4ba3-b11a-f2e959d5346d","kind":"bikerack","longitude":8.6878269,"latitude":50.158907,"name":"Fahrradabstellplatz","city":"Frankfurt am Main","address":null,"covered":true,"access":null,"website":null,"phone":null,"source":"OpenStreetMap/node/1127940568","sourceUpdatedAt":null,"verifiedAt":null}},{"type":"Feature","geometry":{"type":"Point","coordinates":[8.6928564,50.1507195]},"properties":{"id":"bikerack:f2c94f0e-f5d1-4b4d-9056-db686745a781","kind":"bikerack","longitude":8.6928564,"latitude":50.1507195,"name":"Fahrradabstellplatz","city":"Frankfurt am Main","address":null,"covered":false,"access":null,"website":null,"phone":null,"source":"OpenStreetMap/node/6617289078","sourceUpdatedAt":null,"verifiedAt":null}},{"type":"Feature","geometry":{"type":"Point","coordinates":[8.688485,50.1490584]},"properties":{"id":"bikerack:f3d85953-3794-46c1-aae1-05bc49a6514b","kind":"bikerack","longitude":8.688485,"latitude":50.1490584,"name":"Fahrradabstellplatz","city":"Frankfurt am Main","address":null,"covered":false,"access":null,"website":null,"phone":null,"source":"OpenStreetMap/node/6712009033","sourceUpdatedAt":null,"verifiedAt":null}},{"type":"Feature","geometry":{"type":"Point","coordinates":[8.6911297,50.1489123]},"properties":{"id":"bikerack:f3db5745-fd3b-4a11-a5dd-465bf954e153","kind":"bikerack","longitude":8.6911297,"latitude":50.1489123,"name":"Fahrradabstellplatz","city":"Frankfurt am Main","address":null,"covered":false,"access":null,"website":null,"phone":null,"source":"OpenStreetMap/node/6725704802","sourceUpdatedAt":null,"verifiedAt":null}},{"type":"Feature","geometry":{"type":"Point","coordinates":[8.6752365,50.1670278]},"properties":{"id":"bikerack:f3f0a98e-0113-403b-915a-afa4162a3799","kind":"bikerack","longitude":8.6752365,"latitude":50.1670278,"name":"Fahrradabstellplatz","city":"Frankfurt am Main","address":null,"covered":false,"access":null,"website":null,"phone":null,"source":"OpenStreetMap/node/11985523957","sourceUpdatedAt":null,"verifiedAt":null}},{"type":"Feature","geometry":{"type":"Point","coordinates":[8.6976073,50.1556324]},"properties":{"id":"bikerack:f4612408-70c4-43d7-b028-308db2397067","kind":"bikerack","longitude":8.6976073,"latitude":50.1556324,"name":"Fahrradabstellplatz","city":"Frankfurt am Main","address":null,"covered":false,"access":null,"website":null,"phone":null,"source":"OpenStreetMap/node/6587076666","sourceUpdatedAt":null,"verifiedAt":null}},{"type":"Feature","geometry":{"type":"Point","coordinates":[8.693722,50.1513704]},"properties":{"id":"bikerack:f4f18f5b-5a0d-494c-9008-72ddbc5d6752","kind":"bikerack","longitude":8.693722,"latitude":50.1513704,"name":"Fahrradabstellplatz","city":"Frankfurt am Main","address":null,"covered":false,"access":null,"website":null,"phone":null,"source":"OpenStreetMap/node/6621219883","sourceUpdatedAt":null,"verifiedAt":null}},{"type":"Feature","geometry":{"type":"Point","coordinates":[8.6955248,50.154603]},"properties":{"id":"bikerack:f6ad5f3a-d298-4894-948c-74bb93c4e1fb","kind":"bikerack","longitude":8.6955248,"latitude":50.154603,"name":"Fahrradabstellplatz","city":"Frankfurt am Main","address":null,"covered":false,"access":null,"website":null,"phone":null,"source":"OpenStreetMap/node/6706940117","sourceUpdatedAt":null,"verifiedAt":null}},{"type":"Feature","geometry":{"type":"Point","coordinates":[8.6952657,50.1518508]},"properties":{"id":"bikerack:f6c59753-6493-4619-86f4-7bcbd7386945","kind":"bikerack","longitude":8.6952657,"latitude":50.1518508,"name":"Fahrradabstellplatz","city":"Frankfurt am Main","address":null,"covered":false,"access":null,"website":null,"phone":null,"source":"OpenStreetMap/node/6621238406","sourceUpdatedAt":null,"verifiedAt":null}},{"type":"Feature","geometry":{"type":"Point","coordinates":[8.6802224,50.167444]},"properties":{"id":"bikerack:f85451c5-41f4-43a7-bf55-7c3e2e908e26","kind":"bikerack","longitude":8.6802224,"latitude":50.167444,"name":"Fahrradabstellplatz","city":"Frankfurt am Main","address":null,"covered":false,"access":null,"website":null,"phone":null,"source":"OpenStreetMap/node/2329776538","sourceUpdatedAt":null,"verifiedAt":null}},{"type":"Feature","geometry":{"type":"Point","coordinates":[8.6584155,50.1555385]},"properties":{"id":"bikerack:f89eee71-8217-4640-97cb-5309d9b3c0bb","kind":"bikerack","longitude":8.6584155,"latitude":50.1555385,"name":"Fahrradabstellplatz","city":"Frankfurt am Main","address":null,"covered":false,"access":null,"website":null,"phone":null,"source":"OpenStreetMap/node/6801074741","sourceUpdatedAt":null,"verifiedAt":null}},{"type":"Feature","geometry":{"type":"Point","coordinates":[8.6949364,50.1537345]},"properties":{"id":"bikerack:f8c4a9c9-d2f8-44d0-8a46-5e3aec4e737b","kind":"bikerack","longitude":8.6949364,"latitude":50.1537345,"name":"Fahrradabstellplatz","city":"Frankfurt am Main","address":null,"covered":false,"access":null,"website":null,"phone":null,"source":"OpenStreetMap/node/6703080546","sourceUpdatedAt":null,"verifiedAt":null}},{"type":"Feature","geometry":{"type":"Point","coordinates":[8.6897284,50.1525876]},"properties":{"id":"bikerack:f97ba3c9-b9d4-4834-bcb3-e428e0ea2bc3","kind":"bikerack","longitude":8.6897284,"latitude":50.1525876,"name":"Fahrradabstellplatz","city":"Frankfurt am Main","address":null,"covered":false,"access":null,"website":null,"phone":null,"source":"OpenStreetMap/node/7371739233","sourceUpdatedAt":null,"verifiedAt":null}},{"type":"Feature","geometry":{"type":"Point","coordinates":[8.6996908,50.1565432]},"properties":{"id":"bikerack:fb2c3617-e6d1-403b-9ee1-dc2e33d6db25","kind":"bikerack","longitude":8.6996908,"latitude":50.1565432,"name":"Fahrradabstellplatz","city":"Bad Vilbel","address":null,"covered":false,"access":null,"website":null,"phone":null,"source":"OpenStreetMap/node/7368445285","sourceUpdatedAt":null,"verifiedAt":null}},{"type":"Feature","geometry":{"type":"Point","coordinates":[8.6998475,50.1554811]},"properties":{"id":"bikerack:fb40ab64-1c6f-4382-a01d-35805c7179ed","kind":"bikerack","longitude":8.6998475,"latitude":50.1554811,"name":"Fahrradabstellplatz","city":"Frankfurt am Main","address":null,"covered":false,"access":null,"website":null,"phone":null,"source":"OpenStreetMap/node/10630208863","sourceUpdatedAt":null,"verifiedAt":null}},{"type":"Feature","geometry":{"type":"Point","coordinates":[8.692912,50.1546428]},"properties":{"id":"bikerack:fbd7693c-8d83-4f2d-ae26-dd34d7bce929","kind":"bikerack","longitude":8.692912,"latitude":50.1546428,"name":"Fahrradabstellplatz","city":"Frankfurt am Main","address":null,"covered":false,"access":null,"website":null,"phone":null,"source":"OpenStreetMap/node/6706778853","sourceUpdatedAt":null,"verifiedAt":null}},{"type":"Feature","geometry":{"type":"Point","coordinates":[8.6898382,50.1516724]},"properties":{"id":"bikerack:fc22f9af-745b-4e5d-926b-baa93bbf00d9","kind":"bikerack","longitude":8.6898382,"latitude":50.1516724,"name":"Fahrradabstellplatz","city":"Frankfurt am Main","address":null,"covered":false,"access":null,"website":null,"phone":null,"source":"OpenStreetMap/node/7371739261","sourceUpdatedAt":null,"verifiedAt":null}},{"type":"Feature","geometry":{"type":"Point","coordinates":[8.6976998,50.1536894]},"properties":{"id":"bikerack:fcb0e2f6-d421-4e82-98c4-b70280fa5784","kind":"bikerack","longitude":8.6976998,"latitude":50.1536894,"name":"Fahrradabstellplatz","city":"Frankfurt am Main","address":null,"covered":false,"access":null,"website":null,"phone":null,"source":"OpenStreetMap/node/6807673530","sourceUpdatedAt":null,"verifiedAt":null}},{"type":"Feature","geometry":{"type":"Point","coordinates":[8.6849351,50.1501957]},"properties":{"id":"bikerack:fd317f9d-4062-4053-84a4-927ee0dba36f","kind":"bikerack","longitude":8.6849351,"latitude":50.1501957,"name":"Fahrradabstellplatz","city":"Frankfurt am Main","address":null,"covered":false,"access":null,"website":null,"phone":null,"source":"OpenStreetMap/node/8918718938","sourceUpdatedAt":null,"verifiedAt":null}},{"type":"Feature","geometry":{"type":"Point","coordinates":[8.6997114,50.1558207]},"properties":{"id":"bikerack:fd8fda14-79fb-45a1-baf5-ff6666ac4cf2","kind":"bikerack","longitude":8.6997114,"latitude":50.1558207,"name":"Fahrradabstellplatz","city":"Frankfurt am Main","address":null,"covered":false,"access":null,"website":null,"phone":null,"source":"OpenStreetMap/node/10630208871","sourceUpdatedAt":null,"verifiedAt":null}},{"type":"Feature","geometry":{"type":"Point","coordinates":[8.6936302,50.1517554]},"properties":{"id":"bikerack:fe55c011-f788-46d6-909a-2e53dc248a85","kind":"bikerack","longitude":8.6936302,"latitude":50.1517554,"name":"Fahrradabstellplatz","city":"Frankfurt am Main","address":null,"covered":false,"access":null,"website":null,"phone":null,"source":"OpenStreetMap/node/6621257588","sourceUpdatedAt":null,"verifiedAt":null}},{"type":"Feature","geometry":{"type":"Point","coordinates":[8.6597008,50.1539097]},"properties":{"id":"service:d07b359b-69c4-4c69-b88c-554ba7c34b5d","kind":"service","longitude":8.6597008,"latitude":50.1539097,"name":"Gnewikow Fülberth Radsport","city":"Frankfurt am Main","address":null,"covered":null,"access":null,"website":null,"phone":null,"source":"OpenStreetMap/node/330486299","sourceUpdatedAt":null,"verifiedAt":null}}]}