{"type":"FeatureCollection","features":[{"type":"Feature","geometry":{"type":"Point","coordinates":[8.6758263,50.104899]},"properties":{"id":"bikerack:002e5806-a657-4c14-8d61-9de8b7201ca1","kind":"bikerack","longitude":8.6758263,"latitude":50.104899,"name":"Fahrradabstellplatz","city":"Frankfurt am Main","address":null,"covered":false,"access":null,"website":null,"phone":null,"source":"OpenStreetMap/node/6712588701","sourceUpdatedAt":null,"verifiedAt":null}},{"type":"Feature","geometry":{"type":"Point","coordinates":[8.6865437,50.1112879]},"properties":{"id":"bikerack:005ad556-15d1-4738-bc81-c6eb0b81d257","kind":"bikerack","longitude":8.6865437,"latitude":50.1112879,"name":"Fahrradabstellplatz","city":"Frankfurt am Main","address":null,"covered":false,"access":null,"website":null,"phone":null,"source":"OpenStreetMap/node/8575210156","sourceUpdatedAt":null,"verifiedAt":null}},{"type":"Feature","geometry":{"type":"Point","coordinates":[8.6847184,50.1116475]},"properties":{"id":"bikerack:00609e58-bf4f-4095-b460-34c5831e52c4","kind":"bikerack","longitude":8.6847184,"latitude":50.1116475,"name":"Fahrradabstellplatz","city":"Frankfurt am Main","address":null,"covered":false,"access":null,"website":null,"phone":null,"source":"OpenStreetMap/node/9941731700","sourceUpdatedAt":null,"verifiedAt":null}},{"type":"Feature","geometry":{"type":"Point","coordinates":[8.6584253,50.0993301]},"properties":{"id":"bikerack:007a349a-b5c5-4342-a0d9-8dd1b8d88293","kind":"bikerack","longitude":8.6584253,"latitude":50.0993301,"name":"Fahrradabstellplatz","city":"Frankfurt am Main","address":null,"covered":false,"access":null,"website":null,"phone":null,"source":"OpenStreetMap/node/12704083262","sourceUpdatedAt":null,"verifiedAt":null}},{"type":"Feature","geometry":{"type":"Point","coordinates":[8.6865304,50.1025869]},"properties":{"id":"bikerack:007dfc84-483d-442f-8c6f-e680747a3ead","kind":"bikerack","longitude":8.6865304,"latitude":50.1025869,"name":"Fahrradabstellplatz","city":"Frankfurt am Main","address":null,"covered":false,"access":null,"website":null,"phone":null,"source":"OpenStreetMap/node/7434499628","sourceUpdatedAt":null,"verifiedAt":null}},{"type":"Feature","geometry":{"type":"Point","coordinates":[8.689896,50.1162512]},"properties":{"id":"bikerack:00b7149d-4b95-45f6-8e48-eb79ed825306","kind":"bikerack","longitude":8.689896,"latitude":50.1162512,"name":"Fahrradabstellplatz","city":"Frankfurt am Main","address":null,"covered":false,"access":null,"website":null,"phone":null,"source":"OpenStreetMap/node/7249324943","sourceUpdatedAt":null,"verifiedAt":null}},{"type":"Feature","geometry":{"type":"Point","coordinates":[8.6940119,50.0970197]},"properties":{"id":"bikerack:014c9676-8bef-4308-b488-c94d456d7600","kind":"bikerack","longitude":8.6940119,"latitude":50.0970197,"name":"Fahrradabstellplatz","city":"Frankfurt am Main","address":null,"covered":false,"access":null,"website":null,"phone":null,"source":"OpenStreetMap/node/6789244517","sourceUpdatedAt":null,"verifiedAt":null}},{"type":"Feature","geometry":{"type":"Point","coordinates":[8.6878835,50.1103437]},"properties":{"id":"bikerack:01e018e4-0989-4cf8-b424-556e2a39e09a","kind":"bikerack","longitude":8.6878835,"latitude":50.1103437,"name":"Fahrradabstellplatz","city":"Frankfurt am Main","address":null,"covered":false,"access":null,"website":null,"phone":null,"source":"OpenStreetMap/node/6712588709","sourceUpdatedAt":null,"verifiedAt":null}},{"type":"Feature","geometry":{"type":"Point","coordinates":[8.6882344,50.1146806]},"properties":{"id":"bikerack:01f6b6ef-19f6-44fd-954b-7b490718e2c2","kind":"bikerack","longitude":8.6882344,"latitude":50.1146806,"name":"Fahrradabstellplatz","city":"Frankfurt am Main","address":null,"covered":false,"access":null,"website":null,"phone":null,"source":"OpenStreetMap/node/1199382085","sourceUpdatedAt":null,"verifiedAt":null}},{"type":"Feature","geometry":{"type":"Point","coordinates":[8.6711125,50.1181123]},"properties":{"id":"bikerack:02946a23-0cc6-4135-b070-86026c1bfab0","kind":"bikerack","longitude":8.6711125,"latitude":50.1181123,"name":"Fahrradabstellplatz","city":"Frankfurt am Main","address":null,"covered":false,"access":null,"website":null,"phone":null,"source":"OpenStreetMap/node/1551000021","sourceUpdatedAt":null,"verifiedAt":null}},{"type":"Feature","geometry":{"type":"Point","coordinates":[8.6770149,50.1091918]},"properties":{"id":"bikerack:029e8080-6c49-4e51-a9e1-fdf386aab749","kind":"bikerack","longitude":8.6770149,"latitude":50.1091918,"name":"Fahrradabstellplatz","city":"Frankfurt am Main","address":null,"covered":false,"access":null,"website":null,"phone":null,"source":"OpenStreetMap/node/7215095152","sourceUpdatedAt":null,"verifiedAt":null}},{"type":"Feature","geometry":{"type":"Point","coordinates":[8.6972925,50.1036387]},"properties":{"id":"bikerack:031ad7f9-07cf-4b35-98ba-1ad3e0dd54f2","kind":"bikerack","longitude":8.6972925,"latitude":50.1036387,"name":"Fahrradabstellplatz","city":"Frankfurt am Main","address":null,"covered":false,"access":null,"website":null,"phone":null,"source":"OpenStreetMap/node/12091542725","sourceUpdatedAt":null,"verifiedAt":null}},{"type":"Feature","geometry":{"type":"Point","coordinates":[8.6955896,50.1201296]},"properties":{"id":"bikerack:03368101-ead2-41f3-91c0-6f94690933c5","kind":"bikerack","longitude":8.6955896,"latitude":50.1201296,"name":"Fahrradabstellplatz","city":"Frankfurt am Main","address":null,"covered":false,"access":null,"website":null,"phone":null,"source":"OpenStreetMap/node/1141204518","sourceUpdatedAt":null,"verifiedAt":null}},{"type":"Feature","geometry":{"type":"Point","coordinates":[8.6887832,50.1148879]},"properties":{"id":"bikerack:036c4a96-e1aa-43e7-a7ef-8c9be018fcb1","kind":"bikerack","longitude":8.6887832,"latitude":50.1148879,"name":"Fahrradabstellplatz","city":"Frankfurt am Main","address":null,"covered":false,"access":null,"website":null,"phone":null,"source":"OpenStreetMap/node/6355945531","sourceUpdatedAt":null,"verifiedAt":null}},{"type":"Feature","geometry":{"type":"Point","coordinates":[8.6643884,50.1156592]},"properties":{"id":"bikerack:036dcfee-3b85-4e4c-8a86-2ded7aa942a0","kind":"bikerack","longitude":8.6643884,"latitude":50.1156592,"name":"Fahrradabstellplatz","city":"Frankfurt am Main","address":null,"covered":false,"access":null,"website":null,"phone":null,"source":"OpenStreetMap/node/10171513602","sourceUpdatedAt":null,"verifiedAt":null}},{"type":"Feature","geometry":{"type":"Point","coordinates":[8.6876683,50.1145207]},"properties":{"id":"bikerack:03c8dbbe-bd91-435c-8d2b-57e30ded3e39","kind":"bikerack","longitude":8.6876683,"latitude":50.1145207,"name":"Fahrradabstellplatz","city":"Frankfurt am Main","address":null,"covered":false,"access":null,"website":null,"phone":null,"source":"OpenStreetMap/node/6278286970","sourceUpdatedAt":null,"verifiedAt":null}},{"type":"Feature","geometry":{"type":"Point","coordinates":[8.683957,50.1006073]},"properties":{"id":"bikerack:03df9f80-5708-4f99-9bed-3d88ab2b9286","kind":"bikerack","longitude":8.683957,"latitude":50.1006073,"name":"Fahrradabstellplatz","city":"Frankfurt am Main","address":null,"covered":false,"access":null,"website":null,"phone":null,"source":"OpenStreetMap/node/8621727992","sourceUpdatedAt":null,"verifiedAt":null}},{"type":"Feature","geometry":{"type":"Point","coordinates":[8.6829567,50.1133318]},"properties":{"id":"bikerack:0470815d-edb1-4c94-8dd1-f06577283dca","kind":"bikerack","longitude":8.6829567,"latitude":50.1133318,"name":"Fahrradabstellplatz","city":"Frankfurt am Main","address":null,"covered":false,"access":null,"website":null,"phone":null,"source":"OpenStreetMap/node/8065554783","sourceUpdatedAt":null,"verifiedAt":null}},{"type":"Feature","geometry":{"type":"Point","coordinates":[8.6573088,50.094466]},"properties":{"id":"bikerack:04b65c1e-e4e5-416f-857a-9d8274f5d928","kind":"bikerack","longitude":8.6573088,"latitude":50.094466,"name":"Fahrradabstellplatz","city":"Niederrad","address":null,"covered":false,"access":null,"website":null,"phone":null,"source":"OpenStreetMap/node/13125027070","sourceUpdatedAt":null,"verifiedAt":null}},{"type":"Feature","geometry":{"type":"Point","coordinates":[8.688762,50.1024493]},"properties":{"id":"bikerack:04bb50a9-ba42-4c34-9afb-c1115fc66972","kind":"bikerack","longitude":8.688762,"latitude":50.1024493,"name":"Fahrradabstellplatz","city":"Frankfurt am Main","address":null,"covered":false,"access":null,"website":null,"phone":null,"source":"OpenStreetMap/node/7716810220","sourceUpdatedAt":null,"verifiedAt":null}},{"type":"Feature","geometry":{"type":"Point","coordinates":[8.6833396,50.1117424]},"properties":{"id":"bikerack:05197114-9313-4048-b0dd-f521d467a2d6","kind":"bikerack","longitude":8.6833396,"latitude":50.1117424,"name":"Fahrradabstellplatz","city":"Frankfurt am Main","address":null,"covered":false,"access":null,"website":null,"phone":null,"source":"OpenStreetMap/node/9995248960","sourceUpdatedAt":null,"verifiedAt":null}},{"type":"Feature","geometry":{"type":"Point","coordinates":[8.6897811,50.1163274]},"properties":{"id":"bikerack:054507bc-5deb-40b3-a455-818c60c6677c","kind":"bikerack","longitude":8.6897811,"latitude":50.1163274,"name":"Fahrradabstellplatz","city":"Frankfurt am Main","address":null,"covered":false,"access":null,"website":null,"phone":null,"source":"OpenStreetMap/node/7249324944","sourceUpdatedAt":null,"verifiedAt":null}},{"type":"Feature","geometry":{"type":"Point","coordinates":[8.6820485,50.1023232]},"properties":{"id":"bikerack:0556738d-2504-4fc0-b9a3-31ceb965f98d","kind":"bikerack","longitude":8.6820485,"latitude":50.1023232,"name":"Fahrradabstellplatz","city":"Frankfurt am Main","address":null,"covered":false,"access":null,"website":null,"phone":null,"source":"OpenStreetMap/node/8951229922","sourceUpdatedAt":null,"verifiedAt":null}},{"type":"Feature","geometry":{"type":"Point","coordinates":[8.6769499,50.109349]},"properties":{"id":"bikerack:060a2103-3ed4-43d9-8059-c68e487870cd","kind":"bikerack","longitude":8.6769499,"latitude":50.109349,"name":"Fahrradabstellplatz","city":"Frankfurt am Main","address":null,"covered":false,"access":null,"website":null,"phone":null,"source":"OpenStreetMap/node/7215095147","sourceUpdatedAt":null,"verifiedAt":null}},{"type":"Feature","geometry":{"type":"Point","coordinates":[8.6611452,50.1160675]},"properties":{"id":"bikerack:0646fa20-25a3-445c-aa54-268402f42496","kind":"bikerack","longitude":8.6611452,"latitude":50.1160675,"name":"Fahrradabstellplatz","city":"Frankfurt am Main","address":null,"covered":false,"access":null,"website":null,"phone":null,"source":"OpenStreetMap/node/10126392595","sourceUpdatedAt":null,"verifiedAt":null}},{"type":"Feature","geometry":{"type":"Point","coordinates":[8.6830602,50.1132625]},"properties":{"id":"bikerack:068cc254-083b-425f-93ae-2ad589f6bfd0","kind":"bikerack","longitude":8.6830602,"latitude":50.1132625,"name":"Fahrradabstellplatz","city":"Frankfurt am Main","address":null,"covered":false,"access":null,"website":null,"phone":null,"source":"OpenStreetMap/node/13730552007","sourceUpdatedAt":null,"verifiedAt":null}},{"type":"Feature","geometry":{"type":"Point","coordinates":[8.6854722,50.1167523]},"properties":{"id":"bikerack:06a0a5e4-f183-4a07-a8c2-383a5a23ac14","kind":"bikerack","longitude":8.6854722,"latitude":50.1167523,"name":"Fahrradabstellplatz","city":"Frankfurt am Main","address":null,"covered":false,"access":null,"website":null,"phone":null,"source":"OpenStreetMap/node/6776236319","sourceUpdatedAt":null,"verifiedAt":null}},{"type":"Feature","geometry":{"type":"Point","coordinates":[8.6904853,50.0997571]},"properties":{"id":"bikerack:06d3f837-7151-4261-9bdd-fb58ebc6caee","kind":"bikerack","longitude":8.6904853,"latitude":50.0997571,"name":"Fahrradabstellplatz","city":"Frankfurt am Main","address":null,"covered":false,"access":null,"website":null,"phone":null,"source":"OpenStreetMap/node/7562750059","sourceUpdatedAt":null,"verifiedAt":null}},{"type":"Feature","geometry":{"type":"Point","coordinates":[8.6953796,50.1187178]},"properties":{"id":"bikerack:06e54a17-88fb-4e87-b5f0-7318c33468ca","kind":"bikerack","longitude":8.6953796,"latitude":50.1187178,"name":"Fahrradabstellplatz","city":"Frankfurt am Main","address":null,"covered":false,"access":null,"website":null,"phone":null,"source":"OpenStreetMap/node/11298113097","sourceUpdatedAt":null,"verifiedAt":null}},{"type":"Feature","geometry":{"type":"Point","coordinates":[8.6581265,50.106294]},"properties":{"id":"bikerack:06f21c6c-1e05-4b8f-8a65-0b37f74ab537","kind":"bikerack","longitude":8.6581265,"latitude":50.106294,"name":"Fahrradabstellplatz","city":"Frankfurt am Main","address":null,"covered":false,"access":null,"website":null,"phone":null,"source":"OpenStreetMap/node/13701104234","sourceUpdatedAt":null,"verifiedAt":null}},{"type":"Feature","geometry":{"type":"Point","coordinates":[8.6731112,50.1082776]},"properties":{"id":"bikerack:07a76b01-5232-48a0-85b2-f72b798499ed","kind":"bikerack","longitude":8.6731112,"latitude":50.1082776,"name":"Fahrradabstellplatz","city":"Frankfurt am Main","address":null,"covered":false,"access":null,"website":null,"phone":null,"source":"OpenStreetMap/node/7215095155","sourceUpdatedAt":null,"verifiedAt":null}},{"type":"Feature","geometry":{"type":"Point","coordinates":[8.6955316,50.1144721]},"properties":{"id":"bikerack:07e293b8-ce7f-485e-86ae-c373fdfb738e","kind":"bikerack","longitude":8.6955316,"latitude":50.1144721,"name":"Fahrradabstellplatz","city":"Frankfurt am Main","address":null,"covered":false,"access":null,"website":null,"phone":null,"source":"OpenStreetMap/node/12101496312","sourceUpdatedAt":null,"verifiedAt":null}},{"type":"Feature","geometry":{"type":"Point","coordinates":[8.6962381,50.1174449]},"properties":{"id":"bikerack:092a9a37-ee17-4d99-abf0-4112e4961076","kind":"bikerack","longitude":8.6962381,"latitude":50.1174449,"name":"Fahrradabstellplatz","city":"Frankfurt am Main","address":null,"covered":false,"access":null,"website":null,"phone":null,"source":"OpenStreetMap/node/9946437471","sourceUpdatedAt":null,"verifiedAt":null}},{"type":"Feature","geometry":{"type":"Point","coordinates":[8.6876898,50.1144435]},"properties":{"id":"bikerack:098988f6-3ebb-42cc-a2f6-0b82e5cfeeec","kind":"bikerack","longitude":8.6876898,"latitude":50.1144435,"name":"Fahrradabstellplatz","city":"Frankfurt am Main","address":null,"covered":true,"access":null,"website":null,"phone":null,"source":"OpenStreetMap/node/5023777159","sourceUpdatedAt":null,"verifiedAt":null}},{"type":"Feature","geometry":{"type":"Point","coordinates":[8.6809153,50.1014731]},"properties":{"id":"bikerack:09a3e068-5167-4ec9-b99a-1fa7c71aa9b9","kind":"bikerack","longitude":8.6809153,"latitude":50.1014731,"name":"Fahrradabstellplatz","city":"Frankfurt am Main","address":null,"covered":false,"access":null,"website":null,"phone":null,"source":"OpenStreetMap/node/8621778311","sourceUpdatedAt":null,"verifiedAt":null}},{"type":"Feature","geometry":{"type":"Point","coordinates":[8.6804384,50.1171084]},"properties":{"id":"bikerack:0a03855d-5fba-4b30-aab4-05e764f833ce","kind":"bikerack","longitude":8.6804384,"latitude":50.1171084,"name":"Fahrradabstellplatz","city":"Frankfurt am Main","address":null,"covered":false,"access":null,"website":null,"phone":null,"source":"OpenStreetMap/node/6776236338","sourceUpdatedAt":null,"verifiedAt":null}},{"type":"Feature","geometry":{"type":"Point","coordinates":[8.679328,50.1147181]},"properties":{"id":"bikerack:0a7cdd17-0656-473d-8321-4c50b7e13d17","kind":"bikerack","longitude":8.679328,"latitude":50.1147181,"name":"Fahrradabstellplatz","city":"Frankfurt am Main","address":null,"covered":false,"access":null,"website":null,"phone":null,"source":"OpenStreetMap/node/6367782811","sourceUpdatedAt":null,"verifiedAt":null}},{"type":"Feature","geometry":{"type":"Point","coordinates":[8.6984794,50.1095152]},"properties":{"id":"bikerack:0b080d75-a1d8-408b-a554-3401db95d9fe","kind":"bikerack","longitude":8.6984794,"latitude":50.1095152,"name":"Fahrradabstellplatz","city":"Frankfurt am Main","address":null,"covered":false,"access":null,"website":null,"phone":null,"source":"OpenStreetMap/node/2917046269","sourceUpdatedAt":null,"verifiedAt":null}},{"type":"Feature","geometry":{"type":"Point","coordinates":[8.6628112,50.1158742]},"properties":{"id":"bikerack:0b392693-ab36-4ece-9c4a-889a7d0ebb88","kind":"bikerack","longitude":8.6628112,"latitude":50.1158742,"name":"Fahrradabstellplatz","city":"Frankfurt am Main","address":null,"covered":false,"access":null,"website":null,"phone":null,"source":"OpenStreetMap/node/10171504300","sourceUpdatedAt":null,"verifiedAt":null}},{"type":"Feature","geometry":{"type":"Point","coordinates":[8.6964131,50.115872]},"properties":{"id":"bikerack:0b6a2254-a0a4-4371-ba22-ec4181a3655e","kind":"bikerack","longitude":8.6964131,"latitude":50.115872,"name":"Fahrradabstellplatz","city":"Frankfurt am Main","address":null,"covered":false,"access":null,"website":null,"phone":null,"source":"OpenStreetMap/node/12101496313","sourceUpdatedAt":null,"verifiedAt":null}},{"type":"Feature","geometry":{"type":"Point","coordinates":[8.681909,50.0984061]},"properties":{"id":"bikerack:0ba607fd-cf12-47c6-9462-b69dc5a39698","kind":"bikerack","longitude":8.681909,"latitude":50.0984061,"name":"Fahrradabstellplatz","city":"Frankfurt am Main","address":null,"covered":false,"access":null,"website":null,"phone":null,"source":"OpenStreetMap/node/7746807687","sourceUpdatedAt":null,"verifiedAt":null}},{"type":"Feature","geometry":{"type":"Point","coordinates":[8.6826382,50.1119529]},"properties":{"id":"bikerack:0ba70d8c-6fb2-4d87-bd48-384bf10b0561","kind":"bikerack","longitude":8.6826382,"latitude":50.1119529,"name":"Fahrradabstellplatz","city":"Frankfurt am Main","address":null,"covered":false,"access":null,"website":null,"phone":null,"source":"OpenStreetMap/node/9636290801","sourceUpdatedAt":null,"verifiedAt":null}},{"type":"Feature","geometry":{"type":"Point","coordinates":[8.6663517,50.1152164]},"properties":{"id":"bikerack:0bfcd56d-16b2-4d80-a911-dbaac3f6c68a","kind":"bikerack","longitude":8.6663517,"latitude":50.1152164,"name":"Fahrradabstellplatz","city":"Frankfurt am Main","address":null,"covered":false,"access":null,"website":null,"phone":null,"source":"OpenStreetMap/node/10171510000","sourceUpdatedAt":null,"verifiedAt":null}},{"type":"Feature","geometry":{"type":"Point","coordinates":[8.6764307,50.1176045]},"properties":{"id":"bikerack:0c0e3b6b-8ffd-46dc-8aaa-cbea6308c9af","kind":"bikerack","longitude":8.6764307,"latitude":50.1176045,"name":"Fahrradabstellplatz","city":"Frankfurt am Main","address":null,"covered":false,"access":null,"website":null,"phone":null,"source":"OpenStreetMap/node/12842060450","sourceUpdatedAt":null,"verifiedAt":null}},{"type":"Feature","geometry":{"type":"Point","coordinates":[8.6584707,50.1074126]},"properties":{"id":"bikerack:0c15b5f1-3957-404f-be38-66d7bb923037","kind":"bikerack","longitude":8.6584707,"latitude":50.1074126,"name":"Fahrradabstellplatz","city":"Frankfurt am Main","address":null,"covered":false,"access":null,"website":null,"phone":null,"source":"OpenStreetMap/node/1782079690","sourceUpdatedAt":null,"verifiedAt":null}},{"type":"Feature","geometry":{"type":"Point","coordinates":[8.6966224,50.1201828]},"properties":{"id":"bikerack:0c577f1c-7cf9-47c7-9a59-29cd4e698764","kind":"bikerack","longitude":8.6966224,"latitude":50.1201828,"name":"Fahrradabstellplatz","city":"Frankfurt am Main","address":null,"covered":false,"access":null,"website":null,"phone":null,"source":"OpenStreetMap/node/8163912881","sourceUpdatedAt":null,"verifiedAt":null}},{"type":"Feature","geometry":{"type":"Point","coordinates":[8.6812931,50.1016499]},"properties":{"id":"bikerack:0c7219ee-8b84-40d7-8f51-0171c00ba5fb","kind":"bikerack","longitude":8.6812931,"latitude":50.1016499,"name":"Fahrradabstellplatz","city":"Frankfurt am Main","address":null,"covered":false,"access":null,"website":null,"phone":null,"source":"OpenStreetMap/node/1678728917","sourceUpdatedAt":null,"verifiedAt":null}},{"type":"Feature","geometry":{"type":"Point","coordinates":[8.6980092,50.114718]},"properties":{"id":"bikerack:0d3e7877-424b-4778-80fa-76cdd9381616","kind":"bikerack","longitude":8.6980092,"latitude":50.114718,"name":"Fahrradabstellplatz","city":"Frankfurt am Main","address":null,"covered":false,"access":null,"website":null,"phone":null,"source":"OpenStreetMap/node/6274394065","sourceUpdatedAt":null,"verifiedAt":null}},{"type":"Feature","geometry":{"type":"Point","coordinates":[8.6609734,50.1084798]},"properties":{"id":"bikerack:0d653b05-cf63-430d-9e47-5c168a1eb137","kind":"bikerack","longitude":8.6609734,"latitude":50.1084798,"name":"Fahrradabstellplatz","city":"Frankfurt am Main","address":null,"covered":false,"access":null,"website":null,"phone":null,"source":"OpenStreetMap/node/12586953983","sourceUpdatedAt":null,"verifiedAt":null}},{"type":"Feature","geometry":{"type":"Point","coordinates":[8.6913772,50.1185188]},"properties":{"id":"bikerack:0daff470-c780-4d0d-a5f3-793ad1ee5538","kind":"bikerack","longitude":8.6913772,"latitude":50.1185188,"name":"Fahrradabstellplatz","city":"Frankfurt am Main","address":null,"covered":false,"access":null,"website":null,"phone":null,"source":"OpenStreetMap/node/10608545467","sourceUpdatedAt":null,"verifiedAt":null}},{"type":"Feature","geometry":{"type":"Point","coordinates":[8.689679,50.1127705]},"properties":{"id":"bikerack:0dd68bb0-4a9b-48eb-89ab-04432921b405","kind":"bikerack","longitude":8.689679,"latitude":50.1127705,"name":"Fahrradabstellplatz","city":"Frankfurt am Main","address":null,"covered":false,"access":null,"website":null,"phone":null,"source":"OpenStreetMap/node/12361689452","sourceUpdatedAt":null,"verifiedAt":null}},{"type":"Feature","geometry":{"type":"Point","coordinates":[8.6801444,50.0983224]},"properties":{"id":"bikerack:0e08d59a-5a6c-44ad-b0c5-9c2434f4e25e","kind":"bikerack","longitude":8.6801444,"latitude":50.0983224,"name":"Fahrradabstellplatz","city":"Frankfurt am Main","address":null,"covered":false,"access":null,"website":null,"phone":null,"source":"OpenStreetMap/node/12237865542","sourceUpdatedAt":null,"verifiedAt":null}},{"type":"Feature","geometry":{"type":"Point","coordinates":[8.6849519,50.0999402]},"properties":{"id":"bikerack:0e26da02-8df8-44a8-a27c-f2abf2863f89","kind":"bikerack","longitude":8.6849519,"latitude":50.0999402,"name":"Fahrradabstellplatz","city":"Frankfurt am Main","address":null,"covered":false,"access":null,"website":null,"phone":null,"source":"OpenStreetMap/node/1115652157","sourceUpdatedAt":null,"verifiedAt":null}},{"type":"Feature","geometry":{"type":"Point","coordinates":[8.6852295,50.1011259]},"properties":{"id":"bikerack:0e4a64d5-91b9-4d5e-b8a3-a653ccf02046","kind":"bikerack","longitude":8.6852295,"latitude":50.1011259,"name":"Fahrradabstellplatz","city":"Frankfurt am Main","address":null,"covered":false,"access":null,"website":null,"phone":null,"source":"OpenStreetMap/node/1550999997","sourceUpdatedAt":null,"verifiedAt":null}},{"type":"Feature","geometry":{"type":"Point","coordinates":[8.7008081,50.1184042]},"properties":{"id":"bikerack:0eb2df0a-1936-4831-bbe9-2ccd95e6dafd","kind":"bikerack","longitude":8.7008081,"latitude":50.1184042,"name":"Fahrradabstellplatz","city":"Frankfurt am Main","address":null,"covered":false,"access":null,"website":null,"phone":null,"source":"OpenStreetMap/node/7747116613","sourceUpdatedAt":null,"verifiedAt":null}},{"type":"Feature","geometry":{"type":"Point","coordinates":[8.6751554,50.1082973]},"properties":{"id":"bikerack:0eccb7c9-bbaf-47da-b1d5-b0ee19a1d405","kind":"bikerack","longitude":8.6751554,"latitude":50.1082973,"name":"Fahrradabstellplatz","city":"Frankfurt am Main","address":null,"covered":false,"access":null,"website":null,"phone":null,"source":"OpenStreetMap/node/7948653096","sourceUpdatedAt":null,"verifiedAt":null}},{"type":"Feature","geometry":{"type":"Point","coordinates":[8.688402,50.1039436]},"properties":{"id":"bikerack:0f216d05-42cd-4fef-b614-950f42090683","kind":"bikerack","longitude":8.688402,"latitude":50.1039436,"name":"Fahrradabstellplatz","city":"Frankfurt am Main","address":null,"covered":false,"access":null,"website":null,"phone":null,"source":"OpenStreetMap/node/7412512943","sourceUpdatedAt":null,"verifiedAt":null}},{"type":"Feature","geometry":{"type":"Point","coordinates":[8.6894291,50.1048525]},"properties":{"id":"bikerack:0f540b77-4002-4078-85f7-1ad84d3666cf","kind":"bikerack","longitude":8.6894291,"latitude":50.1048525,"name":"Fahrradabstellplatz","city":"Frankfurt am Main","address":null,"covered":false,"access":null,"website":null,"phone":null,"source":"OpenStreetMap/node/7773496169","sourceUpdatedAt":null,"verifiedAt":null}},{"type":"Feature","geometry":{"type":"Point","coordinates":[8.6580691,50.0939834]},"properties":{"id":"bikerack:0fd1cd64-b75f-47ea-92f0-9b9c797bb3d2","kind":"bikerack","longitude":8.6580691,"latitude":50.0939834,"name":"Fahrradabstellplatz","city":"Niederrad","address":null,"covered":false,"access":null,"website":null,"phone":null,"source":"OpenStreetMap/node/13125055621","sourceUpdatedAt":null,"verifiedAt":null}},{"type":"Feature","geometry":{"type":"Point","coordinates":[8.66208,50.1159626]},"properties":{"id":"bikerack:0fff72e0-fcf1-497b-a25e-518338074c69","kind":"bikerack","longitude":8.66208,"latitude":50.1159626,"name":"Fahrradabstellplatz","city":"Frankfurt am Main","address":null,"covered":false,"access":null,"website":null,"phone":null,"source":"OpenStreetMap/node/10126418452","sourceUpdatedAt":null,"verifiedAt":null}},{"type":"Feature","geometry":{"type":"Point","coordinates":[8.665931,50.1103384]},"properties":{"id":"bikerack:1009f764-e4ab-4d49-90bf-78018a334cfd","kind":"bikerack","longitude":8.665931,"latitude":50.1103384,"name":"Fahrradabstellplatz","city":"Frankfurt am Main","address":null,"covered":false,"access":null,"website":null,"phone":null,"source":"OpenStreetMap/node/9635402583","sourceUpdatedAt":null,"verifiedAt":null}},{"type":"Feature","geometry":{"type":"Point","coordinates":[8.6878788,50.11579]},"properties":{"id":"bikerack:1030ac29-a834-4ea0-8c64-bc916ee4d565","kind":"bikerack","longitude":8.6878788,"latitude":50.11579,"name":"Fahrradabstellplatz","city":"Frankfurt am Main","address":null,"covered":false,"access":null,"website":null,"phone":null,"source":"OpenStreetMap/node/7244710376","sourceUpdatedAt":null,"verifiedAt":null}},{"type":"Feature","geometry":{"type":"Point","coordinates":[8.680826,50.1068172]},"properties":{"id":"bikerack:1034809d-3089-4a83-b235-a780ca0c0d0b","kind":"bikerack","longitude":8.680826,"latitude":50.1068172,"name":"Fahrradabstellplatz","city":"Frankfurt am Main","address":null,"covered":false,"access":null,"website":null,"phone":null,"source":"OpenStreetMap/node/6712588707","sourceUpdatedAt":null,"verifiedAt":null}},{"type":"Feature","geometry":{"type":"Point","coordinates":[8.684993,50.1046579]},"properties":{"id":"bikerack:1034f3e0-7bda-4620-84e3-36185cd99f96","kind":"bikerack","longitude":8.684993,"latitude":50.1046579,"name":"Fahrradabstellplatz","city":"Frankfurt am Main","address":null,"covered":false,"access":null,"website":null,"phone":null,"source":"OpenStreetMap/node/9286190456","sourceUpdatedAt":null,"verifiedAt":null}},{"type":"Feature","geometry":{"type":"Point","coordinates":[8.6847655,50.1166027]},"properties":{"id":"bikerack:10441157-3a1a-4819-845f-73b281ea01ca","kind":"bikerack","longitude":8.6847655,"latitude":50.1166027,"name":"Fahrradabstellplatz","city":"Frankfurt am Main","address":null,"covered":false,"access":null,"website":null,"phone":null,"source":"OpenStreetMap/node/6776236316","sourceUpdatedAt":null,"verifiedAt":null}},{"type":"Feature","geometry":{"type":"Point","coordinates":[8.6951474,50.1057607]},"properties":{"id":"bikerack:1090c82a-601d-4407-a4ab-74b3cfd68b1c","kind":"bikerack","longitude":8.6951474,"latitude":50.1057607,"name":"Fahrradabstellplatz","city":"Frankfurt am Main","address":null,"covered":false,"access":null,"website":null,"phone":null,"source":"OpenStreetMap/node/3541989647","sourceUpdatedAt":null,"verifiedAt":null}},{"type":"Feature","geometry":{"type":"Point","coordinates":[8.6995831,50.1046558]},"properties":{"id":"bikerack:10ebfe5f-5d99-4687-b533-2419a6f18ee3","kind":"bikerack","longitude":8.6995831,"latitude":50.1046558,"name":"Fahrradabstellplatz","city":"Frankfurt am Main","address":null,"covered":false,"access":null,"website":null,"phone":null,"source":"OpenStreetMap/node/7868316702","sourceUpdatedAt":null,"verifiedAt":null}},{"type":"Feature","geometry":{"type":"Point","coordinates":[8.6833224,50.1162892]},"properties":{"id":"bikerack:111f3bec-d5ac-447c-a76d-e150d6a6c781","kind":"bikerack","longitude":8.6833224,"latitude":50.1162892,"name":"Fahrradabstellplatz","city":"Frankfurt am Main","address":null,"covered":false,"access":null,"website":null,"phone":null,"source":"OpenStreetMap/node/6436238016","sourceUpdatedAt":null,"verifiedAt":null}},{"type":"Feature","geometry":{"type":"Point","coordinates":[8.6707801,50.1160701]},"properties":{"id":"bikerack:11252256-01fb-4907-b3ed-8a4ed224937a","kind":"bikerack","longitude":8.6707801,"latitude":50.1160701,"name":"Fahrradabstellplatz","city":"Frankfurt am Main","address":null,"covered":false,"access":null,"website":null,"phone":null,"source":"OpenStreetMap/node/7153414732","sourceUpdatedAt":null,"verifiedAt":null}},{"type":"Feature","geometry":{"type":"Point","coordinates":[8.6973195,50.1141853]},"properties":{"id":"bikerack:117242fb-65f1-4952-9fe5-a728d31cda86","kind":"bikerack","longitude":8.6973195,"latitude":50.1141853,"name":"Fahrradabstellplatz","city":"Frankfurt am Main","address":null,"covered":false,"access":null,"website":null,"phone":null,"source":"OpenStreetMap/node/6383409786","sourceUpdatedAt":null,"verifiedAt":null}},{"type":"Feature","geometry":{"type":"Point","coordinates":[8.69639,50.1137596]},"properties":{"id":"bikerack:118a40de-b321-4a15-851a-c924fdc2bc8e","kind":"bikerack","longitude":8.69639,"latitude":50.1137596,"name":"Fahrradabstellplatz","city":"Frankfurt am Main","address":null,"covered":false,"access":null,"website":null,"phone":null,"source":"OpenStreetMap/node/4278407762","sourceUpdatedAt":null,"verifiedAt":null}},{"type":"Feature","geometry":{"type":"Point","coordinates":[8.6624791,50.1147101]},"properties":{"id":"bikerack:11bb2fbb-32f5-47ea-83f8-b82a4ead3000","kind":"bikerack","longitude":8.6624791,"latitude":50.1147101,"name":"Fahrradabstellplatz","city":"Frankfurt am Main","address":null,"covered":false,"access":null,"website":null,"phone":null,"source":"OpenStreetMap/node/9966405257","sourceUpdatedAt":null,"verifiedAt":null}},{"type":"Feature","geometry":{"type":"Point","coordinates":[8.660262,50.1092081]},"properties":{"id":"bikerack:11c03205-0165-41a3-8f3d-29233d775715","kind":"bikerack","longitude":8.660262,"latitude":50.1092081,"name":"Fahrradabstellplatz","city":"Frankfurt am Main","address":null,"covered":false,"access":null,"website":null,"phone":null,"source":"OpenStreetMap/node/9634065620","sourceUpdatedAt":null,"verifiedAt":null}},{"type":"Feature","geometry":{"type":"Point","coordinates":[8.6625291,50.1054075]},"properties":{"id":"bikerack:123b3cb0-c258-4b87-9e3c-c3aabbdb013c","kind":"bikerack","longitude":8.6625291,"latitude":50.1054075,"name":"Fahrradabstellplatz","city":"Frankfurt am Main","address":null,"covered":false,"access":null,"website":null,"phone":null,"source":"OpenStreetMap/node/10712241175","sourceUpdatedAt":null,"verifiedAt":null}},{"type":"Feature","geometry":{"type":"Point","coordinates":[8.6968158,50.1202795]},"properties":{"id":"bikerack:124017ed-0590-4873-8551-768a98e8faad","kind":"bikerack","longitude":8.6968158,"latitude":50.1202795,"name":"Fahrradabstellplatz","city":"Frankfurt am Main","address":null,"covered":false,"access":null,"website":null,"phone":null,"source":"OpenStreetMap/node/8163905696","sourceUpdatedAt":null,"verifiedAt":null}},{"type":"Feature","geometry":{"type":"Point","coordinates":[8.6794017,50.1150453]},"properties":{"id":"bikerack:124679a7-3db9-4022-a658-941b83265043","kind":"bikerack","longitude":8.6794017,"latitude":50.1150453,"name":"Fahrradabstellplatz","city":"Frankfurt am Main","address":null,"covered":false,"access":null,"website":null,"phone":null,"source":"OpenStreetMap/node/6367782810","sourceUpdatedAt":null,"verifiedAt":null}},{"type":"Feature","geometry":{"type":"Point","coordinates":[8.6761227,50.1112737]},"properties":{"id":"bikerack:125ea4a5-bc2e-4353-8a29-c09061679956","kind":"bikerack","longitude":8.6761227,"latitude":50.1112737,"name":"Fahrradabstellplatz","city":"Frankfurt am Main","address":null,"covered":false,"access":null,"website":null,"phone":null,"source":"OpenStreetMap/node/13667042099","sourceUpdatedAt":null,"verifiedAt":null}},{"type":"Feature","geometry":{"type":"Point","coordinates":[8.687383,50.1042496]},"properties":{"id":"bikerack:1284b8b5-64ec-4cae-a907-f2fbbd10fc00","kind":"bikerack","longitude":8.687383,"latitude":50.1042496,"name":"Fahrradabstellplatz","city":"Frankfurt am Main","address":null,"covered":false,"access":null,"website":null,"phone":null,"source":"OpenStreetMap/node/7412512945","sourceUpdatedAt":null,"verifiedAt":null}},{"type":"Feature","geometry":{"type":"Point","coordinates":[8.7002072,50.114579]},"properties":{"id":"bikerack:12d1a442-9ccb-4f89-ac93-3b9e372ad3a6","kind":"bikerack","longitude":8.7002072,"latitude":50.114579,"name":"Fahrradabstellplatz","city":"Frankfurt am Main","address":null,"covered":false,"access":null,"website":null,"phone":null,"source":"OpenStreetMap/node/6015904544","sourceUpdatedAt":null,"verifiedAt":null}},{"type":"Feature","geometry":{"type":"Point","coordinates":[8.6653359,50.1072328]},"properties":{"id":"bikerack:1349b878-64d8-4c68-8314-169d8c823029","kind":"bikerack","longitude":8.6653359,"latitude":50.1072328,"name":"Fahrradabstellplatz","city":"Frankfurt am Main","address":null,"covered":false,"access":null,"website":null,"phone":null,"source":"OpenStreetMap/node/1468812558","sourceUpdatedAt":null,"verifiedAt":null}},{"type":"Feature","geometry":{"type":"Point","coordinates":[8.6861383,50.1134042]},"properties":{"id":"bikerack:13a9ce91-768e-4003-96c9-3ca29c2a7af2","kind":"bikerack","longitude":8.6861383,"latitude":50.1134042,"name":"Fahrradabstellplatz","city":"Frankfurt am Main","address":null,"covered":false,"access":null,"website":null,"phone":null,"source":"OpenStreetMap/node/12512338019","sourceUpdatedAt":null,"verifiedAt":null}},{"type":"Feature","geometry":{"type":"Point","coordinates":[8.6847735,50.1162927]},"properties":{"id":"bikerack:13e3577b-5656-41ad-96ec-18136f00e820","kind":"bikerack","longitude":8.6847735,"latitude":50.1162927,"name":"Fahrradabstellplatz","city":"Frankfurt am Main","address":null,"covered":false,"access":null,"website":null,"phone":null,"source":"OpenStreetMap/node/6436238030","sourceUpdatedAt":null,"verifiedAt":null}},{"type":"Feature","geometry":{"type":"Point","coordinates":[8.6848614,50.1155768]},"properties":{"id":"bikerack:13e381f4-7b28-4dc6-aac0-ff47f4bb36af","kind":"bikerack","longitude":8.6848614,"latitude":50.1155768,"name":"Fahrradabstellplatz","city":"Frankfurt am Main","address":null,"covered":false,"access":null,"website":null,"phone":null,"source":"OpenStreetMap/node/6436238038","sourceUpdatedAt":null,"verifiedAt":null}},{"type":"Feature","geometry":{"type":"Point","coordinates":[8.6896052,50.1111922]},"properties":{"id":"bikerack:140d5112-e7e1-47fd-9bb7-bbed199c655e","kind":"bikerack","longitude":8.6896052,"latitude":50.1111922,"name":"Fahrradabstellplatz","city":"Frankfurt am Main","address":null,"covered":false,"access":null,"website":null,"phone":null,"source":"OpenStreetMap/node/12525801658","sourceUpdatedAt":null,"verifiedAt":null}},{"type":"Feature","geometry":{"type":"Point","coordinates":[8.6876909,50.1122292]},"properties":{"id":"bikerack:15ccfcb2-f951-45ea-a377-58aadae3cb58","kind":"bikerack","longitude":8.6876909,"latitude":50.1122292,"name":"Fahrradabstellplatz","city":"Frankfurt am Main","address":null,"covered":false,"access":null,"website":null,"phone":null,"source":"OpenStreetMap/node/6402472229","sourceUpdatedAt":null,"verifiedAt":null}},{"type":"Feature","geometry":{"type":"Point","coordinates":[8.6680961,50.1190723]},"properties":{"id":"bikerack:165c491a-c790-4e59-bfc4-48d1f1cff799","kind":"bikerack","longitude":8.6680961,"latitude":50.1190723,"name":"Fahrradabstellplatz","city":"Frankfurt am Main","address":null,"covered":false,"access":null,"website":null,"phone":null,"source":"OpenStreetMap/node/9020099742","sourceUpdatedAt":null,"verifiedAt":null}},{"type":"Feature","geometry":{"type":"Point","coordinates":[8.6864097,50.1019494]},"properties":{"id":"bikerack:169bcba7-98e4-4ee5-9884-6596f6a4905f","kind":"bikerack","longitude":8.6864097,"latitude":50.1019494,"name":"Fahrradabstellplatz","city":"Frankfurt am Main","address":null,"covered":false,"access":null,"website":null,"phone":null,"source":"OpenStreetMap/node/8811905237","sourceUpdatedAt":null,"verifiedAt":null}},{"type":"Feature","geometry":{"type":"Point","coordinates":[8.6861189,50.1128556]},"properties":{"id":"bikerack:16b3c720-0cdc-4aca-ad68-82e80090bcf0","kind":"bikerack","longitude":8.6861189,"latitude":50.1128556,"name":"Fahrradabstellplatz","city":"Frankfurt am Main","address":null,"covered":false,"access":null,"website":null,"phone":null,"source":"OpenStreetMap/node/12512338020","sourceUpdatedAt":null,"verifiedAt":null}},{"type":"Feature","geometry":{"type":"Point","coordinates":[8.6828189,50.0957089]},"properties":{"id":"bikerack:16d07179-7b37-4cfd-9260-7f196867d220","kind":"bikerack","longitude":8.6828189,"latitude":50.0957089,"name":"Fahrradabstellplatz","city":"Frankfurt am Main","address":null,"covered":false,"access":null,"website":null,"phone":null,"source":"OpenStreetMap/node/7806862109","sourceUpdatedAt":null,"verifiedAt":null}},{"type":"Feature","geometry":{"type":"Point","coordinates":[8.6967381,50.1195725]},"properties":{"id":"bikerack:1728c7fb-1f49-4825-9b20-60950a6a2832","kind":"bikerack","longitude":8.6967381,"latitude":50.1195725,"name":"Fahrradabstellplatz","city":"Frankfurt am Main","address":null,"covered":false,"access":null,"website":null,"phone":null,"source":"OpenStreetMap/node/12118284708","sourceUpdatedAt":null,"verifiedAt":null}},{"type":"Feature","geometry":{"type":"Point","coordinates":[8.6770718,50.1090984]},"properties":{"id":"bikerack:172e95b5-784d-4770-b569-824d9176275b","kind":"bikerack","longitude":8.6770718,"latitude":50.1090984,"name":"Fahrradabstellplatz","city":"Frankfurt am Main","address":null,"covered":false,"access":null,"website":null,"phone":null,"source":"OpenStreetMap/node/7215095149","sourceUpdatedAt":null,"verifiedAt":null}},{"type":"Feature","geometry":{"type":"Point","coordinates":[8.6719291,50.1120497]},"properties":{"id":"bikerack:17567475-6b6a-4f48-9fe1-ebc40d6d94b6","kind":"bikerack","longitude":8.6719291,"latitude":50.1120497,"name":"Fahrradabstellplatz","city":"Frankfurt am Main","address":null,"covered":true,"access":null,"website":null,"phone":null,"source":"OpenStreetMap/node/1115274449","sourceUpdatedAt":null,"verifiedAt":null}},{"type":"Feature","geometry":{"type":"Point","coordinates":[8.6841592,50.1025249]},"properties":{"id":"bikerack:176298ac-35f1-4ff2-a9ed-46690a8c69cd","kind":"bikerack","longitude":8.6841592,"latitude":50.1025249,"name":"Fahrradabstellplatz","city":"Frankfurt am Main","address":null,"covered":false,"access":null,"website":null,"phone":null,"source":"OpenStreetMap/node/8789479149","sourceUpdatedAt":null,"verifiedAt":null}},{"type":"Feature","geometry":{"type":"Point","coordinates":[8.6796341,50.1136394]},"properties":{"id":"bikerack:1790e84f-8216-4b5a-9d4c-5577f4075613","kind":"bikerack","longitude":8.6796341,"latitude":50.1136394,"name":"Fahrradabstellplatz","city":"Frankfurt am Main","address":null,"covered":false,"access":null,"website":null,"phone":null,"source":"OpenStreetMap/way/671066077","sourceUpdatedAt":null,"verifiedAt":null}},{"type":"Feature","geometry":{"type":"Point","coordinates":[8.6990468,50.1094208]},"properties":{"id":"bikerack:17a43537-8e63-4805-b94c-55d625763bb5","kind":"bikerack","longitude":8.6990468,"latitude":50.1094208,"name":"Fahrradabstellplatz","city":"Frankfurt am Main","address":null,"covered":false,"access":null,"website":null,"phone":null,"source":"OpenStreetMap/node/2917046266","sourceUpdatedAt":null,"verifiedAt":null}},{"type":"Feature","geometry":{"type":"Point","coordinates":[8.6885146,50.1149113]},"properties":{"id":"bikerack:17f70332-b3f7-4560-8c07-79d2db025fd4","kind":"bikerack","longitude":8.6885146,"latitude":50.1149113,"name":"Fahrradabstellplatz","city":"Frankfurt am Main","address":null,"covered":false,"access":null,"website":null,"phone":null,"source":"OpenStreetMap/node/13428445598","sourceUpdatedAt":null,"verifiedAt":null}},{"type":"Feature","geometry":{"type":"Point","coordinates":[8.6847825,50.1149715]},"properties":{"id":"bikerack:182eee05-f0d1-4743-92dc-02b5c755ddd7","kind":"bikerack","longitude":8.6847825,"latitude":50.1149715,"name":"Fahrradabstellplatz","city":"Frankfurt am Main","address":null,"covered":false,"access":null,"website":null,"phone":null,"source":"OpenStreetMap/node/12628249065","sourceUpdatedAt":null,"verifiedAt":null}},{"type":"Feature","geometry":{"type":"Point","coordinates":[8.6893287,50.109589]},"properties":{"id":"bikerack:186fc862-524a-47f2-a76d-c30e42cefde2","kind":"bikerack","longitude":8.6893287,"latitude":50.109589,"name":"Fahrradabstellplatz","city":"Frankfurt am Main","address":null,"covered":false,"access":null,"website":null,"phone":null,"source":"OpenStreetMap/node/9760106338","sourceUpdatedAt":null,"verifiedAt":null}},{"type":"Feature","geometry":{"type":"Point","coordinates":[8.6698832,50.106818]},"properties":{"id":"bikerack:18efbf83-a2f9-40b1-a92e-701e85388a1c","kind":"bikerack","longitude":8.6698832,"latitude":50.106818,"name":"Fahrradabstellplatz","city":"Frankfurt am Main","address":null,"covered":false,"access":null,"website":null,"phone":null,"source":"OpenStreetMap/node/13676484264","sourceUpdatedAt":null,"verifiedAt":null}},{"type":"Feature","geometry":{"type":"Point","coordinates":[8.6867419,50.1060227]},"properties":{"id":"bikerack:18f21817-2360-4fb9-b54f-918f71181d45","kind":"bikerack","longitude":8.6867419,"latitude":50.1060227,"name":"Fahrradabstellplatz","city":"Frankfurt am Main","address":null,"covered":false,"access":null,"website":null,"phone":null,"source":"OpenStreetMap/node/9275040028","sourceUpdatedAt":null,"verifiedAt":null}},{"type":"Feature","geometry":{"type":"Point","coordinates":[8.6808897,50.0986712]},"properties":{"id":"bikerack:192a0da9-7e77-4d13-aec3-3af571fe73bf","kind":"bikerack","longitude":8.6808897,"latitude":50.0986712,"name":"Fahrradabstellplatz","city":"Frankfurt am Main","address":null,"covered":false,"access":null,"website":null,"phone":null,"source":"OpenStreetMap/node/12237933044","sourceUpdatedAt":null,"verifiedAt":null}},{"type":"Feature","geometry":{"type":"Point","coordinates":[8.6682539,50.0953602]},"properties":{"id":"bikerack:19531ee1-efd1-46a1-96b5-f901c0e525ea","kind":"bikerack","longitude":8.6682539,"latitude":50.0953602,"name":"Fahrradabstellplatz","city":"Frankfurt am Main","address":null,"covered":false,"access":null,"website":null,"phone":null,"source":"OpenStreetMap/node/6447498687","sourceUpdatedAt":null,"verifiedAt":null}},{"type":"Feature","geometry":{"type":"Point","coordinates":[8.6893101,50.1025602]},"properties":{"id":"bikerack:19979e09-442f-41f9-98a1-aa47c6616122","kind":"bikerack","longitude":8.6893101,"latitude":50.1025602,"name":"Fahrradabstellplatz","city":"Frankfurt am Main","address":null,"covered":false,"access":null,"website":null,"phone":null,"source":"OpenStreetMap/node/7713583120","sourceUpdatedAt":null,"verifiedAt":null}},{"type":"Feature","geometry":{"type":"Point","coordinates":[8.6848134,50.1015469]},"properties":{"id":"bikerack:19b12c55-a16e-4198-b8e6-a6f7bc3539bc","kind":"bikerack","longitude":8.6848134,"latitude":50.1015469,"name":"Fahrradabstellplatz","city":"Frankfurt am Main","address":null,"covered":false,"access":null,"website":null,"phone":null,"source":"OpenStreetMap/node/1551000007","sourceUpdatedAt":null,"verifiedAt":null}},{"type":"Feature","geometry":{"type":"Point","coordinates":[8.6698857,50.1157451]},"properties":{"id":"bikerack:19b2e65b-f041-43e1-9b09-360f9c1e044c","kind":"bikerack","longitude":8.6698857,"latitude":50.1157451,"name":"Fahrradabstellplatz","city":"Frankfurt am Main","address":null,"covered":false,"access":null,"website":null,"phone":null,"source":"OpenStreetMap/node/12198857793","sourceUpdatedAt":null,"verifiedAt":null}},{"type":"Feature","geometry":{"type":"Point","coordinates":[8.6645812,50.1109325]},"properties":{"id":"bikerack:19fa059e-10ca-44c1-9a14-8bfdb990fcba","kind":"bikerack","longitude":8.6645812,"latitude":50.1109325,"name":"Fahrradabstellplatz","city":"Frankfurt am Main","address":null,"covered":false,"access":null,"website":null,"phone":null,"source":"OpenStreetMap/node/7207847583","sourceUpdatedAt":null,"verifiedAt":null}},{"type":"Feature","geometry":{"type":"Point","coordinates":[8.6800243,50.0984118]},"properties":{"id":"bikerack:1a38d0dc-bbc8-4825-bbf7-fe6b0cb83ec2","kind":"bikerack","longitude":8.6800243,"latitude":50.0984118,"name":"Fahrradabstellplatz","city":"Frankfurt am Main","address":null,"covered":false,"access":null,"website":null,"phone":null,"source":"OpenStreetMap/node/7434525351","sourceUpdatedAt":null,"verifiedAt":null}},{"type":"Feature","geometry":{"type":"Point","coordinates":[8.684734,50.1106067]},"properties":{"id":"bikerack:1a998a55-df2d-4f0b-a231-fa0aff7602a2","kind":"bikerack","longitude":8.684734,"latitude":50.1106067,"name":"Fahrradabstellplatz","city":"Frankfurt am Main","address":null,"covered":false,"access":null,"website":null,"phone":null,"source":"OpenStreetMap/node/6278286976","sourceUpdatedAt":null,"verifiedAt":null}},{"type":"Feature","geometry":{"type":"Point","coordinates":[8.6622294,50.1111708]},"properties":{"id":"bikerack:1ab69112-b917-4de7-a794-9809f6fea6a7","kind":"bikerack","longitude":8.6622294,"latitude":50.1111708,"name":"Fahrradabstellplatz","city":"Frankfurt am Main","address":null,"covered":false,"access":null,"website":null,"phone":null,"source":"OpenStreetMap/node/13598115134","sourceUpdatedAt":null,"verifiedAt":null}},{"type":"Feature","geometry":{"type":"Point","coordinates":[8.675186,50.108238]},"properties":{"id":"bikerack:1abbe085-009c-4aa2-92db-fa38a57d5a96","kind":"bikerack","longitude":8.675186,"latitude":50.108238,"name":"Fahrradabstellplatz","city":"Frankfurt am Main","address":null,"covered":false,"access":null,"website":null,"phone":null,"source":"OpenStreetMap/node/7948653095","sourceUpdatedAt":null,"verifiedAt":null}},{"type":"Feature","geometry":{"type":"Point","coordinates":[8.6847711,50.101587]},"properties":{"id":"bikerack:1b6a78b7-8a6e-4095-b82d-4790f392e202","kind":"bikerack","longitude":8.6847711,"latitude":50.101587,"name":"Fahrradabstellplatz","city":"Frankfurt am Main","address":null,"covered":false,"access":null,"website":null,"phone":null,"source":"OpenStreetMap/node/9466484184","sourceUpdatedAt":null,"verifiedAt":null}},{"type":"Feature","geometry":{"type":"Point","coordinates":[8.6933713,50.1150023]},"properties":{"id":"bikerack:1b7815b2-8f61-4428-9429-73cfe9019ebc","kind":"bikerack","longitude":8.6933713,"latitude":50.1150023,"name":"Fahrradabstellplatz","city":"Frankfurt am Main","address":null,"covered":false,"access":null,"website":null,"phone":null,"source":"OpenStreetMap/node/6355945509","sourceUpdatedAt":null,"verifiedAt":null}},{"type":"Feature","geometry":{"type":"Point","coordinates":[8.6877903,50.1166208]},"properties":{"id":"bikerack:1bc941ed-10c9-4e09-8392-94b426bf71f3","kind":"bikerack","longitude":8.6877903,"latitude":50.1166208,"name":"Fahrradabstellplatz","city":"Frankfurt am Main","address":null,"covered":false,"access":null,"website":null,"phone":null,"source":"OpenStreetMap/node/7244710383","sourceUpdatedAt":null,"verifiedAt":null}},{"type":"Feature","geometry":{"type":"Point","coordinates":[8.6611265,50.1023374]},"properties":{"id":"bikerack:1bcffb92-91da-45aa-b3dd-8a852e82be9b","kind":"bikerack","longitude":8.6611265,"latitude":50.1023374,"name":"Fahrradabstellplatz","city":"Frankfurt am Main","address":null,"covered":false,"access":null,"website":null,"phone":null,"source":"OpenStreetMap/node/13249813683","sourceUpdatedAt":null,"verifiedAt":null}},{"type":"Feature","geometry":{"type":"Point","coordinates":[8.6821738,50.1130459]},"properties":{"id":"bikerack:1be2c3b0-dcf1-4c14-900b-06e61b3179c2","kind":"bikerack","longitude":8.6821738,"latitude":50.1130459,"name":"Fahrradabstellplatz","city":"Frankfurt am Main","address":null,"covered":false,"access":null,"website":null,"phone":null,"source":"OpenStreetMap/node/11978003035","sourceUpdatedAt":null,"verifiedAt":null}},{"type":"Feature","geometry":{"type":"Point","coordinates":[8.671253,50.1172889]},"properties":{"id":"bikerack:1bf304be-5cb9-44ea-8972-244aa055a8f2","kind":"bikerack","longitude":8.671253,"latitude":50.1172889,"name":"Fahrradabstellplatz","city":"Frankfurt am Main","address":null,"covered":false,"access":null,"website":null,"phone":null,"source":"OpenStreetMap/node/1551000018","sourceUpdatedAt":null,"verifiedAt":null}},{"type":"Feature","geometry":{"type":"Point","coordinates":[8.699736,50.1046489]},"properties":{"id":"bikerack:1c37bb1c-ac9d-48e8-97c3-312b19b71955","kind":"bikerack","longitude":8.699736,"latitude":50.1046489,"name":"Fahrradabstellplatz","city":"Frankfurt am Main","address":null,"covered":false,"access":null,"website":null,"phone":null,"source":"OpenStreetMap/node/7868329608","sourceUpdatedAt":null,"verifiedAt":null}},{"type":"Feature","geometry":{"type":"Point","coordinates":[8.6796142,50.1188993]},"properties":{"id":"bikerack:1c695c36-fc6a-4f71-9c11-a2bdd9946bbb","kind":"bikerack","longitude":8.6796142,"latitude":50.1188993,"name":"Fahrradabstellplatz","city":"Frankfurt am Main","address":null,"covered":false,"access":null,"website":null,"phone":null,"source":"OpenStreetMap/node/9687671841","sourceUpdatedAt":null,"verifiedAt":null}},{"type":"Feature","geometry":{"type":"Point","coordinates":[8.6798066,50.1133844]},"properties":{"id":"bikerack:1cccf2e8-c94e-49a9-9f35-94b0f7cf2131","kind":"bikerack","longitude":8.6798066,"latitude":50.1133844,"name":"Fahrradabstellplatz","city":"Frankfurt am Main","address":null,"covered":false,"access":null,"website":null,"phone":null,"source":"OpenStreetMap/node/471966505","sourceUpdatedAt":null,"verifiedAt":null}},{"type":"Feature","geometry":{"type":"Point","coordinates":[8.6847876,50.104949]},"properties":{"id":"bikerack:1cd76bd5-903f-452d-9b59-39fa341d7012","kind":"bikerack","longitude":8.6847876,"latitude":50.104949,"name":"Fahrradabstellplatz","city":"Frankfurt am Main","address":null,"covered":false,"access":null,"website":null,"phone":null,"source":"OpenStreetMap/node/7515215175","sourceUpdatedAt":null,"verifiedAt":null}},{"type":"Feature","geometry":{"type":"Point","coordinates":[8.6794481,50.1056889]},"properties":{"id":"bikerack:1d4c3841-72a1-44b9-8eb3-0fd59c9b331a","kind":"bikerack","longitude":8.6794481,"latitude":50.1056889,"name":"Fahrradabstellplatz","city":"Frankfurt am Main","address":null,"covered":false,"access":null,"website":null,"phone":null,"source":"OpenStreetMap/node/13033933789","sourceUpdatedAt":null,"verifiedAt":null}},{"type":"Feature","geometry":{"type":"Point","coordinates":[8.6784665,50.1156152]},"properties":{"id":"bikerack:1d52c9da-d96b-46cf-8fa7-62570af8db9a","kind":"bikerack","longitude":8.6784665,"latitude":50.1156152,"name":"Fahrradabstellplatz","city":"Frankfurt am Main","address":null,"covered":false,"access":null,"website":null,"phone":null,"source":"OpenStreetMap/node/10121654762","sourceUpdatedAt":null,"verifiedAt":null}},{"type":"Feature","geometry":{"type":"Point","coordinates":[8.6793384,50.1035154]},"properties":{"id":"bikerack:1d79c40d-52f4-4b4b-9105-01ca7678867c","kind":"bikerack","longitude":8.6793384,"latitude":50.1035154,"name":"Fahrradabstellplatz","city":"Frankfurt am Main","address":null,"covered":false,"access":null,"website":null,"phone":null,"source":"OpenStreetMap/node/1116642037","sourceUpdatedAt":null,"verifiedAt":null}},{"type":"Feature","geometry":{"type":"Point","coordinates":[8.6874225,50.0989287]},"properties":{"id":"bikerack:1d7a054a-3773-42b9-a7e6-f31bc5a18bae","kind":"bikerack","longitude":8.6874225,"latitude":50.0989287,"name":"Fahrradabstellplatz","city":"Frankfurt am Main","address":null,"covered":false,"access":null,"website":null,"phone":null,"source":"OpenStreetMap/node/452626605","sourceUpdatedAt":null,"verifiedAt":null}},{"type":"Feature","geometry":{"type":"Point","coordinates":[8.6991287,50.1136637]},"properties":{"id":"bikerack:1dfe477b-9482-4820-9c96-791af5fff12d","kind":"bikerack","longitude":8.6991287,"latitude":50.1136637,"name":"Fahrradabstellplatz","city":"Frankfurt am Main","address":null,"covered":false,"access":null,"website":null,"phone":null,"source":"OpenStreetMap/node/6015903049","sourceUpdatedAt":null,"verifiedAt":null}},{"type":"Feature","geometry":{"type":"Point","coordinates":[8.6810538,50.1140121]},"properties":{"id":"bikerack:1e0e6fb8-f7bf-4d02-ba26-7090ac299ac3","kind":"bikerack","longitude":8.6810538,"latitude":50.1140121,"name":"Fahrradabstellplatz","city":"Frankfurt am Main","address":null,"covered":false,"access":null,"website":null,"phone":null,"source":"OpenStreetMap/node/1199382087","sourceUpdatedAt":null,"verifiedAt":null}},{"type":"Feature","geometry":{"type":"Point","coordinates":[8.6840272,50.1129163]},"properties":{"id":"bikerack:1e16a749-dd64-46c9-984c-07c5cea1afd2","kind":"bikerack","longitude":8.6840272,"latitude":50.1129163,"name":"Fahrradabstellplatz","city":"Frankfurt am Main","address":null,"covered":false,"access":null,"website":null,"phone":null,"source":"OpenStreetMap/node/9623209220","sourceUpdatedAt":null,"verifiedAt":null}},{"type":"Feature","geometry":{"type":"Point","coordinates":[8.6942106,50.1016881]},"properties":{"id":"bikerack:1e85cc29-4c97-42a0-b7eb-390744c8c809","kind":"bikerack","longitude":8.6942106,"latitude":50.1016881,"name":"Fahrradabstellplatz","city":"Frankfurt am Main","address":null,"covered":false,"access":null,"website":null,"phone":null,"source":"OpenStreetMap/node/11042470735","sourceUpdatedAt":null,"verifiedAt":null}},{"type":"Feature","geometry":{"type":"Point","coordinates":[8.6860529,50.1166066]},"properties":{"id":"bikerack:1eaac1f8-6956-4d9a-9be9-8b2b69f27b33","kind":"bikerack","longitude":8.6860529,"latitude":50.1166066,"name":"Fahrradabstellplatz","city":"Frankfurt am Main","address":null,"covered":false,"access":null,"website":null,"phone":null,"source":"OpenStreetMap/node/6436238041","sourceUpdatedAt":null,"verifiedAt":null}},{"type":"Feature","geometry":{"type":"Point","coordinates":[8.6758243,50.1091006]},"properties":{"id":"bikerack:1ec4b379-03a1-4263-a8c7-a69286871dde","kind":"bikerack","longitude":8.6758243,"latitude":50.1091006,"name":"Fahrradabstellplatz","city":"Frankfurt am Main","address":null,"covered":false,"access":null,"website":null,"phone":null,"source":"OpenStreetMap/node/7215095151","sourceUpdatedAt":null,"verifiedAt":null}},{"type":"Feature","geometry":{"type":"Point","coordinates":[8.6638427,50.1108729]},"properties":{"id":"bikerack:1ece3782-b3e6-4236-835c-36d53e37a24f","kind":"bikerack","longitude":8.6638427,"latitude":50.1108729,"name":"Fahrradabstellplatz","city":"Frankfurt am Main","address":null,"covered":false,"access":null,"website":null,"phone":null,"source":"OpenStreetMap/node/6871165440","sourceUpdatedAt":null,"verifiedAt":null}},{"type":"Feature","geometry":{"type":"Point","coordinates":[8.6646578,50.1144402]},"properties":{"id":"bikerack:1f00b627-a7c7-46c8-ba38-13e2a9a29ff1","kind":"bikerack","longitude":8.6646578,"latitude":50.1144402,"name":"Fahrradabstellplatz","city":"Frankfurt am Main","address":null,"covered":false,"access":null,"website":null,"phone":null,"source":"OpenStreetMap/node/9966410098","sourceUpdatedAt":null,"verifiedAt":null}},{"type":"Feature","geometry":{"type":"Point","coordinates":[8.6656162,50.1153899]},"properties":{"id":"bikerack:1f06ebe6-f2bd-45c6-bb16-d229eb42cc0b","kind":"bikerack","longitude":8.6656162,"latitude":50.1153899,"name":"Fahrradabstellplatz","city":"Frankfurt am Main","address":null,"covered":false,"access":null,"website":null,"phone":null,"source":"OpenStreetMap/node/10171509295","sourceUpdatedAt":null,"verifiedAt":null}},{"type":"Feature","geometry":{"type":"Point","coordinates":[8.6733697,50.1028413]},"properties":{"id":"bikerack:1f29436a-1c18-447c-8cee-f891265aae5a","kind":"bikerack","longitude":8.6733697,"latitude":50.1028413,"name":"Fahrradabstellplatz","city":"Frankfurt am Main","address":null,"covered":false,"access":null,"website":null,"phone":null,"source":"OpenStreetMap/node/2264619659","sourceUpdatedAt":null,"verifiedAt":null}},{"type":"Feature","geometry":{"type":"Point","coordinates":[8.6698009,50.1057296]},"properties":{"id":"bikerack:1fa0f4cf-dea7-4ba9-aeda-3271c5e08086","kind":"bikerack","longitude":8.6698009,"latitude":50.1057296,"name":"Fahrradabstellplatz","city":"Frankfurt am Main","address":null,"covered":false,"access":null,"website":null,"phone":null,"source":"OpenStreetMap/node/1115274441","sourceUpdatedAt":null,"verifiedAt":null}},{"type":"Feature","geometry":{"type":"Point","coordinates":[8.6831615,50.1197104]},"properties":{"id":"bikerack:1fa80739-a7de-41a1-bd0c-1f50f150f991","kind":"bikerack","longitude":8.6831615,"latitude":50.1197104,"name":"Fahrradabstellplatz","city":"Frankfurt am Main","address":null,"covered":false,"access":null,"website":null,"phone":null,"source":"OpenStreetMap/node/8814949758","sourceUpdatedAt":null,"verifiedAt":null}},{"type":"Feature","geometry":{"type":"Point","coordinates":[8.6616307,50.1018328]},"properties":{"id":"bikerack:1ff4ba61-a6a1-4d11-b050-43a5398c289b","kind":"bikerack","longitude":8.6616307,"latitude":50.1018328,"name":"Fahrradabstellplatz","city":"Frankfurt am Main","address":null,"covered":false,"access":null,"website":null,"phone":null,"source":"OpenStreetMap/node/1439029595","sourceUpdatedAt":null,"verifiedAt":null}},{"type":"Feature","geometry":{"type":"Point","coordinates":[8.6991616,50.1128953]},"properties":{"id":"bikerack:20953e01-1c59-4ff8-b954-8b5194b716ab","kind":"bikerack","longitude":8.6991616,"latitude":50.1128953,"name":"Fahrradabstellplatz","city":"Frankfurt am Main","address":null,"covered":false,"access":null,"website":null,"phone":null,"source":"OpenStreetMap/node/9391764367","sourceUpdatedAt":null,"verifiedAt":null}},{"type":"Feature","geometry":{"type":"Point","coordinates":[8.6993194,50.1022199]},"properties":{"id":"bikerack:20b0b420-3d3b-46e8-8f65-87e5c8b89093","kind":"bikerack","longitude":8.6993194,"latitude":50.1022199,"name":"Fahrradabstellplatz","city":"Frankfurt am Main","address":null,"covered":false,"access":null,"website":null,"phone":null,"source":"OpenStreetMap/node/12978348937","sourceUpdatedAt":null,"verifiedAt":null}},{"type":"Feature","geometry":{"type":"Point","coordinates":[8.6991468,50.1192005]},"properties":{"id":"bikerack:20b77791-ff0d-4873-9f97-2c72697603a6","kind":"bikerack","longitude":8.6991468,"latitude":50.1192005,"name":"Fahrradabstellplatz","city":"Frankfurt am Main","address":null,"covered":false,"access":null,"website":null,"phone":null,"source":"OpenStreetMap/node/9062012234","sourceUpdatedAt":null,"verifiedAt":null}},{"type":"Feature","geometry":{"type":"Point","coordinates":[8.6866618,50.1023649]},"properties":{"id":"bikerack:213fdbd6-22fa-49c2-80f7-fdb108c72eef","kind":"bikerack","longitude":8.6866618,"latitude":50.1023649,"name":"Fahrradabstellplatz","city":"Frankfurt am Main","address":null,"covered":false,"access":null,"website":null,"phone":null,"source":"OpenStreetMap/node/7434504088","sourceUpdatedAt":null,"verifiedAt":null}},{"type":"Feature","geometry":{"type":"Point","coordinates":[8.6875348,50.1145088]},"properties":{"id":"bikerack:215a3701-2626-418b-b338-39fc36f6851b","kind":"bikerack","longitude":8.6875348,"latitude":50.1145088,"name":"Fahrradabstellplatz","city":"Frankfurt am Main","address":null,"covered":false,"access":null,"website":null,"phone":null,"source":"OpenStreetMap/way/1149993502","sourceUpdatedAt":null,"verifiedAt":null}},{"type":"Feature","geometry":{"type":"Point","coordinates":[8.6865446,50.1008894]},"properties":{"id":"bikerack:21aa7d5f-4c24-4a58-bfc3-1cf25a1eade0","kind":"bikerack","longitude":8.6865446,"latitude":50.1008894,"name":"Fahrradabstellplatz","city":"Frankfurt am Main","address":null,"covered":false,"access":null,"website":null,"phone":null,"source":"OpenStreetMap/node/1678728914","sourceUpdatedAt":null,"verifiedAt":null}},{"type":"Feature","geometry":{"type":"Point","coordinates":[8.664603,50.0967982]},"properties":{"id":"bikerack:221b69d3-853c-4b2c-887d-853a946bee00","kind":"bikerack","longitude":8.664603,"latitude":50.0967982,"name":"Fahrradabstellplatz","city":"Frankfurt am Main","address":null,"covered":true,"access":null,"website":null,"phone":null,"source":"OpenStreetMap/node/1468812555","sourceUpdatedAt":null,"verifiedAt":null}},{"type":"Feature","geometry":{"type":"Point","coordinates":[8.6706705,50.1049668]},"properties":{"id":"bikerack:225f6c8d-2ecd-4c05-9c8e-4787b2315545","kind":"bikerack","longitude":8.6706705,"latitude":50.1049668,"name":"Fahrradabstellplatz","city":"Frankfurt am Main","address":null,"covered":false,"access":null,"website":null,"phone":null,"source":"OpenStreetMap/node/13676484258","sourceUpdatedAt":null,"verifiedAt":null}},{"type":"Feature","geometry":{"type":"Point","coordinates":[8.6916896,50.1143728]},"properties":{"id":"bikerack:22d931f4-2037-4b2c-8275-eab908a09155","kind":"bikerack","longitude":8.6916896,"latitude":50.1143728,"name":"Fahrradabstellplatz","city":"Frankfurt am Main","address":null,"covered":false,"access":null,"website":null,"phone":null,"source":"OpenStreetMap/node/6383409792","sourceUpdatedAt":null,"verifiedAt":null}},{"type":"Feature","geometry":{"type":"Point","coordinates":[8.6752676,50.1012771]},"properties":{"id":"bikerack:230f3c46-4670-4c90-ace8-04f92614d868","kind":"bikerack","longitude":8.6752676,"latitude":50.1012771,"name":"Fahrradabstellplatz","city":"Frankfurt am Main","address":null,"covered":false,"access":null,"website":null,"phone":null,"source":"OpenStreetMap/node/6953679436","sourceUpdatedAt":null,"verifiedAt":null}},{"type":"Feature","geometry":{"type":"Point","coordinates":[8.6731238,50.1112367]},"properties":{"id":"bikerack:23335225-0032-4d1d-aa01-9d24fa88e04f","kind":"bikerack","longitude":8.6731238,"latitude":50.1112367,"name":"Fahrradabstellplatz","city":"Frankfurt am Main","address":null,"covered":true,"access":null,"website":null,"phone":null,"source":"OpenStreetMap/node/1115434654","sourceUpdatedAt":null,"verifiedAt":null}},{"type":"Feature","geometry":{"type":"Point","coordinates":[8.6581302,50.0942062]},"properties":{"id":"bikerack:2356d390-9944-4c0f-9d99-e5c7ec84603f","kind":"bikerack","longitude":8.6581302,"latitude":50.0942062,"name":"Fahrradabstellplatz","city":"Niederrad","address":null,"covered":false,"access":null,"website":null,"phone":null,"source":"OpenStreetMap/node/10021780643","sourceUpdatedAt":null,"verifiedAt":null}},{"type":"Feature","geometry":{"type":"Point","coordinates":[8.6883389,50.1117174]},"properties":{"id":"bikerack:23bb7ff3-b052-4baf-8cae-3fd6de7c31a5","kind":"bikerack","longitude":8.6883389,"latitude":50.1117174,"name":"Fahrradabstellplatz","city":"Frankfurt am Main","address":null,"covered":false,"access":null,"website":null,"phone":null,"source":"OpenStreetMap/node/7417173192","sourceUpdatedAt":null,"verifiedAt":null}},{"type":"Feature","geometry":{"type":"Point","coordinates":[8.6832662,50.1197156]},"properties":{"id":"bikerack:23c1b112-c6da-419d-bcd2-1da134a53101","kind":"bikerack","longitude":8.6832662,"latitude":50.1197156,"name":"Fahrradabstellplatz","city":"Frankfurt am Main","address":null,"covered":false,"access":null,"website":null,"phone":null,"source":"OpenStreetMap/node/8814906898","sourceUpdatedAt":null,"verifiedAt":null}},{"type":"Feature","geometry":{"type":"Point","coordinates":[8.6973171,50.1024187]},"properties":{"id":"bikerack:23ce8ea0-0a10-45b1-9cfd-37ea3d467a8d","kind":"bikerack","longitude":8.6973171,"latitude":50.1024187,"name":"Fahrradabstellplatz","city":"Frankfurt am Main","address":null,"covered":true,"access":null,"website":null,"phone":null,"source":"OpenStreetMap/node/4753659783","sourceUpdatedAt":null,"verifiedAt":null}},{"type":"Feature","geometry":{"type":"Point","coordinates":[8.6710267,50.0941595]},"properties":{"id":"bikerack:24095a8e-e146-4088-9d32-ad6eceeef333","kind":"bikerack","longitude":8.6710267,"latitude":50.0941595,"name":"Fahrradabstellplatz","city":"Frankfurt am Main","address":null,"covered":false,"access":null,"website":null,"phone":null,"source":"OpenStreetMap/node/714156676","sourceUpdatedAt":null,"verifiedAt":null}},{"type":"Feature","geometry":{"type":"Point","coordinates":[8.6631294,50.1032053]},"properties":{"id":"bikerack:241c68aa-77ba-4896-b272-ab3d8cc70940","kind":"bikerack","longitude":8.6631294,"latitude":50.1032053,"name":"Fahrradabstellplatz","city":"Frankfurt am Main","address":null,"covered":false,"access":null,"website":null,"phone":null,"source":"OpenStreetMap/node/771419266","sourceUpdatedAt":null,"verifiedAt":null}},{"type":"Feature","geometry":{"type":"Point","coordinates":[8.6876363,50.1058669]},"properties":{"id":"bikerack:24207473-0555-44e0-a393-78fe4d233d96","kind":"bikerack","longitude":8.6876363,"latitude":50.1058669,"name":"Fahrradabstellplatz","city":"Frankfurt am Main","address":null,"covered":false,"access":null,"website":null,"phone":null,"source":"OpenStreetMap/node/7438513842","sourceUpdatedAt":null,"verifiedAt":null}},{"type":"Feature","geometry":{"type":"Point","coordinates":[8.6830436,50.1102176]},"properties":{"id":"bikerack:2474853d-4157-4602-af6d-7a88b3ceef6e","kind":"bikerack","longitude":8.6830436,"latitude":50.1102176,"name":"Fahrradabstellplatz","city":"Frankfurt am Main","address":null,"covered":false,"access":null,"website":null,"phone":null,"source":"OpenStreetMap/node/9881384350","sourceUpdatedAt":null,"verifiedAt":null}},{"type":"Feature","geometry":{"type":"Point","coordinates":[8.6798329,50.1154514]},"properties":{"id":"bikerack:248ed0a0-e37e-4951-99d0-18c100c7afc4","kind":"bikerack","longitude":8.6798329,"latitude":50.1154514,"name":"Fahrradabstellplatz","city":"Frankfurt am Main","address":null,"covered":false,"access":null,"website":null,"phone":null,"source":"OpenStreetMap/node/12516784476","sourceUpdatedAt":null,"verifiedAt":null}},{"type":"Feature","geometry":{"type":"Point","coordinates":[8.6948965,50.1066131]},"properties":{"id":"bikerack:25514d58-9b3e-497e-bccb-6fec863dc512","kind":"bikerack","longitude":8.6948965,"latitude":50.1066131,"name":"Fahrradabstellplatz","city":"Frankfurt am Main","address":null,"covered":false,"access":null,"website":null,"phone":null,"source":"OpenStreetMap/node/8620826926","sourceUpdatedAt":null,"verifiedAt":null}},{"type":"Feature","geometry":{"type":"Point","coordinates":[8.6850859,50.1000735]},"properties":{"id":"bikerack:25bc956d-2de0-445e-b2a9-81a1c3f4a033","kind":"bikerack","longitude":8.6850859,"latitude":50.1000735,"name":"Fahrradabstellplatz","city":"Frankfurt am Main","address":null,"covered":false,"access":null,"website":null,"phone":null,"source":"OpenStreetMap/node/1115652124","sourceUpdatedAt":null,"verifiedAt":null}},{"type":"Feature","geometry":{"type":"Point","coordinates":[8.6796001,50.1098303]},"properties":{"id":"bikerack:25ce77db-3244-4ebd-bb6a-af4c305cdcba","kind":"bikerack","longitude":8.6796001,"latitude":50.1098303,"name":"Fahrradabstellplatz","city":"Frankfurt am Main","address":null,"covered":false,"access":null,"website":null,"phone":null,"source":"OpenStreetMap/node/12155419924","sourceUpdatedAt":null,"verifiedAt":null}},{"type":"Feature","geometry":{"type":"Point","coordinates":[8.6655685,50.1024384]},"properties":{"id":"bikerack:25d190fe-1d00-4e2e-bd70-d16b3b20e07f","kind":"bikerack","longitude":8.6655685,"latitude":50.1024384,"name":"Fahrradabstellplatz","city":"Frankfurt am Main","address":null,"covered":false,"access":null,"website":null,"phone":null,"source":"OpenStreetMap/node/13109176732","sourceUpdatedAt":null,"verifiedAt":null}},{"type":"Feature","geometry":{"type":"Point","coordinates":[8.6802332,50.1172038]},"properties":{"id":"bikerack:25d3a625-aa5f-4010-aaee-010ad2f18890","kind":"bikerack","longitude":8.6802332,"latitude":50.1172038,"name":"Fahrradabstellplatz","city":"Frankfurt am Main","address":null,"covered":false,"access":null,"website":null,"phone":null,"source":"OpenStreetMap/node/6776236339","sourceUpdatedAt":null,"verifiedAt":null}},{"type":"Feature","geometry":{"type":"Point","coordinates":[8.6932182,50.1191617]},"properties":{"id":"bikerack:25dac6b2-a1e2-4aa0-9074-59bb321355dd","kind":"bikerack","longitude":8.6932182,"latitude":50.1191617,"name":"Fahrradabstellplatz","city":"Frankfurt am Main","address":null,"covered":false,"access":null,"website":null,"phone":null,"source":"OpenStreetMap/node/13428445599","sourceUpdatedAt":null,"verifiedAt":null}},{"type":"Feature","geometry":{"type":"Point","coordinates":[8.6629802,50.1157176]},"properties":{"id":"bikerack:264ac598-10d8-4750-9b8e-4e33daba94ad","kind":"bikerack","longitude":8.6629802,"latitude":50.1157176,"name":"Fahrradabstellplatz","city":"Frankfurt am Main","address":null,"covered":false,"access":null,"website":null,"phone":null,"source":"OpenStreetMap/node/10171542838","sourceUpdatedAt":null,"verifiedAt":null}},{"type":"Feature","geometry":{"type":"Point","coordinates":[8.6960757,50.1172846]},"properties":{"id":"bikerack:26a192fa-7ad1-4450-9360-9d9f282005c9","kind":"bikerack","longitude":8.6960757,"latitude":50.1172846,"name":"Fahrradabstellplatz","city":"Frankfurt am Main","address":null,"covered":false,"access":null,"website":null,"phone":null,"source":"OpenStreetMap/node/6284198768","sourceUpdatedAt":null,"verifiedAt":null}},{"type":"Feature","geometry":{"type":"Point","coordinates":[8.6798646,50.1199917]},"properties":{"id":"bikerack:26e45a02-469b-42a1-b492-fffe6bf45032","kind":"bikerack","longitude":8.6798646,"latitude":50.1199917,"name":"Fahrradabstellplatz","city":"Frankfurt am Main","address":null,"covered":false,"access":null,"website":null,"phone":null,"source":"OpenStreetMap/node/9687674577","sourceUpdatedAt":null,"verifiedAt":null}},{"type":"Feature","geometry":{"type":"Point","coordinates":[8.6729781,50.0928545]},"properties":{"id":"bikerack:26ff2bb6-75f6-4006-8aa0-56a969e6b84c","kind":"bikerack","longitude":8.6729781,"latitude":50.0928545,"name":"Fahrradabstellplatz","city":"Frankfurt am Main","address":null,"covered":false,"access":null,"website":null,"phone":null,"source":"OpenStreetMap/node/11734964972","sourceUpdatedAt":null,"verifiedAt":null}},{"type":"Feature","geometry":{"type":"Point","coordinates":[8.6786055,50.1046455]},"properties":{"id":"bikerack:27195247-a916-45df-b51c-ee066412e5b1","kind":"bikerack","longitude":8.6786055,"latitude":50.1046455,"name":"Fahrradabstellplatz","city":"Frankfurt am Main","address":null,"covered":false,"access":null,"website":null,"phone":null,"source":"OpenStreetMap/node/5222137221","sourceUpdatedAt":null,"verifiedAt":null}},{"type":"Feature","geometry":{"type":"Point","coordinates":[8.6800561,50.1035849]},"properties":{"id":"bikerack:278354fc-14c6-4d11-afc5-7ba8dba1f18f","kind":"bikerack","longitude":8.6800561,"latitude":50.1035849,"name":"Fahrradabstellplatz","city":"Frankfurt am Main","address":null,"covered":false,"access":null,"website":null,"phone":null,"source":"OpenStreetMap/node/8622484296","sourceUpdatedAt":null,"verifiedAt":null}},{"type":"Feature","geometry":{"type":"Point","coordinates":[8.6757197,50.107842]},"properties":{"id":"bikerack:279717b9-83b6-4fd6-b19d-3e936cc0405e","kind":"bikerack","longitude":8.6757197,"latitude":50.107842,"name":"Fahrradabstellplatz","city":"Frankfurt am Main","address":null,"covered":false,"access":null,"website":null,"phone":null,"source":"OpenStreetMap/node/7412512955","sourceUpdatedAt":null,"verifiedAt":null}},{"type":"Feature","geometry":{"type":"Point","coordinates":[8.6953652,50.1041683]},"properties":{"id":"bikerack:27b26f82-2b36-4661-b4be-d7c5131d35b8","kind":"bikerack","longitude":8.6953652,"latitude":50.1041683,"name":"Fahrradabstellplatz","city":"Frankfurt am Main","address":null,"covered":false,"access":null,"website":null,"phone":null,"source":"OpenStreetMap/node/6448643817","sourceUpdatedAt":null,"verifiedAt":null}},{"type":"Feature","geometry":{"type":"Point","coordinates":[8.6641978,50.1039085]},"properties":{"id":"bikerack:27f9e805-557b-4b49-bcd0-7e475973ad35","kind":"bikerack","longitude":8.6641978,"latitude":50.1039085,"name":"Fahrradabstellplatz","city":"Frankfurt am Main","address":null,"covered":false,"access":null,"website":null,"phone":null,"source":"OpenStreetMap/node/4154986063","sourceUpdatedAt":null,"verifiedAt":null}},{"type":"Feature","geometry":{"type":"Point","coordinates":[8.6833615,50.107085]},"properties":{"id":"bikerack:280808fb-235c-4faf-bb62-b5de9c2b0202","kind":"bikerack","longitude":8.6833615,"latitude":50.107085,"name":"Fahrradabstellplatz","city":"Frankfurt am Main","address":null,"covered":false,"access":null,"website":null,"phone":null,"source":"OpenStreetMap/node/1678728955","sourceUpdatedAt":null,"verifiedAt":null}},{"type":"Feature","geometry":{"type":"Point","coordinates":[8.6661389,50.1179055]},"properties":{"id":"bikerack:28671e2f-dad2-4f90-b698-e2c4bd87c286","kind":"bikerack","longitude":8.6661389,"latitude":50.1179055,"name":"Fahrradabstellplatz","city":"Frankfurt am Main","address":null,"covered":false,"access":null,"website":null,"phone":null,"source":"OpenStreetMap/node/9974415777","sourceUpdatedAt":null,"verifiedAt":null}},{"type":"Feature","geometry":{"type":"Point","coordinates":[8.681049,50.1018989]},"properties":{"id":"bikerack:28aedab0-9a6b-4021-91a8-6565ce8e6d72","kind":"bikerack","longitude":8.681049,"latitude":50.1018989,"name":"Fahrradabstellplatz","city":"Frankfurt am Main","address":null,"covered":false,"access":null,"website":null,"phone":null,"source":"OpenStreetMap/node/8621804456","sourceUpdatedAt":null,"verifiedAt":null}},{"type":"Feature","geometry":{"type":"Point","coordinates":[8.6715888,50.1161438]},"properties":{"id":"bikerack:2914e595-37a6-44fe-92e7-f3e5380a7b86","kind":"bikerack","longitude":8.6715888,"latitude":50.1161438,"name":"Fahrradabstellplatz","city":"Frankfurt am Main","address":null,"covered":false,"access":null,"website":null,"phone":null,"source":"OpenStreetMap/node/7153414734","sourceUpdatedAt":null,"verifiedAt":null}},{"type":"Feature","geometry":{"type":"Point","coordinates":[8.6859329,50.1120189]},"properties":{"id":"bikerack:29204e60-2417-4236-982f-bffeca80bfa0","kind":"bikerack","longitude":8.6859329,"latitude":50.1120189,"name":"Fahrradabstellplatz","city":"Frankfurt am Main","address":null,"covered":false,"access":null,"website":null,"phone":null,"source":"OpenStreetMap/node/6278286975","sourceUpdatedAt":null,"verifiedAt":null}},{"type":"Feature","geometry":{"type":"Point","coordinates":[8.6802028,50.1005687]},"properties":{"id":"bikerack:29660734-11b9-4bd5-a4c0-135c25aaeee4","kind":"bikerack","longitude":8.6802028,"latitude":50.1005687,"name":"Fahrradabstellplatz","city":"Frankfurt am Main","address":null,"covered":false,"access":null,"website":null,"phone":null,"source":"OpenStreetMap/node/7434382808","sourceUpdatedAt":null,"verifiedAt":null}},{"type":"Feature","geometry":{"type":"Point","coordinates":[8.6643892,50.1193164]},"properties":{"id":"bikerack:29b244e9-7947-477f-901b-680a4d16aeb5","kind":"bikerack","longitude":8.6643892,"latitude":50.1193164,"name":"Fahrradabstellplatz","city":"Frankfurt am Main","address":null,"covered":false,"access":null,"website":null,"phone":null,"source":"OpenStreetMap/node/9959018292","sourceUpdatedAt":null,"verifiedAt":null}},{"type":"Feature","geometry":{"type":"Point","coordinates":[8.6799311,50.1129937]},"properties":{"id":"bikerack:2a2e8c19-33b4-4ec2-9980-a86017c1dc51","kind":"bikerack","longitude":8.6799311,"latitude":50.1129937,"name":"Fahrradabstellplatz","city":"Frankfurt am Main","address":null,"covered":true,"access":null,"website":null,"phone":null,"source":"OpenStreetMap/node/2225648375","sourceUpdatedAt":null,"verifiedAt":null}},{"type":"Feature","geometry":{"type":"Point","coordinates":[8.6610057,50.1160211]},"properties":{"id":"bikerack:2a632d9f-ab7d-45b6-b603-d346e398ad36","kind":"bikerack","longitude":8.6610057,"latitude":50.1160211,"name":"Fahrradabstellplatz","city":"Frankfurt am Main","address":null,"covered":false,"access":null,"website":null,"phone":null,"source":"OpenStreetMap/node/10126401469","sourceUpdatedAt":null,"verifiedAt":null}},{"type":"Feature","geometry":{"type":"Point","coordinates":[8.6600351,50.1162912]},"properties":{"id":"bikerack:2a79cb2e-89cb-40d1-a196-77b1aefac78b","kind":"bikerack","longitude":8.6600351,"latitude":50.1162912,"name":"Fahrradabstellplatz","city":"Frankfurt am Main","address":null,"covered":false,"access":null,"website":null,"phone":null,"source":"OpenStreetMap/node/10171507565","sourceUpdatedAt":null,"verifiedAt":null}},{"type":"Feature","geometry":{"type":"Point","coordinates":[8.6619799,50.1158474]},"properties":{"id":"bikerack:2a9a7c62-8819-48dc-a2b9-d1ef0fd83994","kind":"bikerack","longitude":8.6619799,"latitude":50.1158474,"name":"Fahrradabstellplatz","city":"Frankfurt am Main","address":null,"covered":false,"access":null,"website":null,"phone":null,"source":"OpenStreetMap/node/10126409790","sourceUpdatedAt":null,"verifiedAt":null}},{"type":"Feature","geometry":{"type":"Point","coordinates":[8.6813712,50.1117205]},"properties":{"id":"bikerack:2aad8bbe-bed4-4aaa-ab7f-b847f8136434","kind":"bikerack","longitude":8.6813712,"latitude":50.1117205,"name":"Fahrradabstellplatz","city":"Frankfurt am Main","address":null,"covered":false,"access":null,"website":null,"phone":null,"source":"OpenStreetMap/node/1116036667","sourceUpdatedAt":null,"verifiedAt":null}},{"type":"Feature","geometry":{"type":"Point","coordinates":[8.6585484,50.1163019]},"properties":{"id":"bikerack:2ae58c7c-6591-496a-86d6-8e3d8b05f1dc","kind":"bikerack","longitude":8.6585484,"latitude":50.1163019,"name":"Fahrradabstellplatz","city":"Frankfurt am Main","address":null,"covered":false,"access":null,"website":null,"phone":null,"source":"OpenStreetMap/node/10126377787","sourceUpdatedAt":null,"verifiedAt":null}},{"type":"Feature","geometry":{"type":"Point","coordinates":[8.6878121,50.1164162]},"properties":{"id":"bikerack:2b32933f-5a45-43fa-b145-2b8f1fde8ad1","kind":"bikerack","longitude":8.6878121,"latitude":50.1164162,"name":"Fahrradabstellplatz","city":"Frankfurt am Main","address":null,"covered":false,"access":null,"website":null,"phone":null,"source":"OpenStreetMap/node/7244710382","sourceUpdatedAt":null,"verifiedAt":null}},{"type":"Feature","geometry":{"type":"Point","coordinates":[8.6890358,50.1038343]},"properties":{"id":"bikerack:2b3c9f8f-437a-43ac-991b-aaf932ef6edd","kind":"bikerack","longitude":8.6890358,"latitude":50.1038343,"name":"Fahrradabstellplatz","city":"Frankfurt am Main","address":null,"covered":false,"access":null,"website":null,"phone":null,"source":"OpenStreetMap/node/1678728935","sourceUpdatedAt":null,"verifiedAt":null}},{"type":"Feature","geometry":{"type":"Point","coordinates":[8.6951182,50.1199831]},"properties":{"id":"bikerack:2bb97491-4da7-4bec-a988-a95f77e83760","kind":"bikerack","longitude":8.6951182,"latitude":50.1199831,"name":"Fahrradabstellplatz","city":"Frankfurt am Main","address":null,"covered":false,"access":null,"website":null,"phone":null,"source":"OpenStreetMap/node/12213906292","sourceUpdatedAt":null,"verifiedAt":null}},{"type":"Feature","geometry":{"type":"Point","coordinates":[8.6791804,50.1038895]},"properties":{"id":"bikerack:2bcb2faf-d93c-4cbd-a468-5177a2164d37","kind":"bikerack","longitude":8.6791804,"latitude":50.1038895,"name":"Fahrradabstellplatz","city":"Frankfurt am Main","address":null,"covered":false,"access":null,"website":null,"phone":null,"source":"OpenStreetMap/node/1116642049","sourceUpdatedAt":null,"verifiedAt":null}},{"type":"Feature","geometry":{"type":"Point","coordinates":[8.6783904,50.1127962]},"properties":{"id":"bikerack:2bf5b504-7315-45bb-9bb5-eaf958cc8ed4","kind":"bikerack","longitude":8.6783904,"latitude":50.1127962,"name":"Fahrradabstellplatz","city":"Frankfurt am Main","address":null,"covered":false,"access":null,"website":null,"phone":null,"source":"OpenStreetMap/node/6347665353","sourceUpdatedAt":null,"verifiedAt":null}},{"type":"Feature","geometry":{"type":"Point","coordinates":[8.6758356,50.1161091]},"properties":{"id":"bikerack:2bfbb6f7-35f9-4630-87fa-8e6a7643231b","kind":"bikerack","longitude":8.6758356,"latitude":50.1161091,"name":"Fahrradabstellplatz","city":"Frankfurt am Main","address":null,"covered":false,"access":null,"website":null,"phone":null,"source":"OpenStreetMap/node/8342327228","sourceUpdatedAt":null,"verifiedAt":null}},{"type":"Feature","geometry":{"type":"Point","coordinates":[8.6959228,50.1136358]},"properties":{"id":"bikerack:2c050bfd-7f02-4064-9b01-715e71790cb2","kind":"bikerack","longitude":8.6959228,"latitude":50.1136358,"name":"Fahrradabstellplatz","city":"Frankfurt am Main","address":null,"covered":false,"access":null,"website":null,"phone":null,"source":"OpenStreetMap/node/12568781641","sourceUpdatedAt":null,"verifiedAt":null}},{"type":"Feature","geometry":{"type":"Point","coordinates":[8.662948,50.0943483]},"properties":{"id":"bikerack:2c0de4b4-2445-4bac-938c-d9b0d8ce2b73","kind":"bikerack","longitude":8.662948,"latitude":50.0943483,"name":"Fahrradabstellplatz","city":"Frankfurt am Main","address":null,"covered":false,"access":null,"website":null,"phone":null,"source":"OpenStreetMap/node/13698321569","sourceUpdatedAt":null,"verifiedAt":null}},{"type":"Feature","geometry":{"type":"Point","coordinates":[8.6861381,50.1056087]},"properties":{"id":"bikerack:2c0efab5-cd51-48af-b1d3-070c774302a0","kind":"bikerack","longitude":8.6861381,"latitude":50.1056087,"name":"Fahrradabstellplatz","city":"Frankfurt am Main","address":null,"covered":false,"access":null,"website":null,"phone":null,"source":"OpenStreetMap/node/7497661667","sourceUpdatedAt":null,"verifiedAt":null}},{"type":"Feature","geometry":{"type":"Point","coordinates":[8.6795258,50.1156245]},"properties":{"id":"bikerack:2c3e1937-7cbb-4c3a-9d25-e3463069f25e","kind":"bikerack","longitude":8.6795258,"latitude":50.1156245,"name":"Fahrradabstellplatz","city":"Frankfurt am Main","address":null,"covered":false,"access":null,"website":null,"phone":null,"source":"OpenStreetMap/node/6367782806","sourceUpdatedAt":null,"verifiedAt":null}},{"type":"Feature","geometry":{"type":"Point","coordinates":[8.6899836,50.1147864]},"properties":{"id":"bikerack:2c536f6f-95d8-405c-b7a8-c9c1e4babb4e","kind":"bikerack","longitude":8.6899836,"latitude":50.1147864,"name":"Fahrradabstellplatz","city":"Frankfurt am Main","address":null,"covered":false,"access":null,"website":null,"phone":null,"source":"OpenStreetMap/node/6355945526","sourceUpdatedAt":null,"verifiedAt":null}},{"type":"Feature","geometry":{"type":"Point","coordinates":[8.6768935,50.1127758]},"properties":{"id":"bikerack:2c9922d2-1ca5-4917-a0dc-78e0b472cd21","kind":"bikerack","longitude":8.6768935,"latitude":50.1127758,"name":"Fahrradabstellplatz","city":"Frankfurt am Main","address":null,"covered":false,"access":null,"website":null,"phone":null,"source":"OpenStreetMap/node/603067965","sourceUpdatedAt":null,"verifiedAt":null}},{"type":"Feature","geometry":{"type":"Point","coordinates":[8.6621749,50.0970416]},"properties":{"id":"bikerack:2d47a16c-9d6c-4650-85be-71a1656dc051","kind":"bikerack","longitude":8.6621749,"latitude":50.0970416,"name":"Fahrradabstellplatz","city":"Frankfurt am Main","address":null,"covered":false,"access":null,"website":null,"phone":null,"source":"OpenStreetMap/node/1468804499","sourceUpdatedAt":null,"verifiedAt":null}},{"type":"Feature","geometry":{"type":"Point","coordinates":[8.6604187,50.1080853]},"properties":{"id":"bikerack:2d4b0510-d447-4bed-9eaa-b27be457d328","kind":"bikerack","longitude":8.6604187,"latitude":50.1080853,"name":"Fahrradabstellplatz","city":"Frankfurt am Main","address":null,"covered":false,"access":null,"website":null,"phone":null,"source":"OpenStreetMap/node/12586955116","sourceUpdatedAt":null,"verifiedAt":null}},{"type":"Feature","geometry":{"type":"Point","coordinates":[8.6644706,50.1109002]},"properties":{"id":"bikerack:2d7d57ef-1f47-4780-a565-7e25c217cba2","kind":"bikerack","longitude":8.6644706,"latitude":50.1109002,"name":"Fahrradabstellplatz","city":"Frankfurt am Main","address":null,"covered":false,"access":null,"website":null,"phone":null,"source":"OpenStreetMap/node/7207837577","sourceUpdatedAt":null,"verifiedAt":null}},{"type":"Feature","geometry":{"type":"Point","coordinates":[8.6974852,50.1090323]},"properties":{"id":"bikerack:2e137800-f688-424b-af06-d618a832ebe2","kind":"bikerack","longitude":8.6974852,"latitude":50.1090323,"name":"Fahrradabstellplatz","city":"Frankfurt am Main","address":null,"covered":false,"access":null,"website":null,"phone":null,"source":"OpenStreetMap/node/2917046259","sourceUpdatedAt":null,"verifiedAt":null}},{"type":"Feature","geometry":{"type":"Point","coordinates":[8.683193,50.1055423]},"properties":{"id":"bikerack:2ea6e498-a404-47f8-aef9-ba5a6d42ad1a","kind":"bikerack","longitude":8.683193,"latitude":50.1055423,"name":"Fahrradabstellplatz","city":"Frankfurt am Main","address":null,"covered":false,"access":null,"website":null,"phone":null,"source":"OpenStreetMap/way/1090570801","sourceUpdatedAt":null,"verifiedAt":null}},{"type":"Feature","geometry":{"type":"Point","coordinates":[8.6913442,50.1102935]},"properties":{"id":"bikerack:2ec36b54-3160-4c03-b4f0-c9af68798f04","kind":"bikerack","longitude":8.6913442,"latitude":50.1102935,"name":"Fahrradabstellplatz","city":"Frankfurt am Main","address":null,"covered":false,"access":null,"website":null,"phone":null,"source":"OpenStreetMap/node/7515715358","sourceUpdatedAt":null,"verifiedAt":null}},{"type":"Feature","geometry":{"type":"Point","coordinates":[8.6613382,50.1086241]},"properties":{"id":"bikerack:2ec6f368-0389-4f69-9ce0-0bb5ab3ce22b","kind":"bikerack","longitude":8.6613382,"latitude":50.1086241,"name":"Fahrradabstellplatz","city":"Frankfurt am Main","address":null,"covered":false,"access":null,"website":null,"phone":null,"source":"OpenStreetMap/node/12586939383","sourceUpdatedAt":null,"verifiedAt":null}},{"type":"Feature","geometry":{"type":"Point","coordinates":[8.6862092,50.1130759]},"properties":{"id":"bikerack:2f1779ba-967a-4449-99db-d1157ad5c8bd","kind":"bikerack","longitude":8.6862092,"latitude":50.1130759,"name":"Fahrradabstellplatz","city":"Frankfurt am Main","address":null,"covered":false,"access":null,"website":null,"phone":null,"source":"OpenStreetMap/node/6278286974","sourceUpdatedAt":null,"verifiedAt":null}},{"type":"Feature","geometry":{"type":"Point","coordinates":[8.6822767,50.1024054]},"properties":{"id":"bikerack:2f39f240-d5f6-4b2f-9943-0112488c7e0e","kind":"bikerack","longitude":8.6822767,"latitude":50.1024054,"name":"Fahrradabstellplatz","city":"Frankfurt am Main","address":null,"covered":false,"access":null,"website":null,"phone":null,"source":"OpenStreetMap/node/7746697485","sourceUpdatedAt":null,"verifiedAt":null}},{"type":"Feature","geometry":{"type":"Point","coordinates":[8.6666413,50.1152611]},"properties":{"id":"bikerack:2f4ea421-193a-49d8-bf57-5cbba2da89f6","kind":"bikerack","longitude":8.6666413,"latitude":50.1152611,"name":"Fahrradabstellplatz","city":"Frankfurt am Main","address":null,"covered":false,"access":null,"website":null,"phone":null,"source":"OpenStreetMap/node/10171505002","sourceUpdatedAt":null,"verifiedAt":null}},{"type":"Feature","geometry":{"type":"Point","coordinates":[8.6626898,50.1180996]},"properties":{"id":"bikerack:301eec59-ccb3-434b-88e0-d090479a841c","kind":"bikerack","longitude":8.6626898,"latitude":50.1180996,"name":"Fahrradabstellplatz","city":"Frankfurt am Main","address":null,"covered":false,"access":null,"website":null,"phone":null,"source":"OpenStreetMap/node/11233454031","sourceUpdatedAt":null,"verifiedAt":null}},{"type":"Feature","geometry":{"type":"Point","coordinates":[8.6752461,50.1081252]},"properties":{"id":"bikerack:302266b0-4a03-4b97-853f-765b31103d93","kind":"bikerack","longitude":8.6752461,"latitude":50.1081252,"name":"Fahrradabstellplatz","city":"Frankfurt am Main","address":null,"covered":false,"access":null,"website":null,"phone":null,"source":"OpenStreetMap/node/7948653093","sourceUpdatedAt":null,"verifiedAt":null}},{"type":"Feature","geometry":{"type":"Point","coordinates":[8.6787653,50.0975801]},"properties":{"id":"bikerack:303cba8f-3627-4ebc-a16e-246687f8ff74","kind":"bikerack","longitude":8.6787653,"latitude":50.0975801,"name":"Fahrradabstellplatz","city":"Frankfurt am Main","address":null,"covered":false,"access":null,"website":null,"phone":null,"source":"OpenStreetMap/node/13334584862","sourceUpdatedAt":null,"verifiedAt":null}},{"type":"Feature","geometry":{"type":"Point","coordinates":[8.6803882,50.097711]},"properties":{"id":"bikerack:30693590-cb01-4250-97c0-ed9ee9e596c4","kind":"bikerack","longitude":8.6803882,"latitude":50.097711,"name":"Fahrradabstellplatz","city":"Frankfurt am Main","address":null,"covered":false,"access":null,"website":null,"phone":null,"source":"OpenStreetMap/node/7746748893","sourceUpdatedAt":null,"verifiedAt":null}},{"type":"Feature","geometry":{"type":"Point","coordinates":[8.6630334,50.0965727]},"properties":{"id":"bikerack:308eb5a8-8c04-4dfd-ba46-da4304193030","kind":"bikerack","longitude":8.6630334,"latitude":50.0965727,"name":"Fahrradabstellplatz","city":"Frankfurt am Main","address":null,"covered":false,"access":null,"website":null,"phone":null,"source":"OpenStreetMap/node/1468812553","sourceUpdatedAt":null,"verifiedAt":null}},{"type":"Feature","geometry":{"type":"Point","coordinates":[8.6820611,50.1130115]},"properties":{"id":"bikerack:30acec53-91c7-45b0-9f09-fc12d0ef1dfe","kind":"bikerack","longitude":8.6820611,"latitude":50.1130115,"name":"Fahrradabstellplatz","city":"Frankfurt am Main","address":null,"covered":false,"access":null,"website":null,"phone":null,"source":"OpenStreetMap/node/11978017263","sourceUpdatedAt":null,"verifiedAt":null}},{"type":"Feature","geometry":{"type":"Point","coordinates":[8.6719182,50.1021168]},"properties":{"id":"bikerack:31163e6e-5e35-4b55-b589-f64ec9bfc0b5","kind":"bikerack","longitude":8.6719182,"latitude":50.1021168,"name":"Fahrradabstellplatz","city":"Frankfurt am Main","address":null,"covered":false,"access":null,"website":null,"phone":null,"source":"OpenStreetMap/node/2070465148","sourceUpdatedAt":null,"verifiedAt":null}},{"type":"Feature","geometry":{"type":"Point","coordinates":[8.6968029,50.1201496]},"properties":{"id":"bikerack:31a13b88-7ff3-47d9-8304-6c4a2db0e9d3","kind":"bikerack","longitude":8.6968029,"latitude":50.1201496,"name":"Fahrradabstellplatz","city":"Frankfurt am Main","address":null,"covered":false,"access":null,"website":null,"phone":null,"source":"OpenStreetMap/node/8142218212","sourceUpdatedAt":null,"verifiedAt":null}},{"type":"Feature","geometry":{"type":"Point","coordinates":[8.6821527,50.1023749]},"properties":{"id":"bikerack:31de40f4-b946-4ff6-b4a8-9aeb95b988d7","kind":"bikerack","longitude":8.6821527,"latitude":50.1023749,"name":"Fahrradabstellplatz","city":"Frankfurt am Main","address":null,"covered":false,"access":null,"website":null,"phone":null,"source":"OpenStreetMap/node/7756963805","sourceUpdatedAt":null,"verifiedAt":null}},{"type":"Feature","geometry":{"type":"Point","coordinates":[8.693784,50.0966707]},"properties":{"id":"bikerack:324eb324-b96d-4003-b1bf-189d08ce8350","kind":"bikerack","longitude":8.693784,"latitude":50.0966707,"name":"Fahrradabstellplatz","city":"Frankfurt am Main","address":null,"covered":false,"access":null,"website":null,"phone":null,"source":"OpenStreetMap/node/6789244520","sourceUpdatedAt":null,"verifiedAt":null}},{"type":"Feature","geometry":{"type":"Point","coordinates":[8.6578741,50.1162851]},"properties":{"id":"bikerack:329f0627-8b87-49cc-995d-8cac720bf7ba","kind":"bikerack","longitude":8.6578741,"latitude":50.1162851,"name":"Fahrradabstellplatz","city":"Frankfurt am Main","address":null,"covered":false,"access":null,"website":null,"phone":null,"source":"OpenStreetMap/node/10836684792","sourceUpdatedAt":null,"verifiedAt":null}},{"type":"Feature","geometry":{"type":"Point","coordinates":[8.6797859,50.1190988]},"properties":{"id":"bikerack:32da877e-4798-426d-ac9e-faa48fea5648","kind":"bikerack","longitude":8.6797859,"latitude":50.1190988,"name":"Fahrradabstellplatz","city":"Frankfurt am Main","address":null,"covered":false,"access":null,"website":null,"phone":null,"source":"OpenStreetMap/node/9686444041","sourceUpdatedAt":null,"verifiedAt":null}},{"type":"Feature","geometry":{"type":"Point","coordinates":[8.6628042,50.1183464]},"properties":{"id":"bikerack:32ec9002-127a-4336-8945-b3f6abc78e3b","kind":"bikerack","longitude":8.6628042,"latitude":50.1183464,"name":"Fahrradabstellplatz","city":"Frankfurt am Main","address":null,"covered":false,"access":null,"website":null,"phone":null,"source":"OpenStreetMap/node/12198716678","sourceUpdatedAt":null,"verifiedAt":null}},{"type":"Feature","geometry":{"type":"Point","coordinates":[8.6924001,50.1055458]},"properties":{"id":"bikerack:32f09b2b-fe84-4462-a1d0-c276e4edb580","kind":"bikerack","longitude":8.6924001,"latitude":50.1055458,"name":"Fahrradabstellplatz","city":"Frankfurt am Main","address":null,"covered":false,"access":null,"website":null,"phone":null,"source":"OpenStreetMap/node/10244438357","sourceUpdatedAt":null,"verifiedAt":null}},{"type":"Feature","geometry":{"type":"Point","coordinates":[8.6889684,50.0979587]},"properties":{"id":"bikerack:334aaaf4-1739-472c-8b53-a07b9644f35a","kind":"bikerack","longitude":8.6889684,"latitude":50.0979587,"name":"Fahrradabstellplatz","city":"Frankfurt am Main","address":null,"covered":false,"access":null,"website":null,"phone":null,"source":"OpenStreetMap/node/9143779275","sourceUpdatedAt":null,"verifiedAt":null}},{"type":"Feature","geometry":{"type":"Point","coordinates":[8.672997,50.1150537]},"properties":{"id":"bikerack:335351d7-1fb9-4f9a-8e8a-68d819160ad4","kind":"bikerack","longitude":8.672997,"latitude":50.1150537,"name":"Fahrradabstellplatz","city":"Frankfurt am Main","address":null,"covered":false,"access":null,"website":null,"phone":null,"source":"OpenStreetMap/node/11832558976","sourceUpdatedAt":null,"verifiedAt":null}},{"type":"Feature","geometry":{"type":"Point","coordinates":[8.6907409,50.1031555]},"properties":{"id":"bikerack:33e9d760-3a70-4815-8a64-13f643565e83","kind":"bikerack","longitude":8.6907409,"latitude":50.1031555,"name":"Fahrradabstellplatz","city":"Frankfurt am Main","address":null,"covered":false,"access":null,"website":null,"phone":null,"source":"OpenStreetMap/node/7412512940","sourceUpdatedAt":null,"verifiedAt":null}},{"type":"Feature","geometry":{"type":"Point","coordinates":[8.6784617,50.1094937]},"properties":{"id":"bikerack:34116452-8c09-4eaf-af57-a62531dd3c3a","kind":"bikerack","longitude":8.6784617,"latitude":50.1094937,"name":"Fahrradabstellplatz","city":"Frankfurt am Main","address":null,"covered":false,"access":null,"website":null,"phone":null,"source":"OpenStreetMap/node/7215119748","sourceUpdatedAt":null,"verifiedAt":null}},{"type":"Feature","geometry":{"type":"Point","coordinates":[8.6937568,50.1067414]},"properties":{"id":"bikerack:345a486a-c91d-4845-aa45-08bca9e454f5","kind":"bikerack","longitude":8.6937568,"latitude":50.1067414,"name":"Fahrradabstellplatz","city":"Frankfurt am Main","address":null,"covered":false,"access":null,"website":null,"phone":null,"source":"OpenStreetMap/node/8620847744","sourceUpdatedAt":null,"verifiedAt":null}},{"type":"Feature","geometry":{"type":"Point","coordinates":[8.6812217,50.1031556]},"properties":{"id":"bikerack:347ba88d-a86d-47ac-a3ac-8f2666019255","kind":"bikerack","longitude":8.6812217,"latitude":50.1031556,"name":"Fahrradabstellplatz","city":"Frankfurt am Main","address":null,"covered":false,"access":null,"website":null,"phone":null,"source":"OpenStreetMap/node/7700036930","sourceUpdatedAt":null,"verifiedAt":null}},{"type":"Feature","geometry":{"type":"Point","coordinates":[8.6677686,50.1130293]},"properties":{"id":"bikerack:34bc1e50-c50b-4e21-aca5-918193aa7dd0","kind":"bikerack","longitude":8.6677686,"latitude":50.1130293,"name":"Fahrradabstellplatz","city":"Frankfurt am Main","address":null,"covered":false,"access":null,"website":null,"phone":null,"source":"OpenStreetMap/node/13457325312","sourceUpdatedAt":null,"verifiedAt":null}},{"type":"Feature","geometry":{"type":"Point","coordinates":[8.6750158,50.1085425]},"properties":{"id":"bikerack:34c8cb47-b3ed-4571-a3bf-1b4902b15a9b","kind":"bikerack","longitude":8.6750158,"latitude":50.1085425,"name":"Fahrradabstellplatz","city":"Frankfurt am Main","address":null,"covered":false,"access":null,"website":null,"phone":null,"source":"OpenStreetMap/node/7948653098","sourceUpdatedAt":null,"verifiedAt":null}},{"type":"Feature","geometry":{"type":"Point","coordinates":[8.6625849,50.0972152]},"properties":{"id":"bikerack:34d28ba4-f03e-41da-911e-5cb0e0f0ad35","kind":"bikerack","longitude":8.6625849,"latitude":50.0972152,"name":"Fahrradabstellplatz","city":"Frankfurt am Main","address":null,"covered":false,"access":null,"website":null,"phone":null,"source":"OpenStreetMap/node/1468804504","sourceUpdatedAt":null,"verifiedAt":null}},{"type":"Feature","geometry":{"type":"Point","coordinates":[8.6661705,50.1037043]},"properties":{"id":"bikerack:34d56aef-5d40-4008-beb3-21df9a5a4d2c","kind":"bikerack","longitude":8.6661705,"latitude":50.1037043,"name":"Fahrradabstellplatz","city":"Frankfurt am Main","address":null,"covered":false,"access":null,"website":null,"phone":null,"source":"OpenStreetMap/node/714156677","sourceUpdatedAt":null,"verifiedAt":null}},{"type":"Feature","geometry":{"type":"Point","coordinates":[8.6890276,50.1170048]},"properties":{"id":"bikerack:350c706a-c076-4c27-893b-9e070be63b20","kind":"bikerack","longitude":8.6890276,"latitude":50.1170048,"name":"Fahrradabstellplatz","city":"Frankfurt am Main","address":null,"covered":false,"access":null,"website":null,"phone":null,"source":"OpenStreetMap/node/7249324950","sourceUpdatedAt":null,"verifiedAt":null}},{"type":"Feature","geometry":{"type":"Point","coordinates":[8.6637461,50.0964976]},"properties":{"id":"bikerack:35a7e52f-6a7a-47e1-addd-6720d6f8c9ae","kind":"bikerack","longitude":8.6637461,"latitude":50.0964976,"name":"Fahrradabstellplatz","city":"Frankfurt am Main","address":null,"covered":false,"access":null,"website":null,"phone":null,"source":"OpenStreetMap/node/13287034948","sourceUpdatedAt":null,"verifiedAt":null}},{"type":"Feature","geometry":{"type":"Point","coordinates":[8.666475,50.1151097]},"properties":{"id":"bikerack:35aa4ea3-7595-4118-904f-bfa77e487f6a","kind":"bikerack","longitude":8.666475,"latitude":50.1151097,"name":"Fahrradabstellplatz","city":"Frankfurt am Main","address":null,"covered":false,"access":null,"website":null,"phone":null,"source":"OpenStreetMap/node/10171509999","sourceUpdatedAt":null,"verifiedAt":null}},{"type":"Feature","geometry":{"type":"Point","coordinates":[8.6820913,50.1131064]},"properties":{"id":"bikerack:35bd4da3-f296-4a4c-b136-a61158141def","kind":"bikerack","longitude":8.6820913,"latitude":50.1131064,"name":"Fahrradabstellplatz","city":"Frankfurt am Main","address":null,"covered":false,"access":null,"website":null,"phone":null,"source":"OpenStreetMap/node/10157638208","sourceUpdatedAt":null,"verifiedAt":null}},{"type":"Feature","geometry":{"type":"Point","coordinates":[8.6878677,50.1158944]},"properties":{"id":"bikerack:3603888d-46fd-452e-8fa8-6c8bd0c4e149","kind":"bikerack","longitude":8.6878677,"latitude":50.1158944,"name":"Fahrradabstellplatz","city":"Frankfurt am Main","address":null,"covered":false,"access":null,"website":null,"phone":null,"source":"OpenStreetMap/node/7244710377","sourceUpdatedAt":null,"verifiedAt":null}},{"type":"Feature","geometry":{"type":"Point","coordinates":[8.6890257,50.1037742]},"properties":{"id":"bikerack:365b3341-2e29-46d2-85f1-255ce5b11a04","kind":"bikerack","longitude":8.6890257,"latitude":50.1037742,"name":"Fahrradabstellplatz","city":"Frankfurt am Main","address":null,"covered":false,"access":null,"website":null,"phone":null,"source":"OpenStreetMap/node/7412512942","sourceUpdatedAt":null,"verifiedAt":null}},{"type":"Feature","geometry":{"type":"Point","coordinates":[8.6882283,50.110279]},"properties":{"id":"bikerack:36804221-4853-4b42-bae2-879126c5b3b5","kind":"bikerack","longitude":8.6882283,"latitude":50.110279,"name":"Fahrradabstellplatz","city":"Frankfurt am Main","address":null,"covered":false,"access":null,"website":null,"phone":null,"source":"OpenStreetMap/node/12172088052","sourceUpdatedAt":null,"verifiedAt":null}},{"type":"Feature","geometry":{"type":"Point","coordinates":[8.6803657,50.1024131]},"properties":{"id":"bikerack:36a28ef3-6a77-46fa-9631-7f90d7aebd8e","kind":"bikerack","longitude":8.6803657,"latitude":50.1024131,"name":"Fahrradabstellplatz","city":"Frankfurt am Main","address":null,"covered":false,"access":null,"website":null,"phone":null,"source":"OpenStreetMap/node/1116650984","sourceUpdatedAt":null,"verifiedAt":null}},{"type":"Feature","geometry":{"type":"Point","coordinates":[8.6859586,50.1014355]},"properties":{"id":"bikerack:3711e6b1-4238-4d3e-896f-a64c1ce007e2","kind":"bikerack","longitude":8.6859586,"latitude":50.1014355,"name":"Fahrradabstellplatz","city":"Frankfurt am Main","address":null,"covered":false,"access":null,"website":null,"phone":null,"source":"OpenStreetMap/node/1551000009","sourceUpdatedAt":null,"verifiedAt":null}},{"type":"Feature","geometry":{"type":"Point","coordinates":[8.6734319,50.1011214]},"properties":{"id":"bikerack:377f6881-6241-477e-9d2d-aafb9334d124","kind":"bikerack","longitude":8.6734319,"latitude":50.1011214,"name":"Fahrradabstellplatz","city":"Frankfurt am Main","address":null,"covered":false,"access":null,"website":null,"phone":null,"source":"OpenStreetMap/node/9142625874","sourceUpdatedAt":null,"verifiedAt":null}},{"type":"Feature","geometry":{"type":"Point","coordinates":[8.6684779,50.0956199]},"properties":{"id":"bikerack:3810ea2a-e0a9-46c5-af59-9006be2f811c","kind":"bikerack","longitude":8.6684779,"latitude":50.0956199,"name":"Fahrradabstellplatz","city":"Frankfurt am Main","address":null,"covered":false,"access":null,"website":null,"phone":null,"source":"OpenStreetMap/node/6447505085","sourceUpdatedAt":null,"verifiedAt":null}},{"type":"Feature","geometry":{"type":"Point","coordinates":[8.6953762,50.1092997]},"properties":{"id":"bikerack:3912026d-dbd3-4a6a-b767-191381a2196f","kind":"bikerack","longitude":8.6953762,"latitude":50.1092997,"name":"Fahrradabstellplatz","city":"Frankfurt am Main","address":null,"covered":false,"access":null,"website":null,"phone":null,"source":"OpenStreetMap/node/2917044712","sourceUpdatedAt":null,"verifiedAt":null}},{"type":"Feature","geometry":{"type":"Point","coordinates":[8.6936998,50.1194573]},"properties":{"id":"bikerack:394b0aec-14b6-4505-bb90-b356abe50a6e","kind":"bikerack","longitude":8.6936998,"latitude":50.1194573,"name":"Fahrradabstellplatz","city":"Frankfurt am Main","address":null,"covered":false,"access":null,"website":null,"phone":null,"source":"OpenStreetMap/node/12628202176","sourceUpdatedAt":null,"verifiedAt":null}},{"type":"Feature","geometry":{"type":"Point","coordinates":[8.6878344,50.1162075]},"properties":{"id":"bikerack:396fc635-feda-4cf7-b38e-1f1795bd5fb3","kind":"bikerack","longitude":8.6878344,"latitude":50.1162075,"name":"Fahrradabstellplatz","city":"Frankfurt am Main","address":null,"covered":false,"access":null,"website":null,"phone":null,"source":"OpenStreetMap/node/7244710380","sourceUpdatedAt":null,"verifiedAt":null}},{"type":"Feature","geometry":{"type":"Point","coordinates":[8.700884,50.1139087]},"properties":{"id":"bikerack:3997c044-fef0-486c-9c5f-2bb8c9b35d3e","kind":"bikerack","longitude":8.700884,"latitude":50.1139087,"name":"Fahrradabstellplatz","city":"Frankfurt am Main","address":null,"covered":false,"access":null,"website":null,"phone":null,"source":"OpenStreetMap/node/10584562117","sourceUpdatedAt":null,"verifiedAt":null}},{"type":"Feature","geometry":{"type":"Point","coordinates":[8.6903776,50.1161527]},"properties":{"id":"bikerack:39d3b8db-929a-495f-823b-666bddea51cd","kind":"bikerack","longitude":8.6903776,"latitude":50.1161527,"name":"Fahrradabstellplatz","city":"Frankfurt am Main","address":null,"covered":false,"access":null,"website":null,"phone":null,"source":"OpenStreetMap/node/12213906883","sourceUpdatedAt":null,"verifiedAt":null}},{"type":"Feature","geometry":{"type":"Point","coordinates":[8.6878981,50.105992]},"properties":{"id":"bikerack:3a0743de-c96f-4d3d-af8d-ac21211c02db","kind":"bikerack","longitude":8.6878981,"latitude":50.105992,"name":"Fahrradabstellplatz","city":"Frankfurt am Main","address":null,"covered":false,"access":null,"website":null,"phone":null,"source":"OpenStreetMap/node/1678728948","sourceUpdatedAt":null,"verifiedAt":null}},{"type":"Feature","geometry":{"type":"Point","coordinates":[8.6700953,50.1157279]},"properties":{"id":"bikerack:3a569684-b070-4579-865e-b96f8c760dc7","kind":"bikerack","longitude":8.6700953,"latitude":50.1157279,"name":"Fahrradabstellplatz","city":"Frankfurt am Main","address":null,"covered":false,"access":null,"website":null,"phone":null,"source":"OpenStreetMap/node/1199383644","sourceUpdatedAt":null,"verifiedAt":null}},{"type":"Feature","geometry":{"type":"Point","coordinates":[8.6824367,50.1011716]},"properties":{"id":"bikerack:3a91af2f-3a8d-4c01-822a-206b3a075ee9","kind":"bikerack","longitude":8.6824367,"latitude":50.1011716,"name":"Fahrradabstellplatz","city":"Frankfurt am Main","address":null,"covered":false,"access":null,"website":null,"phone":null,"source":"OpenStreetMap/node/10121491633","sourceUpdatedAt":null,"verifiedAt":null}},{"type":"Feature","geometry":{"type":"Point","coordinates":[8.6604879,50.0938612]},"properties":{"id":"bikerack:3a96dd6b-6763-48a5-a1c7-854e73281fb5","kind":"bikerack","longitude":8.6604879,"latitude":50.0938612,"name":"Fahrradabstellplatz","city":"Frankfurt am Main","address":null,"covered":false,"access":null,"website":null,"phone":null,"source":"OpenStreetMap/node/10021780639","sourceUpdatedAt":null,"verifiedAt":null}},{"type":"Feature","geometry":{"type":"Point","coordinates":[8.6861193,50.116386]},"properties":{"id":"bikerack:3abd1d64-fdd9-43d6-af5d-a3b5470445f3","kind":"bikerack","longitude":8.6861193,"latitude":50.116386,"name":"Fahrradabstellplatz","city":"Frankfurt am Main","address":null,"covered":false,"access":null,"website":null,"phone":null,"source":"OpenStreetMap/node/6436238048","sourceUpdatedAt":null,"verifiedAt":null}},{"type":"Feature","geometry":{"type":"Point","coordinates":[8.6801305,50.1025372]},"properties":{"id":"bikerack:3aee6d4e-6704-40af-b077-056c91eb9aab","kind":"bikerack","longitude":8.6801305,"latitude":50.1025372,"name":"Fahrradabstellplatz","city":"Frankfurt am Main","address":null,"covered":false,"access":null,"website":null,"phone":null,"source":"OpenStreetMap/node/1116650978","sourceUpdatedAt":null,"verifiedAt":null}},{"type":"Feature","geometry":{"type":"Point","coordinates":[8.6801756,50.110501]},"properties":{"id":"bikerack:3b023376-22a2-4cff-be3e-4acd9348d537","kind":"bikerack","longitude":8.6801756,"latitude":50.110501,"name":"Fahrradabstellplatz","city":"Frankfurt am Main","address":null,"covered":false,"access":null,"website":null,"phone":null,"source":"OpenStreetMap/node/6504181914","sourceUpdatedAt":null,"verifiedAt":null}},{"type":"Feature","geometry":{"type":"Point","coordinates":[8.687065,50.1033381]},"properties":{"id":"bikerack:3b1901ff-9988-4999-89df-97cdd12636a5","kind":"bikerack","longitude":8.687065,"latitude":50.1033381,"name":"Fahrradabstellplatz","city":"Frankfurt am Main","address":null,"covered":false,"access":null,"website":null,"phone":null,"source":"OpenStreetMap/node/11113913678","sourceUpdatedAt":null,"verifiedAt":null}},{"type":"Feature","geometry":{"type":"Point","coordinates":[8.6953819,50.1161188]},"properties":{"id":"bikerack:3b8ce02c-9c0d-4d81-939d-b5aa7754474f","kind":"bikerack","longitude":8.6953819,"latitude":50.1161188,"name":"Fahrradabstellplatz","city":"Frankfurt am Main","address":null,"covered":false,"access":null,"website":null,"phone":null,"source":"OpenStreetMap/node/8075471072","sourceUpdatedAt":null,"verifiedAt":null}},{"type":"Feature","geometry":{"type":"Point","coordinates":[8.6752182,50.10818]},"properties":{"id":"bikerack:3b915ad0-ae0f-47ac-9e9f-821f4f0f4b5b","kind":"bikerack","longitude":8.6752182,"latitude":50.10818,"name":"Fahrradabstellplatz","city":"Frankfurt am Main","address":null,"covered":false,"access":null,"website":null,"phone":null,"source":"OpenStreetMap/node/7948653094","sourceUpdatedAt":null,"verifiedAt":null}},{"type":"Feature","geometry":{"type":"Point","coordinates":[8.663934,50.1098305]},"properties":{"id":"bikerack:3b9f5492-bc35-4a3c-b000-c989a76500eb","kind":"bikerack","longitude":8.663934,"latitude":50.1098305,"name":"Fahrradabstellplatz","city":"Frankfurt am Main","address":null,"covered":false,"access":null,"website":null,"phone":null,"source":"OpenStreetMap/node/12211195340","sourceUpdatedAt":null,"verifiedAt":null}},{"type":"Feature","geometry":{"type":"Point","coordinates":[8.6678679,50.0950479]},"properties":{"id":"bikerack:3bd5f616-089c-46de-b95e-31331438cdff","kind":"bikerack","longitude":8.6678679,"latitude":50.0950479,"name":"Fahrradabstellplatz","city":"Frankfurt am Main","address":null,"covered":false,"access":null,"website":null,"phone":null,"source":"OpenStreetMap/node/6447498690","sourceUpdatedAt":null,"verifiedAt":null}},{"type":"Feature","geometry":{"type":"Point","coordinates":[8.6909692,50.1005396]},"properties":{"id":"bikerack:3bdc8bc1-e554-44c5-9a83-0753b6f62cf9","kind":"bikerack","longitude":8.6909692,"latitude":50.1005396,"name":"Fahrradabstellplatz","city":"Frankfurt am Main","address":null,"covered":false,"access":null,"website":null,"phone":null,"source":"OpenStreetMap/node/8832625803","sourceUpdatedAt":null,"verifiedAt":null}},{"type":"Feature","geometry":{"type":"Point","coordinates":[8.6822332,50.1119099]},"properties":{"id":"bikerack:3c0fa243-2038-4e69-a3d5-89885c8bc9e1","kind":"bikerack","longitude":8.6822332,"latitude":50.1119099,"name":"Fahrradabstellplatz","city":"Frankfurt am Main","address":null,"covered":false,"access":null,"website":null,"phone":null,"source":"OpenStreetMap/node/9636344216","sourceUpdatedAt":null,"verifiedAt":null}},{"type":"Feature","geometry":{"type":"Point","coordinates":[8.6678198,50.1152137]},"properties":{"id":"bikerack:3c28d065-8f5f-47a7-923d-1cdffb9269ff","kind":"bikerack","longitude":8.6678198,"latitude":50.1152137,"name":"Fahrradabstellplatz","city":"Frankfurt am Main","address":null,"covered":false,"access":null,"website":null,"phone":null,"source":"OpenStreetMap/node/10171509293","sourceUpdatedAt":null,"verifiedAt":null}},{"type":"Feature","geometry":{"type":"Point","coordinates":[8.6862219,50.116945]},"properties":{"id":"bikerack:3c309716-3079-4b45-b325-10bcd43f6cfa","kind":"bikerack","longitude":8.6862219,"latitude":50.116945,"name":"Fahrradabstellplatz","city":"Frankfurt am Main","address":null,"covered":false,"access":null,"website":null,"phone":null,"source":"OpenStreetMap/node/6776236325","sourceUpdatedAt":null,"verifiedAt":null}},{"type":"Feature","geometry":{"type":"Point","coordinates":[8.6961741,50.1092504]},"properties":{"id":"bikerack:3c432132-dcf0-4593-8d82-66b24ccd25a9","kind":"bikerack","longitude":8.6961741,"latitude":50.1092504,"name":"Fahrradabstellplatz","city":"Frankfurt am Main","address":null,"covered":false,"access":null,"website":null,"phone":null,"source":"OpenStreetMap/node/2917044710","sourceUpdatedAt":null,"verifiedAt":null}},{"type":"Feature","geometry":{"type":"Point","coordinates":[8.6685662,50.1066046]},"properties":{"id":"bikerack:3c775e40-17db-4625-9da8-a5df2b944394","kind":"bikerack","longitude":8.6685662,"latitude":50.1066046,"name":"Fahrradabstellplatz","city":"Frankfurt am Main","address":null,"covered":false,"access":null,"website":null,"phone":null,"source":"OpenStreetMap/node/13667042098","sourceUpdatedAt":null,"verifiedAt":null}},{"type":"Feature","geometry":{"type":"Point","coordinates":[8.6844301,50.1123903]},"properties":{"id":"bikerack:3c9b30f2-a945-4a0c-b6a2-d8d3d3c51a32","kind":"bikerack","longitude":8.6844301,"latitude":50.1123903,"name":"Fahrradabstellplatz","city":"Frankfurt am Main","address":null,"covered":false,"access":null,"website":null,"phone":null,"source":"OpenStreetMap/node/9636108669","sourceUpdatedAt":null,"verifiedAt":null}},{"type":"Feature","geometry":{"type":"Point","coordinates":[8.6708755,50.1166396]},"properties":{"id":"bikerack:3cc47036-2747-467f-9ff1-cd1853be80ca","kind":"bikerack","longitude":8.6708755,"latitude":50.1166396,"name":"Fahrradabstellplatz","city":"Frankfurt am Main","address":null,"covered":false,"access":null,"website":null,"phone":null,"source":"OpenStreetMap/node/7153414731","sourceUpdatedAt":null,"verifiedAt":null}},{"type":"Feature","geometry":{"type":"Point","coordinates":[8.6590398,50.1105609]},"properties":{"id":"bikerack:3cfeb5d2-ce1d-48a1-bbe6-dce988888661","kind":"bikerack","longitude":8.6590398,"latitude":50.1105609,"name":"Fahrradabstellplatz","city":"Frankfurt am Main","address":null,"covered":false,"access":null,"website":null,"phone":null,"source":"OpenStreetMap/node/1127898012","sourceUpdatedAt":null,"verifiedAt":null}},{"type":"Feature","geometry":{"type":"Point","coordinates":[8.6969604,50.1137653]},"properties":{"id":"bikerack:3d080a63-309f-4fd0-b1bd-e68f2582a178","kind":"bikerack","longitude":8.6969604,"latitude":50.1137653,"name":"Fahrradabstellplatz","city":"Frankfurt am Main","address":null,"covered":false,"access":null,"website":null,"phone":null,"source":"OpenStreetMap/node/12568762799","sourceUpdatedAt":null,"verifiedAt":null}},{"type":"Feature","geometry":{"type":"Point","coordinates":[8.6617579,50.1017421]},"properties":{"id":"bikerack:3d2112d6-d1c5-4091-bad6-94407681cc1a","kind":"bikerack","longitude":8.6617579,"latitude":50.1017421,"name":"Fahrradabstellplatz","city":"Frankfurt am Main","address":null,"covered":false,"access":null,"website":null,"phone":null,"source":"OpenStreetMap/node/1439029256","sourceUpdatedAt":null,"verifiedAt":null}},{"type":"Feature","geometry":{"type":"Point","coordinates":[8.6983193,50.1196993]},"properties":{"id":"bikerack:3dd6bcc3-d793-4090-8bb3-4d517ff3aaba","kind":"bikerack","longitude":8.6983193,"latitude":50.1196993,"name":"Fahrradabstellplatz","city":"Frankfurt am Main","address":null,"covered":false,"access":null,"website":null,"phone":null,"source":"OpenStreetMap/node/6284198781","sourceUpdatedAt":null,"verifiedAt":null}},{"type":"Feature","geometry":{"type":"Point","coordinates":[8.6788884,50.1131659]},"properties":{"id":"bikerack:3ddb1212-8030-4cf8-81ba-0237ab5eb620","kind":"bikerack","longitude":8.6788884,"latitude":50.1131659,"name":"Fahrradabstellplatz","city":"Frankfurt am Main","address":null,"covered":false,"access":null,"website":null,"phone":null,"source":"OpenStreetMap/node/6284198755","sourceUpdatedAt":null,"verifiedAt":null}},{"type":"Feature","geometry":{"type":"Point","coordinates":[8.6877039,50.1121645]},"properties":{"id":"bikerack:3de9b72e-e583-4c05-bf90-4b3b420e5c44","kind":"bikerack","longitude":8.6877039,"latitude":50.1121645,"name":"Fahrradabstellplatz","city":"Frankfurt am Main","address":null,"covered":false,"access":null,"website":null,"phone":null,"source":"OpenStreetMap/node/6402472230","sourceUpdatedAt":null,"verifiedAt":null}},{"type":"Feature","geometry":{"type":"Point","coordinates":[8.6822845,50.0985696]},"properties":{"id":"bikerack:3def6dc7-3cbf-480d-b985-b5eeb8a39a37","kind":"bikerack","longitude":8.6822845,"latitude":50.0985696,"name":"Fahrradabstellplatz","city":"Frankfurt am Main","address":null,"covered":false,"access":null,"website":null,"phone":null,"source":"OpenStreetMap/node/7434512033","sourceUpdatedAt":null,"verifiedAt":null}},{"type":"Feature","geometry":{"type":"Point","coordinates":[8.6797115,50.1182039]},"properties":{"id":"bikerack:3dfeacc2-0b31-4110-a1f6-b062510fe800","kind":"bikerack","longitude":8.6797115,"latitude":50.1182039,"name":"Fahrradabstellplatz","city":"Frankfurt am Main","address":null,"covered":false,"access":null,"website":null,"phone":null,"source":"OpenStreetMap/node/2289464594","sourceUpdatedAt":null,"verifiedAt":null}},{"type":"Feature","geometry":{"type":"Point","coordinates":[8.6802702,50.1115005]},"properties":{"id":"bikerack:3e25a19d-9a01-4b0c-bb46-03a1704df019","kind":"bikerack","longitude":8.6802702,"latitude":50.1115005,"name":"Fahrradabstellplatz","city":"Frankfurt am Main","address":null,"covered":false,"access":null,"website":null,"phone":null,"source":"OpenStreetMap/node/8536977698","sourceUpdatedAt":null,"verifiedAt":null}},{"type":"Feature","geometry":{"type":"Point","coordinates":[8.684864,50.11661]},"properties":{"id":"bikerack:3e420f21-3850-4515-adfa-4a2e75854f20","kind":"bikerack","longitude":8.684864,"latitude":50.11661,"name":"Fahrradabstellplatz","city":"Frankfurt am Main","address":null,"covered":false,"access":null,"website":null,"phone":null,"source":"OpenStreetMap/node/6776236317","sourceUpdatedAt":null,"verifiedAt":null}},{"type":"Feature","geometry":{"type":"Point","coordinates":[8.6865721,50.1105356]},"properties":{"id":"bikerack:3e5303a3-f5c7-4cac-9b2f-694e8c7c72d6","kind":"bikerack","longitude":8.6865721,"latitude":50.1105356,"name":"Fahrradabstellplatz","city":"Frankfurt am Main","address":null,"covered":false,"access":null,"website":null,"phone":null,"source":"OpenStreetMap/node/10690178445","sourceUpdatedAt":null,"verifiedAt":null}},{"type":"Feature","geometry":{"type":"Point","coordinates":[8.6597364,50.1090151]},"properties":{"id":"bikerack:3e56dc60-42d8-4db4-a3f2-deef8e92e05a","kind":"bikerack","longitude":8.6597364,"latitude":50.1090151,"name":"Fahrradabstellplatz","city":"Frankfurt am Main","address":null,"covered":false,"access":null,"website":null,"phone":null,"source":"OpenStreetMap/node/9634066599","sourceUpdatedAt":null,"verifiedAt":null}},{"type":"Feature","geometry":{"type":"Point","coordinates":[8.6902685,50.1039541]},"properties":{"id":"bikerack:3e5f6fe7-57f2-47a3-971c-a34406893a2f","kind":"bikerack","longitude":8.6902685,"latitude":50.1039541,"name":"Fahrradabstellplatz","city":"Frankfurt am Main","address":null,"covered":false,"access":null,"website":null,"phone":null,"source":"OpenStreetMap/node/1678728938","sourceUpdatedAt":null,"verifiedAt":null}},{"type":"Feature","geometry":{"type":"Point","coordinates":[8.6768298,50.1132641]},"properties":{"id":"bikerack:3e785920-0a6e-41b9-b323-fd8a0aa17730","kind":"bikerack","longitude":8.6768298,"latitude":50.1132641,"name":"Fahrradabstellplatz","city":"Frankfurt am Main","address":null,"covered":false,"access":null,"website":null,"phone":null,"source":"OpenStreetMap/node/13428428446","sourceUpdatedAt":null,"verifiedAt":null}},{"type":"Feature","geometry":{"type":"Point","coordinates":[8.6799372,50.1202535]},"properties":{"id":"bikerack:3e7d8984-2ed8-43cf-bb51-a90544f25bda","kind":"bikerack","longitude":8.6799372,"latitude":50.1202535,"name":"Fahrradabstellplatz","city":"Frankfurt am Main","address":null,"covered":false,"access":null,"website":null,"phone":null,"source":"OpenStreetMap/node/9687706161","sourceUpdatedAt":null,"verifiedAt":null}},{"type":"Feature","geometry":{"type":"Point","coordinates":[8.681632,50.1164853]},"properties":{"id":"bikerack:3f537b88-f598-421c-8078-33e007016df0","kind":"bikerack","longitude":8.681632,"latitude":50.1164853,"name":"Fahrradabstellplatz","city":"Frankfurt am Main","address":null,"covered":false,"access":null,"website":null,"phone":null,"source":"OpenStreetMap/node/6444537792","sourceUpdatedAt":null,"verifiedAt":null}},{"type":"Feature","geometry":{"type":"Point","coordinates":[8.6813605,50.1140843]},"properties":{"id":"bikerack:3f832876-3d16-42c7-a421-9a1a1dfb19ca","kind":"bikerack","longitude":8.6813605,"latitude":50.1140843,"name":"Fahrradabstellplatz","city":"Frankfurt am Main","address":null,"covered":false,"access":null,"website":null,"phone":null,"source":"OpenStreetMap/node/1199382088","sourceUpdatedAt":null,"verifiedAt":null}},{"type":"Feature","geometry":{"type":"Point","coordinates":[8.68759,50.1018542]},"properties":{"id":"bikerack:3fa0d13e-e7a9-4368-b012-9a67fbe84a12","kind":"bikerack","longitude":8.68759,"latitude":50.1018542,"name":"Fahrradabstellplatz","city":"Frankfurt am Main","address":null,"covered":false,"access":null,"website":null,"phone":null,"source":"OpenStreetMap/node/8620811580","sourceUpdatedAt":null,"verifiedAt":null}},{"type":"Feature","geometry":{"type":"Point","coordinates":[8.6747827,50.109524]},"properties":{"id":"bikerack:3fe0b44e-df11-49ba-91ea-b68c55d56bd0","kind":"bikerack","longitude":8.6747827,"latitude":50.109524,"name":"Fahrradabstellplatz","city":"Frankfurt am Main","address":null,"covered":false,"access":null,"website":null,"phone":null,"source":"OpenStreetMap/node/7215095154","sourceUpdatedAt":null,"verifiedAt":null}},{"type":"Feature","geometry":{"type":"Point","coordinates":[8.6983772,50.109488]},"properties":{"id":"bikerack:3ffe7056-c9e7-4f8d-a8c8-bdf6b55f4cc5","kind":"bikerack","longitude":8.6983772,"latitude":50.109488,"name":"Fahrradabstellplatz","city":"Frankfurt am Main","address":null,"covered":false,"access":null,"website":null,"phone":null,"source":"OpenStreetMap/node/2917046268","sourceUpdatedAt":null,"verifiedAt":null}},{"type":"Feature","geometry":{"type":"Point","coordinates":[8.6856097,50.1181811]},"properties":{"id":"bikerack:3fff587a-0591-41d9-904a-cb66512f193c","kind":"bikerack","longitude":8.6856097,"latitude":50.1181811,"name":"Fahrradabstellplatz","city":"Frankfurt am Main","address":null,"covered":false,"access":null,"website":null,"phone":null,"source":"OpenStreetMap/node/6776236328","sourceUpdatedAt":null,"verifiedAt":null}},{"type":"Feature","geometry":{"type":"Point","coordinates":[8.6826844,50.1111879]},"properties":{"id":"bikerack:400186e1-c7f0-4125-b7db-0b4e2d25f8e8","kind":"bikerack","longitude":8.6826844,"latitude":50.1111879,"name":"Fahrradabstellplatz","city":"Frankfurt am Main","address":null,"covered":false,"access":null,"website":null,"phone":null,"source":"OpenStreetMap/node/9944413658","sourceUpdatedAt":null,"verifiedAt":null}},{"type":"Feature","geometry":{"type":"Point","coordinates":[8.6949394,50.1105049]},"properties":{"id":"bikerack:40799d80-f8ff-4968-9687-c7da78f1a033","kind":"bikerack","longitude":8.6949394,"latitude":50.1105049,"name":"Fahrradabstellplatz","city":"Frankfurt am Main","address":null,"covered":false,"access":null,"website":null,"phone":null,"source":"OpenStreetMap/node/5273573219","sourceUpdatedAt":null,"verifiedAt":null}},{"type":"Feature","geometry":{"type":"Point","coordinates":[8.6839709,50.1145693]},"properties":{"id":"bikerack:40823d23-3be5-40cf-af4f-1cc9bf825bc7","kind":"bikerack","longitude":8.6839709,"latitude":50.1145693,"name":"Fahrradabstellplatz","city":"Frankfurt am Main","address":null,"covered":false,"access":null,"website":null,"phone":null,"source":"OpenStreetMap/node/6284198761","sourceUpdatedAt":null,"verifiedAt":null}},{"type":"Feature","geometry":{"type":"Point","coordinates":[8.6749205,50.1087131]},"properties":{"id":"bikerack:40ee6b13-22b1-4540-8233-259ae3abe3aa","kind":"bikerack","longitude":8.6749205,"latitude":50.1087131,"name":"Fahrradabstellplatz","city":"Frankfurt am Main","address":null,"covered":false,"access":null,"website":null,"phone":null,"source":"OpenStreetMap/node/7948653101","sourceUpdatedAt":null,"verifiedAt":null}},{"type":"Feature","geometry":{"type":"Point","coordinates":[8.6824789,50.104099]},"properties":{"id":"bikerack:410b9af2-244a-44f2-9d8c-15dc17ce0c34","kind":"bikerack","longitude":8.6824789,"latitude":50.104099,"name":"Fahrradabstellplatz","city":"Frankfurt am Main","address":null,"covered":false,"access":null,"website":null,"phone":null,"source":"OpenStreetMap/node/7673091012","sourceUpdatedAt":null,"verifiedAt":null}},{"type":"Feature","geometry":{"type":"Point","coordinates":[8.6751246,50.109674]},"properties":{"id":"bikerack:412ff43d-e552-401a-91fc-ecbe2d1958b6","kind":"bikerack","longitude":8.6751246,"latitude":50.109674,"name":"Fahrradabstellplatz","city":"Frankfurt am Main","address":null,"covered":false,"access":null,"website":null,"phone":null,"source":"OpenStreetMap/node/7215095146","sourceUpdatedAt":null,"verifiedAt":null}},{"type":"Feature","geometry":{"type":"Point","coordinates":[8.6892743,50.1157496]},"properties":{"id":"bikerack:417a03ff-c830-4056-a9e1-78ebe3563b06","kind":"bikerack","longitude":8.6892743,"latitude":50.1157496,"name":"Fahrradabstellplatz","city":"Frankfurt am Main","address":null,"covered":false,"access":null,"website":null,"phone":null,"source":"OpenStreetMap/node/6438795305","sourceUpdatedAt":null,"verifiedAt":null}},{"type":"Feature","geometry":{"type":"Point","coordinates":[8.6934629,50.1193297]},"properties":{"id":"bikerack:41bd1439-dfe7-4234-86f9-50adf0682c41","kind":"bikerack","longitude":8.6934629,"latitude":50.1193297,"name":"Fahrradabstellplatz","city":"Frankfurt am Main","address":null,"covered":false,"access":null,"website":null,"phone":null,"source":"OpenStreetMap/node/12213896880","sourceUpdatedAt":null,"verifiedAt":null}},{"type":"Feature","geometry":{"type":"Point","coordinates":[8.6978822,50.1173682]},"properties":{"id":"bikerack:41e2e26d-0656-4b5a-9212-21208894e567","kind":"bikerack","longitude":8.6978822,"latitude":50.1173682,"name":"Fahrradabstellplatz","city":"Frankfurt am Main","address":null,"covered":true,"access":null,"website":null,"phone":null,"source":"OpenStreetMap/node/9839577704","sourceUpdatedAt":null,"verifiedAt":null}},{"type":"Feature","geometry":{"type":"Point","coordinates":[8.6708767,50.117144]},"properties":{"id":"bikerack:427c5f1b-a3ab-4d24-a6c3-d6b36abbfc47","kind":"bikerack","longitude":8.6708767,"latitude":50.117144,"name":"Fahrradabstellplatz","city":"Frankfurt am Main","address":null,"covered":false,"access":null,"website":null,"phone":null,"source":"OpenStreetMap/node/7153414729","sourceUpdatedAt":null,"verifiedAt":null}},{"type":"Feature","geometry":{"type":"Point","coordinates":[8.6645092,50.0958807]},"properties":{"id":"bikerack:42d87515-e587-49e1-a9fb-ce702a525c4b","kind":"bikerack","longitude":8.6645092,"latitude":50.0958807,"name":"Fahrradabstellplatz","city":"Frankfurt am Main","address":null,"covered":false,"access":null,"website":null,"phone":null,"source":"OpenStreetMap/node/1468804482","sourceUpdatedAt":null,"verifiedAt":null}},{"type":"Feature","geometry":{"type":"Point","coordinates":[8.6900708,50.1038849]},"properties":{"id":"bikerack:42e31c57-80a8-47fa-beab-1dc021f3a5a4","kind":"bikerack","longitude":8.6900708,"latitude":50.1038849,"name":"Fahrradabstellplatz","city":"Frankfurt am Main","address":null,"covered":false,"access":null,"website":null,"phone":null,"source":"OpenStreetMap/node/8725288512","sourceUpdatedAt":null,"verifiedAt":null}},{"type":"Feature","geometry":{"type":"Point","coordinates":[8.6653587,50.1154449]},"properties":{"id":"bikerack:43158e3f-cbd8-4778-9de3-f506ffca7900","kind":"bikerack","longitude":8.6653587,"latitude":50.1154449,"name":"Fahrradabstellplatz","city":"Frankfurt am Main","address":null,"covered":false,"access":null,"website":null,"phone":null,"source":"OpenStreetMap/node/10171513588","sourceUpdatedAt":null,"verifiedAt":null}},{"type":"Feature","geometry":{"type":"Point","coordinates":[8.6573776,50.1115386]},"properties":{"id":"bikerack:43e40434-abca-43b9-9092-95d2bcf2bdf0","kind":"bikerack","longitude":8.6573776,"latitude":50.1115386,"name":"Fahrradabstellplatz","city":"Frankfurt am Main","address":null,"covered":false,"access":null,"website":null,"phone":null,"source":"OpenStreetMap/node/2606895154","sourceUpdatedAt":null,"verifiedAt":null}},{"type":"Feature","geometry":{"type":"Point","coordinates":[8.6991314,50.1144571]},"properties":{"id":"bikerack:449e67c5-8f41-40da-a6bb-d50f851e196d","kind":"bikerack","longitude":8.6991314,"latitude":50.1144571,"name":"Fahrradabstellplatz","city":"Frankfurt am Main","address":null,"covered":false,"access":null,"website":null,"phone":null,"source":"OpenStreetMap/node/13482037674","sourceUpdatedAt":null,"verifiedAt":null}},{"type":"Feature","geometry":{"type":"Point","coordinates":[8.6660471,50.1172389]},"properties":{"id":"bikerack:44b0c15e-b0db-4b26-b615-d3784726fbc5","kind":"bikerack","longitude":8.6660471,"latitude":50.1172389,"name":"Fahrradabstellplatz","city":"Frankfurt am Main","address":null,"covered":false,"access":null,"website":null,"phone":null,"source":"OpenStreetMap/node/8341682799","sourceUpdatedAt":null,"verifiedAt":null}},{"type":"Feature","geometry":{"type":"Point","coordinates":[8.6679513,50.1191032]},"properties":{"id":"bikerack:44b55f83-acb3-4590-82cb-9fa35b9ae647","kind":"bikerack","longitude":8.6679513,"latitude":50.1191032,"name":"Fahrradabstellplatz","city":"Frankfurt am Main","address":null,"covered":false,"access":null,"website":null,"phone":null,"source":"OpenStreetMap/node/9020087670","sourceUpdatedAt":null,"verifiedAt":null}},{"type":"Feature","geometry":{"type":"Point","coordinates":[8.694001,50.0967628]},"properties":{"id":"bikerack:44d1bdfb-b14c-4ac7-96f6-21452694ed26","kind":"bikerack","longitude":8.694001,"latitude":50.0967628,"name":"Fahrradabstellplatz","city":"Frankfurt am Main","address":null,"covered":false,"access":null,"website":null,"phone":null,"source":"OpenStreetMap/node/6789244519","sourceUpdatedAt":null,"verifiedAt":null}},{"type":"Feature","geometry":{"type":"Point","coordinates":[8.6793852,50.1119876]},"properties":{"id":"bikerack:45162a30-0a62-4a33-b686-6400a9a7a4fe","kind":"bikerack","longitude":8.6793852,"latitude":50.1119876,"name":"Fahrradabstellplatz","city":"Frankfurt am Main","address":null,"covered":false,"access":null,"website":null,"phone":null,"source":"OpenStreetMap/node/8503618999","sourceUpdatedAt":null,"verifiedAt":null}},{"type":"Feature","geometry":{"type":"Point","coordinates":[8.6799982,50.1114739]},"properties":{"id":"bikerack:45ccd9d9-7748-4e44-bd0f-7d1e95ef6c61","kind":"bikerack","longitude":8.6799982,"latitude":50.1114739,"name":"Fahrradabstellplatz","city":"Frankfurt am Main","address":null,"covered":false,"access":null,"website":null,"phone":null,"source":"OpenStreetMap/node/8507664062","sourceUpdatedAt":null,"verifiedAt":null}},{"type":"Feature","geometry":{"type":"Point","coordinates":[8.6604821,50.1107649]},"properties":{"id":"bikerack:465532e7-7fcd-4aa4-b152-f08aa63c0702","kind":"bikerack","longitude":8.6604821,"latitude":50.1107649,"name":"Fahrradabstellplatz","city":"Frankfurt am Main","address":null,"covered":false,"access":null,"website":null,"phone":null,"source":"OpenStreetMap/node/8775413930","sourceUpdatedAt":null,"verifiedAt":null}},{"type":"Feature","geometry":{"type":"Point","coordinates":[8.6870532,50.1014051]},"properties":{"id":"bikerack:46ea5c1e-a946-4eab-9c48-6985d2b5ddb5","kind":"bikerack","longitude":8.6870532,"latitude":50.1014051,"name":"Fahrradabstellplatz","city":"Frankfurt am Main","address":null,"covered":false,"access":null,"website":null,"phone":null,"source":"OpenStreetMap/node/1551000002","sourceUpdatedAt":null,"verifiedAt":null}},{"type":"Feature","geometry":{"type":"Point","coordinates":[8.696992,50.1161605]},"properties":{"id":"bikerack:47590689-45b0-43b3-84fa-5c5c5baecd3c","kind":"bikerack","longitude":8.696992,"latitude":50.1161605,"name":"Fahrradabstellplatz","city":"Frankfurt am Main","address":null,"covered":false,"access":null,"website":null,"phone":null,"source":"OpenStreetMap/node/11753449634","sourceUpdatedAt":null,"verifiedAt":null}},{"type":"Feature","geometry":{"type":"Point","coordinates":[8.6908776,50.1148256]},"properties":{"id":"bikerack:4768d5ce-f88b-431d-9fd5-7aa9b5d4e9ca","kind":"bikerack","longitude":8.6908776,"latitude":50.1148256,"name":"Fahrradabstellplatz","city":"Frankfurt am Main","address":null,"covered":false,"access":null,"website":null,"phone":null,"source":"OpenStreetMap/node/6355945519","sourceUpdatedAt":null,"verifiedAt":null}},{"type":"Feature","geometry":{"type":"Point","coordinates":[8.6623588,50.1112047]},"properties":{"id":"bikerack:47cc0966-7a28-4302-8dc7-892a150b52ea","kind":"bikerack","longitude":8.6623588,"latitude":50.1112047,"name":"Fahrradabstellplatz","city":"Frankfurt am Main","address":null,"covered":false,"access":null,"website":null,"phone":null,"source":"OpenStreetMap/node/13598104983","sourceUpdatedAt":null,"verifiedAt":null}},{"type":"Feature","geometry":{"type":"Point","coordinates":[8.6797629,50.1202157]},"properties":{"id":"bikerack:48606ad5-6e25-4a58-a295-9e50fbd9c6de","kind":"bikerack","longitude":8.6797629,"latitude":50.1202157,"name":"Fahrradabstellplatz","city":"Frankfurt am Main","address":null,"covered":false,"access":null,"website":null,"phone":null,"source":"OpenStreetMap/node/9687711683","sourceUpdatedAt":null,"verifiedAt":null}},{"type":"Feature","geometry":{"type":"Point","coordinates":[8.6658677,50.1036702]},"properties":{"id":"bikerack:4864f864-7cfc-44e8-a66f-4e2c76422140","kind":"bikerack","longitude":8.6658677,"latitude":50.1036702,"name":"Fahrradabstellplatz","city":"Frankfurt am Main","address":null,"covered":false,"access":null,"website":null,"phone":null,"source":"OpenStreetMap/node/9612605377","sourceUpdatedAt":null,"verifiedAt":null}},{"type":"Feature","geometry":{"type":"Point","coordinates":[8.6751808,50.1077764]},"properties":{"id":"bikerack:48e1a35c-fa3c-4239-8a01-b96aad49171d","kind":"bikerack","longitude":8.6751808,"latitude":50.1077764,"name":"Fahrradabstellplatz","city":"Frankfurt am Main","address":null,"covered":false,"access":null,"website":null,"phone":null,"source":"OpenStreetMap/node/2978095213","sourceUpdatedAt":null,"verifiedAt":null}},{"type":"Feature","geometry":{"type":"Point","coordinates":[8.6688344,50.1051275]},"properties":{"id":"bikerack:49a810e3-f580-44c6-b608-793322fd3c20","kind":"bikerack","longitude":8.6688344,"latitude":50.1051275,"name":"Fahrradabstellplatz","city":"Frankfurt am Main","address":null,"covered":false,"access":null,"website":null,"phone":null,"source":"OpenStreetMap/node/9635395409","sourceUpdatedAt":null,"verifiedAt":null}},{"type":"Feature","geometry":{"type":"Point","coordinates":[8.69913,50.1129787]},"properties":{"id":"bikerack:49f447e1-d2e6-45b3-9435-42c1efb0d353","kind":"bikerack","longitude":8.69913,"latitude":50.1129787,"name":"Fahrradabstellplatz","city":"Frankfurt am Main","address":null,"covered":false,"access":null,"website":null,"phone":null,"source":"OpenStreetMap/node/9391764366","sourceUpdatedAt":null,"verifiedAt":null}},{"type":"Feature","geometry":{"type":"Point","coordinates":[8.6731544,50.108463]},"properties":{"id":"bikerack:4a1de68c-650b-434d-95cb-e7e1053ff1d0","kind":"bikerack","longitude":8.6731544,"latitude":50.108463,"name":"Fahrradabstellplatz","city":"Frankfurt am Main","address":null,"covered":false,"access":null,"website":null,"phone":null,"source":"OpenStreetMap/node/7215095148","sourceUpdatedAt":null,"verifiedAt":null}},{"type":"Feature","geometry":{"type":"Point","coordinates":[8.7001545,50.1146752]},"properties":{"id":"bikerack:4a1f1c75-ae58-48b4-b103-21b65d43bc4b","kind":"bikerack","longitude":8.7001545,"latitude":50.1146752,"name":"Fahrradabstellplatz","city":"Frankfurt am Main","address":null,"covered":false,"access":null,"website":null,"phone":null,"source":"OpenStreetMap/node/2401161947","sourceUpdatedAt":null,"verifiedAt":null}},{"type":"Feature","geometry":{"type":"Point","coordinates":[8.665123,50.0961891]},"properties":{"id":"bikerack:4a4b3738-f81f-42eb-b581-85d556778245","kind":"bikerack","longitude":8.665123,"latitude":50.0961891,"name":"Fahrradabstellplatz","city":"Frankfurt am Main","address":null,"covered":false,"access":null,"website":null,"phone":null,"source":"OpenStreetMap/node/1468812551","sourceUpdatedAt":null,"verifiedAt":null}},{"type":"Feature","geometry":{"type":"Point","coordinates":[8.6764553,50.1140654]},"properties":{"id":"bikerack:4ad3681b-d9dd-49aa-9fe8-ff256ab925de","kind":"bikerack","longitude":8.6764553,"latitude":50.1140654,"name":"Fahrradabstellplatz","city":"Frankfurt am Main","address":null,"covered":false,"access":null,"website":null,"phone":null,"source":"OpenStreetMap/node/6284198751","sourceUpdatedAt":null,"verifiedAt":null}},{"type":"Feature","geometry":{"type":"Point","coordinates":[8.686332,50.1000347]},"properties":{"id":"bikerack:4b21dfed-d396-4588-919f-a98b2f641429","kind":"bikerack","longitude":8.686332,"latitude":50.1000347,"name":"Fahrradabstellplatz","city":"Frankfurt am Main","address":null,"covered":true,"access":null,"website":null,"phone":null,"source":"OpenStreetMap/node/8680053642","sourceUpdatedAt":null,"verifiedAt":null}},{"type":"Feature","geometry":{"type":"Point","coordinates":[8.6806673,50.0977214]},"properties":{"id":"bikerack:4b63950b-4b6c-4527-b82a-835062157a5d","kind":"bikerack","longitude":8.6806673,"latitude":50.0977214,"name":"Fahrradabstellplatz","city":"Frankfurt am Main","address":null,"covered":false,"access":null,"website":null,"phone":null,"source":"OpenStreetMap/node/7746815052","sourceUpdatedAt":null,"verifiedAt":null}},{"type":"Feature","geometry":{"type":"Point","coordinates":[8.6881423,50.1039448]},"properties":{"id":"bikerack:4bf5f5f5-84ba-4f9d-9112-5d932d999df3","kind":"bikerack","longitude":8.6881423,"latitude":50.1039448,"name":"Fahrradabstellplatz","city":"Frankfurt am Main","address":null,"covered":false,"access":null,"website":null,"phone":null,"source":"OpenStreetMap/node/3541132078","sourceUpdatedAt":null,"verifiedAt":null}},{"type":"Feature","geometry":{"type":"Point","coordinates":[8.6814403,50.1090703]},"properties":{"id":"bikerack:4cb8b2fd-f7df-4122-b402-caafbff8c038","kind":"bikerack","longitude":8.6814403,"latitude":50.1090703,"name":"Fahrradabstellplatz","city":"Frankfurt am Main","address":null,"covered":false,"access":null,"website":null,"phone":null,"source":"OpenStreetMap/node/12155421403","sourceUpdatedAt":null,"verifiedAt":null}},{"type":"Feature","geometry":{"type":"Point","coordinates":[8.6798894,50.1149482]},"properties":{"id":"bikerack:4ccfca51-eaf6-4c84-a6dc-10a460e651b9","kind":"bikerack","longitude":8.6798894,"latitude":50.1149482,"name":"Fahrradabstellplatz","city":"Frankfurt am Main","address":null,"covered":false,"access":null,"website":null,"phone":null,"source":"OpenStreetMap/node/12855674693","sourceUpdatedAt":null,"verifiedAt":null}},{"type":"Feature","geometry":{"type":"Point","coordinates":[8.6857596,50.1175227]},"properties":{"id":"bikerack:4cf64ec9-9001-4af1-b60a-6b4598744693","kind":"bikerack","longitude":8.6857596,"latitude":50.1175227,"name":"Fahrradabstellplatz","city":"Frankfurt am Main","address":null,"covered":false,"access":null,"website":null,"phone":null,"source":"OpenStreetMap/node/10961981776","sourceUpdatedAt":null,"verifiedAt":null}},{"type":"Feature","geometry":{"type":"Point","coordinates":[8.6820731,50.0992171]},"properties":{"id":"bikerack:4d001f47-edba-4cca-86ed-1e8b3f90b49e","kind":"bikerack","longitude":8.6820731,"latitude":50.0992171,"name":"Fahrradabstellplatz","city":"Frankfurt am Main","address":null,"covered":false,"access":null,"website":null,"phone":null,"source":"OpenStreetMap/node/12237920335","sourceUpdatedAt":null,"verifiedAt":null}},{"type":"Feature","geometry":{"type":"Point","coordinates":[8.6971419,50.1137726]},"properties":{"id":"bikerack:4d6b91ba-6c4f-4368-9d88-f5f67d0c0840","kind":"bikerack","longitude":8.6971419,"latitude":50.1137726,"name":"Fahrradabstellplatz","city":"Frankfurt am Main","address":null,"covered":false,"access":null,"website":null,"phone":null,"source":"OpenStreetMap/node/12568775072","sourceUpdatedAt":null,"verifiedAt":null}},{"type":"Feature","geometry":{"type":"Point","coordinates":[8.6956876,50.1200999]},"properties":{"id":"bikerack:4dbc8e36-88ab-440d-9efb-f810d5359407","kind":"bikerack","longitude":8.6956876,"latitude":50.1200999,"name":"Fahrradabstellplatz","city":"Frankfurt am Main","address":null,"covered":false,"access":null,"website":null,"phone":null,"source":"OpenStreetMap/node/13428422364","sourceUpdatedAt":null,"verifiedAt":null}},{"type":"Feature","geometry":{"type":"Point","coordinates":[8.6899292,50.1099659]},"properties":{"id":"bikerack:4de8ac3f-3ab5-4353-849d-dc3eacbd31bd","kind":"bikerack","longitude":8.6899292,"latitude":50.1099659,"name":"Fahrradabstellplatz","city":"Frankfurt am Main","address":null,"covered":false,"access":null,"website":null,"phone":null,"source":"OpenStreetMap/node/9594561518","sourceUpdatedAt":null,"verifiedAt":null}},{"type":"Feature","geometry":{"type":"Point","coordinates":[8.6691987,50.1156405]},"properties":{"id":"bikerack:4e3416dc-c730-4dd1-8bcb-a73bd3598368","kind":"bikerack","longitude":8.6691987,"latitude":50.1156405,"name":"Fahrradabstellplatz","city":"Frankfurt am Main","address":null,"covered":false,"access":null,"website":null,"phone":null,"source":"OpenStreetMap/node/13711148082","sourceUpdatedAt":null,"verifiedAt":null}},{"type":"Feature","geometry":{"type":"Point","coordinates":[8.6770159,50.1051708]},"properties":{"id":"bikerack:4e7654c6-eeeb-4ac1-b439-4f77501d23c5","kind":"bikerack","longitude":8.6770159,"latitude":50.1051708,"name":"Fahrradabstellplatz","city":"Frankfurt am Main","address":null,"covered":false,"access":null,"website":null,"phone":null,"source":"OpenStreetMap/node/6712588702","sourceUpdatedAt":null,"verifiedAt":null}},{"type":"Feature","geometry":{"type":"Point","coordinates":[8.657482,50.1117173]},"properties":{"id":"bikerack:4e9a0687-4185-4af4-9fd9-4f41b2b18a40","kind":"bikerack","longitude":8.657482,"latitude":50.1117173,"name":"Fahrradabstellplatz","city":"Frankfurt am Main","address":null,"covered":false,"access":null,"website":null,"phone":null,"source":"OpenStreetMap/node/9420765804","sourceUpdatedAt":null,"verifiedAt":null}},{"type":"Feature","geometry":{"type":"Point","coordinates":[8.6696566,50.1087453]},"properties":{"id":"bikerack:4ebc44ce-6695-4f87-ab78-0024616d237a","kind":"bikerack","longitude":8.6696566,"latitude":50.1087453,"name":"Fahrradabstellplatz","city":"Frankfurt am Main","address":null,"covered":false,"access":null,"website":null,"phone":null,"source":"OpenStreetMap/node/10712241176","sourceUpdatedAt":null,"verifiedAt":null}},{"type":"Feature","geometry":{"type":"Point","coordinates":[8.6813081,50.1164419]},"properties":{"id":"bikerack:4ee7dafd-2f62-456e-9f90-ea2795f9696d","kind":"bikerack","longitude":8.6813081,"latitude":50.1164419,"name":"Fahrradabstellplatz","city":"Frankfurt am Main","address":null,"covered":true,"access":null,"website":null,"phone":null,"source":"OpenStreetMap/node/6444537793","sourceUpdatedAt":null,"verifiedAt":null}},{"type":"Feature","geometry":{"type":"Point","coordinates":[8.6731839,50.1010662]},"properties":{"id":"bikerack:4f04b9cb-c364-48b5-a5ce-4edd7296d3fa","kind":"bikerack","longitude":8.6731839,"latitude":50.1010662,"name":"Fahrradabstellplatz","city":"Frankfurt am Main","address":null,"covered":false,"access":null,"website":null,"phone":null,"source":"OpenStreetMap/node/9142739119","sourceUpdatedAt":null,"verifiedAt":null}},{"type":"Feature","geometry":{"type":"Point","coordinates":[8.6762831,50.1019123]},"properties":{"id":"bikerack:4f4e8fa8-9e2e-4bb0-b12d-69f577d0b5d0","kind":"bikerack","longitude":8.6762831,"latitude":50.1019123,"name":"Fahrradabstellplatz","city":"Frankfurt am Main","address":null,"covered":false,"access":null,"website":null,"phone":null,"source":"OpenStreetMap/node/6953679435","sourceUpdatedAt":null,"verifiedAt":null}},{"type":"Feature","geometry":{"type":"Point","coordinates":[8.6706859,50.1152219]},"properties":{"id":"bikerack:4f59d0e1-d75b-4db7-ab58-9ed7976db465","kind":"bikerack","longitude":8.6706859,"latitude":50.1152219,"name":"Fahrradabstellplatz","city":"Frankfurt am Main","address":null,"covered":false,"access":null,"website":null,"phone":null,"source":"OpenStreetMap/node/5918531063","sourceUpdatedAt":null,"verifiedAt":null}},{"type":"Feature","geometry":{"type":"Point","coordinates":[8.6595701,50.1089394]},"properties":{"id":"bikerack:4fd3d2a7-1cc6-490d-9b89-3d532fcc7fc3","kind":"bikerack","longitude":8.6595701,"latitude":50.1089394,"name":"Fahrradabstellplatz","city":"Frankfurt am Main","address":null,"covered":false,"access":null,"website":null,"phone":null,"source":"OpenStreetMap/node/9634062571","sourceUpdatedAt":null,"verifiedAt":null}},{"type":"Feature","geometry":{"type":"Point","coordinates":[8.6605656,50.0931387]},"properties":{"id":"bikerack:4fe2a01a-68e7-444b-92a5-f26645d2abea","kind":"bikerack","longitude":8.6605656,"latitude":50.0931387,"name":"Fahrradabstellplatz","city":"Frankfurt am Main","address":null,"covered":true,"access":null,"website":null,"phone":null,"source":"OpenStreetMap/node/8541062194","sourceUpdatedAt":null,"verifiedAt":null}},{"type":"Feature","geometry":{"type":"Point","coordinates":[8.6947617,50.1198436]},"properties":{"id":"bikerack:4fec91db-b9ae-453c-b559-c64b3081a130","kind":"bikerack","longitude":8.6947617,"latitude":50.1198436,"name":"Fahrradabstellplatz","city":"Frankfurt am Main","address":null,"covered":false,"access":null,"website":null,"phone":null,"source":"OpenStreetMap/node/12568703676","sourceUpdatedAt":null,"verifiedAt":null}},{"type":"Feature","geometry":{"type":"Point","coordinates":[8.6687656,50.0957612]},"properties":{"id":"bikerack:5022c207-00f8-4471-b234-dede598f3494","kind":"bikerack","longitude":8.6687656,"latitude":50.0957612,"name":"Fahrradabstellplatz","city":"Frankfurt am Main","address":null,"covered":false,"access":null,"website":null,"phone":null,"source":"OpenStreetMap/node/6447498686","sourceUpdatedAt":null,"verifiedAt":null}},{"type":"Feature","geometry":{"type":"Point","coordinates":[8.6830159,50.1119503]},"properties":{"id":"bikerack:502ef6dc-1d59-4600-9006-eb2a493e5b83","kind":"bikerack","longitude":8.6830159,"latitude":50.1119503,"name":"Fahrradabstellplatz","city":"Frankfurt am Main","address":null,"covered":false,"access":null,"website":null,"phone":null,"source":"OpenStreetMap/node/9636463607","sourceUpdatedAt":null,"verifiedAt":null}},{"type":"Feature","geometry":{"type":"Point","coordinates":[8.6612656,50.1085885]},"properties":{"id":"bikerack:5032add7-2efc-4206-816a-dd197b72c3cc","kind":"bikerack","longitude":8.6612656,"latitude":50.1085885,"name":"Fahrradabstellplatz","city":"Frankfurt am Main","address":null,"covered":false,"access":null,"website":null,"phone":null,"source":"OpenStreetMap/node/12586932670","sourceUpdatedAt":null,"verifiedAt":null}},{"type":"Feature","geometry":{"type":"Point","coordinates":[8.6883822,50.1057218]},"properties":{"id":"bikerack:50c2e2c3-637d-46c7-acee-8c2c590e8f61","kind":"bikerack","longitude":8.6883822,"latitude":50.1057218,"name":"Fahrradabstellplatz","city":"Frankfurt am Main","address":null,"covered":false,"access":null,"website":null,"phone":null,"source":"OpenStreetMap/node/7773496162","sourceUpdatedAt":null,"verifiedAt":null}},{"type":"Feature","geometry":{"type":"Point","coordinates":[8.6699106,50.1143606]},"properties":{"id":"bikerack:50d78048-f7cc-450c-a69c-9e6fba80b01f","kind":"bikerack","longitude":8.6699106,"latitude":50.1143606,"name":"Fahrradabstellplatz","city":"Frankfurt am Main","address":null,"covered":false,"access":null,"website":null,"phone":null,"source":"OpenStreetMap/node/11990007397","sourceUpdatedAt":null,"verifiedAt":null}},{"type":"Feature","geometry":{"type":"Point","coordinates":[8.6851674,50.1051936]},"properties":{"id":"bikerack:50e36a11-7f9d-439b-8e08-66685c1dc9f6","kind":"bikerack","longitude":8.6851674,"latitude":50.1051936,"name":"Fahrradabstellplatz","city":"Frankfurt am Main","address":null,"covered":false,"access":null,"website":null,"phone":null,"source":"OpenStreetMap/node/9275034837","sourceUpdatedAt":null,"verifiedAt":null}},{"type":"Feature","geometry":{"type":"Point","coordinates":[8.6991681,50.1148416]},"properties":{"id":"bikerack:50e52b4c-3db1-48cd-96fd-b68ba8114254","kind":"bikerack","longitude":8.6991681,"latitude":50.1148416,"name":"Fahrradabstellplatz","city":"Frankfurt am Main","address":null,"covered":false,"access":null,"website":null,"phone":null,"source":"OpenStreetMap/node/6015903048","sourceUpdatedAt":null,"verifiedAt":null}},{"type":"Feature","geometry":{"type":"Point","coordinates":[8.6734375,50.1082134]},"properties":{"id":"bikerack:50f0f0fa-d205-4181-8cc4-b1c4ecaa25b2","kind":"bikerack","longitude":8.6734375,"latitude":50.1082134,"name":"Fahrradabstellplatz","city":"Frankfurt am Main","address":null,"covered":false,"access":null,"website":null,"phone":null,"source":"OpenStreetMap/node/7215095150","sourceUpdatedAt":null,"verifiedAt":null}},{"type":"Feature","geometry":{"type":"Point","coordinates":[8.6758789,50.1021888]},"properties":{"id":"bikerack:513bc253-8358-46af-a10f-1afa6ba1fd07","kind":"bikerack","longitude":8.6758789,"latitude":50.1021888,"name":"Fahrradabstellplatz","city":"Frankfurt am Main","address":null,"covered":false,"access":null,"website":null,"phone":null,"source":"OpenStreetMap/node/2070465154","sourceUpdatedAt":null,"verifiedAt":null}},{"type":"Feature","geometry":{"type":"Point","coordinates":[8.6634733,50.0946491]},"properties":{"id":"bikerack:514994eb-b9e8-4a00-93b1-bff80e4b6160","kind":"bikerack","longitude":8.6634733,"latitude":50.0946491,"name":"Fahrradabstellplatz","city":"Frankfurt am Main","address":null,"covered":false,"access":null,"website":null,"phone":null,"source":"OpenStreetMap/node/13123436003","sourceUpdatedAt":null,"verifiedAt":null}},{"type":"Feature","geometry":{"type":"Point","coordinates":[8.6981553,50.1098382]},"properties":{"id":"bikerack:518a087e-acd1-4f73-a10d-49a8930b7134","kind":"bikerack","longitude":8.6981553,"latitude":50.1098382,"name":"Fahrradabstellplatz","city":"Frankfurt am Main","address":null,"covered":false,"access":null,"website":null,"phone":null,"source":"OpenStreetMap/node/12091553565","sourceUpdatedAt":null,"verifiedAt":null}},{"type":"Feature","geometry":{"type":"Point","coordinates":[8.6863028,50.1018969]},"properties":{"id":"bikerack:51fbea8f-9f8f-4142-9049-42baa301bef7","kind":"bikerack","longitude":8.6863028,"latitude":50.1018969,"name":"Fahrradabstellplatz","city":"Frankfurt am Main","address":null,"covered":false,"access":null,"website":null,"phone":null,"source":"OpenStreetMap/node/8814527848","sourceUpdatedAt":null,"verifiedAt":null}},{"type":"Feature","geometry":{"type":"Point","coordinates":[8.6951124,50.1056352]},"properties":{"id":"bikerack:526e4af6-9069-4598-b183-47378ba02c2e","kind":"bikerack","longitude":8.6951124,"latitude":50.1056352,"name":"Fahrradabstellplatz","city":"Frankfurt am Main","address":null,"covered":false,"access":null,"website":null,"phone":null,"source":"OpenStreetMap/node/3541989646","sourceUpdatedAt":null,"verifiedAt":null}},{"type":"Feature","geometry":{"type":"Point","coordinates":[8.6848397,50.1048138]},"properties":{"id":"bikerack:5273d43c-4c60-4432-816d-f793b0f64dc3","kind":"bikerack","longitude":8.6848397,"latitude":50.1048138,"name":"Fahrradabstellplatz","city":"Frankfurt am Main","address":null,"covered":false,"access":null,"website":null,"phone":null,"source":"OpenStreetMap/node/7412512954","sourceUpdatedAt":null,"verifiedAt":null}},{"type":"Feature","geometry":{"type":"Point","coordinates":[8.6863855,50.1169495]},"properties":{"id":"bikerack:52fbbc53-328a-48c4-a39e-3fae06a116f0","kind":"bikerack","longitude":8.6863855,"latitude":50.1169495,"name":"Fahrradabstellplatz","city":"Frankfurt am Main","address":null,"covered":false,"access":null,"website":null,"phone":null,"source":"OpenStreetMap/way/722403714","sourceUpdatedAt":null,"verifiedAt":null}},{"type":"Feature","geometry":{"type":"Point","coordinates":[8.6860043,50.1126141]},"properties":{"id":"bikerack:53625c81-55fa-4ae1-ace7-82795a20a8e4","kind":"bikerack","longitude":8.6860043,"latitude":50.1126141,"name":"Fahrradabstellplatz","city":"Frankfurt am Main","address":null,"covered":false,"access":null,"website":null,"phone":null,"source":"OpenStreetMap/node/9636065714","sourceUpdatedAt":null,"verifiedAt":null}},{"type":"Feature","geometry":{"type":"Point","coordinates":[8.6873639,50.0986423]},"properties":{"id":"bikerack:53e96f10-3974-49bc-b1db-8755fdbf3902","kind":"bikerack","longitude":8.6873639,"latitude":50.0986423,"name":"Fahrradabstellplatz","city":"Frankfurt am Main","address":null,"covered":false,"access":null,"website":null,"phone":null,"source":"OpenStreetMap/node/1115661246","sourceUpdatedAt":null,"verifiedAt":null}},{"type":"Feature","geometry":{"type":"Point","coordinates":[8.6963805,50.1173045]},"properties":{"id":"bikerack:54b516b3-d752-4924-bd27-73be09190776","kind":"bikerack","longitude":8.6963805,"latitude":50.1173045,"name":"Fahrradabstellplatz","city":"Frankfurt am Main","address":null,"covered":false,"access":null,"website":null,"phone":null,"source":"OpenStreetMap/node/11298057610","sourceUpdatedAt":null,"verifiedAt":null}},{"type":"Feature","geometry":{"type":"Point","coordinates":[8.6997208,50.1148153]},"properties":{"id":"bikerack:54c93606-f52d-4412-ba15-841abf00a3fb","kind":"bikerack","longitude":8.6997208,"latitude":50.1148153,"name":"Fahrradabstellplatz","city":"Frankfurt am Main","address":null,"covered":false,"access":null,"website":null,"phone":null,"source":"OpenStreetMap/node/6015903036","sourceUpdatedAt":null,"verifiedAt":null}},{"type":"Feature","geometry":{"type":"Point","coordinates":[8.6842029,50.1115799]},"properties":{"id":"bikerack:54cd1a40-f2d4-478b-9664-d573268ee7b9","kind":"bikerack","longitude":8.6842029,"latitude":50.1115799,"name":"Fahrradabstellplatz","city":"Frankfurt am Main","address":null,"covered":false,"access":null,"website":null,"phone":null,"source":"OpenStreetMap/node/9858840100","sourceUpdatedAt":null,"verifiedAt":null}},{"type":"Feature","geometry":{"type":"Point","coordinates":[8.6624528,50.1046522]},"properties":{"id":"bikerack:556d878a-6184-4dc3-8b1d-5bc67fd91b21","kind":"bikerack","longitude":8.6624528,"latitude":50.1046522,"name":"Fahrradabstellplatz","city":"Frankfurt am Main","address":null,"covered":true,"access":null,"website":null,"phone":null,"source":"OpenStreetMap/node/4204584679","sourceUpdatedAt":null,"verifiedAt":null}},{"type":"Feature","geometry":{"type":"Point","coordinates":[8.6893545,50.1098874]},"properties":{"id":"bikerack:5581fe35-be35-4cec-ba5d-9fac2445127c","kind":"bikerack","longitude":8.6893545,"latitude":50.1098874,"name":"Fahrradabstellplatz","city":"Frankfurt am Main","address":null,"covered":false,"access":null,"website":null,"phone":null,"source":"OpenStreetMap/node/9594515548","sourceUpdatedAt":null,"verifiedAt":null}},{"type":"Feature","geometry":{"type":"Point","coordinates":[8.6890893,50.1048666]},"properties":{"id":"bikerack:558922c9-3c3b-451f-b98c-6cf63cf42bb5","kind":"bikerack","longitude":8.6890893,"latitude":50.1048666,"name":"Fahrradabstellplatz","city":"Frankfurt am Main","address":null,"covered":false,"access":null,"website":null,"phone":null,"source":"OpenStreetMap/node/9147658715","sourceUpdatedAt":null,"verifiedAt":null}},{"type":"Feature","geometry":{"type":"Point","coordinates":[8.6809889,50.1116541]},"properties":{"id":"bikerack:559b361f-3e4c-499b-aea0-7dbf4bdd7c5f","kind":"bikerack","longitude":8.6809889,"latitude":50.1116541,"name":"Fahrradabstellplatz","city":"Frankfurt am Main","address":null,"covered":false,"access":null,"website":null,"phone":null,"source":"OpenStreetMap/node/9635415097","sourceUpdatedAt":null,"verifiedAt":null}},{"type":"Feature","geometry":{"type":"Point","coordinates":[8.679041,50.1131395]},"properties":{"id":"bikerack:55a8aec7-3787-43f5-b753-9c9fb710a83e","kind":"bikerack","longitude":8.679041,"latitude":50.1131395,"name":"Fahrradabstellplatz","city":"Frankfurt am Main","address":null,"covered":false,"access":null,"website":null,"phone":null,"source":"OpenStreetMap/node/6284198756","sourceUpdatedAt":null,"verifiedAt":null}},{"type":"Feature","geometry":{"type":"Point","coordinates":[8.6608647,50.1084392]},"properties":{"id":"bikerack:55ede1f2-55f9-4c9c-bf85-70c205f68431","kind":"bikerack","longitude":8.6608647,"latitude":50.1084392,"name":"Fahrradabstellplatz","city":"Frankfurt am Main","address":null,"covered":false,"access":null,"website":null,"phone":null,"source":"OpenStreetMap/node/12586951570","sourceUpdatedAt":null,"verifiedAt":null}},{"type":"Feature","geometry":{"type":"Point","coordinates":[8.6953633,50.1059725]},"properties":{"id":"bikerack:55efd776-0a42-4b29-877c-44aedc4b0eaa","kind":"bikerack","longitude":8.6953633,"latitude":50.1059725,"name":"Fahrradabstellplatz","city":"Frankfurt am Main","address":null,"covered":false,"access":null,"website":null,"phone":null,"source":"OpenStreetMap/node/3541989649","sourceUpdatedAt":null,"verifiedAt":null}},{"type":"Feature","geometry":{"type":"Point","coordinates":[8.6823676,50.0986006]},"properties":{"id":"bikerack:55fb6148-f597-4e33-8982-4af3bf70f3b7","kind":"bikerack","longitude":8.6823676,"latitude":50.0986006,"name":"Fahrradabstellplatz","city":"Frankfurt am Main","address":null,"covered":false,"access":null,"website":null,"phone":null,"source":"OpenStreetMap/node/7746796745","sourceUpdatedAt":null,"verifiedAt":null}},{"type":"Feature","geometry":{"type":"Point","coordinates":[8.6857793,50.1018677]},"properties":{"id":"bikerack:561ebe0a-e1fd-449e-bd8c-72aa3be384db","kind":"bikerack","longitude":8.6857793,"latitude":50.1018677,"name":"Fahrradabstellplatz","city":"Frankfurt am Main","address":null,"covered":false,"access":null,"website":null,"phone":null,"source":"OpenStreetMap/node/8789503078","sourceUpdatedAt":null,"verifiedAt":null}},{"type":"Feature","geometry":{"type":"Point","coordinates":[8.6862756,50.1159246]},"properties":{"id":"bikerack:566ba215-d43b-4baf-ac34-32e301eeb7a2","kind":"bikerack","longitude":8.6862756,"latitude":50.1159246,"name":"Fahrradabstellplatz","city":"Frankfurt am Main","address":null,"covered":false,"access":null,"website":null,"phone":null,"source":"OpenStreetMap/node/6436238056","sourceUpdatedAt":null,"verifiedAt":null}},{"type":"Feature","geometry":{"type":"Point","coordinates":[8.6787319,50.1091204]},"properties":{"id":"bikerack:56ff2cef-a92a-4d95-a7bf-76410f96dc90","kind":"bikerack","longitude":8.6787319,"latitude":50.1091204,"name":"Fahrradabstellplatz","city":"Frankfurt am Main","address":null,"covered":false,"access":null,"website":null,"phone":null,"source":"OpenStreetMap/node/7215119759","sourceUpdatedAt":null,"verifiedAt":null}},{"type":"Feature","geometry":{"type":"Point","coordinates":[8.6877394,50.1100533]},"properties":{"id":"bikerack:5712dde9-b24d-4e99-849b-7725c8c9a3b1","kind":"bikerack","longitude":8.6877394,"latitude":50.1100533,"name":"Fahrradabstellplatz","city":"Frankfurt am Main","address":null,"covered":false,"access":null,"website":null,"phone":null,"source":"OpenStreetMap/node/1933706225","sourceUpdatedAt":null,"verifiedAt":null}},{"type":"Feature","geometry":{"type":"Point","coordinates":[8.6807004,50.1163953]},"properties":{"id":"bikerack:572cd1c2-7beb-44c6-bee8-5c4d61d23f61","kind":"bikerack","longitude":8.6807004,"latitude":50.1163953,"name":"Fahrradabstellplatz","city":"Frankfurt am Main","address":null,"covered":false,"access":null,"website":null,"phone":null,"source":"OpenStreetMap/node/12610250347","sourceUpdatedAt":null,"verifiedAt":null}},{"type":"Feature","geometry":{"type":"Point","coordinates":[8.6763848,50.1096477]},"properties":{"id":"bikerack:575c3258-849d-42a2-b60f-06bbeb2baa44","kind":"bikerack","longitude":8.6763848,"latitude":50.1096477,"name":"Fahrradabstellplatz","city":"Frankfurt am Main","address":null,"covered":false,"access":null,"website":null,"phone":null,"source":"OpenStreetMap/node/7215095156","sourceUpdatedAt":null,"verifiedAt":null}},{"type":"Feature","geometry":{"type":"Point","coordinates":[8.6825553,50.1119415]},"properties":{"id":"bikerack:5820ba9a-b608-41db-a88d-292c6d92cc12","kind":"bikerack","longitude":8.6825553,"latitude":50.1119415,"name":"Fahrradabstellplatz","city":"Frankfurt am Main","address":null,"covered":false,"access":null,"website":null,"phone":null,"source":"OpenStreetMap/node/9732252121","sourceUpdatedAt":null,"verifiedAt":null}},{"type":"Feature","geometry":{"type":"Point","coordinates":[8.6887281,50.1037505]},"properties":{"id":"bikerack:5839205b-97e1-4a51-85ec-b405e30c67fe","kind":"bikerack","longitude":8.6887281,"latitude":50.1037505,"name":"Fahrradabstellplatz","city":"Frankfurt am Main","address":null,"covered":false,"access":null,"website":null,"phone":null,"source":"OpenStreetMap/node/7412512941","sourceUpdatedAt":null,"verifiedAt":null}},{"type":"Feature","geometry":{"type":"Point","coordinates":[8.7006257,50.1184059]},"properties":{"id":"bikerack:58496a98-c7a5-4164-b8ff-779ba01d2d6a","kind":"bikerack","longitude":8.7006257,"latitude":50.1184059,"name":"Fahrradabstellplatz","city":"Frankfurt am Main","address":null,"covered":false,"access":null,"website":null,"phone":null,"source":"OpenStreetMap/node/7747150451","sourceUpdatedAt":null,"verifiedAt":null}},{"type":"Feature","geometry":{"type":"Point","coordinates":[8.6860682,50.1146362]},"properties":{"id":"bikerack:585e4c03-fcb6-435c-a6b4-37c931043e74","kind":"bikerack","longitude":8.6860682,"latitude":50.1146362,"name":"Fahrradabstellplatz","city":"Frankfurt am Main","address":null,"covered":false,"access":null,"website":null,"phone":null,"source":"OpenStreetMap/node/1199382086","sourceUpdatedAt":null,"verifiedAt":null}},{"type":"Feature","geometry":{"type":"Point","coordinates":[8.6679512,50.1152137]},"properties":{"id":"bikerack:588047d8-9443-44da-a008-abeb79d1a8a3","kind":"bikerack","longitude":8.6679512,"latitude":50.1152137,"name":"Fahrradabstellplatz","city":"Frankfurt am Main","address":null,"covered":false,"access":null,"website":null,"phone":null,"source":"OpenStreetMap/node/10171490434","sourceUpdatedAt":null,"verifiedAt":null}},{"type":"Feature","geometry":{"type":"Point","coordinates":[8.6756703,50.1107247]},"properties":{"id":"bikerack:5886f9f3-fb49-418f-b31c-d40d5b4bcaae","kind":"bikerack","longitude":8.6756703,"latitude":50.1107247,"name":"Fahrradabstellplatz","city":"Frankfurt am Main","address":null,"covered":false,"access":null,"website":null,"phone":null,"source":"OpenStreetMap/node/9954136505","sourceUpdatedAt":null,"verifiedAt":null}},{"type":"Feature","geometry":{"type":"Point","coordinates":[8.6874649,50.1113421]},"properties":{"id":"bikerack:5889e01d-34fa-44b9-9894-0c44dcce402b","kind":"bikerack","longitude":8.6874649,"latitude":50.1113421,"name":"Fahrradabstellplatz","city":"Frankfurt am Main","address":null,"covered":false,"access":null,"website":null,"phone":null,"source":"OpenStreetMap/node/13730436826","sourceUpdatedAt":null,"verifiedAt":null}},{"type":"Feature","geometry":{"type":"Point","coordinates":[8.6705007,50.1079398]},"properties":{"id":"bikerack:58c3a0a4-670c-4351-afb8-3d7b778c184a","kind":"bikerack","longitude":8.6705007,"latitude":50.1079398,"name":"Fahrradabstellplatz","city":"Frankfurt am Main","address":null,"covered":false,"access":null,"website":null,"phone":null,"source":"OpenStreetMap/node/7215095145","sourceUpdatedAt":null,"verifiedAt":null}},{"type":"Feature","geometry":{"type":"Point","coordinates":[8.6763306,50.101755]},"properties":{"id":"bikerack:58eec954-305b-42e6-b720-420341a42f30","kind":"bikerack","longitude":8.6763306,"latitude":50.101755,"name":"Fahrradabstellplatz","city":"Frankfurt am Main","address":null,"covered":false,"access":null,"website":null,"phone":null,"source":"OpenStreetMap/node/6367782802","sourceUpdatedAt":null,"verifiedAt":null}},{"type":"Feature","geometry":{"type":"Point","coordinates":[8.6914408,50.1148398]},"properties":{"id":"bikerack:592a7946-ee18-461c-aa67-d7646730cd80","kind":"bikerack","longitude":8.6914408,"latitude":50.1148398,"name":"Fahrradabstellplatz","city":"Frankfurt am Main","address":null,"covered":false,"access":null,"website":null,"phone":null,"source":"OpenStreetMap/node/6355945516","sourceUpdatedAt":null,"verifiedAt":null}},{"type":"Feature","geometry":{"type":"Point","coordinates":[8.6814933,50.1109552]},"properties":{"id":"bikerack:5973885f-2091-4e72-a6c7-3d74e475793d","kind":"bikerack","longitude":8.6814933,"latitude":50.1109552,"name":"Fahrradabstellplatz","city":"Frankfurt am Main","address":null,"covered":false,"access":null,"website":null,"phone":null,"source":"OpenStreetMap/node/1398584256","sourceUpdatedAt":null,"verifiedAt":null}},{"type":"Feature","geometry":{"type":"Point","coordinates":[8.6796901,50.1197294]},"properties":{"id":"bikerack:5998f7d5-1ad3-49ab-8937-a8cbee0cc62c","kind":"bikerack","longitude":8.6796901,"latitude":50.1197294,"name":"Fahrradabstellplatz","city":"Frankfurt am Main","address":null,"covered":false,"access":null,"website":null,"phone":null,"source":"OpenStreetMap/node/6296472640","sourceUpdatedAt":null,"verifiedAt":null}},{"type":"Feature","geometry":{"type":"Point","coordinates":[8.6876206,50.1144305]},"properties":{"id":"bikerack:59a9b9db-dac6-4b2f-9451-7a3ca0d88aff","kind":"bikerack","longitude":8.6876206,"latitude":50.1144305,"name":"Fahrradabstellplatz","city":"Frankfurt am Main","address":null,"covered":false,"access":null,"website":null,"phone":null,"source":"OpenStreetMap/way/1149993503","sourceUpdatedAt":null,"verifiedAt":null}},{"type":"Feature","geometry":{"type":"Point","coordinates":[8.6988725,50.1101325]},"properties":{"id":"bikerack:59ec97cc-790a-41f7-bf85-31166a372568","kind":"bikerack","longitude":8.6988725,"latitude":50.1101325,"name":"Fahrradabstellplatz","city":"Frankfurt am Main","address":null,"covered":false,"access":null,"website":null,"phone":null,"source":"OpenStreetMap/node/12091539593","sourceUpdatedAt":null,"verifiedAt":null}},{"type":"Feature","geometry":{"type":"Point","coordinates":[8.6778219,50.1052225]},"properties":{"id":"bikerack:5a2f6c44-52d0-46d2-a826-f648fc8cd01d","kind":"bikerack","longitude":8.6778219,"latitude":50.1052225,"name":"Fahrradabstellplatz","city":"Frankfurt am Main","address":null,"covered":false,"access":null,"website":null,"phone":null,"source":"OpenStreetMap/node/6712588704","sourceUpdatedAt":null,"verifiedAt":null}},{"type":"Feature","geometry":{"type":"Point","coordinates":[8.6608476,50.107769]},"properties":{"id":"bikerack:5a2f88a3-9ca1-4a0a-80bf-8778b710473e","kind":"bikerack","longitude":8.6608476,"latitude":50.107769,"name":"Fahrradabstellplatz","city":"Frankfurt am Main","address":null,"covered":false,"access":null,"website":null,"phone":null,"source":"OpenStreetMap/node/12586971195","sourceUpdatedAt":null,"verifiedAt":null}},{"type":"Feature","geometry":{"type":"Point","coordinates":[8.6781958,50.1106869]},"properties":{"id":"bikerack:5a3b4730-eb98-466f-a087-2bd43ba5828c","kind":"bikerack","longitude":8.6781958,"latitude":50.1106869,"name":"Fahrradabstellplatz","city":"Frankfurt am Main","address":null,"covered":false,"access":null,"website":null,"phone":null,"source":"OpenStreetMap/node/6504183398","sourceUpdatedAt":null,"verifiedAt":null}},{"type":"Feature","geometry":{"type":"Point","coordinates":[8.69039,50.1198557]},"properties":{"id":"bikerack:5a4ed13a-488d-4880-b460-f879b4217933","kind":"bikerack","longitude":8.69039,"latitude":50.1198557,"name":"Fahrradabstellplatz","city":"Frankfurt am Main","address":null,"covered":false,"access":null,"website":null,"phone":null,"source":"OpenStreetMap/node/12831805543","sourceUpdatedAt":null,"verifiedAt":null}},{"type":"Feature","geometry":{"type":"Point","coordinates":[8.6822934,50.0994045]},"properties":{"id":"bikerack:5a80d879-4708-440f-8860-0ff615b3a0e9","kind":"bikerack","longitude":8.6822934,"latitude":50.0994045,"name":"Fahrradabstellplatz","city":"Frankfurt am Main","address":null,"covered":false,"access":null,"website":null,"phone":null,"source":"OpenStreetMap/node/8820748889","sourceUpdatedAt":null,"verifiedAt":null}},{"type":"Feature","geometry":{"type":"Point","coordinates":[8.6861542,50.1159982]},"properties":{"id":"bikerack:5a9546e3-cc79-4f7e-96d1-a946d081fc14","kind":"bikerack","longitude":8.6861542,"latitude":50.1159982,"name":"Fahrradabstellplatz","city":"Frankfurt am Main","address":null,"covered":false,"access":null,"website":null,"phone":null,"source":"OpenStreetMap/node/6436238054","sourceUpdatedAt":null,"verifiedAt":null}},{"type":"Feature","geometry":{"type":"Point","coordinates":[8.6892294,50.1154548]},"properties":{"id":"bikerack:5b6c8bc9-5f04-428a-a4a7-9144d90c74d6","kind":"bikerack","longitude":8.6892294,"latitude":50.1154548,"name":"Fahrradabstellplatz","city":"Frankfurt am Main","address":null,"covered":false,"access":null,"website":null,"phone":null,"source":"OpenStreetMap/node/13428403268","sourceUpdatedAt":null,"verifiedAt":null}},{"type":"Feature","geometry":{"type":"Point","coordinates":[8.6641453,50.1014007]},"properties":{"id":"bikerack:5b7767fa-a2ef-4716-b9d1-a6f2fe1d5356","kind":"bikerack","longitude":8.6641453,"latitude":50.1014007,"name":"Fahrradabstellplatz","city":"Frankfurt am Main","address":null,"covered":false,"access":null,"website":null,"phone":null,"source":"OpenStreetMap/node/1398584225","sourceUpdatedAt":null,"verifiedAt":null}},{"type":"Feature","geometry":{"type":"Point","coordinates":[8.6943651,50.1094184]},"properties":{"id":"bikerack:5b93cf98-1e36-4f5e-8b98-927f49274b56","kind":"bikerack","longitude":8.6943651,"latitude":50.1094184,"name":"Fahrradabstellplatz","city":"Frankfurt am Main","address":null,"covered":false,"access":null,"website":null,"phone":null,"source":"OpenStreetMap/node/1398605815","sourceUpdatedAt":null,"verifiedAt":null}},{"type":"Feature","geometry":{"type":"Point","coordinates":[8.6877058,50.1033285]},"properties":{"id":"bikerack:5b9a7132-7914-4149-b629-a5c0ba7941c4","kind":"bikerack","longitude":8.6877058,"latitude":50.1033285,"name":"Fahrradabstellplatz","city":"Frankfurt am Main","address":null,"covered":false,"access":null,"website":null,"phone":null,"source":"OpenStreetMap/node/12133043680","sourceUpdatedAt":null,"verifiedAt":null}},{"type":"Feature","geometry":{"type":"Point","coordinates":[8.6826454,50.0947444]},"properties":{"id":"bikerack:5b9abbb9-b967-42ec-9950-d3906e3d93e3","kind":"bikerack","longitude":8.6826454,"latitude":50.0947444,"name":"Fahrradabstellplatz","city":"Frankfurt am Main","address":null,"covered":false,"access":null,"website":null,"phone":null,"source":"OpenStreetMap/node/12057277620","sourceUpdatedAt":null,"verifiedAt":null}},{"type":"Feature","geometry":{"type":"Point","coordinates":[8.6863316,50.1134934]},"properties":{"id":"bikerack:5ba31987-b87c-41d7-a623-e7b3b448df5a","kind":"bikerack","longitude":8.6863316,"latitude":50.1134934,"name":"Fahrradabstellplatz","city":"Frankfurt am Main","address":null,"covered":false,"access":null,"website":null,"phone":null,"source":"OpenStreetMap/node/12512338017","sourceUpdatedAt":null,"verifiedAt":null}},{"type":"Feature","geometry":{"type":"Point","coordinates":[8.6960708,50.1135691]},"properties":{"id":"bikerack:5c258ad4-bbab-47ca-af07-c2c2c2a3e43e","kind":"bikerack","longitude":8.6960708,"latitude":50.1135691,"name":"Fahrradabstellplatz","city":"Frankfurt am Main","address":null,"covered":false,"access":null,"website":null,"phone":null,"source":"OpenStreetMap/node/2917046283","sourceUpdatedAt":null,"verifiedAt":null}},{"type":"Feature","geometry":{"type":"Point","coordinates":[8.6803671,50.0984343]},"properties":{"id":"bikerack:5c6f08d2-e3e3-482a-a598-dee1323227b7","kind":"bikerack","longitude":8.6803671,"latitude":50.0984343,"name":"Fahrradabstellplatz","city":"Frankfurt am Main","address":null,"covered":false,"access":null,"website":null,"phone":null,"source":"OpenStreetMap/node/12237874193","sourceUpdatedAt":null,"verifiedAt":null}},{"type":"Feature","geometry":{"type":"Point","coordinates":[8.6877408,50.1060145]},"properties":{"id":"bikerack:5d8ad628-625f-4dbd-ba29-f36e7db73339","kind":"bikerack","longitude":8.6877408,"latitude":50.1060145,"name":"Fahrradabstellplatz","city":"Frankfurt am Main","address":null,"covered":false,"access":null,"website":null,"phone":null,"source":"OpenStreetMap/node/8739640547","sourceUpdatedAt":null,"verifiedAt":null}},{"type":"Feature","geometry":{"type":"Point","coordinates":[8.6682087,50.1191067]},"properties":{"id":"bikerack:5dfd8d35-0414-4703-ad22-1607603fd723","kind":"bikerack","longitude":8.6682087,"latitude":50.1191067,"name":"Fahrradabstellplatz","city":"Frankfurt am Main","address":null,"covered":false,"access":null,"website":null,"phone":null,"source":"OpenStreetMap/node/9020096155","sourceUpdatedAt":null,"verifiedAt":null}},{"type":"Feature","geometry":{"type":"Point","coordinates":[8.6798303,50.109156]},"properties":{"id":"bikerack:5e110065-1afc-4505-a7bd-3cef494bd609","kind":"bikerack","longitude":8.6798303,"latitude":50.109156,"name":"Fahrradabstellplatz","city":"Frankfurt am Main","address":null,"covered":false,"access":null,"website":null,"phone":null,"source":"OpenStreetMap/node/7215119751","sourceUpdatedAt":null,"verifiedAt":null}},{"type":"Feature","geometry":{"type":"Point","coordinates":[8.6871844,50.1113161]},"properties":{"id":"bikerack:5e5bb57b-fd23-4aea-8efe-cc658bb578c9","kind":"bikerack","longitude":8.6871844,"latitude":50.1113161,"name":"Fahrradabstellplatz","city":"Frankfurt am Main","address":null,"covered":false,"access":null,"website":null,"phone":null,"source":"OpenStreetMap/node/13730442536","sourceUpdatedAt":null,"verifiedAt":null}},{"type":"Feature","geometry":{"type":"Point","coordinates":[8.6639311,50.0948729]},"properties":{"id":"bikerack:5ebaeec1-5810-4388-a633-97e31ae9f52c","kind":"bikerack","longitude":8.6639311,"latitude":50.0948729,"name":"Fahrradabstellplatz","city":"Frankfurt am Main","address":null,"covered":false,"access":null,"website":null,"phone":null,"source":"OpenStreetMap/node/1468804470","sourceUpdatedAt":null,"verifiedAt":null}},{"type":"Feature","geometry":{"type":"Point","coordinates":[8.6796335,50.1155037]},"properties":{"id":"bikerack:5ec2177c-11a8-4d4e-adc6-f360788a5ae2","kind":"bikerack","longitude":8.6796335,"latitude":50.1155037,"name":"Fahrradabstellplatz","city":"Frankfurt am Main","address":null,"covered":false,"access":null,"website":null,"phone":null,"source":"OpenStreetMap/node/12516784477","sourceUpdatedAt":null,"verifiedAt":null}},{"type":"Feature","geometry":{"type":"Point","coordinates":[8.6802211,50.1125186]},"properties":{"id":"bikerack:5f1ffb11-8fc9-4f09-abfe-4d0a2dfafdd7","kind":"bikerack","longitude":8.6802211,"latitude":50.1125186,"name":"Fahrradabstellplatz","city":"Frankfurt am Main","address":null,"covered":false,"access":null,"website":null,"phone":null,"source":"OpenStreetMap/node/6367782805","sourceUpdatedAt":null,"verifiedAt":null}},{"type":"Feature","geometry":{"type":"Point","coordinates":[8.6998809,50.1100702]},"properties":{"id":"bikerack:5f96d29c-b53b-40d6-9ec3-b88e92f35812","kind":"bikerack","longitude":8.6998809,"latitude":50.1100702,"name":"Fahrradabstellplatz","city":"Frankfurt am Main","address":null,"covered":false,"access":null,"website":null,"phone":null,"source":"OpenStreetMap/node/2917046277","sourceUpdatedAt":null,"verifiedAt":null}},{"type":"Feature","geometry":{"type":"Point","coordinates":[8.676699,50.1103157]},"properties":{"id":"bikerack:60deb63d-f738-4fef-8cbe-9db94314d81f","kind":"bikerack","longitude":8.676699,"latitude":50.1103157,"name":"Fahrradabstellplatz","city":"Frankfurt am Main","address":null,"covered":false,"access":null,"website":null,"phone":null,"source":"OpenStreetMap/node/12339758318","sourceUpdatedAt":null,"verifiedAt":null}},{"type":"Feature","geometry":{"type":"Point","coordinates":[8.6813806,50.0980311]},"properties":{"id":"bikerack:6116f7d2-632e-42b5-afee-bb4dfa00805d","kind":"bikerack","longitude":8.6813806,"latitude":50.0980311,"name":"Fahrradabstellplatz","city":"Frankfurt am Main","address":null,"covered":false,"access":null,"website":null,"phone":null,"source":"OpenStreetMap/node/7746800580","sourceUpdatedAt":null,"verifiedAt":null}},{"type":"Feature","geometry":{"type":"Point","coordinates":[8.681401,50.1107416]},"properties":{"id":"bikerack:62217e81-55d2-4c08-b22b-eedbbba9b8ee","kind":"bikerack","longitude":8.681401,"latitude":50.1107416,"name":"Fahrradabstellplatz","city":"Frankfurt am Main","address":null,"covered":false,"access":null,"website":null,"phone":null,"source":"OpenStreetMap/node/1984716066","sourceUpdatedAt":null,"verifiedAt":null}},{"type":"Feature","geometry":{"type":"Point","coordinates":[8.6894356,50.1052622]},"properties":{"id":"bikerack:62ed3d93-d334-4f00-be94-b7aafe393bcb","kind":"bikerack","longitude":8.6894356,"latitude":50.1052622,"name":"Fahrradabstellplatz","city":"Frankfurt am Main","address":null,"covered":false,"access":null,"website":null,"phone":null,"source":"OpenStreetMap/node/7773496165","sourceUpdatedAt":null,"verifiedAt":null}},{"type":"Feature","geometry":{"type":"Point","coordinates":[8.6817078,50.0981653]},"properties":{"id":"bikerack:62ffee08-05c1-41f5-ba51-5ecb4306f899","kind":"bikerack","longitude":8.6817078,"latitude":50.0981653,"name":"Fahrradabstellplatz","city":"Frankfurt am Main","address":null,"covered":false,"access":null,"website":null,"phone":null,"source":"OpenStreetMap/node/7746811435","sourceUpdatedAt":null,"verifiedAt":null}},{"type":"Feature","geometry":{"type":"Point","coordinates":[8.670395,50.0952326]},"properties":{"id":"bikerack:632cc464-977b-4ddb-90b7-e065303bbfd4","kind":"bikerack","longitude":8.670395,"latitude":50.0952326,"name":"Fahrradabstellplatz","city":"Frankfurt am Main","address":null,"covered":false,"access":null,"website":null,"phone":null,"source":"OpenStreetMap/node/8785043441","sourceUpdatedAt":null,"verifiedAt":null}},{"type":"Feature","geometry":{"type":"Point","coordinates":[8.6892336,50.1149387]},"properties":{"id":"bikerack:6333e356-507e-48d0-9eb2-6ccba3614e28","kind":"bikerack","longitude":8.6892336,"latitude":50.1149387,"name":"Fahrradabstellplatz","city":"Frankfurt am Main","address":null,"covered":false,"access":null,"website":null,"phone":null,"source":"OpenStreetMap/node/12213889108","sourceUpdatedAt":null,"verifiedAt":null}},{"type":"Feature","geometry":{"type":"Point","coordinates":[8.6895135,50.1048663]},"properties":{"id":"bikerack:63927970-be0a-4bb4-ab3a-b9a7ad7250e7","kind":"bikerack","longitude":8.6895135,"latitude":50.1048663,"name":"Fahrradabstellplatz","city":"Frankfurt am Main","address":null,"covered":false,"access":null,"website":null,"phone":null,"source":"OpenStreetMap/node/7773496166","sourceUpdatedAt":null,"verifiedAt":null}},{"type":"Feature","geometry":{"type":"Point","coordinates":[8.6859966,50.1164393]},"properties":{"id":"bikerack:63df7f90-29cb-458c-ba3f-a426a4428ece","kind":"bikerack","longitude":8.6859966,"latitude":50.1164393,"name":"Fahrradabstellplatz","city":"Frankfurt am Main","address":null,"covered":false,"access":null,"website":null,"phone":null,"source":"OpenStreetMap/node/6436238044","sourceUpdatedAt":null,"verifiedAt":null}},{"type":"Feature","geometry":{"type":"Point","coordinates":[8.6863413,50.1157028]},"properties":{"id":"bikerack:63f64daf-ff6e-499d-8440-b11bd71f74ef","kind":"bikerack","longitude":8.6863413,"latitude":50.1157028,"name":"Fahrradabstellplatz","city":"Frankfurt am Main","address":null,"covered":false,"access":null,"website":null,"phone":null,"source":"OpenStreetMap/node/6436238058","sourceUpdatedAt":null,"verifiedAt":null}},{"type":"Feature","geometry":{"type":"Point","coordinates":[8.659134,50.1000569]},"properties":{"id":"bikerack:644ae207-6f4c-442a-9345-bb5971185e8d","kind":"bikerack","longitude":8.659134,"latitude":50.1000569,"name":"Fahrradabstellplatz","city":"Frankfurt am Main","address":null,"covered":false,"access":null,"website":null,"phone":null,"source":"OpenStreetMap/node/5109393741","sourceUpdatedAt":null,"verifiedAt":null}},{"type":"Feature","geometry":{"type":"Point","coordinates":[8.6842741,50.1051896]},"properties":{"id":"bikerack:645e97a1-bec7-4cdb-ad84-0545866d1ea5","kind":"bikerack","longitude":8.6842741,"latitude":50.1051896,"name":"Fahrradabstellplatz","city":"Frankfurt am Main","address":null,"covered":false,"access":null,"website":null,"phone":null,"source":"OpenStreetMap/node/7434417313","sourceUpdatedAt":null,"verifiedAt":null}},{"type":"Feature","geometry":{"type":"Point","coordinates":[8.6796149,50.1128986]},"properties":{"id":"bikerack:64660224-f008-4f74-92ac-68b4ca241e3a","kind":"bikerack","longitude":8.6796149,"latitude":50.1128986,"name":"Fahrradabstellplatz","city":"Frankfurt am Main","address":null,"covered":false,"access":null,"website":null,"phone":null,"source":"OpenStreetMap/node/1199222445","sourceUpdatedAt":null,"verifiedAt":null}},{"type":"Feature","geometry":{"type":"Point","coordinates":[8.6681536,50.0952785]},"properties":{"id":"bikerack:64711a02-2d26-4a24-91af-8ec0b67dddf7","kind":"bikerack","longitude":8.6681536,"latitude":50.0952785,"name":"Fahrradabstellplatz","city":"Frankfurt am Main","address":null,"covered":false,"access":null,"website":null,"phone":null,"source":"OpenStreetMap/node/6447498589","sourceUpdatedAt":null,"verifiedAt":null}},{"type":"Feature","geometry":{"type":"Point","coordinates":[8.6787392,50.1116847]},"properties":{"id":"bikerack:648a76be-f060-4264-82d5-2c5317b630f1","kind":"bikerack","longitude":8.6787392,"latitude":50.1116847,"name":"Fahrradabstellplatz","city":"Frankfurt am Main","address":null,"covered":false,"access":null,"website":null,"phone":null,"source":"OpenStreetMap/node/8502998175","sourceUpdatedAt":null,"verifiedAt":null}},{"type":"Feature","geometry":{"type":"Point","coordinates":[8.6840958,50.1125336]},"properties":{"id":"bikerack:648cd2e7-c163-4fe8-9aaf-0c851be23cd8","kind":"bikerack","longitude":8.6840958,"latitude":50.1125336,"name":"Fahrradabstellplatz","city":"Frankfurt am Main","address":null,"covered":false,"access":null,"website":null,"phone":null,"source":"OpenStreetMap/node/9636124119","sourceUpdatedAt":null,"verifiedAt":null}},{"type":"Feature","geometry":{"type":"Point","coordinates":[8.6884582,50.1116293]},"properties":{"id":"bikerack:64ae4591-0758-48a2-872e-d25f681f6a57","kind":"bikerack","longitude":8.6884582,"latitude":50.1116293,"name":"Fahrradabstellplatz","city":"Frankfurt am Main","address":null,"covered":true,"access":null,"website":null,"phone":null,"source":"OpenStreetMap/node/6712588710","sourceUpdatedAt":null,"verifiedAt":null}},{"type":"Feature","geometry":{"type":"Point","coordinates":[8.6836634,50.103566]},"properties":{"id":"bikerack:64f19497-e74b-4df3-8a31-c316ca78946e","kind":"bikerack","longitude":8.6836634,"latitude":50.103566,"name":"Fahrradabstellplatz","city":"Frankfurt am Main","address":null,"covered":false,"access":null,"website":null,"phone":null,"source":"OpenStreetMap/node/9430145786","sourceUpdatedAt":null,"verifiedAt":null}},{"type":"Feature","geometry":{"type":"Point","coordinates":[8.6870918,50.103252]},"properties":{"id":"bikerack:6505bd80-cef5-4b34-b78d-4e89c6b3c73c","kind":"bikerack","longitude":8.6870918,"latitude":50.103252,"name":"Fahrradabstellplatz","city":"Frankfurt am Main","address":null,"covered":false,"access":null,"website":null,"phone":null,"source":"OpenStreetMap/node/11113844482","sourceUpdatedAt":null,"verifiedAt":null}},{"type":"Feature","geometry":{"type":"Point","coordinates":[8.6962574,50.113258]},"properties":{"id":"bikerack:657392b0-cb13-4fa2-940e-d90556016f24","kind":"bikerack","longitude":8.6962574,"latitude":50.113258,"name":"Fahrradabstellplatz","city":"Frankfurt am Main","address":null,"covered":false,"access":null,"website":null,"phone":null,"source":"OpenStreetMap/node/6063806974","sourceUpdatedAt":null,"verifiedAt":null}},{"type":"Feature","geometry":{"type":"Point","coordinates":[8.6951535,50.1187587]},"properties":{"id":"bikerack:6580a032-ba9d-403d-8d67-91a8936bd83d","kind":"bikerack","longitude":8.6951535,"latitude":50.1187587,"name":"Fahrradabstellplatz","city":"Frankfurt am Main","address":null,"covered":false,"access":null,"website":null,"phone":null,"source":"OpenStreetMap/node/12568783707","sourceUpdatedAt":null,"verifiedAt":null}},{"type":"Feature","geometry":{"type":"Point","coordinates":[8.6830581,50.1109796]},"properties":{"id":"bikerack:6599cb72-8722-46a0-ad3e-438ba1aef2a0","kind":"bikerack","longitude":8.6830581,"latitude":50.1109796,"name":"Fahrradabstellplatz","city":"Frankfurt am Main","address":null,"covered":false,"access":null,"website":null,"phone":null,"source":"OpenStreetMap/node/11393516224","sourceUpdatedAt":null,"verifiedAt":null}},{"type":"Feature","geometry":{"type":"Point","coordinates":[8.6797649,50.1195504]},"properties":{"id":"bikerack:65f040fa-98d6-4912-8da6-869da616885c","kind":"bikerack","longitude":8.6797649,"latitude":50.1195504,"name":"Fahrradabstellplatz","city":"Frankfurt am Main","address":null,"covered":false,"access":null,"website":null,"phone":null,"source":"OpenStreetMap/node/6296472641","sourceUpdatedAt":null,"verifiedAt":null}},{"type":"Feature","geometry":{"type":"Point","coordinates":[8.6628336,50.094448]},"properties":{"id":"bikerack:65f4a8ae-108b-4c42-9211-cdd331b0275a","kind":"bikerack","longitude":8.6628336,"latitude":50.094448,"name":"Fahrradabstellplatz","city":"Frankfurt am Main","address":null,"covered":false,"access":null,"website":null,"phone":null,"source":"OpenStreetMap/node/13698326989","sourceUpdatedAt":null,"verifiedAt":null}},{"type":"Feature","geometry":{"type":"Point","coordinates":[8.676217,50.1113677]},"properties":{"id":"bikerack:65f5037c-8ccd-4349-9e83-3cc626ce59ad","kind":"bikerack","longitude":8.676217,"latitude":50.1113677,"name":"Fahrradabstellplatz","city":"Frankfurt am Main","address":null,"covered":false,"access":null,"website":null,"phone":null,"source":"OpenStreetMap/node/13667042100","sourceUpdatedAt":null,"verifiedAt":null}},{"type":"Feature","geometry":{"type":"Point","coordinates":[8.6822385,50.1022407]},"properties":{"id":"bikerack:65fbe005-ff07-464c-8bc0-59a4863d9e71","kind":"bikerack","longitude":8.6822385,"latitude":50.1022407,"name":"Fahrradabstellplatz","city":"Frankfurt am Main","address":null,"covered":false,"access":null,"website":null,"phone":null,"source":"OpenStreetMap/node/7756966447","sourceUpdatedAt":null,"verifiedAt":null}},{"type":"Feature","geometry":{"type":"Point","coordinates":[8.6892794,50.109939]},"properties":{"id":"bikerack:6616845e-65ec-4c97-a8ba-43f6cb65b89c","kind":"bikerack","longitude":8.6892794,"latitude":50.109939,"name":"Fahrradabstellplatz","city":"Frankfurt am Main","address":null,"covered":false,"access":null,"website":null,"phone":null,"source":"OpenStreetMap/node/9594513450","sourceUpdatedAt":null,"verifiedAt":null}},{"type":"Feature","geometry":{"type":"Point","coordinates":[8.6722402,50.1188798]},"properties":{"id":"bikerack:66842127-e905-4363-81a5-2633b1c1608c","kind":"bikerack","longitude":8.6722402,"latitude":50.1188798,"name":"Fahrradabstellplatz","city":"Frankfurt am Main","address":null,"covered":false,"access":null,"website":null,"phone":null,"source":"OpenStreetMap/node/11933333445","sourceUpdatedAt":null,"verifiedAt":null}},{"type":"Feature","geometry":{"type":"Point","coordinates":[8.6842064,50.1028211]},"properties":{"id":"bikerack:66b52b93-3b9e-48af-9aa5-f7426cc9ded4","kind":"bikerack","longitude":8.6842064,"latitude":50.1028211,"name":"Fahrradabstellplatz","city":"Frankfurt am Main","address":null,"covered":false,"access":null,"website":null,"phone":null,"source":"OpenStreetMap/node/7434364004","sourceUpdatedAt":null,"verifiedAt":null}},{"type":"Feature","geometry":{"type":"Point","coordinates":[8.6940254,50.1196376]},"properties":{"id":"bikerack:6770d528-3832-44bb-a4c1-5a28208aab3c","kind":"bikerack","longitude":8.6940254,"latitude":50.1196376,"name":"Fahrradabstellplatz","city":"Frankfurt am Main","address":null,"covered":false,"access":null,"website":null,"phone":null,"source":"OpenStreetMap/node/12213841884","sourceUpdatedAt":null,"verifiedAt":null}},{"type":"Feature","geometry":{"type":"Point","coordinates":[8.6658023,50.1134607]},"properties":{"id":"bikerack:677bd000-ee74-45c0-b847-c8c285094db6","kind":"bikerack","longitude":8.6658023,"latitude":50.1134607,"name":"Fahrradabstellplatz","city":"Frankfurt am Main","address":null,"covered":false,"access":null,"website":null,"phone":null,"source":"OpenStreetMap/node/13358077059","sourceUpdatedAt":null,"verifiedAt":null}},{"type":"Feature","geometry":{"type":"Point","coordinates":[8.6985114,50.1161687]},"properties":{"id":"bikerack:67b71e68-45e0-4d98-907e-d8d9d5b7fb78","kind":"bikerack","longitude":8.6985114,"latitude":50.1161687,"name":"Fahrradabstellplatz","city":"Frankfurt am Main","address":null,"covered":false,"access":null,"website":null,"phone":null,"source":"OpenStreetMap/node/1115769855","sourceUpdatedAt":null,"verifiedAt":null}},{"type":"Feature","geometry":{"type":"Point","coordinates":[8.6977192,50.119161]},"properties":{"id":"bikerack:6802e19a-8fa2-43bc-adc8-92d74a25b245","kind":"bikerack","longitude":8.6977192,"latitude":50.119161,"name":"Fahrradabstellplatz","city":"Frankfurt am Main","address":null,"covered":false,"access":null,"website":null,"phone":null,"source":"OpenStreetMap/node/6284200186","sourceUpdatedAt":null,"verifiedAt":null}},{"type":"Feature","geometry":{"type":"Point","coordinates":[8.6948522,50.1114293]},"properties":{"id":"bikerack:68141a52-e5e2-4afa-82f6-7313ed822b0c","kind":"bikerack","longitude":8.6948522,"latitude":50.1114293,"name":"Fahrradabstellplatz","city":"Frankfurt am Main","address":null,"covered":false,"access":null,"website":null,"phone":null,"source":"OpenStreetMap/node/10693049034","sourceUpdatedAt":null,"verifiedAt":null}},{"type":"Feature","geometry":{"type":"Point","coordinates":[8.6633933,50.0941068]},"properties":{"id":"bikerack:68437d50-4a92-4fcd-8ade-98b2cc04fccb","kind":"bikerack","longitude":8.6633933,"latitude":50.0941068,"name":"Fahrradabstellplatz","city":"Frankfurt am Main","address":null,"covered":false,"access":null,"website":null,"phone":null,"source":"OpenStreetMap/node/1468812547","sourceUpdatedAt":null,"verifiedAt":null}},{"type":"Feature","geometry":{"type":"Point","coordinates":[8.6590936,50.1075615]},"properties":{"id":"bikerack:68617135-1926-4ff9-a421-7f0151330af6","kind":"bikerack","longitude":8.6590936,"latitude":50.1075615,"name":"Fahrradabstellplatz","city":"Frankfurt am Main","address":null,"covered":false,"access":null,"website":null,"phone":null,"source":"OpenStreetMap/node/12898966824","sourceUpdatedAt":null,"verifiedAt":null}},{"type":"Feature","geometry":{"type":"Point","coordinates":[8.6860295,50.1169157]},"properties":{"id":"bikerack:687be4b1-7273-4b95-b146-8dbf1b96df49","kind":"bikerack","longitude":8.6860295,"latitude":50.1169157,"name":"Fahrradabstellplatz","city":"Frankfurt am Main","address":null,"covered":false,"access":null,"website":null,"phone":null,"source":"OpenStreetMap/node/6776236326","sourceUpdatedAt":null,"verifiedAt":null}},{"type":"Feature","geometry":{"type":"Point","coordinates":[8.7004034,50.1020872]},"properties":{"id":"bikerack:68b8c994-4edb-409a-897b-700abc9255b6","kind":"bikerack","longitude":8.7004034,"latitude":50.1020872,"name":"Fahrradabstellplatz","city":"Frankfurt am Main","address":null,"covered":true,"access":null,"website":null,"phone":null,"source":"OpenStreetMap/way/421993393","sourceUpdatedAt":null,"verifiedAt":null}},{"type":"Feature","geometry":{"type":"Point","coordinates":[8.6799005,50.0992687]},"properties":{"id":"bikerack:691ee79b-ec5e-47c3-9013-bffaa9f1a8c9","kind":"bikerack","longitude":8.6799005,"latitude":50.0992687,"name":"Fahrradabstellplatz","city":"Frankfurt am Main","address":null,"covered":false,"access":null,"website":null,"phone":null,"source":"OpenStreetMap/node/6873120585","sourceUpdatedAt":null,"verifiedAt":null}},{"type":"Feature","geometry":{"type":"Point","coordinates":[8.6687451,50.095695]},"properties":{"id":"bikerack:69201f9b-d9ad-4383-8eba-1d26dbcfe2c0","kind":"bikerack","longitude":8.6687451,"latitude":50.095695,"name":"Fahrradabstellplatz","city":"Frankfurt am Main","address":null,"covered":false,"access":null,"website":null,"phone":null,"source":"OpenStreetMap/node/6447498588","sourceUpdatedAt":null,"verifiedAt":null}},{"type":"Feature","geometry":{"type":"Point","coordinates":[8.67831,50.1115763]},"properties":{"id":"bikerack:696a640d-effa-496c-86fa-639866f31a29","kind":"bikerack","longitude":8.67831,"latitude":50.1115763,"name":"Fahrradabstellplatz","city":"Frankfurt am Main","address":null,"covered":false,"access":null,"website":null,"phone":null,"source":"OpenStreetMap/node/8502973997","sourceUpdatedAt":null,"verifiedAt":null}},{"type":"Feature","geometry":{"type":"Point","coordinates":[8.6899068,50.1155246]},"properties":{"id":"bikerack:6993120f-ccb7-4de8-b206-bd4ccacd06e9","kind":"bikerack","longitude":8.6899068,"latitude":50.1155246,"name":"Fahrradabstellplatz","city":"Frankfurt am Main","address":null,"covered":false,"access":null,"website":null,"phone":null,"source":"OpenStreetMap/node/12213895685","sourceUpdatedAt":null,"verifiedAt":null}},{"type":"Feature","geometry":{"type":"Point","coordinates":[8.6861609,50.1138654]},"properties":{"id":"bikerack:699829d6-6e48-49f9-b163-1c24482eb2fc","kind":"bikerack","longitude":8.6861609,"latitude":50.1138654,"name":"Fahrradabstellplatz","city":"Frankfurt am Main","address":null,"covered":false,"access":null,"website":null,"phone":null,"source":"OpenStreetMap/node/6278286973","sourceUpdatedAt":null,"verifiedAt":null}},{"type":"Feature","geometry":{"type":"Point","coordinates":[8.6911528,50.1201062]},"properties":{"id":"bikerack:69c746f5-d419-4f07-a90a-5b7962e2dcbe","kind":"bikerack","longitude":8.6911528,"latitude":50.1201062,"name":"Fahrradabstellplatz","city":"Frankfurt am Main","address":null,"covered":false,"access":null,"website":null,"phone":null,"source":"OpenStreetMap/node/12307419992","sourceUpdatedAt":null,"verifiedAt":null}},{"type":"Feature","geometry":{"type":"Point","coordinates":[8.6809824,50.1013802]},"properties":{"id":"bikerack:69e6e859-63c9-478d-8bad-00b39192b16e","kind":"bikerack","longitude":8.6809824,"latitude":50.1013802,"name":"Fahrradabstellplatz","city":"Frankfurt am Main","address":null,"covered":false,"access":null,"website":null,"phone":null,"source":"OpenStreetMap/node/8621772416","sourceUpdatedAt":null,"verifiedAt":null}},{"type":"Feature","geometry":{"type":"Point","coordinates":[8.6968665,50.1202017]},"properties":{"id":"bikerack:6a2579d7-ef17-46c9-8868-76ad6896bba0","kind":"bikerack","longitude":8.6968665,"latitude":50.1202017,"name":"Fahrradabstellplatz","city":"Frankfurt am Main","address":null,"covered":false,"access":null,"website":null,"phone":null,"source":"OpenStreetMap/node/8163889866","sourceUpdatedAt":null,"verifiedAt":null}},{"type":"Feature","geometry":{"type":"Point","coordinates":[8.6868234,50.1141698]},"properties":{"id":"bikerack:6a25f304-0bfb-4265-837c-c937758f63f4","kind":"bikerack","longitude":8.6868234,"latitude":50.1141698,"name":"Fahrradabstellplatz","city":"Frankfurt am Main","address":null,"covered":false,"access":null,"website":null,"phone":null,"source":"OpenStreetMap/node/6278286971","sourceUpdatedAt":null,"verifiedAt":null}},{"type":"Feature","geometry":{"type":"Point","coordinates":[8.6999822,50.1181111]},"properties":{"id":"bikerack:6a3f99d7-3581-4428-8acf-8c3fb52b226d","kind":"bikerack","longitude":8.6999822,"latitude":50.1181111,"name":"Fahrradabstellplatz","city":"Frankfurt am Main","address":null,"covered":false,"access":null,"website":null,"phone":null,"source":"OpenStreetMap/node/12612561706","sourceUpdatedAt":null,"verifiedAt":null}},{"type":"Feature","geometry":{"type":"Point","coordinates":[8.6992675,50.1146982]},"properties":{"id":"bikerack:6a46831e-6216-43f0-9714-6229bb02e58c","kind":"bikerack","longitude":8.6992675,"latitude":50.1146982,"name":"Fahrradabstellplatz","city":"Frankfurt am Main","address":null,"covered":false,"access":null,"website":null,"phone":null,"source":"OpenStreetMap/node/6015903047","sourceUpdatedAt":null,"verifiedAt":null}},{"type":"Feature","geometry":{"type":"Point","coordinates":[8.6653463,50.1040771]},"properties":{"id":"bikerack:6a7436f8-1ac3-424d-bd7b-6e2296a2daee","kind":"bikerack","longitude":8.6653463,"latitude":50.1040771,"name":"Fahrradabstellplatz","city":"Frankfurt am Main","address":null,"covered":false,"access":null,"website":null,"phone":null,"source":"OpenStreetMap/node/13109195727","sourceUpdatedAt":null,"verifiedAt":null}},{"type":"Feature","geometry":{"type":"Point","coordinates":[8.6810172,50.1013372]},"properties":{"id":"bikerack:6a7c8332-26cc-405b-a25c-187f1e60a0c7","kind":"bikerack","longitude":8.6810172,"latitude":50.1013372,"name":"Fahrradabstellplatz","city":"Frankfurt am Main","address":null,"covered":false,"access":null,"website":null,"phone":null,"source":"OpenStreetMap/node/8621779196","sourceUpdatedAt":null,"verifiedAt":null}},{"type":"Feature","geometry":{"type":"Point","coordinates":[8.6731977,50.112007]},"properties":{"id":"bikerack:6b496965-2dbf-4e49-b22b-276fb3ff1639","kind":"bikerack","longitude":8.6731977,"latitude":50.112007,"name":"Fahrradabstellplatz","city":"Frankfurt am Main","address":null,"covered":false,"access":null,"website":null,"phone":null,"source":"OpenStreetMap/node/714156678","sourceUpdatedAt":null,"verifiedAt":null}},{"type":"Feature","geometry":{"type":"Point","coordinates":[8.6885635,50.10215]},"properties":{"id":"bikerack:6be5d4e2-9527-431a-a676-5fdc34d734cb","kind":"bikerack","longitude":8.6885635,"latitude":50.10215,"name":"Fahrradabstellplatz","city":"Frankfurt am Main","address":null,"covered":false,"access":null,"website":null,"phone":null,"source":"OpenStreetMap/node/7716829313","sourceUpdatedAt":null,"verifiedAt":null}},{"type":"Feature","geometry":{"type":"Point","coordinates":[8.6860979,50.1164716]},"properties":{"id":"bikerack:6bfe9d1c-d592-44eb-a8bc-c243f4e2aa69","kind":"bikerack","longitude":8.6860979,"latitude":50.1164716,"name":"Fahrradabstellplatz","city":"Frankfurt am Main","address":null,"covered":false,"access":null,"website":null,"phone":null,"source":"OpenStreetMap/node/6436238045","sourceUpdatedAt":null,"verifiedAt":null}},{"type":"Feature","geometry":{"type":"Point","coordinates":[8.695175,50.1059633]},"properties":{"id":"bikerack:6c27f204-0d47-4ba3-94b6-002db79f344f","kind":"bikerack","longitude":8.695175,"latitude":50.1059633,"name":"Fahrradabstellplatz","city":"Frankfurt am Main","address":null,"covered":false,"access":null,"website":null,"phone":null,"source":"OpenStreetMap/node/3541989648","sourceUpdatedAt":null,"verifiedAt":null}},{"type":"Feature","geometry":{"type":"Point","coordinates":[8.6864792,50.1001192]},"properties":{"id":"bikerack:6c320157-4b11-48ce-9911-dfa3f9cf5d33","kind":"bikerack","longitude":8.6864792,"latitude":50.1001192,"name":"Fahrradabstellplatz","city":"Frankfurt am Main","address":null,"covered":false,"access":null,"website":null,"phone":null,"source":"OpenStreetMap/node/8964133227","sourceUpdatedAt":null,"verifiedAt":null}},{"type":"Feature","geometry":{"type":"Point","coordinates":[8.6796434,50.1030945]},"properties":{"id":"bikerack:6c3a3970-4b8c-4115-88f5-68889bf44816","kind":"bikerack","longitude":8.6796434,"latitude":50.1030945,"name":"Fahrradabstellplatz","city":"Frankfurt am Main","address":null,"covered":false,"access":null,"website":null,"phone":null,"source":"OpenStreetMap/node/1116650986","sourceUpdatedAt":null,"verifiedAt":null}},{"type":"Feature","geometry":{"type":"Point","coordinates":[8.687189,50.104111]},"properties":{"id":"bikerack:6c3c620d-68c8-474a-9031-3cef23a8185f","kind":"bikerack","longitude":8.687189,"latitude":50.104111,"name":"Fahrradabstellplatz","city":"Frankfurt am Main","address":null,"covered":false,"access":null,"website":null,"phone":null,"source":"OpenStreetMap/node/1550982853","sourceUpdatedAt":null,"verifiedAt":null}},{"type":"Feature","geometry":{"type":"Point","coordinates":[8.6861624,50.1144015]},"properties":{"id":"bikerack:6c4d917a-e263-4707-8cba-1c765c394ef9","kind":"bikerack","longitude":8.6861624,"latitude":50.1144015,"name":"Fahrradabstellplatz","city":"Frankfurt am Main","address":null,"covered":false,"access":null,"website":null,"phone":null,"source":"OpenStreetMap/node/11245864272","sourceUpdatedAt":null,"verifiedAt":null}},{"type":"Feature","geometry":{"type":"Point","coordinates":[8.6989041,50.1201636]},"properties":{"id":"bikerack:6c51082a-f35e-496b-867e-fbedb2f076f2","kind":"bikerack","longitude":8.6989041,"latitude":50.1201636,"name":"Fahrradabstellplatz","city":"Frankfurt am Main","address":null,"covered":false,"access":null,"website":null,"phone":null,"source":"OpenStreetMap/node/6284198772","sourceUpdatedAt":null,"verifiedAt":null}},{"type":"Feature","geometry":{"type":"Point","coordinates":[8.6986259,50.1093094]},"properties":{"id":"bikerack:6cb77fd9-4edf-4de8-a533-20e6f4a212cc","kind":"bikerack","longitude":8.6986259,"latitude":50.1093094,"name":"Fahrradabstellplatz","city":"Frankfurt am Main","address":null,"covered":false,"access":null,"website":null,"phone":null,"source":"OpenStreetMap/node/2917046262","sourceUpdatedAt":null,"verifiedAt":null}},{"type":"Feature","geometry":{"type":"Point","coordinates":[8.6873308,50.105368]},"properties":{"id":"bikerack:6cba8bde-ddf1-4098-ba6f-cb046550d34b","kind":"bikerack","longitude":8.6873308,"latitude":50.105368,"name":"Fahrradabstellplatz","city":"Frankfurt am Main","address":null,"covered":false,"access":null,"website":null,"phone":null,"source":"OpenStreetMap/node/7412512951","sourceUpdatedAt":null,"verifiedAt":null}},{"type":"Feature","geometry":{"type":"Point","coordinates":[8.6973846,50.1104535]},"properties":{"id":"bikerack:6cfe4f20-34a4-4454-96bc-8c9e905bf338","kind":"bikerack","longitude":8.6973846,"latitude":50.1104535,"name":"Fahrradabstellplatz","city":"Frankfurt am Main","address":null,"covered":false,"access":null,"website":null,"phone":null,"source":"OpenStreetMap/node/6063806972","sourceUpdatedAt":null,"verifiedAt":null}},{"type":"Feature","geometry":{"type":"Point","coordinates":[8.6981164,50.1094082]},"properties":{"id":"bikerack:6d0c900d-8489-4760-a455-346949a9d3ba","kind":"bikerack","longitude":8.6981164,"latitude":50.1094082,"name":"Fahrradabstellplatz","city":"Frankfurt am Main","address":null,"covered":false,"access":null,"website":null,"phone":null,"source":"OpenStreetMap/node/2917046265","sourceUpdatedAt":null,"verifiedAt":null}},{"type":"Feature","geometry":{"type":"Point","coordinates":[8.6873041,50.1101267]},"properties":{"id":"bikerack:6d5d9f29-5bee-4599-9e1d-57ea6dbeb6c3","kind":"bikerack","longitude":8.6873041,"latitude":50.1101267,"name":"Fahrradabstellplatz","city":"Frankfurt am Main","address":null,"covered":false,"access":null,"website":null,"phone":null,"source":"OpenStreetMap/node/11593887067","sourceUpdatedAt":null,"verifiedAt":null}},{"type":"Feature","geometry":{"type":"Point","coordinates":[8.6803482,50.1016477]},"properties":{"id":"bikerack:6d647771-a601-4650-8bba-d7fe5ffd77f3","kind":"bikerack","longitude":8.6803482,"latitude":50.1016477,"name":"Fahrradabstellplatz","city":"Frankfurt am Main","address":null,"covered":false,"access":null,"website":null,"phone":null,"source":"OpenStreetMap/node/1116663021","sourceUpdatedAt":null,"verifiedAt":null}},{"type":"Feature","geometry":{"type":"Point","coordinates":[8.6810221,50.1095047]},"properties":{"id":"bikerack:6d6688b3-829c-4bd4-80be-886279f8a505","kind":"bikerack","longitude":8.6810221,"latitude":50.1095047,"name":"Fahrradabstellplatz","city":"Frankfurt am Main","address":null,"covered":false,"access":null,"website":null,"phone":null,"source":"OpenStreetMap/node/1398584241","sourceUpdatedAt":null,"verifiedAt":null}},{"type":"Feature","geometry":{"type":"Point","coordinates":[8.6990311,50.1096865]},"properties":{"id":"bikerack:6d73fd9e-a2d5-47e5-8ac9-0f1cfc155d2c","kind":"bikerack","longitude":8.6990311,"latitude":50.1096865,"name":"Fahrradabstellplatz","city":"Frankfurt am Main","address":null,"covered":false,"access":null,"website":null,"phone":null,"source":"OpenStreetMap/node/2917046275","sourceUpdatedAt":null,"verifiedAt":null}},{"type":"Feature","geometry":{"type":"Point","coordinates":[8.6967659,50.1157449]},"properties":{"id":"bikerack:6d7434d4-f3c3-4cd7-9c11-f890b406a153","kind":"bikerack","longitude":8.6967659,"latitude":50.1157449,"name":"Fahrradabstellplatz","city":"Frankfurt am Main","address":null,"covered":false,"access":null,"website":null,"phone":null,"source":"OpenStreetMap/node/12101496314","sourceUpdatedAt":null,"verifiedAt":null}},{"type":"Feature","geometry":{"type":"Point","coordinates":[8.6901414,50.0994463]},"properties":{"id":"bikerack:6e029f1e-4b65-4797-8fe6-31f59fed2ed1","kind":"bikerack","longitude":8.6901414,"latitude":50.0994463,"name":"Fahrradabstellplatz","city":"Frankfurt am Main","address":null,"covered":false,"access":null,"website":null,"phone":null,"source":"OpenStreetMap/node/7562213966","sourceUpdatedAt":null,"verifiedAt":null}},{"type":"Feature","geometry":{"type":"Point","coordinates":[8.6822963,50.0952203]},"properties":{"id":"bikerack:6e122e51-cc28-4dea-831b-16f148943c03","kind":"bikerack","longitude":8.6822963,"latitude":50.0952203,"name":"Fahrradabstellplatz","city":"Frankfurt am Main","address":null,"covered":false,"access":null,"website":null,"phone":null,"source":"OpenStreetMap/node/11627222624","sourceUpdatedAt":null,"verifiedAt":null}},{"type":"Feature","geometry":{"type":"Point","coordinates":[8.6911272,50.1049579]},"properties":{"id":"bikerack:6e614fb7-e1aa-4e77-8624-7ed0678ee02a","kind":"bikerack","longitude":8.6911272,"latitude":50.1049579,"name":"Fahrradabstellplatz","city":"Frankfurt am Main","address":null,"covered":false,"access":null,"website":null,"phone":null,"source":"OpenStreetMap/node/10240678764","sourceUpdatedAt":null,"verifiedAt":null}},{"type":"Feature","geometry":{"type":"Point","coordinates":[8.6675906,50.1204855]},"properties":{"id":"bikerack:6e61a644-e203-4f07-977a-b5f032993f40","kind":"bikerack","longitude":8.6675906,"latitude":50.1204855,"name":"Fahrradabstellplatz","city":"Frankfurt am Main","address":null,"covered":false,"access":null,"website":null,"phone":null,"source":"OpenStreetMap/node/9954187752","sourceUpdatedAt":null,"verifiedAt":null}},{"type":"Feature","geometry":{"type":"Point","coordinates":[8.661003,50.0965529]},"properties":{"id":"bikerack:6e661027-224e-41fb-9d45-64598748b18b","kind":"bikerack","longitude":8.661003,"latitude":50.0965529,"name":"Fahrradabstellplatz","city":"Frankfurt am Main","address":null,"covered":false,"access":null,"website":null,"phone":null,"source":"OpenStreetMap/node/1468804496","sourceUpdatedAt":null,"verifiedAt":null}},{"type":"Feature","geometry":{"type":"Point","coordinates":[8.6768183,50.113069]},"properties":{"id":"bikerack:6ed127a3-57d1-43b8-9513-68fb6923cddf","kind":"bikerack","longitude":8.6768183,"latitude":50.113069,"name":"Fahrradabstellplatz","city":"Frankfurt am Main","address":null,"covered":false,"access":null,"website":null,"phone":null,"source":"OpenStreetMap/node/10570542960","sourceUpdatedAt":null,"verifiedAt":null}},{"type":"Feature","geometry":{"type":"Point","coordinates":[8.674953,50.1086572]},"properties":{"id":"bikerack:6f8eb823-a3d8-4e3f-9e4c-fe4189fc29c6","kind":"bikerack","longitude":8.674953,"latitude":50.1086572,"name":"Fahrradabstellplatz","city":"Frankfurt am Main","address":null,"covered":false,"access":null,"website":null,"phone":null,"source":"OpenStreetMap/node/7948653100","sourceUpdatedAt":null,"verifiedAt":null}},{"type":"Feature","geometry":{"type":"Point","coordinates":[8.6714537,50.0943119]},"properties":{"id":"bikerack:6fa66ea0-2765-48e5-81fe-9e0ca1a59dfa","kind":"bikerack","longitude":8.6714537,"latitude":50.0943119,"name":"Fahrradabstellplatz","city":"Frankfurt am Main","address":null,"covered":true,"access":null,"website":null,"phone":null,"source":"OpenStreetMap/node/4150943389","sourceUpdatedAt":null,"verifiedAt":null}},{"type":"Feature","geometry":{"type":"Point","coordinates":[8.660145,50.1161862]},"properties":{"id":"bikerack:6fe16818-431a-44d2-8843-6999cdbd4c83","kind":"bikerack","longitude":8.660145,"latitude":50.1161862,"name":"Fahrradabstellplatz","city":"Frankfurt am Main","address":null,"covered":false,"access":null,"website":null,"phone":null,"source":"OpenStreetMap/node/10171490254","sourceUpdatedAt":null,"verifiedAt":null}},{"type":"Feature","geometry":{"type":"Point","coordinates":[8.6906561,50.1016114]},"properties":{"id":"bikerack:6fe4ba83-2dd0-46bc-94e5-c1a4c33b16f7","kind":"bikerack","longitude":8.6906561,"latitude":50.1016114,"name":"Fahrradabstellplatz","city":"Frankfurt am Main","address":null,"covered":true,"access":null,"website":null,"phone":null,"source":"OpenStreetMap/node/12125536082","sourceUpdatedAt":null,"verifiedAt":null}},{"type":"Feature","geometry":{"type":"Point","coordinates":[8.6856351,50.1023941]},"properties":{"id":"bikerack:707a9414-742e-46c5-9857-4a13003c86d7","kind":"bikerack","longitude":8.6856351,"latitude":50.1023941,"name":"Fahrradabstellplatz","city":"Frankfurt am Main","address":null,"covered":false,"access":null,"website":null,"phone":null,"source":"OpenStreetMap/node/8786241206","sourceUpdatedAt":null,"verifiedAt":null}},{"type":"Feature","geometry":{"type":"Point","coordinates":[8.674413,50.106592]},"properties":{"id":"bikerack:70908f4a-63e9-47f1-8c32-4a7b85c8ce1d","kind":"bikerack","longitude":8.674413,"latitude":50.106592,"name":"Fahrradabstellplatz","city":"Frankfurt am Main","address":null,"covered":false,"access":null,"website":null,"phone":null,"source":"OpenStreetMap/node/9677393898","sourceUpdatedAt":null,"verifiedAt":null}},{"type":"Feature","geometry":{"type":"Point","coordinates":[8.689422,50.116422]},"properties":{"id":"bikerack:71969d09-417a-48ee-9cd0-732fe18d2e64","kind":"bikerack","longitude":8.689422,"latitude":50.116422,"name":"Fahrradabstellplatz","city":"Frankfurt am Main","address":null,"covered":false,"access":null,"website":null,"phone":null,"source":"OpenStreetMap/node/7249324945","sourceUpdatedAt":null,"verifiedAt":null}},{"type":"Feature","geometry":{"type":"Point","coordinates":[8.6791764,50.1062056]},"properties":{"id":"bikerack:71b4120c-f3b5-47d9-9280-564eb638033d","kind":"bikerack","longitude":8.6791764,"latitude":50.1062056,"name":"Fahrradabstellplatz","city":"Frankfurt am Main","address":null,"covered":false,"access":null,"website":null,"phone":null,"source":"OpenStreetMap/node/6712588705","sourceUpdatedAt":null,"verifiedAt":null}},{"type":"Feature","geometry":{"type":"Point","coordinates":[8.6963009,50.105139]},"properties":{"id":"bikerack:71cc27c4-2471-4d6f-af17-aa52e708e1bd","kind":"bikerack","longitude":8.6963009,"latitude":50.105139,"name":"Fahrradabstellplatz","city":"Frankfurt am Main","address":null,"covered":false,"access":null,"website":null,"phone":null,"source":"OpenStreetMap/node/1695299156","sourceUpdatedAt":null,"verifiedAt":null}},{"type":"Feature","geometry":{"type":"Point","coordinates":[8.6816063,50.1005737]},"properties":{"id":"bikerack:720da969-51b6-4e86-9fe3-17cdfdb14c08","kind":"bikerack","longitude":8.6816063,"latitude":50.1005737,"name":"Fahrradabstellplatz","city":"Frankfurt am Main","address":null,"covered":false,"access":null,"website":null,"phone":null,"source":"OpenStreetMap/node/8621768557","sourceUpdatedAt":null,"verifiedAt":null}},{"type":"Feature","geometry":{"type":"Point","coordinates":[8.6775562,50.1098646]},"properties":{"id":"bikerack:720f7eee-cd95-4627-bf44-3ad423ac6706","kind":"bikerack","longitude":8.6775562,"latitude":50.1098646,"name":"Fahrradabstellplatz","city":"Frankfurt am Main","address":null,"covered":false,"access":null,"website":null,"phone":null,"source":"OpenStreetMap/node/11881022550","sourceUpdatedAt":null,"verifiedAt":null}},{"type":"Feature","geometry":{"type":"Point","coordinates":[8.6866189,50.102186]},"properties":{"id":"bikerack:722a8c03-2046-48ed-ae42-f27f800b1e77","kind":"bikerack","longitude":8.6866189,"latitude":50.102186,"name":"Fahrradabstellplatz","city":"Frankfurt am Main","address":null,"covered":false,"access":null,"website":null,"phone":null,"source":"OpenStreetMap/node/7434475784","sourceUpdatedAt":null,"verifiedAt":null}},{"type":"Feature","geometry":{"type":"Point","coordinates":[8.6866248,50.1031435]},"properties":{"id":"bikerack:7257beac-8ab3-4737-aed5-f9bfdb0aacd3","kind":"bikerack","longitude":8.6866248,"latitude":50.1031435,"name":"Fahrradabstellplatz","city":"Frankfurt am Main","address":null,"covered":false,"access":null,"website":null,"phone":null,"source":"OpenStreetMap/way/1422450395","sourceUpdatedAt":null,"verifiedAt":null}},{"type":"Feature","geometry":{"type":"Point","coordinates":[8.6646612,50.1079935]},"properties":{"id":"bikerack:7266dae4-0c79-4426-8d89-c9027b153027","kind":"bikerack","longitude":8.6646612,"latitude":50.1079935,"name":"Fahrradabstellplatz","city":"Frankfurt am Main","address":null,"covered":false,"access":null,"website":null,"phone":null,"source":"OpenStreetMap/node/7595767927","sourceUpdatedAt":null,"verifiedAt":null}},{"type":"Feature","geometry":{"type":"Point","coordinates":[8.6937735,50.1194671]},"properties":{"id":"bikerack:7268b8f3-ecd1-40d3-bfac-dd94455c8164","kind":"bikerack","longitude":8.6937735,"latitude":50.1194671,"name":"Fahrradabstellplatz","city":"Frankfurt am Main","address":null,"covered":false,"access":null,"website":null,"phone":null,"source":"OpenStreetMap/node/12628243569","sourceUpdatedAt":null,"verifiedAt":null}},{"type":"Feature","geometry":{"type":"Point","coordinates":[8.684406,50.1020811]},"properties":{"id":"bikerack:728d1ed8-809c-4ac7-8b1a-895bdc0937a1","kind":"bikerack","longitude":8.684406,"latitude":50.1020811,"name":"Fahrradabstellplatz","city":"Frankfurt am Main","address":null,"covered":false,"access":null,"website":null,"phone":null,"source":"OpenStreetMap/node/8789410184","sourceUpdatedAt":null,"verifiedAt":null}},{"type":"Feature","geometry":{"type":"Point","coordinates":[8.6913376,50.1154048]},"properties":{"id":"bikerack:72f37074-8c70-4db4-8ac7-e525abe1caaa","kind":"bikerack","longitude":8.6913376,"latitude":50.1154048,"name":"Fahrradabstellplatz","city":"Frankfurt am Main","address":null,"covered":false,"access":null,"website":null,"phone":null,"source":"OpenStreetMap/node/6438795300","sourceUpdatedAt":null,"verifiedAt":null}},{"type":"Feature","geometry":{"type":"Point","coordinates":[8.6954661,50.1203242]},"properties":{"id":"bikerack:732751bb-5f22-4041-bad7-ca20cca61122","kind":"bikerack","longitude":8.6954661,"latitude":50.1203242,"name":"Fahrradabstellplatz","city":"Frankfurt am Main","address":null,"covered":false,"access":null,"website":null,"phone":null,"source":"OpenStreetMap/node/1141204477","sourceUpdatedAt":null,"verifiedAt":null}},{"type":"Feature","geometry":{"type":"Point","coordinates":[8.6767423,50.11644]},"properties":{"id":"bikerack:739b8e7d-a7de-43cc-93a4-506843036116","kind":"bikerack","longitude":8.6767423,"latitude":50.11644,"name":"Fahrradabstellplatz","city":"Frankfurt am Main","address":null,"covered":true,"access":null,"website":null,"phone":null,"source":"OpenStreetMap/node/9500734601","sourceUpdatedAt":null,"verifiedAt":null}},{"type":"Feature","geometry":{"type":"Point","coordinates":[8.6966001,50.1196398]},"properties":{"id":"bikerack:73c9a06b-ab73-4a8b-8d0c-a80505bb4d68","kind":"bikerack","longitude":8.6966001,"latitude":50.1196398,"name":"Fahrradabstellplatz","city":"Frankfurt am Main","address":null,"covered":false,"access":null,"website":null,"phone":null,"source":"OpenStreetMap/node/12118311185","sourceUpdatedAt":null,"verifiedAt":null}},{"type":"Feature","geometry":{"type":"Point","coordinates":[8.684662,50.1001856]},"properties":{"id":"bikerack:740fbdd8-b02c-4469-b225-3975a34b5c90","kind":"bikerack","longitude":8.684662,"latitude":50.1001856,"name":"Fahrradabstellplatz","city":"Frankfurt am Main","address":null,"covered":false,"access":null,"website":null,"phone":null,"source":"OpenStreetMap/node/12532104831","sourceUpdatedAt":null,"verifiedAt":null}},{"type":"Feature","geometry":{"type":"Point","coordinates":[8.6907127,50.1000055]},"properties":{"id":"bikerack:7484f96a-0c0e-4e58-aa43-b171116f158d","kind":"bikerack","longitude":8.6907127,"latitude":50.1000055,"name":"Fahrradabstellplatz","city":"Frankfurt am Main","address":null,"covered":false,"access":null,"website":null,"phone":null,"source":"OpenStreetMap/node/7562209068","sourceUpdatedAt":null,"verifiedAt":null}},{"type":"Feature","geometry":{"type":"Point","coordinates":[8.6871834,50.1011454]},"properties":{"id":"bikerack:748c073a-5cce-42bd-85bb-8be600e8831a","kind":"bikerack","longitude":8.6871834,"latitude":50.1011454,"name":"Fahrradabstellplatz","city":"Frankfurt am Main","address":null,"covered":false,"access":null,"website":null,"phone":null,"source":"OpenStreetMap/node/1550999998","sourceUpdatedAt":null,"verifiedAt":null}},{"type":"Feature","geometry":{"type":"Point","coordinates":[8.6601761,50.0937059]},"properties":{"id":"bikerack:74929358-4047-419e-a3bc-c7301795aef8","kind":"bikerack","longitude":8.6601761,"latitude":50.0937059,"name":"Fahrradabstellplatz","city":"Frankfurt am Main","address":null,"covered":false,"access":null,"website":null,"phone":null,"source":"OpenStreetMap/node/10021780641","sourceUpdatedAt":null,"verifiedAt":null}},{"type":"Feature","geometry":{"type":"Point","coordinates":[8.6666762,50.1151458]},"properties":{"id":"bikerack:74a2fc55-c16a-41e8-9909-c1e82f509e66","kind":"bikerack","longitude":8.6666762,"latitude":50.1151458,"name":"Fahrradabstellplatz","city":"Frankfurt am Main","address":null,"covered":false,"access":null,"website":null,"phone":null,"source":"OpenStreetMap/node/10171460855","sourceUpdatedAt":null,"verifiedAt":null}},{"type":"Feature","geometry":{"type":"Point","coordinates":[8.6989477,50.1185379]},"properties":{"id":"bikerack:74af03d4-ff92-4370-960c-76ccd0ca21a7","kind":"bikerack","longitude":8.6989477,"latitude":50.1185379,"name":"Fahrradabstellplatz","city":"Frankfurt am Main","address":null,"covered":true,"access":null,"website":null,"phone":null,"source":"OpenStreetMap/node/9571195711","sourceUpdatedAt":null,"verifiedAt":null}},{"type":"Feature","geometry":{"type":"Point","coordinates":[8.6747803,50.1010805]},"properties":{"id":"bikerack:74ffb6d1-e5f1-40b2-b633-1cfd2fbd3974","kind":"bikerack","longitude":8.6747803,"latitude":50.1010805,"name":"Fahrradabstellplatz","city":"Frankfurt am Main","address":null,"covered":false,"access":null,"website":null,"phone":null,"source":"OpenStreetMap/node/6442301490","sourceUpdatedAt":null,"verifiedAt":null}},{"type":"Feature","geometry":{"type":"Point","coordinates":[8.6868202,50.1037054]},"properties":{"id":"bikerack:7521cf31-72fb-4d64-9c35-d69d772cda4e","kind":"bikerack","longitude":8.6868202,"latitude":50.1037054,"name":"Fahrradabstellplatz","city":"Frankfurt am Main","address":null,"covered":false,"access":null,"website":null,"phone":null,"source":"OpenStreetMap/node/7434363001","sourceUpdatedAt":null,"verifiedAt":null}},{"type":"Feature","geometry":{"type":"Point","coordinates":[8.6748044,50.1016577]},"properties":{"id":"bikerack:755e6dec-b7b9-4d3a-b46a-47dfa7019f11","kind":"bikerack","longitude":8.6748044,"latitude":50.1016577,"name":"Fahrradabstellplatz","city":"Frankfurt am Main","address":null,"covered":false,"access":null,"website":null,"phone":null,"source":"OpenStreetMap/node/9142638755","sourceUpdatedAt":null,"verifiedAt":null}},{"type":"Feature","geometry":{"type":"Point","coordinates":[8.6618836,50.1158344]},"properties":{"id":"bikerack:75e9b5ce-db03-48b5-b2b5-ec202e61042f","kind":"bikerack","longitude":8.6618836,"latitude":50.1158344,"name":"Fahrradabstellplatz","city":"Frankfurt am Main","address":null,"covered":false,"access":null,"website":null,"phone":null,"source":"OpenStreetMap/node/13626966727","sourceUpdatedAt":null,"verifiedAt":null}},{"type":"Feature","geometry":{"type":"Point","coordinates":[8.659867,50.0946436]},"properties":{"id":"bikerack:766eb5ba-c838-4874-938a-2fdaddbe8f80","kind":"bikerack","longitude":8.659867,"latitude":50.0946436,"name":"Fahrradabstellplatz","city":"Frankfurt am Main","address":null,"covered":false,"access":null,"website":null,"phone":null,"source":"OpenStreetMap/node/1468812550","sourceUpdatedAt":null,"verifiedAt":null}},{"type":"Feature","geometry":{"type":"Point","coordinates":[8.663224,50.1181953]},"properties":{"id":"bikerack:76e43954-6a6f-4edf-8bf8-c9a993ab9eef","kind":"bikerack","longitude":8.663224,"latitude":50.1181953,"name":"Fahrradabstellplatz","city":"Frankfurt am Main","address":null,"covered":false,"access":null,"website":null,"phone":null,"source":"OpenStreetMap/node/6355985775","sourceUpdatedAt":null,"verifiedAt":null}},{"type":"Feature","geometry":{"type":"Point","coordinates":[8.6576376,50.1116299]},"properties":{"id":"bikerack:76ee3cca-8e3d-453a-b77f-fb44ae935946","kind":"bikerack","longitude":8.6576376,"latitude":50.1116299,"name":"Fahrradabstellplatz","city":"Frankfurt am Main","address":null,"covered":false,"access":null,"website":null,"phone":null,"source":"OpenStreetMap/node/1127887810","sourceUpdatedAt":null,"verifiedAt":null}},{"type":"Feature","geometry":{"type":"Point","coordinates":[8.6828421,50.1120011]},"properties":{"id":"bikerack:77023918-46f2-492a-a02a-02b062b74efd","kind":"bikerack","longitude":8.6828421,"latitude":50.1120011,"name":"Fahrradabstellplatz","city":"Frankfurt am Main","address":null,"covered":false,"access":null,"website":null,"phone":null,"source":"OpenStreetMap/node/9636308457","sourceUpdatedAt":null,"verifiedAt":null}},{"type":"Feature","geometry":{"type":"Point","coordinates":[8.6968274,50.1089971]},"properties":{"id":"bikerack:775b4f77-f763-42de-a82a-a691f3edd1cc","kind":"bikerack","longitude":8.6968274,"latitude":50.1089971,"name":"Fahrradabstellplatz","city":"Frankfurt am Main","address":null,"covered":false,"access":null,"website":null,"phone":null,"source":"OpenStreetMap/node/2917046257","sourceUpdatedAt":null,"verifiedAt":null}},{"type":"Feature","geometry":{"type":"Point","coordinates":[8.6690042,50.1052122]},"properties":{"id":"bikerack:7777dc96-3b16-475c-bbe2-fbc86be3724d","kind":"bikerack","longitude":8.6690042,"latitude":50.1052122,"name":"Fahrradabstellplatz","city":"Frankfurt am Main","address":null,"covered":false,"access":null,"website":null,"phone":null,"source":"OpenStreetMap/node/9635384089","sourceUpdatedAt":null,"verifiedAt":null}},{"type":"Feature","geometry":{"type":"Point","coordinates":[8.6894968,50.1112076]},"properties":{"id":"bikerack:77af633b-562d-46cd-b0b5-28134b591da6","kind":"bikerack","longitude":8.6894968,"latitude":50.1112076,"name":"Fahrradabstellplatz","city":"Frankfurt am Main","address":null,"covered":false,"access":null,"website":null,"phone":null,"source":"OpenStreetMap/node/12361647665","sourceUpdatedAt":null,"verifiedAt":null}},{"type":"Feature","geometry":{"type":"Point","coordinates":[8.6901059,50.1035057]},"properties":{"id":"bikerack:78ee222f-e79e-4696-9a02-11c9a77e4d5b","kind":"bikerack","longitude":8.6901059,"latitude":50.1035057,"name":"Fahrradabstellplatz","city":"Frankfurt am Main","address":null,"covered":false,"access":null,"website":null,"phone":null,"source":"OpenStreetMap/node/1678728933","sourceUpdatedAt":null,"verifiedAt":null}},{"type":"Feature","geometry":{"type":"Point","coordinates":[8.6815656,50.1128407]},"properties":{"id":"bikerack:79a3ac41-d82d-4d39-99b3-3b04372ea9de","kind":"bikerack","longitude":8.6815656,"latitude":50.1128407,"name":"Fahrradabstellplatz","city":"Frankfurt am Main","address":null,"covered":false,"access":null,"website":null,"phone":null,"source":"OpenStreetMap/node/12551474047","sourceUpdatedAt":null,"verifiedAt":null}},{"type":"Feature","geometry":{"type":"Point","coordinates":[8.6774182,50.1141182]},"properties":{"id":"bikerack:79ab3d19-dbdd-40f3-8b6f-0519fcf40246","kind":"bikerack","longitude":8.6774182,"latitude":50.1141182,"name":"Fahrradabstellplatz","city":"Frankfurt am Main","address":null,"covered":false,"access":null,"website":null,"phone":null,"source":"OpenStreetMap/node/6284198748","sourceUpdatedAt":null,"verifiedAt":null}},{"type":"Feature","geometry":{"type":"Point","coordinates":[8.6870525,50.103133]},"properties":{"id":"bikerack:79fbbf40-1660-4863-863d-a07ef1a30446","kind":"bikerack","longitude":8.6870525,"latitude":50.103133,"name":"Fahrradabstellplatz","city":"Frankfurt am Main","address":null,"covered":false,"access":null,"website":null,"phone":null,"source":"OpenStreetMap/node/11127148524","sourceUpdatedAt":null,"verifiedAt":null}},{"type":"Feature","geometry":{"type":"Point","coordinates":[8.6864519,50.1153497]},"properties":{"id":"bikerack:7a088d66-214b-4bb9-ad09-c6f8204af892","kind":"bikerack","longitude":8.6864519,"latitude":50.1153497,"name":"Fahrradabstellplatz","city":"Frankfurt am Main","address":null,"covered":false,"access":null,"website":null,"phone":null,"source":"OpenStreetMap/node/6436238062","sourceUpdatedAt":null,"verifiedAt":null}},{"type":"Feature","geometry":{"type":"Point","coordinates":[8.6807777,50.1173053]},"properties":{"id":"bikerack:7a4a074d-c700-4f36-a149-7885f5f00a92","kind":"bikerack","longitude":8.6807777,"latitude":50.1173053,"name":"Fahrradabstellplatz","city":"Frankfurt am Main","address":null,"covered":false,"access":null,"website":null,"phone":null,"source":"OpenStreetMap/node/6776236337","sourceUpdatedAt":null,"verifiedAt":null}},{"type":"Feature","geometry":{"type":"Point","coordinates":[8.6616588,50.0960307]},"properties":{"id":"bikerack:7a63754e-7900-4959-89f7-edb9b34e8644","kind":"bikerack","longitude":8.6616588,"latitude":50.0960307,"name":"Fahrradabstellplatz","city":"Frankfurt am Main","address":null,"covered":true,"access":null,"website":null,"phone":null,"source":"OpenStreetMap/node/1468804488","sourceUpdatedAt":null,"verifiedAt":null}},{"type":"Feature","geometry":{"type":"Point","coordinates":[8.6629165,50.0946364]},"properties":{"id":"bikerack:7ac619a8-7140-4343-bf79-031ddf88583c","kind":"bikerack","longitude":8.6629165,"latitude":50.0946364,"name":"Fahrradabstellplatz","city":"Frankfurt am Main","address":null,"covered":false,"access":null,"website":null,"phone":null,"source":"OpenStreetMap/node/13123110307","sourceUpdatedAt":null,"verifiedAt":null}},{"type":"Feature","geometry":{"type":"Point","coordinates":[8.6913941,50.1106946]},"properties":{"id":"bikerack:7b32aa12-19f0-47a7-a8b0-a3b3212a2051","kind":"bikerack","longitude":8.6913941,"latitude":50.1106946,"name":"Fahrradabstellplatz","city":"Frankfurt am Main","address":null,"covered":false,"access":null,"website":null,"phone":null,"source":"OpenStreetMap/node/7839275045","sourceUpdatedAt":null,"verifiedAt":null}},{"type":"Feature","geometry":{"type":"Point","coordinates":[8.6791063,50.1116642]},"properties":{"id":"bikerack:7b356f65-773e-49e6-a6ee-1df9b00ec4ba","kind":"bikerack","longitude":8.6791063,"latitude":50.1116642,"name":"Fahrradabstellplatz","city":"Frankfurt am Main","address":null,"covered":false,"access":null,"website":null,"phone":null,"source":"OpenStreetMap/node/8503604548","sourceUpdatedAt":null,"verifiedAt":null}},{"type":"Feature","geometry":{"type":"Point","coordinates":[8.6868901,50.1042851]},"properties":{"id":"bikerack:7b5e15e7-9db9-4378-bfd7-ff6b9a198513","kind":"bikerack","longitude":8.6868901,"latitude":50.1042851,"name":"Fahrradabstellplatz","city":"Frankfurt am Main","address":null,"covered":false,"access":null,"website":null,"phone":null,"source":"OpenStreetMap/node/7412512947","sourceUpdatedAt":null,"verifiedAt":null}},{"type":"Feature","geometry":{"type":"Point","coordinates":[8.6820857,50.112008]},"properties":{"id":"bikerack:7b86c13a-681d-4656-a659-4265bdb9c8ea","kind":"bikerack","longitude":8.6820857,"latitude":50.112008,"name":"Fahrradabstellplatz","city":"Frankfurt am Main","address":null,"covered":false,"access":null,"website":null,"phone":null,"source":"OpenStreetMap/node/9636377611","sourceUpdatedAt":null,"verifiedAt":null}},{"type":"Feature","geometry":{"type":"Point","coordinates":[8.6826249,50.1011875]},"properties":{"id":"bikerack:7ba21a17-ffb8-4618-96df-72974578f0e6","kind":"bikerack","longitude":8.6826249,"latitude":50.1011875,"name":"Fahrradabstellplatz","city":"Frankfurt am Main","address":null,"covered":false,"access":null,"website":null,"phone":null,"source":"OpenStreetMap/node/11121671405","sourceUpdatedAt":null,"verifiedAt":null}},{"type":"Feature","geometry":{"type":"Point","coordinates":[8.6850563,50.0997785]},"properties":{"id":"bikerack:7c9c22eb-187a-408c-b450-c418236f4c8e","kind":"bikerack","longitude":8.6850563,"latitude":50.0997785,"name":"Fahrradabstellplatz","city":"Frankfurt am Main","address":null,"covered":false,"access":null,"website":null,"phone":null,"source":"OpenStreetMap/node/9143780748","sourceUpdatedAt":null,"verifiedAt":null}},{"type":"Feature","geometry":{"type":"Point","coordinates":[8.700921,50.1185468]},"properties":{"id":"bikerack:7ce28c78-9884-4a71-8e2b-7347ba8c7f6c","kind":"bikerack","longitude":8.700921,"latitude":50.1185468,"name":"Fahrradabstellplatz","city":"Frankfurt am Main","address":null,"covered":false,"access":null,"website":null,"phone":null,"source":"OpenStreetMap/node/12612533351","sourceUpdatedAt":null,"verifiedAt":null}},{"type":"Feature","geometry":{"type":"Point","coordinates":[8.7004711,50.1121294]},"properties":{"id":"bikerack:7d254c02-4b8b-4a4d-a097-bccf709c0ec9","kind":"bikerack","longitude":8.7004711,"latitude":50.1121294,"name":"Fahrradabstellplatz","city":"Frankfurt am Main","address":null,"covered":false,"access":null,"website":null,"phone":null,"source":"OpenStreetMap/node/9391764364","sourceUpdatedAt":null,"verifiedAt":null}},{"type":"Feature","geometry":{"type":"Point","coordinates":[8.6976658,50.1182776]},"properties":{"id":"bikerack:7d48f366-cca8-41ed-87f5-a6dfa08b3130","kind":"bikerack","longitude":8.6976658,"latitude":50.1182776,"name":"Fahrradabstellplatz","city":"Frankfurt am Main","address":null,"covered":false,"access":null,"website":null,"phone":null,"source":"OpenStreetMap/node/12612566163","sourceUpdatedAt":null,"verifiedAt":null}},{"type":"Feature","geometry":{"type":"Point","coordinates":[8.6760267,50.1022691]},"properties":{"id":"bikerack:7d781f93-66cd-4b9e-a73d-058c0b84130d","kind":"bikerack","longitude":8.6760267,"latitude":50.1022691,"name":"Fahrradabstellplatz","city":"Frankfurt am Main","address":null,"covered":false,"access":null,"website":null,"phone":null,"source":"OpenStreetMap/node/8622515459","sourceUpdatedAt":null,"verifiedAt":null}},{"type":"Feature","geometry":{"type":"Point","coordinates":[8.6845222,50.1117435]},"properties":{"id":"bikerack:7dbb01c4-f2d5-4773-8c17-807e12ef92a4","kind":"bikerack","longitude":8.6845222,"latitude":50.1117435,"name":"Fahrradabstellplatz","city":"Frankfurt am Main","address":null,"covered":false,"access":null,"website":null,"phone":null,"source":"OpenStreetMap/node/2495222646","sourceUpdatedAt":null,"verifiedAt":null}},{"type":"Feature","geometry":{"type":"Point","coordinates":[8.6715238,50.1156816]},"properties":{"id":"bikerack:7dcb21fc-a3ea-49ab-b100-58c2d9fd0070","kind":"bikerack","longitude":8.6715238,"latitude":50.1156816,"name":"Fahrradabstellplatz","city":"Frankfurt am Main","address":null,"covered":false,"access":null,"website":null,"phone":null,"source":"OpenStreetMap/node/7153414736","sourceUpdatedAt":null,"verifiedAt":null}},{"type":"Feature","geometry":{"type":"Point","coordinates":[8.7010485,50.1182702]},"properties":{"id":"bikerack:7defb74c-95cc-4cab-841c-4a8b34b92d7c","kind":"bikerack","longitude":8.7010485,"latitude":50.1182702,"name":"Fahrradabstellplatz","city":"Frankfurt am Main","address":null,"covered":false,"access":null,"website":null,"phone":null,"source":"OpenStreetMap/node/13625230579","sourceUpdatedAt":null,"verifiedAt":null}},{"type":"Feature","geometry":{"type":"Point","coordinates":[8.6979278,50.1172822]},"properties":{"id":"bikerack:7e30a705-c7ea-40ef-8413-27e295562bd7","kind":"bikerack","longitude":8.6979278,"latitude":50.1172822,"name":"Fahrradabstellplatz","city":"Frankfurt am Main","address":null,"covered":false,"access":null,"website":null,"phone":null,"source":"OpenStreetMap/node/9839577703","sourceUpdatedAt":null,"verifiedAt":null}},{"type":"Feature","geometry":{"type":"Point","coordinates":[8.6951089,50.1052471]},"properties":{"id":"bikerack:7e384090-243e-4202-bffb-eb8369704a97","kind":"bikerack","longitude":8.6951089,"latitude":50.1052471,"name":"Fahrradabstellplatz","city":"Frankfurt am Main","address":null,"covered":false,"access":null,"website":null,"phone":null,"source":"OpenStreetMap/node/3541989645","sourceUpdatedAt":null,"verifiedAt":null}},{"type":"Feature","geometry":{"type":"Point","coordinates":[8.6793418,50.1140072]},"properties":{"id":"bikerack:7ec9f46a-ec03-45f8-8d3c-34990d81e1fa","kind":"bikerack","longitude":8.6793418,"latitude":50.1140072,"name":"Fahrradabstellplatz","city":"Frankfurt am Main","address":null,"covered":false,"access":null,"website":null,"phone":null,"source":"OpenStreetMap/node/1199222447","sourceUpdatedAt":null,"verifiedAt":null}},{"type":"Feature","geometry":{"type":"Point","coordinates":[8.6942255,50.1066881]},"properties":{"id":"bikerack:7eedba51-e35c-496b-be2b-86381392bf08","kind":"bikerack","longitude":8.6942255,"latitude":50.1066881,"name":"Fahrradabstellplatz","city":"Frankfurt am Main","address":null,"covered":false,"access":null,"website":null,"phone":null,"source":"OpenStreetMap/node/8620834131","sourceUpdatedAt":null,"verifiedAt":null}},{"type":"Feature","geometry":{"type":"Point","coordinates":[8.6699726,50.1143993]},"properties":{"id":"bikerack:7fa9595e-b108-4614-b812-2ce07c0c044e","kind":"bikerack","longitude":8.6699726,"latitude":50.1143993,"name":"Fahrradabstellplatz","city":"Frankfurt am Main","address":null,"covered":false,"access":null,"website":null,"phone":null,"source":"OpenStreetMap/node/11132650781","sourceUpdatedAt":null,"verifiedAt":null}},{"type":"Feature","geometry":{"type":"Point","coordinates":[8.6878455,50.1161031]},"properties":{"id":"bikerack:7fbda5eb-54b7-4e84-be01-acc47201c884","kind":"bikerack","longitude":8.6878455,"latitude":50.1161031,"name":"Fahrradabstellplatz","city":"Frankfurt am Main","address":null,"covered":false,"access":null,"website":null,"phone":null,"source":"OpenStreetMap/node/7244710379","sourceUpdatedAt":null,"verifiedAt":null}},{"type":"Feature","geometry":{"type":"Point","coordinates":[8.6796619,50.1180983]},"properties":{"id":"bikerack:7fbf59e9-8aef-412e-bb98-ed4d53107a15","kind":"bikerack","longitude":8.6796619,"latitude":50.1180983,"name":"Fahrradabstellplatz","city":"Frankfurt am Main","address":null,"covered":false,"access":null,"website":null,"phone":null,"source":"OpenStreetMap/node/2289464592","sourceUpdatedAt":null,"verifiedAt":null}},{"type":"Feature","geometry":{"type":"Point","coordinates":[8.6891746,50.1054595]},"properties":{"id":"bikerack:7fd54b90-431f-4107-beac-e66efcbda4b6","kind":"bikerack","longitude":8.6891746,"latitude":50.1054595,"name":"Fahrradabstellplatz","city":"Frankfurt am Main","address":null,"covered":false,"access":null,"website":null,"phone":null,"source":"OpenStreetMap/node/7773496163","sourceUpdatedAt":null,"verifiedAt":null}},{"type":"Feature","geometry":{"type":"Point","coordinates":[8.6844541,50.1047738]},"properties":{"id":"bikerack:7feb48e2-ca2f-4f55-b6c3-fa3c70604207","kind":"bikerack","longitude":8.6844541,"latitude":50.1047738,"name":"Fahrradabstellplatz","city":"Frankfurt am Main","address":null,"covered":false,"access":null,"website":null,"phone":null,"source":"OpenStreetMap/node/7515684764","sourceUpdatedAt":null,"verifiedAt":null}},{"type":"Feature","geometry":{"type":"Point","coordinates":[8.6816212,50.1141365]},"properties":{"id":"bikerack:805ba967-3168-46f6-8724-81ce95cda8b4","kind":"bikerack","longitude":8.6816212,"latitude":50.1141365,"name":"Fahrradabstellplatz","city":"Frankfurt am Main","address":null,"covered":false,"access":null,"website":null,"phone":null,"source":"OpenStreetMap/node/1199382089","sourceUpdatedAt":null,"verifiedAt":null}},{"type":"Feature","geometry":{"type":"Point","coordinates":[8.6989728,50.1023274]},"properties":{"id":"bikerack:80753f88-2479-489f-b931-50c26e27206d","kind":"bikerack","longitude":8.6989728,"latitude":50.1023274,"name":"Fahrradabstellplatz","city":"Frankfurt am Main","address":null,"covered":false,"access":null,"website":null,"phone":null,"source":"OpenStreetMap/node/1115677722","sourceUpdatedAt":null,"verifiedAt":null}},{"type":"Feature","geometry":{"type":"Point","coordinates":[8.6860711,50.1056793]},"properties":{"id":"bikerack:80b68771-4a07-4c96-b838-148c29a78570","kind":"bikerack","longitude":8.6860711,"latitude":50.1056793,"name":"Fahrradabstellplatz","city":"Frankfurt am Main","address":null,"covered":false,"access":null,"website":null,"phone":null,"source":"OpenStreetMap/node/7497610222","sourceUpdatedAt":null,"verifiedAt":null}},{"type":"Feature","geometry":{"type":"Point","coordinates":[8.6891357,50.1156029]},"properties":{"id":"bikerack:81218dd4-666d-45e9-9d42-998f42483d2c","kind":"bikerack","longitude":8.6891357,"latitude":50.1156029,"name":"Fahrradabstellplatz","city":"Frankfurt am Main","address":null,"covered":false,"access":null,"website":null,"phone":null,"source":"OpenStreetMap/node/13428432346","sourceUpdatedAt":null,"verifiedAt":null}},{"type":"Feature","geometry":{"type":"Point","coordinates":[8.6896766,50.0989829]},"properties":{"id":"bikerack:8142c6a6-3cd7-4560-8d8d-7ace8ef049f6","kind":"bikerack","longitude":8.6896766,"latitude":50.0989829,"name":"Fahrradabstellplatz","city":"Frankfurt am Main","address":null,"covered":false,"access":null,"website":null,"phone":null,"source":"OpenStreetMap/node/7562740242","sourceUpdatedAt":null,"verifiedAt":null}},{"type":"Feature","geometry":{"type":"Point","coordinates":[8.695886,50.1204969]},"properties":{"id":"bikerack:8147bce3-0706-4409-9e5f-4701f7248bed","kind":"bikerack","longitude":8.695886,"latitude":50.1204969,"name":"Fahrradabstellplatz","city":"Frankfurt am Main","address":null,"covered":false,"access":null,"website":null,"phone":null,"source":"OpenStreetMap/node/1141204476","sourceUpdatedAt":null,"verifiedAt":null}},{"type":"Feature","geometry":{"type":"Point","coordinates":[8.6656467,50.1105899]},"properties":{"id":"bikerack:8148e51b-8bb7-4636-8896-63a277ef9587","kind":"bikerack","longitude":8.6656467,"latitude":50.1105899,"name":"Fahrradabstellplatz","city":"Frankfurt am Main","address":null,"covered":false,"access":null,"website":null,"phone":null,"source":"OpenStreetMap/node/6868124885","sourceUpdatedAt":null,"verifiedAt":null}},{"type":"Feature","geometry":{"type":"Point","coordinates":[8.6849249,50.1049928]},"properties":{"id":"bikerack:8166217e-cc2b-4382-8f76-db79cd66e84a","kind":"bikerack","longitude":8.6849249,"latitude":50.1049928,"name":"Fahrradabstellplatz","city":"Frankfurt am Main","address":null,"covered":false,"access":null,"website":null,"phone":null,"source":"OpenStreetMap/node/7412512953","sourceUpdatedAt":null,"verifiedAt":null}},{"type":"Feature","geometry":{"type":"Point","coordinates":[8.6861545,50.1185022]},"properties":{"id":"bikerack:81a24bf3-48e2-44f9-9c45-bf3965fa7a20","kind":"bikerack","longitude":8.6861545,"latitude":50.1185022,"name":"Fahrradabstellplatz","city":"Frankfurt am Main","address":null,"covered":false,"access":null,"website":null,"phone":null,"source":"OpenStreetMap/node/8575205728","sourceUpdatedAt":null,"verifiedAt":null}},{"type":"Feature","geometry":{"type":"Point","coordinates":[8.6583958,50.0943103]},"properties":{"id":"bikerack:81d6d0f5-0948-4a96-9e77-105cd127c913","kind":"bikerack","longitude":8.6583958,"latitude":50.0943103,"name":"Fahrradabstellplatz","city":"Niederrad","address":null,"covered":false,"access":null,"website":null,"phone":null,"source":"OpenStreetMap/node/10021780642","sourceUpdatedAt":null,"verifiedAt":null}},{"type":"Feature","geometry":{"type":"Point","coordinates":[8.6830952,50.1148428]},"properties":{"id":"bikerack:81f9daef-d1b1-4b64-a405-c10720b3045f","kind":"bikerack","longitude":8.6830952,"latitude":50.1148428,"name":"Fahrradabstellplatz","city":"Frankfurt am Main","address":null,"covered":false,"access":null,"website":null,"phone":null,"source":"OpenStreetMap/node/6436238010","sourceUpdatedAt":null,"verifiedAt":null}},{"type":"Feature","geometry":{"type":"Point","coordinates":[8.6694567,50.1142351]},"properties":{"id":"bikerack:82637811-cc13-4f29-bd29-3f3e4c953c11","kind":"bikerack","longitude":8.6694567,"latitude":50.1142351,"name":"Fahrradabstellplatz","city":"Frankfurt am Main","address":null,"covered":false,"access":null,"website":null,"phone":null,"source":"OpenStreetMap/node/11989973610","sourceUpdatedAt":null,"verifiedAt":null}},{"type":"Feature","geometry":{"type":"Point","coordinates":[8.6839987,50.1129862]},"properties":{"id":"bikerack:8296bf3b-42e1-4d15-8c55-ce9527d51f0c","kind":"bikerack","longitude":8.6839987,"latitude":50.1129862,"name":"Fahrradabstellplatz","city":"Frankfurt am Main","address":null,"covered":false,"access":null,"website":null,"phone":null,"source":"OpenStreetMap/node/9636188504","sourceUpdatedAt":null,"verifiedAt":null}},{"type":"Feature","geometry":{"type":"Point","coordinates":[8.6608919,50.0939939]},"properties":{"id":"bikerack:82f54c6a-9dd6-4464-afd4-9cbd4b8daea9","kind":"bikerack","longitude":8.6608919,"latitude":50.0939939,"name":"Fahrradabstellplatz","city":"Frankfurt am Main","address":null,"covered":false,"access":null,"website":null,"phone":null,"source":"OpenStreetMap/node/13730601616","sourceUpdatedAt":null,"verifiedAt":null}},{"type":"Feature","geometry":{"type":"Point","coordinates":[8.6895229,50.1024448]},"properties":{"id":"bikerack:8336ce5f-562a-4933-a157-1c2b98f00ae8","kind":"bikerack","longitude":8.6895229,"latitude":50.1024448,"name":"Fahrradabstellplatz","city":"Frankfurt am Main","address":null,"covered":false,"access":null,"website":null,"phone":null,"source":"OpenStreetMap/node/1551000010","sourceUpdatedAt":null,"verifiedAt":null}},{"type":"Feature","geometry":{"type":"Point","coordinates":[8.6832904,50.0927187]},"properties":{"id":"bikerack:8357fc8c-eede-4a6e-bad9-9b255c001375","kind":"bikerack","longitude":8.6832904,"latitude":50.0927187,"name":"Fahrradabstellplatz","city":"Frankfurt am Main","address":null,"covered":false,"access":null,"website":null,"phone":null,"source":"OpenStreetMap/node/7429520219","sourceUpdatedAt":null,"verifiedAt":null}},{"type":"Feature","geometry":{"type":"Point","coordinates":[8.67013,50.0928091]},"properties":{"id":"bikerack:8364434c-8213-4a3f-a245-3b1f375c03bd","kind":"bikerack","longitude":8.67013,"latitude":50.0928091,"name":"Fahrradabstellplatz","city":"Frankfurt am Main","address":null,"covered":false,"access":null,"website":null,"phone":null,"source":"OpenStreetMap/node/8610170297","sourceUpdatedAt":null,"verifiedAt":null}},{"type":"Feature","geometry":{"type":"Point","coordinates":[8.6809819,50.1113132]},"properties":{"id":"bikerack:83a99d56-ca31-4a71-b163-22ab23c9f8b5","kind":"bikerack","longitude":8.6809819,"latitude":50.1113132,"name":"Fahrradabstellplatz","city":"Frankfurt am Main","address":null,"covered":false,"access":null,"website":null,"phone":null,"source":"OpenStreetMap/node/13303119547","sourceUpdatedAt":null,"verifiedAt":null}},{"type":"Feature","geometry":{"type":"Point","coordinates":[8.7002161,50.1089185]},"properties":{"id":"bikerack:83bba054-8eba-4133-af1a-12ca6968cc32","kind":"bikerack","longitude":8.7002161,"latitude":50.1089185,"name":"Fahrradabstellplatz","city":"Frankfurt am Main","address":null,"covered":false,"access":null,"website":null,"phone":null,"source":"OpenStreetMap/node/2917046254","sourceUpdatedAt":null,"verifiedAt":null}},{"type":"Feature","geometry":{"type":"Point","coordinates":[8.6641146,50.1156999]},"properties":{"id":"bikerack:83d481ed-c1a6-4e1d-8df1-18c57eaea85d","kind":"bikerack","longitude":8.6641146,"latitude":50.1156999,"name":"Fahrradabstellplatz","city":"Frankfurt am Main","address":null,"covered":false,"access":null,"website":null,"phone":null,"source":"OpenStreetMap/node/13664962206","sourceUpdatedAt":null,"verifiedAt":null}},{"type":"Feature","geometry":{"type":"Point","coordinates":[8.6927613,50.1067078]},"properties":{"id":"bikerack:8408798c-3c4f-4763-926d-473068a94755","kind":"bikerack","longitude":8.6927613,"latitude":50.1067078,"name":"Fahrradabstellplatz","city":"Frankfurt am Main","address":null,"covered":false,"access":null,"website":null,"phone":null,"source":"OpenStreetMap/node/5334006539","sourceUpdatedAt":null,"verifiedAt":null}},{"type":"Feature","geometry":{"type":"Point","coordinates":[8.6949145,50.1106838]},"properties":{"id":"bikerack:84987112-7b76-4bd2-9cdc-c50eff5e056e","kind":"bikerack","longitude":8.6949145,"latitude":50.1106838,"name":"Fahrradabstellplatz","city":"Frankfurt am Main","address":null,"covered":false,"access":null,"website":null,"phone":null,"source":"OpenStreetMap/node/5281864150","sourceUpdatedAt":null,"verifiedAt":null}},{"type":"Feature","geometry":{"type":"Point","coordinates":[8.6751184,50.1083616]},"properties":{"id":"bikerack:8503e26c-3bfb-451e-875b-f82d8af0aa45","kind":"bikerack","longitude":8.6751184,"latitude":50.1083616,"name":"Fahrradabstellplatz","city":"Frankfurt am Main","address":null,"covered":false,"access":null,"website":null,"phone":null,"source":"OpenStreetMap/node/7948653097","sourceUpdatedAt":null,"verifiedAt":null}},{"type":"Feature","geometry":{"type":"Point","coordinates":[8.6820054,50.1117505]},"properties":{"id":"bikerack:851b7278-2c87-4361-9b7d-d40c34032f32","kind":"bikerack","longitude":8.6820054,"latitude":50.1117505,"name":"Fahrradabstellplatz","city":"Frankfurt am Main","address":null,"covered":false,"access":null,"website":null,"phone":null,"source":"OpenStreetMap/node/9732234645","sourceUpdatedAt":null,"verifiedAt":null}},{"type":"Feature","geometry":{"type":"Point","coordinates":[8.6941854,50.096835]},"properties":{"id":"bikerack:851ef386-bdda-4afe-a7ba-18f332d58cc5","kind":"bikerack","longitude":8.6941854,"latitude":50.096835,"name":"Fahrradabstellplatz","city":"Frankfurt am Main","address":null,"covered":false,"access":null,"website":null,"phone":null,"source":"OpenStreetMap/node/6789244518","sourceUpdatedAt":null,"verifiedAt":null}},{"type":"Feature","geometry":{"type":"Point","coordinates":[8.6893368,50.1096802]},"properties":{"id":"bikerack:85322f42-85a6-45dc-a27a-1083face3e5e","kind":"bikerack","longitude":8.6893368,"latitude":50.1096802,"name":"Fahrradabstellplatz","city":"Frankfurt am Main","address":null,"covered":false,"access":null,"website":null,"phone":null,"source":"OpenStreetMap/node/9760122296","sourceUpdatedAt":null,"verifiedAt":null}},{"type":"Feature","geometry":{"type":"Point","coordinates":[8.681929,50.1173943]},"properties":{"id":"bikerack:85493746-032c-4db8-88a4-6d3bf661d3cc","kind":"bikerack","longitude":8.681929,"latitude":50.1173943,"name":"Fahrradabstellplatz","city":"Frankfurt am Main","address":null,"covered":false,"access":null,"website":null,"phone":null,"source":"OpenStreetMap/node/6776236335","sourceUpdatedAt":null,"verifiedAt":null}},{"type":"Feature","geometry":{"type":"Point","coordinates":[8.6993809,50.1129242]},"properties":{"id":"bikerack:855f80bc-175a-4d40-80da-e5ae3a86ab19","kind":"bikerack","longitude":8.6993809,"latitude":50.1129242,"name":"Fahrradabstellplatz","city":"Frankfurt am Main","address":null,"covered":false,"access":null,"website":null,"phone":null,"source":"OpenStreetMap/node/9594856782","sourceUpdatedAt":null,"verifiedAt":null}},{"type":"Feature","geometry":{"type":"Point","coordinates":[8.689397,50.1047849]},"properties":{"id":"bikerack:85c91a6c-33f9-4cac-8366-7643c8f7340a","kind":"bikerack","longitude":8.689397,"latitude":50.1047849,"name":"Fahrradabstellplatz","city":"Frankfurt am Main","address":null,"covered":false,"access":null,"website":null,"phone":null,"source":"OpenStreetMap/node/7773496167","sourceUpdatedAt":null,"verifiedAt":null}},{"type":"Feature","geometry":{"type":"Point","coordinates":[8.6758682,50.1136386]},"properties":{"id":"bikerack:85f78490-0490-41f4-89c3-f38c192c7820","kind":"bikerack","longitude":8.6758682,"latitude":50.1136386,"name":"Fahrradabstellplatz","city":"Frankfurt am Main","address":null,"covered":false,"access":null,"website":null,"phone":null,"source":"OpenStreetMap/node/10992392254","sourceUpdatedAt":null,"verifiedAt":null}},{"type":"Feature","geometry":{"type":"Point","coordinates":[8.6843029,50.1050911]},"properties":{"id":"bikerack:860142bc-20c8-422f-a331-70f840287e67","kind":"bikerack","longitude":8.6843029,"latitude":50.1050911,"name":"Fahrradabstellplatz","city":"Frankfurt am Main","address":null,"covered":false,"access":null,"website":null,"phone":null,"source":"OpenStreetMap/node/7515188440","sourceUpdatedAt":null,"verifiedAt":null}},{"type":"Feature","geometry":{"type":"Point","coordinates":[8.6942171,50.1175019]},"properties":{"id":"bikerack:867cd85e-6d10-40d3-a03b-e2e12caa6818","kind":"bikerack","longitude":8.6942171,"latitude":50.1175019,"name":"Fahrradabstellplatz","city":"Frankfurt am Main","address":null,"covered":false,"access":null,"website":null,"phone":null,"source":"OpenStreetMap/node/10653900046","sourceUpdatedAt":null,"verifiedAt":null}},{"type":"Feature","geometry":{"type":"Point","coordinates":[8.6759196,50.1123978]},"properties":{"id":"bikerack:86980f68-e94e-43fb-802b-7d7f23b3cf54","kind":"bikerack","longitude":8.6759196,"latitude":50.1123978,"name":"Fahrradabstellplatz","city":"Frankfurt am Main","address":null,"covered":false,"access":null,"website":null,"phone":null,"source":"OpenStreetMap/node/8951844948","sourceUpdatedAt":null,"verifiedAt":null}},{"type":"Feature","geometry":{"type":"Point","coordinates":[8.698694,50.1091102]},"properties":{"id":"bikerack:86bc6f67-87d2-4b75-b064-6dc1736489fc","kind":"bikerack","longitude":8.698694,"latitude":50.1091102,"name":"Fahrradabstellplatz","city":"Frankfurt am Main","address":null,"covered":false,"access":null,"website":null,"phone":null,"source":"OpenStreetMap/node/2917046260","sourceUpdatedAt":null,"verifiedAt":null}},{"type":"Feature","geometry":{"type":"Point","coordinates":[8.6848614,50.1156666]},"properties":{"id":"bikerack:86fa2842-9bef-40b5-abcf-52e2166712b1","kind":"bikerack","longitude":8.6848614,"latitude":50.1156666,"name":"Fahrradabstellplatz","city":"Frankfurt am Main","address":null,"covered":false,"access":null,"website":null,"phone":null,"source":"OpenStreetMap/node/6436238036","sourceUpdatedAt":null,"verifiedAt":null}},{"type":"Feature","geometry":{"type":"Point","coordinates":[8.6642328,50.1157675]},"properties":{"id":"bikerack:87877682-eeb9-461e-bd1c-954d3449700b","kind":"bikerack","longitude":8.6642328,"latitude":50.1157675,"name":"Fahrradabstellplatz","city":"Frankfurt am Main","address":null,"covered":false,"access":null,"website":null,"phone":null,"source":"OpenStreetMap/node/10171540864","sourceUpdatedAt":null,"verifiedAt":null}},{"type":"Feature","geometry":{"type":"Point","coordinates":[8.678452,50.1044092]},"properties":{"id":"bikerack:8807eb5d-0bd1-472d-9493-d09ddd06f172","kind":"bikerack","longitude":8.678452,"latitude":50.1044092,"name":"Fahrradabstellplatz","city":"Frankfurt am Main","address":null,"covered":false,"access":null,"website":null,"phone":null,"source":"OpenStreetMap/node/8622515325","sourceUpdatedAt":null,"verifiedAt":null}},{"type":"Feature","geometry":{"type":"Point","coordinates":[8.6700094,50.0999017]},"properties":{"id":"bikerack:88726c4e-3cd4-47d0-91f4-ecd7eb4e2399","kind":"bikerack","longitude":8.6700094,"latitude":50.0999017,"name":"Fahrradabstellplatz","city":"Frankfurt am Main","address":null,"covered":false,"access":null,"website":null,"phone":null,"source":"OpenStreetMap/node/9142749746","sourceUpdatedAt":null,"verifiedAt":null}},{"type":"Feature","geometry":{"type":"Point","coordinates":[8.6771964,50.1136023]},"properties":{"id":"bikerack:88e90036-b755-492a-93f4-0d5bea0d870b","kind":"bikerack","longitude":8.6771964,"latitude":50.1136023,"name":"Fahrradabstellplatz","city":"Frankfurt am Main","address":null,"covered":false,"access":null,"website":null,"phone":null,"source":"OpenStreetMap/node/471966504","sourceUpdatedAt":null,"verifiedAt":null}},{"type":"Feature","geometry":{"type":"Point","coordinates":[8.6985292,50.1162162]},"properties":{"id":"bikerack:8901c5bd-60cc-4423-a126-c84e3e9cc88f","kind":"bikerack","longitude":8.6985292,"latitude":50.1162162,"name":"Fahrradabstellplatz","city":"Frankfurt am Main","address":null,"covered":false,"access":null,"website":null,"phone":null,"source":"OpenStreetMap/node/6207603052","sourceUpdatedAt":null,"verifiedAt":null}},{"type":"Feature","geometry":{"type":"Point","coordinates":[8.6802813,50.1022826]},"properties":{"id":"bikerack:89632731-05f7-4ee7-817c-8d92f61d9ea1","kind":"bikerack","longitude":8.6802813,"latitude":50.1022826,"name":"Fahrradabstellplatz","city":"Frankfurt am Main","address":null,"covered":false,"access":null,"website":null,"phone":null,"source":"OpenStreetMap/node/1116650979","sourceUpdatedAt":null,"verifiedAt":null}},{"type":"Feature","geometry":{"type":"Point","coordinates":[8.6768831,50.0994445]},"properties":{"id":"bikerack:89759446-a6a3-4f55-9110-9b73300cd2da","kind":"bikerack","longitude":8.6768831,"latitude":50.0994445,"name":"Fahrradabstellplatz","city":"Frankfurt am Main","address":null,"covered":false,"access":null,"website":null,"phone":null,"source":"OpenStreetMap/node/9142633441","sourceUpdatedAt":null,"verifiedAt":null}},{"type":"Feature","geometry":{"type":"Point","coordinates":[8.683058,50.0945832]},"properties":{"id":"bikerack:89783506-d49c-4fbe-bd5e-f90ba4295a2e","kind":"bikerack","longitude":8.683058,"latitude":50.0945832,"name":"Fahrradabstellplatz","city":"Frankfurt am Main","address":null,"covered":false,"access":null,"website":null,"phone":null,"source":"OpenStreetMap/node/10708887477","sourceUpdatedAt":null,"verifiedAt":null}},{"type":"Feature","geometry":{"type":"Point","coordinates":[8.6889978,50.1099528]},"properties":{"id":"bikerack:89edf3ad-ae9f-41db-8b1a-33b1f3945209","kind":"bikerack","longitude":8.6889978,"latitude":50.1099528,"name":"Fahrradabstellplatz","city":"Frankfurt am Main","address":null,"covered":false,"access":null,"website":null,"phone":null,"source":"OpenStreetMap/node/9594555923","sourceUpdatedAt":null,"verifiedAt":null}},{"type":"Feature","geometry":{"type":"Point","coordinates":[8.663583,50.1094107]},"properties":{"id":"bikerack:8a35b885-4cd9-46f7-bc31-6e64a0cb0e7a","kind":"bikerack","longitude":8.663583,"latitude":50.1094107,"name":"Fahrradabstellplatz","city":"Frankfurt am Main","address":null,"covered":false,"access":null,"website":null,"phone":null,"source":"OpenStreetMap/node/9635442310","sourceUpdatedAt":null,"verifiedAt":null}},{"type":"Feature","geometry":{"type":"Point","coordinates":[8.6763447,50.113776]},"properties":{"id":"bikerack:8adf0034-d7b0-4fce-8d7e-525ae1f34b47","kind":"bikerack","longitude":8.6763447,"latitude":50.113776,"name":"Fahrradabstellplatz","city":"Frankfurt am Main","address":null,"covered":false,"access":null,"website":null,"phone":null,"source":"OpenStreetMap/node/1115434639","sourceUpdatedAt":null,"verifiedAt":null}},{"type":"Feature","geometry":{"type":"Point","coordinates":[8.6935524,50.1193859]},"properties":{"id":"bikerack:8b060a2b-20ba-4b29-8d25-74c83b473bc7","kind":"bikerack","longitude":8.6935524,"latitude":50.1193859,"name":"Fahrradabstellplatz","city":"Frankfurt am Main","address":null,"covered":false,"access":null,"website":null,"phone":null,"source":"OpenStreetMap/node/12213893743","sourceUpdatedAt":null,"verifiedAt":null}},{"type":"Feature","geometry":{"type":"Point","coordinates":[8.6935008,50.1150333]},"properties":{"id":"bikerack:8b19ee2d-800b-4eed-b670-3da161c59bc5","kind":"bikerack","longitude":8.6935008,"latitude":50.1150333,"name":"Fahrradabstellplatz","city":"Frankfurt am Main","address":null,"covered":false,"access":null,"website":null,"phone":null,"source":"OpenStreetMap/node/6355945507","sourceUpdatedAt":null,"verifiedAt":null}},{"type":"Feature","geometry":{"type":"Point","coordinates":[8.67074,50.1157114]},"properties":{"id":"bikerack:8b1c090d-8f5d-4d41-ba9c-d021e34979ef","kind":"bikerack","longitude":8.67074,"latitude":50.1157114,"name":"Fahrradabstellplatz","city":"Frankfurt am Main","address":null,"covered":false,"access":null,"website":null,"phone":null,"source":"OpenStreetMap/node/7153414733","sourceUpdatedAt":null,"verifiedAt":null}},{"type":"Feature","geometry":{"type":"Point","coordinates":[8.6709796,50.109794]},"properties":{"id":"bikerack:8b946a23-46db-498d-91c4-7347f5bd1685","kind":"bikerack","longitude":8.6709796,"latitude":50.109794,"name":"Fahrradabstellplatz","city":"Frankfurt am Main","address":null,"covered":false,"access":null,"website":null,"phone":null,"source":"OpenStreetMap/node/6578925915","sourceUpdatedAt":null,"verifiedAt":null}},{"type":"Feature","geometry":{"type":"Point","coordinates":[8.6801401,50.0975839]},"properties":{"id":"bikerack:8c823680-dce8-420e-9a4a-fc21e49e2ad0","kind":"bikerack","longitude":8.6801401,"latitude":50.0975839,"name":"Fahrradabstellplatz","city":"Frankfurt am Main","address":null,"covered":false,"access":null,"website":null,"phone":null,"source":"OpenStreetMap/node/7434383309","sourceUpdatedAt":null,"verifiedAt":null}},{"type":"Feature","geometry":{"type":"Point","coordinates":[8.6603384,50.0937825]},"properties":{"id":"bikerack:8c98d1f6-c6d9-4afd-acc1-191668b79844","kind":"bikerack","longitude":8.6603384,"latitude":50.0937825,"name":"Fahrradabstellplatz","city":"Frankfurt am Main","address":null,"covered":false,"access":null,"website":null,"phone":null,"source":"OpenStreetMap/node/10021780640","sourceUpdatedAt":null,"verifiedAt":null}},{"type":"Feature","geometry":{"type":"Point","coordinates":[8.6693923,50.1142506]},"properties":{"id":"bikerack:8cffd078-011c-4925-8826-b799bd9c19a3","kind":"bikerack","longitude":8.6693923,"latitude":50.1142506,"name":"Fahrradabstellplatz","city":"Frankfurt am Main","address":null,"covered":false,"access":null,"website":null,"phone":null,"source":"OpenStreetMap/node/11989991860","sourceUpdatedAt":null,"verifiedAt":null}},{"type":"Feature","geometry":{"type":"Point","coordinates":[8.6810888,50.1016931]},"properties":{"id":"bikerack:8dead9f6-9e5d-4aa2-9d8e-877250e60c29","kind":"bikerack","longitude":8.6810888,"latitude":50.1016931,"name":"Fahrradabstellplatz","city":"Frankfurt am Main","address":null,"covered":false,"access":null,"website":null,"phone":null,"source":"OpenStreetMap/node/1678728931","sourceUpdatedAt":null,"verifiedAt":null}},{"type":"Feature","geometry":{"type":"Point","coordinates":[8.6756858,50.1120076]},"properties":{"id":"bikerack:8e06f1d6-c50d-48a9-ba1b-5745982d39f9","kind":"bikerack","longitude":8.6756858,"latitude":50.1120076,"name":"Fahrradabstellplatz","city":"Frankfurt am Main","address":null,"covered":false,"access":null,"website":null,"phone":null,"source":"OpenStreetMap/node/6321937458","sourceUpdatedAt":null,"verifiedAt":null}},{"type":"Feature","geometry":{"type":"Point","coordinates":[8.6874849,50.1149935]},"properties":{"id":"bikerack:8e7e38df-4ae3-4df2-8a88-f69486b61b43","kind":"bikerack","longitude":8.6874849,"latitude":50.1149935,"name":"Fahrradabstellplatz","city":"Frankfurt am Main","address":null,"covered":false,"access":null,"website":null,"phone":null,"source":"OpenStreetMap/node/292379993","sourceUpdatedAt":null,"verifiedAt":null}},{"type":"Feature","geometry":{"type":"Point","coordinates":[8.6898411,50.1161591]},"properties":{"id":"bikerack:8f27f68e-d9a6-4a24-ae42-7bb5d42dff0a","kind":"bikerack","longitude":8.6898411,"latitude":50.1161591,"name":"Fahrradabstellplatz","city":"Frankfurt am Main","address":null,"covered":false,"access":null,"website":null,"phone":null,"source":"OpenStreetMap/node/7249324942","sourceUpdatedAt":null,"verifiedAt":null}},{"type":"Feature","geometry":{"type":"Point","coordinates":[8.660869,50.0960394]},"properties":{"id":"bikerack:8fdbfe93-c84f-4b5b-923e-9940a3141295","kind":"bikerack","longitude":8.660869,"latitude":50.0960394,"name":"Fahrradabstellplatz","city":"Frankfurt am Main","address":null,"covered":false,"access":null,"website":null,"phone":null,"source":"OpenStreetMap/node/1468804491","sourceUpdatedAt":null,"verifiedAt":null}},{"type":"Feature","geometry":{"type":"Point","coordinates":[8.6988454,50.119387]},"properties":{"id":"bikerack:900f8eb7-9c71-4a6d-874f-f9acd2297cf7","kind":"bikerack","longitude":8.6988454,"latitude":50.119387,"name":"Fahrradabstellplatz","city":"Frankfurt am Main","address":null,"covered":false,"access":null,"website":null,"phone":null,"source":"OpenStreetMap/node/9513694026","sourceUpdatedAt":null,"verifiedAt":null}},{"type":"Feature","geometry":{"type":"Point","coordinates":[8.6854086,50.1028602]},"properties":{"id":"bikerack:9012e583-1cf3-4822-af68-e30dfbda27b9","kind":"bikerack","longitude":8.6854086,"latitude":50.1028602,"name":"Fahrradabstellplatz","city":"Frankfurt am Main","address":null,"covered":false,"access":null,"website":null,"phone":null,"source":"OpenStreetMap/node/8786255018","sourceUpdatedAt":null,"verifiedAt":null}},{"type":"Feature","geometry":{"type":"Point","coordinates":[8.6993334,50.1128732]},"properties":{"id":"bikerack:90ad4fd7-5e8c-4d91-87fd-5b86f4067834","kind":"bikerack","longitude":8.6993334,"latitude":50.1128732,"name":"Fahrradabstellplatz","city":"Frankfurt am Main","address":null,"covered":false,"access":null,"website":null,"phone":null,"source":"OpenStreetMap/node/9594771789","sourceUpdatedAt":null,"verifiedAt":null}},{"type":"Feature","geometry":{"type":"Point","coordinates":[8.6799797,50.1205626]},"properties":{"id":"bikerack:90b98688-ee94-4c1a-823c-a873bb214d86","kind":"bikerack","longitude":8.6799797,"latitude":50.1205626,"name":"Fahrradabstellplatz","city":"Frankfurt am Main","address":null,"covered":false,"access":null,"website":null,"phone":null,"source":"OpenStreetMap/node/6296472639","sourceUpdatedAt":null,"verifiedAt":null}},{"type":"Feature","geometry":{"type":"Point","coordinates":[8.6978269,50.1088183]},"properties":{"id":"bikerack:90c12250-770b-4bee-9207-31f0e3bdeafc","kind":"bikerack","longitude":8.6978269,"latitude":50.1088183,"name":"Fahrradabstellplatz","city":"Frankfurt am Main","address":null,"covered":false,"access":null,"website":null,"phone":null,"source":"OpenStreetMap/node/2917046252","sourceUpdatedAt":null,"verifiedAt":null}},{"type":"Feature","geometry":{"type":"Point","coordinates":[8.6836209,50.1120571]},"properties":{"id":"bikerack:90e12ae3-404c-4b54-9878-82a8b6b49553","kind":"bikerack","longitude":8.6836209,"latitude":50.1120571,"name":"Fahrradabstellplatz","city":"Frankfurt am Main","address":null,"covered":false,"access":null,"website":null,"phone":null,"source":"OpenStreetMap/node/9635464377","sourceUpdatedAt":null,"verifiedAt":null}},{"type":"Feature","geometry":{"type":"Point","coordinates":[8.6924845,50.1149391]},"properties":{"id":"bikerack:91042b69-1618-40b9-85f3-f8c419c81c77","kind":"bikerack","longitude":8.6924845,"latitude":50.1149391,"name":"Fahrradabstellplatz","city":"Frankfurt am Main","address":null,"covered":false,"access":null,"website":null,"phone":null,"source":"OpenStreetMap/node/12278497096","sourceUpdatedAt":null,"verifiedAt":null}},{"type":"Feature","geometry":{"type":"Point","coordinates":[8.6912296,50.1149228]},"properties":{"id":"bikerack:914e4665-61fb-434b-98b8-a8c3bc41b90a","kind":"bikerack","longitude":8.6912296,"latitude":50.1149228,"name":"Fahrradabstellplatz","city":"Frankfurt am Main","address":null,"covered":false,"access":null,"website":null,"phone":null,"source":"OpenStreetMap/node/6355945518","sourceUpdatedAt":null,"verifiedAt":null}},{"type":"Feature","geometry":{"type":"Point","coordinates":[8.6695878,50.1058409]},"properties":{"id":"bikerack:9169117e-3c01-4d9a-96a3-5d1987b12900","kind":"bikerack","longitude":8.6695878,"latitude":50.1058409,"name":"Fahrradabstellplatz","city":"Frankfurt am Main","address":null,"covered":false,"access":null,"website":null,"phone":null,"source":"OpenStreetMap/node/13667042097","sourceUpdatedAt":null,"verifiedAt":null}},{"type":"Feature","geometry":{"type":"Point","coordinates":[8.6839021,50.1034869]},"properties":{"id":"bikerack:916d23d3-cf7d-4b39-ac4b-5f987b24a36c","kind":"bikerack","longitude":8.6839021,"latitude":50.1034869,"name":"Fahrradabstellplatz","city":"Frankfurt am Main","address":null,"covered":false,"access":null,"website":null,"phone":null,"source":"OpenStreetMap/node/9430182751","sourceUpdatedAt":null,"verifiedAt":null}},{"type":"Feature","geometry":{"type":"Point","coordinates":[8.6786504,50.1102913]},"properties":{"id":"bikerack:92acc266-a259-41ae-a1cb-d3fa12523446","kind":"bikerack","longitude":8.6786504,"latitude":50.1102913,"name":"Fahrradabstellplatz","city":"Frankfurt am Main","address":null,"covered":false,"access":null,"website":null,"phone":null,"source":"OpenStreetMap/node/11880957952","sourceUpdatedAt":null,"verifiedAt":null}},{"type":"Feature","geometry":{"type":"Point","coordinates":[8.6891144,50.1011867]},"properties":{"id":"bikerack:92b9356e-8bc0-4ecc-9ab6-2952959ded7f","kind":"bikerack","longitude":8.6891144,"latitude":50.1011867,"name":"Fahrradabstellplatz","city":"Frankfurt am Main","address":null,"covered":true,"access":null,"website":null,"phone":null,"source":"OpenStreetMap/node/12125536075","sourceUpdatedAt":null,"verifiedAt":null}},{"type":"Feature","geometry":{"type":"Point","coordinates":[8.6824773,50.1119289]},"properties":{"id":"bikerack:92cf1d53-b80c-4272-a65e-912238e0b3af","kind":"bikerack","longitude":8.6824773,"latitude":50.1119289,"name":"Fahrradabstellplatz","city":"Frankfurt am Main","address":null,"covered":false,"access":null,"website":null,"phone":null,"source":"OpenStreetMap/node/9636328500","sourceUpdatedAt":null,"verifiedAt":null}},{"type":"Feature","geometry":{"type":"Point","coordinates":[8.6814691,50.0982031]},"properties":{"id":"bikerack:92f29307-22aa-41f4-baec-633415733e64","kind":"bikerack","longitude":8.6814691,"latitude":50.0982031,"name":"Fahrradabstellplatz","city":"Frankfurt am Main","address":null,"covered":false,"access":null,"website":null,"phone":null,"source":"OpenStreetMap/node/7746814702","sourceUpdatedAt":null,"verifiedAt":null}},{"type":"Feature","geometry":{"type":"Point","coordinates":[8.6826105,50.1152831]},"properties":{"id":"bikerack:93138a50-9dfe-4af7-865c-40f3b3f066f6","kind":"bikerack","longitude":8.6826105,"latitude":50.1152831,"name":"Fahrradabstellplatz","city":"Frankfurt am Main","address":null,"covered":false,"access":null,"website":null,"phone":null,"source":"OpenStreetMap/way/505100554","sourceUpdatedAt":null,"verifiedAt":null}},{"type":"Feature","geometry":{"type":"Point","coordinates":[8.6977621,50.1089419]},"properties":{"id":"bikerack:931bc31f-9d4d-4c5a-894d-40374dce404b","kind":"bikerack","longitude":8.6977621,"latitude":50.1089419,"name":"Fahrradabstellplatz","city":"Frankfurt am Main","address":null,"covered":false,"access":null,"website":null,"phone":null,"source":"OpenStreetMap/node/2917046255","sourceUpdatedAt":null,"verifiedAt":null}},{"type":"Feature","geometry":{"type":"Point","coordinates":[8.6814899,50.103744]},"properties":{"id":"bikerack:931d3112-946d-498a-8537-2fcc1509da6e","kind":"bikerack","longitude":8.6814899,"latitude":50.103744,"name":"Fahrradabstellplatz","city":"Frankfurt am Main","address":null,"covered":false,"access":null,"website":null,"phone":null,"source":"OpenStreetMap/node/7700036927","sourceUpdatedAt":null,"verifiedAt":null}},{"type":"Feature","geometry":{"type":"Point","coordinates":[8.6956155,50.1160061]},"properties":{"id":"bikerack:93ce5080-dc0b-4207-bebe-2cb96cdf676c","kind":"bikerack","longitude":8.6956155,"latitude":50.1160061,"name":"Fahrradabstellplatz","city":"Frankfurt am Main","address":null,"covered":false,"access":null,"website":null,"phone":null,"source":"OpenStreetMap/node/8075357113","sourceUpdatedAt":null,"verifiedAt":null}},{"type":"Feature","geometry":{"type":"Point","coordinates":[8.6756166,50.1108365]},"properties":{"id":"bikerack:93e4ae38-2839-4c02-b138-63671eb95a2e","kind":"bikerack","longitude":8.6756166,"latitude":50.1108365,"name":"Fahrradabstellplatz","city":"Frankfurt am Main","address":null,"covered":false,"access":null,"website":null,"phone":null,"source":"OpenStreetMap/node/9954180324","sourceUpdatedAt":null,"verifiedAt":null}},{"type":"Feature","geometry":{"type":"Point","coordinates":[8.6934257,50.109527]},"properties":{"id":"bikerack:94d827ef-d760-40b2-87a1-d4e85c8b871f","kind":"bikerack","longitude":8.6934257,"latitude":50.109527,"name":"Fahrradabstellplatz","city":"Frankfurt am Main","address":null,"covered":false,"access":null,"website":null,"phone":null,"source":"OpenStreetMap/node/2917046270","sourceUpdatedAt":null,"verifiedAt":null}},{"type":"Feature","geometry":{"type":"Point","coordinates":[8.6838941,50.1035557]},"properties":{"id":"bikerack:94d86928-c288-4dd1-976c-d16662534a66","kind":"bikerack","longitude":8.6838941,"latitude":50.1035557,"name":"Fahrradabstellplatz","city":"Frankfurt am Main","address":null,"covered":false,"access":null,"website":null,"phone":null,"source":"OpenStreetMap/node/9430214313","sourceUpdatedAt":null,"verifiedAt":null}},{"type":"Feature","geometry":{"type":"Point","coordinates":[8.669771,50.1085893]},"properties":{"id":"bikerack:94def2c8-d577-434f-a6ba-04ab2ba4e4cb","kind":"bikerack","longitude":8.669771,"latitude":50.1085893,"name":"Fahrradabstellplatz","city":"Frankfurt am Main","address":null,"covered":false,"access":null,"website":null,"phone":null,"source":"OpenStreetMap/node/10712241177","sourceUpdatedAt":null,"verifiedAt":null}},{"type":"Feature","geometry":{"type":"Point","coordinates":[8.6820148,50.1124038]},"properties":{"id":"bikerack:94e8f6e3-8532-4419-8cf9-3aa9464768e9","kind":"bikerack","longitude":8.6820148,"latitude":50.1124038,"name":"Fahrradabstellplatz","city":"Frankfurt am Main","address":null,"covered":false,"access":null,"website":null,"phone":null,"source":"OpenStreetMap/node/11909279719","sourceUpdatedAt":null,"verifiedAt":null}},{"type":"Feature","geometry":{"type":"Point","coordinates":[8.6960182,50.1157293]},"properties":{"id":"bikerack:95024813-02ee-4978-a9c0-f73cd763d8b9","kind":"bikerack","longitude":8.6960182,"latitude":50.1157293,"name":"Fahrradabstellplatz","city":"Frankfurt am Main","address":null,"covered":false,"access":null,"website":null,"phone":null,"source":"OpenStreetMap/node/13482100006","sourceUpdatedAt":null,"verifiedAt":null}},{"type":"Feature","geometry":{"type":"Point","coordinates":[8.6789478,50.0974958]},"properties":{"id":"bikerack:950c80b4-c527-4cfc-88a5-fb92dec74c97","kind":"bikerack","longitude":8.6789478,"latitude":50.0974958,"name":"Fahrradabstellplatz","city":"Frankfurt am Main","address":null,"covered":false,"access":null,"website":null,"phone":null,"source":"OpenStreetMap/node/13329031829","sourceUpdatedAt":null,"verifiedAt":null}},{"type":"Feature","geometry":{"type":"Point","coordinates":[8.6803861,50.112197]},"properties":{"id":"bikerack:9571750d-f623-4ca0-be39-d8d29e87d18b","kind":"bikerack","longitude":8.6803861,"latitude":50.112197,"name":"Fahrradabstellplatz","city":"Frankfurt am Main","address":null,"covered":false,"access":null,"website":null,"phone":null,"source":"OpenStreetMap/node/6367782804","sourceUpdatedAt":null,"verifiedAt":null}},{"type":"Feature","geometry":{"type":"Point","coordinates":[8.6952931,50.1186267]},"properties":{"id":"bikerack:958bd759-0b24-498c-bf5e-58dba745d7b8","kind":"bikerack","longitude":8.6952931,"latitude":50.1186267,"name":"Fahrradabstellplatz","city":"Frankfurt am Main","address":null,"covered":false,"access":null,"website":null,"phone":null,"source":"OpenStreetMap/node/11298113093","sourceUpdatedAt":null,"verifiedAt":null}},{"type":"Feature","geometry":{"type":"Point","coordinates":[8.6682463,50.1191548]},"properties":{"id":"bikerack:9592a6e7-1b11-4754-a795-f2331b807da2","kind":"bikerack","longitude":8.6682463,"latitude":50.1191548,"name":"Fahrradabstellplatz","city":"Frankfurt am Main","address":null,"covered":false,"access":null,"website":null,"phone":null,"source":"OpenStreetMap/node/9020054244","sourceUpdatedAt":null,"verifiedAt":null}},{"type":"Feature","geometry":{"type":"Point","coordinates":[8.6745646,50.1158134]},"properties":{"id":"bikerack:962818b7-878c-49f1-ac52-58bf012fca0f","kind":"bikerack","longitude":8.6745646,"latitude":50.1158134,"name":"Fahrradabstellplatz","city":"Frankfurt am Main","address":null,"covered":false,"access":null,"website":null,"phone":null,"source":"OpenStreetMap/node/8342327229","sourceUpdatedAt":null,"verifiedAt":null}},{"type":"Feature","geometry":{"type":"Point","coordinates":[8.6889981,50.1048941]},"properties":{"id":"bikerack:96363121-4e65-4083-ad8c-cbd7843b12b7","kind":"bikerack","longitude":8.6889981,"latitude":50.1048941,"name":"Fahrradabstellplatz","city":"Frankfurt am Main","address":null,"covered":false,"access":null,"website":null,"phone":null,"source":"OpenStreetMap/node/9147614951","sourceUpdatedAt":null,"verifiedAt":null}},{"type":"Feature","geometry":{"type":"Point","coordinates":[8.6987479,50.1095997]},"properties":{"id":"bikerack:9639a62a-366e-4b08-a5db-c5b48dc6bac8","kind":"bikerack","longitude":8.6987479,"latitude":50.1095997,"name":"Fahrradabstellplatz","city":"Frankfurt am Main","address":null,"covered":false,"access":null,"website":null,"phone":null,"source":"OpenStreetMap/node/2917046273","sourceUpdatedAt":null,"verifiedAt":null}},{"type":"Feature","geometry":{"type":"Point","coordinates":[8.6860221,50.1163688]},"properties":{"id":"bikerack:9644d122-7920-4fc3-a63c-6451dc510f66","kind":"bikerack","longitude":8.6860221,"latitude":50.1163688,"name":"Fahrradabstellplatz","city":"Frankfurt am Main","address":null,"covered":false,"access":null,"website":null,"phone":null,"source":"OpenStreetMap/node/6436238049","sourceUpdatedAt":null,"verifiedAt":null}},{"type":"Feature","geometry":{"type":"Point","coordinates":[8.6794035,50.1036165]},"properties":{"id":"bikerack:969a4040-968e-4063-8e7e-a9e95cec67f7","kind":"bikerack","longitude":8.6794035,"latitude":50.1036165,"name":"Fahrradabstellplatz","city":"Frankfurt am Main","address":null,"covered":false,"access":null,"website":null,"phone":null,"source":"OpenStreetMap/node/1116642045","sourceUpdatedAt":null,"verifiedAt":null}},{"type":"Feature","geometry":{"type":"Point","coordinates":[8.6832561,50.1120003]},"properties":{"id":"bikerack:9756a310-952f-4013-aca0-b3a2f7814f55","kind":"bikerack","longitude":8.6832561,"latitude":50.1120003,"name":"Fahrradabstellplatz","city":"Frankfurt am Main","address":null,"covered":false,"access":null,"website":null,"phone":null,"source":"OpenStreetMap/node/9635464378","sourceUpdatedAt":null,"verifiedAt":null}},{"type":"Feature","geometry":{"type":"Point","coordinates":[8.6840577,50.11284]},"properties":{"id":"bikerack:97989a1a-f93b-414e-9b5a-49228d056887","kind":"bikerack","longitude":8.6840577,"latitude":50.11284,"name":"Fahrradabstellplatz","city":"Frankfurt am Main","address":null,"covered":false,"access":null,"website":null,"phone":null,"source":"OpenStreetMap/node/9636161068","sourceUpdatedAt":null,"verifiedAt":null}},{"type":"Feature","geometry":{"type":"Point","coordinates":[8.6985638,50.1160594]},"properties":{"id":"bikerack:98118bdb-f693-441e-9b6a-369ab79a7ec1","kind":"bikerack","longitude":8.6985638,"latitude":50.1160594,"name":"Fahrradabstellplatz","city":"Frankfurt am Main","address":null,"covered":false,"access":null,"website":null,"phone":null,"source":"OpenStreetMap/node/1115769858","sourceUpdatedAt":null,"verifiedAt":null}},{"type":"Feature","geometry":{"type":"Point","coordinates":[8.6791174,50.1116933]},"properties":{"id":"bikerack:98432b5e-ace7-41c2-be34-8b6e611a4b91","kind":"bikerack","longitude":8.6791174,"latitude":50.1116933,"name":"Fahrradabstellplatz","city":"Frankfurt am Main","address":null,"covered":false,"access":null,"website":null,"phone":null,"source":"OpenStreetMap/node/8502998176","sourceUpdatedAt":null,"verifiedAt":null}},{"type":"Feature","geometry":{"type":"Point","coordinates":[8.6711723,50.1174661]},"properties":{"id":"bikerack:98509511-edcc-4ef3-9ce1-76230a203df7","kind":"bikerack","longitude":8.6711723,"latitude":50.1174661,"name":"Fahrradabstellplatz","city":"Frankfurt am Main","address":null,"covered":true,"access":null,"website":null,"phone":null,"source":"OpenStreetMap/node/11933319880","sourceUpdatedAt":null,"verifiedAt":null}},{"type":"Feature","geometry":{"type":"Point","coordinates":[8.6851049,50.1118358]},"properties":{"id":"bikerack:985e6aa5-2300-4f1c-8bcd-0ebeaa44732d","kind":"bikerack","longitude":8.6851049,"latitude":50.1118358,"name":"Fahrradabstellplatz","city":"Frankfurt am Main","address":null,"covered":false,"access":null,"website":null,"phone":null,"source":"OpenStreetMap/node/9941721778","sourceUpdatedAt":null,"verifiedAt":null}},{"type":"Feature","geometry":{"type":"Point","coordinates":[8.6972715,50.1140442]},"properties":{"id":"bikerack:9860239d-e6de-4461-bf1f-e52ff92def89","kind":"bikerack","longitude":8.6972715,"latitude":50.1140442,"name":"Fahrradabstellplatz","city":"Frankfurt am Main","address":null,"covered":false,"access":null,"website":null,"phone":null,"source":"OpenStreetMap/node/951628084","sourceUpdatedAt":null,"verifiedAt":null}},{"type":"Feature","geometry":{"type":"Point","coordinates":[8.7006686,50.118528]},"properties":{"id":"bikerack:9888ef2c-76a4-4964-bbb6-02c2809d38c4","kind":"bikerack","longitude":8.7006686,"latitude":50.118528,"name":"Fahrradabstellplatz","city":"Frankfurt am Main","address":null,"covered":false,"access":null,"website":null,"phone":null,"source":"OpenStreetMap/node/7747126801","sourceUpdatedAt":null,"verifiedAt":null}},{"type":"Feature","geometry":{"type":"Point","coordinates":[8.6721886,50.1106717]},"properties":{"id":"bikerack:988a7a09-c2fa-47fe-9f0e-a19557c7d326","kind":"bikerack","longitude":8.6721886,"latitude":50.1106717,"name":"Fahrradabstellplatz","city":"Frankfurt am Main","address":null,"covered":false,"access":null,"website":null,"phone":null,"source":"OpenStreetMap/node/11375424513","sourceUpdatedAt":null,"verifiedAt":null}},{"type":"Feature","geometry":{"type":"Point","coordinates":[8.6864446,50.1024097]},"properties":{"id":"bikerack:98cdf66d-1b5c-40aa-a5af-71fbcc4fe2ce","kind":"bikerack","longitude":8.6864446,"latitude":50.1024097,"name":"Fahrradabstellplatz","city":"Frankfurt am Main","address":null,"covered":false,"access":null,"website":null,"phone":null,"source":"OpenStreetMap/node/7434518312","sourceUpdatedAt":null,"verifiedAt":null}},{"type":"Feature","geometry":{"type":"Point","coordinates":[8.6980225,50.1093803]},"properties":{"id":"bikerack:98d2687a-486a-4225-b006-960fb989b79e","kind":"bikerack","longitude":8.6980225,"latitude":50.1093803,"name":"Fahrradabstellplatz","city":"Frankfurt am Main","address":null,"covered":false,"access":null,"website":null,"phone":null,"source":"OpenStreetMap/node/2917046264","sourceUpdatedAt":null,"verifiedAt":null}},{"type":"Feature","geometry":{"type":"Point","coordinates":[8.6885562,50.1038968]},"properties":{"id":"bikerack:98eea100-b9b2-48df-942a-ee685d224603","kind":"bikerack","longitude":8.6885562,"latitude":50.1038968,"name":"Fahrradabstellplatz","city":"Frankfurt am Main","address":null,"covered":false,"access":null,"website":null,"phone":null,"source":"OpenStreetMap/node/7434325024","sourceUpdatedAt":null,"verifiedAt":null}},{"type":"Feature","geometry":{"type":"Point","coordinates":[8.6644241,50.1194213]},"properties":{"id":"bikerack:990d3667-cb4a-4d25-903a-67d8a69c8b4b","kind":"bikerack","longitude":8.6644241,"latitude":50.1194213,"name":"Fahrradabstellplatz","city":"Frankfurt am Main","address":null,"covered":false,"access":null,"website":null,"phone":null,"source":"OpenStreetMap/node/9959017120","sourceUpdatedAt":null,"verifiedAt":null}},{"type":"Feature","geometry":{"type":"Point","coordinates":[8.6944425,50.1146632]},"properties":{"id":"bikerack:993ddf82-a95b-4430-9ca9-280131f7398d","kind":"bikerack","longitude":8.6944425,"latitude":50.1146632,"name":"Fahrradabstellplatz","city":"Frankfurt am Main","address":null,"covered":false,"access":null,"website":null,"phone":null,"source":"OpenStreetMap/node/11309441246","sourceUpdatedAt":null,"verifiedAt":null}},{"type":"Feature","geometry":{"type":"Point","coordinates":[8.6612505,50.0934946]},"properties":{"id":"bikerack:9942f51d-b488-4bb3-b29d-0383dd9b9f3f","kind":"bikerack","longitude":8.6612505,"latitude":50.0934946,"name":"Fahrradabstellplatz","city":"Frankfurt am Main","address":null,"covered":false,"access":null,"website":null,"phone":null,"source":"OpenStreetMap/node/1468812544","sourceUpdatedAt":null,"verifiedAt":null}},{"type":"Feature","geometry":{"type":"Point","coordinates":[8.6687503,50.0957154]},"properties":{"id":"bikerack:9996a4d4-8545-46f2-9663-ed0645fb2cf7","kind":"bikerack","longitude":8.6687503,"latitude":50.0957154,"name":"Fahrradabstellplatz","city":"Frankfurt am Main","address":null,"covered":false,"access":null,"website":null,"phone":null,"source":"OpenStreetMap/node/6447498587","sourceUpdatedAt":null,"verifiedAt":null}},{"type":"Feature","geometry":{"type":"Point","coordinates":[8.685729,50.102198]},"properties":{"id":"bikerack:99b086cb-a2db-4149-9bb8-247af9b14a49","kind":"bikerack","longitude":8.685729,"latitude":50.102198,"name":"Fahrradabstellplatz","city":"Frankfurt am Main","address":null,"covered":false,"access":null,"website":null,"phone":null,"source":"OpenStreetMap/node/8786169596","sourceUpdatedAt":null,"verifiedAt":null}},{"type":"Feature","geometry":{"type":"Point","coordinates":[8.6953457,50.1200991]},"properties":{"id":"bikerack:99c2522c-1a60-499a-abb1-f46d30281cc9","kind":"bikerack","longitude":8.6953457,"latitude":50.1200991,"name":"Fahrradabstellplatz","city":"Frankfurt am Main","address":null,"covered":false,"access":null,"website":null,"phone":null,"source":"OpenStreetMap/node/12213841885","sourceUpdatedAt":null,"verifiedAt":null}},{"type":"Feature","geometry":{"type":"Point","coordinates":[8.6592749,50.108828]},"properties":{"id":"bikerack:99ed2bf4-74d9-480f-b052-937daa7bd231","kind":"bikerack","longitude":8.6592749,"latitude":50.108828,"name":"Fahrradabstellplatz","city":"Frankfurt am Main","address":null,"covered":false,"access":null,"website":null,"phone":null,"source":"OpenStreetMap/node/12825405483","sourceUpdatedAt":null,"verifiedAt":null}},{"type":"Feature","geometry":{"type":"Point","coordinates":[8.681712,50.0966664]},"properties":{"id":"bikerack:9a3c09d9-5ba3-4f42-9489-c622b2bc598b","kind":"bikerack","longitude":8.681712,"latitude":50.0966664,"name":"Fahrradabstellplatz","city":"Frankfurt am Main","address":null,"covered":false,"access":null,"website":null,"phone":null,"source":"OpenStreetMap/node/8603436708","sourceUpdatedAt":null,"verifiedAt":null}},{"type":"Feature","geometry":{"type":"Point","coordinates":[8.679564,50.1060697]},"properties":{"id":"bikerack:9a3c4b35-d94d-4d87-a96d-129707fc53d1","kind":"bikerack","longitude":8.679564,"latitude":50.1060697,"name":"Fahrradabstellplatz","city":"Frankfurt am Main","address":null,"covered":false,"access":null,"website":null,"phone":null,"source":"OpenStreetMap/node/6712588706","sourceUpdatedAt":null,"verifiedAt":null}},{"type":"Feature","geometry":{"type":"Point","coordinates":[8.6966134,50.1093453]},"properties":{"id":"bikerack:9a3e1c08-919a-48ae-b330-e9d6170a068a","kind":"bikerack","longitude":8.6966134,"latitude":50.1093453,"name":"Fahrradabstellplatz","city":"Frankfurt am Main","address":null,"covered":false,"access":null,"website":null,"phone":null,"source":"OpenStreetMap/node/2917046263","sourceUpdatedAt":null,"verifiedAt":null}},{"type":"Feature","geometry":{"type":"Point","coordinates":[8.6792756,50.1035898]},"properties":{"id":"bikerack:9a972460-a927-494e-bfd1-25c16c553c1d","kind":"bikerack","longitude":8.6792756,"latitude":50.1035898,"name":"Fahrradabstellplatz","city":"Frankfurt am Main","address":null,"covered":false,"access":null,"website":null,"phone":null,"source":"OpenStreetMap/node/1116642028","sourceUpdatedAt":null,"verifiedAt":null}},{"type":"Feature","geometry":{"type":"Point","coordinates":[8.6789628,50.1088639]},"properties":{"id":"bikerack:9adbfd7f-bbc3-4dc0-b5a9-843c5c6346e5","kind":"bikerack","longitude":8.6789628,"latitude":50.1088639,"name":"Fahrradabstellplatz","city":"Frankfurt am Main","address":null,"covered":false,"access":null,"website":null,"phone":null,"source":"OpenStreetMap/node/7215119742","sourceUpdatedAt":null,"verifiedAt":null}},{"type":"Feature","geometry":{"type":"Point","coordinates":[8.6895546,50.1060715]},"properties":{"id":"bikerack:9ae35252-633b-4e40-b582-d12fe77541e0","kind":"bikerack","longitude":8.6895546,"latitude":50.1060715,"name":"Fahrradabstellplatz","city":"Frankfurt am Main","address":null,"covered":false,"access":null,"website":null,"phone":null,"source":"OpenStreetMap/node/7437482114","sourceUpdatedAt":null,"verifiedAt":null}},{"type":"Feature","geometry":{"type":"Point","coordinates":[8.6894965,50.1055043]},"properties":{"id":"bikerack:9b1c6905-00c4-4c59-a7d6-72d7a21b375e","kind":"bikerack","longitude":8.6894965,"latitude":50.1055043,"name":"Fahrradabstellplatz","city":"Frankfurt am Main","address":null,"covered":false,"access":null,"website":null,"phone":null,"source":"OpenStreetMap/node/7773496164","sourceUpdatedAt":null,"verifiedAt":null}},{"type":"Feature","geometry":{"type":"Point","coordinates":[8.696672,50.1201382]},"properties":{"id":"bikerack:9b525741-d091-41f2-93ac-c35081cc3628","kind":"bikerack","longitude":8.696672,"latitude":50.1201382,"name":"Fahrradabstellplatz","city":"Frankfurt am Main","address":null,"covered":false,"access":null,"website":null,"phone":null,"source":"OpenStreetMap/node/8163881202","sourceUpdatedAt":null,"verifiedAt":null}},{"type":"Feature","geometry":{"type":"Point","coordinates":[8.6705115,50.1050595]},"properties":{"id":"bikerack:9b55967e-4bff-4058-965f-40842e4ce286","kind":"bikerack","longitude":8.6705115,"latitude":50.1050595,"name":"Fahrradabstellplatz","city":"Frankfurt am Main","address":null,"covered":false,"access":null,"website":null,"phone":null,"source":"OpenStreetMap/node/13676484259","sourceUpdatedAt":null,"verifiedAt":null}},{"type":"Feature","geometry":{"type":"Point","coordinates":[8.6900004,50.1148619]},"properties":{"id":"bikerack:9c6be143-e219-40d0-be12-a9d002b3e88e","kind":"bikerack","longitude":8.6900004,"latitude":50.1148619,"name":"Fahrradabstellplatz","city":"Frankfurt am Main","address":null,"covered":false,"access":null,"website":null,"phone":null,"source":"OpenStreetMap/node/12213918568","sourceUpdatedAt":null,"verifiedAt":null}},{"type":"Feature","geometry":{"type":"Point","coordinates":[8.6748675,50.103165]},"properties":{"id":"bikerack:9c959c93-77b0-49e4-8e3f-c2337aacdc2c","kind":"bikerack","longitude":8.6748675,"latitude":50.103165,"name":"Fahrradabstellplatz","city":"Frankfurt am Main","address":null,"covered":false,"access":null,"website":null,"phone":null,"source":"OpenStreetMap/node/2070465159","sourceUpdatedAt":null,"verifiedAt":null}},{"type":"Feature","geometry":{"type":"Point","coordinates":[8.7007505,50.113938]},"properties":{"id":"bikerack:9ca23d96-d517-48a8-a241-ca29bd8bf697","kind":"bikerack","longitude":8.7007505,"latitude":50.113938,"name":"Fahrradabstellplatz","city":"Frankfurt am Main","address":null,"covered":false,"access":null,"website":null,"phone":null,"source":"OpenStreetMap/node/10584562116","sourceUpdatedAt":null,"verifiedAt":null}},{"type":"Feature","geometry":{"type":"Point","coordinates":[8.6803826,50.102105]},"properties":{"id":"bikerack:9cf41009-7eb5-481f-a74b-f2b28c5f31ac","kind":"bikerack","longitude":8.6803826,"latitude":50.102105,"name":"Fahrradabstellplatz","city":"Frankfurt am Main","address":null,"covered":false,"access":null,"website":null,"phone":null,"source":"OpenStreetMap/node/1116663000","sourceUpdatedAt":null,"verifiedAt":null}},{"type":"Feature","geometry":{"type":"Point","coordinates":[8.6634314,50.0967445]},"properties":{"id":"bikerack:9d50b375-1492-419b-968e-e4271e44a2ce","kind":"bikerack","longitude":8.6634314,"latitude":50.0967445,"name":"Fahrradabstellplatz","city":"Frankfurt am Main","address":null,"covered":false,"access":null,"website":null,"phone":null,"source":"OpenStreetMap/node/1468812554","sourceUpdatedAt":null,"verifiedAt":null}},{"type":"Feature","geometry":{"type":"Point","coordinates":[8.6611372,50.109415]},"properties":{"id":"bikerack:9d8e9415-6523-4ea5-b43c-0176790239d5","kind":"bikerack","longitude":8.6611372,"latitude":50.109415,"name":"Fahrradabstellplatz","city":"Frankfurt am Main","address":null,"covered":false,"access":null,"website":null,"phone":null,"source":"OpenStreetMap/node/9635414013","sourceUpdatedAt":null,"verifiedAt":null}},{"type":"Feature","geometry":{"type":"Point","coordinates":[8.6703318,50.1070077]},"properties":{"id":"bikerack:9d958758-0bef-456a-982e-26d2c5563976","kind":"bikerack","longitude":8.6703318,"latitude":50.1070077,"name":"Fahrradabstellplatz","city":"Frankfurt am Main","address":null,"covered":false,"access":null,"website":null,"phone":null,"source":"OpenStreetMap/node/13676484260","sourceUpdatedAt":null,"verifiedAt":null}},{"type":"Feature","geometry":{"type":"Point","coordinates":[8.6884267,50.102341]},"properties":{"id":"bikerack:9d9c23b2-186a-4db5-8054-be8b065f6904","kind":"bikerack","longitude":8.6884267,"latitude":50.102341,"name":"Fahrradabstellplatz","city":"Frankfurt am Main","address":null,"covered":false,"access":null,"website":null,"phone":null,"source":"OpenStreetMap/node/7716817758","sourceUpdatedAt":null,"verifiedAt":null}},{"type":"Feature","geometry":{"type":"Point","coordinates":[8.6783904,50.1142274]},"properties":{"id":"bikerack:9dcd41cc-7d0a-4c6a-8cad-67b37429c342","kind":"bikerack","longitude":8.6783904,"latitude":50.1142274,"name":"Fahrradabstellplatz","city":"Frankfurt am Main","address":null,"covered":false,"access":null,"website":null,"phone":null,"source":"OpenStreetMap/node/12628297401","sourceUpdatedAt":null,"verifiedAt":null}},{"type":"Feature","geometry":{"type":"Point","coordinates":[8.6595183,50.1071031]},"properties":{"id":"bikerack:9e18ce00-2f0d-4917-9266-6c5c74a1f4a5","kind":"bikerack","longitude":8.6595183,"latitude":50.1071031,"name":"Fahrradabstellplatz","city":"Frankfurt am Main","address":null,"covered":false,"access":null,"website":null,"phone":null,"source":"OpenStreetMap/node/12898986877","sourceUpdatedAt":null,"verifiedAt":null}},{"type":"Feature","geometry":{"type":"Point","coordinates":[8.6871351,50.1105533]},"properties":{"id":"bikerack:9e7a46e0-bf44-423f-b643-90475e55bd1f","kind":"bikerack","longitude":8.6871351,"latitude":50.1105533,"name":"Fahrradabstellplatz","city":"Frankfurt am Main","address":null,"covered":false,"access":null,"website":null,"phone":null,"source":"OpenStreetMap/node/11593887066","sourceUpdatedAt":null,"verifiedAt":null}},{"type":"Feature","geometry":{"type":"Point","coordinates":[8.66429,50.1015806]},"properties":{"id":"bikerack:9e7b31c4-1daf-4ebe-b47c-188e2b3cd376","kind":"bikerack","longitude":8.66429,"latitude":50.1015806,"name":"Fahrradabstellplatz","city":"Frankfurt am Main","address":null,"covered":false,"access":null,"website":null,"phone":null,"source":"OpenStreetMap/way/1167602063","sourceUpdatedAt":null,"verifiedAt":null}},{"type":"Feature","geometry":{"type":"Point","coordinates":[8.6821795,50.1120235]},"properties":{"id":"bikerack:9ea197c5-a063-47e2-8885-592d7f579fe1","kind":"bikerack","longitude":8.6821795,"latitude":50.1120235,"name":"Fahrradabstellplatz","city":"Frankfurt am Main","address":null,"covered":false,"access":null,"website":null,"phone":null,"source":"OpenStreetMap/node/9636363802","sourceUpdatedAt":null,"verifiedAt":null}},{"type":"Feature","geometry":{"type":"Point","coordinates":[8.6856485,50.118042]},"properties":{"id":"bikerack:9efaebcb-cede-4168-958c-fa0a4b21a0c1","kind":"bikerack","longitude":8.6856485,"latitude":50.118042,"name":"Fahrradabstellplatz","city":"Frankfurt am Main","address":null,"covered":false,"access":null,"website":null,"phone":null,"source":"OpenStreetMap/node/10961981777","sourceUpdatedAt":null,"verifiedAt":null}},{"type":"Feature","geometry":{"type":"Point","coordinates":[8.6849646,50.0944024]},"properties":{"id":"bikerack:9f7cf7a9-99a8-45b2-9819-dffc15c195a1","kind":"bikerack","longitude":8.6849646,"latitude":50.0944024,"name":"Fahrradabstellplatz","city":"Frankfurt am Main","address":null,"covered":false,"access":null,"website":null,"phone":null,"source":"OpenStreetMap/way/302412775","sourceUpdatedAt":null,"verifiedAt":null}},{"type":"Feature","geometry":{"type":"Point","coordinates":[8.6823365,50.0952547]},"properties":{"id":"bikerack:9f9d2bb0-28d2-47c9-a333-ffa43f547d0a","kind":"bikerack","longitude":8.6823365,"latitude":50.0952547,"name":"Fahrradabstellplatz","city":"Frankfurt am Main","address":null,"covered":false,"access":null,"website":null,"phone":null,"source":"OpenStreetMap/node/11627204970","sourceUpdatedAt":null,"verifiedAt":null}},{"type":"Feature","geometry":{"type":"Point","coordinates":[8.6929164,50.1189928]},"properties":{"id":"bikerack:9fa432b7-7e15-43f7-b053-aeea24df81e1","kind":"bikerack","longitude":8.6929164,"latitude":50.1189928,"name":"Fahrradabstellplatz","city":"Frankfurt am Main","address":null,"covered":false,"access":null,"website":null,"phone":null,"source":"OpenStreetMap/node/13428446434","sourceUpdatedAt":null,"verifiedAt":null}},{"type":"Feature","geometry":{"type":"Point","coordinates":[8.6833305,50.1196726]},"properties":{"id":"bikerack:9fd64f58-eb63-42d6-8885-485e2efe40d5","kind":"bikerack","longitude":8.6833305,"latitude":50.1196726,"name":"Fahrradabstellplatz","city":"Frankfurt am Main","address":null,"covered":false,"access":null,"website":null,"phone":null,"source":"OpenStreetMap/node/8814906897","sourceUpdatedAt":null,"verifiedAt":null}},{"type":"Feature","geometry":{"type":"Point","coordinates":[8.684288,50.1022875]},"properties":{"id":"bikerack:a0b1edf3-fbb4-4b3f-9140-56f52ad0fa4c","kind":"bikerack","longitude":8.684288,"latitude":50.1022875,"name":"Fahrradabstellplatz","city":"Frankfurt am Main","address":null,"covered":false,"access":null,"website":null,"phone":null,"source":"OpenStreetMap/node/8789446891","sourceUpdatedAt":null,"verifiedAt":null}},{"type":"Feature","geometry":{"type":"Point","coordinates":[8.6858353,50.1055204]},"properties":{"id":"bikerack:a0c39f8c-8e15-4a77-8d6b-f3f5ca4a6d59","kind":"bikerack","longitude":8.6858353,"latitude":50.1055204,"name":"Fahrradabstellplatz","city":"Frankfurt am Main","address":null,"covered":false,"access":null,"website":null,"phone":null,"source":"OpenStreetMap/node/9274990866","sourceUpdatedAt":null,"verifiedAt":null}},{"type":"Feature","geometry":{"type":"Point","coordinates":[8.6588041,50.0997317]},"properties":{"id":"bikerack:a0e005da-3206-4c33-a057-fe5ab3d750c6","kind":"bikerack","longitude":8.6588041,"latitude":50.0997317,"name":"Fahrradabstellplatz","city":"Frankfurt am Main","address":null,"covered":false,"access":null,"website":null,"phone":null,"source":"OpenStreetMap/node/5109393743","sourceUpdatedAt":null,"verifiedAt":null}},{"type":"Feature","geometry":{"type":"Point","coordinates":[8.6947522,50.1191864]},"properties":{"id":"bikerack:a15aa472-fd5c-49fc-b4db-1d2cc881a962","kind":"bikerack","longitude":8.6947522,"latitude":50.1191864,"name":"Fahrradabstellplatz","city":"Frankfurt am Main","address":null,"covered":false,"access":null,"website":null,"phone":null,"source":"OpenStreetMap/node/12568777180","sourceUpdatedAt":null,"verifiedAt":null}},{"type":"Feature","geometry":{"type":"Point","coordinates":[8.6962283,50.1204944]},"properties":{"id":"bikerack:a161f382-5202-4344-87ca-034542d48e58","kind":"bikerack","longitude":8.6962283,"latitude":50.1204944,"name":"Fahrradabstellplatz","city":"Frankfurt am Main","address":null,"covered":false,"access":null,"website":null,"phone":null,"source":"OpenStreetMap/node/13208816076","sourceUpdatedAt":null,"verifiedAt":null}},{"type":"Feature","geometry":{"type":"Point","coordinates":[8.659509,50.1091772]},"properties":{"id":"bikerack:a20332ca-16e1-4219-aeec-ef2ab40487af","kind":"bikerack","longitude":8.659509,"latitude":50.1091772,"name":"Fahrradabstellplatz","city":"Frankfurt am Main","address":null,"covered":false,"access":null,"website":null,"phone":null,"source":"OpenStreetMap/node/13627022992","sourceUpdatedAt":null,"verifiedAt":null}},{"type":"Feature","geometry":{"type":"Point","coordinates":[8.6818887,50.1117146]},"properties":{"id":"bikerack:a20b4ebe-cda2-4c1c-849e-a376a6eda0bf","kind":"bikerack","longitude":8.6818887,"latitude":50.1117146,"name":"Fahrradabstellplatz","city":"Frankfurt am Main","address":null,"covered":false,"access":null,"website":null,"phone":null,"source":"OpenStreetMap/node/9636412854","sourceUpdatedAt":null,"verifiedAt":null}},{"type":"Feature","geometry":{"type":"Point","coordinates":[8.6803628,50.1006276]},"properties":{"id":"bikerack:a26d1337-b330-47f7-86a8-6f380da8d8a1","kind":"bikerack","longitude":8.6803628,"latitude":50.1006276,"name":"Fahrradabstellplatz","city":"Frankfurt am Main","address":null,"covered":false,"access":null,"website":null,"phone":null,"source":"OpenStreetMap/node/8936615907","sourceUpdatedAt":null,"verifiedAt":null}},{"type":"Feature","geometry":{"type":"Point","coordinates":[8.684744,50.1014313]},"properties":{"id":"bikerack:a298cf32-f21f-4468-806b-2a61ac544d97","kind":"bikerack","longitude":8.684744,"latitude":50.1014313,"name":"Fahrradabstellplatz","city":"Frankfurt am Main","address":null,"covered":false,"access":null,"website":null,"phone":null,"source":"OpenStreetMap/node/9485992546","sourceUpdatedAt":null,"verifiedAt":null}},{"type":"Feature","geometry":{"type":"Point","coordinates":[8.6796758,50.1196236]},"properties":{"id":"bikerack:a29a4ebc-aaac-4400-93ee-20f7b58f2a31","kind":"bikerack","longitude":8.6796758,"latitude":50.1196236,"name":"Fahrradabstellplatz","city":"Frankfurt am Main","address":null,"covered":false,"access":null,"website":null,"phone":null,"source":"OpenStreetMap/node/9687711280","sourceUpdatedAt":null,"verifiedAt":null}},{"type":"Feature","geometry":{"type":"Point","coordinates":[8.6836832,50.1178101]},"properties":{"id":"bikerack:a2a0eef1-36ad-4c32-8949-161de51c6d70","kind":"bikerack","longitude":8.6836832,"latitude":50.1178101,"name":"Fahrradabstellplatz","city":"Frankfurt am Main","address":null,"covered":false,"access":null,"website":null,"phone":null,"source":"OpenStreetMap/node/6776236334","sourceUpdatedAt":null,"verifiedAt":null}},{"type":"Feature","geometry":{"type":"Point","coordinates":[8.6953568,50.1160093]},"properties":{"id":"bikerack:a2baabe9-1049-4858-a769-61617b6810df","kind":"bikerack","longitude":8.6953568,"latitude":50.1160093,"name":"Fahrradabstellplatz","city":"Frankfurt am Main","address":null,"covered":false,"access":null,"website":null,"phone":null,"source":"OpenStreetMap/node/6284198765","sourceUpdatedAt":null,"verifiedAt":null}},{"type":"Feature","geometry":{"type":"Point","coordinates":[8.6863409,50.1152221]},"properties":{"id":"bikerack:a2c2b142-3018-4402-b496-cb9cde2e2c6f","kind":"bikerack","longitude":8.6863409,"latitude":50.1152221,"name":"Fahrradabstellplatz","city":"Frankfurt am Main","address":null,"covered":false,"access":null,"website":null,"phone":null,"source":"OpenStreetMap/node/8712369221","sourceUpdatedAt":null,"verifiedAt":null}},{"type":"Feature","geometry":{"type":"Point","coordinates":[8.6871741,50.1047608]},"properties":{"id":"bikerack:a2fc3636-ac34-4245-a08a-dd7697cc4101","kind":"bikerack","longitude":8.6871741,"latitude":50.1047608,"name":"Fahrradabstellplatz","city":"Frankfurt am Main","address":null,"covered":false,"access":null,"website":null,"phone":null,"source":"OpenStreetMap/node/7938922851","sourceUpdatedAt":null,"verifiedAt":null}},{"type":"Feature","geometry":{"type":"Point","coordinates":[8.6991854,50.1090246]},"properties":{"id":"bikerack:a2fdb330-38bd-4b9f-b38a-8796f4af8e16","kind":"bikerack","longitude":8.6991854,"latitude":50.1090246,"name":"Fahrradabstellplatz","city":"Frankfurt am Main","address":null,"covered":false,"access":null,"website":null,"phone":null,"source":"OpenStreetMap/node/2917046258","sourceUpdatedAt":null,"verifiedAt":null}},{"type":"Feature","geometry":{"type":"Point","coordinates":[8.6889662,50.1170894]},"properties":{"id":"bikerack:a315672d-af23-45f5-8a16-2f3ac31bc44b","kind":"bikerack","longitude":8.6889662,"latitude":50.1170894,"name":"Fahrradabstellplatz","city":"Frankfurt am Main","address":null,"covered":true,"access":null,"website":null,"phone":null,"source":"OpenStreetMap/node/7249324948","sourceUpdatedAt":null,"verifiedAt":null}},{"type":"Feature","geometry":{"type":"Point","coordinates":[8.6909572,50.1103893]},"properties":{"id":"bikerack:a34a623a-eb81-4fa8-bd7f-be11bc78c810","kind":"bikerack","longitude":8.6909572,"latitude":50.1103893,"name":"Fahrradabstellplatz","city":"Frankfurt am Main","address":null,"covered":false,"access":null,"website":null,"phone":null,"source":"OpenStreetMap/node/12512338016","sourceUpdatedAt":null,"verifiedAt":null}},{"type":"Feature","geometry":{"type":"Point","coordinates":[8.6671574,50.0942524]},"properties":{"id":"bikerack:a36be6be-e488-4b0b-b3b4-26ec33b757d5","kind":"bikerack","longitude":8.6671574,"latitude":50.0942524,"name":"Fahrradabstellplatz","city":"Frankfurt am Main","address":null,"covered":false,"access":null,"website":null,"phone":null,"source":"OpenStreetMap/node/6483995388","sourceUpdatedAt":null,"verifiedAt":null}},{"type":"Feature","geometry":{"type":"Point","coordinates":[8.6997175,50.1104009]},"properties":{"id":"bikerack:a39faa35-8fdd-41e7-9dbc-7ab835707e18","kind":"bikerack","longitude":8.6997175,"latitude":50.1104009,"name":"Fahrradabstellplatz","city":"Frankfurt am Main","address":null,"covered":false,"access":null,"website":null,"phone":null,"source":"OpenStreetMap/node/2917046278","sourceUpdatedAt":null,"verifiedAt":null}},{"type":"Feature","geometry":{"type":"Point","coordinates":[8.6590938,50.0995889]},"properties":{"id":"bikerack:a493cc59-7f3a-4c20-93a0-cdd478d35489","kind":"bikerack","longitude":8.6590938,"latitude":50.0995889,"name":"Fahrradabstellplatz","city":"Frankfurt am Main","address":null,"covered":false,"access":null,"website":null,"phone":null,"source":"OpenStreetMap/node/5109393744","sourceUpdatedAt":null,"verifiedAt":null}},{"type":"Feature","geometry":{"type":"Point","coordinates":[8.6924377,50.1056025]},"properties":{"id":"bikerack:a4b2d200-e124-42ca-9be1-eacf620ed438","kind":"bikerack","longitude":8.6924377,"latitude":50.1056025,"name":"Fahrradabstellplatz","city":"Frankfurt am Main","address":null,"covered":false,"access":null,"website":null,"phone":null,"source":"OpenStreetMap/node/10244389586","sourceUpdatedAt":null,"verifiedAt":null}},{"type":"Feature","geometry":{"type":"Point","coordinates":[8.6613257,50.0958065]},"properties":{"id":"bikerack:a4c21f27-7d5f-4f13-adda-1c982adf4203","kind":"bikerack","longitude":8.6613257,"latitude":50.0958065,"name":"Fahrradabstellplatz","city":"Frankfurt am Main","address":null,"covered":true,"access":null,"website":null,"phone":null,"source":"OpenStreetMap/node/1468804476","sourceUpdatedAt":null,"verifiedAt":null}},{"type":"Feature","geometry":{"type":"Point","coordinates":[8.6576049,50.1105664]},"properties":{"id":"bikerack:a4e447d9-0974-4268-bb64-f05e931d1149","kind":"bikerack","longitude":8.6576049,"latitude":50.1105664,"name":"Fahrradabstellplatz","city":"Frankfurt am Main","address":null,"covered":false,"access":null,"website":null,"phone":null,"source":"OpenStreetMap/node/13045381540","sourceUpdatedAt":null,"verifiedAt":null}},{"type":"Feature","geometry":{"type":"Point","coordinates":[8.6844704,50.1019572]},"properties":{"id":"bikerack:a505dbfd-db56-4c5a-9ae5-9fbfcab56d7e","kind":"bikerack","longitude":8.6844704,"latitude":50.1019572,"name":"Fahrradabstellplatz","city":"Frankfurt am Main","address":null,"covered":false,"access":null,"website":null,"phone":null,"source":"OpenStreetMap/node/8789521181","sourceUpdatedAt":null,"verifiedAt":null}},{"type":"Feature","geometry":{"type":"Point","coordinates":[8.6650142,50.1111356]},"properties":{"id":"bikerack:a5686588-b82e-453d-beea-f3f884f75ef5","kind":"bikerack","longitude":8.6650142,"latitude":50.1111356,"name":"Fahrradabstellplatz","city":"Frankfurt am Main","address":null,"covered":false,"access":null,"website":null,"phone":null,"source":"OpenStreetMap/node/6871165437","sourceUpdatedAt":null,"verifiedAt":null}},{"type":"Feature","geometry":{"type":"Point","coordinates":[8.67365,50.1035978]},"properties":{"id":"bikerack:a61d79fa-bf16-4e3d-b319-a83635942683","kind":"bikerack","longitude":8.67365,"latitude":50.1035978,"name":"Fahrradabstellplatz","city":"Frankfurt am Main","address":null,"covered":false,"access":null,"website":null,"phone":null,"source":"OpenStreetMap/node/9014022646","sourceUpdatedAt":null,"verifiedAt":null}},{"type":"Feature","geometry":{"type":"Point","coordinates":[8.6681202,50.1152206]},"properties":{"id":"bikerack:a67a85eb-a940-465a-bde1-c56b5d01073d","kind":"bikerack","longitude":8.6681202,"latitude":50.1152206,"name":"Fahrradabstellplatz","city":"Frankfurt am Main","address":null,"covered":false,"access":null,"website":null,"phone":null,"source":"OpenStreetMap/node/10171505001","sourceUpdatedAt":null,"verifiedAt":null}},{"type":"Feature","geometry":{"type":"Point","coordinates":[8.6686092,50.0956071]},"properties":{"id":"bikerack:a6ffdceb-62d3-498f-8aec-241c332da5a7","kind":"bikerack","longitude":8.6686092,"latitude":50.0956071,"name":"Fahrradabstellplatz","city":"Frankfurt am Main","address":null,"covered":false,"access":null,"website":null,"phone":null,"source":"OpenStreetMap/node/6447504485","sourceUpdatedAt":null,"verifiedAt":null}},{"type":"Feature","geometry":{"type":"Point","coordinates":[8.6812099,50.1020004]},"properties":{"id":"bikerack:a716edbe-a072-4760-8d03-cc5ff110973a","kind":"bikerack","longitude":8.6812099,"latitude":50.1020004,"name":"Fahrradabstellplatz","city":"Frankfurt am Main","address":null,"covered":false,"access":null,"website":null,"phone":null,"source":"OpenStreetMap/node/8621813303","sourceUpdatedAt":null,"verifiedAt":null}},{"type":"Feature","geometry":{"type":"Point","coordinates":[8.6848882,50.0997544]},"properties":{"id":"bikerack:a78cad36-bb29-4f8c-bb32-87a7f0edba75","kind":"bikerack","longitude":8.6848882,"latitude":50.0997544,"name":"Fahrradabstellplatz","city":"Frankfurt am Main","address":null,"covered":false,"access":null,"website":null,"phone":null,"source":"OpenStreetMap/node/1115655921","sourceUpdatedAt":null,"verifiedAt":null}},{"type":"Feature","geometry":{"type":"Point","coordinates":[8.679271,50.1141924]},"properties":{"id":"bikerack:a7afceff-bf08-4a84-9f6a-290c29ae8332","kind":"bikerack","longitude":8.679271,"latitude":50.1141924,"name":"Fahrradabstellplatz","city":"Frankfurt am Main","address":null,"covered":false,"access":null,"website":null,"phone":null,"source":"OpenStreetMap/node/6284198759","sourceUpdatedAt":null,"verifiedAt":null}},{"type":"Feature","geometry":{"type":"Point","coordinates":[8.6825044,50.0984784]},"properties":{"id":"bikerack:a7ce6021-8b64-4918-8237-36a88539325d","kind":"bikerack","longitude":8.6825044,"latitude":50.0984784,"name":"Fahrradabstellplatz","city":"Frankfurt am Main","address":null,"covered":false,"access":null,"website":null,"phone":null,"source":"OpenStreetMap/node/7746810959","sourceUpdatedAt":null,"verifiedAt":null}},{"type":"Feature","geometry":{"type":"Point","coordinates":[8.6779506,50.1115471]},"properties":{"id":"bikerack:a7dfa0c0-fa70-485b-9f02-7737ebc22d53","kind":"bikerack","longitude":8.6779506,"latitude":50.1115471,"name":"Fahrradabstellplatz","city":"Frankfurt am Main","address":null,"covered":false,"access":null,"website":null,"phone":null,"source":"OpenStreetMap/node/8503010894","sourceUpdatedAt":null,"verifiedAt":null}},{"type":"Feature","geometry":{"type":"Point","coordinates":[8.6774303,50.0994617]},"properties":{"id":"bikerack:a7ee4e72-8a5e-4287-a20a-9bb1ade5cccb","kind":"bikerack","longitude":8.6774303,"latitude":50.0994617,"name":"Fahrradabstellplatz","city":"Frankfurt am Main","address":null,"covered":false,"access":null,"website":null,"phone":null,"source":"OpenStreetMap/node/9142640225","sourceUpdatedAt":null,"verifiedAt":null}},{"type":"Feature","geometry":{"type":"Point","coordinates":[8.684702,50.112374]},"properties":{"id":"bikerack:a80c79d8-b06b-44c7-b109-97bd9a6d19db","kind":"bikerack","longitude":8.684702,"latitude":50.112374,"name":"Fahrradabstellplatz","city":"Frankfurt am Main","address":null,"covered":false,"access":null,"website":null,"phone":null,"source":"OpenStreetMap/node/9652126871","sourceUpdatedAt":null,"verifiedAt":null}},{"type":"Feature","geometry":{"type":"Point","coordinates":[8.6962882,50.1131073]},"properties":{"id":"bikerack:a80c9480-557a-464d-84f1-4943a42c02d0","kind":"bikerack","longitude":8.6962882,"latitude":50.1131073,"name":"Fahrradabstellplatz","city":"Frankfurt am Main","address":null,"covered":false,"access":null,"website":null,"phone":null,"source":"OpenStreetMap/node/9391764368","sourceUpdatedAt":null,"verifiedAt":null}},{"type":"Feature","geometry":{"type":"Point","coordinates":[8.6762177,50.1203635]},"properties":{"id":"bikerack:a841dddb-34b6-4437-950a-ebd14f2950fa","kind":"bikerack","longitude":8.6762177,"latitude":50.1203635,"name":"Fahrradabstellplatz","city":"Frankfurt am Main","address":null,"covered":false,"access":null,"website":null,"phone":null,"source":"OpenStreetMap/node/10961956553","sourceUpdatedAt":null,"verifiedAt":null}},{"type":"Feature","geometry":{"type":"Point","coordinates":[8.6976896,50.1149538]},"properties":{"id":"bikerack:a845994b-4d69-4fa7-aabb-8fbc7a63cac4","kind":"bikerack","longitude":8.6976896,"latitude":50.1149538,"name":"Fahrradabstellplatz","city":"Frankfurt am Main","address":null,"covered":false,"access":null,"website":null,"phone":null,"source":"OpenStreetMap/node/7180753350","sourceUpdatedAt":null,"verifiedAt":null}},{"type":"Feature","geometry":{"type":"Point","coordinates":[8.6953159,50.1188107]},"properties":{"id":"bikerack:a8ca00eb-eec9-468a-b188-782fce04e524","kind":"bikerack","longitude":8.6953159,"latitude":50.1188107,"name":"Fahrradabstellplatz","city":"Frankfurt am Main","address":null,"covered":false,"access":null,"website":null,"phone":null,"source":"OpenStreetMap/node/11298113096","sourceUpdatedAt":null,"verifiedAt":null}},{"type":"Feature","geometry":{"type":"Point","coordinates":[8.7002543,50.1186604]},"properties":{"id":"bikerack:a8d47107-7d6f-4342-8f09-4cc1da493295","kind":"bikerack","longitude":8.7002543,"latitude":50.1186604,"name":"Fahrradabstellplatz","city":"Frankfurt am Main","address":null,"covered":false,"access":null,"website":null,"phone":null,"source":"OpenStreetMap/node/9290853396","sourceUpdatedAt":null,"verifiedAt":null}},{"type":"Feature","geometry":{"type":"Point","coordinates":[8.6638734,50.0955639]},"properties":{"id":"bikerack:a92543bd-4356-4606-a05f-ab77d366cff4","kind":"bikerack","longitude":8.6638734,"latitude":50.0955639,"name":"Fahrradabstellplatz","city":"Frankfurt am Main","address":null,"covered":false,"access":null,"website":null,"phone":null,"source":"OpenStreetMap/node/1468804472","sourceUpdatedAt":null,"verifiedAt":null}},{"type":"Feature","geometry":{"type":"Point","coordinates":[8.6973471,50.1095979]},"properties":{"id":"bikerack:a9487abb-820c-4df8-87c7-c5a1f66bc8c6","kind":"bikerack","longitude":8.6973471,"latitude":50.1095979,"name":"Fahrradabstellplatz","city":"Frankfurt am Main","address":null,"covered":false,"access":null,"website":null,"phone":null,"source":"OpenStreetMap/node/12091506604","sourceUpdatedAt":null,"verifiedAt":null}},{"type":"Feature","geometry":{"type":"Point","coordinates":[8.6979286,50.1175202]},"properties":{"id":"bikerack:a958490e-fb1e-47f6-9e42-b3f045e5cd93","kind":"bikerack","longitude":8.6979286,"latitude":50.1175202,"name":"Fahrradabstellplatz","city":"Frankfurt am Main","address":null,"covered":true,"access":null,"website":null,"phone":null,"source":"OpenStreetMap/node/12246595297","sourceUpdatedAt":null,"verifiedAt":null}},{"type":"Feature","geometry":{"type":"Point","coordinates":[8.6811258,50.0979364]},"properties":{"id":"bikerack:a9c166bd-3b32-473b-9fa5-4755806a656c","kind":"bikerack","longitude":8.6811258,"latitude":50.0979364,"name":"Fahrradabstellplatz","city":"Frankfurt am Main","address":null,"covered":false,"access":null,"website":null,"phone":null,"source":"OpenStreetMap/node/7746800093","sourceUpdatedAt":null,"verifiedAt":null}},{"type":"Feature","geometry":{"type":"Point","coordinates":[8.6876092,50.1145165]},"properties":{"id":"bikerack:a9d0c5f7-70e3-430d-ad9d-7bcfc82aa86d","kind":"bikerack","longitude":8.6876092,"latitude":50.1145165,"name":"Fahrradabstellplatz","city":"Frankfurt am Main","address":null,"covered":true,"access":null,"website":null,"phone":null,"source":"OpenStreetMap/node/5023777158","sourceUpdatedAt":null,"verifiedAt":null}},{"type":"Feature","geometry":{"type":"Point","coordinates":[8.6769232,50.1102445]},"properties":{"id":"bikerack:aa14b48c-181c-4ac4-b1af-7d592936d962","kind":"bikerack","longitude":8.6769232,"latitude":50.1102445,"name":"Fahrradabstellplatz","city":"Frankfurt am Main","address":null,"covered":false,"access":null,"website":null,"phone":null,"source":"OpenStreetMap/node/12339758319","sourceUpdatedAt":null,"verifiedAt":null}},{"type":"Feature","geometry":{"type":"Point","coordinates":[8.6846035,50.1052301]},"properties":{"id":"bikerack:aa2d6b07-0ee9-45b2-b553-aecbf00c2af5","kind":"bikerack","longitude":8.6846035,"latitude":50.1052301,"name":"Fahrradabstellplatz","city":"Frankfurt am Main","address":null,"covered":false,"access":null,"website":null,"phone":null,"source":"OpenStreetMap/node/7511087659","sourceUpdatedAt":null,"verifiedAt":null}},{"type":"Feature","geometry":{"type":"Point","coordinates":[8.6934373,50.1204432]},"properties":{"id":"bikerack:aa3c8336-c999-4da1-a8be-31443c22cf86","kind":"bikerack","longitude":8.6934373,"latitude":50.1204432,"name":"Fahrradabstellplatz","city":"Frankfurt am Main","address":null,"covered":false,"access":null,"website":null,"phone":null,"source":"OpenStreetMap/node/12307418942","sourceUpdatedAt":null,"verifiedAt":null}},{"type":"Feature","geometry":{"type":"Point","coordinates":[8.6888165,50.1103229]},"properties":{"id":"bikerack:aa666398-e0bb-4b10-b948-bf420250258a","kind":"bikerack","longitude":8.6888165,"latitude":50.1103229,"name":"Fahrradabstellplatz","city":"Frankfurt am Main","address":null,"covered":false,"access":null,"website":null,"phone":null,"source":"OpenStreetMap/node/12512338024","sourceUpdatedAt":null,"verifiedAt":null}},{"type":"Feature","geometry":{"type":"Point","coordinates":[8.6876482,50.1138811]},"properties":{"id":"bikerack:aaafcb03-2e0c-4631-bb34-e13d02e2a9ff","kind":"bikerack","longitude":8.6876482,"latitude":50.1138811,"name":"Fahrradabstellplatz","city":"Frankfurt am Main","address":null,"covered":true,"access":null,"website":null,"phone":null,"source":"OpenStreetMap/node/6712588711","sourceUpdatedAt":null,"verifiedAt":null}},{"type":"Feature","geometry":{"type":"Point","coordinates":[8.665554,50.1154648]},"properties":{"id":"bikerack:aab56852-517b-428e-9dcb-11582604787b","kind":"bikerack","longitude":8.665554,"latitude":50.1154648,"name":"Fahrradabstellplatz","city":"Frankfurt am Main","address":null,"covered":false,"access":null,"website":null,"phone":null,"source":"OpenStreetMap/node/10171504479","sourceUpdatedAt":null,"verifiedAt":null}},{"type":"Feature","geometry":{"type":"Point","coordinates":[8.69192,50.1049178]},"properties":{"id":"bikerack:abc57988-04d3-460f-aff3-f8da91202667","kind":"bikerack","longitude":8.69192,"latitude":50.1049178,"name":"Fahrradabstellplatz","city":"Frankfurt am Main","address":null,"covered":false,"access":null,"website":null,"phone":null,"source":"OpenStreetMap/node/10244415534","sourceUpdatedAt":null,"verifiedAt":null}},{"type":"Feature","geometry":{"type":"Point","coordinates":[8.6811288,50.0987947]},"properties":{"id":"bikerack:ac5ef2c1-69a3-4916-81e0-9d1bbcdd7021","kind":"bikerack","longitude":8.6811288,"latitude":50.0987947,"name":"Fahrradabstellplatz","city":"Frankfurt am Main","address":null,"covered":false,"access":null,"website":null,"phone":null,"source":"OpenStreetMap/node/12237911983","sourceUpdatedAt":null,"verifiedAt":null}},{"type":"Feature","geometry":{"type":"Point","coordinates":[8.6829669,50.1111567]},"properties":{"id":"bikerack:ac7432f5-85ce-4993-bb01-9f62389a6c90","kind":"bikerack","longitude":8.6829669,"latitude":50.1111567,"name":"Fahrradabstellplatz","city":"Frankfurt am Main","address":null,"covered":false,"access":null,"website":null,"phone":null,"source":"OpenStreetMap/node/11393516223","sourceUpdatedAt":null,"verifiedAt":null}},{"type":"Feature","geometry":{"type":"Point","coordinates":[8.6823726,50.1023543]},"properties":{"id":"bikerack:ac8815cb-f2d5-40f4-9e18-aee6047f78a1","kind":"bikerack","longitude":8.6823726,"latitude":50.1023543,"name":"Fahrradabstellplatz","city":"Frankfurt am Main","address":null,"covered":false,"access":null,"website":null,"phone":null,"source":"OpenStreetMap/node/7756960892","sourceUpdatedAt":null,"verifiedAt":null}},{"type":"Feature","geometry":{"type":"Point","coordinates":[8.6633733,50.1016567]},"properties":{"id":"bikerack:ad0260eb-86a0-4a93-861e-df6f0be0a21d","kind":"bikerack","longitude":8.6633733,"latitude":50.1016567,"name":"Fahrradabstellplatz","city":"Frankfurt am Main","address":null,"covered":false,"access":null,"website":null,"phone":null,"source":"OpenStreetMap/node/1398584230","sourceUpdatedAt":null,"verifiedAt":null}},{"type":"Feature","geometry":{"type":"Point","coordinates":[8.6798329,50.1182859]},"properties":{"id":"bikerack:ad711475-a1f5-4ed5-ae6c-21ca4838fabc","kind":"bikerack","longitude":8.6798329,"latitude":50.1182859,"name":"Fahrradabstellplatz","city":"Frankfurt am Main","address":null,"covered":false,"access":null,"website":null,"phone":null,"source":"OpenStreetMap/node/9687710732","sourceUpdatedAt":null,"verifiedAt":null}},{"type":"Feature","geometry":{"type":"Point","coordinates":[8.6628649,50.1157348]},"properties":{"id":"bikerack:ae3fb05f-e792-4fea-bda2-33446a2f513e","kind":"bikerack","longitude":8.6628649,"latitude":50.1157348,"name":"Fahrradabstellplatz","city":"Frankfurt am Main","address":null,"covered":false,"access":null,"website":null,"phone":null,"source":"OpenStreetMap/node/10171520115","sourceUpdatedAt":null,"verifiedAt":null}},{"type":"Feature","geometry":{"type":"Point","coordinates":[8.6631492,50.115826]},"properties":{"id":"bikerack:ae714629-4871-4025-9158-48f12744c2bd","kind":"bikerack","longitude":8.6631492,"latitude":50.115826,"name":"Fahrradabstellplatz","city":"Frankfurt am Main","address":null,"covered":false,"access":null,"website":null,"phone":null,"source":"OpenStreetMap/node/10171541836","sourceUpdatedAt":null,"verifiedAt":null}},{"type":"Feature","geometry":{"type":"Point","coordinates":[8.6882497,50.102267]},"properties":{"id":"bikerack:ae957630-bacf-4c60-8042-f1f695e09908","kind":"bikerack","longitude":8.6882497,"latitude":50.102267,"name":"Fahrradabstellplatz","city":"Frankfurt am Main","address":null,"covered":false,"access":null,"website":null,"phone":null,"source":"OpenStreetMap/node/7716815383","sourceUpdatedAt":null,"verifiedAt":null}},{"type":"Feature","geometry":{"type":"Point","coordinates":[8.6630705,50.0933538]},"properties":{"id":"bikerack:aebee698-3789-4cc7-8257-6fb813a702c8","kind":"bikerack","longitude":8.6630705,"latitude":50.0933538,"name":"Fahrradabstellplatz","city":"Frankfurt am Main","address":null,"covered":false,"access":null,"website":null,"phone":null,"source":"OpenStreetMap/node/13123119433","sourceUpdatedAt":null,"verifiedAt":null}},{"type":"Feature","geometry":{"type":"Point","coordinates":[8.6856607,50.1136035]},"properties":{"id":"bikerack:aec44024-4a76-40ff-8e29-b1d9773d0aaf","kind":"bikerack","longitude":8.6856607,"latitude":50.1136035,"name":"Fahrradabstellplatz","city":"Frankfurt am Main","address":null,"covered":false,"access":null,"website":null,"phone":null,"source":"OpenStreetMap/node/12214181046","sourceUpdatedAt":null,"verifiedAt":null}},{"type":"Feature","geometry":{"type":"Point","coordinates":[8.6931835,50.1134245]},"properties":{"id":"bikerack:aecb0b35-f676-4dd6-82e0-8f123980f9ff","kind":"bikerack","longitude":8.6931835,"latitude":50.1134245,"name":"Fahrradabstellplatz","city":"Frankfurt am Main","address":null,"covered":false,"access":null,"website":null,"phone":null,"source":"OpenStreetMap/node/11659565330","sourceUpdatedAt":null,"verifiedAt":null}},{"type":"Feature","geometry":{"type":"Point","coordinates":[8.6723697,50.113385]},"properties":{"id":"bikerack:af04bffd-c02b-44d3-a328-1ff3efd86ba7","kind":"bikerack","longitude":8.6723697,"latitude":50.113385,"name":"Fahrradabstellplatz","city":"Frankfurt am Main","address":null,"covered":false,"access":null,"website":null,"phone":null,"source":"OpenStreetMap/node/5222117933","sourceUpdatedAt":null,"verifiedAt":null}},{"type":"Feature","geometry":{"type":"Point","coordinates":[8.6814648,50.1096226]},"properties":{"id":"bikerack:af528eba-ff8d-4790-bd66-2828cd5a163c","kind":"bikerack","longitude":8.6814648,"latitude":50.1096226,"name":"Fahrradabstellplatz","city":"Frankfurt am Main","address":null,"covered":false,"access":null,"website":null,"phone":null,"source":"OpenStreetMap/node/1398584255","sourceUpdatedAt":null,"verifiedAt":null}},{"type":"Feature","geometry":{"type":"Point","coordinates":[8.6605765,50.1083306]},"properties":{"id":"bikerack:af88c135-5fdc-4efc-aed9-38b968d76881","kind":"bikerack","longitude":8.6605765,"latitude":50.1083306,"name":"Fahrradabstellplatz","city":"Frankfurt am Main","address":null,"covered":false,"access":null,"website":null,"phone":null,"source":"OpenStreetMap/node/12586948235","sourceUpdatedAt":null,"verifiedAt":null}},{"type":"Feature","geometry":{"type":"Point","coordinates":[8.6914713,50.103495]},"properties":{"id":"bikerack:afa188bf-9019-4ee3-9b82-103774a24c4e","kind":"bikerack","longitude":8.6914713,"latitude":50.103495,"name":"Fahrradabstellplatz","city":"Frankfurt am Main","address":null,"covered":false,"access":null,"website":null,"phone":null,"source":"OpenStreetMap/node/9732251317","sourceUpdatedAt":null,"verifiedAt":null}},{"type":"Feature","geometry":{"type":"Point","coordinates":[8.6962122,50.1157258]},"properties":{"id":"bikerack:afbd570e-4f77-46ca-9855-b7c4acdf29a3","kind":"bikerack","longitude":8.6962122,"latitude":50.1157258,"name":"Fahrradabstellplatz","city":"Frankfurt am Main","address":null,"covered":false,"access":null,"website":null,"phone":null,"source":"OpenStreetMap/node/13482075952","sourceUpdatedAt":null,"verifiedAt":null}},{"type":"Feature","geometry":{"type":"Point","coordinates":[8.6874683,50.1053534]},"properties":{"id":"bikerack:b0023f55-d55c-4141-ae32-11309395c9ef","kind":"bikerack","longitude":8.6874683,"latitude":50.1053534,"name":"Fahrradabstellplatz","city":"Frankfurt am Main","address":null,"covered":false,"access":null,"website":null,"phone":null,"source":"OpenStreetMap/node/7412512949","sourceUpdatedAt":null,"verifiedAt":null}},{"type":"Feature","geometry":{"type":"Point","coordinates":[8.6797777,50.1031722]},"properties":{"id":"bikerack:b063de18-757b-48ef-86a1-99346c499394","kind":"bikerack","longitude":8.6797777,"latitude":50.1031722,"name":"Fahrradabstellplatz","city":"Frankfurt am Main","address":null,"covered":false,"access":null,"website":null,"phone":null,"source":"OpenStreetMap/node/1116650980","sourceUpdatedAt":null,"verifiedAt":null}},{"type":"Feature","geometry":{"type":"Point","coordinates":[8.6857847,50.1146382]},"properties":{"id":"bikerack:b0bb7c64-3f04-46d4-9787-b5e084ee9022","kind":"bikerack","longitude":8.6857847,"latitude":50.1146382,"name":"Fahrradabstellplatz","city":"Frankfurt am Main","address":null,"covered":false,"access":null,"website":null,"phone":null,"source":"OpenStreetMap/node/1014947186","sourceUpdatedAt":null,"verifiedAt":null}},{"type":"Feature","geometry":{"type":"Point","coordinates":[8.7006187,50.1015917]},"properties":{"id":"bikerack:b0c459e7-7a16-49a3-8369-001280c44044","kind":"bikerack","longitude":8.7006187,"latitude":50.1015917,"name":"Fahrradabstellplatz","city":"Frankfurt am Main","address":null,"covered":false,"access":null,"website":null,"phone":null,"source":"OpenStreetMap/node/1115699118","sourceUpdatedAt":null,"verifiedAt":null}},{"type":"Feature","geometry":{"type":"Point","coordinates":[8.6986453,50.1100625]},"properties":{"id":"bikerack:b11e39a1-93a8-4be8-8eaa-83b68e7026ca","kind":"bikerack","longitude":8.6986453,"latitude":50.1100625,"name":"Fahrradabstellplatz","city":"Frankfurt am Main","address":null,"covered":false,"access":null,"website":null,"phone":null,"source":"OpenStreetMap/node/12091540073","sourceUpdatedAt":null,"verifiedAt":null}},{"type":"Feature","geometry":{"type":"Point","coordinates":[8.6681426,50.0952717]},"properties":{"id":"bikerack:b1291d0e-4809-47be-abde-09c3f5cef5d9","kind":"bikerack","longitude":8.6681426,"latitude":50.0952717,"name":"Fahrradabstellplatz","city":"Frankfurt am Main","address":null,"covered":false,"access":null,"website":null,"phone":null,"source":"OpenStreetMap/node/6447498689","sourceUpdatedAt":null,"verifiedAt":null}},{"type":"Feature","geometry":{"type":"Point","coordinates":[8.6642914,50.1081557]},"properties":{"id":"bikerack:b143c2df-6820-417e-9e47-7cc73f87a30c","kind":"bikerack","longitude":8.6642914,"latitude":50.1081557,"name":"Fahrradabstellplatz","city":"Frankfurt am Main","address":null,"covered":false,"access":null,"website":null,"phone":null,"source":"OpenStreetMap/node/12603978542","sourceUpdatedAt":null,"verifiedAt":null}},{"type":"Feature","geometry":{"type":"Point","coordinates":[8.6625766,50.1180972]},"properties":{"id":"bikerack:b14b5121-bbf6-4efb-928a-16794ec0edb6","kind":"bikerack","longitude":8.6625766,"latitude":50.1180972,"name":"Fahrradabstellplatz","city":"Frankfurt am Main","address":null,"covered":false,"access":null,"website":null,"phone":null,"source":"OpenStreetMap/node/13626948414","sourceUpdatedAt":null,"verifiedAt":null}},{"type":"Feature","geometry":{"type":"Point","coordinates":[8.6761301,50.1136664]},"properties":{"id":"bikerack:b19af10b-ab21-4597-b610-d1e9b4d28c54","kind":"bikerack","longitude":8.6761301,"latitude":50.1136664,"name":"Fahrradabstellplatz","city":"Frankfurt am Main","address":null,"covered":false,"access":null,"website":null,"phone":null,"source":"OpenStreetMap/node/12433428834","sourceUpdatedAt":null,"verifiedAt":null}},{"type":"Feature","geometry":{"type":"Point","coordinates":[8.6655459,50.1152808]},"properties":{"id":"bikerack:b1d5efd3-3842-4a71-bac2-41ec93b142de","kind":"bikerack","longitude":8.6655459,"latitude":50.1152808,"name":"Fahrradabstellplatz","city":"Frankfurt am Main","address":null,"covered":false,"access":null,"website":null,"phone":null,"source":"OpenStreetMap/node/10171526025","sourceUpdatedAt":null,"verifiedAt":null}},{"type":"Feature","geometry":{"type":"Point","coordinates":[8.6897444,50.1049832]},"properties":{"id":"bikerack:b20bf16b-1506-45c1-9799-14e580843c01","kind":"bikerack","longitude":8.6897444,"latitude":50.1049832,"name":"Fahrradabstellplatz","city":"Frankfurt am Main","address":null,"covered":false,"access":null,"website":null,"phone":null,"source":"OpenStreetMap/node/7773496170","sourceUpdatedAt":null,"verifiedAt":null}},{"type":"Feature","geometry":{"type":"Point","coordinates":[8.7000075,50.1131119]},"properties":{"id":"bikerack:b2390e30-6170-4b14-ab2e-9cd2a65c3f84","kind":"bikerack","longitude":8.7000075,"latitude":50.1131119,"name":"Fahrradabstellplatz","city":"Frankfurt am Main","address":null,"covered":true,"access":null,"website":null,"phone":null,"source":"OpenStreetMap/node/12568742372","sourceUpdatedAt":null,"verifiedAt":null}},{"type":"Feature","geometry":{"type":"Point","coordinates":[8.662021,50.11604]},"properties":{"id":"bikerack:b254ec16-62d6-4396-99f7-55483afb9559","kind":"bikerack","longitude":8.662021,"latitude":50.11604,"name":"Fahrradabstellplatz","city":"Frankfurt am Main","address":null,"covered":false,"access":null,"website":null,"phone":null,"source":"OpenStreetMap/node/10126399216","sourceUpdatedAt":null,"verifiedAt":null}},{"type":"Feature","geometry":{"type":"Point","coordinates":[8.6991231,50.1087549]},"properties":{"id":"bikerack:b26bc7ae-a4d3-4055-9b98-881b1135e684","kind":"bikerack","longitude":8.6991231,"latitude":50.1087549,"name":"Fahrradabstellplatz","city":"Frankfurt am Main","address":null,"covered":false,"access":null,"website":null,"phone":null,"source":"OpenStreetMap/node/2917046251","sourceUpdatedAt":null,"verifiedAt":null}},{"type":"Feature","geometry":{"type":"Point","coordinates":[8.6832188,50.1120869]},"properties":{"id":"bikerack:b2ad8202-c688-4191-88a2-6bfa1fcbe572","kind":"bikerack","longitude":8.6832188,"latitude":50.1120869,"name":"Fahrradabstellplatz","city":"Frankfurt am Main","address":null,"covered":false,"access":null,"website":null,"phone":null,"source":"OpenStreetMap/node/9636263271","sourceUpdatedAt":null,"verifiedAt":null}},{"type":"Feature","geometry":{"type":"Point","coordinates":[8.6933182,50.1203867]},"properties":{"id":"bikerack:b2b68e81-09d8-406d-979b-dab579073574","kind":"bikerack","longitude":8.6933182,"latitude":50.1203867,"name":"Fahrradabstellplatz","city":"Frankfurt am Main","address":null,"covered":false,"access":null,"website":null,"phone":null,"source":"OpenStreetMap/node/12307417607","sourceUpdatedAt":null,"verifiedAt":null}},{"type":"Feature","geometry":{"type":"Point","coordinates":[8.6682343,50.0953597]},"properties":{"id":"bikerack:b2b9304a-1369-4f1e-a4f6-737e0d494e04","kind":"bikerack","longitude":8.6682343,"latitude":50.0953597,"name":"Fahrradabstellplatz","city":"Frankfurt am Main","address":null,"covered":false,"access":null,"website":null,"phone":null,"source":"OpenStreetMap/node/6447504487","sourceUpdatedAt":null,"verifiedAt":null}},{"type":"Feature","geometry":{"type":"Point","coordinates":[8.6654972,50.0937955]},"properties":{"id":"bikerack:b2e9217c-93f3-4b16-96f5-3faab2ec3e5c","kind":"bikerack","longitude":8.6654972,"latitude":50.0937955,"name":"Fahrradabstellplatz","city":"Frankfurt am Main","address":null,"covered":false,"access":null,"website":null,"phone":null,"source":"OpenStreetMap/node/8652918450","sourceUpdatedAt":null,"verifiedAt":null}},{"type":"Feature","geometry":{"type":"Point","coordinates":[8.686568,50.1020759]},"properties":{"id":"bikerack:b30b5933-b1a7-41ac-8c04-04b27971e2bf","kind":"bikerack","longitude":8.686568,"latitude":50.1020759,"name":"Fahrradabstellplatz","city":"Frankfurt am Main","address":null,"covered":false,"access":null,"website":null,"phone":null,"source":"OpenStreetMap/node/7434494811","sourceUpdatedAt":null,"verifiedAt":null}},{"type":"Feature","geometry":{"type":"Point","coordinates":[8.7007308,50.1181331]},"properties":{"id":"bikerack:b30bfe8b-5050-48b8-bd0a-2a8e83bc6973","kind":"bikerack","longitude":8.7007308,"latitude":50.1181331,"name":"Fahrradabstellplatz","city":"Frankfurt am Main","address":null,"covered":false,"access":null,"website":null,"phone":null,"source":"OpenStreetMap/node/11608370970","sourceUpdatedAt":null,"verifiedAt":null}},{"type":"Feature","geometry":{"type":"Point","coordinates":[8.6784857,50.1120005]},"properties":{"id":"bikerack:b38eaffd-2cfe-44e0-9697-f4005af2993c","kind":"bikerack","longitude":8.6784857,"latitude":50.1120005,"name":"Fahrradabstellplatz","city":"Frankfurt am Main","address":null,"covered":false,"access":null,"website":null,"phone":null,"source":"OpenStreetMap/node/13606128972","sourceUpdatedAt":null,"verifiedAt":null}},{"type":"Feature","geometry":{"type":"Point","coordinates":[8.658161,50.1083742]},"properties":{"id":"bikerack:b3cb006d-a405-4931-8d89-a6cf0fabca6e","kind":"bikerack","longitude":8.658161,"latitude":50.1083742,"name":"Fahrradabstellplatz","city":"Frankfurt am Main","address":null,"covered":false,"access":null,"website":null,"phone":null,"source":"OpenStreetMap/node/12596144298","sourceUpdatedAt":null,"verifiedAt":null}},{"type":"Feature","geometry":{"type":"Point","coordinates":[8.698385,50.1088524]},"properties":{"id":"bikerack:b4449884-ed11-4cc4-a170-1305d790be4e","kind":"bikerack","longitude":8.698385,"latitude":50.1088524,"name":"Fahrradabstellplatz","city":"Frankfurt am Main","address":null,"covered":false,"access":null,"website":null,"phone":null,"source":"OpenStreetMap/node/2917046253","sourceUpdatedAt":null,"verifiedAt":null}},{"type":"Feature","geometry":{"type":"Point","coordinates":[8.6913509,50.1104386]},"properties":{"id":"bikerack:b468a51a-52c1-4ccc-885f-b46ecd3e0576","kind":"bikerack","longitude":8.6913509,"latitude":50.1104386,"name":"Fahrradabstellplatz","city":"Frankfurt am Main","address":null,"covered":false,"access":null,"website":null,"phone":null,"source":"OpenStreetMap/node/7515678512","sourceUpdatedAt":null,"verifiedAt":null}},{"type":"Feature","geometry":{"type":"Point","coordinates":[8.6864775,50.1111851]},"properties":{"id":"bikerack:b4b95351-d66f-4d6d-932c-982294e2795f","kind":"bikerack","longitude":8.6864775,"latitude":50.1111851,"name":"Fahrradabstellplatz","city":"Frankfurt am Main","address":null,"covered":false,"access":null,"website":null,"phone":null,"source":"OpenStreetMap/node/8575248570","sourceUpdatedAt":null,"verifiedAt":null}},{"type":"Feature","geometry":{"type":"Point","coordinates":[8.6858831,50.1057724]},"properties":{"id":"bikerack:b4d5d494-b8de-493b-b28c-0f720a6d2b94","kind":"bikerack","longitude":8.6858831,"latitude":50.1057724,"name":"Fahrradabstellplatz","city":"Frankfurt am Main","address":null,"covered":false,"access":null,"website":null,"phone":null,"source":"OpenStreetMap/node/7510703920","sourceUpdatedAt":null,"verifiedAt":null}},{"type":"Feature","geometry":{"type":"Point","coordinates":[8.6834165,50.0984596]},"properties":{"id":"bikerack:b4e478d4-7e98-4872-ae05-068900a32a7c","kind":"bikerack","longitude":8.6834165,"latitude":50.0984596,"name":"Fahrradabstellplatz","city":"Frankfurt am Main","address":null,"covered":false,"access":null,"website":null,"phone":null,"source":"OpenStreetMap/node/12532110328","sourceUpdatedAt":null,"verifiedAt":null}},{"type":"Feature","geometry":{"type":"Point","coordinates":[8.6842363,50.100821]},"properties":{"id":"bikerack:b531e854-d4ef-4260-bcef-c2dfa2846d28","kind":"bikerack","longitude":8.6842363,"latitude":50.100821,"name":"Fahrradabstellplatz","city":"Frankfurt am Main","address":null,"covered":false,"access":null,"website":null,"phone":null,"source":"OpenStreetMap/node/8621766034","sourceUpdatedAt":null,"verifiedAt":null}},{"type":"Feature","geometry":{"type":"Point","coordinates":[8.7009305,50.1091252]},"properties":{"id":"bikerack:b54a6c99-8543-4c5c-802f-0b84ca1b3a73","kind":"bikerack","longitude":8.7009305,"latitude":50.1091252,"name":"Fahrradabstellplatz","city":"Frankfurt am Main","address":null,"covered":false,"access":null,"website":null,"phone":null,"source":"OpenStreetMap/node/8521565428","sourceUpdatedAt":null,"verifiedAt":null}},{"type":"Feature","geometry":{"type":"Point","coordinates":[8.7005777,50.1102865]},"properties":{"id":"bikerack:b56d0abc-1cdc-4893-9d39-e8545f9ab82e","kind":"bikerack","longitude":8.7005777,"latitude":50.1102865,"name":"Fahrradabstellplatz","city":"Frankfurt am Main","address":null,"covered":false,"access":null,"website":null,"phone":null,"source":"OpenStreetMap/node/7724809010","sourceUpdatedAt":null,"verifiedAt":null}},{"type":"Feature","geometry":{"type":"Point","coordinates":[8.7009306,50.1180273]},"properties":{"id":"bikerack:b5a92570-c69a-4969-8946-cea3054eed97","kind":"bikerack","longitude":8.7009306,"latitude":50.1180273,"name":"Fahrradabstellplatz","city":"Frankfurt am Main","address":null,"covered":false,"access":null,"website":null,"phone":null,"source":"OpenStreetMap/node/11608370971","sourceUpdatedAt":null,"verifiedAt":null}},{"type":"Feature","geometry":{"type":"Point","coordinates":[8.6952059,50.1187939]},"properties":{"id":"bikerack:b5cf0766-9821-43e7-a72b-a8aa00f2586b","kind":"bikerack","longitude":8.6952059,"latitude":50.1187939,"name":"Fahrradabstellplatz","city":"Frankfurt am Main","address":null,"covered":false,"access":null,"website":null,"phone":null,"source":"OpenStreetMap/node/11298113095","sourceUpdatedAt":null,"verifiedAt":null}},{"type":"Feature","geometry":{"type":"Point","coordinates":[8.68398,50.1130413]},"properties":{"id":"bikerack:b5dd65cb-85e9-49be-b1d8-6dd5544f1807","kind":"bikerack","longitude":8.68398,"latitude":50.1130413,"name":"Fahrradabstellplatz","city":"Frankfurt am Main","address":null,"covered":false,"access":null,"website":null,"phone":null,"source":"OpenStreetMap/node/9636202766","sourceUpdatedAt":null,"verifiedAt":null}},{"type":"Feature","geometry":{"type":"Point","coordinates":[8.6873261,50.1052959]},"properties":{"id":"bikerack:b6aa831c-7c37-4c86-9535-8953b213b1b0","kind":"bikerack","longitude":8.6873261,"latitude":50.1052959,"name":"Fahrradabstellplatz","city":"Frankfurt am Main","address":null,"covered":false,"access":null,"website":null,"phone":null,"source":"OpenStreetMap/node/7412512950","sourceUpdatedAt":null,"verifiedAt":null}},{"type":"Feature","geometry":{"type":"Point","coordinates":[8.6874635,50.1052453]},"properties":{"id":"bikerack:b6be7fa2-f802-4890-9906-1d3b97c39140","kind":"bikerack","longitude":8.6874635,"latitude":50.1052453,"name":"Fahrradabstellplatz","city":"Frankfurt am Main","address":null,"covered":false,"access":null,"website":null,"phone":null,"source":"OpenStreetMap/node/7412512948","sourceUpdatedAt":null,"verifiedAt":null}},{"type":"Feature","geometry":{"type":"Point","coordinates":[8.6925693,50.1111172]},"properties":{"id":"bikerack:b6e9f393-7b89-44f1-bb93-4cbb18dd2a94","kind":"bikerack","longitude":8.6925693,"latitude":50.1111172,"name":"Fahrradabstellplatz","city":"Frankfurt am Main","address":null,"covered":false,"access":null,"website":null,"phone":null,"source":"OpenStreetMap/node/6483364529","sourceUpdatedAt":null,"verifiedAt":null}},{"type":"Feature","geometry":{"type":"Point","coordinates":[8.6749845,50.1086024]},"properties":{"id":"bikerack:b6effb0b-755f-4af2-baf3-2764ee5e3426","kind":"bikerack","longitude":8.6749845,"latitude":50.1086024,"name":"Fahrradabstellplatz","city":"Frankfurt am Main","address":null,"covered":false,"access":null,"website":null,"phone":null,"source":"OpenStreetMap/node/7948653099","sourceUpdatedAt":null,"verifiedAt":null}},{"type":"Feature","geometry":{"type":"Point","coordinates":[8.6794762,50.1153639]},"properties":{"id":"bikerack:b76ba4f0-9d25-4140-93df-d2983c0f2334","kind":"bikerack","longitude":8.6794762,"latitude":50.1153639,"name":"Fahrradabstellplatz","city":"Frankfurt am Main","address":null,"covered":false,"access":null,"website":null,"phone":null,"source":"OpenStreetMap/node/6367782808","sourceUpdatedAt":null,"verifiedAt":null}},{"type":"Feature","geometry":{"type":"Point","coordinates":[8.6877758,50.1059237]},"properties":{"id":"bikerack:b7740019-91f7-41d0-b6b2-f0f18a1b48d5","kind":"bikerack","longitude":8.6877758,"latitude":50.1059237,"name":"Fahrradabstellplatz","city":"Frankfurt am Main","address":null,"covered":false,"access":null,"website":null,"phone":null,"source":"OpenStreetMap/node/7438478245","sourceUpdatedAt":null,"verifiedAt":null}},{"type":"Feature","geometry":{"type":"Point","coordinates":[8.6962503,50.1203795]},"properties":{"id":"bikerack:b78a0484-83f2-40ef-9182-55158f312ce7","kind":"bikerack","longitude":8.6962503,"latitude":50.1203795,"name":"Fahrradabstellplatz","city":"Frankfurt am Main","address":null,"covered":false,"access":null,"website":null,"phone":null,"source":"OpenStreetMap/node/1141204460","sourceUpdatedAt":null,"verifiedAt":null}},{"type":"Feature","geometry":{"type":"Point","coordinates":[8.6854689,50.1146335]},"properties":{"id":"bikerack:b7adb16f-761c-4efb-966d-0a96f8d7f853","kind":"bikerack","longitude":8.6854689,"latitude":50.1146335,"name":"Fahrradabstellplatz","city":"Frankfurt am Main","address":null,"covered":false,"access":null,"website":null,"phone":null,"source":"OpenStreetMap/node/1014944946","sourceUpdatedAt":null,"verifiedAt":null}},{"type":"Feature","geometry":{"type":"Point","coordinates":[8.6884247,50.114811]},"properties":{"id":"bikerack:b7ee13d0-68de-49ab-9b63-4582aa1206a8","kind":"bikerack","longitude":8.6884247,"latitude":50.114811,"name":"Fahrradabstellplatz","city":"Frankfurt am Main","address":null,"covered":false,"access":null,"website":null,"phone":null,"source":"OpenStreetMap/node/6284198764","sourceUpdatedAt":null,"verifiedAt":null}},{"type":"Feature","geometry":{"type":"Point","coordinates":[8.6857095,50.1018092]},"properties":{"id":"bikerack:b8138233-7e0e-4613-94d5-7a1e41e23568","kind":"bikerack","longitude":8.6857095,"latitude":50.1018092,"name":"Fahrradabstellplatz","city":"Frankfurt am Main","address":null,"covered":false,"access":null,"website":null,"phone":null,"source":"OpenStreetMap/node/8789444964","sourceUpdatedAt":null,"verifiedAt":null}},{"type":"Feature","geometry":{"type":"Point","coordinates":[8.6979076,50.1192177]},"properties":{"id":"bikerack:b84d718f-4445-46b3-82e6-25681b71ddeb","kind":"bikerack","longitude":8.6979076,"latitude":50.1192177,"name":"Fahrradabstellplatz","city":"Frankfurt am Main","address":null,"covered":false,"access":null,"website":null,"phone":null,"source":"OpenStreetMap/node/6284200185","sourceUpdatedAt":null,"verifiedAt":null}},{"type":"Feature","geometry":{"type":"Point","coordinates":[8.6785273,50.113137]},"properties":{"id":"bikerack:b8837afb-0ac7-42d5-9795-c49a949d2029","kind":"bikerack","longitude":8.6785273,"latitude":50.113137,"name":"Fahrradabstellplatz","city":"Frankfurt am Main","address":null,"covered":false,"access":null,"website":null,"phone":null,"source":"OpenStreetMap/node/6284198754","sourceUpdatedAt":null,"verifiedAt":null}},{"type":"Feature","geometry":{"type":"Point","coordinates":[8.6821423,50.0985042]},"properties":{"id":"bikerack:b8d3cbef-099a-4758-8550-6930924a36f9","kind":"bikerack","longitude":8.6821423,"latitude":50.0985042,"name":"Fahrradabstellplatz","city":"Frankfurt am Main","address":null,"covered":false,"access":null,"website":null,"phone":null,"source":"OpenStreetMap/node/7746786302","sourceUpdatedAt":null,"verifiedAt":null}},{"type":"Feature","geometry":{"type":"Point","coordinates":[8.6705055,50.0929949]},"properties":{"id":"bikerack:b9304f4c-d6e9-4e22-81fd-040ad17f36e8","kind":"bikerack","longitude":8.6705055,"latitude":50.0929949,"name":"Fahrradabstellplatz","city":"Frankfurt am Main","address":null,"covered":false,"access":null,"website":null,"phone":null,"source":"OpenStreetMap/node/8610193232","sourceUpdatedAt":null,"verifiedAt":null}},{"type":"Feature","geometry":{"type":"Point","coordinates":[8.6892509,50.1164212]},"properties":{"id":"bikerack:b94fa504-3c4d-4772-bcdc-cc6ec325006b","kind":"bikerack","longitude":8.6892509,"latitude":50.1164212,"name":"Fahrradabstellplatz","city":"Frankfurt am Main","address":null,"covered":false,"access":null,"website":null,"phone":null,"source":"OpenStreetMap/node/7249324946","sourceUpdatedAt":null,"verifiedAt":null}},{"type":"Feature","geometry":{"type":"Point","coordinates":[8.6976438,50.1048347]},"properties":{"id":"bikerack:b97719ea-a2d2-4096-8404-296b5dc84e6d","kind":"bikerack","longitude":8.6976438,"latitude":50.1048347,"name":"Fahrradabstellplatz","city":"Frankfurt am Main","address":null,"covered":false,"access":null,"website":null,"phone":null,"source":"OpenStreetMap/node/7868330882","sourceUpdatedAt":null,"verifiedAt":null}},{"type":"Feature","geometry":{"type":"Point","coordinates":[8.6704894,50.0925578]},"properties":{"id":"bikerack:bafef086-62b0-4d7b-883e-d1b6a00193ac","kind":"bikerack","longitude":8.6704894,"latitude":50.0925578,"name":"Fahrradabstellplatz","city":"Frankfurt am Main","address":null,"covered":false,"access":null,"website":null,"phone":null,"source":"OpenStreetMap/node/8610146727","sourceUpdatedAt":null,"verifiedAt":null}},{"type":"Feature","geometry":{"type":"Point","coordinates":[8.6833807,50.1112519]},"properties":{"id":"bikerack:bb34ea4b-98c8-4db6-8cb1-0d790260fff5","kind":"bikerack","longitude":8.6833807,"latitude":50.1112519,"name":"Fahrradabstellplatz","city":"Frankfurt am Main","address":null,"covered":false,"access":null,"website":null,"phone":null,"source":"OpenStreetMap/node/9944420694","sourceUpdatedAt":null,"verifiedAt":null}},{"type":"Feature","geometry":{"type":"Point","coordinates":[8.6809421,50.101437]},"properties":{"id":"bikerack:bb4bdcf5-f508-41bf-af71-a4fbf3bb78a0","kind":"bikerack","longitude":8.6809421,"latitude":50.101437,"name":"Fahrradabstellplatz","city":"Frankfurt am Main","address":null,"covered":false,"access":null,"website":null,"phone":null,"source":"OpenStreetMap/node/8621748087","sourceUpdatedAt":null,"verifiedAt":null}},{"type":"Feature","geometry":{"type":"Point","coordinates":[8.6850045,50.1119158]},"properties":{"id":"bikerack:bb57d789-d3b9-49ca-ba92-909c9f3fcf1b","kind":"bikerack","longitude":8.6850045,"latitude":50.1119158,"name":"Fahrradabstellplatz","city":"Frankfurt am Main","address":null,"covered":false,"access":null,"website":null,"phone":null,"source":"OpenStreetMap/node/2495222647","sourceUpdatedAt":null,"verifiedAt":null}},{"type":"Feature","geometry":{"type":"Point","coordinates":[8.6826645,50.1118729]},"properties":{"id":"bikerack:bb9fed45-5b19-4d4a-a61a-d84c754f1c9e","kind":"bikerack","longitude":8.6826645,"latitude":50.1118729,"name":"Fahrradabstellplatz","city":"Frankfurt am Main","address":null,"covered":false,"access":null,"website":null,"phone":null,"source":"OpenStreetMap/node/9636449240","sourceUpdatedAt":null,"verifiedAt":null}},{"type":"Feature","geometry":{"type":"Point","coordinates":[8.6803725,50.100575]},"properties":{"id":"bikerack:bbb74974-d658-4923-b241-66c504cbded0","kind":"bikerack","longitude":8.6803725,"latitude":50.100575,"name":"Fahrradabstellplatz","city":"Frankfurt am Main","address":null,"covered":false,"access":null,"website":null,"phone":null,"source":"OpenStreetMap/node/6873120485","sourceUpdatedAt":null,"verifiedAt":null}},{"type":"Feature","geometry":{"type":"Point","coordinates":[8.6752159,50.1107555]},"properties":{"id":"bikerack:bc267539-50e9-4015-8f59-c737b5d9fccc","kind":"bikerack","longitude":8.6752159,"latitude":50.1107555,"name":"Fahrradabstellplatz","city":"Frankfurt am Main","address":null,"covered":false,"access":null,"website":null,"phone":null,"source":"OpenStreetMap/node/3399720061","sourceUpdatedAt":null,"verifiedAt":null}},{"type":"Feature","geometry":{"type":"Point","coordinates":[8.6971414,50.1089747]},"properties":{"id":"bikerack:bc71c7a0-08e6-48b4-946b-4ffa63a04aba","kind":"bikerack","longitude":8.6971414,"latitude":50.1089747,"name":"Fahrradabstellplatz","city":"Frankfurt am Main","address":null,"covered":false,"access":null,"website":null,"phone":null,"source":"OpenStreetMap/node/2917046256","sourceUpdatedAt":null,"verifiedAt":null}},{"type":"Feature","geometry":{"type":"Point","coordinates":[8.6848614,50.1156217]},"properties":{"id":"bikerack:bd0a430e-2f08-4cdb-bace-27811badada4","kind":"bikerack","longitude":8.6848614,"latitude":50.1156217,"name":"Fahrradabstellplatz","city":"Frankfurt am Main","address":null,"covered":false,"access":null,"website":null,"phone":null,"source":"OpenStreetMap/node/6436238037","sourceUpdatedAt":null,"verifiedAt":null}},{"type":"Feature","geometry":{"type":"Point","coordinates":[8.6895637,50.112798]},"properties":{"id":"bikerack:bdcecbc6-b480-47bb-916a-c082efcb4387","kind":"bikerack","longitude":8.6895637,"latitude":50.112798,"name":"Fahrradabstellplatz","city":"Frankfurt am Main","address":null,"covered":false,"access":null,"website":null,"phone":null,"source":"OpenStreetMap/node/12361689638","sourceUpdatedAt":null,"verifiedAt":null}},{"type":"Feature","geometry":{"type":"Point","coordinates":[8.689132,50.0980327]},"properties":{"id":"bikerack:bdd7aa60-fd9d-4a15-a2b7-3545657e2e60","kind":"bikerack","longitude":8.689132,"latitude":50.0980327,"name":"Fahrradabstellplatz","city":"Frankfurt am Main","address":null,"covered":false,"access":null,"website":null,"phone":null,"source":"OpenStreetMap/node/9143777832","sourceUpdatedAt":null,"verifiedAt":null}},{"type":"Feature","geometry":{"type":"Point","coordinates":[8.6985265,50.1114053]},"properties":{"id":"bikerack:be091f90-6c13-4274-8bc2-040cbc4b12ca","kind":"bikerack","longitude":8.6985265,"latitude":50.1114053,"name":"Fahrradabstellplatz","city":"Frankfurt am Main","address":null,"covered":true,"access":null,"website":null,"phone":null,"source":"OpenStreetMap/node/9391764370","sourceUpdatedAt":null,"verifiedAt":null}},{"type":"Feature","geometry":{"type":"Point","coordinates":[8.6894169,50.1096281]},"properties":{"id":"bikerack:be1bd76b-904a-4266-88a1-835a74e9bb9e","kind":"bikerack","longitude":8.6894169,"latitude":50.1096281,"name":"Fahrradabstellplatz","city":"Frankfurt am Main","address":null,"covered":false,"access":null,"website":null,"phone":null,"source":"OpenStreetMap/node/9776370065","sourceUpdatedAt":null,"verifiedAt":null}},{"type":"Feature","geometry":{"type":"Point","coordinates":[8.6614446,50.1086616]},"properties":{"id":"bikerack:be4083e2-e717-4581-82be-35c7ce9c54f8","kind":"bikerack","longitude":8.6614446,"latitude":50.1086616,"name":"Fahrradabstellplatz","city":"Frankfurt am Main","address":null,"covered":false,"access":null,"website":null,"phone":null,"source":"OpenStreetMap/node/12586958143","sourceUpdatedAt":null,"verifiedAt":null}},{"type":"Feature","geometry":{"type":"Point","coordinates":[8.6838369,50.1006761]},"properties":{"id":"bikerack:be460599-6843-4d29-831a-b7602cdf331e","kind":"bikerack","longitude":8.6838369,"latitude":50.1006761,"name":"Fahrradabstellplatz","city":"Frankfurt am Main","address":null,"covered":false,"access":null,"website":null,"phone":null,"source":"OpenStreetMap/node/8776948170","sourceUpdatedAt":null,"verifiedAt":null}},{"type":"Feature","geometry":{"type":"Point","coordinates":[8.6847688,50.1166767]},"properties":{"id":"bikerack:be64858d-ee58-41b6-971f-0c0784064472","kind":"bikerack","longitude":8.6847688,"latitude":50.1166767,"name":"Fahrradabstellplatz","city":"Frankfurt am Main","address":null,"covered":false,"access":null,"website":null,"phone":null,"source":"OpenStreetMap/node/6776236315","sourceUpdatedAt":null,"verifiedAt":null}},{"type":"Feature","geometry":{"type":"Point","coordinates":[8.6922133,50.100705]},"properties":{"id":"bikerack:bf0958ac-fc52-43c4-af7f-dee68f56b25f","kind":"bikerack","longitude":8.6922133,"latitude":50.100705,"name":"Fahrradabstellplatz","city":"Frankfurt am Main","address":null,"covered":false,"access":null,"website":null,"phone":null,"source":"OpenStreetMap/node/6770477468","sourceUpdatedAt":null,"verifiedAt":null}},{"type":"Feature","geometry":{"type":"Point","coordinates":[8.6702401,50.0999292]},"properties":{"id":"bikerack:bf18fde3-48e2-4394-8a9a-f6369509d19e","kind":"bikerack","longitude":8.6702401,"latitude":50.0999292,"name":"Fahrradabstellplatz","city":"Frankfurt am Main","address":null,"covered":false,"access":null,"website":null,"phone":null,"source":"OpenStreetMap/node/9142744118","sourceUpdatedAt":null,"verifiedAt":null}},{"type":"Feature","geometry":{"type":"Point","coordinates":[8.6739015,50.1069543]},"properties":{"id":"bikerack:bf35589d-da72-4224-9795-fe3bd30c05a8","kind":"bikerack","longitude":8.6739015,"latitude":50.1069543,"name":"Fahrradabstellplatz","city":"Frankfurt am Main","address":null,"covered":false,"access":null,"website":null,"phone":null,"source":"OpenStreetMap/node/8461102536","sourceUpdatedAt":null,"verifiedAt":null}},{"type":"Feature","geometry":{"type":"Point","coordinates":[8.6794762,50.1103534]},"properties":{"id":"bikerack:c03feec5-59ac-4ef8-bc76-efba43ae1212","kind":"bikerack","longitude":8.6794762,"latitude":50.1103534,"name":"Fahrradabstellplatz","city":"Frankfurt am Main","address":null,"covered":false,"access":null,"website":null,"phone":null,"source":"OpenStreetMap/node/12155429532","sourceUpdatedAt":null,"verifiedAt":null}},{"type":"Feature","geometry":{"type":"Point","coordinates":[8.6792324,50.1117846]},"properties":{"id":"bikerack:c07dc82c-308a-485b-9f92-d45e25e6f344","kind":"bikerack","longitude":8.6792324,"latitude":50.1117846,"name":"Fahrradabstellplatz","city":"Frankfurt am Main","address":null,"covered":false,"access":null,"website":null,"phone":null,"source":"OpenStreetMap/node/8503609852","sourceUpdatedAt":null,"verifiedAt":null}},{"type":"Feature","geometry":{"type":"Point","coordinates":[8.6797951,50.1203378]},"properties":{"id":"bikerack:c098581e-62eb-4b54-9a1c-a391c31b2d84","kind":"bikerack","longitude":8.6797951,"latitude":50.1203378,"name":"Fahrradabstellplatz","city":"Frankfurt am Main","address":null,"covered":false,"access":null,"website":null,"phone":null,"source":"OpenStreetMap/node/9687710731","sourceUpdatedAt":null,"verifiedAt":null}},{"type":"Feature","geometry":{"type":"Point","coordinates":[8.6782169,50.0982117]},"properties":{"id":"bikerack:c141702d-7969-4e17-9d76-ddb41a0430f0","kind":"bikerack","longitude":8.6782169,"latitude":50.0982117,"name":"Fahrradabstellplatz","city":"Frankfurt am Main","address":null,"covered":false,"access":null,"website":null,"phone":null,"source":"OpenStreetMap/node/11121609385","sourceUpdatedAt":null,"verifiedAt":null}},{"type":"Feature","geometry":{"type":"Point","coordinates":[8.6676642,50.0948857]},"properties":{"id":"bikerack:c1dcb533-20f9-4cb4-aa15-b3d900609a56","kind":"bikerack","longitude":8.6676642,"latitude":50.0948857,"name":"Fahrradabstellplatz","city":"Frankfurt am Main","address":null,"covered":false,"access":null,"website":null,"phone":null,"source":"OpenStreetMap/node/6447498692","sourceUpdatedAt":null,"verifiedAt":null}},{"type":"Feature","geometry":{"type":"Point","coordinates":[8.6623404,50.0963307]},"properties":{"id":"bikerack:c1e221a1-40ad-48b2-aac0-3f7ac30ad3d0","kind":"bikerack","longitude":8.6623404,"latitude":50.0963307,"name":"Fahrradabstellplatz","city":"Frankfurt am Main","address":null,"covered":false,"access":null,"website":null,"phone":null,"source":"OpenStreetMap/node/1468804494","sourceUpdatedAt":null,"verifiedAt":null}},{"type":"Feature","geometry":{"type":"Point","coordinates":[8.6703836,50.1165308]},"properties":{"id":"bikerack:c31860e2-d828-4aa6-b558-bb5917c34599","kind":"bikerack","longitude":8.6703836,"latitude":50.1165308,"name":"Fahrradabstellplatz","city":"Frankfurt am Main","address":null,"covered":false,"access":null,"website":null,"phone":null,"source":"OpenStreetMap/node/2070465203","sourceUpdatedAt":null,"verifiedAt":null}},{"type":"Feature","geometry":{"type":"Point","coordinates":[8.6844995,50.1002553]},"properties":{"id":"bikerack:c377807c-4b1b-48ad-a41d-585206ee2767","kind":"bikerack","longitude":8.6844995,"latitude":50.1002553,"name":"Fahrradabstellplatz","city":"Frankfurt am Main","address":null,"covered":false,"access":null,"website":null,"phone":null,"source":"OpenStreetMap/node/12532092902","sourceUpdatedAt":null,"verifiedAt":null}},{"type":"Feature","geometry":{"type":"Point","coordinates":[8.6756998,50.1107505]},"properties":{"id":"bikerack:c384fc4d-7c69-41a5-bd3c-ca2f04ff8494","kind":"bikerack","longitude":8.6756998,"latitude":50.1107505,"name":"Fahrradabstellplatz","city":"Frankfurt am Main","address":null,"covered":false,"access":null,"website":null,"phone":null,"source":"OpenStreetMap/node/9954159685","sourceUpdatedAt":null,"verifiedAt":null}},{"type":"Feature","geometry":{"type":"Point","coordinates":[8.6952374,50.1186993]},"properties":{"id":"bikerack:c39d1ca8-23dd-4051-a1ca-6875842bcba7","kind":"bikerack","longitude":8.6952374,"latitude":50.1186993,"name":"Fahrradabstellplatz","city":"Frankfurt am Main","address":null,"covered":false,"access":null,"website":null,"phone":null,"source":"OpenStreetMap/node/11298113094","sourceUpdatedAt":null,"verifiedAt":null}},{"type":"Feature","geometry":{"type":"Point","coordinates":[8.6609494,50.1161466]},"properties":{"id":"bikerack:c3debea8-6941-4e23-89b6-c0465aa001cc","kind":"bikerack","longitude":8.6609494,"latitude":50.1161466,"name":"Fahrradabstellplatz","city":"Frankfurt am Main","address":null,"covered":false,"access":null,"website":null,"phone":null,"source":"OpenStreetMap/node/10126350479","sourceUpdatedAt":null,"verifiedAt":null}},{"type":"Feature","geometry":{"type":"Point","coordinates":[8.7005309,50.1141154]},"properties":{"id":"bikerack:c40e38b6-1ddd-483a-9aa5-269b15281df0","kind":"bikerack","longitude":8.7005309,"latitude":50.1141154,"name":"Fahrradabstellplatz","city":"Frankfurt am Main","address":null,"covered":false,"access":null,"website":null,"phone":null,"source":"OpenStreetMap/node/6015904542","sourceUpdatedAt":null,"verifiedAt":null}},{"type":"Feature","geometry":{"type":"Point","coordinates":[8.6969121,50.118444]},"properties":{"id":"bikerack:c411322e-45eb-42be-a350-43a2dbd64cfd","kind":"bikerack","longitude":8.6969121,"latitude":50.118444,"name":"Fahrradabstellplatz","city":"Frankfurt am Main","address":null,"covered":false,"access":null,"website":null,"phone":null,"source":"OpenStreetMap/node/9946437157","sourceUpdatedAt":null,"verifiedAt":null}},{"type":"Feature","geometry":{"type":"Point","coordinates":[8.6958437,50.1092756]},"properties":{"id":"bikerack:c4252a63-8669-4fc4-b27c-0d5ae277838b","kind":"bikerack","longitude":8.6958437,"latitude":50.1092756,"name":"Fahrradabstellplatz","city":"Frankfurt am Main","address":null,"covered":false,"access":null,"website":null,"phone":null,"source":"OpenStreetMap/node/2917044711","sourceUpdatedAt":null,"verifiedAt":null}},{"type":"Feature","geometry":{"type":"Point","coordinates":[8.6693348,50.1117391]},"properties":{"id":"bikerack:c43ddbd0-2950-4a53-b7e3-1205e2c60bf8","kind":"bikerack","longitude":8.6693348,"latitude":50.1117391,"name":"Fahrradabstellplatz","city":"Frankfurt am Main","address":null,"covered":false,"access":null,"website":null,"phone":null,"source":"OpenStreetMap/node/9635459061","sourceUpdatedAt":null,"verifiedAt":null}},{"type":"Feature","geometry":{"type":"Point","coordinates":[8.690763,50.1027884]},"properties":{"id":"bikerack:c48a6820-a4ea-4d28-bf76-12b4cb8869ea","kind":"bikerack","longitude":8.690763,"latitude":50.1027884,"name":"Fahrradabstellplatz","city":"Frankfurt am Main","address":null,"covered":false,"access":null,"website":null,"phone":null,"source":"OpenStreetMap/node/7436632622","sourceUpdatedAt":null,"verifiedAt":null}},{"type":"Feature","geometry":{"type":"Point","coordinates":[8.6615834,50.1087371]},"properties":{"id":"bikerack:c4a05e22-c3fe-4a72-8e52-e68735147b04","kind":"bikerack","longitude":8.6615834,"latitude":50.1087371,"name":"Fahrradabstellplatz","city":"Frankfurt am Main","address":null,"covered":false,"access":null,"website":null,"phone":null,"source":"OpenStreetMap/node/12586958142","sourceUpdatedAt":null,"verifiedAt":null}},{"type":"Feature","geometry":{"type":"Point","coordinates":[8.6955053,50.1159749]},"properties":{"id":"bikerack:c4ac108f-1aac-4598-9937-0c2b133f87a0","kind":"bikerack","longitude":8.6955053,"latitude":50.1159749,"name":"Fahrradabstellplatz","city":"Frankfurt am Main","address":null,"covered":false,"access":null,"website":null,"phone":null,"source":"OpenStreetMap/node/8075490391","sourceUpdatedAt":null,"verifiedAt":null}},{"type":"Feature","geometry":{"type":"Point","coordinates":[8.6856179,50.1003449]},"properties":{"id":"bikerack:c4acade5-740f-4f26-bbfd-ba3732aef044","kind":"bikerack","longitude":8.6856179,"latitude":50.1003449,"name":"Fahrradabstellplatz","city":"Frankfurt am Main","address":null,"covered":false,"access":null,"website":null,"phone":null,"source":"OpenStreetMap/node/1115655920","sourceUpdatedAt":null,"verifiedAt":null}},{"type":"Feature","geometry":{"type":"Point","coordinates":[8.6869799,50.1013773]},"properties":{"id":"bikerack:c4af8b96-cdfe-449c-9d88-de469cf44133","kind":"bikerack","longitude":8.6869799,"latitude":50.1013773,"name":"Fahrradabstellplatz","city":"Frankfurt am Main","address":null,"covered":false,"access":null,"website":null,"phone":null,"source":"OpenStreetMap/node/1551000004","sourceUpdatedAt":null,"verifiedAt":null}},{"type":"Feature","geometry":{"type":"Point","coordinates":[8.6861689,50.1158958]},"properties":{"id":"bikerack:c4da2095-37ec-42a1-b232-5ab9b524abbc","kind":"bikerack","longitude":8.6861689,"latitude":50.1158958,"name":"Fahrradabstellplatz","city":"Frankfurt am Main","address":null,"covered":false,"access":null,"website":null,"phone":null,"source":"OpenStreetMap/node/6436238055","sourceUpdatedAt":null,"verifiedAt":null}},{"type":"Feature","geometry":{"type":"Point","coordinates":[8.6929276,50.1203284]},"properties":{"id":"bikerack:c4ee9a2f-b8dd-4c34-8d39-0f6397a1f324","kind":"bikerack","longitude":8.6929276,"latitude":50.1203284,"name":"Fahrradabstellplatz","city":"Frankfurt am Main","address":null,"covered":false,"access":null,"website":null,"phone":null,"source":"OpenStreetMap/node/12307411273","sourceUpdatedAt":null,"verifiedAt":null}},{"type":"Feature","geometry":{"type":"Point","coordinates":[8.6875952,50.1143401]},"properties":{"id":"bikerack:c51cd901-d879-498d-97b6-da48b49fde18","kind":"bikerack","longitude":8.6875952,"latitude":50.1143401,"name":"Fahrradabstellplatz","city":"Frankfurt am Main","address":null,"covered":false,"access":null,"website":null,"phone":null,"source":"OpenStreetMap/node/6284198762","sourceUpdatedAt":null,"verifiedAt":null}},{"type":"Feature","geometry":{"type":"Point","coordinates":[8.6754284,50.1104526]},"properties":{"id":"bikerack:c56cf46f-145f-438d-98e0-1ed77c817d72","kind":"bikerack","longitude":8.6754284,"latitude":50.1104526,"name":"Fahrradabstellplatz","city":"Frankfurt am Main","address":null,"covered":false,"access":null,"website":null,"phone":null,"source":"OpenStreetMap/node/2244967511","sourceUpdatedAt":null,"verifiedAt":null}},{"type":"Feature","geometry":{"type":"Point","coordinates":[8.6961607,50.1135775]},"properties":{"id":"bikerack:c58ab6ad-7b0b-4ad7-a9f8-625153b411f8","kind":"bikerack","longitude":8.6961607,"latitude":50.1135775,"name":"Fahrradabstellplatz","city":"Frankfurt am Main","address":null,"covered":true,"access":null,"website":null,"phone":null,"source":"OpenStreetMap/node/2917046284","sourceUpdatedAt":null,"verifiedAt":null}},{"type":"Feature","geometry":{"type":"Point","coordinates":[8.6993165,50.1129185]},"properties":{"id":"bikerack:c60ab154-bd7b-4232-8d0e-f2654d7bf123","kind":"bikerack","longitude":8.6993165,"latitude":50.1129185,"name":"Fahrradabstellplatz","city":"Frankfurt am Main","address":null,"covered":false,"access":null,"website":null,"phone":null,"source":"OpenStreetMap/node/9391764365","sourceUpdatedAt":null,"verifiedAt":null}},{"type":"Feature","geometry":{"type":"Point","coordinates":[8.682126,50.1022731]},"properties":{"id":"bikerack:c60ac73f-0565-4431-93fa-136ca01b8498","kind":"bikerack","longitude":8.682126,"latitude":50.1022731,"name":"Fahrradabstellplatz","city":"Frankfurt am Main","address":null,"covered":false,"access":null,"website":null,"phone":null,"source":"OpenStreetMap/node/8460972702","sourceUpdatedAt":null,"verifiedAt":null}},{"type":"Feature","geometry":{"type":"Point","coordinates":[8.6974543,50.1160773]},"properties":{"id":"bikerack:c651b3f0-177b-4794-a1b3-620871aeca93","kind":"bikerack","longitude":8.6974543,"latitude":50.1160773,"name":"Fahrradabstellplatz","city":"Frankfurt am Main","address":null,"covered":true,"access":null,"website":null,"phone":null,"source":"OpenStreetMap/node/6207603056","sourceUpdatedAt":null,"verifiedAt":null}},{"type":"Feature","geometry":{"type":"Point","coordinates":[8.6892449,50.1066735]},"properties":{"id":"bikerack:c65bc31b-faa0-440f-8186-12dcbfcb8a9b","kind":"bikerack","longitude":8.6892449,"latitude":50.1066735,"name":"Fahrradabstellplatz","city":"Frankfurt am Main","address":null,"covered":false,"access":null,"website":null,"phone":null,"source":"OpenStreetMap/node/7434392824","sourceUpdatedAt":null,"verifiedAt":null}},{"type":"Feature","geometry":{"type":"Point","coordinates":[8.6936339,50.0968418]},"properties":{"id":"bikerack:c6d6ace5-6809-447f-afeb-0f9cee0c4a57","kind":"bikerack","longitude":8.6936339,"latitude":50.0968418,"name":"Fahrradabstellplatz","city":"Frankfurt am Main","address":null,"covered":false,"access":null,"website":null,"phone":null,"source":"OpenStreetMap/node/6766578751","sourceUpdatedAt":null,"verifiedAt":null}},{"type":"Feature","geometry":{"type":"Point","coordinates":[8.6909356,50.1025313]},"properties":{"id":"bikerack:c6e24977-3b4c-4a2c-9884-19d9ed3efee9","kind":"bikerack","longitude":8.6909356,"latitude":50.1025313,"name":"Fahrradabstellplatz","city":"Frankfurt am Main","address":null,"covered":false,"access":null,"website":null,"phone":null,"source":"OpenStreetMap/node/9142622419","sourceUpdatedAt":null,"verifiedAt":null}},{"type":"Feature","geometry":{"type":"Point","coordinates":[8.6955151,50.1133512]},"properties":{"id":"bikerack:c7652a6e-dd95-41cf-9c37-99544dee1bfa","kind":"bikerack","longitude":8.6955151,"latitude":50.1133512,"name":"Fahrradabstellplatz","city":"Frankfurt am Main","address":null,"covered":false,"access":null,"website":null,"phone":null,"source":"OpenStreetMap/node/8642685700","sourceUpdatedAt":null,"verifiedAt":null}},{"type":"Feature","geometry":{"type":"Point","coordinates":[8.6894243,50.1112266]},"properties":{"id":"bikerack:c7bcf629-de03-4988-bbd3-d2c80961fbf5","kind":"bikerack","longitude":8.6894243,"latitude":50.1112266,"name":"Fahrradabstellplatz","city":"Frankfurt am Main","address":null,"covered":false,"access":null,"website":null,"phone":null,"source":"OpenStreetMap/node/12361682991","sourceUpdatedAt":null,"verifiedAt":null}},{"type":"Feature","geometry":{"type":"Point","coordinates":[8.6989041,50.1096466]},"properties":{"id":"bikerack:c7d406b4-e35c-4c66-84cf-52068c1353d3","kind":"bikerack","longitude":8.6989041,"latitude":50.1096466,"name":"Fahrradabstellplatz","city":"Frankfurt am Main","address":null,"covered":false,"access":null,"website":null,"phone":null,"source":"OpenStreetMap/node/2917046274","sourceUpdatedAt":null,"verifiedAt":null}},{"type":"Feature","geometry":{"type":"Point","coordinates":[8.6978761,50.1192813]},"properties":{"id":"bikerack:c7f8a8d0-a317-45da-8cad-99ef1005241c","kind":"bikerack","longitude":8.6978761,"latitude":50.1192813,"name":"Fahrradabstellplatz","city":"Frankfurt am Main","address":null,"covered":false,"access":null,"website":null,"phone":null,"source":"OpenStreetMap/node/9946469971","sourceUpdatedAt":null,"verifiedAt":null}},{"type":"Feature","geometry":{"type":"Point","coordinates":[8.6898789,50.1155817]},"properties":{"id":"bikerack:c8141781-fdb4-4e82-af23-702882b24d0b","kind":"bikerack","longitude":8.6898789,"latitude":50.1155817,"name":"Fahrradabstellplatz","city":"Frankfurt am Main","address":null,"covered":false,"access":null,"website":null,"phone":null,"source":"OpenStreetMap/node/12213896914","sourceUpdatedAt":null,"verifiedAt":null}},{"type":"Feature","geometry":{"type":"Point","coordinates":[8.6680051,50.1198035]},"properties":{"id":"bikerack:c8a5ba96-60ab-4ad5-998d-eb44fa8d4b17","kind":"bikerack","longitude":8.6680051,"latitude":50.1198035,"name":"Fahrradabstellplatz","city":"Frankfurt am Main","address":null,"covered":false,"access":null,"website":null,"phone":null,"source":"OpenStreetMap/node/9959740316","sourceUpdatedAt":null,"verifiedAt":null}},{"type":"Feature","geometry":{"type":"Point","coordinates":[8.6982574,50.1094451]},"properties":{"id":"bikerack:c8e10d63-c295-4a3f-a2a2-15a57596ecde","kind":"bikerack","longitude":8.6982574,"latitude":50.1094451,"name":"Fahrradabstellplatz","city":"Frankfurt am Main","address":null,"covered":false,"access":null,"website":null,"phone":null,"source":"OpenStreetMap/node/2917046267","sourceUpdatedAt":null,"verifiedAt":null}},{"type":"Feature","geometry":{"type":"Point","coordinates":[8.6599279,50.1094252]},"properties":{"id":"bikerack:c8e50180-55c3-495f-a0fc-b580884c42bd","kind":"bikerack","longitude":8.6599279,"latitude":50.1094252,"name":"Fahrradabstellplatz","city":"Frankfurt am Main","address":null,"covered":false,"access":null,"website":null,"phone":null,"source":"OpenStreetMap/node/7906516985","sourceUpdatedAt":null,"verifiedAt":null}},{"type":"Feature","geometry":{"type":"Point","coordinates":[8.6689711,50.1157142]},"properties":{"id":"bikerack:c906ae97-8cc2-468b-915b-2f7726960661","kind":"bikerack","longitude":8.6689711,"latitude":50.1157142,"name":"Fahrradabstellplatz","city":"Frankfurt am Main","address":null,"covered":false,"access":null,"website":null,"phone":null,"source":"OpenStreetMap/node/13711216770","sourceUpdatedAt":null,"verifiedAt":null}},{"type":"Feature","geometry":{"type":"Point","coordinates":[8.6881579,50.1104145]},"properties":{"id":"bikerack:c911d6ab-9d9b-4506-819a-a7c66ee24d90","kind":"bikerack","longitude":8.6881579,"latitude":50.1104145,"name":"Fahrradabstellplatz","city":"Frankfurt am Main","address":null,"covered":false,"access":null,"website":null,"phone":null,"source":"OpenStreetMap/node/12172088051","sourceUpdatedAt":null,"verifiedAt":null}},{"type":"Feature","geometry":{"type":"Point","coordinates":[8.6813344,50.103393]},"properties":{"id":"bikerack:c930fff0-62fd-4b83-9e50-519fc2ebf5f7","kind":"bikerack","longitude":8.6813344,"latitude":50.103393,"name":"Fahrradabstellplatz","city":"Frankfurt am Main","address":null,"covered":false,"access":null,"website":null,"phone":null,"source":"OpenStreetMap/node/7700036929","sourceUpdatedAt":null,"verifiedAt":null}},{"type":"Feature","geometry":{"type":"Point","coordinates":[8.6763359,50.1104349]},"properties":{"id":"bikerack:c951fd60-0e60-48a2-a06f-40dacc5a2028","kind":"bikerack","longitude":8.6763359,"latitude":50.1104349,"name":"Fahrradabstellplatz","city":"Frankfurt am Main","address":null,"covered":false,"access":null,"website":null,"phone":null,"source":"OpenStreetMap/node/12704092034","sourceUpdatedAt":null,"verifiedAt":null}},{"type":"Feature","geometry":{"type":"Point","coordinates":[8.6897587,50.114777]},"properties":{"id":"bikerack:c9b34b49-4d0b-47cb-9477-e79d14d39a8e","kind":"bikerack","longitude":8.6897587,"latitude":50.114777,"name":"Fahrradabstellplatz","city":"Frankfurt am Main","address":null,"covered":false,"access":null,"website":null,"phone":null,"source":"OpenStreetMap/node/6355945528","sourceUpdatedAt":null,"verifiedAt":null}},{"type":"Feature","geometry":{"type":"Point","coordinates":[8.6836267,50.1034249]},"properties":{"id":"bikerack:c9d2db3e-b58e-4bc9-889a-00c5eb427503","kind":"bikerack","longitude":8.6836267,"latitude":50.1034249,"name":"Fahrradabstellplatz","city":"Frankfurt am Main","address":null,"covered":false,"access":null,"website":null,"phone":null,"source":"OpenStreetMap/node/9430201311","sourceUpdatedAt":null,"verifiedAt":null}},{"type":"Feature","geometry":{"type":"Point","coordinates":[8.6793681,50.1036575]},"properties":{"id":"bikerack:c9dd5e90-4425-43c7-bb92-0d7c25b9d115","kind":"bikerack","longitude":8.6793681,"latitude":50.1036575,"name":"Fahrradabstellplatz","city":"Frankfurt am Main","address":null,"covered":false,"access":null,"website":null,"phone":null,"source":"OpenStreetMap/node/1116642024","sourceUpdatedAt":null,"verifiedAt":null}},{"type":"Feature","geometry":{"type":"Point","coordinates":[8.6924286,50.1205283]},"properties":{"id":"bikerack:ca0a322d-50e9-4051-90cf-781b638eacdc","kind":"bikerack","longitude":8.6924286,"latitude":50.1205283,"name":"Fahrradabstellplatz","city":"Frankfurt am Main","address":null,"covered":false,"access":null,"website":null,"phone":null,"source":"OpenStreetMap/node/12087041936","sourceUpdatedAt":null,"verifiedAt":null}},{"type":"Feature","geometry":{"type":"Point","coordinates":[8.6933807,50.1148552]},"properties":{"id":"bikerack:ca978f59-8357-4527-81d3-16f2a4372654","kind":"bikerack","longitude":8.6933807,"latitude":50.1148552,"name":"Fahrradabstellplatz","city":"Frankfurt am Main","address":null,"covered":false,"access":null,"website":null,"phone":null,"source":"OpenStreetMap/node/6355945510","sourceUpdatedAt":null,"verifiedAt":null}},{"type":"Feature","geometry":{"type":"Point","coordinates":[8.6639471,50.1109022]},"properties":{"id":"bikerack:caa76059-e753-44ff-90bf-e9d7988b060d","kind":"bikerack","longitude":8.6639471,"latitude":50.1109022,"name":"Fahrradabstellplatz","city":"Frankfurt am Main","address":null,"covered":false,"access":null,"website":null,"phone":null,"source":"OpenStreetMap/node/6871165439","sourceUpdatedAt":null,"verifiedAt":null}},{"type":"Feature","geometry":{"type":"Point","coordinates":[8.6811728,50.1011084]},"properties":{"id":"bikerack:cae2e958-0829-4b7d-9697-1220d2632513","kind":"bikerack","longitude":8.6811728,"latitude":50.1011084,"name":"Fahrradabstellplatz","city":"Frankfurt am Main","address":null,"covered":false,"access":null,"website":null,"phone":null,"source":"OpenStreetMap/node/8621788872","sourceUpdatedAt":null,"verifiedAt":null}},{"type":"Feature","geometry":{"type":"Point","coordinates":[8.6840299,50.1132341]},"properties":{"id":"bikerack:cbb19538-1419-4346-85a0-0cbd9c692f81","kind":"bikerack","longitude":8.6840299,"latitude":50.1132341,"name":"Fahrradabstellplatz","city":"Frankfurt am Main","address":null,"covered":false,"access":null,"website":null,"phone":null,"source":"OpenStreetMap/node/633225412","sourceUpdatedAt":null,"verifiedAt":null}},{"type":"Feature","geometry":{"type":"Point","coordinates":[8.6813612,50.1035891]},"properties":{"id":"bikerack:cbf579ae-bb8d-4932-8034-bfa1d7dd1b9a","kind":"bikerack","longitude":8.6813612,"latitude":50.1035891,"name":"Fahrradabstellplatz","city":"Frankfurt am Main","address":null,"covered":false,"access":null,"website":null,"phone":null,"source":"OpenStreetMap/node/7700036928","sourceUpdatedAt":null,"verifiedAt":null}},{"type":"Feature","geometry":{"type":"Point","coordinates":[8.6774691,50.1088271]},"properties":{"id":"bikerack:cc0fd46a-526e-4f22-b0d9-a26023ea47c5","kind":"bikerack","longitude":8.6774691,"latitude":50.1088271,"name":"Fahrradabstellplatz","city":"Frankfurt am Main","address":null,"covered":false,"access":null,"website":null,"phone":null,"source":"OpenStreetMap/node/12050648014","sourceUpdatedAt":null,"verifiedAt":null}},{"type":"Feature","geometry":{"type":"Point","coordinates":[8.6910687,50.1035624]},"properties":{"id":"bikerack:cc246b18-b32b-4713-8630-f93d02be09d3","kind":"bikerack","longitude":8.6910687,"latitude":50.1035624,"name":"Fahrradabstellplatz","city":"Frankfurt am Main","address":null,"covered":false,"access":null,"website":null,"phone":null,"source":"OpenStreetMap/node/9142631356","sourceUpdatedAt":null,"verifiedAt":null}},{"type":"Feature","geometry":{"type":"Point","coordinates":[8.6878698,50.1040233]},"properties":{"id":"bikerack:ccc82364-309c-462d-a50d-f640586ebcab","kind":"bikerack","longitude":8.6878698,"latitude":50.1040233,"name":"Fahrradabstellplatz","city":"Frankfurt am Main","address":null,"covered":false,"access":null,"website":null,"phone":null,"source":"OpenStreetMap/node/7412512944","sourceUpdatedAt":null,"verifiedAt":null}},{"type":"Feature","geometry":{"type":"Point","coordinates":[8.6837466,50.1035935]},"properties":{"id":"bikerack:ccfaefa0-69a8-4d7e-a5c9-f90195d124e4","kind":"bikerack","longitude":8.6837466,"latitude":50.1035935,"name":"Fahrradabstellplatz","city":"Frankfurt am Main","address":null,"covered":false,"access":null,"website":null,"phone":null,"source":"OpenStreetMap/node/9430216335","sourceUpdatedAt":null,"verifiedAt":null}},{"type":"Feature","geometry":{"type":"Point","coordinates":[8.6980596,50.1047624]},"properties":{"id":"bikerack:cd19f1af-8782-47c7-bd98-46dd2b360bf1","kind":"bikerack","longitude":8.6980596,"latitude":50.1047624,"name":"Fahrradabstellplatz","city":"Frankfurt am Main","address":null,"covered":false,"access":null,"website":null,"phone":null,"source":"OpenStreetMap/node/7868310411","sourceUpdatedAt":null,"verifiedAt":null}},{"type":"Feature","geometry":{"type":"Point","coordinates":[8.682822,50.1123841]},"properties":{"id":"bikerack:cd3741c5-265b-4c05-a0bb-88160f608e03","kind":"bikerack","longitude":8.682822,"latitude":50.1123841,"name":"Fahrradabstellplatz","city":"Frankfurt am Main","address":null,"covered":false,"access":null,"website":null,"phone":null,"source":"OpenStreetMap/node/8712354102","sourceUpdatedAt":null,"verifiedAt":null}},{"type":"Feature","geometry":{"type":"Point","coordinates":[8.6783674,50.1114117]},"properties":{"id":"bikerack:cd89caf4-cd88-433c-a858-bf2b724a3109","kind":"bikerack","longitude":8.6783674,"latitude":50.1114117,"name":"Fahrradabstellplatz","city":"Frankfurt am Main","address":null,"covered":false,"access":null,"website":null,"phone":null,"source":"OpenStreetMap/node/12762853135","sourceUpdatedAt":null,"verifiedAt":null}},{"type":"Feature","geometry":{"type":"Point","coordinates":[8.6854998,50.1026744]},"properties":{"id":"bikerack:ce5a218c-86fa-4547-92af-8a70ad93260f","kind":"bikerack","longitude":8.6854998,"latitude":50.1026744,"name":"Fahrradabstellplatz","city":"Frankfurt am Main","address":null,"covered":false,"access":null,"website":null,"phone":null,"source":"OpenStreetMap/node/8786264754","sourceUpdatedAt":null,"verifiedAt":null}},{"type":"Feature","geometry":{"type":"Point","coordinates":[8.6799268,50.1182222]},"properties":{"id":"bikerack:cf093290-a24e-4170-bf4f-a700f9d22271","kind":"bikerack","longitude":8.6799268,"latitude":50.1182222,"name":"Fahrradabstellplatz","city":"Frankfurt am Main","address":null,"covered":false,"access":null,"website":null,"phone":null,"source":"OpenStreetMap/node/9687712176","sourceUpdatedAt":null,"verifiedAt":null}},{"type":"Feature","geometry":{"type":"Point","coordinates":[8.6940668,50.1093442]},"properties":{"id":"bikerack:cf5c845c-4f8c-4a75-9c1c-9cd9dccb8e10","kind":"bikerack","longitude":8.6940668,"latitude":50.1093442,"name":"Fahrradabstellplatz","city":"Frankfurt am Main","address":null,"covered":false,"access":null,"website":null,"phone":null,"source":"OpenStreetMap/node/2917044713","sourceUpdatedAt":null,"verifiedAt":null}},{"type":"Feature","geometry":{"type":"Point","coordinates":[8.6760599,50.1120863]},"properties":{"id":"bikerack:cff304ee-e388-4ec8-a62b-9c2993207809","kind":"bikerack","longitude":8.6760599,"latitude":50.1120863,"name":"Fahrradabstellplatz","city":"Frankfurt am Main","address":null,"covered":false,"access":null,"website":null,"phone":null,"source":"OpenStreetMap/node/6324229794","sourceUpdatedAt":null,"verifiedAt":null}},{"type":"Feature","geometry":{"type":"Point","coordinates":[8.6618118,50.1159918]},"properties":{"id":"bikerack:d0175f8c-346f-499d-bdc2-299a25a05cef","kind":"bikerack","longitude":8.6618118,"latitude":50.1159918,"name":"Fahrradabstellplatz","city":"Frankfurt am Main","address":null,"covered":false,"access":null,"website":null,"phone":null,"source":"OpenStreetMap/node/10126382356","sourceUpdatedAt":null,"verifiedAt":null}},{"type":"Feature","geometry":{"type":"Point","coordinates":[8.6908545,50.1112718]},"properties":{"id":"bikerack:d07a1465-d065-4fea-a4d6-84e2dc3f186c","kind":"bikerack","longitude":8.6908545,"latitude":50.1112718,"name":"Fahrradabstellplatz","city":"Frankfurt am Main","address":null,"covered":false,"access":null,"website":null,"phone":null,"source":"OpenStreetMap/node/7515703425","sourceUpdatedAt":null,"verifiedAt":null}},{"type":"Feature","geometry":{"type":"Point","coordinates":[8.669792,50.1067815]},"properties":{"id":"bikerack:d0874d2d-67d9-46b2-bcfa-f1cb63a78932","kind":"bikerack","longitude":8.669792,"latitude":50.1067815,"name":"Fahrradabstellplatz","city":"Frankfurt am Main","address":null,"covered":false,"access":null,"website":null,"phone":null,"source":"OpenStreetMap/node/13676484265","sourceUpdatedAt":null,"verifiedAt":null}},{"type":"Feature","geometry":{"type":"Point","coordinates":[8.6810575,50.1014886]},"properties":{"id":"bikerack:d0d8b614-ffaa-4881-addd-552a978cf119","kind":"bikerack","longitude":8.6810575,"latitude":50.1014886,"name":"Fahrradabstellplatz","city":"Frankfurt am Main","address":null,"covered":false,"access":null,"website":null,"phone":null,"source":"OpenStreetMap/node/8621788899","sourceUpdatedAt":null,"verifiedAt":null}},{"type":"Feature","geometry":{"type":"Point","coordinates":[8.6905189,50.1023527]},"properties":{"id":"bikerack:d1262a87-1231-4b4d-9a3e-f6d10190d853","kind":"bikerack","longitude":8.6905189,"latitude":50.1023527,"name":"Fahrradabstellplatz","city":"Frankfurt am Main","address":null,"covered":false,"access":null,"website":null,"phone":null,"source":"OpenStreetMap/node/7999554096","sourceUpdatedAt":null,"verifiedAt":null}},{"type":"Feature","geometry":{"type":"Point","coordinates":[8.6684053,50.0955233]},"properties":{"id":"bikerack:d13836eb-58b1-485b-a922-f17da172eb89","kind":"bikerack","longitude":8.6684053,"latitude":50.0955233,"name":"Fahrradabstellplatz","city":"Frankfurt am Main","address":null,"covered":false,"access":null,"website":null,"phone":null,"source":"OpenStreetMap/node/6447504486","sourceUpdatedAt":null,"verifiedAt":null}},{"type":"Feature","geometry":{"type":"Point","coordinates":[8.6761894,50.100631]},"properties":{"id":"bikerack:d14b6259-7148-460b-8609-b04b91f82481","kind":"bikerack","longitude":8.6761894,"latitude":50.100631,"name":"Fahrradabstellplatz","city":"Frankfurt am Main","address":null,"covered":false,"access":null,"website":null,"phone":null,"source":"OpenStreetMap/way/664097204","sourceUpdatedAt":null,"verifiedAt":null}},{"type":"Feature","geometry":{"type":"Point","coordinates":[8.6894379,50.1147637]},"properties":{"id":"bikerack:d18d50f1-f4e8-4054-9353-28bea79e2e7a","kind":"bikerack","longitude":8.6894379,"latitude":50.1147637,"name":"Fahrradabstellplatz","city":"Frankfurt am Main","address":null,"covered":false,"access":null,"website":null,"phone":null,"source":"OpenStreetMap/node/6355945530","sourceUpdatedAt":null,"verifiedAt":null}},{"type":"Feature","geometry":{"type":"Point","coordinates":[8.6998991,50.1104359]},"properties":{"id":"bikerack:d2b59ae5-378e-4587-8c44-c4cb58f3a925","kind":"bikerack","longitude":8.6998991,"latitude":50.1104359,"name":"Fahrradabstellplatz","city":"Frankfurt am Main","address":null,"covered":false,"access":null,"website":null,"phone":null,"source":"OpenStreetMap/node/1276539337","sourceUpdatedAt":null,"verifiedAt":null}},{"type":"Feature","geometry":{"type":"Point","coordinates":[8.6909189,50.0987056]},"properties":{"id":"bikerack:d2c122cb-ccb7-4ffd-b209-8be97cc58831","kind":"bikerack","longitude":8.6909189,"latitude":50.0987056,"name":"Fahrradabstellplatz","city":"Frankfurt am Main","address":null,"covered":false,"access":null,"website":null,"phone":null,"source":"OpenStreetMap/node/9142703175","sourceUpdatedAt":null,"verifiedAt":null}},{"type":"Feature","geometry":{"type":"Point","coordinates":[8.6904894,50.1033817]},"properties":{"id":"bikerack:d2d05ea3-c1e8-462e-9dd7-24eb23b10eb1","kind":"bikerack","longitude":8.6904894,"latitude":50.1033817,"name":"Fahrradabstellplatz","city":"Frankfurt am Main","address":null,"covered":false,"access":null,"website":null,"phone":null,"source":"OpenStreetMap/node/9142616778","sourceUpdatedAt":null,"verifiedAt":null}},{"type":"Feature","geometry":{"type":"Point","coordinates":[8.6639609,50.1009884]},"properties":{"id":"bikerack:d2e955e8-3ae2-4241-be9e-d8a19f7faa44","kind":"bikerack","longitude":8.6639609,"latitude":50.1009884,"name":"Fahrradabstellplatz","city":"Frankfurt am Main","address":null,"covered":true,"access":null,"website":null,"phone":null,"source":"OpenStreetMap/node/1398584216","sourceUpdatedAt":null,"verifiedAt":null}},{"type":"Feature","geometry":{"type":"Point","coordinates":[8.664324,50.1157486]},"properties":{"id":"bikerack:d2f5c9e9-8317-46dd-a078-5b617c46b718","kind":"bikerack","longitude":8.664324,"latitude":50.1157486,"name":"Fahrradabstellplatz","city":"Frankfurt am Main","address":null,"covered":false,"access":null,"website":null,"phone":null,"source":"OpenStreetMap/node/10171509296","sourceUpdatedAt":null,"verifiedAt":null}},{"type":"Feature","geometry":{"type":"Point","coordinates":[8.7005013,50.1118547]},"properties":{"id":"bikerack:d327089d-625a-4c2b-b354-4b928ab32c8c","kind":"bikerack","longitude":8.7005013,"latitude":50.1118547,"name":"Fahrradabstellplatz","city":"Frankfurt am Main","address":null,"covered":false,"access":null,"website":null,"phone":null,"source":"OpenStreetMap/node/9391764363","sourceUpdatedAt":null,"verifiedAt":null}},{"type":"Feature","geometry":{"type":"Point","coordinates":[8.6856189,50.1056847]},"properties":{"id":"bikerack:d32bee0a-ad74-400e-b535-7b38a0a7d789","kind":"bikerack","longitude":8.6856189,"latitude":50.1056847,"name":"Fahrradabstellplatz","city":"Frankfurt am Main","address":null,"covered":true,"access":null,"website":null,"phone":null,"source":"OpenStreetMap/node/955394336","sourceUpdatedAt":null,"verifiedAt":null}},{"type":"Feature","geometry":{"type":"Point","coordinates":[8.6627402,50.0964543]},"properties":{"id":"bikerack:d39a0e9e-4eb2-46f8-aa42-ae1966faf2fd","kind":"bikerack","longitude":8.6627402,"latitude":50.0964543,"name":"Fahrradabstellplatz","city":"Frankfurt am Main","address":null,"covered":false,"access":null,"website":null,"phone":null,"source":"OpenStreetMap/node/1468812552","sourceUpdatedAt":null,"verifiedAt":null}},{"type":"Feature","geometry":{"type":"Point","coordinates":[8.6805694,50.1108653]},"properties":{"id":"bikerack:d3f74ef3-f67f-4841-806a-3a5ce1803a97","kind":"bikerack","longitude":8.6805694,"latitude":50.1108653,"name":"Fahrradabstellplatz","city":"Frankfurt am Main","address":null,"covered":false,"access":null,"website":null,"phone":null,"source":"OpenStreetMap/node/1396828873","sourceUpdatedAt":null,"verifiedAt":null}},{"type":"Feature","geometry":{"type":"Point","coordinates":[8.6671214,50.0942683]},"properties":{"id":"bikerack:d4215ae2-f6b5-4191-b937-2d77996aecd3","kind":"bikerack","longitude":8.6671214,"latitude":50.0942683,"name":"Fahrradabstellplatz","city":"Frankfurt am Main","address":null,"covered":false,"access":null,"website":null,"phone":null,"source":"OpenStreetMap/node/6483989896","sourceUpdatedAt":null,"verifiedAt":null}},{"type":"Feature","geometry":{"type":"Point","coordinates":[8.6912078,50.120283]},"properties":{"id":"bikerack:d4298d53-dd3f-43c2-bfb4-9df6a07d00ab","kind":"bikerack","longitude":8.6912078,"latitude":50.120283,"name":"Fahrradabstellplatz","city":"Frankfurt am Main","address":null,"covered":false,"access":null,"website":null,"phone":null,"source":"OpenStreetMap/node/12307396647","sourceUpdatedAt":null,"verifiedAt":null}},{"type":"Feature","geometry":{"type":"Point","coordinates":[8.6991102,50.1092415]},"properties":{"id":"bikerack:d464dead-72f6-4f2b-9dce-4cda455f126c","kind":"bikerack","longitude":8.6991102,"latitude":50.1092415,"name":"Fahrradabstellplatz","city":"Frankfurt am Main","address":null,"covered":false,"access":null,"website":null,"phone":null,"source":"OpenStreetMap/node/2917046261","sourceUpdatedAt":null,"verifiedAt":null}},{"type":"Feature","geometry":{"type":"Point","coordinates":[8.6908444,50.1024642]},"properties":{"id":"bikerack:d4d144b8-d5cb-4125-9427-fbfd6d87ae81","kind":"bikerack","longitude":8.6908444,"latitude":50.1024642,"name":"Fahrradabstellplatz","city":"Frankfurt am Main","address":null,"covered":false,"access":null,"website":null,"phone":null,"source":"OpenStreetMap/node/9142599187","sourceUpdatedAt":null,"verifiedAt":null}},{"type":"Feature","geometry":{"type":"Point","coordinates":[8.692191,50.1174499]},"properties":{"id":"bikerack:d4f9432a-18d5-4a13-bf76-12f1f8f0ec3b","kind":"bikerack","longitude":8.692191,"latitude":50.1174499,"name":"Fahrradabstellplatz","city":"Frankfurt am Main","address":null,"covered":false,"access":null,"website":null,"phone":null,"source":"OpenStreetMap/node/11608404125","sourceUpdatedAt":null,"verifiedAt":null}},{"type":"Feature","geometry":{"type":"Point","coordinates":[8.6825582,50.0933743]},"properties":{"id":"bikerack:d5203061-67ad-4929-88ef-32965be9f9d9","kind":"bikerack","longitude":8.6825582,"latitude":50.0933743,"name":"Fahrradabstellplatz","city":"Frankfurt am Main","address":null,"covered":false,"access":null,"website":null,"phone":null,"source":"OpenStreetMap/node/7429563244","sourceUpdatedAt":null,"verifiedAt":null}},{"type":"Feature","geometry":{"type":"Point","coordinates":[8.6886038,50.102384]},"properties":{"id":"bikerack:d5484f26-d3e4-4c37-a798-2229c1b0d508","kind":"bikerack","longitude":8.6886038,"latitude":50.102384,"name":"Fahrradabstellplatz","city":"Frankfurt am Main","address":null,"covered":false,"access":null,"website":null,"phone":null,"source":"OpenStreetMap/node/7716819222","sourceUpdatedAt":null,"verifiedAt":null}},{"type":"Feature","geometry":{"type":"Point","coordinates":[8.6735237,50.1035208]},"properties":{"id":"bikerack:d5594141-3907-4c71-82ad-dedf83fb9b11","kind":"bikerack","longitude":8.6735237,"latitude":50.1035208,"name":"Fahrradabstellplatz","city":"Frankfurt am Main","address":null,"covered":false,"access":null,"website":null,"phone":null,"source":"OpenStreetMap/node/9014012475","sourceUpdatedAt":null,"verifiedAt":null}},{"type":"Feature","geometry":{"type":"Point","coordinates":[8.6765278,50.1116199]},"properties":{"id":"bikerack:d571b31d-f2c7-4664-bf7e-8d850dc1ea90","kind":"bikerack","longitude":8.6765278,"latitude":50.1116199,"name":"Fahrradabstellplatz","city":"Frankfurt am Main","address":null,"covered":false,"access":null,"website":null,"phone":null,"source":"OpenStreetMap/node/13667089101","sourceUpdatedAt":null,"verifiedAt":null}},{"type":"Feature","geometry":{"type":"Point","coordinates":[8.6649567,50.1084374]},"properties":{"id":"bikerack:d602cb90-0e71-405a-b01f-5eb4859f6bb4","kind":"bikerack","longitude":8.6649567,"latitude":50.1084374,"name":"Fahrradabstellplatz","city":"Frankfurt am Main","address":null,"covered":false,"access":null,"website":null,"phone":null,"source":"OpenStreetMap/node/11740551792","sourceUpdatedAt":null,"verifiedAt":null}},{"type":"Feature","geometry":{"type":"Point","coordinates":[8.6717749,50.1082716]},"properties":{"id":"bikerack:d6a18830-48db-4565-bf4b-f1758dd949d9","kind":"bikerack","longitude":8.6717749,"latitude":50.1082716,"name":"Fahrradabstellplatz","city":"Frankfurt am Main","address":null,"covered":false,"access":null,"website":null,"phone":null,"source":"OpenStreetMap/node/1976912975","sourceUpdatedAt":null,"verifiedAt":null}},{"type":"Feature","geometry":{"type":"Point","coordinates":[8.688565,50.1050715]},"properties":{"id":"bikerack:d6e985db-883c-477a-a50d-8e90c623b7d0","kind":"bikerack","longitude":8.688565,"latitude":50.1050715,"name":"Fahrradabstellplatz","city":"Frankfurt am Main","address":null,"covered":false,"access":null,"website":null,"phone":null,"source":"OpenStreetMap/node/9466398036","sourceUpdatedAt":null,"verifiedAt":null}},{"type":"Feature","geometry":{"type":"Point","coordinates":[8.6921489,50.1042216]},"properties":{"id":"bikerack:d7034425-6ba9-4e97-8bc1-b9d3bdd4207e","kind":"bikerack","longitude":8.6921489,"latitude":50.1042216,"name":"Fahrradabstellplatz","city":"Frankfurt am Main","address":null,"covered":false,"access":null,"website":null,"phone":null,"source":"OpenStreetMap/node/13032097587","sourceUpdatedAt":null,"verifiedAt":null}},{"type":"Feature","geometry":{"type":"Point","coordinates":[8.6961741,50.0949151]},"properties":{"id":"bikerack:d7407522-7a07-476f-8984-19124fe4e528","kind":"bikerack","longitude":8.6961741,"latitude":50.0949151,"name":"Fahrradabstellplatz","city":"Frankfurt am Main","address":null,"covered":false,"access":null,"website":null,"phone":null,"source":"OpenStreetMap/node/8461063852","sourceUpdatedAt":null,"verifiedAt":null}},{"type":"Feature","geometry":{"type":"Point","coordinates":[8.6747053,50.1089624]},"properties":{"id":"bikerack:d77d0848-7f48-4d7e-b144-5a9cd96783bf","kind":"bikerack","longitude":8.6747053,"latitude":50.1089624,"name":"Fahrradabstellplatz","city":"Frankfurt am Main","address":null,"covered":false,"access":null,"website":null,"phone":null,"source":"OpenStreetMap/node/1116036666","sourceUpdatedAt":null,"verifiedAt":null}},{"type":"Feature","geometry":{"type":"Point","coordinates":[8.6632622,50.1181566]},"properties":{"id":"bikerack:d78cfdf7-dc9e-41c1-a2b9-e44b948a3932","kind":"bikerack","longitude":8.6632622,"latitude":50.1181566,"name":"Fahrradabstellplatz","city":"Frankfurt am Main","address":null,"covered":false,"access":null,"website":null,"phone":null,"source":"OpenStreetMap/node/6355985774","sourceUpdatedAt":null,"verifiedAt":null}},{"type":"Feature","geometry":{"type":"Point","coordinates":[8.6948757,50.1106798]},"properties":{"id":"bikerack:d78f7268-bfe6-4b85-9dd2-19f53b73f8bf","kind":"bikerack","longitude":8.6948757,"latitude":50.1106798,"name":"Fahrradabstellplatz","city":"Frankfurt am Main","address":null,"covered":false,"access":null,"website":null,"phone":null,"source":"OpenStreetMap/node/5281864151","sourceUpdatedAt":null,"verifiedAt":null}},{"type":"Feature","geometry":{"type":"Point","coordinates":[8.6608881,50.1186995]},"properties":{"id":"bikerack:d7adb771-c88c-4a35-bcda-4ef7ee9fb6d1","kind":"bikerack","longitude":8.6608881,"latitude":50.1186995,"name":"Fahrradabstellplatz","city":"Frankfurt am Main","address":null,"covered":false,"access":null,"website":null,"phone":null,"source":"OpenStreetMap/node/13626940039","sourceUpdatedAt":null,"verifiedAt":null}},{"type":"Feature","geometry":{"type":"Point","coordinates":[8.6915279,50.1112308]},"properties":{"id":"bikerack:d801e620-ede8-49db-bba3-afc82b71e7d8","kind":"bikerack","longitude":8.6915279,"latitude":50.1112308,"name":"Fahrradabstellplatz","city":"Frankfurt am Main","address":null,"covered":false,"access":null,"website":null,"phone":null,"source":"OpenStreetMap/node/12512338021","sourceUpdatedAt":null,"verifiedAt":null}},{"type":"Feature","geometry":{"type":"Point","coordinates":[8.6789221,50.1167449]},"properties":{"id":"bikerack:d8139131-21d7-4bf1-b151-5f675659d0ed","kind":"bikerack","longitude":8.6789221,"latitude":50.1167449,"name":"Fahrradabstellplatz","city":"Frankfurt am Main","address":null,"covered":false,"access":null,"website":null,"phone":null,"source":"OpenStreetMap/node/7412534283","sourceUpdatedAt":null,"verifiedAt":null}},{"type":"Feature","geometry":{"type":"Point","coordinates":[8.6781264,50.0982945]},"properties":{"id":"bikerack:d81b48eb-ce5c-420c-992e-3f1fcceb4fad","kind":"bikerack","longitude":8.6781264,"latitude":50.0982945,"name":"Fahrradabstellplatz","city":"Frankfurt am Main","address":null,"covered":false,"access":null,"website":null,"phone":null,"source":"OpenStreetMap/node/11121577383","sourceUpdatedAt":null,"verifiedAt":null}},{"type":"Feature","geometry":{"type":"Point","coordinates":[8.6805237,50.1116229]},"properties":{"id":"bikerack:d84b67c8-1adf-49bd-8c33-7a9e5304a71a","kind":"bikerack","longitude":8.6805237,"latitude":50.1116229,"name":"Fahrradabstellplatz","city":"Frankfurt am Main","address":null,"covered":false,"access":null,"website":null,"phone":null,"source":"OpenStreetMap/node/3207603638","sourceUpdatedAt":null,"verifiedAt":null}},{"type":"Feature","geometry":{"type":"Point","coordinates":[8.6944838,50.1197335]},"properties":{"id":"bikerack:d8af7b3a-c720-4c23-8d8b-881989fa5c15","kind":"bikerack","longitude":8.6944838,"latitude":50.1197335,"name":"Fahrradabstellplatz","city":"Frankfurt am Main","address":null,"covered":false,"access":null,"website":null,"phone":null,"source":"OpenStreetMap/node/12213906884","sourceUpdatedAt":null,"verifiedAt":null}},{"type":"Feature","geometry":{"type":"Point","coordinates":[8.6637192,50.0968664]},"properties":{"id":"bikerack:d8baad1d-2004-44de-8fb9-8d58ac2af8e9","kind":"bikerack","longitude":8.6637192,"latitude":50.0968664,"name":"Fahrradabstellplatz","city":"Frankfurt am Main","address":null,"covered":false,"access":null,"website":null,"phone":null,"source":"OpenStreetMap/node/1468812556","sourceUpdatedAt":null,"verifiedAt":null}},{"type":"Feature","geometry":{"type":"Point","coordinates":[8.691732,50.10474]},"properties":{"id":"bikerack:d974ea61-f2c9-4ac4-843e-8c4d7dd8ddd3","kind":"bikerack","longitude":8.691732,"latitude":50.10474,"name":"Fahrradabstellplatz","city":"Frankfurt am Main","address":null,"covered":false,"access":null,"website":null,"phone":null,"source":"OpenStreetMap/node/8015879049","sourceUpdatedAt":null,"verifiedAt":null}},{"type":"Feature","geometry":{"type":"Point","coordinates":[8.6923541,50.1132621]},"properties":{"id":"bikerack:d9cd86e7-2b5a-4c63-99b3-66498ecd30e6","kind":"bikerack","longitude":8.6923541,"latitude":50.1132621,"name":"Fahrradabstellplatz","city":"Frankfurt am Main","address":null,"covered":false,"access":null,"website":null,"phone":null,"source":"OpenStreetMap/node/6383409788","sourceUpdatedAt":null,"verifiedAt":null}},{"type":"Feature","geometry":{"type":"Point","coordinates":[8.6878566,50.1159988]},"properties":{"id":"bikerack:d9fee7de-41ff-4694-9e97-5ef7e3c73179","kind":"bikerack","longitude":8.6878566,"latitude":50.1159988,"name":"Fahrradabstellplatz","city":"Frankfurt am Main","address":null,"covered":false,"access":null,"website":null,"phone":null,"source":"OpenStreetMap/node/7244710378","sourceUpdatedAt":null,"verifiedAt":null}},{"type":"Feature","geometry":{"type":"Point","coordinates":[8.675162,50.1104656]},"properties":{"id":"bikerack:da167d26-2998-409e-9d50-51a1e0bbefc2","kind":"bikerack","longitude":8.675162,"latitude":50.1104656,"name":"Fahrradabstellplatz","city":"Frankfurt am Main","address":null,"covered":false,"access":null,"website":null,"phone":null,"source":"OpenStreetMap/node/13055877867","sourceUpdatedAt":null,"verifiedAt":null}},{"type":"Feature","geometry":{"type":"Point","coordinates":[8.6810747,50.1095198]},"properties":{"id":"bikerack:da61bda6-9895-4da7-807b-6e3d295a7eba","kind":"bikerack","longitude":8.6810747,"latitude":50.1095198,"name":"Fahrradabstellplatz","city":"Frankfurt am Main","address":null,"covered":false,"access":null,"website":null,"phone":null,"source":"OpenStreetMap/node/1398584250","sourceUpdatedAt":null,"verifiedAt":null}},{"type":"Feature","geometry":{"type":"Point","coordinates":[8.6863446,50.1054802]},"properties":{"id":"bikerack:da65b944-a8b7-4305-a353-4441803556d4","kind":"bikerack","longitude":8.6863446,"latitude":50.1054802,"name":"Fahrradabstellplatz","city":"Frankfurt am Main","address":null,"covered":false,"access":null,"website":null,"phone":null,"source":"OpenStreetMap/node/9279688298","sourceUpdatedAt":null,"verifiedAt":null}},{"type":"Feature","geometry":{"type":"Point","coordinates":[8.6859637,50.1166027]},"properties":{"id":"bikerack:da822be9-fb75-45fe-a988-21b343a48acb","kind":"bikerack","longitude":8.6859637,"latitude":50.1166027,"name":"Fahrradabstellplatz","city":"Frankfurt am Main","address":null,"covered":false,"access":null,"website":null,"phone":null,"source":"OpenStreetMap/node/6436238042","sourceUpdatedAt":null,"verifiedAt":null}},{"type":"Feature","geometry":{"type":"Point","coordinates":[8.6681901,50.0952049]},"properties":{"id":"bikerack:db033e93-30bc-4c4f-8fd2-6a341f09ea5f","kind":"bikerack","longitude":8.6681901,"latitude":50.0952049,"name":"Fahrradabstellplatz","city":"Frankfurt am Main","address":null,"covered":false,"access":null,"website":null,"phone":null,"source":"OpenStreetMap/node/6447498688","sourceUpdatedAt":null,"verifiedAt":null}},{"type":"Feature","geometry":{"type":"Point","coordinates":[8.7008365,50.1103371]},"properties":{"id":"bikerack:db234cca-ce62-400d-8d04-2dffc5e29464","kind":"bikerack","longitude":8.7008365,"latitude":50.1103371,"name":"Fahrradabstellplatz","city":"Frankfurt am Main","address":null,"covered":false,"access":null,"website":null,"phone":null,"source":"OpenStreetMap/node/7724805787","sourceUpdatedAt":null,"verifiedAt":null}},{"type":"Feature","geometry":{"type":"Point","coordinates":[8.6911108,50.110387]},"properties":{"id":"bikerack:dba836f3-e2a7-4da7-8a56-408eebf37a1c","kind":"bikerack","longitude":8.6911108,"latitude":50.110387,"name":"Fahrradabstellplatz","city":"Frankfurt am Main","address":null,"covered":false,"access":null,"website":null,"phone":null,"source":"OpenStreetMap/node/12512338018","sourceUpdatedAt":null,"verifiedAt":null}},{"type":"Feature","geometry":{"type":"Point","coordinates":[8.6783762,50.1156256]},"properties":{"id":"bikerack:dca801fb-6127-4b02-995a-148f69fc5337","kind":"bikerack","longitude":8.6783762,"latitude":50.1156256,"name":"Fahrradabstellplatz","city":"Frankfurt am Main","address":null,"covered":false,"access":null,"website":null,"phone":null,"source":"OpenStreetMap/node/11153277729","sourceUpdatedAt":null,"verifiedAt":null}},{"type":"Feature","geometry":{"type":"Point","coordinates":[8.6696351,50.1154006]},"properties":{"id":"bikerack:dd94d334-9e25-4ea6-91a3-b11ce7078b33","kind":"bikerack","longitude":8.6696351,"latitude":50.1154006,"name":"Fahrradabstellplatz","city":"Frankfurt am Main","address":null,"covered":false,"access":null,"website":null,"phone":null,"source":"OpenStreetMap/node/10171509219","sourceUpdatedAt":null,"verifiedAt":null}},{"type":"Feature","geometry":{"type":"Point","coordinates":[8.6812613,50.1012495]},"properties":{"id":"bikerack:dd9dab6e-fe34-411a-9bf0-bdf9fe4ebd44","kind":"bikerack","longitude":8.6812613,"latitude":50.1012495,"name":"Fahrradabstellplatz","city":"Frankfurt am Main","address":null,"covered":false,"access":null,"website":null,"phone":null,"source":"OpenStreetMap/node/8621768566","sourceUpdatedAt":null,"verifiedAt":null}},{"type":"Feature","geometry":{"type":"Point","coordinates":[8.6608386,50.1076498]},"properties":{"id":"bikerack:de0ff7f5-c7aa-41b4-a22a-2f27ba56b329","kind":"bikerack","longitude":8.6608386,"latitude":50.1076498,"name":"Fahrradabstellplatz","city":"Frankfurt am Main","address":null,"covered":false,"access":null,"website":null,"phone":null,"source":"OpenStreetMap/node/12586953869","sourceUpdatedAt":null,"verifiedAt":null}},{"type":"Feature","geometry":{"type":"Point","coordinates":[8.6975605,50.1133903]},"properties":{"id":"bikerack:de1a5802-b90c-4907-b7bf-8bc2fc9f7979","kind":"bikerack","longitude":8.6975605,"latitude":50.1133903,"name":"Fahrradabstellplatz","city":"Frankfurt am Main","address":null,"covered":true,"access":null,"website":null,"phone":null,"source":"OpenStreetMap/node/6274394064","sourceUpdatedAt":null,"verifiedAt":null}},{"type":"Feature","geometry":{"type":"Point","coordinates":[8.693635,50.1095728]},"properties":{"id":"bikerack:de4ce973-1241-4d41-9260-375f0ec3bd70","kind":"bikerack","longitude":8.693635,"latitude":50.1095728,"name":"Fahrradabstellplatz","city":"Frankfurt am Main","address":null,"covered":false,"access":null,"website":null,"phone":null,"source":"OpenStreetMap/node/2917046272","sourceUpdatedAt":null,"verifiedAt":null}},{"type":"Feature","geometry":{"type":"Point","coordinates":[8.6815817,50.0946094]},"properties":{"id":"bikerack:de63175f-e70f-4e62-95d7-fa8142d95dc7","kind":"bikerack","longitude":8.6815817,"latitude":50.0946094,"name":"Fahrradabstellplatz","city":"Frankfurt am Main","address":null,"covered":false,"access":null,"website":null,"phone":null,"source":"OpenStreetMap/node/9669621875","sourceUpdatedAt":null,"verifiedAt":null}},{"type":"Feature","geometry":{"type":"Point","coordinates":[8.6873698,50.1041427]},"properties":{"id":"bikerack:de65ad86-9a7f-488b-a907-c996312c815e","kind":"bikerack","longitude":8.6873698,"latitude":50.1041427,"name":"Fahrradabstellplatz","city":"Frankfurt am Main","address":null,"covered":false,"access":null,"website":null,"phone":null,"source":"OpenStreetMap/node/7412512946","sourceUpdatedAt":null,"verifiedAt":null}},{"type":"Feature","geometry":{"type":"Point","coordinates":[8.686301,50.1158429]},"properties":{"id":"bikerack:de7425fa-956d-49d7-b438-aa329fdec823","kind":"bikerack","longitude":8.686301,"latitude":50.1158429,"name":"Fahrradabstellplatz","city":"Frankfurt am Main","address":null,"covered":false,"access":null,"website":null,"phone":null,"source":"OpenStreetMap/node/6436238057","sourceUpdatedAt":null,"verifiedAt":null}},{"type":"Feature","geometry":{"type":"Point","coordinates":[8.6832176,50.1119268]},"properties":{"id":"bikerack:dea5b06d-195a-4ebd-8667-3b1b5b74f632","kind":"bikerack","longitude":8.6832176,"latitude":50.1119268,"name":"Fahrradabstellplatz","city":"Frankfurt am Main","address":null,"covered":false,"access":null,"website":null,"phone":null,"source":"OpenStreetMap/node/1398586504","sourceUpdatedAt":null,"verifiedAt":null}},{"type":"Feature","geometry":{"type":"Point","coordinates":[8.6894084,50.1157341]},"properties":{"id":"bikerack:dea7d205-3c04-432d-9ab4-b33e94a00679","kind":"bikerack","longitude":8.6894084,"latitude":50.1157341,"name":"Fahrradabstellplatz","city":"Frankfurt am Main","address":null,"covered":false,"access":null,"website":null,"phone":null,"source":"OpenStreetMap/node/6438795304","sourceUpdatedAt":null,"verifiedAt":null}},{"type":"Feature","geometry":{"type":"Point","coordinates":[8.6882969,50.1059361]},"properties":{"id":"bikerack:dec54ab9-af44-47ae-974f-a05a2d45350d","kind":"bikerack","longitude":8.6882969,"latitude":50.1059361,"name":"Fahrradabstellplatz","city":"Frankfurt am Main","address":null,"covered":false,"access":null,"website":null,"phone":null,"source":"OpenStreetMap/node/7773496161","sourceUpdatedAt":null,"verifiedAt":null}},{"type":"Feature","geometry":{"type":"Point","coordinates":[8.681005,50.1173517]},"properties":{"id":"bikerack:ded54005-8e16-4ce0-9738-f410f12b2334","kind":"bikerack","longitude":8.681005,"latitude":50.1173517,"name":"Fahrradabstellplatz","city":"Frankfurt am Main","address":null,"covered":false,"access":null,"website":null,"phone":null,"source":"OpenStreetMap/node/6776236336","sourceUpdatedAt":null,"verifiedAt":null}},{"type":"Feature","geometry":{"type":"Point","coordinates":[8.6987938,50.1159246]},"properties":{"id":"bikerack:ded5dada-d89c-4879-a805-caedb482fe70","kind":"bikerack","longitude":8.6987938,"latitude":50.1159246,"name":"Fahrradabstellplatz","city":"Frankfurt am Main","address":null,"covered":false,"access":null,"website":null,"phone":null,"source":"OpenStreetMap/node/1115769872","sourceUpdatedAt":null,"verifiedAt":null}},{"type":"Feature","geometry":{"type":"Point","coordinates":[8.6667366,50.1037457]},"properties":{"id":"bikerack:df37bb63-24d6-45d3-a59b-1ec75cf217d8","kind":"bikerack","longitude":8.6667366,"latitude":50.1037457,"name":"Wilhelm-Leuschner-Straße 69-77 – Fahrradabstellplatz","city":"Frankfurt am Main","address":null,"covered":false,"access":null,"website":null,"phone":null,"source":"OpenStreetMap/node/1115274436","sourceUpdatedAt":null,"verifiedAt":null}},{"type":"Feature","geometry":{"type":"Point","coordinates":[8.6820113,50.09992]},"properties":{"id":"bikerack:dfe948e2-6710-4280-8cb6-e6a95207200f","kind":"bikerack","longitude":8.6820113,"latitude":50.09992,"name":"Fahrradabstellplatz","city":"Frankfurt am Main","address":null,"covered":false,"access":null,"website":null,"phone":null,"source":"OpenStreetMap/node/8621768024","sourceUpdatedAt":null,"verifiedAt":null}},{"type":"Feature","geometry":{"type":"Point","coordinates":[8.6907761,50.1004656]},"properties":{"id":"bikerack:e006caef-0e04-434a-8cbe-348937311bb1","kind":"bikerack","longitude":8.6907761,"latitude":50.1004656,"name":"Fahrradabstellplatz","city":"Frankfurt am Main","address":null,"covered":false,"access":null,"website":null,"phone":null,"source":"OpenStreetMap/node/8832655278","sourceUpdatedAt":null,"verifiedAt":null}},{"type":"Feature","geometry":{"type":"Point","coordinates":[8.6928056,50.1204567]},"properties":{"id":"bikerack:e0492a16-cadf-492d-aa8f-eec09c7051ab","kind":"bikerack","longitude":8.6928056,"latitude":50.1204567,"name":"Fahrradabstellplatz","city":"Frankfurt am Main","address":null,"covered":false,"access":null,"website":null,"phone":null,"source":"OpenStreetMap/node/12307394674","sourceUpdatedAt":null,"verifiedAt":null}},{"type":"Feature","geometry":{"type":"Point","coordinates":[8.6635367,50.1016751]},"properties":{"id":"bikerack:e0b173e0-f7de-41d5-8778-41c20d7b226d","kind":"bikerack","longitude":8.6635367,"latitude":50.1016751,"name":"Fahrradabstellplatz","city":"Frankfurt am Main","address":null,"covered":false,"access":null,"website":null,"phone":null,"source":"OpenStreetMap/node/1398584234","sourceUpdatedAt":null,"verifiedAt":null}},{"type":"Feature","geometry":{"type":"Point","coordinates":[8.6863641,50.1019115]},"properties":{"id":"bikerack:e0cdc5d6-7175-48f0-94b1-5a5cf1efda87","kind":"bikerack","longitude":8.6863641,"latitude":50.1019115,"name":"Fahrradabstellplatz","city":"Frankfurt am Main","address":null,"covered":false,"access":null,"website":null,"phone":null,"source":"OpenStreetMap/node/8811887195","sourceUpdatedAt":null,"verifiedAt":null}},{"type":"Feature","geometry":{"type":"Point","coordinates":[8.676864,50.1120529]},"properties":{"id":"bikerack:e0fc64ba-0a50-4f0d-8b78-59646de4f6fd","kind":"bikerack","longitude":8.676864,"latitude":50.1120529,"name":"Fahrradabstellplatz","city":"Frankfurt am Main","address":null,"covered":false,"access":null,"website":null,"phone":null,"source":"OpenStreetMap/node/418470825","sourceUpdatedAt":null,"verifiedAt":null}},{"type":"Feature","geometry":{"type":"Point","coordinates":[8.6954908,50.1160454]},"properties":{"id":"bikerack:e11f2ac5-7136-4a32-b2fe-71d78446c6e1","kind":"bikerack","longitude":8.6954908,"latitude":50.1160454,"name":"Fahrradabstellplatz","city":"Frankfurt am Main","address":null,"covered":false,"access":null,"website":null,"phone":null,"source":"OpenStreetMap/node/12568778731","sourceUpdatedAt":null,"verifiedAt":null}},{"type":"Feature","geometry":{"type":"Point","coordinates":[8.6861066,50.1134593]},"properties":{"id":"bikerack:e13b7a13-29d4-4449-be21-184abaf6a360","kind":"bikerack","longitude":8.6861066,"latitude":50.1134593,"name":"Fahrradabstellplatz","city":"Frankfurt am Main","address":null,"covered":false,"access":null,"website":null,"phone":null,"source":"OpenStreetMap/node/12512338023","sourceUpdatedAt":null,"verifiedAt":null}},{"type":"Feature","geometry":{"type":"Point","coordinates":[8.680019,50.1165265]},"properties":{"id":"bikerack:e1dc6ffc-a237-4c47-9214-a38505f641fa","kind":"bikerack","longitude":8.680019,"latitude":50.1165265,"name":"Fahrradabstellplatz","city":"Frankfurt am Main","address":null,"covered":false,"access":null,"website":null,"phone":null,"source":"OpenStreetMap/node/2559987015","sourceUpdatedAt":null,"verifiedAt":null}},{"type":"Feature","geometry":{"type":"Point","coordinates":[8.6734961,50.1202682]},"properties":{"id":"bikerack:e21f41f2-99ae-42c0-9763-e79b59b69b71","kind":"bikerack","longitude":8.6734961,"latitude":50.1202682,"name":"Fahrradabstellplatz","city":"Frankfurt am Main","address":null,"covered":false,"access":null,"website":null,"phone":null,"source":"OpenStreetMap/node/9959525297","sourceUpdatedAt":null,"verifiedAt":null}},{"type":"Feature","geometry":{"type":"Point","coordinates":[8.6695219,50.1054547]},"properties":{"id":"bikerack:e234127d-6fc3-43ec-9c65-49069cca8105","kind":"bikerack","longitude":8.6695219,"latitude":50.1054547,"name":"Fahrradabstellplatz","city":"Frankfurt am Main","address":null,"covered":false,"access":null,"website":null,"phone":null,"source":"OpenStreetMap/node/9635414000","sourceUpdatedAt":null,"verifiedAt":null}},{"type":"Feature","geometry":{"type":"Point","coordinates":[8.6677841,50.1129476]},"properties":{"id":"bikerack:e2c2a396-8d52-4f46-a1a3-d3514640f3c7","kind":"bikerack","longitude":8.6677841,"latitude":50.1129476,"name":"Fahrradabstellplatz","city":"Frankfurt am Main","address":null,"covered":false,"access":null,"website":null,"phone":null,"source":"OpenStreetMap/node/13457315200","sourceUpdatedAt":null,"verifiedAt":null}},{"type":"Feature","geometry":{"type":"Point","coordinates":[8.6964796,50.1135394]},"properties":{"id":"bikerack:e2c7a86a-4445-489f-8d04-9dfd887feebc","kind":"bikerack","longitude":8.6964796,"latitude":50.1135394,"name":"Fahrradabstellplatz","city":"Frankfurt am Main","address":null,"covered":false,"access":null,"website":null,"phone":null,"source":"OpenStreetMap/node/1115874711","sourceUpdatedAt":null,"verifiedAt":null}},{"type":"Feature","geometry":{"type":"Point","coordinates":[8.6802815,50.1156984]},"properties":{"id":"bikerack:e2f3b69f-4fd0-4277-b719-a7cc16fc0f9f","kind":"bikerack","longitude":8.6802815,"latitude":50.1156984,"name":"Fahrradabstellplatz","city":"Frankfurt am Main","address":null,"covered":false,"access":null,"website":null,"phone":null,"source":"OpenStreetMap/node/714156679","sourceUpdatedAt":null,"verifiedAt":null}},{"type":"Feature","geometry":{"type":"Point","coordinates":[8.6798885,50.1181536]},"properties":{"id":"bikerack:e30c3082-2eef-4893-bfad-9e3a5d6b4c04","kind":"bikerack","longitude":8.6798885,"latitude":50.1181536,"name":"Fahrradabstellplatz","city":"Frankfurt am Main","address":null,"covered":false,"access":null,"website":null,"phone":null,"source":"OpenStreetMap/node/6091967285","sourceUpdatedAt":null,"verifiedAt":null}},{"type":"Feature","geometry":{"type":"Point","coordinates":[8.6945346,50.1093655]},"properties":{"id":"bikerack:e35d5ee4-0b6e-4747-833e-dfe7eb34a2a3","kind":"bikerack","longitude":8.6945346,"latitude":50.1093655,"name":"Fahrradabstellplatz","city":"Frankfurt am Main","address":null,"covered":false,"access":null,"website":null,"phone":null,"source":"OpenStreetMap/node/1398605812","sourceUpdatedAt":null,"verifiedAt":null}},{"type":"Feature","geometry":{"type":"Point","coordinates":[8.6575105,50.107036]},"properties":{"id":"bikerack:e38a05b8-729d-4ca8-a613-1f40e66693e7","kind":"bikerack","longitude":8.6575105,"latitude":50.107036,"name":"Fahrradabstellplatz","city":"Frankfurt am Main","address":null,"covered":false,"access":null,"website":null,"phone":null,"source":"OpenStreetMap/node/12709020623","sourceUpdatedAt":null,"verifiedAt":null}},{"type":"Feature","geometry":{"type":"Point","coordinates":[8.6823169,50.0993325]},"properties":{"id":"bikerack:e3d0cc35-e140-4277-8fb3-4fca0ac2fd26","kind":"bikerack","longitude":8.6823169,"latitude":50.0993325,"name":"Fahrradabstellplatz","city":"Frankfurt am Main","address":null,"covered":false,"access":null,"website":null,"phone":null,"source":"OpenStreetMap/node/12237852833","sourceUpdatedAt":null,"verifiedAt":null}},{"type":"Feature","geometry":{"type":"Point","coordinates":[8.6841812,50.1134339]},"properties":{"id":"bikerack:e45757ca-ef94-420a-aab8-bf490bbee057","kind":"bikerack","longitude":8.6841812,"latitude":50.1134339,"name":"Fahrradabstellplatz","city":"Frankfurt am Main","address":null,"covered":false,"access":null,"website":null,"phone":null,"source":"OpenStreetMap/node/2193082251","sourceUpdatedAt":null,"verifiedAt":null}},{"type":"Feature","geometry":{"type":"Point","coordinates":[8.6592547,50.0999124]},"properties":{"id":"bikerack:e45eff92-cb9c-44e8-84b7-26c76a18cd30","kind":"bikerack","longitude":8.6592547,"latitude":50.0999124,"name":"Fahrradabstellplatz","city":"Frankfurt am Main","address":null,"covered":false,"access":null,"website":null,"phone":null,"source":"OpenStreetMap/node/5109393742","sourceUpdatedAt":null,"verifiedAt":null}},{"type":"Feature","geometry":{"type":"Point","coordinates":[8.6699791,50.1068301]},"properties":{"id":"bikerack:e45faafe-44af-46de-96f8-7e1a1fd8bb19","kind":"bikerack","longitude":8.6699791,"latitude":50.1068301,"name":"Fahrradabstellplatz","city":"Frankfurt am Main","address":null,"covered":false,"access":null,"website":null,"phone":null,"source":"OpenStreetMap/node/13676484263","sourceUpdatedAt":null,"verifiedAt":null}},{"type":"Feature","geometry":{"type":"Point","coordinates":[8.6793219,50.1180046]},"properties":{"id":"bikerack:e4a192f4-7519-44ca-931c-a5d4e2f9b9f5","kind":"bikerack","longitude":8.6793219,"latitude":50.1180046,"name":"Fahrradabstellplatz","city":"Frankfurt am Main","address":null,"covered":false,"access":null,"website":null,"phone":null,"source":"OpenStreetMap/node/2289464591","sourceUpdatedAt":null,"verifiedAt":null}},{"type":"Feature","geometry":{"type":"Point","coordinates":[8.6797809,50.1187681]},"properties":{"id":"bikerack:e5517069-53f4-4ea9-b01d-bed32a38f2ec","kind":"bikerack","longitude":8.6797809,"latitude":50.1187681,"name":"Fahrradabstellplatz","city":"Frankfurt am Main","address":null,"covered":false,"access":null,"website":null,"phone":null,"source":"OpenStreetMap/node/8199069430","sourceUpdatedAt":null,"verifiedAt":null}},{"type":"Feature","geometry":{"type":"Point","coordinates":[8.6728642,50.1147166]},"properties":{"id":"bikerack:e5562de7-8063-4418-9fd2-a25117ef1d99","kind":"bikerack","longitude":8.6728642,"latitude":50.1147166,"name":"Fahrradabstellplatz","city":"Frankfurt am Main","address":null,"covered":false,"access":null,"website":null,"phone":null,"source":"OpenStreetMap/node/1115379928","sourceUpdatedAt":null,"verifiedAt":null}},{"type":"Feature","geometry":{"type":"Point","coordinates":[8.6838972,50.1122343]},"properties":{"id":"bikerack:e5630d08-f350-4e00-be9f-c3b3bcd4a23d","kind":"bikerack","longitude":8.6838972,"latitude":50.1122343,"name":"Fahrradabstellplatz","city":"Frankfurt am Main","address":null,"covered":false,"access":null,"website":null,"phone":null,"source":"OpenStreetMap/node/9635393101","sourceUpdatedAt":null,"verifiedAt":null}},{"type":"Feature","geometry":{"type":"Point","coordinates":[8.6598416,50.1093755]},"properties":{"id":"bikerack:e57654c1-e691-48f7-92a7-2a69da5d0b37","kind":"bikerack","longitude":8.6598416,"latitude":50.1093755,"name":"Fahrradabstellplatz","city":"Frankfurt am Main","address":null,"covered":false,"access":null,"website":null,"phone":null,"source":"OpenStreetMap/node/9635440345","sourceUpdatedAt":null,"verifiedAt":null}},{"type":"Feature","geometry":{"type":"Point","coordinates":[8.6893628,50.1023857]},"properties":{"id":"bikerack:e578dbf5-2861-459b-9d51-bddccb271792","kind":"bikerack","longitude":8.6893628,"latitude":50.1023857,"name":"Fahrradabstellplatz","city":"Frankfurt am Main","address":null,"covered":false,"access":null,"website":null,"phone":null,"source":"OpenStreetMap/node/7716798745","sourceUpdatedAt":null,"verifiedAt":null}},{"type":"Feature","geometry":{"type":"Point","coordinates":[8.6943799,50.0968821]},"properties":{"id":"bikerack:e5c545f6-b785-4ae6-be14-d63de1020283","kind":"bikerack","longitude":8.6943799,"latitude":50.0968821,"name":"Fahrradabstellplatz","city":"Frankfurt am Main","address":null,"covered":false,"access":null,"website":null,"phone":null,"source":"OpenStreetMap/node/13476965751","sourceUpdatedAt":null,"verifiedAt":null}},{"type":"Feature","geometry":{"type":"Point","coordinates":[8.6857514,50.1172422]},"properties":{"id":"bikerack:e5e29386-8e7d-4fa8-962b-8f64c54b2dae","kind":"bikerack","longitude":8.6857514,"latitude":50.1172422,"name":"Fahrradabstellplatz","city":"Frankfurt am Main","address":null,"covered":false,"access":null,"website":null,"phone":null,"source":"OpenStreetMap/node/10961981775","sourceUpdatedAt":null,"verifiedAt":null}},{"type":"Feature","geometry":{"type":"Point","coordinates":[8.6896047,50.1104468]},"properties":{"id":"bikerack:e612789d-0b3f-4f8c-b674-0b733a80a0f4","kind":"bikerack","longitude":8.6896047,"latitude":50.1104468,"name":"Fahrradabstellplatz","city":"Frankfurt am Main","address":null,"covered":false,"access":null,"website":null,"phone":null,"source":"OpenStreetMap/node/12361625826","sourceUpdatedAt":null,"verifiedAt":null}},{"type":"Feature","geometry":{"type":"Point","coordinates":[8.6910924,50.1194993]},"properties":{"id":"bikerack:e65674dc-6c88-4850-9021-5aafbd06cc74","kind":"bikerack","longitude":8.6910924,"latitude":50.1194993,"name":"Fahrradabstellplatz","city":"Frankfurt am Main","address":null,"covered":false,"access":null,"website":null,"phone":null,"source":"OpenStreetMap/node/10584562118","sourceUpdatedAt":null,"verifiedAt":null}},{"type":"Feature","geometry":{"type":"Point","coordinates":[8.6873119,50.1009904]},"properties":{"id":"bikerack:e658a075-6797-4203-bf26-7393e462f3f8","kind":"bikerack","longitude":8.6873119,"latitude":50.1009904,"name":"Fahrradabstellplatz","city":"Frankfurt am Main","address":null,"covered":false,"access":null,"website":null,"phone":null,"source":"OpenStreetMap/node/1550999992","sourceUpdatedAt":null,"verifiedAt":null}},{"type":"Feature","geometry":{"type":"Point","coordinates":[8.6728629,50.0932421]},"properties":{"id":"bikerack:e696239b-7cb1-4400-b6c5-2947baf0a18b","kind":"bikerack","longitude":8.6728629,"latitude":50.0932421,"name":"Fahrradabstellplatz","city":"Frankfurt am Main","address":null,"covered":false,"access":null,"website":null,"phone":null,"source":"OpenStreetMap/node/11734964971","sourceUpdatedAt":null,"verifiedAt":null}},{"type":"Feature","geometry":{"type":"Point","coordinates":[8.6644254,50.1006742]},"properties":{"id":"bikerack:e6ab14ea-c24e-476d-a6a6-628de0da942b","kind":"bikerack","longitude":8.6644254,"latitude":50.1006742,"name":"Fahrradabstellplatz","city":"Frankfurt am Main","address":null,"covered":true,"access":null,"website":null,"phone":null,"source":"OpenStreetMap/node/714158641","sourceUpdatedAt":null,"verifiedAt":null}},{"type":"Feature","geometry":{"type":"Point","coordinates":[8.6635954,50.1177309]},"properties":{"id":"bikerack:e6b7f641-83cb-49ac-8ebb-29b02d364cdd","kind":"bikerack","longitude":8.6635954,"latitude":50.1177309,"name":"Fahrradabstellplatz","city":"Frankfurt am Main","address":null,"covered":false,"access":null,"website":null,"phone":null,"source":"OpenStreetMap/node/13664841299","sourceUpdatedAt":null,"verifiedAt":null}},{"type":"Feature","geometry":{"type":"Point","coordinates":[8.6700758,50.1014596]},"properties":{"id":"bikerack:e6d97b93-467b-4db5-9676-2d7fcc1c130a","kind":"bikerack","longitude":8.6700758,"latitude":50.1014596,"name":"Fahrradabstellplatz","city":"Frankfurt am Main","address":null,"covered":false,"access":null,"website":null,"phone":null,"source":"OpenStreetMap/node/13109129101","sourceUpdatedAt":null,"verifiedAt":null}},{"type":"Feature","geometry":{"type":"Point","coordinates":[8.679533,50.1120067]},"properties":{"id":"bikerack:e835241f-5a16-4ba4-9003-58895ea8ad41","kind":"bikerack","longitude":8.679533,"latitude":50.1120067,"name":"Fahrradabstellplatz","city":"Frankfurt am Main","address":null,"covered":false,"access":null,"website":null,"phone":null,"source":"OpenStreetMap/node/6767413939","sourceUpdatedAt":null,"verifiedAt":null}},{"type":"Feature","geometry":{"type":"Point","coordinates":[8.6897569,50.1113212]},"properties":{"id":"bikerack:e8cdeaab-ff0a-4027-9c49-1f3c11973238","kind":"bikerack","longitude":8.6897569,"latitude":50.1113212,"name":"Fahrradabstellplatz","city":"Frankfurt am Main","address":null,"covered":false,"access":null,"website":null,"phone":null,"source":"OpenStreetMap/node/12361694501","sourceUpdatedAt":null,"verifiedAt":null}},{"type":"Feature","geometry":{"type":"Point","coordinates":[8.7011544,50.1131347]},"properties":{"id":"bikerack:e8f29633-716e-4715-8cbb-0d09edbeed7e","kind":"bikerack","longitude":8.7011544,"latitude":50.1131347,"name":"Fahrradabstellplatz","city":"Frankfurt am Main","address":null,"covered":false,"access":null,"website":null,"phone":null,"source":"OpenStreetMap/node/8717472049","sourceUpdatedAt":null,"verifiedAt":null}},{"type":"Feature","geometry":{"type":"Point","coordinates":[8.6629163,50.1023679]},"properties":{"id":"bikerack:e91e46f0-8383-43ad-900e-3cdc1f98bb64","kind":"bikerack","longitude":8.6629163,"latitude":50.1023679,"name":"Fahrradabstellplatz","city":"Frankfurt am Main","address":null,"covered":false,"access":null,"website":null,"phone":null,"source":"OpenStreetMap/node/12844516606","sourceUpdatedAt":null,"verifiedAt":null}},{"type":"Feature","geometry":{"type":"Point","coordinates":[8.6891164,50.11634]},"properties":{"id":"bikerack:e95ed3e2-5550-4e57-a286-68aead70ca45","kind":"bikerack","longitude":8.6891164,"latitude":50.11634,"name":"Fahrradabstellplatz","city":"Frankfurt am Main","address":null,"covered":false,"access":null,"website":null,"phone":null,"source":"OpenStreetMap/node/7249324947","sourceUpdatedAt":null,"verifiedAt":null}},{"type":"Feature","geometry":{"type":"Point","coordinates":[8.6901809,50.1147946]},"properties":{"id":"bikerack:e9ed9969-9dd0-4dcf-9a46-6a15d809b9c3","kind":"bikerack","longitude":8.6901809,"latitude":50.1147946,"name":"Fahrradabstellplatz","city":"Frankfurt am Main","address":null,"covered":false,"access":null,"website":null,"phone":null,"source":"OpenStreetMap/node/6355945524","sourceUpdatedAt":null,"verifiedAt":null}},{"type":"Feature","geometry":{"type":"Point","coordinates":[8.700188,50.1097437]},"properties":{"id":"bikerack:ea227e46-b56e-4cff-ae1f-7d192970b7a9","kind":"bikerack","longitude":8.700188,"latitude":50.1097437,"name":"Fahrradabstellplatz","city":"Frankfurt am Main","address":null,"covered":false,"access":null,"website":null,"phone":null,"source":"OpenStreetMap/node/2917046276","sourceUpdatedAt":null,"verifiedAt":null}},{"type":"Feature","geometry":{"type":"Point","coordinates":[8.687801,50.1165206]},"properties":{"id":"bikerack:ea5d8a6a-564c-4e58-82de-f6d776721505","kind":"bikerack","longitude":8.687801,"latitude":50.1165206,"name":"Fahrradabstellplatz","city":"Frankfurt am Main","address":null,"covered":false,"access":null,"website":null,"phone":null,"source":"OpenStreetMap/node/7232330483","sourceUpdatedAt":null,"verifiedAt":null}},{"type":"Feature","geometry":{"type":"Point","coordinates":[8.6677508,50.0949569]},"properties":{"id":"bikerack:ea6db4af-f32b-4f35-8953-c76be0dc413c","kind":"bikerack","longitude":8.6677508,"latitude":50.0949569,"name":"Fahrradabstellplatz","city":"Frankfurt am Main","address":null,"covered":false,"access":null,"website":null,"phone":null,"source":"OpenStreetMap/node/6447498691","sourceUpdatedAt":null,"verifiedAt":null}},{"type":"Feature","geometry":{"type":"Point","coordinates":[8.6814812,50.1039748]},"properties":{"id":"bikerack:eaaa253b-eae4-4f2b-befe-a527ef2c7a67","kind":"bikerack","longitude":8.6814812,"latitude":50.1039748,"name":"Fahrradabstellplatz","city":"Frankfurt am Main","address":null,"covered":false,"access":null,"website":null,"phone":null,"source":"OpenStreetMap/node/9286189045","sourceUpdatedAt":null,"verifiedAt":null}},{"type":"Feature","geometry":{"type":"Point","coordinates":[8.6982168,50.1113326]},"properties":{"id":"bikerack:eadc4355-7fba-473c-84a0-79d48c20eb6e","kind":"bikerack","longitude":8.6982168,"latitude":50.1113326,"name":"Fahrradabstellplatz","city":"Frankfurt am Main","address":null,"covered":false,"access":null,"website":null,"phone":null,"source":"OpenStreetMap/node/9391764369","sourceUpdatedAt":null,"verifiedAt":null}},{"type":"Feature","geometry":{"type":"Point","coordinates":[8.6888343,50.1168424]},"properties":{"id":"bikerack:eae223f0-86fa-4e75-8581-1d1cfa8c9203","kind":"bikerack","longitude":8.6888343,"latitude":50.1168424,"name":"Fahrradabstellplatz","city":"Frankfurt am Main","address":null,"covered":false,"access":null,"website":null,"phone":null,"source":"OpenStreetMap/node/7249324949","sourceUpdatedAt":null,"verifiedAt":null}},{"type":"Feature","geometry":{"type":"Point","coordinates":[8.6782537,50.1116211]},"properties":{"id":"bikerack:eaf24248-9663-4946-8b0e-b4deb3fd36be","kind":"bikerack","longitude":8.6782537,"latitude":50.1116211,"name":"Fahrradabstellplatz","city":"Frankfurt am Main","address":null,"covered":false,"access":null,"website":null,"phone":null,"source":"OpenStreetMap/node/8503009188","sourceUpdatedAt":null,"verifiedAt":null}},{"type":"Feature","geometry":{"type":"Point","coordinates":[8.6823048,50.1109249]},"properties":{"id":"bikerack:eb6af273-ee71-40ad-a95d-fbbb199fe04c","kind":"bikerack","longitude":8.6823048,"latitude":50.1109249,"name":"Fahrradabstellplatz","city":"Frankfurt am Main","address":null,"covered":false,"access":null,"website":null,"phone":null,"source":"OpenStreetMap/node/9944381865","sourceUpdatedAt":null,"verifiedAt":null}},{"type":"Feature","geometry":{"type":"Point","coordinates":[8.6901243,50.1147923]},"properties":{"id":"bikerack:eb98b82f-6f13-4533-9de8-2f8253486cab","kind":"bikerack","longitude":8.6901243,"latitude":50.1147923,"name":"Fahrradabstellplatz","city":"Frankfurt am Main","address":null,"covered":false,"access":null,"website":null,"phone":null,"source":"OpenStreetMap/node/6355945525","sourceUpdatedAt":null,"verifiedAt":null}},{"type":"Feature","geometry":{"type":"Point","coordinates":[8.6860157,50.118473]},"properties":{"id":"bikerack:ebe59300-df54-4bcd-a4f1-19c62728ee3c","kind":"bikerack","longitude":8.6860157,"latitude":50.118473,"name":"Fahrradabstellplatz","city":"Frankfurt am Main","address":null,"covered":false,"access":null,"website":null,"phone":null,"source":"OpenStreetMap/node/8575138599","sourceUpdatedAt":null,"verifiedAt":null}},{"type":"Feature","geometry":{"type":"Point","coordinates":[8.700291,50.1144221]},"properties":{"id":"bikerack:ebee3d2b-464b-4b6a-b4a7-5a45901bd32f","kind":"bikerack","longitude":8.700291,"latitude":50.1144221,"name":"Fahrradabstellplatz","city":"Frankfurt am Main","address":null,"covered":false,"access":null,"website":null,"phone":null,"source":"OpenStreetMap/node/6015904543","sourceUpdatedAt":null,"verifiedAt":null}},{"type":"Feature","geometry":{"type":"Point","coordinates":[8.6884053,50.1021001]},"properties":{"id":"bikerack:ebff8423-f2f9-41c5-8bb6-a8802025809a","kind":"bikerack","longitude":8.6884053,"latitude":50.1021001,"name":"Fahrradabstellplatz","city":"Frankfurt am Main","address":null,"covered":false,"access":null,"website":null,"phone":null,"source":"OpenStreetMap/node/7716809913","sourceUpdatedAt":null,"verifiedAt":null}},{"type":"Feature","geometry":{"type":"Point","coordinates":[8.6909243,50.0986333]},"properties":{"id":"bikerack:ec7692c9-4fb9-4277-845c-5f0bbb51d2db","kind":"bikerack","longitude":8.6909243,"latitude":50.0986333,"name":"Fahrradabstellplatz","city":"Frankfurt am Main","address":null,"covered":false,"access":null,"website":null,"phone":null,"source":"OpenStreetMap/node/9142748426","sourceUpdatedAt":null,"verifiedAt":null}},{"type":"Feature","geometry":{"type":"Point","coordinates":[8.6780533,50.1195131]},"properties":{"id":"bikerack:ec89aea0-7d74-416b-aa1d-0233c4fcf943","kind":"bikerack","longitude":8.6780533,"latitude":50.1195131,"name":"Fahrradabstellplatz","city":"Frankfurt am Main","address":null,"covered":false,"access":null,"website":null,"phone":null,"source":"OpenStreetMap/node/9483183387","sourceUpdatedAt":null,"verifiedAt":null}},{"type":"Feature","geometry":{"type":"Point","coordinates":[8.6672083,50.103716]},"properties":{"id":"bikerack:ed076b25-37f2-4266-94a9-8c9129053eec","kind":"bikerack","longitude":8.6672083,"latitude":50.103716,"name":"Fahrradabstellplatz","city":"Frankfurt am Main","address":null,"covered":false,"access":null,"website":null,"phone":null,"source":"OpenStreetMap/node/13674556762","sourceUpdatedAt":null,"verifiedAt":null}},{"type":"Feature","geometry":{"type":"Point","coordinates":[8.6741449,50.1042872]},"properties":{"id":"bikerack:ed635450-132e-4921-8438-2d782f8e6e0e","kind":"bikerack","longitude":8.6741449,"latitude":50.1042872,"name":"Fahrradabstellplatz","city":"Frankfurt am Main","address":null,"covered":false,"access":null,"website":null,"phone":null,"source":"OpenStreetMap/node/2978095198","sourceUpdatedAt":null,"verifiedAt":null}},{"type":"Feature","geometry":{"type":"Point","coordinates":[8.682769,50.1144613]},"properties":{"id":"bikerack:ed9158cf-1bc5-4605-af89-7a55fdda717f","kind":"bikerack","longitude":8.682769,"latitude":50.1144613,"name":"Fahrradabstellplatz","city":"Frankfurt am Main","address":null,"covered":false,"access":null,"website":null,"phone":null,"source":"OpenStreetMap/node/1199382083","sourceUpdatedAt":null,"verifiedAt":null}},{"type":"Feature","geometry":{"type":"Point","coordinates":[8.6949697,50.102687]},"properties":{"id":"bikerack:ed9343b5-2596-412f-9f77-b3e70842f94a","kind":"bikerack","longitude":8.6949697,"latitude":50.102687,"name":"Fahrradabstellplatz","city":"Frankfurt am Main","address":null,"covered":true,"access":null,"website":null,"phone":null,"source":"OpenStreetMap/way/412717686","sourceUpdatedAt":null,"verifiedAt":null}},{"type":"Feature","geometry":{"type":"Point","coordinates":[8.6632518,50.0958335]},"properties":{"id":"bikerack:ede865ee-921c-40aa-b766-58db012913e9","kind":"bikerack","longitude":8.6632518,"latitude":50.0958335,"name":"Fahrradabstellplatz","city":"Frankfurt am Main","address":null,"covered":false,"access":null,"website":null,"phone":null,"source":"OpenStreetMap/node/13622251423","sourceUpdatedAt":null,"verifiedAt":null}},{"type":"Feature","geometry":{"type":"Point","coordinates":[8.670346,50.1156012]},"properties":{"id":"bikerack:ee0a4b07-ee70-4cbb-bc63-c554e10051eb","kind":"bikerack","longitude":8.670346,"latitude":50.1156012,"name":"Fahrradabstellplatz","city":"Frankfurt am Main","address":null,"covered":false,"access":null,"website":null,"phone":null,"source":"OpenStreetMap/node/7232330484","sourceUpdatedAt":null,"verifiedAt":null}},{"type":"Feature","geometry":{"type":"Point","coordinates":[8.6780132,50.1134258]},"properties":{"id":"bikerack:ee513920-75e6-4dd6-bb25-41b08fa14ba8","kind":"bikerack","longitude":8.6780132,"latitude":50.1134258,"name":"Fahrradabstellplatz","city":"Frankfurt am Main","address":null,"covered":false,"access":null,"website":null,"phone":null,"source":"OpenStreetMap/node/6284198753","sourceUpdatedAt":null,"verifiedAt":null}},{"type":"Feature","geometry":{"type":"Point","coordinates":[8.6859185,50.117357]},"properties":{"id":"bikerack:ee5accd8-45ab-4d29-83e9-8bb6fda877a4","kind":"bikerack","longitude":8.6859185,"latitude":50.117357,"name":"Fahrradabstellplatz","city":"Frankfurt am Main","address":null,"covered":false,"access":null,"website":null,"phone":null,"source":"OpenStreetMap/node/6935928351","sourceUpdatedAt":null,"verifiedAt":null}},{"type":"Feature","geometry":{"type":"Point","coordinates":[8.6775998,50.1123192]},"properties":{"id":"bikerack:eea8c333-5ab4-4896-8b81-9be30e420399","kind":"bikerack","longitude":8.6775998,"latitude":50.1123192,"name":"Fahrradabstellplatz","city":"Frankfurt am Main","address":null,"covered":false,"access":null,"website":null,"phone":null,"source":"OpenStreetMap/node/6347665352","sourceUpdatedAt":null,"verifiedAt":null}},{"type":"Feature","geometry":{"type":"Point","coordinates":[8.6839434,50.1146583]},"properties":{"id":"bikerack:ef0a1053-2856-41de-afa2-689a848f3908","kind":"bikerack","longitude":8.6839434,"latitude":50.1146583,"name":"Fahrradabstellplatz","city":"Frankfurt am Main","address":null,"covered":false,"access":null,"website":null,"phone":null,"source":"OpenStreetMap/node/6284198760","sourceUpdatedAt":null,"verifiedAt":null}},{"type":"Feature","geometry":{"type":"Point","coordinates":[8.687685,50.0988157]},"properties":{"id":"bikerack:ef30394d-b732-412d-8bc4-c287fa5956dd","kind":"bikerack","longitude":8.687685,"latitude":50.0988157,"name":"Fahrradabstellplatz","city":"Frankfurt am Main","address":null,"covered":false,"access":null,"website":null,"phone":null,"source":"OpenStreetMap/node/1115661251","sourceUpdatedAt":null,"verifiedAt":null}},{"type":"Feature","geometry":{"type":"Point","coordinates":[8.6660775,50.1152815]},"properties":{"id":"bikerack:ef6f17cb-061f-458f-a151-1240bf18b651","kind":"bikerack","longitude":8.6660775,"latitude":50.1152815,"name":"Fahrradabstellplatz","city":"Frankfurt am Main","address":null,"covered":false,"access":null,"website":null,"phone":null,"source":"OpenStreetMap/node/10171513587","sourceUpdatedAt":null,"verifiedAt":null}},{"type":"Feature","geometry":{"type":"Point","coordinates":[8.6820625,50.1161951]},"properties":{"id":"bikerack:ef7ea70b-bc03-4941-87b9-ce9aea139096","kind":"bikerack","longitude":8.6820625,"latitude":50.1161951,"name":"Fahrradabstellplatz","city":"Frankfurt am Main","address":null,"covered":false,"access":null,"website":null,"phone":null,"source":"OpenStreetMap/node/6436238012","sourceUpdatedAt":null,"verifiedAt":null}},{"type":"Feature","geometry":{"type":"Point","coordinates":[8.6864821,50.1018977]},"properties":{"id":"bikerack:efaee0d0-8140-4378-a923-a84733ead869","kind":"bikerack","longitude":8.6864821,"latitude":50.1018977,"name":"Fahrradabstellplatz","city":"Frankfurt am Main","address":null,"covered":false,"access":null,"website":null,"phone":null,"source":"OpenStreetMap/node/8811908921","sourceUpdatedAt":null,"verifiedAt":null}},{"type":"Feature","geometry":{"type":"Point","coordinates":[8.6735935,50.1080092]},"properties":{"id":"bikerack:efeeb123-627d-4304-af95-a20a5eefb780","kind":"bikerack","longitude":8.6735935,"latitude":50.1080092,"name":"Fahrradabstellplatz","city":"Frankfurt am Main","address":null,"covered":false,"access":null,"website":null,"phone":null,"source":"OpenStreetMap/node/2978095214","sourceUpdatedAt":null,"verifiedAt":null}},{"type":"Feature","geometry":{"type":"Point","coordinates":[8.6974181,50.1157518]},"properties":{"id":"bikerack:f0056f06-abbb-4c02-957b-3b58676ee8bf","kind":"bikerack","longitude":8.6974181,"latitude":50.1157518,"name":"Fahrradabstellplatz","city":"Frankfurt am Main","address":null,"covered":false,"access":null,"website":null,"phone":null,"source":"OpenStreetMap/node/6207603054","sourceUpdatedAt":null,"verifiedAt":null}},{"type":"Feature","geometry":{"type":"Point","coordinates":[8.6820765,50.0951707]},"properties":{"id":"bikerack:f0921595-aaad-4cda-8fa5-9d7c2cca8913","kind":"bikerack","longitude":8.6820765,"latitude":50.0951707,"name":"Fahrradabstellplatz","city":"Frankfurt am Main","address":null,"covered":false,"access":null,"website":null,"phone":null,"source":"OpenStreetMap/node/8167361423","sourceUpdatedAt":null,"verifiedAt":null}},{"type":"Feature","geometry":{"type":"Point","coordinates":[8.6800515,50.1154387]},"properties":{"id":"bikerack:f0cd5bbe-e7a4-4986-a435-6b1ffb18a375","kind":"bikerack","longitude":8.6800515,"latitude":50.1154387,"name":"Fahrradabstellplatz","city":"Frankfurt am Main","address":null,"covered":false,"access":null,"website":null,"phone":null,"source":"OpenStreetMap/node/1199222429","sourceUpdatedAt":null,"verifiedAt":null}},{"type":"Feature","geometry":{"type":"Point","coordinates":[8.6685508,50.0956213]},"properties":{"id":"bikerack:f1035257-e63d-4b67-8113-11862b1ecf0b","kind":"bikerack","longitude":8.6685508,"latitude":50.0956213,"name":"Fahrradabstellplatz","city":"Frankfurt am Main","address":null,"covered":false,"access":null,"website":null,"phone":null,"source":"OpenStreetMap/node/6447492689","sourceUpdatedAt":null,"verifiedAt":null}},{"type":"Feature","geometry":{"type":"Point","coordinates":[8.6612028,50.1025154]},"properties":{"id":"bikerack:f14b6827-3579-4b55-a892-878a5efb0240","kind":"bikerack","longitude":8.6612028,"latitude":50.1025154,"name":"Fahrradabstellplatz","city":"Frankfurt am Main","address":null,"covered":false,"access":null,"website":null,"phone":null,"source":"OpenStreetMap/node/13048921284","sourceUpdatedAt":null,"verifiedAt":null}},{"type":"Feature","geometry":{"type":"Point","coordinates":[8.6883918,50.1103024]},"properties":{"id":"bikerack:f17979e8-9f30-4f7b-aeee-ec1fa77fb7f3","kind":"bikerack","longitude":8.6883918,"latitude":50.1103024,"name":"Fahrradabstellplatz","city":"Frankfurt am Main","address":null,"covered":false,"access":null,"website":null,"phone":null,"source":"OpenStreetMap/node/12172088534","sourceUpdatedAt":null,"verifiedAt":null}},{"type":"Feature","geometry":{"type":"Point","coordinates":[8.6839723,50.1121259]},"properties":{"id":"bikerack:f1a6872c-6a2c-4e45-8cd0-c53e6cc0eb38","kind":"bikerack","longitude":8.6839723,"latitude":50.1121259,"name":"Fahrradabstellplatz","city":"Frankfurt am Main","address":null,"covered":false,"access":null,"website":null,"phone":null,"source":"OpenStreetMap/node/9635399954","sourceUpdatedAt":null,"verifiedAt":null}},{"type":"Feature","geometry":{"type":"Point","coordinates":[8.6943709,50.1196837]},"properties":{"id":"bikerack:f222b288-d9c7-4416-90b7-729eadd7536d","kind":"bikerack","longitude":8.6943709,"latitude":50.1196837,"name":"Fahrradabstellplatz","city":"Frankfurt am Main","address":null,"covered":false,"access":null,"website":null,"phone":null,"source":"OpenStreetMap/node/12213918569","sourceUpdatedAt":null,"verifiedAt":null}},{"type":"Feature","geometry":{"type":"Point","coordinates":[8.6893233,50.1154502]},"properties":{"id":"bikerack:f26348b2-3b46-415d-bf82-99a18a066f1f","kind":"bikerack","longitude":8.6893233,"latitude":50.1154502,"name":"Fahrradabstellplatz","city":"Frankfurt am Main","address":null,"covered":false,"access":null,"website":null,"phone":null,"source":"OpenStreetMap/node/13428440323","sourceUpdatedAt":null,"verifiedAt":null}},{"type":"Feature","geometry":{"type":"Point","coordinates":[8.6806343,50.1107511]},"properties":{"id":"bikerack:f28ac7ac-b376-4d4c-a1d8-b2bf4c15c534","kind":"bikerack","longitude":8.6806343,"latitude":50.1107511,"name":"Fahrradabstellplatz","city":"Frankfurt am Main","address":null,"covered":false,"access":null,"website":null,"phone":null,"source":"OpenStreetMap/node/1396828860","sourceUpdatedAt":null,"verifiedAt":null}},{"type":"Feature","geometry":{"type":"Point","coordinates":[8.669104,50.1113256]},"properties":{"id":"bikerack:f2a66c37-631a-4ce8-a4a4-8bb89e66b5ef","kind":"bikerack","longitude":8.669104,"latitude":50.1113256,"name":"Fahrradabstellplatz","city":"Frankfurt am Main","address":null,"covered":false,"access":null,"website":null,"phone":null,"source":"OpenStreetMap/node/12876213379","sourceUpdatedAt":null,"verifiedAt":null}},{"type":"Feature","geometry":{"type":"Point","coordinates":[8.6838458,50.1034112]},"properties":{"id":"bikerack:f2fe2496-07c3-4859-a67c-1bccd879db01","kind":"bikerack","longitude":8.6838458,"latitude":50.1034112,"name":"Fahrradabstellplatz","city":"Frankfurt am Main","address":null,"covered":false,"access":null,"website":null,"phone":null,"source":"OpenStreetMap/node/9430216334","sourceUpdatedAt":null,"verifiedAt":null}},{"type":"Feature","geometry":{"type":"Point","coordinates":[8.6866947,50.1025034]},"properties":{"id":"bikerack:f3502aca-6fac-4d8a-9701-6d6e4a94076d","kind":"bikerack","longitude":8.6866947,"latitude":50.1025034,"name":"Fahrradabstellplatz","city":"Frankfurt am Main","address":null,"covered":false,"access":null,"website":null,"phone":null,"source":"OpenStreetMap/node/7434420884","sourceUpdatedAt":null,"verifiedAt":null}},{"type":"Feature","geometry":{"type":"Point","coordinates":[8.6781815,50.1109782]},"properties":{"id":"bikerack:f35b9fb4-4ca7-4d5f-84ec-92adac702315","kind":"bikerack","longitude":8.6781815,"latitude":50.1109782,"name":"Fahrradabstellplatz","city":"Frankfurt am Main","address":null,"covered":false,"access":null,"website":null,"phone":null,"source":"OpenStreetMap/node/12329487339","sourceUpdatedAt":null,"verifiedAt":null}},{"type":"Feature","geometry":{"type":"Point","coordinates":[8.6577851,50.1118007]},"properties":{"id":"bikerack:f38f2594-2e6c-46d2-8bfc-9c82511d3b0a","kind":"bikerack","longitude":8.6577851,"latitude":50.1118007,"name":"Fahrradabstellplatz","city":"Frankfurt am Main","address":null,"covered":false,"access":null,"website":null,"phone":null,"source":"OpenStreetMap/node/9420765805","sourceUpdatedAt":null,"verifiedAt":null}},{"type":"Feature","geometry":{"type":"Point","coordinates":[8.6874598,50.1152818]},"properties":{"id":"bikerack:f39a35c3-6cf9-4ee4-b79b-17ef073773ce","kind":"bikerack","longitude":8.6874598,"latitude":50.1152818,"name":"Fahrradabstellplatz","city":"Frankfurt am Main","address":null,"covered":true,"access":null,"website":null,"phone":null,"source":"OpenStreetMap/node/6291259473","sourceUpdatedAt":null,"verifiedAt":null}},{"type":"Feature","geometry":{"type":"Point","coordinates":[8.6610911,50.0958386]},"properties":{"id":"bikerack:f3f62f5c-520e-472a-9a70-20dcdc7ba3b0","kind":"bikerack","longitude":8.6610911,"latitude":50.0958386,"name":"Fahrradabstellplatz","city":"Frankfurt am Main","address":null,"covered":true,"access":null,"website":null,"phone":null,"source":"OpenStreetMap/node/1468804480","sourceUpdatedAt":null,"verifiedAt":null}},{"type":"Feature","geometry":{"type":"Point","coordinates":[8.6610905,50.0959995]},"properties":{"id":"bikerack:f439a5ee-4c52-4e79-ac1d-383534d84c0d","kind":"bikerack","longitude":8.6610905,"latitude":50.0959995,"name":"Fahrradabstellplatz","city":"Frankfurt am Main","address":null,"covered":true,"access":null,"website":null,"phone":null,"source":"OpenStreetMap/node/1468804485","sourceUpdatedAt":null,"verifiedAt":null}},{"type":"Feature","geometry":{"type":"Point","coordinates":[8.6610298,50.1161346]},"properties":{"id":"bikerack:f4a48a49-f6f9-408b-bf49-b8a4ce2ff022","kind":"bikerack","longitude":8.6610298,"latitude":50.1161346,"name":"Fahrradabstellplatz","city":"Frankfurt am Main","address":null,"covered":false,"access":null,"website":null,"phone":null,"source":"OpenStreetMap/node/10126402957","sourceUpdatedAt":null,"verifiedAt":null}},{"type":"Feature","geometry":{"type":"Point","coordinates":[8.6890024,50.1036935]},"properties":{"id":"bikerack:f4b74bdb-096b-4d50-9ac2-68dc1c62e432","kind":"bikerack","longitude":8.6890024,"latitude":50.1036935,"name":"Fahrradabstellplatz","city":"Frankfurt am Main","address":null,"covered":false,"access":null,"website":null,"phone":null,"source":"OpenStreetMap/node/7436539321","sourceUpdatedAt":null,"verifiedAt":null}},{"type":"Feature","geometry":{"type":"Point","coordinates":[8.6624953,50.0936619]},"properties":{"id":"bikerack:f4cb6844-0c42-412c-8105-9c1a615195ad","kind":"bikerack","longitude":8.6624953,"latitude":50.0936619,"name":"Fahrradabstellplatz","city":"Frankfurt am Main","address":null,"covered":false,"access":null,"website":null,"phone":null,"source":"OpenStreetMap/node/1468812545","sourceUpdatedAt":null,"verifiedAt":null}},{"type":"Feature","geometry":{"type":"Point","coordinates":[8.7007801,50.1187348]},"properties":{"id":"bikerack:f50021ae-bc61-4faa-807a-7b9cf1ed8bc1","kind":"bikerack","longitude":8.7007801,"latitude":50.1187348,"name":"Fahrradabstellplatz","city":"Frankfurt am Main","address":null,"covered":false,"access":null,"website":null,"phone":null,"source":"OpenStreetMap/node/9290853397","sourceUpdatedAt":null,"verifiedAt":null}},{"type":"Feature","geometry":{"type":"Point","coordinates":[8.6926666,50.1148798]},"properties":{"id":"bikerack:f548ea5b-2d49-4dbd-a4b2-bf37dc998b38","kind":"bikerack","longitude":8.6926666,"latitude":50.1148798,"name":"Fahrradabstellplatz","city":"Frankfurt am Main","address":null,"covered":false,"access":null,"website":null,"phone":null,"source":"OpenStreetMap/node/6355945514","sourceUpdatedAt":null,"verifiedAt":null}},{"type":"Feature","geometry":{"type":"Point","coordinates":[8.6976316,50.1193128]},"properties":{"id":"bikerack:f56421b0-5d63-43e2-9292-e6cf058c5241","kind":"bikerack","longitude":8.6976316,"latitude":50.1193128,"name":"Fahrradabstellplatz","city":"Frankfurt am Main","address":null,"covered":false,"access":null,"website":null,"phone":null,"source":"OpenStreetMap/node/9954177330","sourceUpdatedAt":null,"verifiedAt":null}},{"type":"Feature","geometry":{"type":"Point","coordinates":[8.6723232,50.1130496]},"properties":{"id":"bikerack:f5981b2f-c27c-4385-9cd5-fe5b71f5d3d9","kind":"bikerack","longitude":8.6723232,"latitude":50.1130496,"name":"Fahrradabstellplatz","city":"Frankfurt am Main","address":null,"covered":false,"access":null,"website":null,"phone":null,"source":"OpenStreetMap/node/1115274432","sourceUpdatedAt":null,"verifiedAt":null}},{"type":"Feature","geometry":{"type":"Point","coordinates":[8.6629672,50.0973792]},"properties":{"id":"bikerack:f638cca3-5eac-490e-b4da-030e99727d0c","kind":"bikerack","longitude":8.6629672,"latitude":50.0973792,"name":"Fahrradabstellplatz","city":"Frankfurt am Main","address":null,"covered":false,"access":null,"website":null,"phone":null,"source":"OpenStreetMap/node/1468804505","sourceUpdatedAt":null,"verifiedAt":null}},{"type":"Feature","geometry":{"type":"Point","coordinates":[8.6811808,50.1013475]},"properties":{"id":"bikerack:f670667f-a930-44db-b8dc-86fb707ff609","kind":"bikerack","longitude":8.6811808,"latitude":50.1013475,"name":"Fahrradabstellplatz","city":"Frankfurt am Main","address":null,"covered":false,"access":null,"website":null,"phone":null,"source":"OpenStreetMap/node/8621775795","sourceUpdatedAt":null,"verifiedAt":null}},{"type":"Feature","geometry":{"type":"Point","coordinates":[8.6851728,50.1146364]},"properties":{"id":"bikerack:f6911e5f-e6bf-40ad-b2df-e8fc578c3768","kind":"bikerack","longitude":8.6851728,"latitude":50.1146364,"name":"Fahrradabstellplatz","city":"Frankfurt am Main","address":null,"covered":false,"access":null,"website":null,"phone":null,"source":"OpenStreetMap/node/1199382084","sourceUpdatedAt":null,"verifiedAt":null}},{"type":"Feature","geometry":{"type":"Point","coordinates":[8.6861837,50.1003189]},"properties":{"id":"bikerack:f6917cea-4ea8-4014-8e1c-602298fe1e43","kind":"bikerack","longitude":8.6861837,"latitude":50.1003189,"name":"Fahrradabstellplatz","city":"Frankfurt am Main","address":null,"covered":false,"access":null,"website":null,"phone":null,"source":"OpenStreetMap/node/6789676523","sourceUpdatedAt":null,"verifiedAt":null}},{"type":"Feature","geometry":{"type":"Point","coordinates":[8.6833816,50.1121243]},"properties":{"id":"bikerack:f6d4e2b1-f647-41f9-8e47-bc80499ba9f5","kind":"bikerack","longitude":8.6833816,"latitude":50.1121243,"name":"Fahrradabstellplatz","city":"Frankfurt am Main","address":null,"covered":false,"access":null,"website":null,"phone":null,"source":"OpenStreetMap/node/9635465683","sourceUpdatedAt":null,"verifiedAt":null}},{"type":"Feature","geometry":{"type":"Point","coordinates":[8.6962219,50.1172992]},"properties":{"id":"bikerack:f7186687-6ed2-4b7f-924f-e2198abb14d4","kind":"bikerack","longitude":8.6962219,"latitude":50.1172992,"name":"Fahrradabstellplatz","city":"Frankfurt am Main","address":null,"covered":false,"access":null,"website":null,"phone":null,"source":"OpenStreetMap/node/6284200201","sourceUpdatedAt":null,"verifiedAt":null}},{"type":"Feature","geometry":{"type":"Point","coordinates":[8.6909261,50.103458]},"properties":{"id":"bikerack:f7561619-9b25-458f-8740-a0bdf00265da","kind":"bikerack","longitude":8.6909261,"latitude":50.103458,"name":"Fahrradabstellplatz","city":"Frankfurt am Main","address":null,"covered":false,"access":null,"website":null,"phone":null,"source":"OpenStreetMap/node/9142532002","sourceUpdatedAt":null,"verifiedAt":null}},{"type":"Feature","geometry":{"type":"Point","coordinates":[8.6863694,50.1153536]},"properties":{"id":"bikerack:f75669e6-5bcb-4588-b100-48446e363486","kind":"bikerack","longitude":8.6863694,"latitude":50.1153536,"name":"Fahrradabstellplatz","city":"Frankfurt am Main","address":null,"covered":false,"access":null,"website":null,"phone":null,"source":"OpenStreetMap/node/6436238061","sourceUpdatedAt":null,"verifiedAt":null}},{"type":"Feature","geometry":{"type":"Point","coordinates":[8.682493,50.0996674]},"properties":{"id":"bikerack:f7713bcf-f6ac-4242-a242-1101718260ed","kind":"bikerack","longitude":8.682493,"latitude":50.0996674,"name":"Fahrradabstellplatz","city":"Frankfurt am Main","address":null,"covered":false,"access":null,"website":null,"phone":null,"source":"OpenStreetMap/node/6873112685","sourceUpdatedAt":null,"verifiedAt":null}},{"type":"Feature","geometry":{"type":"Point","coordinates":[8.6903349,50.1032419]},"properties":{"id":"bikerack:f7822841-4c3f-47e6-8777-70ed8abbceab","kind":"bikerack","longitude":8.6903349,"latitude":50.1032419,"name":"Fahrradabstellplatz","city":"Frankfurt am Main","address":null,"covered":false,"access":null,"website":null,"phone":null,"source":"OpenStreetMap/node/8532075725","sourceUpdatedAt":null,"verifiedAt":null}},{"type":"Feature","geometry":{"type":"Point","coordinates":[8.6824263,50.1022751]},"properties":{"id":"bikerack:f7a9a8e0-d11d-4d45-89f2-5132d345e9a9","kind":"bikerack","longitude":8.6824263,"latitude":50.1022751,"name":"Fahrradabstellplatz","city":"Frankfurt am Main","address":null,"covered":false,"access":null,"website":null,"phone":null,"source":"OpenStreetMap/node/7756967633","sourceUpdatedAt":null,"verifiedAt":null}},{"type":"Feature","geometry":{"type":"Point","coordinates":[8.6859438,50.1045389]},"properties":{"id":"bikerack:f7bb4d03-53c1-4ffe-b1bc-e53b71449b31","kind":"bikerack","longitude":8.6859438,"latitude":50.1045389,"name":"Fahrradabstellplatz","city":"Frankfurt am Main","address":null,"covered":false,"access":null,"website":null,"phone":null,"source":"OpenStreetMap/node/7412512952","sourceUpdatedAt":null,"verifiedAt":null}},{"type":"Feature","geometry":{"type":"Point","coordinates":[8.6812483,50.0988396]},"properties":{"id":"bikerack:f804d508-b478-4c28-8bb6-fa5c9a086628","kind":"bikerack","longitude":8.6812483,"latitude":50.0988396,"name":"Fahrradabstellplatz","city":"Frankfurt am Main","address":null,"covered":false,"access":null,"website":null,"phone":null,"source":"OpenStreetMap/node/8836296415","sourceUpdatedAt":null,"verifiedAt":null}},{"type":"Feature","geometry":{"type":"Point","coordinates":[8.6827816,50.1165473]},"properties":{"id":"bikerack:f8129d73-91b8-4812-b8f3-77ec5c6172a5","kind":"bikerack","longitude":8.6827816,"latitude":50.1165473,"name":"Fahrradabstellplatz","city":"Frankfurt am Main","address":null,"covered":false,"access":null,"website":null,"phone":null,"source":"OpenStreetMap/node/7506661101","sourceUpdatedAt":null,"verifiedAt":null}},{"type":"Feature","geometry":{"type":"Point","coordinates":[8.6816386,50.0990227]},"properties":{"id":"bikerack:f86b1b40-9840-4b96-a60b-aa4d91455d62","kind":"bikerack","longitude":8.6816386,"latitude":50.0990227,"name":"Fahrradabstellplatz","city":"Frankfurt am Main","address":null,"covered":false,"access":null,"website":null,"phone":null,"source":"OpenStreetMap/node/12237865541","sourceUpdatedAt":null,"verifiedAt":null}},{"type":"Feature","geometry":{"type":"Point","coordinates":[8.6868564,50.1006202]},"properties":{"id":"bikerack:f892831d-70c3-4019-b88e-39f65ddc8a9d","kind":"bikerack","longitude":8.6868564,"latitude":50.1006202,"name":"Fahrradabstellplatz","city":"Frankfurt am Main","address":null,"covered":false,"access":null,"website":null,"phone":null,"source":"OpenStreetMap/node/1678728900","sourceUpdatedAt":null,"verifiedAt":null}},{"type":"Feature","geometry":{"type":"Point","coordinates":[8.6589425,50.1074716]},"properties":{"id":"bikerack:f8ab847a-d4f4-439b-9ce9-f1b7e3551aef","kind":"bikerack","longitude":8.6589425,"latitude":50.1074716,"name":"Fahrradabstellplatz","city":"Frankfurt am Main","address":null,"covered":false,"access":null,"website":null,"phone":null,"source":"OpenStreetMap/node/1782079691","sourceUpdatedAt":null,"verifiedAt":null}},{"type":"Feature","geometry":{"type":"Point","coordinates":[8.698322,50.1196185]},"properties":{"id":"bikerack:f8ab9e31-6d6a-40b1-b24a-a5b3914dc830","kind":"bikerack","longitude":8.698322,"latitude":50.1196185,"name":"Fahrradabstellplatz","city":"Frankfurt am Main","address":null,"covered":false,"access":null,"website":null,"phone":null,"source":"OpenStreetMap/node/6284198782","sourceUpdatedAt":null,"verifiedAt":null}},{"type":"Feature","geometry":{"type":"Point","coordinates":[8.679302,50.1037319]},"properties":{"id":"bikerack:f9208dbf-8bae-4167-93ca-b0dd0b1abd37","kind":"bikerack","longitude":8.679302,"latitude":50.1037319,"name":"Fahrradabstellplatz","city":"Frankfurt am Main","address":null,"covered":false,"access":null,"website":null,"phone":null,"source":"OpenStreetMap/node/1116650988","sourceUpdatedAt":null,"verifiedAt":null}},{"type":"Feature","geometry":{"type":"Point","coordinates":[8.6821114,50.1124043]},"properties":{"id":"bikerack:f92196fc-be1d-45fd-b6ee-493360c2b151","kind":"bikerack","longitude":8.6821114,"latitude":50.1124043,"name":"Fahrradabstellplatz","city":"Frankfurt am Main","address":null,"covered":false,"access":null,"website":null,"phone":null,"source":"OpenStreetMap/node/11909279720","sourceUpdatedAt":null,"verifiedAt":null}},{"type":"Feature","geometry":{"type":"Point","coordinates":[8.6608796,50.1160417]},"properties":{"id":"bikerack:f93a9ad4-04dc-4893-a78f-cacf653c9c6d","kind":"bikerack","longitude":8.6608796,"latitude":50.1160417,"name":"Fahrradabstellplatz","city":"Frankfurt am Main","address":null,"covered":false,"access":null,"website":null,"phone":null,"source":"OpenStreetMap/node/10126396477","sourceUpdatedAt":null,"verifiedAt":null}},{"type":"Feature","geometry":{"type":"Point","coordinates":[8.6708669,50.1170146]},"properties":{"id":"bikerack:f959eda7-dd21-4b4f-9014-d88e7531e8f7","kind":"bikerack","longitude":8.6708669,"latitude":50.1170146,"name":"Fahrradabstellplatz","city":"Frankfurt am Main","address":null,"covered":false,"access":null,"website":null,"phone":null,"source":"OpenStreetMap/node/7153414730","sourceUpdatedAt":null,"verifiedAt":null}},{"type":"Feature","geometry":{"type":"Point","coordinates":[8.6878232,50.1163119]},"properties":{"id":"bikerack:f978c943-3033-4fcb-acd1-93b8e6b46d12","kind":"bikerack","longitude":8.6878232,"latitude":50.1163119,"name":"Fahrradabstellplatz","city":"Frankfurt am Main","address":null,"covered":false,"access":null,"website":null,"phone":null,"source":"OpenStreetMap/node/7244710381","sourceUpdatedAt":null,"verifiedAt":null}},{"type":"Feature","geometry":{"type":"Point","coordinates":[8.6951008,50.1026786]},"properties":{"id":"bikerack:f9949ba3-4099-4adf-b39f-07342bf1cf4d","kind":"bikerack","longitude":8.6951008,"latitude":50.1026786,"name":"Fahrradabstellplatz","city":"Frankfurt am Main","address":null,"covered":false,"access":null,"website":null,"phone":null,"source":"OpenStreetMap/node/1933877431","sourceUpdatedAt":null,"verifiedAt":null}},{"type":"Feature","geometry":{"type":"Point","coordinates":[8.6705622,50.1169969]},"properties":{"id":"bikerack:f9f20436-7398-442a-b0b4-56d38e1445a2","kind":"bikerack","longitude":8.6705622,"latitude":50.1169969,"name":"Fahrradabstellplatz","city":"Frankfurt am Main","address":null,"covered":true,"access":null,"website":null,"phone":null,"source":"OpenStreetMap/node/2070465223","sourceUpdatedAt":null,"verifiedAt":null}},{"type":"Feature","geometry":{"type":"Point","coordinates":[8.68578,50.1174467]},"properties":{"id":"bikerack:fa0f8122-2080-4a55-b122-9b7669b75069","kind":"bikerack","longitude":8.68578,"latitude":50.1174467,"name":"Fahrradabstellplatz","city":"Frankfurt am Main","address":null,"covered":false,"access":null,"website":null,"phone":null,"source":"OpenStreetMap/node/6776236327","sourceUpdatedAt":null,"verifiedAt":null}},{"type":"Feature","geometry":{"type":"Point","coordinates":[8.6997275,50.1146996]},"properties":{"id":"bikerack:fa4850bd-0adb-437d-82d1-2015909f18d1","kind":"bikerack","longitude":8.6997275,"latitude":50.1146996,"name":"Fahrradabstellplatz","city":"Frankfurt am Main","address":null,"covered":false,"access":null,"website":null,"phone":null,"source":"OpenStreetMap/node/6015903035","sourceUpdatedAt":null,"verifiedAt":null}},{"type":"Feature","geometry":{"type":"Point","coordinates":[8.6611464,50.1142211]},"properties":{"id":"bikerack:fabe221b-7d81-4091-9009-5d227aa4aae1","kind":"bikerack","longitude":8.6611464,"latitude":50.1142211,"name":"Fahrradabstellplatz","city":"Frankfurt am Main","address":null,"covered":false,"access":null,"website":null,"phone":null,"source":"OpenStreetMap/node/11288385127","sourceUpdatedAt":null,"verifiedAt":null}},{"type":"Feature","geometry":{"type":"Point","coordinates":[8.6772224,50.1052594]},"properties":{"id":"bikerack:faccea7c-723b-46f2-9478-10b3f01db42c","kind":"bikerack","longitude":8.6772224,"latitude":50.1052594,"name":"Fahrradabstellplatz","city":"Frankfurt am Main","address":null,"covered":false,"access":null,"website":null,"phone":null,"source":"OpenStreetMap/node/6712588703","sourceUpdatedAt":null,"verifiedAt":null}},{"type":"Feature","geometry":{"type":"Point","coordinates":[8.6794902,50.1154895]},"properties":{"id":"bikerack:fb0e8213-a9f0-4059-bd71-8bee8e4d129f","kind":"bikerack","longitude":8.6794902,"latitude":50.1154895,"name":"Fahrradabstellplatz","city":"Frankfurt am Main","address":null,"covered":false,"access":null,"website":null,"phone":null,"source":"OpenStreetMap/node/6367782807","sourceUpdatedAt":null,"verifiedAt":null}},{"type":"Feature","geometry":{"type":"Point","coordinates":[8.6823373,50.1118058]},"properties":{"id":"bikerack:fb28427c-4672-4c7b-9c9c-0f3713d66524","kind":"bikerack","longitude":8.6823373,"latitude":50.1118058,"name":"Fahrradabstellplatz","city":"Frankfurt am Main","address":null,"covered":false,"access":null,"website":null,"phone":null,"source":"OpenStreetMap/node/9636435644","sourceUpdatedAt":null,"verifiedAt":null}},{"type":"Feature","geometry":{"type":"Point","coordinates":[8.6873516,50.1100684]},"properties":{"id":"bikerack:fb3677e2-bba4-4c41-a6cf-c8653c203d85","kind":"bikerack","longitude":8.6873516,"latitude":50.1100684,"name":"Fahrradabstellplatz","city":"Frankfurt am Main","address":null,"covered":false,"access":null,"website":null,"phone":null,"source":"OpenStreetMap/node/1678613547","sourceUpdatedAt":null,"verifiedAt":null}},{"type":"Feature","geometry":{"type":"Point","coordinates":[8.681217,50.0980947]},"properties":{"id":"bikerack:fb5157a9-ecbe-43a3-a69e-68ea184a2812","kind":"bikerack","longitude":8.681217,"latitude":50.0980947,"name":"Fahrradabstellplatz","city":"Frankfurt am Main","address":null,"covered":false,"access":null,"website":null,"phone":null,"source":"OpenStreetMap/node/7746810836","sourceUpdatedAt":null,"verifiedAt":null}},{"type":"Feature","geometry":{"type":"Point","coordinates":[8.6769743,50.1141264]},"properties":{"id":"bikerack:fb5f18e0-2307-4247-83c4-fb584a6ff1da","kind":"bikerack","longitude":8.6769743,"latitude":50.1141264,"name":"Fahrradabstellplatz","city":"Frankfurt am Main","address":null,"covered":false,"access":null,"website":null,"phone":null,"source":"OpenStreetMap/node/6284198750","sourceUpdatedAt":null,"verifiedAt":null}},{"type":"Feature","geometry":{"type":"Point","coordinates":[8.693221,50.1135501]},"properties":{"id":"bikerack:fbe1d91f-7c79-40ce-885e-6a6fefa142a0","kind":"bikerack","longitude":8.693221,"latitude":50.1135501,"name":"Fahrradabstellplatz","city":"Frankfurt am Main","address":null,"covered":false,"access":null,"website":null,"phone":null,"source":"OpenStreetMap/node/11659614347","sourceUpdatedAt":null,"verifiedAt":null}},{"type":"Feature","geometry":{"type":"Point","coordinates":[8.6883611,50.1051146]},"properties":{"id":"bikerack:fc55f9fc-5782-4002-a8f8-789cf3859f67","kind":"bikerack","longitude":8.6883611,"latitude":50.1051146,"name":"Fahrradabstellplatz","city":"Frankfurt am Main","address":null,"covered":false,"access":null,"website":null,"phone":null,"source":"OpenStreetMap/node/12073320318","sourceUpdatedAt":null,"verifiedAt":null}},{"type":"Feature","geometry":{"type":"Point","coordinates":[8.6796169,50.1192949]},"properties":{"id":"bikerack:fc6d2436-4e81-49ef-9683-cc1e61008a7f","kind":"bikerack","longitude":8.6796169,"latitude":50.1192949,"name":"Fahrradabstellplatz","city":"Frankfurt am Main","address":null,"covered":false,"access":null,"website":null,"phone":null,"source":"OpenStreetMap/node/9686447849","sourceUpdatedAt":null,"verifiedAt":null}},{"type":"Feature","geometry":{"type":"Point","coordinates":[8.6986286,50.1095611]},"properties":{"id":"bikerack:fc6e3518-5b80-4d5e-bd27-4196744f606e","kind":"bikerack","longitude":8.6986286,"latitude":50.1095611,"name":"Fahrradabstellplatz","city":"Frankfurt am Main","address":null,"covered":false,"access":null,"website":null,"phone":null,"source":"OpenStreetMap/node/2917046271","sourceUpdatedAt":null,"verifiedAt":null}},{"type":"Feature","geometry":{"type":"Point","coordinates":[8.6836558,50.1126023]},"properties":{"id":"bikerack:fdb938b4-ec25-4d28-8061-97db70f919b5","kind":"bikerack","longitude":8.6836558,"latitude":50.1126023,"name":"Fahrradabstellplatz","city":"Frankfurt am Main","address":null,"covered":false,"access":null,"website":null,"phone":null,"source":"OpenStreetMap/node/9288319623","sourceUpdatedAt":null,"verifiedAt":null}},{"type":"Feature","geometry":{"type":"Point","coordinates":[8.68141,50.0947264]},"properties":{"id":"bikerack:fdd3ac7b-88fb-4b8d-914e-5dded361c859","kind":"bikerack","longitude":8.68141,"latitude":50.0947264,"name":"Fahrradabstellplatz","city":"Frankfurt am Main","address":null,"covered":false,"access":null,"website":null,"phone":null,"source":"OpenStreetMap/node/9669617252","sourceUpdatedAt":null,"verifiedAt":null}},{"type":"Feature","geometry":{"type":"Point","coordinates":[8.6795575,50.1090171]},"properties":{"id":"bikerack:fde0e766-e26c-4ff2-8237-6bfef14c2e33","kind":"bikerack","longitude":8.6795575,"latitude":50.1090171,"name":"Fahrradabstellplatz","city":"Frankfurt am Main","address":null,"covered":false,"access":null,"website":null,"phone":null,"source":"OpenStreetMap/node/1396840453","sourceUpdatedAt":null,"verifiedAt":null}},{"type":"Feature","geometry":{"type":"Point","coordinates":[8.6889119,50.1188293]},"properties":{"id":"bikerack:fe1625fe-2e58-41c8-b588-f3868da0b576","kind":"bikerack","longitude":8.6889119,"latitude":50.1188293,"name":"Fahrradabstellplatz","city":"Frankfurt am Main","address":null,"covered":false,"access":null,"website":null,"phone":null,"source":"OpenStreetMap/node/6284200225","sourceUpdatedAt":null,"verifiedAt":null}},{"type":"Feature","geometry":{"type":"Point","coordinates":[8.6629538,50.1009352]},"properties":{"id":"bikerack:fe3f4369-bc71-4e1d-9f20-ecf99d6f689f","kind":"bikerack","longitude":8.6629538,"latitude":50.1009352,"name":"Fahrradabstellplatz","city":"Frankfurt am Main","address":null,"covered":false,"access":null,"website":null,"phone":null,"source":"OpenStreetMap/node/3399720060","sourceUpdatedAt":null,"verifiedAt":null}},{"type":"Feature","geometry":{"type":"Point","coordinates":[8.6594701,50.1070435]},"properties":{"id":"bikerack:fed65948-5b23-41a2-ba4c-1054164d16c5","kind":"bikerack","longitude":8.6594701,"latitude":50.1070435,"name":"Fahrradabstellplatz","city":"Frankfurt am Main","address":null,"covered":false,"access":null,"website":null,"phone":null,"source":"OpenStreetMap/node/12898987219","sourceUpdatedAt":null,"verifiedAt":null}},{"type":"Feature","geometry":{"type":"Point","coordinates":[8.6711104,50.115801]},"properties":{"id":"bikerack:fef9fca5-d77b-4741-af7f-74dd97c93d79","kind":"bikerack","longitude":8.6711104,"latitude":50.115801,"name":"Fahrradabstellplatz","city":"Frankfurt am Main","address":null,"covered":false,"access":null,"website":null,"phone":null,"source":"OpenStreetMap/node/7153414735","sourceUpdatedAt":null,"verifiedAt":null}},{"type":"Feature","geometry":{"type":"Point","coordinates":[8.6803438,50.1186077]},"properties":{"id":"bikerack:fefa7bfe-c4d7-4a65-a7d2-5449914325ba","kind":"bikerack","longitude":8.6803438,"latitude":50.1186077,"name":"Fahrradabstellplatz","city":"Frankfurt am Main","address":null,"covered":false,"access":null,"website":null,"phone":null,"source":"OpenStreetMap/node/10961981778","sourceUpdatedAt":null,"verifiedAt":null}},{"type":"Feature","geometry":{"type":"Point","coordinates":[8.6703765,50.1080408]},"properties":{"id":"bikerack:ff4dde01-bcc4-47e6-9f3a-e08ca5d53716","kind":"bikerack","longitude":8.6703765,"latitude":50.1080408,"name":"Fahrradabstellplatz","city":"Frankfurt am Main","address":null,"covered":false,"access":null,"website":null,"phone":null,"source":"OpenStreetMap/node/7215095153","sourceUpdatedAt":null,"verifiedAt":null}},{"type":"Feature","geometry":{"type":"Point","coordinates":[8.6988825,50.1132854]},"properties":{"id":"bikerack:ff7079dd-8185-48bc-a2f8-41d5300eed05","kind":"bikerack","longitude":8.6988825,"latitude":50.1132854,"name":"Fahrradabstellplatz","city":"Frankfurt am Main","address":null,"covered":false,"access":null,"website":null,"phone":null,"source":"OpenStreetMap/node/7811775375","sourceUpdatedAt":null,"verifiedAt":null}},{"type":"Feature","geometry":{"type":"Point","coordinates":[8.666334,50.1145406]},"properties":{"id":"bikerack:ffccd6d0-1fb3-439b-874a-d852eb0396c5","kind":"bikerack","longitude":8.666334,"latitude":50.1145406,"name":"Fahrradabstellplatz","city":"Frankfurt am Main","address":null,"covered":false,"access":null,"website":null,"phone":null,"source":"OpenStreetMap/node/13626956549","sourceUpdatedAt":null,"verifiedAt":null}},{"type":"Feature","geometry":{"type":"Point","coordinates":[8.6798373,50.113416]},"properties":{"id":"repair:163852fe-3ba1-4630-97cb-6c0c7f52f6e9","kind":"repair","longitude":8.6798373,"latitude":50.113416,"name":"Fahrradreparaturstation","city":"Frankfurt am Main","address":null,"covered":false,"access":null,"website":null,"phone":null,"source":"OpenStreetMap/node/7750363488","sourceUpdatedAt":null,"verifiedAt":null}},{"type":"Feature","geometry":{"type":"Point","coordinates":[8.6703034,50.1165904]},"properties":{"id":"repair:2e42105d-d05d-44cc-8d0c-edc5052d7d87","kind":"repair","longitude":8.6703034,"latitude":50.1165904,"name":"Fahrradreparaturstation","city":"Frankfurt am Main","address":null,"covered":false,"access":null,"website":null,"phone":null,"source":"OpenStreetMap/node/11876833969","sourceUpdatedAt":null,"verifiedAt":null}},{"type":"Feature","geometry":{"type":"Point","coordinates":[8.6921473,50.1067715]},"properties":{"id":"repair:2ec12fd9-3f33-4e2d-a5d4-02d5263edb26","kind":"repair","longitude":8.6921473,"latitude":50.1067715,"name":"Fahrradreparaturstation","city":"Frankfurt am Main","address":null,"covered":false,"access":null,"website":null,"phone":null,"source":"OpenStreetMap/node/12345681683","sourceUpdatedAt":null,"verifiedAt":null}},{"type":"Feature","geometry":{"type":"Point","coordinates":[8.6620391,50.101743]},"properties":{"id":"repair:4dd4dcfb-8a46-4855-b52c-108e2a093fa2","kind":"repair","longitude":8.6620391,"latitude":50.101743,"name":"Fahrradreparaturstation","city":"Frankfurt am Main","address":null,"covered":false,"access":null,"website":null,"phone":null,"source":"OpenStreetMap/node/7773379783","sourceUpdatedAt":null,"verifiedAt":null}},{"type":"Feature","geometry":{"type":"Point","coordinates":[8.6732018,50.110556]},"properties":{"id":"repair:74698941-5927-4850-961c-fea42537c47f","kind":"repair","longitude":8.6732018,"latitude":50.110556,"name":"zo.bike","city":"Frankfurt am Main","address":null,"covered":false,"access":null,"website":null,"phone":null,"source":"OpenStreetMap/node/10727389473","sourceUpdatedAt":null,"verifiedAt":null}},{"type":"Feature","geometry":{"type":"Point","coordinates":[8.6643632,50.1015866]},"properties":{"id":"repair:99823e19-71c8-4628-8eaa-4d4535049e5f","kind":"repair","longitude":8.6643632,"latitude":50.1015866,"name":"Fahrradreparaturstation","city":"Frankfurt am Main","address":null,"covered":false,"access":null,"website":null,"phone":null,"source":"OpenStreetMap/node/10858555178","sourceUpdatedAt":null,"verifiedAt":null}},{"type":"Feature","geometry":{"type":"Point","coordinates":[8.6876869,50.1145125]},"properties":{"id":"repair:ad39d7b7-3a7a-487d-b51a-3afcd8878a31","kind":"repair","longitude":8.6876869,"latitude":50.1145125,"name":"Fahrradreparaturstation","city":"Frankfurt am Main","address":null,"covered":false,"access":null,"website":null,"phone":null,"source":"OpenStreetMap/node/7750363489","sourceUpdatedAt":null,"verifiedAt":null}},{"type":"Feature","geometry":{"type":"Point","coordinates":[8.6705191,50.1089679]},"properties":{"id":"repair:d53f4876-6022-4399-9c04-8ff84a7d8158","kind":"repair","longitude":8.6705191,"latitude":50.1089679,"name":"Fahrradreparaturstation","city":"Frankfurt am Main","address":null,"covered":false,"access":null,"website":null,"phone":null,"source":"OpenStreetMap/node/9233678967","sourceUpdatedAt":null,"verifiedAt":null}},{"type":"Feature","geometry":{"type":"Point","coordinates":[8.6780866,50.1133977]},"properties":{"id":"repair:e7608a1b-b8b8-4723-8b40-af65721bacbe","kind":"repair","longitude":8.6780866,"latitude":50.1133977,"name":"Fahrradreparaturstation","city":"Frankfurt am Main","address":null,"covered":false,"access":null,"website":null,"phone":null,"source":"OpenStreetMap/node/9026890852","sourceUpdatedAt":null,"verifiedAt":null}},{"type":"Feature","geometry":{"type":"Point","coordinates":[8.6918712,50.1130254]},"properties":{"id":"service:3696d97f-81b3-42c2-8c21-3c4b283cddaf","kind":"service","longitude":8.6918712,"latitude":50.1130254,"name":"Parrots & Crows","city":"Frankfurt am Main","address":null,"covered":null,"access":null,"website":null,"phone":null,"source":"OpenStreetMap/node/4059701800","sourceUpdatedAt":null,"verifiedAt":null}},{"type":"Feature","geometry":{"type":"Point","coordinates":[8.6806746,50.0961859]},"properties":{"id":"service:3c42b359-06d4-4744-9fdb-3664d523d0a1","kind":"service","longitude":8.6806746,"latitude":50.0961859,"name":"feine velos","city":"Frankfurt am Main","address":null,"covered":null,"access":null,"website":null,"phone":null,"source":"OpenStreetMap/node/6767751118","sourceUpdatedAt":null,"verifiedAt":null}},{"type":"Feature","geometry":{"type":"Point","coordinates":[8.6863924,50.1205335]},"properties":{"id":"service:46bfb314-0ba5-44e9-8f4c-9fccb6bb0ab0","kind":"service","longitude":8.6863924,"latitude":50.1205335,"name":"Schraube & Rad","city":"Frankfurt am Main","address":null,"covered":null,"access":null,"website":null,"phone":null,"source":"OpenStreetMap/node/6331246367","sourceUpdatedAt":null,"verifiedAt":null}},{"type":"Feature","geometry":{"type":"Point","coordinates":[8.6944118,50.1195706]},"properties":{"id":"service:61f419d2-e61a-44eb-a548-296ee16d3820","kind":"service","longitude":8.6944118,"latitude":50.1195706,"name":"acht gang","city":"Frankfurt am Main","address":null,"covered":null,"access":null,"website":null,"phone":null,"source":"OpenStreetMap/node/2252623991","sourceUpdatedAt":null,"verifiedAt":null}},{"type":"Feature","geometry":{"type":"Point","coordinates":[8.6973843,50.1140612]},"properties":{"id":"service:78d8e3b0-5cb9-4024-9ee4-8b5ba99dc111","kind":"service","longitude":8.6973843,"latitude":50.1140612,"name":"Montimare","city":"Frankfurt am Main","address":null,"covered":null,"access":null,"website":null,"phone":null,"source":"OpenStreetMap/node/317817757","sourceUpdatedAt":null,"verifiedAt":null}},{"type":"Feature","geometry":{"type":"Point","coordinates":[8.6846145,50.1027086]},"properties":{"id":"service:8e76fee2-8924-4bb8-a6bc-3f34fb4d0e85","kind":"service","longitude":8.6846145,"latitude":50.1027086,"name":"Kettenesel","city":"Frankfurt am Main","address":null,"covered":null,"access":null,"website":null,"phone":null,"source":"OpenStreetMap/node/2672784776","sourceUpdatedAt":null,"verifiedAt":null}},{"type":"Feature","geometry":{"type":"Point","coordinates":[8.6856491,50.1053417]},"properties":{"id":"service:92646e40-9f84-4876-8a01-8101af856bf7","kind":"service","longitude":8.6856491,"latitude":50.1053417,"name":"Frankfurt Bicycle Company","city":"Frankfurt am Main","address":null,"covered":null,"access":null,"website":null,"phone":null,"source":"OpenStreetMap/node/4387402810","sourceUpdatedAt":null,"verifiedAt":null}},{"type":"Feature","geometry":{"type":"Point","coordinates":[8.6847369,50.1027172]},"properties":{"id":"service:b76dadef-2312-40ef-b6f5-91b327d7c338","kind":"service","longitude":8.6847369,"latitude":50.1027172,"name":"Kettenesel","city":"Frankfurt am Main","address":null,"covered":null,"access":null,"website":null,"phone":null,"source":"OpenStreetMap/node/5462258067","sourceUpdatedAt":null,"verifiedAt":null}},{"type":"Feature","geometry":{"type":"Point","coordinates":[8.6833599,50.1130319]},"properties":{"id":"service:bebd7683-fc8a-4888-8740-994546c4e2b2","kind":"service","longitude":8.6833599,"latitude":50.1130319,"name":"Rebicycle","city":"Frankfurt am Main","address":null,"covered":null,"access":null,"website":null,"phone":null,"source":"OpenStreetMap/node/2591208688","sourceUpdatedAt":null,"verifiedAt":null}},{"type":"Feature","geometry":{"type":"Point","coordinates":[8.688148,50.1098899]},"properties":{"id":"service:c6bda3b4-2def-4f06-a464-97b831d0ec56","kind":"service","longitude":8.688148,"latitude":50.1098899,"name":"Fixiestube","city":"Frankfurt am Main","address":null,"covered":null,"access":null,"website":null,"phone":null,"source":"OpenStreetMap/node/1720489358","sourceUpdatedAt":null,"verifiedAt":null}},{"type":"Feature","geometry":{"type":"Point","coordinates":[8.6704758,50.1092877]},"properties":{"id":"service:d467fae1-0e5b-4432-ab59-d1d23f89b891","kind":"service","longitude":8.6704758,"latitude":50.1092877,"name":"die Werkstatt","city":"Frankfurt am Main","address":null,"covered":null,"access":null,"website":null,"phone":null,"source":"OpenStreetMap/node/8616839563","sourceUpdatedAt":null,"verifiedAt":null}},{"type":"Feature","geometry":{"type":"Point","coordinates":[8.6874572,50.1069604]},"properties":{"id":"service:dfaa5d40-0e5a-4996-9bb6-8b58176cbb84","kind":"service","longitude":8.6874572,"latitude":50.1069604,"name":"Pietro Wetzel","city":"Frankfurt am Main","address":null,"covered":null,"access":null,"website":null,"phone":null,"source":"OpenStreetMap/node/1271433859","sourceUpdatedAt":null,"verifiedAt":null}},{"type":"Feature","geometry":{"type":"Point","coordinates":[8.6703492,50.1090518]},"properties":{"id":"service:e02a018e-3cb3-41a9-88c6-39fbb485391f","kind":"service","longitude":8.6703492,"latitude":50.1090518,"name":"Bike Boutique Frankfurt","city":"Frankfurt am Main","address":null,"covered":null,"access":null,"website":null,"phone":null,"source":"OpenStreetMap/node/3495522000","sourceUpdatedAt":null,"verifiedAt":null}},{"type":"Feature","geometry":{"type":"Point","coordinates":[8.6894318,50.1205673]},"properties":{"id":"service:e6d737a6-d335-4db8-917f-36e8c3ec1ff3","kind":"service","longitude":8.6894318,"latitude":50.1205673,"name":"Main Bike","city":"Frankfurt am Main","address":null,"covered":null,"access":null,"website":null,"phone":null,"source":"OpenStreetMap/node/303787615","sourceUpdatedAt":null,"verifiedAt":null}},{"type":"Feature","geometry":{"type":"Point","coordinates":[8.6911196,50.103733]},"properties":{"id":"service:ff68a0b7-1801-435f-a746-ede8248fd2d4","kind":"service","longitude":8.6911196,"latitude":50.103733,"name":"Velopraxis","city":"Frankfurt am Main","address":null,"covered":null,"access":null,"website":null,"phone":null,"source":"OpenStreetMap/node/1720523080","sourceUpdatedAt":null,"verifiedAt":null}},{"type":"Feature","geometry":{"type":"Point","coordinates":[8.6860516,50.1117052]},"properties":{"id":"water:0bd3a3b0-4b55-42ba-96f0-cad48b99728a","kind":"water","longitude":8.6860516,"latitude":50.1117052,"name":"Löwenbrunnen","city":"Frankfurt am Main","address":null,"covered":null,"access":null,"website":null,"phone":null,"source":"OpenStreetMap/node/1851928711","sourceUpdatedAt":null,"verifiedAt":null}},{"type":"Feature","geometry":{"type":"Point","coordinates":[8.6788389,50.1135568]},"properties":{"id":"water:2fc4c6e7-19c1-4eff-b018-51e86b25ec56","kind":"water","longitude":8.6788389,"latitude":50.1135568,"name":"Hauptwache-Brunnen","city":"Frankfurt am Main","address":null,"covered":null,"access":null,"website":null,"phone":null,"source":"OpenStreetMap/node/13369858622","sourceUpdatedAt":null,"verifiedAt":null}},{"type":"Feature","geometry":{"type":"Point","coordinates":[8.6634528,50.104852]},"properties":{"id":"water:375c3805-bc80-4cf1-85a8-ef61a9b748ba","kind":"water","longitude":8.6634528,"latitude":50.104852,"name":"Mainova Trinkbrunnen","city":"Frankfurt am Main","address":null,"covered":null,"access":null,"website":null,"phone":null,"source":"OpenStreetMap/node/12176098799","sourceUpdatedAt":null,"verifiedAt":null}},{"type":"Feature","geometry":{"type":"Point","coordinates":[8.6854322,50.1000495]},"properties":{"id":"water:42bafd79-318f-4835-b712-8295bd7c2683","kind":"water","longitude":8.6854322,"latitude":50.1000495,"name":"Brunnen Diesterwegplatz","city":"Frankfurt am Main","address":null,"covered":null,"access":null,"website":null,"phone":null,"source":"OpenStreetMap/node/11341401166","sourceUpdatedAt":null,"verifiedAt":null}},{"type":"Feature","geometry":{"type":"Point","coordinates":[8.6818421,50.1110028]},"properties":{"id":"water:52d2d31a-92f0-4ef9-a219-522f79196f3d","kind":"water","longitude":8.6818421,"latitude":50.1110028,"name":"Trinkwasser","city":"Frankfurt am Main","address":null,"covered":null,"access":null,"website":null,"phone":null,"source":"OpenStreetMap/node/11975338489","sourceUpdatedAt":null,"verifiedAt":null}},{"type":"Feature","geometry":{"type":"Point","coordinates":[8.6995904,50.1109307]},"properties":{"id":"water:52d5b332-70ca-4f4e-ade3-f3bc9394a836","kind":"water","longitude":8.6995904,"latitude":50.1109307,"name":"Brunnen am Paul-Arnsberg-Platz","city":"Frankfurt am Main","address":null,"covered":null,"access":null,"website":null,"phone":null,"source":"OpenStreetMap/node/12409430606","sourceUpdatedAt":null,"verifiedAt":null}},{"type":"Feature","geometry":{"type":"Point","coordinates":[8.665564,50.1106586]},"properties":{"id":"water:5fc20683-ea18-4027-ae2a-7809026e4572","kind":"water","longitude":8.665564,"latitude":50.1106586,"name":"Mainova Trinkbrunnen","city":"Frankfurt am Main","address":null,"covered":null,"access":null,"website":null,"phone":null,"source":"OpenStreetMap/node/9881477125","sourceUpdatedAt":null,"verifiedAt":null}},{"type":"Feature","geometry":{"type":"Point","coordinates":[8.6804892,50.1136457]},"properties":{"id":"water:6252ac95-4369-40f1-a33f-18821a822625","kind":"water","longitude":8.6804892,"latitude":50.1136457,"name":"Mainova Trinkbrunnen","city":"Frankfurt am Main","address":null,"covered":null,"access":null,"website":null,"phone":null,"source":"OpenStreetMap/node/4410622565","sourceUpdatedAt":null,"verifiedAt":null}},{"type":"Feature","geometry":{"type":"Point","coordinates":[8.6896027,50.1066696]},"properties":{"id":"water:955e66a5-d601-4a8c-93f7-9720ce21007b","kind":"water","longitude":8.6896027,"latitude":50.1066696,"name":"Bäckerbrunnen","city":"Frankfurt am Main","address":null,"covered":null,"access":null,"website":null,"phone":null,"source":"OpenStreetMap/node/9021352445","sourceUpdatedAt":null,"verifiedAt":null}},{"type":"Feature","geometry":{"type":"Point","coordinates":[8.6979062,50.1158429]},"properties":{"id":"water:c4c04c45-b84e-43b9-86bf-22256dc9be09","kind":"water","longitude":8.6979062,"latitude":50.1158429,"name":"Mainova Trinkbrunnen","city":"Frankfurt am Main","address":null,"covered":null,"access":null,"website":null,"phone":null,"source":"OpenStreetMap/node/12193218409","sourceUpdatedAt":null,"verifiedAt":null}},{"type":"Feature","geometry":{"type":"Point","coordinates":[8.6919156,50.1057446]},"properties":{"id":"water:d22303b7-66d3-48a7-bcac-fca87ebb8a0a","kind":"water","longitude":8.6919156,"latitude":50.1057446,"name":"Hirschbrunnen","city":"Frankfurt am Main","address":null,"covered":null,"access":null,"website":null,"phone":null,"source":"OpenStreetMap/node/9021352438","sourceUpdatedAt":null,"verifiedAt":null}},{"type":"Feature","geometry":{"type":"Point","coordinates":[8.6656247,50.1076262]},"properties":{"id":"water:e484a9c5-9f36-4666-bec7-5d3db0d73817","kind":"water","longitude":8.6656247,"latitude":50.1076262,"name":"Mainova Trinkbrunnen","city":"Frankfurt am Main","address":null,"covered":null,"access":null,"website":null,"phone":null,"source":"OpenStreetMap/node/9881477124","sourceUpdatedAt":null,"verifiedAt":null}},{"type":"Feature","geometry":{"type":"Point","coordinates":[8.673806,50.1146909]},"properties":{"id":"water:e5f03892-dfcb-4677-b7b8-b54eba0c855a","kind":"water","longitude":8.673806,"latitude":50.1146909,"name":"Mainova Trinkbrunnen","city":"Frankfurt am Main","address":null,"covered":null,"access":null,"website":null,"phone":null,"source":"OpenStreetMap/node/4764180883","sourceUpdatedAt":null,"verifiedAt":null}},{"type":"Feature","geometry":{"type":"Point","coordinates":[8.6898547,50.1058471]},"properties":{"id":"water:f1639a4d-fc7f-4f03-8dd7-dbeb57acdd2d","kind":"water","longitude":8.6898547,"latitude":50.1058471,"name":"Paradiesbrunnen","city":"Frankfurt am Main","address":null,"covered":null,"access":null,"website":null,"phone":null,"source":"OpenStreetMap/node/9021352442","sourceUpdatedAt":null,"verifiedAt":null}}]}