{"type":"FeatureCollection","features":[{"type":"Feature","geometry":{"type":"Point","coordinates":[8.6667672,49.4128509]},"properties":{"id":"bikerack:02b52bac-0be3-48ea-83a1-741c88fc1ee8","kind":"bikerack","longitude":8.6667672,"latitude":49.4128509,"name":"Fahrradabstellplatz","city":"Heidelberg","address":null,"covered":false,"access":null,"website":null,"phone":null,"source":"OpenStreetMap/node/1312379314","sourceUpdatedAt":null,"verifiedAt":null}},{"type":"Feature","geometry":{"type":"Point","coordinates":[8.6856538,49.4333498]},"properties":{"id":"bikerack:04abdb1e-0c0d-4298-bc62-168b1411d6b1","kind":"bikerack","longitude":8.6856538,"latitude":49.4333498,"name":"Fahrradabstellplatz","city":"Dossenheim","address":null,"covered":false,"access":null,"website":null,"phone":null,"source":"OpenStreetMap/node/12709862002","sourceUpdatedAt":null,"verifiedAt":null}},{"type":"Feature","geometry":{"type":"Point","coordinates":[8.6710975,49.4128781]},"properties":{"id":"bikerack:06a3f9d0-108e-4c78-af2e-ddc12abae975","kind":"bikerack","longitude":8.6710975,"latitude":49.4128781,"name":"Fahrradabstellplatz","city":"Heidelberg","address":null,"covered":true,"access":null,"website":null,"phone":null,"source":"OpenStreetMap/node/13333668185","sourceUpdatedAt":null,"verifiedAt":null}},{"type":"Feature","geometry":{"type":"Point","coordinates":[8.6744758,49.4146073]},"properties":{"id":"bikerack:06afb137-a872-438d-b886-4270d3c99117","kind":"bikerack","longitude":8.6744758,"latitude":49.4146073,"name":"Fahrradabstellplatz","city":"Heidelberg","address":null,"covered":false,"access":null,"website":null,"phone":null,"source":"OpenStreetMap/node/6363543144","sourceUpdatedAt":null,"verifiedAt":null}},{"type":"Feature","geometry":{"type":"Point","coordinates":[8.6729326,49.4175992]},"properties":{"id":"bikerack:06b834e2-1a13-4f60-90c6-d29777790c6a","kind":"bikerack","longitude":8.6729326,"latitude":49.4175992,"name":"Fahrradabstellplatz","city":"Heidelberg","address":null,"covered":false,"access":null,"website":null,"phone":null,"source":"OpenStreetMap/node/6727223476","sourceUpdatedAt":null,"verifiedAt":null}},{"type":"Feature","geometry":{"type":"Point","coordinates":[8.6629601,49.4198221]},"properties":{"id":"bikerack:06e15547-22ef-4199-8ed7-9b8a0a294398","kind":"bikerack","longitude":8.6629601,"latitude":49.4198221,"name":"Fahrradabstellplatz","city":"Heidelberg","address":null,"covered":true,"access":null,"website":null,"phone":null,"source":"OpenStreetMap/node/12051080381","sourceUpdatedAt":null,"verifiedAt":null}},{"type":"Feature","geometry":{"type":"Point","coordinates":[8.6763466,49.41298]},"properties":{"id":"bikerack:06ea7472-7df2-467d-b4e0-804f9b1f8d7b","kind":"bikerack","longitude":8.6763466,"latitude":49.41298,"name":"Fahrradabstellplatz","city":"Heidelberg","address":null,"covered":false,"access":null,"website":null,"phone":null,"source":"OpenStreetMap/way/333178608","sourceUpdatedAt":null,"verifiedAt":null}},{"type":"Feature","geometry":{"type":"Point","coordinates":[8.6819337,49.4347006]},"properties":{"id":"bikerack:09bdeb12-d823-466c-9f39-cf3ebf611251","kind":"bikerack","longitude":8.6819337,"latitude":49.4347006,"name":"Fahrradabstellplatz","city":"Dossenheim","address":null,"covered":true,"access":null,"website":null,"phone":null,"source":"OpenStreetMap/node/1312363066","sourceUpdatedAt":null,"verifiedAt":null}},{"type":"Feature","geometry":{"type":"Point","coordinates":[8.6747353,49.4209501]},"properties":{"id":"bikerack:09e30ac6-e679-4bb1-a708-bdc1432beb85","kind":"bikerack","longitude":8.6747353,"latitude":49.4209501,"name":"Fahrradabstellplatz","city":"Heidelberg","address":null,"covered":false,"access":null,"website":null,"phone":null,"source":"OpenStreetMap/way/280252305","sourceUpdatedAt":null,"verifiedAt":null}},{"type":"Feature","geometry":{"type":"Point","coordinates":[8.6871184,49.412864]},"properties":{"id":"bikerack:0ac592f7-4d30-4e6c-8c11-f77eb5caad1e","kind":"bikerack","longitude":8.6871184,"latitude":49.412864,"name":"Fahrradabstellplatz","city":"Heidelberg","address":null,"covered":false,"access":null,"website":null,"phone":null,"source":"OpenStreetMap/node/12068123715","sourceUpdatedAt":null,"verifiedAt":null}},{"type":"Feature","geometry":{"type":"Point","coordinates":[8.6811408,49.4245139]},"properties":{"id":"bikerack:0aefa826-fd0b-40f0-98b6-c9a14743c893","kind":"bikerack","longitude":8.6811408,"latitude":49.4245139,"name":"Fahrradabstellplatz","city":"Heidelberg","address":null,"covered":false,"access":null,"website":null,"phone":null,"source":"OpenStreetMap/node/8715433145","sourceUpdatedAt":null,"verifiedAt":null}},{"type":"Feature","geometry":{"type":"Point","coordinates":[8.6694697,49.4159609]},"properties":{"id":"bikerack:0b051c96-0de0-437a-9685-5811df63d3d6","kind":"bikerack","longitude":8.6694697,"latitude":49.4159609,"name":"Fahrradabstellplatz","city":"Heidelberg","address":null,"covered":true,"access":null,"website":null,"phone":null,"source":"OpenStreetMap/node/5582329382","sourceUpdatedAt":null,"verifiedAt":null}},{"type":"Feature","geometry":{"type":"Point","coordinates":[8.6922277,49.4145597]},"properties":{"id":"bikerack:0b389bae-3f9c-4a21-ad9a-ba537a50714d","kind":"bikerack","longitude":8.6922277,"latitude":49.4145597,"name":"Fahrradabstellplatz","city":"Heidelberg","address":null,"covered":false,"access":null,"website":null,"phone":null,"source":"OpenStreetMap/node/13147880051","sourceUpdatedAt":null,"verifiedAt":null}},{"type":"Feature","geometry":{"type":"Point","coordinates":[8.6924765,49.4134525]},"properties":{"id":"bikerack:0cb5efc4-6ebf-4e5a-ba13-ac5bbc68b1ba","kind":"bikerack","longitude":8.6924765,"latitude":49.4134525,"name":"Fahrradabstellplatz","city":"Heidelberg","address":null,"covered":true,"access":null,"website":null,"phone":null,"source":"OpenStreetMap/node/10956849365","sourceUpdatedAt":null,"verifiedAt":null}},{"type":"Feature","geometry":{"type":"Point","coordinates":[8.6736443,49.4133644]},"properties":{"id":"bikerack:0d72634b-6cc5-4385-a183-1eac8328a1bc","kind":"bikerack","longitude":8.6736443,"latitude":49.4133644,"name":"Fahrradabstellplatz","city":"Heidelberg","address":null,"covered":false,"access":null,"website":null,"phone":null,"source":"OpenStreetMap/way/26088957","sourceUpdatedAt":null,"verifiedAt":null}},{"type":"Feature","geometry":{"type":"Point","coordinates":[8.6920214,49.4138148]},"properties":{"id":"bikerack:0e70ee09-d7f7-467b-b28e-dd42f860a6a1","kind":"bikerack","longitude":8.6920214,"latitude":49.4138148,"name":"Fahrradabstellplatz","city":"Heidelberg","address":null,"covered":false,"access":null,"website":null,"phone":null,"source":"OpenStreetMap/node/12016544618","sourceUpdatedAt":null,"verifiedAt":null}},{"type":"Feature","geometry":{"type":"Point","coordinates":[8.6739246,49.4171123]},"properties":{"id":"bikerack:0e94bfc6-59ab-4034-a4ed-bfe0f25d80f7","kind":"bikerack","longitude":8.6739246,"latitude":49.4171123,"name":"Fahrradabstellplatz","city":"Heidelberg","address":null,"covered":false,"access":null,"website":null,"phone":null,"source":"OpenStreetMap/node/1312395260","sourceUpdatedAt":null,"verifiedAt":null}},{"type":"Feature","geometry":{"type":"Point","coordinates":[8.6919654,49.4164163]},"properties":{"id":"bikerack:0e997d7f-a7b3-4154-b949-77353d3c9619","kind":"bikerack","longitude":8.6919654,"latitude":49.4164163,"name":"Fahrradabstellplatz","city":"Heidelberg","address":null,"covered":false,"access":null,"website":null,"phone":null,"source":"OpenStreetMap/node/1372738351","sourceUpdatedAt":null,"verifiedAt":null}},{"type":"Feature","geometry":{"type":"Point","coordinates":[8.6676842,49.4129993]},"properties":{"id":"bikerack:0f4b11ef-527e-4857-bd64-69d8dae1803c","kind":"bikerack","longitude":8.6676842,"latitude":49.4129993,"name":"Fahrradabstellplatz","city":"Heidelberg","address":null,"covered":false,"access":null,"website":null,"phone":null,"source":"OpenStreetMap/node/1312395282","sourceUpdatedAt":null,"verifiedAt":null}},{"type":"Feature","geometry":{"type":"Point","coordinates":[8.6670404,49.4127763]},"properties":{"id":"bikerack:0fa50be4-869a-4bfe-993e-002c503e5b6a","kind":"bikerack","longitude":8.6670404,"latitude":49.4127763,"name":"Fahrradabstellplatz","city":"Heidelberg","address":null,"covered":true,"access":null,"website":null,"phone":null,"source":"OpenStreetMap/node/1312379321","sourceUpdatedAt":null,"verifiedAt":null}},{"type":"Feature","geometry":{"type":"Point","coordinates":[8.6838908,49.4279707]},"properties":{"id":"bikerack:10cbc22d-8360-4d6b-8505-99d0f85d9487","kind":"bikerack","longitude":8.6838908,"latitude":49.4279707,"name":"Fahrradabstellplatz","city":"Heidelberg","address":null,"covered":false,"access":null,"website":null,"phone":null,"source":"OpenStreetMap/node/2488388431","sourceUpdatedAt":null,"verifiedAt":null}},{"type":"Feature","geometry":{"type":"Point","coordinates":[8.6922296,49.4146958]},"properties":{"id":"bikerack:12d89a82-5192-439b-a595-257ae8dbdd4e","kind":"bikerack","longitude":8.6922296,"latitude":49.4146958,"name":"Fahrradabstellplatz","city":"Heidelberg","address":null,"covered":false,"access":null,"website":null,"phone":null,"source":"OpenStreetMap/node/1372776387","sourceUpdatedAt":null,"verifiedAt":null}},{"type":"Feature","geometry":{"type":"Point","coordinates":[8.6625173,49.4192566]},"properties":{"id":"bikerack:1405ed57-4ec0-422a-967d-a4195b3d26e0","kind":"bikerack","longitude":8.6625173,"latitude":49.4192566,"name":"Fahrradabstellplatz","city":"Heidelberg","address":null,"covered":true,"access":null,"website":null,"phone":null,"source":"OpenStreetMap/way/477109298","sourceUpdatedAt":null,"verifiedAt":null}},{"type":"Feature","geometry":{"type":"Point","coordinates":[8.6911451,49.4172314]},"properties":{"id":"bikerack:143462c0-53f3-4a93-9dd4-c6e4c89f28be","kind":"bikerack","longitude":8.6911451,"latitude":49.4172314,"name":"Fahrradabstellplatz","city":"Heidelberg","address":null,"covered":false,"access":null,"website":null,"phone":null,"source":"OpenStreetMap/node/1784582095","sourceUpdatedAt":null,"verifiedAt":null}},{"type":"Feature","geometry":{"type":"Point","coordinates":[8.6710769,49.4168333]},"properties":{"id":"bikerack:15fe84a4-8d9a-409a-a171-769c58c38406","kind":"bikerack","longitude":8.6710769,"latitude":49.4168333,"name":"Fahrradabstellplatz","city":"Heidelberg","address":null,"covered":false,"access":null,"website":null,"phone":null,"source":"OpenStreetMap/node/833555843","sourceUpdatedAt":null,"verifiedAt":null}},{"type":"Feature","geometry":{"type":"Point","coordinates":[8.674791,49.42164]},"properties":{"id":"bikerack:19286ced-8d72-4ce8-99ff-0e064d757500","kind":"bikerack","longitude":8.674791,"latitude":49.42164,"name":"Fahrradabstellplatz","city":"Heidelberg","address":null,"covered":false,"access":null,"website":null,"phone":null,"source":"OpenStreetMap/node/6820721946","sourceUpdatedAt":null,"verifiedAt":null}},{"type":"Feature","geometry":{"type":"Point","coordinates":[8.6719647,49.4138118]},"properties":{"id":"bikerack:1a755639-06d6-4298-ad1b-eba18f4d2970","kind":"bikerack","longitude":8.6719647,"latitude":49.4138118,"name":"Fahrradabstellplatz","city":"Heidelberg","address":null,"covered":false,"access":null,"website":null,"phone":null,"source":"OpenStreetMap/node/2704681163","sourceUpdatedAt":null,"verifiedAt":null}},{"type":"Feature","geometry":{"type":"Point","coordinates":[8.6761855,49.4220822]},"properties":{"id":"bikerack:1aafd0e6-45ba-40c2-a894-8c606b80982a","kind":"bikerack","longitude":8.6761855,"latitude":49.4220822,"name":"Fahrradabstellplatz","city":"Heidelberg","address":null,"covered":false,"access":null,"website":null,"phone":null,"source":"OpenStreetMap/node/4363490527","sourceUpdatedAt":null,"verifiedAt":null}},{"type":"Feature","geometry":{"type":"Point","coordinates":[8.6951639,49.4148098]},"properties":{"id":"bikerack:1afda9d6-1f7c-461a-947e-118f622ed9e6","kind":"bikerack","longitude":8.6951639,"latitude":49.4148098,"name":"Fahrradabstellplatz","city":"Heidelberg","address":null,"covered":false,"access":null,"website":null,"phone":null,"source":"OpenStreetMap/node/3391375194","sourceUpdatedAt":null,"verifiedAt":null}},{"type":"Feature","geometry":{"type":"Point","coordinates":[8.6686617,49.416164]},"properties":{"id":"bikerack:1b0818ec-35d5-4c62-98a6-e4bc0330dfcc","kind":"bikerack","longitude":8.6686617,"latitude":49.416164,"name":"Fahrradabstellplatz","city":"Heidelberg","address":null,"covered":true,"access":null,"website":null,"phone":null,"source":"OpenStreetMap/node/2692667326","sourceUpdatedAt":null,"verifiedAt":null}},{"type":"Feature","geometry":{"type":"Point","coordinates":[8.6745756,49.4186651]},"properties":{"id":"bikerack:1b5ec90f-7966-47d8-bda6-f1edf92da0cd","kind":"bikerack","longitude":8.6745756,"latitude":49.4186651,"name":"Fahrradabstellplatz","city":"Heidelberg","address":null,"covered":true,"access":null,"website":null,"phone":null,"source":"OpenStreetMap/node/6727225292","sourceUpdatedAt":null,"verifiedAt":null}},{"type":"Feature","geometry":{"type":"Point","coordinates":[8.6706423,49.4150882]},"properties":{"id":"bikerack:1b760cf1-ae17-4dce-ac8d-2dffafcfb996","kind":"bikerack","longitude":8.6706423,"latitude":49.4150882,"name":"Fahrradabstellplatz","city":"Heidelberg","address":null,"covered":false,"access":null,"website":null,"phone":null,"source":"OpenStreetMap/node/7884402049","sourceUpdatedAt":null,"verifiedAt":null}},{"type":"Feature","geometry":{"type":"Point","coordinates":[8.6730692,49.4184255]},"properties":{"id":"bikerack:1bb9f4fe-ada0-4edb-9e7a-a7b7a7067b99","kind":"bikerack","longitude":8.6730692,"latitude":49.4184255,"name":"Fahrradabstellplatz","city":"Heidelberg","address":null,"covered":false,"access":null,"website":null,"phone":null,"source":"OpenStreetMap/node/11961166081","sourceUpdatedAt":null,"verifiedAt":null}},{"type":"Feature","geometry":{"type":"Point","coordinates":[8.6715231,49.4146104]},"properties":{"id":"bikerack:1d648246-8807-4a4f-8ecd-5d460c801866","kind":"bikerack","longitude":8.6715231,"latitude":49.4146104,"name":"Fahrradabstellplatz","city":"Heidelberg","address":null,"covered":false,"access":null,"website":null,"phone":null,"source":"OpenStreetMap/node/1312395274","sourceUpdatedAt":null,"verifiedAt":null}},{"type":"Feature","geometry":{"type":"Point","coordinates":[8.6702239,49.4160594]},"properties":{"id":"bikerack:1d7f58b0-7340-4abe-a58c-f800333a9369","kind":"bikerack","longitude":8.6702239,"latitude":49.4160594,"name":"Fahrradabstellplatz","city":"Heidelberg","address":null,"covered":false,"access":null,"website":null,"phone":null,"source":"OpenStreetMap/node/833555870","sourceUpdatedAt":null,"verifiedAt":null}},{"type":"Feature","geometry":{"type":"Point","coordinates":[8.6878775,49.4130485]},"properties":{"id":"bikerack:1dbbc684-7e64-499f-b7cf-705ae8486e68","kind":"bikerack","longitude":8.6878775,"latitude":49.4130485,"name":"Fahrradabstellplatz","city":"Heidelberg","address":null,"covered":false,"access":null,"website":null,"phone":null,"source":"OpenStreetMap/node/12068123718","sourceUpdatedAt":null,"verifiedAt":null}},{"type":"Feature","geometry":{"type":"Point","coordinates":[8.6831176,49.4200598]},"properties":{"id":"bikerack:1ff417e8-6f26-4380-91fe-28e4e9935895","kind":"bikerack","longitude":8.6831176,"latitude":49.4200598,"name":"Fahrradabstellplatz","city":"Heidelberg","address":null,"covered":false,"access":null,"website":null,"phone":null,"source":"OpenStreetMap/way/927877555","sourceUpdatedAt":null,"verifiedAt":null}},{"type":"Feature","geometry":{"type":"Point","coordinates":[8.6701417,49.4157304]},"properties":{"id":"bikerack:201d89b8-f96f-44e0-a434-582e9c30e22e","kind":"bikerack","longitude":8.6701417,"latitude":49.4157304,"name":"Fahrradabstellplatz","city":"Heidelberg","address":null,"covered":true,"access":null,"website":null,"phone":null,"source":"OpenStreetMap/node/11956144143","sourceUpdatedAt":null,"verifiedAt":null}},{"type":"Feature","geometry":{"type":"Point","coordinates":[8.6951464,49.4149434]},"properties":{"id":"bikerack:20ad448e-854a-4195-8566-35dea80a1d8f","kind":"bikerack","longitude":8.6951464,"latitude":49.4149434,"name":"Fahrradabstellplatz","city":"Heidelberg","address":null,"covered":false,"access":null,"website":null,"phone":null,"source":"OpenStreetMap/node/3404992762","sourceUpdatedAt":null,"verifiedAt":null}},{"type":"Feature","geometry":{"type":"Point","coordinates":[8.6935692,49.4113634]},"properties":{"id":"bikerack:2119937b-dcdc-4c6f-bb9a-6230a60cceb3","kind":"bikerack","longitude":8.6935692,"latitude":49.4113634,"name":"Fahrradabstellplatz","city":"Heidelberg","address":null,"covered":false,"access":null,"website":null,"phone":null,"source":"OpenStreetMap/node/9800278095","sourceUpdatedAt":null,"verifiedAt":null}},{"type":"Feature","geometry":{"type":"Point","coordinates":[8.6802834,49.4364368]},"properties":{"id":"bikerack:2129b9c3-519e-456d-8be1-832941d2cba9","kind":"bikerack","longitude":8.6802834,"latitude":49.4364368,"name":"Fahrradabstellplatz","city":"Dossenheim","address":null,"covered":false,"access":null,"website":null,"phone":null,"source":"OpenStreetMap/node/8575688901","sourceUpdatedAt":null,"verifiedAt":null}},{"type":"Feature","geometry":{"type":"Point","coordinates":[8.6920141,49.4161519]},"properties":{"id":"bikerack:213a7807-e720-4f47-aed1-0eb6022dba06","kind":"bikerack","longitude":8.6920141,"latitude":49.4161519,"name":"Fahrradabstellplatz","city":"Heidelberg","address":null,"covered":false,"access":null,"website":null,"phone":null,"source":"OpenStreetMap/node/1372738350","sourceUpdatedAt":null,"verifiedAt":null}},{"type":"Feature","geometry":{"type":"Point","coordinates":[8.6865868,49.4274958]},"properties":{"id":"bikerack:21c07160-3838-44e3-8453-848aeeada4c6","kind":"bikerack","longitude":8.6865868,"latitude":49.4274958,"name":"Fahrradabstellplatz","city":"Heidelberg","address":null,"covered":false,"access":null,"website":null,"phone":null,"source":"OpenStreetMap/way/1301284642","sourceUpdatedAt":null,"verifiedAt":null}},{"type":"Feature","geometry":{"type":"Point","coordinates":[8.6590769,49.4176645]},"properties":{"id":"bikerack:241f5c3d-5857-432e-ae88-aeff7922a0eb","kind":"bikerack","longitude":8.6590769,"latitude":49.4176645,"name":"Fahrradabstellplatz","city":"Eppelheim","address":null,"covered":false,"access":null,"website":null,"phone":null,"source":"OpenStreetMap/way/119086781","sourceUpdatedAt":null,"verifiedAt":null}},{"type":"Feature","geometry":{"type":"Point","coordinates":[8.6894885,49.4224691]},"properties":{"id":"bikerack:2514f34a-e171-4ec9-b3c7-7553df166e8f","kind":"bikerack","longitude":8.6894885,"latitude":49.4224691,"name":"Fahrradabstellplatz","city":"Heidelberg","address":null,"covered":false,"access":null,"website":null,"phone":null,"source":"OpenStreetMap/node/1312363065","sourceUpdatedAt":null,"verifiedAt":null}},{"type":"Feature","geometry":{"type":"Point","coordinates":[8.6873657,49.4313375]},"properties":{"id":"bikerack:27cf144a-c7da-457c-9568-cd062340e7d5","kind":"bikerack","longitude":8.6873657,"latitude":49.4313375,"name":"Fahrradabstellplatz","city":"Dossenheim","address":null,"covered":false,"access":null,"website":null,"phone":null,"source":"OpenStreetMap/node/12710014124","sourceUpdatedAt":null,"verifiedAt":null}},{"type":"Feature","geometry":{"type":"Point","coordinates":[8.6804182,49.4360956]},"properties":{"id":"bikerack:295d5110-48ee-4653-9cd8-bff2e0c53db3","kind":"bikerack","longitude":8.6804182,"latitude":49.4360956,"name":"Fahrradabstellplatz","city":"Dossenheim","address":null,"covered":true,"access":null,"website":null,"phone":null,"source":"OpenStreetMap/node/8575687795","sourceUpdatedAt":null,"verifiedAt":null}},{"type":"Feature","geometry":{"type":"Point","coordinates":[8.6778625,49.4167519]},"properties":{"id":"bikerack:2977676c-501e-42db-9cbf-8d1b2189cd34","kind":"bikerack","longitude":8.6778625,"latitude":49.4167519,"name":"Fahrradabstellplatz","city":"Heidelberg","address":null,"covered":false,"access":null,"website":null,"phone":null,"source":"OpenStreetMap/node/6954936779","sourceUpdatedAt":null,"verifiedAt":null}},{"type":"Feature","geometry":{"type":"Point","coordinates":[8.6687289,49.4165135]},"properties":{"id":"bikerack:29fc5b29-43d9-4e5b-b174-9f8c1c994f76","kind":"bikerack","longitude":8.6687289,"latitude":49.4165135,"name":"Fahrradabstellplatz","city":"Heidelberg","address":null,"covered":true,"access":null,"website":null,"phone":null,"source":"OpenStreetMap/node/6512794873","sourceUpdatedAt":null,"verifiedAt":null}},{"type":"Feature","geometry":{"type":"Point","coordinates":[8.6873665,49.4129233]},"properties":{"id":"bikerack:2a042947-4a5a-4573-93b9-f14aff37a882","kind":"bikerack","longitude":8.6873665,"latitude":49.4129233,"name":"Fahrradabstellplatz","city":"Heidelberg","address":null,"covered":false,"access":null,"website":null,"phone":null,"source":"OpenStreetMap/node/12068123716","sourceUpdatedAt":null,"verifiedAt":null}},{"type":"Feature","geometry":{"type":"Point","coordinates":[8.6675138,49.4126635]},"properties":{"id":"bikerack:2a512ac1-e579-4c66-8391-c0844be59fe9","kind":"bikerack","longitude":8.6675138,"latitude":49.4126635,"name":"Fahrradabstellplatz","city":"Heidelberg","address":null,"covered":false,"access":null,"website":null,"phone":null,"source":"OpenStreetMap/node/1312395273","sourceUpdatedAt":null,"verifiedAt":null}},{"type":"Feature","geometry":{"type":"Point","coordinates":[8.6867972,49.4269341]},"properties":{"id":"bikerack:2a7c0dfa-83cf-4352-8eb9-25d56a30cfbd","kind":"bikerack","longitude":8.6867972,"latitude":49.4269341,"name":"Fahrradabstellplatz","city":"Heidelberg","address":null,"covered":false,"access":null,"website":null,"phone":null,"source":"OpenStreetMap/node/12250060753","sourceUpdatedAt":null,"verifiedAt":null}},{"type":"Feature","geometry":{"type":"Point","coordinates":[8.6759772,49.4172666]},"properties":{"id":"bikerack:2acee243-4e94-44d4-ab77-611d4c021840","kind":"bikerack","longitude":8.6759772,"latitude":49.4172666,"name":"Fahrradabstellplatz","city":"Heidelberg","address":null,"covered":false,"access":null,"website":null,"phone":null,"source":"OpenStreetMap/node/6702642548","sourceUpdatedAt":null,"verifiedAt":null}},{"type":"Feature","geometry":{"type":"Point","coordinates":[8.6759803,49.4189825]},"properties":{"id":"bikerack:2cb220f9-576b-4028-b4c8-2a958e04334e","kind":"bikerack","longitude":8.6759803,"latitude":49.4189825,"name":"Fahrradabstellplatz","city":"Heidelberg","address":null,"covered":true,"access":null,"website":null,"phone":null,"source":"OpenStreetMap/node/1312363073","sourceUpdatedAt":null,"verifiedAt":null}},{"type":"Feature","geometry":{"type":"Point","coordinates":[8.6760373,49.4219915]},"properties":{"id":"bikerack:2cef3ac2-df46-4526-af94-f111b46727fc","kind":"bikerack","longitude":8.6760373,"latitude":49.4219915,"name":"Fahrradabstellplatz","city":"Heidelberg","address":null,"covered":true,"access":null,"website":null,"phone":null,"source":"OpenStreetMap/node/4363490526","sourceUpdatedAt":null,"verifiedAt":null}},{"type":"Feature","geometry":{"type":"Point","coordinates":[8.6632612,49.4193406]},"properties":{"id":"bikerack:2d3a6eaa-140c-4312-95d4-5a6ec64c29c8","kind":"bikerack","longitude":8.6632612,"latitude":49.4193406,"name":"Fahrradabstellplatz","city":"Heidelberg","address":null,"covered":true,"access":null,"website":null,"phone":null,"source":"OpenStreetMap/way/1076126232","sourceUpdatedAt":null,"verifiedAt":null}},{"type":"Feature","geometry":{"type":"Point","coordinates":[8.6710016,49.4165557]},"properties":{"id":"bikerack:2e275990-a2ea-427d-aae3-9c87bbb09c7b","kind":"bikerack","longitude":8.6710016,"latitude":49.4165557,"name":"Fahrradabstellplatz","city":"Heidelberg","address":null,"covered":true,"access":null,"website":null,"phone":null,"source":"OpenStreetMap/node/1312395252","sourceUpdatedAt":null,"verifiedAt":null}},{"type":"Feature","geometry":{"type":"Point","coordinates":[8.6979715,49.4111306]},"properties":{"id":"bikerack:2f556e14-664f-48a1-9b8c-bde42689004d","kind":"bikerack","longitude":8.6979715,"latitude":49.4111306,"name":"Fahrradabstellplatz","city":"Heidelberg","address":null,"covered":false,"access":null,"website":null,"phone":null,"source":"OpenStreetMap/node/1659632654","sourceUpdatedAt":null,"verifiedAt":null}},{"type":"Feature","geometry":{"type":"Point","coordinates":[8.6747247,49.4214882]},"properties":{"id":"bikerack:2f980022-7c09-42dc-86bc-119f7e08897b","kind":"bikerack","longitude":8.6747247,"latitude":49.4214882,"name":"Fahrradabstellplatz","city":"Heidelberg","address":null,"covered":false,"access":null,"website":null,"phone":null,"source":"OpenStreetMap/node/13128033924","sourceUpdatedAt":null,"verifiedAt":null}},{"type":"Feature","geometry":{"type":"Point","coordinates":[8.6668037,49.4125169]},"properties":{"id":"bikerack:2ff6b9b9-5191-4202-ab31-4ebbc1802440","kind":"bikerack","longitude":8.6668037,"latitude":49.4125169,"name":"Fahrradabstellplatz","city":"Heidelberg","address":null,"covered":false,"access":null,"website":null,"phone":null,"source":"OpenStreetMap/node/1324377413","sourceUpdatedAt":null,"verifiedAt":null}},{"type":"Feature","geometry":{"type":"Point","coordinates":[8.6759598,49.417787]},"properties":{"id":"bikerack:315048f6-23a5-4fd9-a6fc-0c2c0209bb82","kind":"bikerack","longitude":8.6759598,"latitude":49.417787,"name":"Fahrradabstellplatz","city":"Heidelberg","address":null,"covered":false,"access":null,"website":null,"phone":null,"source":"OpenStreetMap/node/12114123816","sourceUpdatedAt":null,"verifiedAt":null}},{"type":"Feature","geometry":{"type":"Point","coordinates":[8.666431,49.4146634]},"properties":{"id":"bikerack:31e12265-61dd-42a3-9158-cdcfb2c0a7ca","kind":"bikerack","longitude":8.666431,"latitude":49.4146634,"name":"Fahrradabstellplatz","city":"Heidelberg","address":null,"covered":false,"access":null,"website":null,"phone":null,"source":"OpenStreetMap/node/1312375952","sourceUpdatedAt":null,"verifiedAt":null}},{"type":"Feature","geometry":{"type":"Point","coordinates":[8.6685214,49.417987]},"properties":{"id":"bikerack:320212e7-9857-4ea6-9a5b-553cd63ddb14","kind":"bikerack","longitude":8.6685214,"latitude":49.417987,"name":"Fahrradabstellplatz","city":"Heidelberg","address":null,"covered":false,"access":null,"website":null,"phone":null,"source":"OpenStreetMap/node/833555872","sourceUpdatedAt":null,"verifiedAt":null}},{"type":"Feature","geometry":{"type":"Point","coordinates":[8.6869959,49.4262981]},"properties":{"id":"bikerack:3290bdb9-2542-4e79-9294-b8b71dc4e200","kind":"bikerack","longitude":8.6869959,"latitude":49.4262981,"name":"Fahrradabstellplatz","city":"Heidelberg","address":null,"covered":false,"access":null,"website":null,"phone":null,"source":"OpenStreetMap/node/12250058293","sourceUpdatedAt":null,"verifiedAt":null}},{"type":"Feature","geometry":{"type":"Point","coordinates":[8.6873936,49.4257949]},"properties":{"id":"bikerack:34ed70db-0c14-4f6f-bde7-a54818de1c45","kind":"bikerack","longitude":8.6873936,"latitude":49.4257949,"name":"Fahrradabstellplatz","city":"Heidelberg","address":null,"covered":false,"access":null,"website":null,"phone":null,"source":"OpenStreetMap/node/8658895864","sourceUpdatedAt":null,"verifiedAt":null}},{"type":"Feature","geometry":{"type":"Point","coordinates":[8.6805134,49.4126259]},"properties":{"id":"bikerack:357b6083-379a-4985-a200-86011b29889f","kind":"bikerack","longitude":8.6805134,"latitude":49.4126259,"name":"Fahrradabstellplatz","city":"Heidelberg","address":null,"covered":false,"access":null,"website":null,"phone":null,"source":"OpenStreetMap/node/1784582027","sourceUpdatedAt":null,"verifiedAt":null}},{"type":"Feature","geometry":{"type":"Point","coordinates":[8.6702348,49.4164763]},"properties":{"id":"bikerack:38a9db40-9d32-4e23-b15c-c775d5ef7893","kind":"bikerack","longitude":8.6702348,"latitude":49.4164763,"name":"Fahrradabstellplatz","city":"Heidelberg","address":null,"covered":true,"access":null,"website":null,"phone":null,"source":"OpenStreetMap/way/1299440844","sourceUpdatedAt":null,"verifiedAt":null}},{"type":"Feature","geometry":{"type":"Point","coordinates":[8.6877012,49.4250497]},"properties":{"id":"bikerack:39255cac-b5a9-46bf-8863-50bf00e445ba","kind":"bikerack","longitude":8.6877012,"latitude":49.4250497,"name":"Fahrradabstellplatz","city":"Heidelberg","address":null,"covered":false,"access":null,"website":null,"phone":null,"source":"OpenStreetMap/node/8615913975","sourceUpdatedAt":null,"verifiedAt":null}},{"type":"Feature","geometry":{"type":"Point","coordinates":[8.6739161,49.4182998]},"properties":{"id":"bikerack:39dc2a6e-777e-436d-8e91-0413af3b518e","kind":"bikerack","longitude":8.6739161,"latitude":49.4182998,"name":"Fahrradabstellplatz","city":"Heidelberg","address":null,"covered":false,"access":null,"website":null,"phone":null,"source":"OpenStreetMap/node/1312363064","sourceUpdatedAt":null,"verifiedAt":null}},{"type":"Feature","geometry":{"type":"Point","coordinates":[8.6759548,49.4184701]},"properties":{"id":"bikerack:39e7e2d0-e69c-4938-a196-51b28272a8d0","kind":"bikerack","longitude":8.6759548,"latitude":49.4184701,"name":"Fahrradabstellplatz","city":"Heidelberg","address":null,"covered":false,"access":null,"website":null,"phone":null,"source":"OpenStreetMap/node/11266221350","sourceUpdatedAt":null,"verifiedAt":null}},{"type":"Feature","geometry":{"type":"Point","coordinates":[8.675129,49.4221656]},"properties":{"id":"bikerack:3a70b4dc-d7f1-4e53-a392-b0581b3590cc","kind":"bikerack","longitude":8.675129,"latitude":49.4221656,"name":"Fahrradabstellplatz","city":"Heidelberg","address":null,"covered":true,"access":null,"website":null,"phone":null,"source":"OpenStreetMap/node/13599026750","sourceUpdatedAt":null,"verifiedAt":null}},{"type":"Feature","geometry":{"type":"Point","coordinates":[8.663436,49.4202279]},"properties":{"id":"bikerack:3a99b8dc-60b1-4b4f-b600-1413ef33afae","kind":"bikerack","longitude":8.663436,"latitude":49.4202279,"name":"Fahrradabstellplatz","city":"Heidelberg","address":null,"covered":false,"access":null,"website":null,"phone":null,"source":"OpenStreetMap/node/12123916579","sourceUpdatedAt":null,"verifiedAt":null}},{"type":"Feature","geometry":{"type":"Point","coordinates":[8.6755656,49.417737]},"properties":{"id":"bikerack:3c5644d0-1850-424b-97d9-304e8b2772a2","kind":"bikerack","longitude":8.6755656,"latitude":49.417737,"name":"Fahrradabstellplatz","city":"Heidelberg","address":null,"covered":true,"access":null,"website":null,"phone":null,"source":"OpenStreetMap/node/4166335622","sourceUpdatedAt":null,"verifiedAt":null}},{"type":"Feature","geometry":{"type":"Point","coordinates":[8.6932721,49.4145989]},"properties":{"id":"bikerack:3cb7229e-803d-4329-bf03-96ce447e9292","kind":"bikerack","longitude":8.6932721,"latitude":49.4145989,"name":"Fahrradabstellplatz","city":"Heidelberg","address":null,"covered":false,"access":null,"website":null,"phone":null,"source":"OpenStreetMap/node/10719788892","sourceUpdatedAt":null,"verifiedAt":null}},{"type":"Feature","geometry":{"type":"Point","coordinates":[8.6629816,49.4198228]},"properties":{"id":"bikerack:3e464abf-5a0a-4793-bd6f-7880af90bee3","kind":"bikerack","longitude":8.6629816,"latitude":49.4198228,"name":"Fahrradabstellplatz","city":"Heidelberg","address":null,"covered":true,"access":null,"website":null,"phone":null,"source":"OpenStreetMap/node/12051080380","sourceUpdatedAt":null,"verifiedAt":null}},{"type":"Feature","geometry":{"type":"Point","coordinates":[8.6851813,49.4339013]},"properties":{"id":"bikerack:3f9329ca-1e20-4e68-9e91-354763702bb3","kind":"bikerack","longitude":8.6851813,"latitude":49.4339013,"name":"Fahrradabstellplatz","city":"Dossenheim","address":null,"covered":false,"access":null,"website":null,"phone":null,"source":"OpenStreetMap/node/12709847900","sourceUpdatedAt":null,"verifiedAt":null}},{"type":"Feature","geometry":{"type":"Point","coordinates":[8.6801826,49.4332682]},"properties":{"id":"bikerack:3feaf91f-57db-41a5-96df-c4b7e6ce2e3d","kind":"bikerack","longitude":8.6801826,"latitude":49.4332682,"name":"Fahrradabstellplatz","city":"Dossenheim","address":null,"covered":false,"access":null,"website":null,"phone":null,"source":"OpenStreetMap/node/12992405903","sourceUpdatedAt":null,"verifiedAt":null}},{"type":"Feature","geometry":{"type":"Point","coordinates":[8.6665884,49.4152348]},"properties":{"id":"bikerack:4093d0ea-a810-4c90-a267-a5dcda5ddb98","kind":"bikerack","longitude":8.6665884,"latitude":49.4152348,"name":"Fahrradabstellplatz","city":"Heidelberg","address":null,"covered":false,"access":null,"website":null,"phone":null,"source":"OpenStreetMap/node/1312375163","sourceUpdatedAt":null,"verifiedAt":null}},{"type":"Feature","geometry":{"type":"Point","coordinates":[8.6821089,49.4213357]},"properties":{"id":"bikerack:40ecac68-8f75-4999-8b5f-158ce079f22b","kind":"bikerack","longitude":8.6821089,"latitude":49.4213357,"name":"Fahrradabstellplatz","city":"Heidelberg","address":null,"covered":true,"access":null,"website":null,"phone":null,"source":"OpenStreetMap/way/906894672","sourceUpdatedAt":null,"verifiedAt":null}},{"type":"Feature","geometry":{"type":"Point","coordinates":[8.6751678,49.417226]},"properties":{"id":"bikerack:411e2ecb-d851-4505-9e65-c265ec7a54ee","kind":"bikerack","longitude":8.6751678,"latitude":49.417226,"name":"Fahrradabstellplatz","city":"Heidelberg","address":null,"covered":false,"access":null,"website":null,"phone":null,"source":"OpenStreetMap/node/11947786966","sourceUpdatedAt":null,"verifiedAt":null}},{"type":"Feature","geometry":{"type":"Point","coordinates":[8.6682436,49.4164895]},"properties":{"id":"bikerack:43e1c244-ebdd-4f87-91a9-af5d98ccb2ea","kind":"bikerack","longitude":8.6682436,"latitude":49.4164895,"name":"Fahrradabstellplatz","city":"Heidelberg","address":null,"covered":false,"access":null,"website":null,"phone":null,"source":"OpenStreetMap/node/6512794870","sourceUpdatedAt":null,"verifiedAt":null}},{"type":"Feature","geometry":{"type":"Point","coordinates":[8.6804519,49.4236165]},"properties":{"id":"bikerack:442905d3-d80d-4d40-a666-0f1aaa630f64","kind":"bikerack","longitude":8.6804519,"latitude":49.4236165,"name":"Fahrradabstellplatz","city":"Heidelberg","address":null,"covered":false,"access":null,"website":null,"phone":null,"source":"OpenStreetMap/way/941079262","sourceUpdatedAt":null,"verifiedAt":null}},{"type":"Feature","geometry":{"type":"Point","coordinates":[8.6632541,49.4199775]},"properties":{"id":"bikerack:468c4056-25a8-4928-8cc3-8832068872c7","kind":"bikerack","longitude":8.6632541,"latitude":49.4199775,"name":"Fahrradabstellplatz","city":"Heidelberg","address":null,"covered":true,"access":null,"website":null,"phone":null,"source":"OpenStreetMap/way/1076126235","sourceUpdatedAt":null,"verifiedAt":null}},{"type":"Feature","geometry":{"type":"Point","coordinates":[8.6879745,49.4244226]},"properties":{"id":"bikerack:47276d1f-4771-4447-b32f-89da406c9383","kind":"bikerack","longitude":8.6879745,"latitude":49.4244226,"name":"Fahrradabstellplatz","city":"Heidelberg","address":null,"covered":false,"access":null,"website":null,"phone":null,"source":"OpenStreetMap/node/1312363059","sourceUpdatedAt":null,"verifiedAt":null}},{"type":"Feature","geometry":{"type":"Point","coordinates":[8.6759327,49.4182105]},"properties":{"id":"bikerack:47be8000-a327-4669-813a-ac695a2cb875","kind":"bikerack","longitude":8.6759327,"latitude":49.4182105,"name":"Fahrradabstellplatz","city":"Heidelberg","address":null,"covered":false,"access":null,"website":null,"phone":null,"source":"OpenStreetMap/node/11266221351","sourceUpdatedAt":null,"verifiedAt":null}},{"type":"Feature","geometry":{"type":"Point","coordinates":[8.672864,49.4184862]},"properties":{"id":"bikerack:4b08011f-c222-48bf-b252-80ab35664c5a","kind":"bikerack","longitude":8.672864,"latitude":49.4184862,"name":"Fahrradabstellplatz","city":"Heidelberg","address":null,"covered":false,"access":null,"website":null,"phone":null,"source":"OpenStreetMap/node/11961171174","sourceUpdatedAt":null,"verifiedAt":null}},{"type":"Feature","geometry":{"type":"Point","coordinates":[8.660248,49.4231719]},"properties":{"id":"bikerack:4bcbae5f-ad79-49db-abae-9e8b447108eb","kind":"bikerack","longitude":8.660248,"latitude":49.4231719,"name":"Fahrradabstellplatz","city":"Dossenheim","address":null,"covered":false,"access":null,"website":null,"phone":null,"source":"OpenStreetMap/node/4419421609","sourceUpdatedAt":null,"verifiedAt":null}},{"type":"Feature","geometry":{"type":"Point","coordinates":[8.6847324,49.4341766]},"properties":{"id":"bikerack:4d212514-8d73-4d70-908f-458ca36e1c5d","kind":"bikerack","longitude":8.6847324,"latitude":49.4341766,"name":"Fahrradabstellplatz","city":"Dossenheim","address":null,"covered":false,"access":null,"website":null,"phone":null,"source":"OpenStreetMap/node/12709939266","sourceUpdatedAt":null,"verifiedAt":null}},{"type":"Feature","geometry":{"type":"Point","coordinates":[8.6631139,49.4200668]},"properties":{"id":"bikerack:53034140-40ea-4bfd-abf3-3e9500449bc0","kind":"bikerack","longitude":8.6631139,"latitude":49.4200668,"name":"Fahrradabstellplatz","city":"Heidelberg","address":null,"covered":true,"access":null,"website":null,"phone":null,"source":"OpenStreetMap/way/1076126234","sourceUpdatedAt":null,"verifiedAt":null}},{"type":"Feature","geometry":{"type":"Point","coordinates":[8.6831905,49.4275117]},"properties":{"id":"bikerack:55f23c48-f71b-4b12-9ce2-9d5766d10602","kind":"bikerack","longitude":8.6831905,"latitude":49.4275117,"name":"Fahrradabstellplatz","city":"Heidelberg","address":null,"covered":true,"access":null,"website":null,"phone":null,"source":"OpenStreetMap/node/1312363070","sourceUpdatedAt":null,"verifiedAt":null}},{"type":"Feature","geometry":{"type":"Point","coordinates":[8.6738559,49.4172821]},"properties":{"id":"bikerack:56578cb8-927f-494d-8078-50396cfb3e13","kind":"bikerack","longitude":8.6738559,"latitude":49.4172821,"name":"Fahrradabstellplatz","city":"Heidelberg","address":null,"covered":false,"access":null,"website":null,"phone":null,"source":"OpenStreetMap/node/1312395237","sourceUpdatedAt":null,"verifiedAt":null}},{"type":"Feature","geometry":{"type":"Point","coordinates":[8.6664905,49.418454]},"properties":{"id":"bikerack:5725dcd1-8ce6-4022-9cd8-8e41dfda0cd9","kind":"bikerack","longitude":8.6664905,"latitude":49.418454,"name":"Fahrradabstellplatz","city":"Heidelberg","address":null,"covered":true,"access":null,"website":null,"phone":null,"source":"OpenStreetMap/node/7635012914","sourceUpdatedAt":null,"verifiedAt":null}},{"type":"Feature","geometry":{"type":"Point","coordinates":[8.6749947,49.4222727]},"properties":{"id":"bikerack:577d9ae6-39c6-4023-bb85-05f1ce3cc5e4","kind":"bikerack","longitude":8.6749947,"latitude":49.4222727,"name":"Fahrradabstellplatz","city":"Heidelberg","address":null,"covered":false,"access":null,"website":null,"phone":null,"source":"OpenStreetMap/node/13599026751","sourceUpdatedAt":null,"verifiedAt":null}},{"type":"Feature","geometry":{"type":"Point","coordinates":[8.6751213,49.418908]},"properties":{"id":"bikerack:57e13a55-1c81-4185-be98-b1d693a23c57","kind":"bikerack","longitude":8.6751213,"latitude":49.418908,"name":"Fahrradabstellplatz","city":"Heidelberg","address":null,"covered":false,"access":null,"website":null,"phone":null,"source":"OpenStreetMap/node/4039760714","sourceUpdatedAt":null,"verifiedAt":null}},{"type":"Feature","geometry":{"type":"Point","coordinates":[8.6772386,49.4153494]},"properties":{"id":"bikerack:58e29979-99d1-4486-8a75-b135f6413047","kind":"bikerack","longitude":8.6772386,"latitude":49.4153494,"name":"Fahrradabstellplatz","city":"Heidelberg","address":null,"covered":false,"access":null,"website":null,"phone":null,"source":"OpenStreetMap/node/13299736626","sourceUpdatedAt":null,"verifiedAt":null}},{"type":"Feature","geometry":{"type":"Point","coordinates":[8.6747122,49.4208066]},"properties":{"id":"bikerack:595b2e49-5013-4774-886e-16721d9d587c","kind":"bikerack","longitude":8.6747122,"latitude":49.4208066,"name":"Fahrradabstellplatz","city":"Heidelberg","address":null,"covered":false,"access":null,"website":null,"phone":null,"source":"OpenStreetMap/node/6661110664","sourceUpdatedAt":null,"verifiedAt":null}},{"type":"Feature","geometry":{"type":"Point","coordinates":[8.6699197,49.4197482]},"properties":{"id":"bikerack:595f0b43-1835-4240-ac68-72bdbca08bb6","kind":"bikerack","longitude":8.6699197,"latitude":49.4197482,"name":"Fahrradabstellplatz","city":"Heidelberg","address":null,"covered":false,"access":null,"website":null,"phone":null,"source":"OpenStreetMap/node/6477122596","sourceUpdatedAt":null,"verifiedAt":null}},{"type":"Feature","geometry":{"type":"Point","coordinates":[8.6672942,49.4201187]},"properties":{"id":"bikerack:597587b0-149c-4f4d-97f4-2098b7cd107d","kind":"bikerack","longitude":8.6672942,"latitude":49.4201187,"name":"Fahrradabstellplatz","city":"Heidelberg","address":null,"covered":true,"access":null,"website":null,"phone":null,"source":"OpenStreetMap/node/11926207894","sourceUpdatedAt":null,"verifiedAt":null}},{"type":"Feature","geometry":{"type":"Point","coordinates":[8.6685919,49.414517]},"properties":{"id":"bikerack:5a2a018e-1251-480a-8827-eba2e162150b","kind":"bikerack","longitude":8.6685919,"latitude":49.414517,"name":"Fahrradabstellplatz","city":"Heidelberg","address":null,"covered":false,"access":null,"website":null,"phone":null,"source":"OpenStreetMap/way/485225323","sourceUpdatedAt":null,"verifiedAt":null}},{"type":"Feature","geometry":{"type":"Point","coordinates":[8.6793102,49.4238333]},"properties":{"id":"bikerack:5c2046ba-dae6-433f-a79a-f463de0991e7","kind":"bikerack","longitude":8.6793102,"latitude":49.4238333,"name":"Fahrradabstellplatz","city":"Heidelberg","address":null,"covered":true,"access":null,"website":null,"phone":null,"source":"OpenStreetMap/way/1253803249","sourceUpdatedAt":null,"verifiedAt":null}},{"type":"Feature","geometry":{"type":"Point","coordinates":[8.6702424,49.4173646]},"properties":{"id":"bikerack:5c477bf1-d644-4da1-a5d3-c7111e019eb6","kind":"bikerack","longitude":8.6702424,"latitude":49.4173646,"name":"Fahrradabstellplatz","city":"Heidelberg","address":null,"covered":true,"access":null,"website":null,"phone":null,"source":"OpenStreetMap/node/10077535004","sourceUpdatedAt":null,"verifiedAt":null}},{"type":"Feature","geometry":{"type":"Point","coordinates":[8.6736626,49.4132715]},"properties":{"id":"bikerack:5d2dd734-ef1d-444f-9eb2-a896313500e1","kind":"bikerack","longitude":8.6736626,"latitude":49.4132715,"name":"Fahrradabstellplatz","city":"Heidelberg","address":null,"covered":false,"access":null,"website":null,"phone":null,"source":"OpenStreetMap/way/1019446281","sourceUpdatedAt":null,"verifiedAt":null}},{"type":"Feature","geometry":{"type":"Point","coordinates":[8.6686868,49.4163341]},"properties":{"id":"bikerack:60634856-fff9-441b-b360-e037d4b63db0","kind":"bikerack","longitude":8.6686868,"latitude":49.4163341,"name":"Fahrradabstellplatz","city":"Heidelberg","address":null,"covered":true,"access":null,"website":null,"phone":null,"source":"OpenStreetMap/node/1312365808","sourceUpdatedAt":null,"verifiedAt":null}},{"type":"Feature","geometry":{"type":"Point","coordinates":[8.6863835,49.4249703]},"properties":{"id":"bikerack:63cb62c7-06ac-4c0b-b20f-b80c0b7bc8f7","kind":"bikerack","longitude":8.6863835,"latitude":49.4249703,"name":"Fahrradabstellplatz","city":"Heidelberg","address":null,"covered":false,"access":null,"website":null,"phone":null,"source":"OpenStreetMap/node/1312363075","sourceUpdatedAt":null,"verifiedAt":null}},{"type":"Feature","geometry":{"type":"Point","coordinates":[8.6729971,49.4183703]},"properties":{"id":"bikerack:64d3ae32-c386-4c0e-a05a-ecd796b2fe4c","kind":"bikerack","longitude":8.6729971,"latitude":49.4183703,"name":"Fahrradabstellplatz","city":"Heidelberg","address":null,"covered":false,"access":null,"website":null,"phone":null,"source":"OpenStreetMap/node/833555842","sourceUpdatedAt":null,"verifiedAt":null}},{"type":"Feature","geometry":{"type":"Point","coordinates":[8.6724909,49.4189919]},"properties":{"id":"bikerack:654ce1c0-c56d-4efd-8202-33ccc9171934","kind":"bikerack","longitude":8.6724909,"latitude":49.4189919,"name":"Fahrradabstellplatz","city":"Heidelberg","address":null,"covered":false,"access":null,"website":null,"phone":null,"source":"OpenStreetMap/node/833555836","sourceUpdatedAt":null,"verifiedAt":null}},{"type":"Feature","geometry":{"type":"Point","coordinates":[8.671217,49.4143004]},"properties":{"id":"bikerack:674ad90d-7e5c-4eab-8065-3c6b95863ff3","kind":"bikerack","longitude":8.671217,"latitude":49.4143004,"name":"Fahrradabstellplatz","city":"Heidelberg","address":null,"covered":false,"access":null,"website":null,"phone":null,"source":"OpenStreetMap/node/1312395265","sourceUpdatedAt":null,"verifiedAt":null}},{"type":"Feature","geometry":{"type":"Point","coordinates":[8.6630099,49.4199134]},"properties":{"id":"bikerack:67df9ec4-cde1-4d02-aa50-8654b23682f1","kind":"bikerack","longitude":8.6630099,"latitude":49.4199134,"name":"Fahrradabstellplatz","city":"Heidelberg","address":null,"covered":true,"access":null,"website":null,"phone":null,"source":"OpenStreetMap/way/1076126236","sourceUpdatedAt":null,"verifiedAt":null}},{"type":"Feature","geometry":{"type":"Point","coordinates":[8.6691299,49.4126385]},"properties":{"id":"bikerack:692ec544-4867-4b10-96f1-2fde5ce3608e","kind":"bikerack","longitude":8.6691299,"latitude":49.4126385,"name":"Fahrradabstellplatz","city":"Heidelberg","address":null,"covered":false,"access":null,"website":null,"phone":null,"source":"OpenStreetMap/node/1536008922","sourceUpdatedAt":null,"verifiedAt":null}},{"type":"Feature","geometry":{"type":"Point","coordinates":[8.6712763,49.4157997]},"properties":{"id":"bikerack:6a447f1b-2ac1-40c6-858b-d604afd3ed46","kind":"bikerack","longitude":8.6712763,"latitude":49.4157997,"name":"Fahrradabstellplatz","city":"Heidelberg","address":null,"covered":false,"access":null,"website":null,"phone":null,"source":"OpenStreetMap/way/1286154462","sourceUpdatedAt":null,"verifiedAt":null}},{"type":"Feature","geometry":{"type":"Point","coordinates":[8.6736435,49.4159202]},"properties":{"id":"bikerack:6ad8954a-92d0-4417-9077-064fe95a6615","kind":"bikerack","longitude":8.6736435,"latitude":49.4159202,"name":"Fahrradabstellplatz","city":"Heidelberg","address":null,"covered":false,"access":null,"website":null,"phone":null,"source":"OpenStreetMap/way/1426623551","sourceUpdatedAt":null,"verifiedAt":null}},{"type":"Feature","geometry":{"type":"Point","coordinates":[8.6913417,49.4133013]},"properties":{"id":"bikerack:6c1c7017-e034-4162-b40e-2620bee82eeb","kind":"bikerack","longitude":8.6913417,"latitude":49.4133013,"name":"Fahrradabstellplatz","city":"Heidelberg","address":null,"covered":false,"access":null,"website":null,"phone":null,"source":"OpenStreetMap/node/1312809809","sourceUpdatedAt":null,"verifiedAt":null}},{"type":"Feature","geometry":{"type":"Point","coordinates":[8.6662041,49.4145385]},"properties":{"id":"bikerack:6ca376fe-0d20-423c-8d37-0012d3a50036","kind":"bikerack","longitude":8.6662041,"latitude":49.4145385,"name":"Fahrradabstellplatz","city":"Heidelberg","address":null,"covered":false,"access":null,"website":null,"phone":null,"source":"OpenStreetMap/way/26006629","sourceUpdatedAt":null,"verifiedAt":null}},{"type":"Feature","geometry":{"type":"Point","coordinates":[8.6601849,49.4232689]},"properties":{"id":"bikerack:6cf0810d-c4d1-4d06-970e-3c68d3fcfc69","kind":"bikerack","longitude":8.6601849,"latitude":49.4232689,"name":"Fahrradabstellplatz","city":"Dossenheim","address":null,"covered":false,"access":null,"website":null,"phone":null,"source":"OpenStreetMap/node/4419421611","sourceUpdatedAt":null,"verifiedAt":null}},{"type":"Feature","geometry":{"type":"Point","coordinates":[8.6841594,49.4173345]},"properties":{"id":"bikerack:6d551ef4-7d7e-4a6b-84ea-b3a8bb9eddd7","kind":"bikerack","longitude":8.6841594,"latitude":49.4173345,"name":"Fahrradabstellplatz","city":"Heidelberg","address":null,"covered":false,"access":null,"website":null,"phone":null,"source":"OpenStreetMap/node/1784582103","sourceUpdatedAt":null,"verifiedAt":null}},{"type":"Feature","geometry":{"type":"Point","coordinates":[8.6709689,49.4161716]},"properties":{"id":"bikerack:7094ae78-ca77-4365-a3d6-d6cf55b0ec06","kind":"bikerack","longitude":8.6709689,"latitude":49.4161716,"name":"Fahrradabstellplatz","city":"Heidelberg","address":null,"covered":false,"access":null,"website":null,"phone":null,"source":"OpenStreetMap/node/7884402028","sourceUpdatedAt":null,"verifiedAt":null}},{"type":"Feature","geometry":{"type":"Point","coordinates":[8.6634372,49.4205516]},"properties":{"id":"bikerack:70d387ad-01e2-40a1-b31e-497e6cf94fef","kind":"bikerack","longitude":8.6634372,"latitude":49.4205516,"name":"Fahrradabstellplatz","city":"Heidelberg","address":null,"covered":true,"access":null,"website":null,"phone":null,"source":"OpenStreetMap/way/1076126228","sourceUpdatedAt":null,"verifiedAt":null}},{"type":"Feature","geometry":{"type":"Point","coordinates":[8.6686596,49.4176281]},"properties":{"id":"bikerack:70d4e8ad-9f30-4461-8fd1-84a5052bda63","kind":"bikerack","longitude":8.6686596,"latitude":49.4176281,"name":"Fahrradabstellplatz","city":"Heidelberg","address":null,"covered":true,"access":null,"website":null,"phone":null,"source":"OpenStreetMap/node/833555850","sourceUpdatedAt":null,"verifiedAt":null}},{"type":"Feature","geometry":{"type":"Point","coordinates":[8.6628752,49.416241]},"properties":{"id":"bikerack:71519732-b5fb-4c7f-94b0-826a86ddf6c0","kind":"bikerack","longitude":8.6628752,"latitude":49.416241,"name":"Fahrradabstellplatz","city":"Heidelberg","address":null,"covered":false,"access":null,"website":null,"phone":null,"source":"OpenStreetMap/way/450683219","sourceUpdatedAt":null,"verifiedAt":null}},{"type":"Feature","geometry":{"type":"Point","coordinates":[8.6921865,49.4140326]},"properties":{"id":"bikerack:736bf7b9-2b1a-4896-b029-2723089b2924","kind":"bikerack","longitude":8.6921865,"latitude":49.4140326,"name":"Fahrradabstellplatz","city":"Heidelberg","address":null,"covered":false,"access":null,"website":null,"phone":null,"source":"OpenStreetMap/node/1372738335","sourceUpdatedAt":null,"verifiedAt":null}},{"type":"Feature","geometry":{"type":"Point","coordinates":[8.6933443,49.4146148]},"properties":{"id":"bikerack:74db9686-b4c1-422c-be87-a2389783d5d1","kind":"bikerack","longitude":8.6933443,"latitude":49.4146148,"name":"Fahrradabstellplatz","city":"Heidelberg","address":null,"covered":false,"access":null,"website":null,"phone":null,"source":"OpenStreetMap/node/3439236456","sourceUpdatedAt":null,"verifiedAt":null}},{"type":"Feature","geometry":{"type":"Point","coordinates":[8.6736657,49.4138241]},"properties":{"id":"bikerack:75ec87ae-d8d0-4ff6-a6b7-af7bdd5faefe","kind":"bikerack","longitude":8.6736657,"latitude":49.4138241,"name":"Fahrradabstellplatz","city":"Heidelberg","address":null,"covered":false,"access":null,"website":null,"phone":null,"source":"OpenStreetMap/way/1388319743","sourceUpdatedAt":null,"verifiedAt":null}},{"type":"Feature","geometry":{"type":"Point","coordinates":[8.6829184,49.4190313]},"properties":{"id":"bikerack:765dedc8-91db-4828-aed9-cf748b61c33b","kind":"bikerack","longitude":8.6829184,"latitude":49.4190313,"name":"Fahrradabstellplatz","city":"Heidelberg","address":null,"covered":false,"access":null,"website":null,"phone":null,"source":"OpenStreetMap/node/6469895775","sourceUpdatedAt":null,"verifiedAt":null}},{"type":"Feature","geometry":{"type":"Point","coordinates":[8.6788969,49.4364306]},"properties":{"id":"bikerack:77038e31-9dcd-4313-aad6-d16f4f52803b","kind":"bikerack","longitude":8.6788969,"latitude":49.4364306,"name":"Fahrradabstellplatz","city":"Dossenheim","address":null,"covered":false,"access":null,"website":null,"phone":null,"source":"OpenStreetMap/node/12797714506","sourceUpdatedAt":null,"verifiedAt":null}},{"type":"Feature","geometry":{"type":"Point","coordinates":[8.6773297,49.412819]},"properties":{"id":"bikerack:7740b262-539e-4c84-898d-83fab3113b08","kind":"bikerack","longitude":8.6773297,"latitude":49.412819,"name":"Fahrradabstellplatz","city":"Heidelberg","address":null,"covered":false,"access":null,"website":null,"phone":null,"source":"OpenStreetMap/node/12177506097","sourceUpdatedAt":null,"verifiedAt":null}},{"type":"Feature","geometry":{"type":"Point","coordinates":[8.6695119,49.4178688]},"properties":{"id":"bikerack:7ae36236-0eba-4070-b628-cb7b97433561","kind":"bikerack","longitude":8.6695119,"latitude":49.4178688,"name":"Fahrradabstellplatz","city":"Heidelberg","address":null,"covered":false,"access":null,"website":null,"phone":null,"source":"OpenStreetMap/node/5731345908","sourceUpdatedAt":null,"verifiedAt":null}},{"type":"Feature","geometry":{"type":"Point","coordinates":[8.6702072,49.4129914]},"properties":{"id":"bikerack:7baa6834-9fc1-4238-9311-312c280cb5e9","kind":"bikerack","longitude":8.6702072,"latitude":49.4129914,"name":"Fahrradabstellplatz","city":"Heidelberg","address":null,"covered":true,"access":null,"website":null,"phone":null,"source":"OpenStreetMap/node/9284604055","sourceUpdatedAt":null,"verifiedAt":null}},{"type":"Feature","geometry":{"type":"Point","coordinates":[8.6756819,49.4132057]},"properties":{"id":"bikerack:7e7a9986-487b-4d50-ae89-5d1ce9305b37","kind":"bikerack","longitude":8.6756819,"latitude":49.4132057,"name":"Fahrradabstellplatz","city":"Heidelberg","address":null,"covered":false,"access":null,"website":null,"phone":null,"source":"OpenStreetMap/node/13367775417","sourceUpdatedAt":null,"verifiedAt":null}},{"type":"Feature","geometry":{"type":"Point","coordinates":[8.6619504,49.4226692]},"properties":{"id":"bikerack:7f39496d-92ac-4131-aef3-ddb1ac159e40","kind":"bikerack","longitude":8.6619504,"latitude":49.4226692,"name":"Fahrradabstellplatz","city":"Dossenheim","address":null,"covered":false,"access":null,"website":null,"phone":null,"source":"OpenStreetMap/node/11907156366","sourceUpdatedAt":null,"verifiedAt":null}},{"type":"Feature","geometry":{"type":"Point","coordinates":[8.6895511,49.422603]},"properties":{"id":"bikerack:7fe7b3f3-1e14-4d96-8564-7b92d90e6c84","kind":"bikerack","longitude":8.6895511,"latitude":49.422603,"name":"Fahrradabstellplatz","city":"Heidelberg","address":null,"covered":false,"access":null,"website":null,"phone":null,"source":"OpenStreetMap/node/1312363058","sourceUpdatedAt":null,"verifiedAt":null}},{"type":"Feature","geometry":{"type":"Point","coordinates":[8.6920883,49.4164705]},"properties":{"id":"bikerack:810fa1da-65fc-4fd7-8c50-b2c05cbee0c0","kind":"bikerack","longitude":8.6920883,"latitude":49.4164705,"name":"Fahrradabstellplatz","city":"Heidelberg","address":null,"covered":false,"access":null,"website":null,"phone":null,"source":"OpenStreetMap/node/1784582057","sourceUpdatedAt":null,"verifiedAt":null}},{"type":"Feature","geometry":{"type":"Point","coordinates":[8.6672975,49.4200466]},"properties":{"id":"bikerack:8278e5e8-8a7d-4cc4-9183-8d4966e9a75b","kind":"bikerack","longitude":8.6672975,"latitude":49.4200466,"name":"Fahrradabstellplatz","city":"Heidelberg","address":null,"covered":true,"access":null,"website":null,"phone":null,"source":"OpenStreetMap/node/11926199258","sourceUpdatedAt":null,"verifiedAt":null}},{"type":"Feature","geometry":{"type":"Point","coordinates":[8.667446,49.4154625]},"properties":{"id":"bikerack:8515d374-cfdd-4f53-9c44-b63edaf23dc7","kind":"bikerack","longitude":8.667446,"latitude":49.4154625,"name":"Fahrradabstellplatz","city":"Heidelberg","address":null,"covered":true,"access":null,"website":null,"phone":null,"source":"OpenStreetMap/node/1236452755","sourceUpdatedAt":null,"verifiedAt":null}},{"type":"Feature","geometry":{"type":"Point","coordinates":[8.6922925,49.4151298]},"properties":{"id":"bikerack:85bf096e-5725-415e-ba0a-230c8fa47eb5","kind":"bikerack","longitude":8.6922925,"latitude":49.4151298,"name":"Fahrradabstellplatz","city":"Heidelberg","address":null,"covered":false,"access":null,"website":null,"phone":null,"source":"OpenStreetMap/node/3730627903","sourceUpdatedAt":null,"verifiedAt":null}},{"type":"Feature","geometry":{"type":"Point","coordinates":[8.6895176,49.4225331]},"properties":{"id":"bikerack:87d1d710-30f2-4a10-b3e2-01d6a9b1efe5","kind":"bikerack","longitude":8.6895176,"latitude":49.4225331,"name":"Fahrradabstellplatz","city":"Heidelberg","address":null,"covered":false,"access":null,"website":null,"phone":null,"source":"OpenStreetMap/node/1312363067","sourceUpdatedAt":null,"verifiedAt":null}},{"type":"Feature","geometry":{"type":"Point","coordinates":[8.6730082,49.4150783]},"properties":{"id":"bikerack:887d43c1-bd82-4c78-9960-10f4a101ac11","kind":"bikerack","longitude":8.6730082,"latitude":49.4150783,"name":"Fahrradabstellplatz","city":"Heidelberg","address":null,"covered":true,"access":null,"website":null,"phone":null,"source":"OpenStreetMap/node/13039448335","sourceUpdatedAt":null,"verifiedAt":null}},{"type":"Feature","geometry":{"type":"Point","coordinates":[8.6697275,49.4173158]},"properties":{"id":"bikerack:89d71025-e641-4660-911a-a72b5968b14c","kind":"bikerack","longitude":8.6697275,"latitude":49.4173158,"name":"Fahrradabstellplatz","city":"Heidelberg","address":null,"covered":false,"access":null,"website":null,"phone":null,"source":"OpenStreetMap/node/10077534930","sourceUpdatedAt":null,"verifiedAt":null}},{"type":"Feature","geometry":{"type":"Point","coordinates":[8.6920165,49.4159805]},"properties":{"id":"bikerack:89e7d5cf-fca2-43ab-83c3-93fab954e00d","kind":"bikerack","longitude":8.6920165,"latitude":49.4159805,"name":"Fahrradabstellplatz","city":"Heidelberg","address":null,"covered":false,"access":null,"website":null,"phone":null,"source":"OpenStreetMap/node/1784582048","sourceUpdatedAt":null,"verifiedAt":null}},{"type":"Feature","geometry":{"type":"Point","coordinates":[8.6845256,49.4237314]},"properties":{"id":"bikerack:8a0591b8-6e66-4421-97fa-41be5bb2fbfe","kind":"bikerack","longitude":8.6845256,"latitude":49.4237314,"name":"Fahrradabstellplatz","city":"Heidelberg","address":null,"covered":false,"access":null,"website":null,"phone":null,"source":"OpenStreetMap/way/1381838047","sourceUpdatedAt":null,"verifiedAt":null}},{"type":"Feature","geometry":{"type":"Point","coordinates":[8.66772,49.4126106]},"properties":{"id":"bikerack:8b7d4a86-27a1-46ca-a674-e12ea25d3955","kind":"bikerack","longitude":8.66772,"latitude":49.4126106,"name":"Fahrradabstellplatz","city":"Heidelberg","address":null,"covered":true,"access":null,"website":null,"phone":null,"source":"OpenStreetMap/node/1312395236","sourceUpdatedAt":null,"verifiedAt":null}},{"type":"Feature","geometry":{"type":"Point","coordinates":[8.6703009,49.4184294]},"properties":{"id":"bikerack:8c231097-8a39-47db-a462-789fbe96a109","kind":"bikerack","longitude":8.6703009,"latitude":49.4184294,"name":"Fahrradabstellplatz","city":"Heidelberg","address":null,"covered":false,"access":null,"website":null,"phone":null,"source":"OpenStreetMap/node/1312363061","sourceUpdatedAt":null,"verifiedAt":null}},{"type":"Feature","geometry":{"type":"Point","coordinates":[8.6817678,49.4233688]},"properties":{"id":"bikerack:8dc55f8c-bde7-48e7-8412-340e67a3fe8c","kind":"bikerack","longitude":8.6817678,"latitude":49.4233688,"name":"Fahrradabstellplatz","city":"Heidelberg","address":null,"covered":true,"access":null,"website":null,"phone":null,"source":"OpenStreetMap/way/941079268","sourceUpdatedAt":null,"verifiedAt":null}},{"type":"Feature","geometry":{"type":"Point","coordinates":[8.6767872,49.4149148]},"properties":{"id":"bikerack:8dec4617-5043-4c0f-b4c0-10fe3df9861d","kind":"bikerack","longitude":8.6767872,"latitude":49.4149148,"name":"Fahrradabstellplatz","city":"Heidelberg","address":null,"covered":true,"access":null,"website":null,"phone":null,"source":"OpenStreetMap/node/13050569969","sourceUpdatedAt":null,"verifiedAt":null}},{"type":"Feature","geometry":{"type":"Point","coordinates":[8.6767019,49.4196259]},"properties":{"id":"bikerack:8eed4923-a1a7-43d2-b791-41e5f098d264","kind":"bikerack","longitude":8.6767019,"latitude":49.4196259,"name":"Fahrradabstellplatz","city":"Heidelberg","address":null,"covered":true,"access":null,"website":null,"phone":null,"source":"OpenStreetMap/way/672566189","sourceUpdatedAt":null,"verifiedAt":null}},{"type":"Feature","geometry":{"type":"Point","coordinates":[8.6819247,49.4233958]},"properties":{"id":"bikerack:8f1d73ff-c94d-4ae0-91fa-2a7cb5a3bf7d","kind":"bikerack","longitude":8.6819247,"latitude":49.4233958,"name":"Fahrradabstellplatz","city":"Heidelberg","address":null,"covered":false,"access":null,"website":null,"phone":null,"source":"OpenStreetMap/way/941079266","sourceUpdatedAt":null,"verifiedAt":null}},{"type":"Feature","geometry":{"type":"Point","coordinates":[8.6766271,49.4197075]},"properties":{"id":"bikerack:8f7a4d02-033a-495d-9489-6f41cc156d87","kind":"bikerack","longitude":8.6766271,"latitude":49.4197075,"name":"Fahrradabstellplatz","city":"Heidelberg","address":null,"covered":true,"access":null,"website":null,"phone":null,"source":"OpenStreetMap/way/654082287","sourceUpdatedAt":null,"verifiedAt":null}},{"type":"Feature","geometry":{"type":"Point","coordinates":[8.6719769,49.4182851]},"properties":{"id":"bikerack:93bf2ad8-49c7-4ab8-98c1-1247804593b2","kind":"bikerack","longitude":8.6719769,"latitude":49.4182851,"name":"Fahrradabstellplatz","city":"Heidelberg","address":null,"covered":false,"access":null,"website":null,"phone":null,"source":"OpenStreetMap/node/6727225295","sourceUpdatedAt":null,"verifiedAt":null}},{"type":"Feature","geometry":{"type":"Point","coordinates":[8.6712997,49.4145377]},"properties":{"id":"bikerack:94761096-4ad7-4eca-b37e-74221322cade","kind":"bikerack","longitude":8.6712997,"latitude":49.4145377,"name":"Fahrradabstellplatz","city":"Heidelberg","address":null,"covered":false,"access":null,"website":null,"phone":null,"source":"OpenStreetMap/node/1312395262","sourceUpdatedAt":null,"verifiedAt":null}},{"type":"Feature","geometry":{"type":"Point","coordinates":[8.6690561,49.4177747]},"properties":{"id":"bikerack:95bede77-14f0-47ed-ace3-f8dc2b8ea6ff","kind":"bikerack","longitude":8.6690561,"latitude":49.4177747,"name":"Fahrradabstellplatz","city":"Heidelberg","address":null,"covered":false,"access":null,"website":null,"phone":null,"source":"OpenStreetMap/node/1312365807","sourceUpdatedAt":null,"verifiedAt":null}},{"type":"Feature","geometry":{"type":"Point","coordinates":[8.6729964,49.4159238]},"properties":{"id":"bikerack:96dcec75-d358-4f93-b5bb-d0c301cd6cba","kind":"bikerack","longitude":8.6729964,"latitude":49.4159238,"name":"Fahrradabstellplatz","city":"Heidelberg","address":null,"covered":false,"access":null,"website":null,"phone":null,"source":"OpenStreetMap/way/222816406","sourceUpdatedAt":null,"verifiedAt":null}},{"type":"Feature","geometry":{"type":"Point","coordinates":[8.6801722,49.4360961]},"properties":{"id":"bikerack:98b627b4-fcad-442a-b236-0515b3712950","kind":"bikerack","longitude":8.6801722,"latitude":49.4360961,"name":"Fahrradabstellplatz","city":"Dossenheim","address":null,"covered":false,"access":null,"website":null,"phone":null,"source":"OpenStreetMap/node/5030222440","sourceUpdatedAt":null,"verifiedAt":null}},{"type":"Feature","geometry":{"type":"Point","coordinates":[8.672743,49.4151495]},"properties":{"id":"bikerack:9a1c6536-2f18-4ccc-96a7-9e9b9881b9c9","kind":"bikerack","longitude":8.672743,"latitude":49.4151495,"name":"Fahrradabstellplatz","city":"Heidelberg","address":null,"covered":true,"access":null,"website":null,"phone":null,"source":"OpenStreetMap/node/13039448403","sourceUpdatedAt":null,"verifiedAt":null}},{"type":"Feature","geometry":{"type":"Point","coordinates":[8.6727632,49.4157824]},"properties":{"id":"bikerack:9a71d4aa-7262-4d04-b828-949c149ffb93","kind":"bikerack","longitude":8.6727632,"latitude":49.4157824,"name":"Fahrradabstellplatz","city":"Heidelberg","address":null,"covered":false,"access":null,"website":null,"phone":null,"source":"OpenStreetMap/way/222816407","sourceUpdatedAt":null,"verifiedAt":null}},{"type":"Feature","geometry":{"type":"Point","coordinates":[8.6684635,49.415678]},"properties":{"id":"bikerack:9b7975f9-364c-4898-96c5-f9d66077adeb","kind":"bikerack","longitude":8.6684635,"latitude":49.415678,"name":"Fahrradabstellplatz","city":"Heidelberg","address":null,"covered":false,"access":null,"website":null,"phone":null,"source":"OpenStreetMap/node/7881078530","sourceUpdatedAt":null,"verifiedAt":null}},{"type":"Feature","geometry":{"type":"Point","coordinates":[8.6602643,49.4160241]},"properties":{"id":"bikerack:9ce3e5cd-ea26-4b4f-9961-b4bfdc4bde45","kind":"bikerack","longitude":8.6602643,"latitude":49.4160241,"name":"Fahrradabstellplatz","city":"Eppelheim","address":null,"covered":true,"access":null,"website":null,"phone":null,"source":"OpenStreetMap/way/364880720","sourceUpdatedAt":null,"verifiedAt":null}},{"type":"Feature","geometry":{"type":"Point","coordinates":[8.6873242,49.4245397]},"properties":{"id":"bikerack:9e0c10aa-0a39-4826-8254-1c920cc835d5","kind":"bikerack","longitude":8.6873242,"latitude":49.4245397,"name":"Fahrradabstellplatz","city":"Heidelberg","address":null,"covered":false,"access":null,"website":null,"phone":null,"source":"OpenStreetMap/node/11181995807","sourceUpdatedAt":null,"verifiedAt":null}},{"type":"Feature","geometry":{"type":"Point","coordinates":[8.6694432,49.4195449]},"properties":{"id":"bikerack:9e2e25d4-ed98-4a67-a7b6-3fe25d126531","kind":"bikerack","longitude":8.6694432,"latitude":49.4195449,"name":"Fahrradabstellplatz","city":"Heidelberg","address":null,"covered":false,"access":null,"website":null,"phone":null,"source":"OpenStreetMap/node/1312363072","sourceUpdatedAt":null,"verifiedAt":null}},{"type":"Feature","geometry":{"type":"Point","coordinates":[8.6847213,49.4265394]},"properties":{"id":"bikerack:9ea538c3-cfee-4b5d-8120-055b62bc39f1","kind":"bikerack","longitude":8.6847213,"latitude":49.4265394,"name":"Fahrradabstellplatz","city":"Heidelberg","address":null,"covered":false,"access":null,"website":null,"phone":null,"source":"OpenStreetMap/node/8658896547","sourceUpdatedAt":null,"verifiedAt":null}},{"type":"Feature","geometry":{"type":"Point","coordinates":[8.6778674,49.4169024]},"properties":{"id":"bikerack:9ff8a8e9-9e39-4295-ac79-9eef51d2b93c","kind":"bikerack","longitude":8.6778674,"latitude":49.4169024,"name":"Fahrradabstellplatz","city":"Heidelberg","address":null,"covered":false,"access":null,"website":null,"phone":null,"source":"OpenStreetMap/node/1312395258","sourceUpdatedAt":null,"verifiedAt":null}},{"type":"Feature","geometry":{"type":"Point","coordinates":[8.679009,49.4364567]},"properties":{"id":"bikerack:a01247f5-1b12-42d6-ba05-a0cb15d0a473","kind":"bikerack","longitude":8.679009,"latitude":49.4364567,"name":"Fahrradabstellplatz","city":"Dossenheim","address":null,"covered":true,"access":null,"website":null,"phone":null,"source":"OpenStreetMap/node/12797704045","sourceUpdatedAt":null,"verifiedAt":null}},{"type":"Feature","geometry":{"type":"Point","coordinates":[8.6701688,49.4176094]},"properties":{"id":"bikerack:a1967bd4-8180-4f55-85f9-74d7c45cc086","kind":"bikerack","longitude":8.6701688,"latitude":49.4176094,"name":"Fahrradabstellplatz","city":"Heidelberg","address":null,"covered":true,"access":null,"website":null,"phone":null,"source":"OpenStreetMap/way/1296646534","sourceUpdatedAt":null,"verifiedAt":null}},{"type":"Feature","geometry":{"type":"Point","coordinates":[8.6635084,49.4202299]},"properties":{"id":"bikerack:a24ac393-9873-48a6-bcd1-c37c8ae8627f","kind":"bikerack","longitude":8.6635084,"latitude":49.4202299,"name":"Fahrradabstellplatz","city":"Heidelberg","address":null,"covered":true,"access":null,"website":null,"phone":null,"source":"OpenStreetMap/node/12123898246","sourceUpdatedAt":null,"verifiedAt":null}},{"type":"Feature","geometry":{"type":"Point","coordinates":[8.6866309,49.4273059]},"properties":{"id":"bikerack:a2b9fc1f-8f03-488e-b9d5-1f70e96ac76d","kind":"bikerack","longitude":8.6866309,"latitude":49.4273059,"name":"Fahrradabstellplatz","city":"Heidelberg","address":null,"covered":false,"access":null,"website":null,"phone":null,"source":"OpenStreetMap/way/1301284643","sourceUpdatedAt":null,"verifiedAt":null}},{"type":"Feature","geometry":{"type":"Point","coordinates":[8.6894683,49.4223934]},"properties":{"id":"bikerack:a3a38a39-fc30-40be-a76f-9cba4f852ddd","kind":"bikerack","longitude":8.6894683,"latitude":49.4223934,"name":"Fahrradabstellplatz","city":"Heidelberg","address":null,"covered":false,"access":null,"website":null,"phone":null,"source":"OpenStreetMap/node/1312363068","sourceUpdatedAt":null,"verifiedAt":null}},{"type":"Feature","geometry":{"type":"Point","coordinates":[8.6725226,49.4179645]},"properties":{"id":"bikerack:a3a850e5-a65b-474d-a64c-d3332bc8c390","kind":"bikerack","longitude":8.6725226,"latitude":49.4179645,"name":"Fahrradabstellplatz","city":"Heidelberg","address":null,"covered":false,"access":null,"website":null,"phone":null,"source":"OpenStreetMap/node/12892618649","sourceUpdatedAt":null,"verifiedAt":null}},{"type":"Feature","geometry":{"type":"Point","coordinates":[8.6639274,49.4188118]},"properties":{"id":"bikerack:a58b0d71-c61d-4db0-bf3b-c6b21e4b3cdb","kind":"bikerack","longitude":8.6639274,"latitude":49.4188118,"name":"Fahrradabstellplatz","city":"Heidelberg","address":null,"covered":false,"access":null,"website":null,"phone":null,"source":"OpenStreetMap/way/1253664386","sourceUpdatedAt":null,"verifiedAt":null}},{"type":"Feature","geometry":{"type":"Point","coordinates":[8.6784761,49.4358473]},"properties":{"id":"bikerack:a5bcbde5-e3df-4473-87a1-63bb1b1256fb","kind":"bikerack","longitude":8.6784761,"latitude":49.4358473,"name":"Fahrradabstellplatz","city":"Dossenheim","address":null,"covered":false,"access":null,"website":null,"phone":null,"source":"OpenStreetMap/node/12766037473","sourceUpdatedAt":null,"verifiedAt":null}},{"type":"Feature","geometry":{"type":"Point","coordinates":[8.6794501,49.4364269]},"properties":{"id":"bikerack:a784c074-40d5-4cf7-a2c3-5697308d7e27","kind":"bikerack","longitude":8.6794501,"latitude":49.4364269,"name":"Fahrradabstellplatz","city":"Dossenheim","address":null,"covered":true,"access":null,"website":null,"phone":null,"source":"OpenStreetMap/node/12797684733","sourceUpdatedAt":null,"verifiedAt":null}},{"type":"Feature","geometry":{"type":"Point","coordinates":[8.6756245,49.4133133]},"properties":{"id":"bikerack:a864c434-b1e6-4a45-ac96-a1041193baa8","kind":"bikerack","longitude":8.6756245,"latitude":49.4133133,"name":"Fahrradabstellplatz","city":"Heidelberg","address":null,"covered":false,"access":null,"website":null,"phone":null,"source":"OpenStreetMap/node/12851661403","sourceUpdatedAt":null,"verifiedAt":null}},{"type":"Feature","geometry":{"type":"Point","coordinates":[8.6746475,49.4219249]},"properties":{"id":"bikerack:a88e395f-ad77-4b44-90c9-df18108bae05","kind":"bikerack","longitude":8.6746475,"latitude":49.4219249,"name":"Fahrradabstellplatz","city":"Heidelberg","address":null,"covered":false,"access":null,"website":null,"phone":null,"source":"OpenStreetMap/node/11812417159","sourceUpdatedAt":null,"verifiedAt":null}},{"type":"Feature","geometry":{"type":"Point","coordinates":[8.6729484,49.4183605]},"properties":{"id":"bikerack:a8e415d6-bf15-4294-b10d-ec05bea804c9","kind":"bikerack","longitude":8.6729484,"latitude":49.4183605,"name":"Fahrradabstellplatz","city":"Heidelberg","address":null,"covered":false,"access":null,"website":null,"phone":null,"source":"OpenStreetMap/node/11961164529","sourceUpdatedAt":null,"verifiedAt":null}},{"type":"Feature","geometry":{"type":"Point","coordinates":[8.6615741,49.4175764]},"properties":{"id":"bikerack:aaa8d9f0-2353-40e9-aab1-386b4f7e763d","kind":"bikerack","longitude":8.6615741,"latitude":49.4175764,"name":"Fahrradabstellplatz","city":"Eppelheim","address":null,"covered":false,"access":null,"website":null,"phone":null,"source":"OpenStreetMap/way/213876615","sourceUpdatedAt":null,"verifiedAt":null}},{"type":"Feature","geometry":{"type":"Point","coordinates":[8.6740977,49.4184295]},"properties":{"id":"bikerack:ab8c5e73-35af-4cd8-878c-2960a538ab52","kind":"bikerack","longitude":8.6740977,"latitude":49.4184295,"name":"Fahrradabstellplatz","city":"Heidelberg","address":null,"covered":false,"access":null,"website":null,"phone":null,"source":"OpenStreetMap/node/12114411550","sourceUpdatedAt":null,"verifiedAt":null}},{"type":"Feature","geometry":{"type":"Point","coordinates":[8.6748017,49.4149999]},"properties":{"id":"bikerack:ad547a01-7197-431d-b730-ee7d256ec090","kind":"bikerack","longitude":8.6748017,"latitude":49.4149999,"name":"Fahrradabstellplatz","city":"Heidelberg","address":null,"covered":true,"access":null,"website":null,"phone":null,"source":"OpenStreetMap/node/6363543143","sourceUpdatedAt":null,"verifiedAt":null}},{"type":"Feature","geometry":{"type":"Point","coordinates":[8.671918,49.4181884]},"properties":{"id":"bikerack:ad57e6e0-db68-48b3-86df-23ebfdefa046","kind":"bikerack","longitude":8.671918,"latitude":49.4181884,"name":"Fahrradabstellplatz","city":"Heidelberg","address":null,"covered":false,"access":null,"website":null,"phone":null,"source":"OpenStreetMap/node/6727223482","sourceUpdatedAt":null,"verifiedAt":null}},{"type":"Feature","geometry":{"type":"Point","coordinates":[8.671222,49.4157984]},"properties":{"id":"bikerack:ae1d5564-6ba6-46ab-9deb-07eebfd28112","kind":"bikerack","longitude":8.671222,"latitude":49.4157984,"name":"Fahrradabstellplatz","city":"Heidelberg","address":null,"covered":true,"access":null,"website":null,"phone":null,"source":"OpenStreetMap/way/1286154461","sourceUpdatedAt":null,"verifiedAt":null}},{"type":"Feature","geometry":{"type":"Point","coordinates":[8.6702618,49.4154137]},"properties":{"id":"bikerack:ae63f7cd-c0dd-40c9-af70-7cd537eb5593","kind":"bikerack","longitude":8.6702618,"latitude":49.4154137,"name":"Fahrradabstellplatz","city":"Heidelberg","address":null,"covered":true,"access":null,"website":null,"phone":null,"source":"OpenStreetMap/node/7884402034","sourceUpdatedAt":null,"verifiedAt":null}},{"type":"Feature","geometry":{"type":"Point","coordinates":[8.6894258,49.4222653]},"properties":{"id":"bikerack:b3c5fb9e-1e70-48ce-a01b-d87d8bdc6eb3","kind":"bikerack","longitude":8.6894258,"latitude":49.4222653,"name":"Fahrradabstellplatz","city":"Heidelberg","address":null,"covered":false,"access":null,"website":null,"phone":null,"source":"OpenStreetMap/node/1312363074","sourceUpdatedAt":null,"verifiedAt":null}},{"type":"Feature","geometry":{"type":"Point","coordinates":[8.6675106,49.4127378]},"properties":{"id":"bikerack:b4cd58fa-88d6-40e7-aa06-1a32a93dd896","kind":"bikerack","longitude":8.6675106,"latitude":49.4127378,"name":"Fahrradabstellplatz","city":"Heidelberg","address":null,"covered":true,"access":null,"website":null,"phone":null,"source":"OpenStreetMap/node/4199179490","sourceUpdatedAt":null,"verifiedAt":null}},{"type":"Feature","geometry":{"type":"Point","coordinates":[8.6903557,49.4144882]},"properties":{"id":"bikerack:b5914ff3-5ac0-4d61-9571-09440358b262","kind":"bikerack","longitude":8.6903557,"latitude":49.4144882,"name":"Fahrradabstellplatz","city":"Heidelberg","address":null,"covered":false,"access":null,"website":null,"phone":null,"source":"OpenStreetMap/node/6503861461","sourceUpdatedAt":null,"verifiedAt":null}},{"type":"Feature","geometry":{"type":"Point","coordinates":[8.6846769,49.4175736]},"properties":{"id":"bikerack:b7114b34-63a3-41f6-9360-b35bc90e7761","kind":"bikerack","longitude":8.6846769,"latitude":49.4175736,"name":"Fahrradabstellplatz","city":"Heidelberg","address":null,"covered":false,"access":null,"website":null,"phone":null,"source":"OpenStreetMap/node/11198045243","sourceUpdatedAt":null,"verifiedAt":null}},{"type":"Feature","geometry":{"type":"Point","coordinates":[8.6679367,49.4156888]},"properties":{"id":"bikerack:b9191cdb-9d76-4ee6-9e16-0c19c6ec8515","kind":"bikerack","longitude":8.6679367,"latitude":49.4156888,"name":"Fahrradabstellplatz","city":"Heidelberg","address":null,"covered":false,"access":null,"website":null,"phone":null,"source":"OpenStreetMap/node/3549326934","sourceUpdatedAt":null,"verifiedAt":null}},{"type":"Feature","geometry":{"type":"Point","coordinates":[8.6639193,49.4206621]},"properties":{"id":"bikerack:b98a6ec9-4f35-4d98-afc6-cbad724335d8","kind":"bikerack","longitude":8.6639193,"latitude":49.4206621,"name":"Fahrradabstellplatz","city":"Heidelberg","address":null,"covered":true,"access":null,"website":null,"phone":null,"source":"OpenStreetMap/way/1076126227","sourceUpdatedAt":null,"verifiedAt":null}},{"type":"Feature","geometry":{"type":"Point","coordinates":[8.6848317,49.4342019]},"properties":{"id":"bikerack:ba8d6892-ffb7-41f6-9796-31f37efa1975","kind":"bikerack","longitude":8.6848317,"latitude":49.4342019,"name":"Fahrradabstellplatz","city":"Dossenheim","address":null,"covered":false,"access":null,"website":null,"phone":null,"source":"OpenStreetMap/node/12709940523","sourceUpdatedAt":null,"verifiedAt":null}},{"type":"Feature","geometry":{"type":"Point","coordinates":[8.6759744,49.4185604]},"properties":{"id":"bikerack:bdb555a0-7174-4f6e-8c84-f48f7da98035","kind":"bikerack","longitude":8.6759744,"latitude":49.4185604,"name":"Fahrradabstellplatz","city":"Heidelberg","address":null,"covered":false,"access":null,"website":null,"phone":null,"source":"OpenStreetMap/node/11266221349","sourceUpdatedAt":null,"verifiedAt":null}},{"type":"Feature","geometry":{"type":"Point","coordinates":[8.6661795,49.4184611]},"properties":{"id":"bikerack:bdd75143-b0aa-4080-a456-161c9f8b169b","kind":"bikerack","longitude":8.6661795,"latitude":49.4184611,"name":"Fahrradabstellplatz","city":"Heidelberg","address":null,"covered":true,"access":null,"website":null,"phone":null,"source":"OpenStreetMap/node/7635012912","sourceUpdatedAt":null,"verifiedAt":null}},{"type":"Feature","geometry":{"type":"Point","coordinates":[8.6850528,49.4262044]},"properties":{"id":"bikerack:bddbd941-0d18-41f1-b788-6c7ecf25c5f3","kind":"bikerack","longitude":8.6850528,"latitude":49.4262044,"name":"Fahrradabstellplatz","city":"Heidelberg","address":null,"covered":false,"access":null,"website":null,"phone":null,"source":"OpenStreetMap/node/8658845693","sourceUpdatedAt":null,"verifiedAt":null}},{"type":"Feature","geometry":{"type":"Point","coordinates":[8.6695151,49.4161193]},"properties":{"id":"bikerack:c0310e07-4017-431a-aa79-bef6d910085a","kind":"bikerack","longitude":8.6695151,"latitude":49.4161193,"name":"Fahrradabstellplatz","city":"Heidelberg","address":null,"covered":true,"access":null,"website":null,"phone":null,"source":"OpenStreetMap/node/2812777380","sourceUpdatedAt":null,"verifiedAt":null}},{"type":"Feature","geometry":{"type":"Point","coordinates":[8.6867574,49.4267884]},"properties":{"id":"bikerack:c1e72c77-041c-4c3a-9b6b-a73cec02c75f","kind":"bikerack","longitude":8.6867574,"latitude":49.4267884,"name":"Fahrradabstellplatz","city":"Heidelberg","address":null,"covered":false,"access":null,"website":null,"phone":null,"source":"OpenStreetMap/node/12250019523","sourceUpdatedAt":null,"verifiedAt":null}},{"type":"Feature","geometry":{"type":"Point","coordinates":[8.691973,49.4168]},"properties":{"id":"bikerack:c221d85f-d595-427c-871c-d70febdd345f","kind":"bikerack","longitude":8.691973,"latitude":49.4168,"name":"Fahrradabstellplatz","city":"Heidelberg","address":null,"covered":false,"access":null,"website":null,"phone":null,"source":"OpenStreetMap/node/6503981308","sourceUpdatedAt":null,"verifiedAt":null}},{"type":"Feature","geometry":{"type":"Point","coordinates":[8.6903011,49.4157375]},"properties":{"id":"bikerack:c233812e-8e09-45c9-b4f1-f924b1bbdda3","kind":"bikerack","longitude":8.6903011,"latitude":49.4157375,"name":"Fahrradabstellplatz","city":"Heidelberg","address":null,"covered":false,"access":null,"website":null,"phone":null,"source":"OpenStreetMap/node/10719788893","sourceUpdatedAt":null,"verifiedAt":null}},{"type":"Feature","geometry":{"type":"Point","coordinates":[8.6725245,49.4180216]},"properties":{"id":"bikerack:c37e4b3d-62db-4ea5-918e-dc0d5d35a024","kind":"bikerack","longitude":8.6725245,"latitude":49.4180216,"name":"Fahrradabstellplatz","city":"Heidelberg","address":null,"covered":false,"access":null,"website":null,"phone":null,"source":"OpenStreetMap/node/12892669180","sourceUpdatedAt":null,"verifiedAt":null}},{"type":"Feature","geometry":{"type":"Point","coordinates":[8.6766656,49.418734]},"properties":{"id":"bikerack:c413f338-2a31-4e65-9e1a-2cdf4a8723b6","kind":"bikerack","longitude":8.6766656,"latitude":49.418734,"name":"Fahrradabstellplatz","city":"Heidelberg","address":null,"covered":false,"access":null,"website":null,"phone":null,"source":"OpenStreetMap/node/1773121735","sourceUpdatedAt":null,"verifiedAt":null}},{"type":"Feature","geometry":{"type":"Point","coordinates":[8.6876267,49.4129866]},"properties":{"id":"bikerack:c432e78e-0618-4ae5-81de-071b66e2a2b4","kind":"bikerack","longitude":8.6876267,"latitude":49.4129866,"name":"Fahrradabstellplatz","city":"Heidelberg","address":null,"covered":false,"access":null,"website":null,"phone":null,"source":"OpenStreetMap/node/12068123717","sourceUpdatedAt":null,"verifiedAt":null}},{"type":"Feature","geometry":{"type":"Point","coordinates":[8.6741016,49.4175816]},"properties":{"id":"bikerack:c4831579-21cf-410e-a3c2-cb931cc1e391","kind":"bikerack","longitude":8.6741016,"latitude":49.4175816,"name":"Fahrradabstellplatz","city":"Heidelberg","address":null,"covered":false,"access":null,"website":null,"phone":null,"source":"OpenStreetMap/node/1616924743","sourceUpdatedAt":null,"verifiedAt":null}},{"type":"Feature","geometry":{"type":"Point","coordinates":[8.6691779,49.4182104]},"properties":{"id":"bikerack:c6fcab60-8ee0-4fc1-ba4d-ab26bdd80e73","kind":"bikerack","longitude":8.6691779,"latitude":49.4182104,"name":"Fahrradabstellplatz","city":"Heidelberg","address":null,"covered":false,"access":null,"website":null,"phone":null,"source":"OpenStreetMap/way/47945661","sourceUpdatedAt":null,"verifiedAt":null}},{"type":"Feature","geometry":{"type":"Point","coordinates":[8.6684765,49.4125632]},"properties":{"id":"bikerack:cb026c5d-686e-47e3-9780-4d7995925df7","kind":"bikerack","longitude":8.6684765,"latitude":49.4125632,"name":"Fahrradabstellplatz","city":"Heidelberg","address":null,"covered":true,"access":null,"website":null,"phone":null,"source":"OpenStreetMap/node/1312395283","sourceUpdatedAt":null,"verifiedAt":null}},{"type":"Feature","geometry":{"type":"Point","coordinates":[8.681204,49.4245157]},"properties":{"id":"bikerack:cc290a14-0e2d-4d06-9a1d-c611753fde45","kind":"bikerack","longitude":8.681204,"latitude":49.4245157,"name":"Fahrradabstellplatz","city":"Heidelberg","address":null,"covered":false,"access":null,"website":null,"phone":null,"source":"OpenStreetMap/way/941079264","sourceUpdatedAt":null,"verifiedAt":null}},{"type":"Feature","geometry":{"type":"Point","coordinates":[8.6680418,49.4131056]},"properties":{"id":"bikerack:cc6c8f37-d796-47c4-8782-ead969649ae7","kind":"bikerack","longitude":8.6680418,"latitude":49.4131056,"name":"Fahrradabstellplatz","city":"Heidelberg","address":null,"covered":false,"access":null,"website":null,"phone":null,"source":"OpenStreetMap/node/1312395235","sourceUpdatedAt":null,"verifiedAt":null}},{"type":"Feature","geometry":{"type":"Point","coordinates":[8.689343,49.4219203]},"properties":{"id":"bikerack:cd8139da-c25e-49d4-ba0b-97ad6cdb1801","kind":"bikerack","longitude":8.689343,"latitude":49.4219203,"name":"Fahrradabstellplatz","city":"Heidelberg","address":null,"covered":false,"access":null,"website":null,"phone":null,"source":"OpenStreetMap/node/1312363076","sourceUpdatedAt":null,"verifiedAt":null}},{"type":"Feature","geometry":{"type":"Point","coordinates":[8.6692272,49.4200188]},"properties":{"id":"bikerack:ce2e617a-3aea-4a6d-97c9-395e1f8666e5","kind":"bikerack","longitude":8.6692272,"latitude":49.4200188,"name":"Fahrradabstellplatz","city":"Heidelberg","address":null,"covered":false,"access":null,"website":null,"phone":null,"source":"OpenStreetMap/node/11961155748","sourceUpdatedAt":null,"verifiedAt":null}},{"type":"Feature","geometry":{"type":"Point","coordinates":[8.674795,49.4199769]},"properties":{"id":"bikerack:cf16bbcc-ce3e-4ace-808a-af240a6143bd","kind":"bikerack","longitude":8.674795,"latitude":49.4199769,"name":"Fahrradabstellplatz","city":"Heidelberg","address":null,"covered":false,"access":null,"website":null,"phone":null,"source":"OpenStreetMap/node/13127695394","sourceUpdatedAt":null,"verifiedAt":null}},{"type":"Feature","geometry":{"type":"Point","coordinates":[8.6676916,49.4154897]},"properties":{"id":"bikerack:d123183c-c682-49c0-8928-7bf2ee364398","kind":"bikerack","longitude":8.6676916,"latitude":49.4154897,"name":"Fahrradabstellplatz","city":"Heidelberg","address":null,"covered":false,"access":null,"website":null,"phone":null,"source":"OpenStreetMap/node/1312375942","sourceUpdatedAt":null,"verifiedAt":null}},{"type":"Feature","geometry":{"type":"Point","coordinates":[8.6643632,49.4149969]},"properties":{"id":"bikerack:d60c0535-97da-41a1-8002-06a910afd870","kind":"bikerack","longitude":8.6643632,"latitude":49.4149969,"name":"Fahrradabstellplatz","city":"Heidelberg","address":null,"covered":false,"access":null,"website":null,"phone":null,"source":"OpenStreetMap/way/1041683325","sourceUpdatedAt":null,"verifiedAt":null}},{"type":"Feature","geometry":{"type":"Point","coordinates":[8.6893922,49.4221212]},"properties":{"id":"bikerack:d61ef77d-fc87-4cf5-a0df-e94de3bf571e","kind":"bikerack","longitude":8.6893922,"latitude":49.4221212,"name":"Fahrradabstellplatz","city":"Heidelberg","address":null,"covered":false,"access":null,"website":null,"phone":null,"source":"OpenStreetMap/node/1312363078","sourceUpdatedAt":null,"verifiedAt":null}},{"type":"Feature","geometry":{"type":"Point","coordinates":[8.6849036,49.4263613]},"properties":{"id":"bikerack:d7013ebf-c766-44e6-ba05-c0ed66edacf2","kind":"bikerack","longitude":8.6849036,"latitude":49.4263613,"name":"Fahrradabstellplatz","city":"Heidelberg","address":null,"covered":false,"access":null,"website":null,"phone":null,"source":"OpenStreetMap/node/8658897531","sourceUpdatedAt":null,"verifiedAt":null}},{"type":"Feature","geometry":{"type":"Point","coordinates":[8.6907679,49.4146355]},"properties":{"id":"bikerack:d7d41c60-7aab-42c3-afd7-ae59231ad6bd","kind":"bikerack","longitude":8.6907679,"latitude":49.4146355,"name":"Fahrradabstellplatz","city":"Heidelberg","address":null,"covered":false,"access":null,"website":null,"phone":null,"source":"OpenStreetMap/node/6817994817","sourceUpdatedAt":null,"verifiedAt":null}},{"type":"Feature","geometry":{"type":"Point","coordinates":[8.6579527,49.4118476]},"properties":{"id":"bikerack:d7fb5c5a-d37c-4f2e-a641-10be572e697b","kind":"bikerack","longitude":8.6579527,"latitude":49.4118476,"name":"Fahrradabstellplatz","city":"Eppelheim","address":null,"covered":false,"access":null,"website":null,"phone":null,"source":"OpenStreetMap/way/547033625","sourceUpdatedAt":null,"verifiedAt":null}},{"type":"Feature","geometry":{"type":"Point","coordinates":[8.6676087,49.4183214]},"properties":{"id":"bikerack:d800ffd9-87c5-49c8-acdd-3851835bbe81","kind":"bikerack","longitude":8.6676087,"latitude":49.4183214,"name":"Fahrradabstellplatz","city":"Heidelberg","address":null,"covered":false,"access":null,"website":null,"phone":null,"source":"OpenStreetMap/node/7635180288","sourceUpdatedAt":null,"verifiedAt":null}},{"type":"Feature","geometry":{"type":"Point","coordinates":[8.6724838,49.4179847]},"properties":{"id":"bikerack:d97d23cf-bf4c-416b-9e34-13c54cbc9d31","kind":"bikerack","longitude":8.6724838,"latitude":49.4179847,"name":"Fahrradabstellplatz","city":"Heidelberg","address":null,"covered":true,"access":null,"website":null,"phone":null,"source":"OpenStreetMap/node/12892642288","sourceUpdatedAt":null,"verifiedAt":null}},{"type":"Feature","geometry":{"type":"Point","coordinates":[8.6616061,49.4175173]},"properties":{"id":"bikerack:d97d3232-08d2-48ca-b2e9-7183d9d6567e","kind":"bikerack","longitude":8.6616061,"latitude":49.4175173,"name":"Fahrradabstellplatz","city":"Eppelheim","address":null,"covered":false,"access":null,"website":null,"phone":null,"source":"OpenStreetMap/way/26003672","sourceUpdatedAt":null,"verifiedAt":null}},{"type":"Feature","geometry":{"type":"Point","coordinates":[8.6687566,49.4166298]},"properties":{"id":"bikerack:db08de90-1bca-433a-9d3f-13245d2c123b","kind":"bikerack","longitude":8.6687566,"latitude":49.4166298,"name":"Fahrradabstellplatz","city":"Heidelberg","address":null,"covered":true,"access":null,"website":null,"phone":null,"source":"OpenStreetMap/node/6512794879","sourceUpdatedAt":null,"verifiedAt":null}},{"type":"Feature","geometry":{"type":"Point","coordinates":[8.6818506,49.4233825]},"properties":{"id":"bikerack:dba103eb-2a98-4bf3-bac6-c97c448069c5","kind":"bikerack","longitude":8.6818506,"latitude":49.4233825,"name":"Fahrradabstellplatz","city":"Heidelberg","address":null,"covered":false,"access":null,"website":null,"phone":null,"source":"OpenStreetMap/way/941079267","sourceUpdatedAt":null,"verifiedAt":null}},{"type":"Feature","geometry":{"type":"Point","coordinates":[8.6690779,49.4201957]},"properties":{"id":"bikerack:dbc7e6df-239f-444e-96b0-8730214a94d7","kind":"bikerack","longitude":8.6690779,"latitude":49.4201957,"name":"Fahrradabstellplatz","city":"Heidelberg","address":null,"covered":false,"access":null,"website":null,"phone":null,"source":"OpenStreetMap/node/6477130850","sourceUpdatedAt":null,"verifiedAt":null}},{"type":"Feature","geometry":{"type":"Point","coordinates":[8.6741779,49.4171116]},"properties":{"id":"bikerack:dc666010-9e5d-4168-928c-cddf3bf1034a","kind":"bikerack","longitude":8.6741779,"latitude":49.4171116,"name":"Fahrradabstellplatz","city":"Heidelberg","address":null,"covered":false,"access":null,"website":null,"phone":null,"source":"OpenStreetMap/node/1312395272","sourceUpdatedAt":null,"verifiedAt":null}},{"type":"Feature","geometry":{"type":"Point","coordinates":[8.6631226,49.4194296]},"properties":{"id":"bikerack:dc6a298c-4548-4093-a0ae-d87b9f115301","kind":"bikerack","longitude":8.6631226,"latitude":49.4194296,"name":"Fahrradabstellplatz","city":"Heidelberg","address":null,"covered":true,"access":null,"website":null,"phone":null,"source":"OpenStreetMap/way/1076126233","sourceUpdatedAt":null,"verifiedAt":null}},{"type":"Feature","geometry":{"type":"Point","coordinates":[8.6686266,49.4315876]},"properties":{"id":"bikerack:dcf57e96-a72c-4be3-ba4b-db8b9fd07cba","kind":"bikerack","longitude":8.6686266,"latitude":49.4315876,"name":"Fahrradabstellplatz","city":"Dossenheim","address":null,"covered":false,"access":null,"website":null,"phone":null,"source":"OpenStreetMap/node/12754307117","sourceUpdatedAt":null,"verifiedAt":null}},{"type":"Feature","geometry":{"type":"Point","coordinates":[8.6682672,49.4180875]},"properties":{"id":"bikerack:dd1067c7-b9a6-4f66-af9a-c33a44a65487","kind":"bikerack","longitude":8.6682672,"latitude":49.4180875,"name":"Fahrradabstellplatz","city":"Heidelberg","address":null,"covered":false,"access":null,"website":null,"phone":null,"source":"OpenStreetMap/way/484349769","sourceUpdatedAt":null,"verifiedAt":null}},{"type":"Feature","geometry":{"type":"Point","coordinates":[8.6592504,49.4201274]},"properties":{"id":"bikerack:dfd8aec8-0bdc-4491-ac00-2cd8b4e21022","kind":"bikerack","longitude":8.6592504,"latitude":49.4201274,"name":"Fahrradabstellplatz","city":"Eppelheim","address":null,"covered":false,"access":null,"website":null,"phone":null,"source":"OpenStreetMap/way/25770212","sourceUpdatedAt":null,"verifiedAt":null}},{"type":"Feature","geometry":{"type":"Point","coordinates":[8.6635599,49.4196565]},"properties":{"id":"bikerack:dfe626ea-5ac4-4347-a979-5281c69ae9fa","kind":"bikerack","longitude":8.6635599,"latitude":49.4196565,"name":"Fahrradabstellplatz","city":"Heidelberg","address":null,"covered":true,"access":null,"website":null,"phone":null,"source":"OpenStreetMap/way/1076126240","sourceUpdatedAt":null,"verifiedAt":null}},{"type":"Feature","geometry":{"type":"Point","coordinates":[8.6789378,49.4303667]},"properties":{"id":"bikerack:dfff8940-1263-4265-8227-7d7bf986ccf4","kind":"bikerack","longitude":8.6789378,"latitude":49.4303667,"name":"Fahrradabstellplatz","city":"Dossenheim","address":null,"covered":false,"access":null,"website":null,"phone":null,"source":"OpenStreetMap/node/12797582473","sourceUpdatedAt":null,"verifiedAt":null}},{"type":"Feature","geometry":{"type":"Point","coordinates":[8.6751712,49.4172973]},"properties":{"id":"bikerack:e017194e-23b0-46b3-8347-d32facd53938","kind":"bikerack","longitude":8.6751712,"latitude":49.4172973,"name":"Fahrradabstellplatz","city":"Heidelberg","address":null,"covered":false,"access":null,"website":null,"phone":null,"source":"OpenStreetMap/node/9463295797","sourceUpdatedAt":null,"verifiedAt":null}},{"type":"Feature","geometry":{"type":"Point","coordinates":[8.6821689,49.4213443]},"properties":{"id":"bikerack:e0668d15-8afb-42a5-8ac3-d10818fd5c98","kind":"bikerack","longitude":8.6821689,"latitude":49.4213443,"name":"Fahrradabstellplatz","city":"Heidelberg","address":null,"covered":false,"access":null,"website":null,"phone":null,"source":"OpenStreetMap/way/906894671","sourceUpdatedAt":null,"verifiedAt":null}},{"type":"Feature","geometry":{"type":"Point","coordinates":[8.6687653,49.417498]},"properties":{"id":"bikerack:e1c520ae-d723-4e0f-b350-c8723dc0baa8","kind":"bikerack","longitude":8.6687653,"latitude":49.417498,"name":"Fahrradabstellplatz","city":"Heidelberg","address":null,"covered":false,"access":null,"website":null,"phone":null,"source":"OpenStreetMap/node/1312365809","sourceUpdatedAt":null,"verifiedAt":null}},{"type":"Feature","geometry":{"type":"Point","coordinates":[8.669726,49.4156733]},"properties":{"id":"bikerack:e1d745f5-07c1-4782-a3ed-4a3717b39186","kind":"bikerack","longitude":8.669726,"latitude":49.4156733,"name":"Fahrradabstellplatz","city":"Heidelberg","address":null,"covered":false,"access":null,"website":null,"phone":null,"source":"OpenStreetMap/node/11956146012","sourceUpdatedAt":null,"verifiedAt":null}},{"type":"Feature","geometry":{"type":"Point","coordinates":[8.6701039,49.4166287]},"properties":{"id":"bikerack:e1fb7821-ddc7-4394-9061-aaa3cb6e1685","kind":"bikerack","longitude":8.6701039,"latitude":49.4166287,"name":"Fahrradabstellplatz","city":"Heidelberg","address":null,"covered":true,"access":null,"website":null,"phone":null,"source":"OpenStreetMap/node/12035736822","sourceUpdatedAt":null,"verifiedAt":null}},{"type":"Feature","geometry":{"type":"Point","coordinates":[8.6686309,49.417906]},"properties":{"id":"bikerack:e4e37e49-6db2-4f79-a875-a272b9758db8","kind":"bikerack","longitude":8.6686309,"latitude":49.417906,"name":"Fahrradabstellplatz","city":"Heidelberg","address":null,"covered":true,"access":null,"website":null,"phone":null,"source":"OpenStreetMap/node/1312365810","sourceUpdatedAt":null,"verifiedAt":null}},{"type":"Feature","geometry":{"type":"Point","coordinates":[8.6612746,49.4238131]},"properties":{"id":"bikerack:e55a0bc1-c7a3-4d7b-a4f5-0fcaf91dde59","kind":"bikerack","longitude":8.6612746,"latitude":49.4238131,"name":"Fahrradabstellplatz","city":"Dossenheim","address":null,"covered":false,"access":null,"website":null,"phone":null,"source":"OpenStreetMap/node/11907158227","sourceUpdatedAt":null,"verifiedAt":null}},{"type":"Feature","geometry":{"type":"Point","coordinates":[8.6769821,49.4168722]},"properties":{"id":"bikerack:e6b6c4fa-1ec1-4359-b328-a00312590a4d","kind":"bikerack","longitude":8.6769821,"latitude":49.4168722,"name":"Fahrradabstellplatz","city":"Heidelberg","address":null,"covered":false,"access":null,"website":null,"phone":null,"source":"OpenStreetMap/node/1312395243","sourceUpdatedAt":null,"verifiedAt":null}},{"type":"Feature","geometry":{"type":"Point","coordinates":[8.669944,49.4126952]},"properties":{"id":"bikerack:e743f02e-472c-466d-ae1c-7d53c4c911a3","kind":"bikerack","longitude":8.669944,"latitude":49.4126952,"name":"Fahrradabstellplatz","city":"Heidelberg","address":null,"covered":false,"access":null,"website":null,"phone":null,"source":"OpenStreetMap/node/1312395246","sourceUpdatedAt":null,"verifiedAt":null}},{"type":"Feature","geometry":{"type":"Point","coordinates":[8.6902002,49.4149684]},"properties":{"id":"bikerack:e873d6e0-3cb8-4274-bd48-738f0fcd468f","kind":"bikerack","longitude":8.6902002,"latitude":49.4149684,"name":"Fahrradabstellplatz","city":"Heidelberg","address":null,"covered":false,"access":null,"website":null,"phone":null,"source":"OpenStreetMap/node/6503981306","sourceUpdatedAt":null,"verifiedAt":null}},{"type":"Feature","geometry":{"type":"Point","coordinates":[8.6695228,49.4176096]},"properties":{"id":"bikerack:e8a5aa91-1412-45ff-9122-b4c7c21ce89f","kind":"bikerack","longitude":8.6695228,"latitude":49.4176096,"name":"Fahrradabstellplatz","city":"Heidelberg","address":null,"covered":true,"access":null,"website":null,"phone":null,"source":"OpenStreetMap/node/5731345907","sourceUpdatedAt":null,"verifiedAt":null}},{"type":"Feature","geometry":{"type":"Point","coordinates":[8.6636638,49.4187797]},"properties":{"id":"bikerack:e9acc2c0-f114-418b-bc0f-a9829ed97ccd","kind":"bikerack","longitude":8.6636638,"latitude":49.4187797,"name":"Fahrradabstellplatz","city":"Heidelberg","address":null,"covered":false,"access":null,"website":null,"phone":null,"source":"OpenStreetMap/way/1253664387","sourceUpdatedAt":null,"verifiedAt":null}},{"type":"Feature","geometry":{"type":"Point","coordinates":[8.66783,49.4126114]},"properties":{"id":"bikerack:ea49d5a8-d10a-4ee3-bc36-99f1d9b03e50","kind":"bikerack","longitude":8.66783,"latitude":49.4126114,"name":"Fahrradabstellplatz","city":"Heidelberg","address":null,"covered":false,"access":null,"website":null,"phone":null,"source":"OpenStreetMap/node/4199179489","sourceUpdatedAt":null,"verifiedAt":null}},{"type":"Feature","geometry":{"type":"Point","coordinates":[8.6731218,49.4151147]},"properties":{"id":"bikerack:ea75a561-d5d3-4efe-8ee7-bf9f6a78e00b","kind":"bikerack","longitude":8.6731218,"latitude":49.4151147,"name":"Fahrradabstellplatz","city":"Heidelberg","address":null,"covered":true,"access":null,"website":null,"phone":null,"source":"OpenStreetMap/node/2370358316","sourceUpdatedAt":null,"verifiedAt":null}},{"type":"Feature","geometry":{"type":"Point","coordinates":[8.668793,49.4174338]},"properties":{"id":"bikerack:eb2ca446-e8ef-47ac-8914-9d677c8cfea6","kind":"bikerack","longitude":8.668793,"latitude":49.4174338,"name":"Fahrradabstellplatz","city":"Heidelberg","address":null,"covered":true,"access":null,"website":null,"phone":null,"source":"OpenStreetMap/node/1312365813","sourceUpdatedAt":null,"verifiedAt":null}},{"type":"Feature","geometry":{"type":"Point","coordinates":[8.6687699,49.4157565]},"properties":{"id":"bikerack:ec891cec-8b11-407e-8bd6-54cb85e3f0ec","kind":"bikerack","longitude":8.6687699,"latitude":49.4157565,"name":"Fahrradabstellplatz","city":"Heidelberg","address":null,"covered":false,"access":null,"website":null,"phone":null,"source":"OpenStreetMap/node/6512623118","sourceUpdatedAt":null,"verifiedAt":null}},{"type":"Feature","geometry":{"type":"Point","coordinates":[8.6782528,49.4332018]},"properties":{"id":"bikerack:f359745e-fa09-4c3c-8dd7-ccb57a568051","kind":"bikerack","longitude":8.6782528,"latitude":49.4332018,"name":"Fahrradabstellplatz","city":"Dossenheim","address":null,"covered":false,"access":null,"website":null,"phone":null,"source":"OpenStreetMap/node/12797657860","sourceUpdatedAt":null,"verifiedAt":null}},{"type":"Feature","geometry":{"type":"Point","coordinates":[8.6668738,49.4130663]},"properties":{"id":"bikerack:f3d47072-4978-4df6-9233-87ccdf596488","kind":"bikerack","longitude":8.6668738,"latitude":49.4130663,"name":"Fahrradabstellplatz","city":"Heidelberg","address":null,"covered":false,"access":null,"website":null,"phone":null,"source":"OpenStreetMap/node/1312379315","sourceUpdatedAt":null,"verifiedAt":null}},{"type":"Feature","geometry":{"type":"Point","coordinates":[8.6932889,49.4149082]},"properties":{"id":"bikerack:f535d39d-e705-4089-8a2c-df836c4845b3","kind":"bikerack","longitude":8.6932889,"latitude":49.4149082,"name":"Fahrradabstellplatz","city":"Heidelberg","address":null,"covered":false,"access":null,"website":null,"phone":null,"source":"OpenStreetMap/way/1168951289","sourceUpdatedAt":null,"verifiedAt":null}},{"type":"Feature","geometry":{"type":"Point","coordinates":[8.66311,49.4204532]},"properties":{"id":"bikerack:f588f855-0076-4932-98c4-f2bdcac46d4e","kind":"bikerack","longitude":8.66311,"latitude":49.4204532,"name":"Fahrradabstellplatz","city":"Heidelberg","address":null,"covered":true,"access":null,"website":null,"phone":null,"source":"OpenStreetMap/way/1076126226","sourceUpdatedAt":null,"verifiedAt":null}},{"type":"Feature","geometry":{"type":"Point","coordinates":[8.6676916,49.4155577]},"properties":{"id":"bikerack:f5df553a-6672-40ab-b948-2ecd4dfc2a58","kind":"bikerack","longitude":8.6676916,"latitude":49.4155577,"name":"Fahrradabstellplatz","city":"Heidelberg","address":null,"covered":false,"access":null,"website":null,"phone":null,"source":"OpenStreetMap/node/1312375949","sourceUpdatedAt":null,"verifiedAt":null}},{"type":"Feature","geometry":{"type":"Point","coordinates":[8.6689457,49.4161019]},"properties":{"id":"bikerack:f69d0e92-93a2-4324-8577-7c08977f7eb3","kind":"bikerack","longitude":8.6689457,"latitude":49.4161019,"name":"Fahrradabstellplatz","city":"Heidelberg","address":null,"covered":false,"access":null,"website":null,"phone":null,"source":"OpenStreetMap/node/4956311289","sourceUpdatedAt":null,"verifiedAt":null}},{"type":"Feature","geometry":{"type":"Point","coordinates":[8.6652996,49.4149513]},"properties":{"id":"bikerack:f7138eba-c76a-4a5c-b223-bb8df3f3c9b2","kind":"bikerack","longitude":8.6652996,"latitude":49.4149513,"name":"Fahrradabstellplatz","city":"Heidelberg","address":null,"covered":false,"access":null,"website":null,"phone":null,"source":"OpenStreetMap/way/753760000","sourceUpdatedAt":null,"verifiedAt":null}},{"type":"Feature","geometry":{"type":"Point","coordinates":[8.6710051,49.4162587]},"properties":{"id":"bikerack:f82c9a73-ee63-4a5b-8e94-51b825bfd4ae","kind":"bikerack","longitude":8.6710051,"latitude":49.4162587,"name":"Fahrradabstellplatz","city":"Heidelberg","address":null,"covered":true,"access":null,"website":null,"phone":null,"source":"OpenStreetMap/node/833555838","sourceUpdatedAt":null,"verifiedAt":null}},{"type":"Feature","geometry":{"type":"Point","coordinates":[8.6920796,49.4147881]},"properties":{"id":"bikerack:f8306c41-e9e6-4f29-8b4e-3b4cfb6f349c","kind":"bikerack","longitude":8.6920796,"latitude":49.4147881,"name":"Fahrradabstellplatz","city":"Heidelberg","address":null,"covered":false,"access":null,"website":null,"phone":null,"source":"OpenStreetMap/node/1372738337","sourceUpdatedAt":null,"verifiedAt":null}},{"type":"Feature","geometry":{"type":"Point","coordinates":[8.6743928,49.4127214]},"properties":{"id":"bikerack:f914a7e6-21a2-4f62-9f2d-dab9bd0daddb","kind":"bikerack","longitude":8.6743928,"latitude":49.4127214,"name":"Fahrradabstellplatz","city":"Heidelberg","address":null,"covered":false,"access":null,"website":null,"phone":null,"source":"OpenStreetMap/node/1754294475","sourceUpdatedAt":null,"verifiedAt":null}},{"type":"Feature","geometry":{"type":"Point","coordinates":[8.6687238,49.4177109]},"properties":{"id":"bikerack:fa19b801-078b-4393-a181-370f5451f16a","kind":"bikerack","longitude":8.6687238,"latitude":49.4177109,"name":"Fahrradabstellplatz","city":"Heidelberg","address":null,"covered":true,"access":null,"website":null,"phone":null,"source":"OpenStreetMap/node/6512539158","sourceUpdatedAt":null,"verifiedAt":null}},{"type":"Feature","geometry":{"type":"Point","coordinates":[8.6839505,49.4220867]},"properties":{"id":"bikerack:fcd95a8d-8e3f-428b-b734-d8f3523ff8ad","kind":"bikerack","longitude":8.6839505,"latitude":49.4220867,"name":"Fahrradabstellplatz","city":"Heidelberg","address":null,"covered":false,"access":null,"website":null,"phone":null,"source":"OpenStreetMap/node/11771979469","sourceUpdatedAt":null,"verifiedAt":null}},{"type":"Feature","geometry":{"type":"Point","coordinates":[8.6693775,49.4157607]},"properties":{"id":"bikerack:fd7d1e7d-20e5-4274-ba1c-e697c7b0a0b2","kind":"bikerack","longitude":8.6693775,"latitude":49.4157607,"name":"Fahrradabstellplatz","city":"Heidelberg","address":null,"covered":false,"access":null,"website":null,"phone":null,"source":"OpenStreetMap/node/4956311290","sourceUpdatedAt":null,"verifiedAt":null}},{"type":"Feature","geometry":{"type":"Point","coordinates":[8.675142,49.4185847]},"properties":{"id":"bikerack:fe9bf2bf-67e0-4c27-920e-4eb949231c41","kind":"bikerack","longitude":8.675142,"latitude":49.4185847,"name":"Fahrradabstellplatz","city":"Heidelberg","address":null,"covered":false,"access":null,"website":null,"phone":null,"source":"OpenStreetMap/node/11266221352","sourceUpdatedAt":null,"verifiedAt":null}},{"type":"Feature","geometry":{"type":"Point","coordinates":[8.6825822,49.4273975]},"properties":{"id":"repair:159f6aa6-5eee-4eb0-8921-8f737e94946c","kind":"repair","longitude":8.6825822,"latitude":49.4273975,"name":"Fahrradreparaturstation","city":"Heidelberg","address":null,"covered":false,"access":null,"website":null,"phone":null,"source":"OpenStreetMap/node/10706625113","sourceUpdatedAt":null,"verifiedAt":null}},{"type":"Feature","geometry":{"type":"Point","coordinates":[8.6754379,49.4207518]},"properties":{"id":"repair:3673373b-9b6b-4953-a5d9-4645a506f5a6","kind":"repair","longitude":8.6754379,"latitude":49.4207518,"name":"Fahrradreparaturstation","city":"Heidelberg","address":null,"covered":false,"access":null,"website":null,"phone":null,"source":"OpenStreetMap/node/12005734382","sourceUpdatedAt":null,"verifiedAt":null}},{"type":"Feature","geometry":{"type":"Point","coordinates":[8.6991297,49.4120017]},"properties":{"id":"repair:3eaa527d-85b6-4404-9be9-e49d1f2ccd96","kind":"repair","longitude":8.6991297,"latitude":49.4120017,"name":"RadService-Punkt Stadt Heidelberg","city":"Heidelberg","address":null,"covered":false,"access":null,"website":null,"phone":null,"source":"OpenStreetMap/node/10717871402","sourceUpdatedAt":null,"verifiedAt":null}},{"type":"Feature","geometry":{"type":"Point","coordinates":[8.6832065,49.4201509]},"properties":{"id":"repair:6d5f8fa6-a636-4c97-a963-347dd9af8135","kind":"repair","longitude":8.6832065,"latitude":49.4201509,"name":"Radservice-Station","city":"Heidelberg","address":null,"covered":false,"access":null,"website":null,"phone":null,"source":"OpenStreetMap/node/7184033648","sourceUpdatedAt":null,"verifiedAt":null}},{"type":"Feature","geometry":{"type":"Point","coordinates":[8.6590156,49.4227889]},"properties":{"id":"repair:7663fa5b-ca31-49f7-aeae-335769bd71a6","kind":"repair","longitude":8.6590156,"latitude":49.4227889,"name":"Fahrradreparaturstation","city":"Eppelheim","address":null,"covered":false,"access":null,"website":null,"phone":null,"source":"OpenStreetMap/node/8589466169","sourceUpdatedAt":null,"verifiedAt":null}},{"type":"Feature","geometry":{"type":"Point","coordinates":[8.6748418,49.4197913]},"properties":{"id":"repair:8a140357-102c-4edc-8fdc-0f9ec98852aa","kind":"repair","longitude":8.6748418,"latitude":49.4197913,"name":"Radservice-Station","city":"Heidelberg","address":null,"covered":false,"access":null,"website":null,"phone":null,"source":"OpenStreetMap/node/10706625112","sourceUpdatedAt":null,"verifiedAt":null}},{"type":"Feature","geometry":{"type":"Point","coordinates":[8.6709396,49.416158]},"properties":{"id":"repair:aee7d638-644c-4fe7-a5ca-44c18ff22013","kind":"repair","longitude":8.6709396,"latitude":49.416158,"name":"Radservice-Station","city":"Heidelberg","address":null,"covered":false,"access":null,"website":null,"phone":null,"source":"OpenStreetMap/node/8865861136","sourceUpdatedAt":null,"verifiedAt":null}},{"type":"Feature","geometry":{"type":"Point","coordinates":[8.6627781,49.4198559]},"properties":{"id":"repair:c81f20f1-6e99-47ca-a165-86fd0bc4fcd5","kind":"repair","longitude":8.6627781,"latitude":49.4198559,"name":"Fahrradreparaturstation","city":"Heidelberg","address":null,"covered":false,"access":null,"website":null,"phone":null,"source":"OpenStreetMap/node/12051080382","sourceUpdatedAt":null,"verifiedAt":null}},{"type":"Feature","geometry":{"type":"Point","coordinates":[8.6917061,49.4133037]},"properties":{"id":"repair:d64afe69-2f13-405e-a0e2-090f753e7e30","kind":"repair","longitude":8.6917061,"latitude":49.4133037,"name":"Radservice-Station","city":"Heidelberg","address":null,"covered":false,"access":null,"website":null,"phone":null,"source":"OpenStreetMap/node/7155930790","sourceUpdatedAt":null,"verifiedAt":null}},{"type":"Feature","geometry":{"type":"Point","coordinates":[8.6711018,49.4129552]},"properties":{"id":"repair:d8dc9d77-3c38-4021-a27b-ea52b47199b9","kind":"repair","longitude":8.6711018,"latitude":49.4129552,"name":"Fahrradreparaturstation","city":"Heidelberg","address":null,"covered":false,"access":null,"website":null,"phone":null,"source":"OpenStreetMap/node/13333707923","sourceUpdatedAt":null,"verifiedAt":null}},{"type":"Feature","geometry":{"type":"Point","coordinates":[8.6759996,49.422025]},"properties":{"id":"repair:decb9941-416d-4750-abaa-0c3acdaa33cb","kind":"repair","longitude":8.6759996,"latitude":49.422025,"name":"Fahrradreparaturstation","city":"Heidelberg","address":null,"covered":false,"access":null,"website":null,"phone":null,"source":"OpenStreetMap/node/10188982653","sourceUpdatedAt":null,"verifiedAt":null}},{"type":"Feature","geometry":{"type":"Point","coordinates":[8.669795,49.4197681]},"properties":{"id":"repair:eb77ff49-9e63-49ee-9091-4c77c4c6e13e","kind":"repair","longitude":8.669795,"latitude":49.4197681,"name":"Radservice-Station","city":"Heidelberg","address":null,"covered":false,"access":null,"website":null,"phone":null,"source":"OpenStreetMap/node/7184033649","sourceUpdatedAt":null,"verifiedAt":null}},{"type":"Feature","geometry":{"type":"Point","coordinates":[8.6647961,49.4149273]},"properties":{"id":"repair:ff82700d-fce5-47d6-926d-efb024833b0e","kind":"repair","longitude":8.6647961,"latitude":49.4149273,"name":"Fahrradreparaturstation","city":"Heidelberg","address":null,"covered":false,"access":null,"website":null,"phone":null,"source":"OpenStreetMap/node/10706625110","sourceUpdatedAt":null,"verifiedAt":null}},{"type":"Feature","geometry":{"type":"Point","coordinates":[8.6883542,49.4271506]},"properties":{"id":"service:1b5a5639-3ee5-4f4d-b73a-3ddeb89d5379","kind":"service","longitude":8.6883542,"latitude":49.4271506,"name":"BikeBörse","city":"Heidelberg","address":null,"covered":null,"access":null,"website":null,"phone":null,"source":"OpenStreetMap/way/293576375","sourceUpdatedAt":null,"verifiedAt":null}},{"type":"Feature","geometry":{"type":"Point","coordinates":[8.689275,49.4157485]},"properties":{"id":"service:9a13ac98-8296-4aba-9e3c-b0dcb8f3c895","kind":"service","longitude":8.689275,"latitude":49.4157485,"name":"Bikeservice Ziegler","city":"Heidelberg","address":null,"covered":null,"access":null,"website":null,"phone":null,"source":"OpenStreetMap/node/4548579490","sourceUpdatedAt":null,"verifiedAt":null}},{"type":"Feature","geometry":{"type":"Point","coordinates":[8.682608,49.4270032]},"properties":{"id":"service:b4de06d5-928e-47a1-8389-ca6c621ab38b","kind":"service","longitude":8.682608,"latitude":49.4270032,"name":"Two Wheels","city":"Heidelberg","address":null,"covered":null,"access":null,"website":null,"phone":null,"source":"OpenStreetMap/node/300988043","sourceUpdatedAt":null,"verifiedAt":null}},{"type":"Feature","geometry":{"type":"Point","coordinates":[8.6631793,49.4207819]},"properties":{"id":"service:bb3ecd79-3ebb-42d2-a60e-0e0f2b8839dc","kind":"service","longitude":8.6631793,"latitude":49.4207819,"name":"URRmEL","city":"Heidelberg","address":null,"covered":null,"access":null,"website":null,"phone":null,"source":"OpenStreetMap/way/25959167","sourceUpdatedAt":null,"verifiedAt":null}},{"type":"Feature","geometry":{"type":"Point","coordinates":[8.6892187,49.4234076]},"properties":{"id":"service:d5a29742-54a1-4bbe-a8fd-add0d84b1172","kind":"service","longitude":8.6892187,"latitude":49.4234076,"name":"Schaltwerk","city":"Heidelberg","address":null,"covered":null,"access":null,"website":null,"phone":null,"source":"OpenStreetMap/node/519956859","sourceUpdatedAt":null,"verifiedAt":null}},{"type":"Feature","geometry":{"type":"Point","coordinates":[8.6825976,49.4329784]},"properties":{"id":"service:dd67b3ec-263b-453b-8dc9-cb3ba1c88b64","kind":"service","longitude":8.6825976,"latitude":49.4329784,"name":"Biker's paradise","city":"Heidelberg","address":null,"covered":null,"access":null,"website":null,"phone":null,"source":"OpenStreetMap/node/1979480115","sourceUpdatedAt":null,"verifiedAt":null}},{"type":"Feature","geometry":{"type":"Point","coordinates":[8.6881378,49.424351]},"properties":{"id":"service:fb9ba23e-aeb9-4121-a67c-e91ad6a4b36e","kind":"service","longitude":8.6881378,"latitude":49.424351,"name":"Bike'n Style","city":"Heidelberg","address":null,"covered":null,"access":null,"website":null,"phone":null,"source":"OpenStreetMap/node/364764521","sourceUpdatedAt":null,"verifiedAt":null}},{"type":"Feature","geometry":{"type":"Point","coordinates":[8.6996439,49.4278106]},"properties":{"id":"water:15467ce1-da34-4af5-9144-21844b5617b7","kind":"water","longitude":8.6996439,"latitude":49.4278106,"name":"Schneeberg","city":"Heidelberg","address":null,"covered":null,"access":null,"website":null,"phone":null,"source":"OpenStreetMap/node/268306487","sourceUpdatedAt":null,"verifiedAt":null}},{"type":"Feature","geometry":{"type":"Point","coordinates":[8.7006398,49.4157681]},"properties":{"id":"water:37c31658-ab2c-4436-aa8a-fc329703d28a","kind":"water","longitude":8.7006398,"latitude":49.4157681,"name":"Trinkwasser","city":"Heidelberg","address":null,"covered":null,"access":null,"website":null,"phone":null,"source":"OpenStreetMap/node/419294001","sourceUpdatedAt":null,"verifiedAt":null}},{"type":"Feature","geometry":{"type":"Point","coordinates":[8.7004521,49.4157261]},"properties":{"id":"water:5fb66f82-372b-46c3-bdcc-d4250adb5c0b","kind":"water","longitude":8.7004521,"latitude":49.4157261,"name":"Trinkwasser","city":"Heidelberg","address":null,"covered":null,"access":null,"website":null,"phone":null,"source":"OpenStreetMap/node/346451313","sourceUpdatedAt":null,"verifiedAt":null}},{"type":"Feature","geometry":{"type":"Point","coordinates":[8.6928339,49.4305777]},"properties":{"id":"water:e877d972-1904-4cc5-832c-2db56d65585a","kind":"water","longitude":8.6928339,"latitude":49.4305777,"name":"Trinkwasser","city":"Heidelberg","address":null,"covered":null,"access":null,"website":null,"phone":null,"source":"OpenStreetMap/node/507380733","sourceUpdatedAt":null,"verifiedAt":null}}]}