{"type":"FeatureCollection","features":[{"type":"Feature","geometry":{"type":"Point","coordinates":[14.3299431,51.7710923]},"properties":{"id":"bikerack:008feb03-3f8e-4237-aefb-d8d0f0ad1d17","kind":"bikerack","longitude":14.3299431,"latitude":51.7710923,"name":"Fahrradabstellplatz","city":"Cottbus","address":null,"covered":false,"access":null,"website":null,"phone":null,"source":"OpenStreetMap/node/9439226223","sourceUpdatedAt":null,"verifiedAt":null}},{"type":"Feature","geometry":{"type":"Point","coordinates":[14.3426959,51.772161]},"properties":{"id":"bikerack:027adc87-eea3-470f-ae83-8a6cff445496","kind":"bikerack","longitude":14.3426959,"latitude":51.772161,"name":"E center","city":"Cottbus","address":null,"covered":false,"access":null,"website":null,"phone":null,"source":"OpenStreetMap/way/839399818","sourceUpdatedAt":null,"verifiedAt":null}},{"type":"Feature","geometry":{"type":"Point","coordinates":[14.3471568,51.7586386]},"properties":{"id":"bikerack:035c271b-4c1b-4de1-82c3-3936feb07756","kind":"bikerack","longitude":14.3471568,"latitude":51.7586386,"name":"Fahrradabstellplatz","city":"Cottbus","address":null,"covered":false,"access":null,"website":null,"phone":null,"source":"OpenStreetMap/node/7682560108","sourceUpdatedAt":null,"verifiedAt":null}},{"type":"Feature","geometry":{"type":"Point","coordinates":[14.3444283,51.7611124]},"properties":{"id":"bikerack:05950748-7214-4933-9bf2-2425e49ca586","kind":"bikerack","longitude":14.3444283,"latitude":51.7611124,"name":"Fahrradabstellplatz","city":"Cottbus","address":null,"covered":false,"access":null,"website":null,"phone":null,"source":"OpenStreetMap/node/8000655513","sourceUpdatedAt":null,"verifiedAt":null}},{"type":"Feature","geometry":{"type":"Point","coordinates":[14.3333853,51.7576059]},"properties":{"id":"bikerack:06e19002-9c75-44fb-8eab-d6be37f70e5d","kind":"bikerack","longitude":14.3333853,"latitude":51.7576059,"name":"Fahrradabstellplatz","city":"Cottbus","address":null,"covered":false,"access":null,"website":null,"phone":null,"source":"OpenStreetMap/node/1436352133","sourceUpdatedAt":null,"verifiedAt":null}},{"type":"Feature","geometry":{"type":"Point","coordinates":[14.3358721,51.766721]},"properties":{"id":"bikerack:071fa7da-291d-4521-b8e6-3d61c9e60785","kind":"bikerack","longitude":14.3358721,"latitude":51.766721,"name":"Fahrradabstellplatz","city":"Cottbus","address":null,"covered":false,"access":null,"website":null,"phone":null,"source":"OpenStreetMap/node/12241320106","sourceUpdatedAt":null,"verifiedAt":null}},{"type":"Feature","geometry":{"type":"Point","coordinates":[14.3309137,51.7695655]},"properties":{"id":"bikerack:083ef655-2be9-4857-8545-80bcdf8a5244","kind":"bikerack","longitude":14.3309137,"latitude":51.7695655,"name":"Fahrradabstellplatz","city":"Cottbus","address":null,"covered":false,"access":null,"website":null,"phone":null,"source":"OpenStreetMap/way/1376886383","sourceUpdatedAt":null,"verifiedAt":null}},{"type":"Feature","geometry":{"type":"Point","coordinates":[14.3478103,51.7570938]},"properties":{"id":"bikerack:08a803ec-8cba-49f7-aed2-1566f79ea626","kind":"bikerack","longitude":14.3478103,"latitude":51.7570938,"name":"Fahrradabstellplatz","city":"Cottbus","address":null,"covered":true,"access":null,"website":null,"phone":null,"source":"OpenStreetMap/way/1395911810","sourceUpdatedAt":null,"verifiedAt":null}},{"type":"Feature","geometry":{"type":"Point","coordinates":[14.3508411,51.7653843]},"properties":{"id":"bikerack:08ee44dc-5f05-42e9-bd8e-b868623e2bad","kind":"bikerack","longitude":14.3508411,"latitude":51.7653843,"name":"Fahrradabstellplatz","city":"Cottbus","address":null,"covered":false,"access":null,"website":null,"phone":null,"source":"OpenStreetMap/node/12437027831","sourceUpdatedAt":null,"verifiedAt":null}},{"type":"Feature","geometry":{"type":"Point","coordinates":[14.3515334,51.7654492]},"properties":{"id":"bikerack:0b802b1e-c56a-4c09-98b0-d102c7a7c447","kind":"bikerack","longitude":14.3515334,"latitude":51.7654492,"name":"Fahrradabstellplatz","city":"Cottbus","address":null,"covered":false,"access":null,"website":null,"phone":null,"source":"OpenStreetMap/node/12437041573","sourceUpdatedAt":null,"verifiedAt":null}},{"type":"Feature","geometry":{"type":"Point","coordinates":[14.3459298,51.7646882]},"properties":{"id":"bikerack:0deea8a6-1ab9-49df-a41b-a0b7028fc9a6","kind":"bikerack","longitude":14.3459298,"latitude":51.7646882,"name":"Fahrradabstellplatz","city":"Cottbus","address":null,"covered":false,"access":null,"website":null,"phone":null,"source":"OpenStreetMap/node/11731027167","sourceUpdatedAt":null,"verifiedAt":null}},{"type":"Feature","geometry":{"type":"Point","coordinates":[14.3285815,51.7561803]},"properties":{"id":"bikerack:0e8ca30c-704f-4899-8356-08714ae28b00","kind":"bikerack","longitude":14.3285815,"latitude":51.7561803,"name":"Fahrradabstellplatz","city":"Cottbus","address":null,"covered":true,"access":null,"website":null,"phone":null,"source":"OpenStreetMap/node/8039172330","sourceUpdatedAt":null,"verifiedAt":null}},{"type":"Feature","geometry":{"type":"Point","coordinates":[14.3506019,51.7658477]},"properties":{"id":"bikerack:0f649d72-34cd-4983-9a74-45f75a0c7994","kind":"bikerack","longitude":14.3506019,"latitude":51.7658477,"name":"Fahrradabstellplatz","city":"Cottbus","address":null,"covered":false,"access":null,"website":null,"phone":null,"source":"OpenStreetMap/node/12436994572","sourceUpdatedAt":null,"verifiedAt":null}},{"type":"Feature","geometry":{"type":"Point","coordinates":[14.3400444,51.7558624]},"properties":{"id":"bikerack:0f6ed260-89e1-47ef-9c1c-c8af4b0f4c26","kind":"bikerack","longitude":14.3400444,"latitude":51.7558624,"name":"Fahrradabstellplatz","city":"Cottbus","address":null,"covered":false,"access":null,"website":null,"phone":null,"source":"OpenStreetMap/node/11764557324","sourceUpdatedAt":null,"verifiedAt":null}},{"type":"Feature","geometry":{"type":"Point","coordinates":[14.3378068,51.7572962]},"properties":{"id":"bikerack:100e1fd7-8b6b-4339-b8cb-17f3ed1d1d3c","kind":"bikerack","longitude":14.3378068,"latitude":51.7572962,"name":"Fahrradabstellplatz","city":"Cottbus","address":null,"covered":false,"access":null,"website":null,"phone":null,"source":"OpenStreetMap/node/7540789366","sourceUpdatedAt":null,"verifiedAt":null}},{"type":"Feature","geometry":{"type":"Point","coordinates":[14.3492543,51.7603806]},"properties":{"id":"bikerack:1149514e-9474-43ed-96ea-7c59524df235","kind":"bikerack","longitude":14.3492543,"latitude":51.7603806,"name":"Fahrradabstellplatz","city":"Cottbus","address":null,"covered":false,"access":null,"website":null,"phone":null,"source":"OpenStreetMap/node/7884022763","sourceUpdatedAt":null,"verifiedAt":null}},{"type":"Feature","geometry":{"type":"Point","coordinates":[14.3279613,51.7706222]},"properties":{"id":"bikerack:123407fb-6df4-406c-9b32-fb63311bdc35","kind":"bikerack","longitude":14.3279613,"latitude":51.7706222,"name":"Fahrradabstellplatz","city":"Cottbus","address":null,"covered":false,"access":null,"website":null,"phone":null,"source":"OpenStreetMap/node/1585692060","sourceUpdatedAt":null,"verifiedAt":null}},{"type":"Feature","geometry":{"type":"Point","coordinates":[14.347292,51.7586515]},"properties":{"id":"bikerack:12443939-4f8c-4d26-90ff-7c2482c5370e","kind":"bikerack","longitude":14.347292,"latitude":51.7586515,"name":"Fahrradabstellplatz","city":"Cottbus","address":null,"covered":true,"access":null,"website":null,"phone":null,"source":"OpenStreetMap/node/8000656517","sourceUpdatedAt":null,"verifiedAt":null}},{"type":"Feature","geometry":{"type":"Point","coordinates":[14.3427989,51.7624931]},"properties":{"id":"bikerack:1286495e-93ab-4706-a8ce-dc6e400bac75","kind":"bikerack","longitude":14.3427989,"latitude":51.7624931,"name":"Fahrradabstellplatz","city":"Cottbus","address":null,"covered":false,"access":null,"website":null,"phone":null,"source":"OpenStreetMap/node/9757313806","sourceUpdatedAt":null,"verifiedAt":null}},{"type":"Feature","geometry":{"type":"Point","coordinates":[14.344256,51.7569182]},"properties":{"id":"bikerack:14dcdf8b-a35e-4209-b614-ce95885bf205","kind":"bikerack","longitude":14.344256,"latitude":51.7569182,"name":"Fahrradabstellplatz","city":"Cottbus","address":null,"covered":true,"access":null,"website":null,"phone":null,"source":"OpenStreetMap/node/9514704518","sourceUpdatedAt":null,"verifiedAt":null}},{"type":"Feature","geometry":{"type":"Point","coordinates":[14.3337266,51.7607544]},"properties":{"id":"bikerack:15299bcb-cac5-4ea8-a475-41f515fa4fd0","kind":"bikerack","longitude":14.3337266,"latitude":51.7607544,"name":"Fahrradabstellplatz","city":"Cottbus","address":null,"covered":false,"access":null,"website":null,"phone":null,"source":"OpenStreetMap/node/11914115271","sourceUpdatedAt":null,"verifiedAt":null}},{"type":"Feature","geometry":{"type":"Point","coordinates":[14.346612,51.760713]},"properties":{"id":"bikerack:159c1257-8c55-4708-8d7a-01ca2adea31a","kind":"bikerack","longitude":14.346612,"latitude":51.760713,"name":"Fahrradabstellplatz","city":"Cottbus","address":null,"covered":false,"access":null,"website":null,"phone":null,"source":"OpenStreetMap/node/8000655646","sourceUpdatedAt":null,"verifiedAt":null}},{"type":"Feature","geometry":{"type":"Point","coordinates":[14.3452642,51.7581439]},"properties":{"id":"bikerack:167bd53f-9062-4a42-9322-58858859915a","kind":"bikerack","longitude":14.3452642,"latitude":51.7581439,"name":"Fahrradabstellplatz","city":"Cottbus","address":null,"covered":false,"access":null,"website":null,"phone":null,"source":"OpenStreetMap/node/11876111860","sourceUpdatedAt":null,"verifiedAt":null}},{"type":"Feature","geometry":{"type":"Point","coordinates":[14.3435615,51.7643341]},"properties":{"id":"bikerack:17126e2e-03a9-4bec-b186-f0f2b92ec9dd","kind":"bikerack","longitude":14.3435615,"latitude":51.7643341,"name":"Fahrradabstellplatz","city":"Cottbus","address":null,"covered":false,"access":null,"website":null,"phone":null,"source":"OpenStreetMap/node/11327614252","sourceUpdatedAt":null,"verifiedAt":null}},{"type":"Feature","geometry":{"type":"Point","coordinates":[14.3452702,51.7627747]},"properties":{"id":"bikerack:171cc859-32e1-4c4b-a9ea-2a7da86a3d20","kind":"bikerack","longitude":14.3452702,"latitude":51.7627747,"name":"Fahrradabstellplatz","city":"Cottbus","address":null,"covered":false,"access":null,"website":null,"phone":null,"source":"OpenStreetMap/node/8000655902","sourceUpdatedAt":null,"verifiedAt":null}},{"type":"Feature","geometry":{"type":"Point","coordinates":[14.3552388,51.7718462]},"properties":{"id":"bikerack:1956a71c-fa25-4552-b9a0-92c0d4c73d73","kind":"bikerack","longitude":14.3552388,"latitude":51.7718462,"name":"Fahrradabstellplatz","city":"Cottbus","address":null,"covered":false,"access":null,"website":null,"phone":null,"source":"OpenStreetMap/way/810435073","sourceUpdatedAt":null,"verifiedAt":null}},{"type":"Feature","geometry":{"type":"Point","coordinates":[14.3441354,51.7637424]},"properties":{"id":"bikerack:1a093ced-5bcb-4ae0-88d7-fee70f751c7a","kind":"bikerack","longitude":14.3441354,"latitude":51.7637424,"name":"Fahrradabstellplatz","city":"Cottbus","address":null,"covered":false,"access":null,"website":null,"phone":null,"source":"OpenStreetMap/node/12424976292","sourceUpdatedAt":null,"verifiedAt":null}},{"type":"Feature","geometry":{"type":"Point","coordinates":[14.3356562,51.7670626]},"properties":{"id":"bikerack:1a1f6205-3739-4662-b408-ec43fd116a12","kind":"bikerack","longitude":14.3356562,"latitude":51.7670626,"name":"Fahrradabstellplatz","city":"Cottbus","address":null,"covered":false,"access":null,"website":null,"phone":null,"source":"OpenStreetMap/node/11486992916","sourceUpdatedAt":null,"verifiedAt":null}},{"type":"Feature","geometry":{"type":"Point","coordinates":[14.3446058,51.7606921]},"properties":{"id":"bikerack:1aa32a9b-ae5f-4b32-85de-ea50d1d2a0a5","kind":"bikerack","longitude":14.3446058,"latitude":51.7606921,"name":"Fahrradabstellplatz","city":"Cottbus","address":null,"covered":false,"access":null,"website":null,"phone":null,"source":"OpenStreetMap/node/8000655517","sourceUpdatedAt":null,"verifiedAt":null}},{"type":"Feature","geometry":{"type":"Point","coordinates":[14.3289845,51.771222]},"properties":{"id":"bikerack:1b1217db-88cb-4697-8fdd-c3f6f2d41d5d","kind":"bikerack","longitude":14.3289845,"latitude":51.771222,"name":"Fahrradabstellplatz","city":"Cottbus","address":null,"covered":false,"access":null,"website":null,"phone":null,"source":"OpenStreetMap/node/9439226062","sourceUpdatedAt":null,"verifiedAt":null}},{"type":"Feature","geometry":{"type":"Point","coordinates":[14.3429276,51.763358]},"properties":{"id":"bikerack:1b9ee5dc-46b9-4740-9d97-601df263c7bd","kind":"bikerack","longitude":14.3429276,"latitude":51.763358,"name":"Fahrradabstellplatz","city":"Cottbus","address":null,"covered":false,"access":null,"website":null,"phone":null,"source":"OpenStreetMap/node/11716347037","sourceUpdatedAt":null,"verifiedAt":null}},{"type":"Feature","geometry":{"type":"Point","coordinates":[14.3414893,51.7659231]},"properties":{"id":"bikerack:1ba704de-275a-4d31-9ee0-66170a7699a7","kind":"bikerack","longitude":14.3414893,"latitude":51.7659231,"name":"Fahrradabstellplatz","city":"Cottbus","address":null,"covered":false,"access":null,"website":null,"phone":null,"source":"OpenStreetMap/node/9757340670","sourceUpdatedAt":null,"verifiedAt":null}},{"type":"Feature","geometry":{"type":"Point","coordinates":[14.3287404,51.759962]},"properties":{"id":"bikerack:1c13c8ee-6f82-46cf-9e2e-1bf7ddf5b1ec","kind":"bikerack","longitude":14.3287404,"latitude":51.759962,"name":"Fahrradabstellplatz","city":"Cottbus","address":null,"covered":false,"access":null,"website":null,"phone":null,"source":"OpenStreetMap/node/7596236128","sourceUpdatedAt":null,"verifiedAt":null}},{"type":"Feature","geometry":{"type":"Point","coordinates":[14.3491647,51.7634024]},"properties":{"id":"bikerack:1c27d1a7-c260-4e39-ba10-8a7350f365d2","kind":"bikerack","longitude":14.3491647,"latitude":51.7634024,"name":"Fahrradabstellplatz","city":"Cottbus","address":null,"covered":false,"access":null,"website":null,"phone":null,"source":"OpenStreetMap/node/9769571343","sourceUpdatedAt":null,"verifiedAt":null}},{"type":"Feature","geometry":{"type":"Point","coordinates":[14.3442051,51.7616379]},"properties":{"id":"bikerack:1cda11a8-8ae6-4634-8572-3254ed535944","kind":"bikerack","longitude":14.3442051,"latitude":51.7616379,"name":"Fahrradabstellplatz","city":"Cottbus","address":null,"covered":false,"access":null,"website":null,"phone":null,"source":"OpenStreetMap/node/8000655508","sourceUpdatedAt":null,"verifiedAt":null}},{"type":"Feature","geometry":{"type":"Point","coordinates":[14.3486037,51.7632515]},"properties":{"id":"bikerack:1d202b5e-dbf4-4289-b395-4190abc250e1","kind":"bikerack","longitude":14.3486037,"latitude":51.7632515,"name":"Fahrradabstellplatz","city":"Cottbus","address":null,"covered":false,"access":null,"website":null,"phone":null,"source":"OpenStreetMap/node/11724446314","sourceUpdatedAt":null,"verifiedAt":null}},{"type":"Feature","geometry":{"type":"Point","coordinates":[14.3452755,51.7595365]},"properties":{"id":"bikerack:1d74d361-723b-483d-a4fa-1d39d3e99540","kind":"bikerack","longitude":14.3452755,"latitude":51.7595365,"name":"Fahrradabstellplatz","city":"Cottbus","address":null,"covered":false,"access":null,"website":null,"phone":null,"source":"OpenStreetMap/node/8000655678","sourceUpdatedAt":null,"verifiedAt":null}},{"type":"Feature","geometry":{"type":"Point","coordinates":[14.3365263,51.7617265]},"properties":{"id":"bikerack:1de4e18f-b984-4cf7-a695-0c416fdecee1","kind":"bikerack","longitude":14.3365263,"latitude":51.7617265,"name":"Fahrradabstellplatz","city":"Cottbus","address":null,"covered":false,"access":null,"website":null,"phone":null,"source":"OpenStreetMap/node/13308347143","sourceUpdatedAt":null,"verifiedAt":null}},{"type":"Feature","geometry":{"type":"Point","coordinates":[14.3458313,51.7801299]},"properties":{"id":"bikerack:1e07a2b0-96ea-4877-a307-2a7331d1a1e1","kind":"bikerack","longitude":14.3458313,"latitude":51.7801299,"name":"Fahrradabstellplatz","city":"Cottbus","address":null,"covered":false,"access":null,"website":null,"phone":null,"source":"OpenStreetMap/node/12018296428","sourceUpdatedAt":null,"verifiedAt":null}},{"type":"Feature","geometry":{"type":"Point","coordinates":[14.3513163,51.7636557]},"properties":{"id":"bikerack:1e12d38a-c4f0-4633-bd29-e77bf3e6a959","kind":"bikerack","longitude":14.3513163,"latitude":51.7636557,"name":"Fahrradabstellplatz","city":"Cottbus","address":null,"covered":false,"access":null,"website":null,"phone":null,"source":"OpenStreetMap/node/11693842194","sourceUpdatedAt":null,"verifiedAt":null}},{"type":"Feature","geometry":{"type":"Point","coordinates":[14.3511989,51.764725]},"properties":{"id":"bikerack:1e385c7b-3445-43ac-912e-e1b3bdf4d57b","kind":"bikerack","longitude":14.3511989,"latitude":51.764725,"name":"Fahrradabstellplatz","city":"Cottbus","address":null,"covered":true,"access":null,"website":null,"phone":null,"source":"OpenStreetMap/way/1324197529","sourceUpdatedAt":null,"verifiedAt":null}},{"type":"Feature","geometry":{"type":"Point","coordinates":[14.3513604,51.7654443]},"properties":{"id":"bikerack:1e435b5b-d7bb-4a9d-9eb5-8445997f36d7","kind":"bikerack","longitude":14.3513604,"latitude":51.7654443,"name":"Fahrradabstellplatz","city":"Cottbus","address":null,"covered":false,"access":null,"website":null,"phone":null,"source":"OpenStreetMap/node/12437023200","sourceUpdatedAt":null,"verifiedAt":null}},{"type":"Feature","geometry":{"type":"Point","coordinates":[14.3448199,51.7575491]},"properties":{"id":"bikerack:1e4e2420-ce6e-446c-b41e-21739375373d","kind":"bikerack","longitude":14.3448199,"latitude":51.7575491,"name":"Fahrradabstellplatz","city":"Cottbus","address":null,"covered":false,"access":null,"website":null,"phone":null,"source":"OpenStreetMap/node/9511172272","sourceUpdatedAt":null,"verifiedAt":null}},{"type":"Feature","geometry":{"type":"Point","coordinates":[14.3485901,51.7562065]},"properties":{"id":"bikerack:1ef3096b-a392-495e-90a7-22ab2d199b60","kind":"bikerack","longitude":14.3485901,"latitude":51.7562065,"name":"Fahrradabstellplatz","city":"Cottbus","address":null,"covered":false,"access":null,"website":null,"phone":null,"source":"OpenStreetMap/node/7677733616","sourceUpdatedAt":null,"verifiedAt":null}},{"type":"Feature","geometry":{"type":"Point","coordinates":[14.3513183,51.7634368]},"properties":{"id":"bikerack:1f7cce96-1284-400d-8913-beaeb646c47d","kind":"bikerack","longitude":14.3513183,"latitude":51.7634368,"name":"Fahrradabstellplatz","city":"Cottbus","address":null,"covered":false,"access":null,"website":null,"phone":null,"source":"OpenStreetMap/node/11693842193","sourceUpdatedAt":null,"verifiedAt":null}},{"type":"Feature","geometry":{"type":"Point","coordinates":[14.3289949,51.7560612]},"properties":{"id":"bikerack:1f94d41e-4543-4c33-8d99-0974b21fbf6f","kind":"bikerack","longitude":14.3289949,"latitude":51.7560612,"name":"Fahrradabstellplatz","city":"Cottbus","address":null,"covered":false,"access":null,"website":null,"phone":null,"source":"OpenStreetMap/node/7875491778","sourceUpdatedAt":null,"verifiedAt":null}},{"type":"Feature","geometry":{"type":"Point","coordinates":[14.3270452,51.7619619]},"properties":{"id":"bikerack:1fcca55d-06fc-4737-a5de-974628d5a638","kind":"bikerack","longitude":14.3270452,"latitude":51.7619619,"name":"Fahrradabstellplatz","city":"Cottbus","address":null,"covered":false,"access":null,"website":null,"phone":null,"source":"OpenStreetMap/node/12546469299","sourceUpdatedAt":null,"verifiedAt":null}},{"type":"Feature","geometry":{"type":"Point","coordinates":[14.3283614,51.759766]},"properties":{"id":"bikerack:20064768-923f-4507-87cd-6f88bc9ed86f","kind":"bikerack","longitude":14.3283614,"latitude":51.759766,"name":"Fahrradabstellplatz","city":"Cottbus","address":null,"covered":false,"access":null,"website":null,"phone":null,"source":"OpenStreetMap/node/7596236127","sourceUpdatedAt":null,"verifiedAt":null}},{"type":"Feature","geometry":{"type":"Point","coordinates":[14.3274823,51.7608455]},"properties":{"id":"bikerack:2013abc4-9e0b-49fe-a1fa-673fbfc4ca83","kind":"bikerack","longitude":14.3274823,"latitude":51.7608455,"name":"Fahrradabstellplatz","city":"Cottbus","address":null,"covered":false,"access":null,"website":null,"phone":null,"source":"OpenStreetMap/node/8048045004","sourceUpdatedAt":null,"verifiedAt":null}},{"type":"Feature","geometry":{"type":"Point","coordinates":[14.3491557,51.7630666]},"properties":{"id":"bikerack:204b376a-38cd-4b11-bfc7-35de63c6bd04","kind":"bikerack","longitude":14.3491557,"latitude":51.7630666,"name":"Fahrradabstellplatz","city":"Cottbus","address":null,"covered":false,"access":null,"website":null,"phone":null,"source":"OpenStreetMap/node/9769571344","sourceUpdatedAt":null,"verifiedAt":null}},{"type":"Feature","geometry":{"type":"Point","coordinates":[14.3457118,51.7601631]},"properties":{"id":"bikerack:20a47425-a9fc-4535-a7a8-6cc975f715c2","kind":"bikerack","longitude":14.3457118,"latitude":51.7601631,"name":"Fahrradabstellplatz","city":"Cottbus","address":null,"covered":false,"access":null,"website":null,"phone":null,"source":"OpenStreetMap/node/8000655986","sourceUpdatedAt":null,"verifiedAt":null}},{"type":"Feature","geometry":{"type":"Point","coordinates":[14.3471649,51.7632406]},"properties":{"id":"bikerack:211dac9a-ecf3-4a41-93ce-d73acf85285d","kind":"bikerack","longitude":14.3471649,"latitude":51.7632406,"name":"Fahrradabstellplatz","city":"Cottbus","address":null,"covered":false,"access":null,"website":null,"phone":null,"source":"OpenStreetMap/node/11724446222","sourceUpdatedAt":null,"verifiedAt":null}},{"type":"Feature","geometry":{"type":"Point","coordinates":[14.3444863,51.7637569]},"properties":{"id":"bikerack:21a28b7c-4401-4f02-ac19-beb57e3b62a5","kind":"bikerack","longitude":14.3444863,"latitude":51.7637569,"name":"Fahrradabstellplatz","city":"Cottbus","address":null,"covered":false,"access":null,"website":null,"phone":null,"source":"OpenStreetMap/node/12424967594","sourceUpdatedAt":null,"verifiedAt":null}},{"type":"Feature","geometry":{"type":"Point","coordinates":[14.3357234,51.7622181]},"properties":{"id":"bikerack:2437859a-809c-4643-8b4d-b150f7708605","kind":"bikerack","longitude":14.3357234,"latitude":51.7622181,"name":"Fahrradabstellplatz","city":"Cottbus","address":null,"covered":false,"access":null,"website":null,"phone":null,"source":"OpenStreetMap/node/11914115272","sourceUpdatedAt":null,"verifiedAt":null}},{"type":"Feature","geometry":{"type":"Point","coordinates":[14.3466319,51.7623114]},"properties":{"id":"bikerack:25054351-1815-4d0b-89a9-7ec6cc79536c","kind":"bikerack","longitude":14.3466319,"latitude":51.7623114,"name":"Fahrradabstellplatz","city":"Cottbus","address":null,"covered":true,"access":null,"website":null,"phone":null,"source":"OpenStreetMap/node/8000655334","sourceUpdatedAt":null,"verifiedAt":null}},{"type":"Feature","geometry":{"type":"Point","coordinates":[14.3494044,51.7548745]},"properties":{"id":"bikerack:25d240ce-6f17-4e0f-ab28-bef643ceba56","kind":"bikerack","longitude":14.3494044,"latitude":51.7548745,"name":"Fahrradabstellplatz","city":"Cottbus","address":null,"covered":true,"access":null,"website":null,"phone":null,"source":"OpenStreetMap/way/800665781","sourceUpdatedAt":null,"verifiedAt":null}},{"type":"Feature","geometry":{"type":"Point","coordinates":[14.3298177,51.7570021]},"properties":{"id":"bikerack:25d6a261-bf23-4e3d-a520-839a43849611","kind":"bikerack","longitude":14.3298177,"latitude":51.7570021,"name":"Fahrradabstellplatz","city":"Cottbus","address":null,"covered":false,"access":null,"website":null,"phone":null,"source":"OpenStreetMap/node/8051630151","sourceUpdatedAt":null,"verifiedAt":null}},{"type":"Feature","geometry":{"type":"Point","coordinates":[14.3435295,51.7596085]},"properties":{"id":"bikerack:29c3383f-bee0-4bf3-952a-b150c8bf4f5a","kind":"bikerack","longitude":14.3435295,"latitude":51.7596085,"name":"Fahrradabstellplatz","city":"Cottbus","address":null,"covered":false,"access":null,"website":null,"phone":null,"source":"OpenStreetMap/node/7973719785","sourceUpdatedAt":null,"verifiedAt":null}},{"type":"Feature","geometry":{"type":"Point","coordinates":[14.3458776,51.7597409]},"properties":{"id":"bikerack:2a6c3b52-fc4b-4443-8120-907ef94d2783","kind":"bikerack","longitude":14.3458776,"latitude":51.7597409,"name":"Fahrradabstellplatz","city":"Cottbus","address":null,"covered":false,"access":null,"website":null,"phone":null,"source":"OpenStreetMap/node/8000655675","sourceUpdatedAt":null,"verifiedAt":null}},{"type":"Feature","geometry":{"type":"Point","coordinates":[14.3468224,51.7565972]},"properties":{"id":"bikerack:2b9be04c-ea0e-4ed7-979c-fb11118eae6e","kind":"bikerack","longitude":14.3468224,"latitude":51.7565972,"name":"Fahrradabstellplatz","city":"Cottbus","address":null,"covered":false,"access":null,"website":null,"phone":null,"source":"OpenStreetMap/way/1146044121","sourceUpdatedAt":null,"verifiedAt":null}},{"type":"Feature","geometry":{"type":"Point","coordinates":[14.3493142,51.762509]},"properties":{"id":"bikerack:2bf9d5a0-9550-4443-b247-bccbbfb435dc","kind":"bikerack","longitude":14.3493142,"latitude":51.762509,"name":"Fahrradabstellplatz","city":"Cottbus","address":null,"covered":false,"access":null,"website":null,"phone":null,"source":"OpenStreetMap/node/11733937706","sourceUpdatedAt":null,"verifiedAt":null}},{"type":"Feature","geometry":{"type":"Point","coordinates":[14.3342426,51.7559087]},"properties":{"id":"bikerack:2c0c71fb-ffbc-45bc-87e7-7f086e96eb19","kind":"bikerack","longitude":14.3342426,"latitude":51.7559087,"name":"Fahrradabstellplatz","city":"Cottbus","address":null,"covered":false,"access":null,"website":null,"phone":null,"source":"OpenStreetMap/node/9487374888","sourceUpdatedAt":null,"verifiedAt":null}},{"type":"Feature","geometry":{"type":"Point","coordinates":[14.3524348,51.7664416]},"properties":{"id":"bikerack:2c51d6a5-d5ec-4639-be96-402b8f4a99f7","kind":"bikerack","longitude":14.3524348,"latitude":51.7664416,"name":"Fahrradabstellplatz","city":"Cottbus","address":null,"covered":false,"access":null,"website":null,"phone":null,"source":"OpenStreetMap/way/1324197722","sourceUpdatedAt":null,"verifiedAt":null}},{"type":"Feature","geometry":{"type":"Point","coordinates":[14.3355174,51.7577438]},"properties":{"id":"bikerack:2c882552-d309-4ab3-a4bb-8b7288769559","kind":"bikerack","longitude":14.3355174,"latitude":51.7577438,"name":"Fahrradabstellplatz","city":"Cottbus","address":null,"covered":false,"access":null,"website":null,"phone":null,"source":"OpenStreetMap/node/8051630000","sourceUpdatedAt":null,"verifiedAt":null}},{"type":"Feature","geometry":{"type":"Point","coordinates":[14.3306734,51.7574329]},"properties":{"id":"bikerack:2cfa0dd2-e01e-4f0d-8210-b6608765f3b6","kind":"bikerack","longitude":14.3306734,"latitude":51.7574329,"name":"Fahrradabstellplatz","city":"Cottbus","address":null,"covered":false,"access":null,"website":null,"phone":null,"source":"OpenStreetMap/node/12920916549","sourceUpdatedAt":null,"verifiedAt":null}},{"type":"Feature","geometry":{"type":"Point","coordinates":[14.3384385,51.757535]},"properties":{"id":"bikerack:2dec1cc5-247d-49b5-9685-e3a30b3d7959","kind":"bikerack","longitude":14.3384385,"latitude":51.757535,"name":"Fahrradabstellplatz","city":"Cottbus","address":null,"covered":true,"access":null,"website":null,"phone":null,"source":"OpenStreetMap/node/8404982493","sourceUpdatedAt":null,"verifiedAt":null}},{"type":"Feature","geometry":{"type":"Point","coordinates":[14.3507844,51.7658569]},"properties":{"id":"bikerack:2e07980c-6235-47a0-94df-c3e450087815","kind":"bikerack","longitude":14.3507844,"latitude":51.7658569,"name":"Fahrradabstellplatz","city":"Cottbus","address":null,"covered":false,"access":null,"website":null,"phone":null,"source":"OpenStreetMap/node/12437028630","sourceUpdatedAt":null,"verifiedAt":null}},{"type":"Feature","geometry":{"type":"Point","coordinates":[14.3468229,51.7583898]},"properties":{"id":"bikerack:2e158865-dc41-4f08-aea4-6551a5b4c569","kind":"bikerack","longitude":14.3468229,"latitude":51.7583898,"name":"Fahrradabstellplatz","city":"Cottbus","address":null,"covered":false,"access":null,"website":null,"phone":null,"source":"OpenStreetMap/node/7676390827","sourceUpdatedAt":null,"verifiedAt":null}},{"type":"Feature","geometry":{"type":"Point","coordinates":[14.3517143,51.7654575]},"properties":{"id":"bikerack:2e2b50b6-2778-4e63-a382-7f9facef0caa","kind":"bikerack","longitude":14.3517143,"latitude":51.7654575,"name":"Fahrradabstellplatz","city":"Cottbus","address":null,"covered":false,"access":null,"website":null,"phone":null,"source":"OpenStreetMap/node/12437019741","sourceUpdatedAt":null,"verifiedAt":null}},{"type":"Feature","geometry":{"type":"Point","coordinates":[14.3278322,51.7622502]},"properties":{"id":"bikerack:2f9e629a-64b3-4acb-a81f-746598ec9666","kind":"bikerack","longitude":14.3278322,"latitude":51.7622502,"name":"Fahrradabstellplatz","city":"Cottbus","address":null,"covered":false,"access":null,"website":null,"phone":null,"source":"OpenStreetMap/node/9428492877","sourceUpdatedAt":null,"verifiedAt":null}},{"type":"Feature","geometry":{"type":"Point","coordinates":[14.3306075,51.7612619]},"properties":{"id":"bikerack:3012e820-869e-4523-bdf5-3020fbbd3c97","kind":"bikerack","longitude":14.3306075,"latitude":51.7612619,"name":"Fahrradabstellplatz","city":"Cottbus","address":null,"covered":false,"access":null,"website":null,"phone":null,"source":"OpenStreetMap/node/11385769992","sourceUpdatedAt":null,"verifiedAt":null}},{"type":"Feature","geometry":{"type":"Point","coordinates":[14.3456183,51.7596543]},"properties":{"id":"bikerack:3027c2a9-5218-4f0a-b73b-ba8124f4e7b2","kind":"bikerack","longitude":14.3456183,"latitude":51.7596543,"name":"Fahrradabstellplatz","city":"Cottbus","address":null,"covered":false,"access":null,"website":null,"phone":null,"source":"OpenStreetMap/node/8000655676","sourceUpdatedAt":null,"verifiedAt":null}},{"type":"Feature","geometry":{"type":"Point","coordinates":[14.3453202,51.7580571]},"properties":{"id":"bikerack:304fd0a9-9156-40a6-b94a-1168c3f7dcc6","kind":"bikerack","longitude":14.3453202,"latitude":51.7580571,"name":"Fahrradabstellplatz","city":"Cottbus","address":null,"covered":false,"access":null,"website":null,"phone":null,"source":"OpenStreetMap/node/11876111859","sourceUpdatedAt":null,"verifiedAt":null}},{"type":"Feature","geometry":{"type":"Point","coordinates":[14.3445196,51.7608993]},"properties":{"id":"bikerack:3097f965-3b80-4c13-8a9d-ed5665a2b350","kind":"bikerack","longitude":14.3445196,"latitude":51.7608993,"name":"Fahrradabstellplatz","city":"Cottbus","address":null,"covered":false,"access":null,"website":null,"phone":null,"source":"OpenStreetMap/node/8000655515","sourceUpdatedAt":null,"verifiedAt":null}},{"type":"Feature","geometry":{"type":"Point","coordinates":[14.3385126,51.7643353]},"properties":{"id":"bikerack:31238388-a03c-4ad5-b763-8432aee5db6f","kind":"bikerack","longitude":14.3385126,"latitude":51.7643353,"name":"Fahrradabstellplatz","city":"Cottbus","address":null,"covered":false,"access":null,"website":null,"phone":null,"source":"OpenStreetMap/node/12353653034","sourceUpdatedAt":null,"verifiedAt":null}},{"type":"Feature","geometry":{"type":"Point","coordinates":[14.330523,51.7589531]},"properties":{"id":"bikerack:3181045d-6841-4801-a470-ff8c55afdd4e","kind":"bikerack","longitude":14.330523,"latitude":51.7589531,"name":"Fahrradabstellplatz","city":"Cottbus","address":null,"covered":false,"access":null,"website":null,"phone":null,"source":"OpenStreetMap/node/9334162698","sourceUpdatedAt":null,"verifiedAt":null}},{"type":"Feature","geometry":{"type":"Point","coordinates":[14.3503258,51.7653234]},"properties":{"id":"bikerack:3279371b-1a0d-459b-ad61-a5590cac0897","kind":"bikerack","longitude":14.3503258,"latitude":51.7653234,"name":"Fahrradabstellplatz","city":"Cottbus","address":null,"covered":false,"access":null,"website":null,"phone":null,"source":"OpenStreetMap/node/12437014266","sourceUpdatedAt":null,"verifiedAt":null}},{"type":"Feature","geometry":{"type":"Point","coordinates":[14.3494099,51.7546178]},"properties":{"id":"bikerack:3299548b-03d7-44cc-9f98-4cb65185483c","kind":"bikerack","longitude":14.3494099,"latitude":51.7546178,"name":"Fahrradabstellplatz","city":"Cottbus","address":null,"covered":false,"access":null,"website":null,"phone":null,"source":"OpenStreetMap/node/8718385148","sourceUpdatedAt":null,"verifiedAt":null}},{"type":"Feature","geometry":{"type":"Point","coordinates":[14.3362698,51.7610737]},"properties":{"id":"bikerack:32ce7e77-cb8d-491c-87ab-e62a433c0aa6","kind":"bikerack","longitude":14.3362698,"latitude":51.7610737,"name":"Fahrradabstellplatz","city":"Cottbus","address":null,"covered":false,"access":null,"website":null,"phone":null,"source":"OpenStreetMap/node/7595388878","sourceUpdatedAt":null,"verifiedAt":null}},{"type":"Feature","geometry":{"type":"Point","coordinates":[14.3487728,51.7547799]},"properties":{"id":"bikerack:32e15a86-3e8d-4d97-9d05-379b1e66fb5a","kind":"bikerack","longitude":14.3487728,"latitude":51.7547799,"name":"Fahrradabstellplatz","city":"Cottbus","address":null,"covered":false,"access":null,"website":null,"phone":null,"source":"OpenStreetMap/node/8088968031","sourceUpdatedAt":null,"verifiedAt":null}},{"type":"Feature","geometry":{"type":"Point","coordinates":[14.3539358,51.7566003]},"properties":{"id":"bikerack:32f15a9f-b484-4c0d-91e4-604ecb238b59","kind":"bikerack","longitude":14.3539358,"latitude":51.7566003,"name":"Fahrradabstellplatz","city":"Cottbus","address":null,"covered":true,"access":null,"website":null,"phone":null,"source":"OpenStreetMap/way/967800511","sourceUpdatedAt":null,"verifiedAt":null}},{"type":"Feature","geometry":{"type":"Point","coordinates":[14.3446658,51.7637591]},"properties":{"id":"bikerack:3308c343-c289-487a-8ef5-af23d1af1eba","kind":"bikerack","longitude":14.3446658,"latitude":51.7637591,"name":"Fahrradabstellplatz","city":"Cottbus","address":null,"covered":false,"access":null,"website":null,"phone":null,"source":"OpenStreetMap/node/12424950396","sourceUpdatedAt":null,"verifiedAt":null}},{"type":"Feature","geometry":{"type":"Point","coordinates":[14.3512011,51.7625763]},"properties":{"id":"bikerack:3504cb16-154f-4f20-99e4-e745bc785572","kind":"bikerack","longitude":14.3512011,"latitude":51.7625763,"name":"Fahrradabstellplatz","city":"Cottbus","address":null,"covered":false,"access":null,"website":null,"phone":null,"source":"OpenStreetMap/node/11733927652","sourceUpdatedAt":null,"verifiedAt":null}},{"type":"Feature","geometry":{"type":"Point","coordinates":[14.3277678,51.7608645]},"properties":{"id":"bikerack:35cd2285-7e8d-4427-9c20-7c3d2e86c8ed","kind":"bikerack","longitude":14.3277678,"latitude":51.7608645,"name":"Fahrradabstellplatz","city":"Cottbus","address":null,"covered":false,"access":null,"website":null,"phone":null,"source":"OpenStreetMap/node/9441958792","sourceUpdatedAt":null,"verifiedAt":null}},{"type":"Feature","geometry":{"type":"Point","coordinates":[14.3466727,51.7605973]},"properties":{"id":"bikerack:363753a5-d160-4dae-b021-d86f4fa06c0e","kind":"bikerack","longitude":14.3466727,"latitude":51.7605973,"name":"Fahrradabstellplatz","city":"Cottbus","address":null,"covered":false,"access":null,"website":null,"phone":null,"source":"OpenStreetMap/node/8000655647","sourceUpdatedAt":null,"verifiedAt":null}},{"type":"Feature","geometry":{"type":"Point","coordinates":[14.3435305,51.7625054]},"properties":{"id":"bikerack:36b21f93-8af3-4aee-8071-7aa4039dcec8","kind":"bikerack","longitude":14.3435305,"latitude":51.7625054,"name":"Fahrradabstellplatz","city":"Cottbus","address":null,"covered":false,"access":null,"website":null,"phone":null,"source":"OpenStreetMap/node/10761054669","sourceUpdatedAt":null,"verifiedAt":null}},{"type":"Feature","geometry":{"type":"Point","coordinates":[14.342577,51.7625284]},"properties":{"id":"bikerack:37a1a93e-b55b-4f20-8f46-7f3c8bd2f97f","kind":"bikerack","longitude":14.342577,"latitude":51.7625284,"name":"Fahrradabstellplatz","city":"Cottbus","address":null,"covered":false,"access":null,"website":null,"phone":null,"source":"OpenStreetMap/node/9757313807","sourceUpdatedAt":null,"verifiedAt":null}},{"type":"Feature","geometry":{"type":"Point","coordinates":[14.3464976,51.756927]},"properties":{"id":"bikerack:382d1f0a-75be-44ee-96f5-dda058029c6f","kind":"bikerack","longitude":14.3464976,"latitude":51.756927,"name":"Fahrradabstellplatz","city":"Cottbus","address":null,"covered":false,"access":null,"website":null,"phone":null,"source":"OpenStreetMap/node/8000655820","sourceUpdatedAt":null,"verifiedAt":null}},{"type":"Feature","geometry":{"type":"Point","coordinates":[14.3271535,51.7680317]},"properties":{"id":"bikerack:3a8273f7-df97-48da-adfe-8f7878a32dd9","kind":"bikerack","longitude":14.3271535,"latitude":51.7680317,"name":"Fahrradabstellplatz","city":"Cottbus","address":null,"covered":false,"access":null,"website":null,"phone":null,"source":"OpenStreetMap/node/1585719451","sourceUpdatedAt":null,"verifiedAt":null}},{"type":"Feature","geometry":{"type":"Point","coordinates":[14.3457922,51.7629946]},"properties":{"id":"bikerack:3b3908db-df69-45c9-8671-1d63280bd695","kind":"bikerack","longitude":14.3457922,"latitude":51.7629946,"name":"Fahrradabstellplatz","city":"Cottbus","address":null,"covered":false,"access":null,"website":null,"phone":null,"source":"OpenStreetMap/node/9692232330","sourceUpdatedAt":null,"verifiedAt":null}},{"type":"Feature","geometry":{"type":"Point","coordinates":[14.3349226,51.7670145]},"properties":{"id":"bikerack:3bd37e31-d12d-4be3-b615-1c0c2eb4f8ef","kind":"bikerack","longitude":14.3349226,"latitude":51.7670145,"name":"Fahrradabstellplatz","city":"Cottbus","address":null,"covered":false,"access":null,"website":null,"phone":null,"source":"OpenStreetMap/node/12241319633","sourceUpdatedAt":null,"verifiedAt":null}},{"type":"Feature","geometry":{"type":"Point","coordinates":[14.3433357,51.7584323]},"properties":{"id":"bikerack:3c1ff672-19de-4bd8-8608-01143bf0c9d2","kind":"bikerack","longitude":14.3433357,"latitude":51.7584323,"name":"Fahrradabstellplatz","city":"Cottbus","address":null,"covered":true,"access":null,"website":null,"phone":null,"source":"OpenStreetMap/node/9511173233","sourceUpdatedAt":null,"verifiedAt":null}},{"type":"Feature","geometry":{"type":"Point","coordinates":[14.3295706,51.7702371]},"properties":{"id":"bikerack:3cd5daf9-0955-469a-bf13-3a62d2b97e45","kind":"bikerack","longitude":14.3295706,"latitude":51.7702371,"name":"Fahrradabstellplatz","city":"Cottbus","address":null,"covered":false,"access":null,"website":null,"phone":null,"source":"OpenStreetMap/node/9439226347","sourceUpdatedAt":null,"verifiedAt":null}},{"type":"Feature","geometry":{"type":"Point","coordinates":[14.3485922,51.756511]},"properties":{"id":"bikerack:3dca5f7f-20b1-406d-ad89-d14eb67e257e","kind":"bikerack","longitude":14.3485922,"latitude":51.756511,"name":"Fahrradabstellplatz","city":"Cottbus","address":null,"covered":true,"access":null,"website":null,"phone":null,"source":"OpenStreetMap/way/799306804","sourceUpdatedAt":null,"verifiedAt":null}},{"type":"Feature","geometry":{"type":"Point","coordinates":[14.3330525,51.7593078]},"properties":{"id":"bikerack:3e1a59f2-fdd9-4de5-b203-33e40987d3fc","kind":"bikerack","longitude":14.3330525,"latitude":51.7593078,"name":"Fahrradabstellplatz","city":"Cottbus","address":null,"covered":false,"access":null,"website":null,"phone":null,"source":"OpenStreetMap/node/7595615796","sourceUpdatedAt":null,"verifiedAt":null}},{"type":"Feature","geometry":{"type":"Point","coordinates":[14.3481777,51.7632118]},"properties":{"id":"bikerack:3f035561-4527-4857-a5a0-ffa540078d42","kind":"bikerack","longitude":14.3481777,"latitude":51.7632118,"name":"Fahrradabstellplatz","city":"Cottbus","address":null,"covered":false,"access":null,"website":null,"phone":null,"source":"OpenStreetMap/node/13669402741","sourceUpdatedAt":null,"verifiedAt":null}},{"type":"Feature","geometry":{"type":"Point","coordinates":[14.3448348,51.7637657]},"properties":{"id":"bikerack:40a485aa-6387-4054-a947-1be93e1f8f51","kind":"bikerack","longitude":14.3448348,"latitude":51.7637657,"name":"Fahrradabstellplatz","city":"Cottbus","address":null,"covered":false,"access":null,"website":null,"phone":null,"source":"OpenStreetMap/node/12424972884","sourceUpdatedAt":null,"verifiedAt":null}},{"type":"Feature","geometry":{"type":"Point","coordinates":[14.3463012,51.764692]},"properties":{"id":"bikerack:4169b59c-2103-4645-93d5-3ad9afd5fda4","kind":"bikerack","longitude":14.3463012,"latitude":51.764692,"name":"Fahrradabstellplatz","city":"Cottbus","address":null,"covered":false,"access":null,"website":null,"phone":null,"source":"OpenStreetMap/node/11731027189","sourceUpdatedAt":null,"verifiedAt":null}},{"type":"Feature","geometry":{"type":"Point","coordinates":[14.3450989,51.7630289]},"properties":{"id":"bikerack:416e9aad-4b74-4320-b464-ecaea6c23fd8","kind":"bikerack","longitude":14.3450989,"latitude":51.7630289,"name":"Fahrradabstellplatz","city":"Cottbus","address":null,"covered":false,"access":null,"website":null,"phone":null,"source":"OpenStreetMap/node/9577429799","sourceUpdatedAt":null,"verifiedAt":null}},{"type":"Feature","geometry":{"type":"Point","coordinates":[14.3445694,51.7645982]},"properties":{"id":"bikerack:420cbc75-5d90-4a47-b46d-06663bc85adb","kind":"bikerack","longitude":14.3445694,"latitude":51.7645982,"name":"Fahrradabstellplatz","city":"Cottbus","address":null,"covered":false,"access":null,"website":null,"phone":null,"source":"OpenStreetMap/node/11731025347","sourceUpdatedAt":null,"verifiedAt":null}},{"type":"Feature","geometry":{"type":"Point","coordinates":[14.336757,51.7617074]},"properties":{"id":"bikerack:43042245-e034-4d22-b0d7-b1134a39b5d1","kind":"bikerack","longitude":14.336757,"latitude":51.7617074,"name":"Fahrradabstellplatz","city":"Cottbus","address":null,"covered":false,"access":null,"website":null,"phone":null,"source":"OpenStreetMap/node/1424958140","sourceUpdatedAt":null,"verifiedAt":null}},{"type":"Feature","geometry":{"type":"Point","coordinates":[14.3464074,51.7617044]},"properties":{"id":"bikerack:44ff00d2-d4c2-49a8-ade8-524a045c2da3","kind":"bikerack","longitude":14.3464074,"latitude":51.7617044,"name":"Fahrradabstellplatz","city":"Cottbus","address":null,"covered":false,"access":null,"website":null,"phone":null,"source":"OpenStreetMap/node/8000655378","sourceUpdatedAt":null,"verifiedAt":null}},{"type":"Feature","geometry":{"type":"Point","coordinates":[14.3283703,51.7596972]},"properties":{"id":"bikerack:457d8f8e-b0d5-41ff-801a-b0cdc9729b97","kind":"bikerack","longitude":14.3283703,"latitude":51.7596972,"name":"Fahrradabstellplatz","city":"Cottbus","address":null,"covered":false,"access":null,"website":null,"phone":null,"source":"OpenStreetMap/node/7596236126","sourceUpdatedAt":null,"verifiedAt":null}},{"type":"Feature","geometry":{"type":"Point","coordinates":[14.3401531,51.7561569]},"properties":{"id":"bikerack:45b4ee4b-dc30-4e54-964f-3063b4191e30","kind":"bikerack","longitude":14.3401531,"latitude":51.7561569,"name":"Fahrradabstellplatz","city":"Cottbus","address":null,"covered":false,"access":null,"website":null,"phone":null,"source":"OpenStreetMap/node/11758210511","sourceUpdatedAt":null,"verifiedAt":null}},{"type":"Feature","geometry":{"type":"Point","coordinates":[14.3446514,51.760585]},"properties":{"id":"bikerack:4629ccc8-ba7d-43e3-a132-cf70d17f70dd","kind":"bikerack","longitude":14.3446514,"latitude":51.760585,"name":"Fahrradabstellplatz","city":"Cottbus","address":null,"covered":false,"access":null,"website":null,"phone":null,"source":"OpenStreetMap/node/8000655518","sourceUpdatedAt":null,"verifiedAt":null}},{"type":"Feature","geometry":{"type":"Point","coordinates":[14.3398055,51.7621825]},"properties":{"id":"bikerack:46e423c2-dbe1-47ba-ab55-a8641feaa720","kind":"bikerack","longitude":14.3398055,"latitude":51.7621825,"name":"Fahrradabstellplatz","city":"Cottbus","address":null,"covered":false,"access":null,"website":null,"phone":null,"source":"OpenStreetMap/node/3071856322","sourceUpdatedAt":null,"verifiedAt":null}},{"type":"Feature","geometry":{"type":"Point","coordinates":[14.3499799,51.7653055]},"properties":{"id":"bikerack:47e3d8a8-eaba-4772-af79-8bb007cb2430","kind":"bikerack","longitude":14.3499799,"latitude":51.7653055,"name":"Fahrradabstellplatz","city":"Cottbus","address":null,"covered":false,"access":null,"website":null,"phone":null,"source":"OpenStreetMap/node/12437041574","sourceUpdatedAt":null,"verifiedAt":null}},{"type":"Feature","geometry":{"type":"Point","coordinates":[14.3469002,51.7612902]},"properties":{"id":"bikerack:48db5f35-beea-48fc-9d12-79a440583858","kind":"bikerack","longitude":14.3469002,"latitude":51.7612902,"name":"Fahrradabstellplatz","city":"Cottbus","address":null,"covered":false,"access":null,"website":null,"phone":null,"source":"OpenStreetMap/node/11730281410","sourceUpdatedAt":null,"verifiedAt":null}},{"type":"Feature","geometry":{"type":"Point","coordinates":[14.3472041,51.7619915]},"properties":{"id":"bikerack:48e7b8f1-c4b6-4a21-8b49-61dc98aa59d7","kind":"bikerack","longitude":14.3472041,"latitude":51.7619915,"name":"Fahrradabstellplatz","city":"Cottbus","address":null,"covered":true,"access":null,"website":null,"phone":null,"source":"OpenStreetMap/node/11730281046","sourceUpdatedAt":null,"verifiedAt":null}},{"type":"Feature","geometry":{"type":"Point","coordinates":[14.3267719,51.7617743]},"properties":{"id":"bikerack:496d074e-ef26-4370-82ca-001f66258bec","kind":"bikerack","longitude":14.3267719,"latitude":51.7617743,"name":"Fahrradabstellplatz","city":"Cottbus","address":null,"covered":false,"access":null,"website":null,"phone":null,"source":"OpenStreetMap/node/12546469158","sourceUpdatedAt":null,"verifiedAt":null}},{"type":"Feature","geometry":{"type":"Point","coordinates":[14.3301214,51.7704039]},"properties":{"id":"bikerack:4980a8f8-d6f3-45c4-a305-cdf345bae778","kind":"bikerack","longitude":14.3301214,"latitude":51.7704039,"name":"Fahrradabstellplatz","city":"Cottbus","address":null,"covered":false,"access":null,"website":null,"phone":null,"source":"OpenStreetMap/node/9439226331","sourceUpdatedAt":null,"verifiedAt":null}},{"type":"Feature","geometry":{"type":"Point","coordinates":[14.3417039,51.7629861]},"properties":{"id":"bikerack:49b14479-c900-4b03-a95f-069743ded485","kind":"bikerack","longitude":14.3417039,"latitude":51.7629861,"name":"Fahrradabstellplatz","city":"Cottbus","address":null,"covered":false,"access":null,"website":null,"phone":null,"source":"OpenStreetMap/node/8042804835","sourceUpdatedAt":null,"verifiedAt":null}},{"type":"Feature","geometry":{"type":"Point","coordinates":[14.3352807,51.758195]},"properties":{"id":"bikerack:4a2e48c1-f5e6-4944-81be-626b04f42dcf","kind":"bikerack","longitude":14.3352807,"latitude":51.758195,"name":"Fahrradabstellplatz","city":"Cottbus","address":null,"covered":false,"access":null,"website":null,"phone":null,"source":"OpenStreetMap/node/11750081294","sourceUpdatedAt":null,"verifiedAt":null}},{"type":"Feature","geometry":{"type":"Point","coordinates":[14.3355756,51.7677102]},"properties":{"id":"bikerack:4a34cbab-a97c-42d5-9ade-d32284f3442a","kind":"bikerack","longitude":14.3355756,"latitude":51.7677102,"name":"Fahrradabstellplatz","city":"Cottbus","address":null,"covered":false,"access":null,"website":null,"phone":null,"source":"OpenStreetMap/node/12241320026","sourceUpdatedAt":null,"verifiedAt":null}},{"type":"Feature","geometry":{"type":"Point","coordinates":[14.3425167,51.7629109]},"properties":{"id":"bikerack:4a5c0516-bafe-4368-a216-e45b6733c275","kind":"bikerack","longitude":14.3425167,"latitude":51.7629109,"name":"Fahrradabstellplatz","city":"Cottbus","address":null,"covered":false,"access":null,"website":null,"phone":null,"source":"OpenStreetMap/node/9757313810","sourceUpdatedAt":null,"verifiedAt":null}},{"type":"Feature","geometry":{"type":"Point","coordinates":[14.349027,51.7655488]},"properties":{"id":"bikerack:4a7b3fde-3bcb-41be-b19f-b5ad6c6f15f7","kind":"bikerack","longitude":14.349027,"latitude":51.7655488,"name":"Fahrradabstellplatz","city":"Cottbus","address":null,"covered":false,"access":null,"website":null,"phone":null,"source":"OpenStreetMap/node/9769572079","sourceUpdatedAt":null,"verifiedAt":null}},{"type":"Feature","geometry":{"type":"Point","coordinates":[14.3325205,51.7587332]},"properties":{"id":"bikerack:4b087233-1678-4d74-aa09-c231053e3cf6","kind":"bikerack","longitude":14.3325205,"latitude":51.7587332,"name":"Fahrradabstellplatz","city":"Cottbus","address":null,"covered":false,"access":null,"website":null,"phone":null,"source":"OpenStreetMap/node/4724827535","sourceUpdatedAt":null,"verifiedAt":null}},{"type":"Feature","geometry":{"type":"Point","coordinates":[14.336765,51.7634161]},"properties":{"id":"bikerack:4b171b63-4279-4707-88cb-76335577607d","kind":"bikerack","longitude":14.336765,"latitude":51.7634161,"name":"Fahrradabstellplatz","city":"Cottbus","address":null,"covered":false,"access":null,"website":null,"phone":null,"source":"OpenStreetMap/way/810727880","sourceUpdatedAt":null,"verifiedAt":null}},{"type":"Feature","geometry":{"type":"Point","coordinates":[14.3414047,51.7794587]},"properties":{"id":"bikerack:4b2b055c-ce8f-4c6f-aa3a-ca271995d99e","kind":"bikerack","longitude":14.3414047,"latitude":51.7794587,"name":"Fahrradabstellplatz","city":"Cottbus","address":null,"covered":false,"access":null,"website":null,"phone":null,"source":"OpenStreetMap/node/13138438186","sourceUpdatedAt":null,"verifiedAt":null}},{"type":"Feature","geometry":{"type":"Point","coordinates":[14.3262262,51.7595631]},"properties":{"id":"bikerack:4bcfe5dd-8092-4df3-86f1-b294be39dc33","kind":"bikerack","longitude":14.3262262,"latitude":51.7595631,"name":"Fahrradabstellplatz","city":"Cottbus","address":null,"covered":false,"access":null,"website":null,"phone":null,"source":"OpenStreetMap/node/12625842794","sourceUpdatedAt":null,"verifiedAt":null}},{"type":"Feature","geometry":{"type":"Point","coordinates":[14.3438563,51.7641247]},"properties":{"id":"bikerack:4c86fcc4-e814-4290-a7db-0236c6045e05","kind":"bikerack","longitude":14.3438563,"latitude":51.7641247,"name":"Fahrradabstellplatz","city":"Cottbus","address":null,"covered":false,"access":null,"website":null,"phone":null,"source":"OpenStreetMap/node/12424950398","sourceUpdatedAt":null,"verifiedAt":null}},{"type":"Feature","geometry":{"type":"Point","coordinates":[14.3291657,51.7665642]},"properties":{"id":"bikerack:4cd29b98-cdf5-4d5e-bdbe-1d882ebc8a25","kind":"bikerack","longitude":14.3291657,"latitude":51.7665642,"name":"Fahrradabstellplatz","city":"Cottbus","address":null,"covered":false,"access":null,"website":null,"phone":null,"source":"OpenStreetMap/node/1425503489","sourceUpdatedAt":null,"verifiedAt":null}},{"type":"Feature","geometry":{"type":"Point","coordinates":[14.3443851,51.7612192]},"properties":{"id":"bikerack:4da57c2c-c67f-4858-b1f7-4d0c02512980","kind":"bikerack","longitude":14.3443851,"latitude":51.7612192,"name":"Fahrradabstellplatz","city":"Cottbus","address":null,"covered":false,"access":null,"website":null,"phone":null,"source":"OpenStreetMap/node/8000655512","sourceUpdatedAt":null,"verifiedAt":null}},{"type":"Feature","geometry":{"type":"Point","coordinates":[14.3362167,51.7549951]},"properties":{"id":"bikerack:4e7b7bcf-ffa6-44af-b9eb-5e35f70793fb","kind":"bikerack","longitude":14.3362167,"latitude":51.7549951,"name":"Fahrradabstellplatz","city":"Cottbus","address":null,"covered":false,"access":null,"website":null,"phone":null,"source":"OpenStreetMap/node/9495840893","sourceUpdatedAt":null,"verifiedAt":null}},{"type":"Feature","geometry":{"type":"Point","coordinates":[14.3350969,51.7677013]},"properties":{"id":"bikerack:4f37f3e2-30b0-42e0-9dd6-e992ed52a1dc","kind":"bikerack","longitude":14.3350969,"latitude":51.7677013,"name":"Fahrradabstellplatz","city":"Cottbus","address":null,"covered":false,"access":null,"website":null,"phone":null,"source":"OpenStreetMap/node/12241319770","sourceUpdatedAt":null,"verifiedAt":null}},{"type":"Feature","geometry":{"type":"Point","coordinates":[14.3358091,51.7576429]},"properties":{"id":"bikerack:5010ee57-06c3-42e8-86ba-548125ded4ab","kind":"bikerack","longitude":14.3358091,"latitude":51.7576429,"name":"Fahrradabstellplatz","city":"Cottbus","address":null,"covered":false,"access":null,"website":null,"phone":null,"source":"OpenStreetMap/node/8051629999","sourceUpdatedAt":null,"verifiedAt":null}},{"type":"Feature","geometry":{"type":"Point","coordinates":[14.3378971,51.7644985]},"properties":{"id":"bikerack:50b62c0a-5f97-4f69-afe1-213b719f9df9","kind":"bikerack","longitude":14.3378971,"latitude":51.7644985,"name":"Fahrradabstellplatz","city":"Cottbus","address":null,"covered":false,"access":null,"website":null,"phone":null,"source":"OpenStreetMap/node/12353653051","sourceUpdatedAt":null,"verifiedAt":null}},{"type":"Feature","geometry":{"type":"Point","coordinates":[14.3368583,51.7648627]},"properties":{"id":"bikerack:50fcf2f1-b901-4fea-82d5-ae4df96d2b6e","kind":"bikerack","longitude":14.3368583,"latitude":51.7648627,"name":"Fahrradabstellplatz","city":"Cottbus","address":null,"covered":false,"access":null,"website":null,"phone":null,"source":"OpenStreetMap/node/12353652903","sourceUpdatedAt":null,"verifiedAt":null}},{"type":"Feature","geometry":{"type":"Point","coordinates":[14.3446305,51.7573131]},"properties":{"id":"bikerack:512ad541-dec0-4e8d-994a-aefe649af5cf","kind":"bikerack","longitude":14.3446305,"latitude":51.7573131,"name":"Fahrradabstellplatz","city":"Cottbus","address":null,"covered":false,"access":null,"website":null,"phone":null,"source":"OpenStreetMap/node/9511172277","sourceUpdatedAt":null,"verifiedAt":null}},{"type":"Feature","geometry":{"type":"Point","coordinates":[14.3335397,51.7653666]},"properties":{"id":"bikerack:518f3d05-5404-4750-94a7-8d9889cff2de","kind":"bikerack","longitude":14.3335397,"latitude":51.7653666,"name":"Fahrradabstellplatz","city":"Cottbus","address":null,"covered":true,"access":null,"website":null,"phone":null,"source":"OpenStreetMap/node/12353653296","sourceUpdatedAt":null,"verifiedAt":null}},{"type":"Feature","geometry":{"type":"Point","coordinates":[14.3278187,51.7579451]},"properties":{"id":"bikerack:51ad99e2-dea0-4ba1-9fe7-9efc262f43cc","kind":"bikerack","longitude":14.3278187,"latitude":51.7579451,"name":"Fahrradabstellplatz","city":"Cottbus","address":null,"covered":false,"access":null,"website":null,"phone":null,"source":"OpenStreetMap/node/8048043835","sourceUpdatedAt":null,"verifiedAt":null}},{"type":"Feature","geometry":{"type":"Point","coordinates":[14.3467444,51.7570369]},"properties":{"id":"bikerack:522764e9-103a-405e-a01f-2e9c0b62c35b","kind":"bikerack","longitude":14.3467444,"latitude":51.7570369,"name":"Fahrradabstellplatz","city":"Cottbus","address":null,"covered":false,"access":null,"website":null,"phone":null,"source":"OpenStreetMap/node/12920784241","sourceUpdatedAt":null,"verifiedAt":null}},{"type":"Feature","geometry":{"type":"Point","coordinates":[14.3385305,51.7599863]},"properties":{"id":"bikerack:540a5b21-8c42-4dc3-b30d-963b1e3175fb","kind":"bikerack","longitude":14.3385305,"latitude":51.7599863,"name":"Fahrradabstellplatz","city":"Cottbus","address":null,"covered":false,"access":null,"website":null,"phone":null,"source":"OpenStreetMap/node/12325928955","sourceUpdatedAt":null,"verifiedAt":null}},{"type":"Feature","geometry":{"type":"Point","coordinates":[14.3508407,51.7625738]},"properties":{"id":"bikerack:54b5d658-96aa-4b3b-be62-77974c29bcb1","kind":"bikerack","longitude":14.3508407,"latitude":51.7625738,"name":"Fahrradabstellplatz","city":"Cottbus","address":null,"covered":false,"access":null,"website":null,"phone":null,"source":"OpenStreetMap/node/11733927656","sourceUpdatedAt":null,"verifiedAt":null}},{"type":"Feature","geometry":{"type":"Point","coordinates":[14.3382439,51.7644324]},"properties":{"id":"bikerack:552e8c11-240c-446a-ac79-1abcfeb310d2","kind":"bikerack","longitude":14.3382439,"latitude":51.7644324,"name":"Fahrradabstellplatz","city":"Cottbus","address":null,"covered":false,"access":null,"website":null,"phone":null,"source":"OpenStreetMap/node/12353653037","sourceUpdatedAt":null,"verifiedAt":null}},{"type":"Feature","geometry":{"type":"Point","coordinates":[14.3513171,51.7635427]},"properties":{"id":"bikerack:557a65d0-9e91-4971-95c1-0fd8de20b83a","kind":"bikerack","longitude":14.3513171,"latitude":51.7635427,"name":"Fahrradabstellplatz","city":"Cottbus","address":null,"covered":false,"access":null,"website":null,"phone":null,"source":"OpenStreetMap/node/11693842195","sourceUpdatedAt":null,"verifiedAt":null}},{"type":"Feature","geometry":{"type":"Point","coordinates":[14.3452705,51.7576823]},"properties":{"id":"bikerack:56c30f3f-8859-4fad-ac5e-b735cc033237","kind":"bikerack","longitude":14.3452705,"latitude":51.7576823,"name":"Fahrradabstellplatz","city":"Cottbus","address":null,"covered":false,"access":null,"website":null,"phone":null,"source":"OpenStreetMap/node/9511172270","sourceUpdatedAt":null,"verifiedAt":null}},{"type":"Feature","geometry":{"type":"Point","coordinates":[14.3279384,51.7593451]},"properties":{"id":"bikerack:5729290c-f493-4a1a-8073-2887a777aee5","kind":"bikerack","longitude":14.3279384,"latitude":51.7593451,"name":"Fahrradabstellplatz","city":"Cottbus","address":null,"covered":false,"access":null,"website":null,"phone":null,"source":"OpenStreetMap/node/9014070454","sourceUpdatedAt":null,"verifiedAt":null}},{"type":"Feature","geometry":{"type":"Point","coordinates":[14.3377305,51.7574869]},"properties":{"id":"bikerack:572ff367-da77-4039-a1d0-4daac7ddb0ec","kind":"bikerack","longitude":14.3377305,"latitude":51.7574869,"name":"Fahrradabstellplatz","city":"Cottbus","address":null,"covered":true,"access":null,"website":null,"phone":null,"source":"OpenStreetMap/node/7540789365","sourceUpdatedAt":null,"verifiedAt":null}},{"type":"Feature","geometry":{"type":"Point","coordinates":[14.3491726,51.7639899]},"properties":{"id":"bikerack:576babff-8877-4361-b2c9-8cf1994b2127","kind":"bikerack","longitude":14.3491726,"latitude":51.7639899,"name":"Fahrradabstellplatz","city":"Cottbus","address":null,"covered":false,"access":null,"website":null,"phone":null,"source":"OpenStreetMap/node/9769572073","sourceUpdatedAt":null,"verifiedAt":null}},{"type":"Feature","geometry":{"type":"Point","coordinates":[14.3457213,51.7805117]},"properties":{"id":"bikerack:578e4da1-357f-4dae-9ece-0d669402ffd9","kind":"bikerack","longitude":14.3457213,"latitude":51.7805117,"name":"Fahrradabstellplatz","city":"Cottbus","address":null,"covered":false,"access":null,"website":null,"phone":null,"source":"OpenStreetMap/node/12018296430","sourceUpdatedAt":null,"verifiedAt":null}},{"type":"Feature","geometry":{"type":"Point","coordinates":[14.3491068,51.7626022]},"properties":{"id":"bikerack:57ee4da7-a7e9-4c06-a782-9b01b32cddc5","kind":"bikerack","longitude":14.3491068,"latitude":51.7626022,"name":"Fahrradabstellplatz","city":"Cottbus","address":null,"covered":false,"access":null,"website":null,"phone":null,"source":"OpenStreetMap/node/9769571345","sourceUpdatedAt":null,"verifiedAt":null}},{"type":"Feature","geometry":{"type":"Point","coordinates":[14.3443401,51.7613224]},"properties":{"id":"bikerack:581bd9ff-ed38-4a1d-84f8-17086ce0deb0","kind":"bikerack","longitude":14.3443401,"latitude":51.7613224,"name":"Fahrradabstellplatz","city":"Cottbus","address":null,"covered":false,"access":null,"website":null,"phone":null,"source":"OpenStreetMap/node/8000655511","sourceUpdatedAt":null,"verifiedAt":null}},{"type":"Feature","geometry":{"type":"Point","coordinates":[14.329555,51.7703934]},"properties":{"id":"bikerack:593ebea5-0310-4029-852a-1d055218c547","kind":"bikerack","longitude":14.329555,"latitude":51.7703934,"name":"Fahrradabstellplatz","city":"Cottbus","address":null,"covered":false,"access":null,"website":null,"phone":null,"source":"OpenStreetMap/node/9439226052","sourceUpdatedAt":null,"verifiedAt":null}},{"type":"Feature","geometry":{"type":"Point","coordinates":[14.3468916,51.7600212]},"properties":{"id":"bikerack:59e99b70-2683-4d92-b587-76349b777781","kind":"bikerack","longitude":14.3468916,"latitude":51.7600212,"name":"Fahrradabstellplatz","city":"Cottbus","address":null,"covered":false,"access":null,"website":null,"phone":null,"source":"OpenStreetMap/node/11755143766","sourceUpdatedAt":null,"verifiedAt":null}},{"type":"Feature","geometry":{"type":"Point","coordinates":[14.3455088,51.7646447]},"properties":{"id":"bikerack:5bce5a5c-ff1c-4967-880e-d192033a15b5","kind":"bikerack","longitude":14.3455088,"latitude":51.7646447,"name":"Fahrradabstellplatz","city":"Cottbus","address":null,"covered":false,"access":null,"website":null,"phone":null,"source":"OpenStreetMap/node/11731027127","sourceUpdatedAt":null,"verifiedAt":null}},{"type":"Feature","geometry":{"type":"Point","coordinates":[14.3280498,51.7558533]},"properties":{"id":"bikerack:5d6105ad-e1f4-46f7-af28-ed12887dae41","kind":"bikerack","longitude":14.3280498,"latitude":51.7558533,"name":"Fahrradabstellplatz","city":"Cottbus","address":null,"covered":false,"access":null,"website":null,"phone":null,"source":"OpenStreetMap/node/5219608603","sourceUpdatedAt":null,"verifiedAt":null}},{"type":"Feature","geometry":{"type":"Point","coordinates":[14.3416515,51.7634682]},"properties":{"id":"bikerack:5d681c36-a1af-4a72-9817-97bb2aa43b05","kind":"bikerack","longitude":14.3416515,"latitude":51.7634682,"name":"Fahrradabstellplatz","city":"Cottbus","address":null,"covered":false,"access":null,"website":null,"phone":null,"source":"OpenStreetMap/node/9757340851","sourceUpdatedAt":null,"verifiedAt":null}},{"type":"Feature","geometry":{"type":"Point","coordinates":[14.3392753,51.7561921]},"properties":{"id":"bikerack:5dfa0da8-1705-4c45-8910-5f59fa1a62a9","kind":"bikerack","longitude":14.3392753,"latitude":51.7561921,"name":"Fahrradabstellplatz","city":"Cottbus","address":null,"covered":true,"access":null,"website":null,"phone":null,"source":"OpenStreetMap/node/11764557502","sourceUpdatedAt":null,"verifiedAt":null}},{"type":"Feature","geometry":{"type":"Point","coordinates":[14.3354315,51.7659569]},"properties":{"id":"bikerack:5e28ddf9-6b84-4920-bd1a-09089b9254d3","kind":"bikerack","longitude":14.3354315,"latitude":51.7659569,"name":"Fahrradabstellplatz","city":"Cottbus","address":null,"covered":false,"access":null,"website":null,"phone":null,"source":"OpenStreetMap/node/12241319914","sourceUpdatedAt":null,"verifiedAt":null}},{"type":"Feature","geometry":{"type":"Point","coordinates":[14.3491061,51.7628521]},"properties":{"id":"bikerack:5e3e74ce-f848-470e-80f9-cb7056642691","kind":"bikerack","longitude":14.3491061,"latitude":51.7628521,"name":"Fahrradabstellplatz","city":"Cottbus","address":null,"covered":false,"access":null,"website":null,"phone":null,"source":"OpenStreetMap/node/9769571346","sourceUpdatedAt":null,"verifiedAt":null}},{"type":"Feature","geometry":{"type":"Point","coordinates":[14.3481629,51.7616595]},"properties":{"id":"bikerack:5ec41531-b503-437e-87da-958df93f355f","kind":"bikerack","longitude":14.3481629,"latitude":51.7616595,"name":"Fahrradabstellplatz","city":"Cottbus","address":null,"covered":false,"access":null,"website":null,"phone":null,"source":"OpenStreetMap/node/11730240342","sourceUpdatedAt":null,"verifiedAt":null}},{"type":"Feature","geometry":{"type":"Point","coordinates":[14.3454033,51.7553873]},"properties":{"id":"bikerack:5f508da0-6a04-4ebd-a47a-2390f6eecf88","kind":"bikerack","longitude":14.3454033,"latitude":51.7553873,"name":"Fahrradabstellplatz","city":"Cottbus","address":null,"covered":false,"access":null,"website":null,"phone":null,"source":"OpenStreetMap/node/8798239121","sourceUpdatedAt":null,"verifiedAt":null}},{"type":"Feature","geometry":{"type":"Point","coordinates":[14.3320949,51.7559461]},"properties":{"id":"bikerack:5f6352ab-d89d-48e8-90d0-6c800f0c33c6","kind":"bikerack","longitude":14.3320949,"latitude":51.7559461,"name":"Fahrradabstellplatz","city":"Cottbus","address":null,"covered":false,"access":null,"website":null,"phone":null,"source":"OpenStreetMap/node/5221338921","sourceUpdatedAt":null,"verifiedAt":null}},{"type":"Feature","geometry":{"type":"Point","coordinates":[14.3510302,51.7658731]},"properties":{"id":"bikerack:6028f4ed-be81-409c-9aa2-3a13c516f60a","kind":"bikerack","longitude":14.3510302,"latitude":51.7658731,"name":"Fahrradabstellplatz","city":"Cottbus","address":null,"covered":false,"access":null,"website":null,"phone":null,"source":"OpenStreetMap/node/12253636485","sourceUpdatedAt":null,"verifiedAt":null}},{"type":"Feature","geometry":{"type":"Point","coordinates":[14.3342544,51.766933]},"properties":{"id":"bikerack:604b91e4-2c91-402f-b9e0-558dbcd2cfc8","kind":"bikerack","longitude":14.3342544,"latitude":51.766933,"name":"Fahrradabstellplatz","city":"Cottbus","address":null,"covered":false,"access":null,"website":null,"phone":null,"source":"OpenStreetMap/node/12241320376","sourceUpdatedAt":null,"verifiedAt":null}},{"type":"Feature","geometry":{"type":"Point","coordinates":[14.3457206,51.7548445]},"properties":{"id":"bikerack:6210c0e3-87d4-4791-a9b3-9c034b99653d","kind":"bikerack","longitude":14.3457206,"latitude":51.7548445,"name":"Fahrradabstellplatz","city":"Cottbus","address":null,"covered":false,"access":null,"website":null,"phone":null,"source":"OpenStreetMap/node/8798239124","sourceUpdatedAt":null,"verifiedAt":null}},{"type":"Feature","geometry":{"type":"Point","coordinates":[14.3392107,51.756087]},"properties":{"id":"bikerack:62ef66fd-1c22-4275-8cbc-fd2ec02fdea7","kind":"bikerack","longitude":14.3392107,"latitude":51.756087,"name":"Fahrradabstellplatz","city":"Cottbus","address":null,"covered":true,"access":null,"website":null,"phone":null,"source":"OpenStreetMap/node/11764557282","sourceUpdatedAt":null,"verifiedAt":null}},{"type":"Feature","geometry":{"type":"Point","coordinates":[14.3346108,51.7674365]},"properties":{"id":"bikerack:62fa89e9-b5c7-4f35-8729-cedaac993aac","kind":"bikerack","longitude":14.3346108,"latitude":51.7674365,"name":"Fahrradabstellplatz","city":"Cottbus","address":null,"covered":false,"access":null,"website":null,"phone":null,"source":"OpenStreetMap/node/12241319498","sourceUpdatedAt":null,"verifiedAt":null}},{"type":"Feature","geometry":{"type":"Point","coordinates":[14.3349219,51.7666904]},"properties":{"id":"bikerack:635109cd-e5ff-4673-8be2-073065dd4ae8","kind":"bikerack","longitude":14.3349219,"latitude":51.7666904,"name":"Fahrradabstellplatz","city":"Cottbus","address":null,"covered":false,"access":null,"website":null,"phone":null,"source":"OpenStreetMap/node/11291587719","sourceUpdatedAt":null,"verifiedAt":null}},{"type":"Feature","geometry":{"type":"Point","coordinates":[14.348339,51.7602938]},"properties":{"id":"bikerack:63547f80-2eb5-4291-ad7a-7c2324764441","kind":"bikerack","longitude":14.348339,"latitude":51.7602938,"name":"Fahrradabstellplatz","city":"Cottbus","address":null,"covered":false,"access":null,"website":null,"phone":null,"source":"OpenStreetMap/node/7884022704","sourceUpdatedAt":null,"verifiedAt":null}},{"type":"Feature","geometry":{"type":"Point","coordinates":[14.3471806,51.7568708]},"properties":{"id":"bikerack:643f8474-2a60-4ef4-ba34-dd22b4c3462a","kind":"bikerack","longitude":14.3471806,"latitude":51.7568708,"name":"Fahrradabstellplatz","city":"Cottbus","address":null,"covered":false,"access":null,"website":null,"phone":null,"source":"OpenStreetMap/node/12920784237","sourceUpdatedAt":null,"verifiedAt":null}},{"type":"Feature","geometry":{"type":"Point","coordinates":[14.3324286,51.7580477]},"properties":{"id":"bikerack:66d97cfd-ec2e-47b1-b4c2-85efec8871cc","kind":"bikerack","longitude":14.3324286,"latitude":51.7580477,"name":"Fahrradabstellplatz","city":"Cottbus","address":null,"covered":false,"access":null,"website":null,"phone":null,"source":"OpenStreetMap/node/5239403770","sourceUpdatedAt":null,"verifiedAt":null}},{"type":"Feature","geometry":{"type":"Point","coordinates":[14.3274718,51.7667557]},"properties":{"id":"bikerack:680d9a6c-07f7-49b4-88be-054be0436eda","kind":"bikerack","longitude":14.3274718,"latitude":51.7667557,"name":"Fahrradabstellplatz","city":"Cottbus","address":null,"covered":false,"access":null,"website":null,"phone":null,"source":"OpenStreetMap/node/11544740950","sourceUpdatedAt":null,"verifiedAt":null}},{"type":"Feature","geometry":{"type":"Point","coordinates":[14.3446933,51.7604845]},"properties":{"id":"bikerack:681b987f-e52c-41ac-877f-ce9b8e8ef7b6","kind":"bikerack","longitude":14.3446933,"latitude":51.7604845,"name":"Fahrradabstellplatz","city":"Cottbus","address":null,"covered":false,"access":null,"website":null,"phone":null,"source":"OpenStreetMap/node/8000655519","sourceUpdatedAt":null,"verifiedAt":null}},{"type":"Feature","geometry":{"type":"Point","coordinates":[14.3469027,51.7569722]},"properties":{"id":"bikerack:6896909a-1064-4dcd-bb9d-d8a04ca28a01","kind":"bikerack","longitude":14.3469027,"latitude":51.7569722,"name":"Fahrradabstellplatz","city":"Cottbus","address":null,"covered":false,"access":null,"website":null,"phone":null,"source":"OpenStreetMap/node/12920784239","sourceUpdatedAt":null,"verifiedAt":null}},{"type":"Feature","geometry":{"type":"Point","coordinates":[14.3485043,51.7564897]},"properties":{"id":"bikerack:68cca704-9653-40cf-9341-75ee6b5e26aa","kind":"bikerack","longitude":14.3485043,"latitude":51.7564897,"name":"Fahrradabstellplatz","city":"Cottbus","address":null,"covered":true,"access":null,"website":null,"phone":null,"source":"OpenStreetMap/way/799306803","sourceUpdatedAt":null,"verifiedAt":null}},{"type":"Feature","geometry":{"type":"Point","coordinates":[14.3486837,51.7548496]},"properties":{"id":"bikerack:69126e13-1000-4ba1-844f-565a168f14fa","kind":"bikerack","longitude":14.3486837,"latitude":51.7548496,"name":"Fahrradabstellplatz","city":"Cottbus","address":null,"covered":false,"access":null,"website":null,"phone":null,"source":"OpenStreetMap/node/8088968032","sourceUpdatedAt":null,"verifiedAt":null}},{"type":"Feature","geometry":{"type":"Point","coordinates":[14.3281614,51.7707915]},"properties":{"id":"bikerack:69216c7d-5cb3-4513-a30c-52bd7eff337b","kind":"bikerack","longitude":14.3281614,"latitude":51.7707915,"name":"Fahrradabstellplatz","city":"Cottbus","address":null,"covered":false,"access":null,"website":null,"phone":null,"source":"OpenStreetMap/node/1585692068","sourceUpdatedAt":null,"verifiedAt":null}},{"type":"Feature","geometry":{"type":"Point","coordinates":[14.3314163,51.7575628]},"properties":{"id":"bikerack:69ab457b-f1ad-4c40-8bb8-638e68929b14","kind":"bikerack","longitude":14.3314163,"latitude":51.7575628,"name":"Fahrradabstellplatz","city":"Cottbus","address":null,"covered":false,"access":null,"website":null,"phone":null,"source":"OpenStreetMap/node/7596062274","sourceUpdatedAt":null,"verifiedAt":null}},{"type":"Feature","geometry":{"type":"Point","coordinates":[14.3346865,51.766575]},"properties":{"id":"bikerack:6a731ec3-8502-4b01-a4ea-52ea331a07c3","kind":"bikerack","longitude":14.3346865,"latitude":51.766575,"name":"Fahrradabstellplatz","city":"Cottbus","address":null,"covered":false,"access":null,"website":null,"phone":null,"source":"OpenStreetMap/node/12241319444","sourceUpdatedAt":null,"verifiedAt":null}},{"type":"Feature","geometry":{"type":"Point","coordinates":[14.3281783,51.7571825]},"properties":{"id":"bikerack:6ac2d3a8-ee0b-4257-a82f-24a148f31eed","kind":"bikerack","longitude":14.3281783,"latitude":51.7571825,"name":"Fahrradabstellplatz","city":"Cottbus","address":null,"covered":false,"access":null,"website":null,"phone":null,"source":"OpenStreetMap/node/9439973652","sourceUpdatedAt":null,"verifiedAt":null}},{"type":"Feature","geometry":{"type":"Point","coordinates":[14.3443093,51.7637524]},"properties":{"id":"bikerack:6b026ef7-28ce-4bb4-a33f-cac15fc35b36","kind":"bikerack","longitude":14.3443093,"latitude":51.7637524,"name":"Fahrradabstellplatz","city":"Cottbus","address":null,"covered":false,"access":null,"website":null,"phone":null,"source":"OpenStreetMap/node/12424960346","sourceUpdatedAt":null,"verifiedAt":null}},{"type":"Feature","geometry":{"type":"Point","coordinates":[14.3353504,51.7590906]},"properties":{"id":"bikerack:6b71ee95-0520-4163-a032-b4d99c265357","kind":"bikerack","longitude":14.3353504,"latitude":51.7590906,"name":"Fahrradabstellplatz","city":"Cottbus","address":null,"covered":false,"access":null,"website":null,"phone":null,"source":"OpenStreetMap/node/9498176222","sourceUpdatedAt":null,"verifiedAt":null}},{"type":"Feature","geometry":{"type":"Point","coordinates":[14.3497374,51.7657752]},"properties":{"id":"bikerack:6c227677-5536-4364-94ad-b2856235611a","kind":"bikerack","longitude":14.3497374,"latitude":51.7657752,"name":"Fahrradabstellplatz","city":"Cottbus","address":null,"covered":false,"access":null,"website":null,"phone":null,"source":"OpenStreetMap/node/12437038380","sourceUpdatedAt":null,"verifiedAt":null}},{"type":"Feature","geometry":{"type":"Point","coordinates":[14.3429162,51.7638618]},"properties":{"id":"bikerack:6cd3253f-117c-4c83-9ca3-29aef51d0332","kind":"bikerack","longitude":14.3429162,"latitude":51.7638618,"name":"Fahrradabstellplatz","city":"Cottbus","address":null,"covered":false,"access":null,"website":null,"phone":null,"source":"OpenStreetMap/node/11744693531","sourceUpdatedAt":null,"verifiedAt":null}},{"type":"Feature","geometry":{"type":"Point","coordinates":[14.3469047,51.7611725]},"properties":{"id":"bikerack:6da6404a-96a5-4797-a931-a07143352b42","kind":"bikerack","longitude":14.3469047,"latitude":51.7611725,"name":"Fahrradabstellplatz","city":"Cottbus","address":null,"covered":true,"access":null,"website":null,"phone":null,"source":"OpenStreetMap/node/11730281170","sourceUpdatedAt":null,"verifiedAt":null}},{"type":"Feature","geometry":{"type":"Point","coordinates":[14.3510218,51.762573]},"properties":{"id":"bikerack:7016cf0b-39e8-461c-90da-a33eb69760a3","kind":"bikerack","longitude":14.3510218,"latitude":51.762573,"name":"Fahrradabstellplatz","city":"Cottbus","address":null,"covered":false,"access":null,"website":null,"phone":null,"source":"OpenStreetMap/node/11733927655","sourceUpdatedAt":null,"verifiedAt":null}},{"type":"Feature","geometry":{"type":"Point","coordinates":[14.3455948,51.7542909]},"properties":{"id":"bikerack:709e6e75-c3ac-43bb-9132-10b77459f81b","kind":"bikerack","longitude":14.3455948,"latitude":51.7542909,"name":"Fahrradabstellplatz","city":"Cottbus","address":null,"covered":false,"access":null,"website":null,"phone":null,"source":"OpenStreetMap/node/8798239119","sourceUpdatedAt":null,"verifiedAt":null}},{"type":"Feature","geometry":{"type":"Point","coordinates":[14.3292753,51.7578324]},"properties":{"id":"bikerack:70da93f6-f40c-4643-96f7-9475e425996d","kind":"bikerack","longitude":14.3292753,"latitude":51.7578324,"name":"Fahrradabstellplatz","city":"Cottbus","address":null,"covered":false,"access":null,"website":null,"phone":null,"source":"OpenStreetMap/node/12920916654","sourceUpdatedAt":null,"verifiedAt":null}},{"type":"Feature","geometry":{"type":"Point","coordinates":[14.3289245,51.7564135]},"properties":{"id":"bikerack:70ee3da4-8e6e-409e-b2f6-0fb43c922447","kind":"bikerack","longitude":14.3289245,"latitude":51.7564135,"name":"Fahrradabstellplatz","city":"Cottbus","address":null,"covered":false,"access":null,"website":null,"phone":null,"source":"OpenStreetMap/node/7761775284","sourceUpdatedAt":null,"verifiedAt":null}},{"type":"Feature","geometry":{"type":"Point","coordinates":[14.3266459,51.7625433]},"properties":{"id":"bikerack:717a44a4-053e-4f67-bae2-898296e726fd","kind":"bikerack","longitude":14.3266459,"latitude":51.7625433,"name":"Fahrradabstellplatz","city":"Cottbus","address":null,"covered":false,"access":null,"website":null,"phone":null,"source":"OpenStreetMap/node/8071451508","sourceUpdatedAt":null,"verifiedAt":null}},{"type":"Feature","geometry":{"type":"Point","coordinates":[14.3354396,51.7575499]},"properties":{"id":"bikerack:71b5a201-2348-466b-a82e-ac38a97a0195","kind":"bikerack","longitude":14.3354396,"latitude":51.7575499,"name":"Fahrradabstellplatz","city":"Cottbus","address":null,"covered":false,"access":null,"website":null,"phone":null,"source":"OpenStreetMap/node/8051629997","sourceUpdatedAt":null,"verifiedAt":null}},{"type":"Feature","geometry":{"type":"Point","coordinates":[14.347348,51.7631104]},"properties":{"id":"bikerack:71b82525-5282-4fbb-912d-a63cf9567bc6","kind":"bikerack","longitude":14.347348,"latitude":51.7631104,"name":"Fahrradabstellplatz","city":"Cottbus","address":null,"covered":false,"access":null,"website":null,"phone":null,"source":"OpenStreetMap/node/7541637728","sourceUpdatedAt":null,"verifiedAt":null}},{"type":"Feature","geometry":{"type":"Point","coordinates":[14.3442177,51.7598189]},"properties":{"id":"bikerack:72436718-56cf-4cf4-9fda-c2d05cab5619","kind":"bikerack","longitude":14.3442177,"latitude":51.7598189,"name":"Fahrradabstellplatz","city":"Cottbus","address":null,"covered":false,"access":null,"website":null,"phone":null,"source":"OpenStreetMap/node/12954252099","sourceUpdatedAt":null,"verifiedAt":null}},{"type":"Feature","geometry":{"type":"Point","coordinates":[14.3442883,51.7646415]},"properties":{"id":"bikerack:72d54ba1-fc3a-43f9-825b-f451d1998bf5","kind":"bikerack","longitude":14.3442883,"latitude":51.7646415,"name":"Fahrradabstellplatz","city":"Cottbus","address":null,"covered":false,"access":null,"website":null,"phone":null,"source":"OpenStreetMap/node/11731025333","sourceUpdatedAt":null,"verifiedAt":null}},{"type":"Feature","geometry":{"type":"Point","coordinates":[14.3456119,51.7570859]},"properties":{"id":"bikerack:72ebbe64-86da-4f12-898c-e6336157d24b","kind":"bikerack","longitude":14.3456119,"latitude":51.7570859,"name":"Fahrradabstellplatz","city":"Cottbus","address":null,"covered":false,"access":null,"website":null,"phone":null,"source":"OpenStreetMap/node/9511172435","sourceUpdatedAt":null,"verifiedAt":null}},{"type":"Feature","geometry":{"type":"Point","coordinates":[14.3497955,51.7652926]},"properties":{"id":"bikerack:72efc453-6b59-46f3-bc28-6d6ee0b1a528","kind":"bikerack","longitude":14.3497955,"latitude":51.7652926,"name":"Fahrradabstellplatz","city":"Cottbus","address":null,"covered":false,"access":null,"website":null,"phone":null,"source":"OpenStreetMap/node/12437001077","sourceUpdatedAt":null,"verifiedAt":null}},{"type":"Feature","geometry":{"type":"Point","coordinates":[14.3264846,51.7676703]},"properties":{"id":"bikerack:730e89f1-2112-4abc-8147-4c2e2d8f69bf","kind":"bikerack","longitude":14.3264846,"latitude":51.7676703,"name":"Fahrradabstellplatz","city":"Cottbus","address":null,"covered":false,"access":null,"website":null,"phone":null,"source":"OpenStreetMap/node/1406550358","sourceUpdatedAt":null,"verifiedAt":null}},{"type":"Feature","geometry":{"type":"Point","coordinates":[14.3267872,51.7609795]},"properties":{"id":"bikerack:734b7e99-6f9c-4178-953b-fdb0d9b5db83","kind":"bikerack","longitude":14.3267872,"latitude":51.7609795,"name":"Fahrradabstellplatz","city":"Cottbus","address":null,"covered":false,"access":null,"website":null,"phone":null,"source":"OpenStreetMap/node/13168921580","sourceUpdatedAt":null,"verifiedAt":null}},{"type":"Feature","geometry":{"type":"Point","coordinates":[14.3470924,51.7569659]},"properties":{"id":"bikerack:73961d0c-9b17-46c7-83e3-6d08abdfe4d1","kind":"bikerack","longitude":14.3470924,"latitude":51.7569659,"name":"Fahrradabstellplatz","city":"Cottbus","address":null,"covered":false,"access":null,"website":null,"phone":null,"source":"OpenStreetMap/node/11969114235","sourceUpdatedAt":null,"verifiedAt":null}},{"type":"Feature","geometry":{"type":"Point","coordinates":[14.3402803,51.773039]},"properties":{"id":"bikerack:73a52129-1e23-4f8e-80e3-22d6c302bd06","kind":"bikerack","longitude":14.3402803,"latitude":51.773039,"name":"Fahrradabstellplatz","city":"Cottbus","address":null,"covered":false,"access":null,"website":null,"phone":null,"source":"OpenStreetMap/node/7833030084","sourceUpdatedAt":null,"verifiedAt":null}},{"type":"Feature","geometry":{"type":"Point","coordinates":[14.3435687,51.7575422]},"properties":{"id":"bikerack:73a9a7a0-8c24-4490-8478-b367dc81c7a7","kind":"bikerack","longitude":14.3435687,"latitude":51.7575422,"name":"Fahrradabstellplatz","city":"Cottbus","address":null,"covered":false,"access":null,"website":null,"phone":null,"source":"OpenStreetMap/node/9511172961","sourceUpdatedAt":null,"verifiedAt":null}},{"type":"Feature","geometry":{"type":"Point","coordinates":[14.3545604,51.7654197]},"properties":{"id":"bikerack:741a5ac4-4eef-4940-bd3c-18c4f3a38625","kind":"bikerack","longitude":14.3545604,"latitude":51.7654197,"name":"Fahrradabstellplatz","city":"Cottbus","address":null,"covered":false,"access":null,"website":null,"phone":null,"source":"OpenStreetMap/node/12253636255","sourceUpdatedAt":null,"verifiedAt":null}},{"type":"Feature","geometry":{"type":"Point","coordinates":[14.3489459,51.7546768]},"properties":{"id":"bikerack:748b06f9-a189-4a00-814b-10e8d93a1c33","kind":"bikerack","longitude":14.3489459,"latitude":51.7546768,"name":"Fahrradabstellplatz","city":"Cottbus","address":null,"covered":false,"access":null,"website":null,"phone":null,"source":"OpenStreetMap/node/8088939690","sourceUpdatedAt":null,"verifiedAt":null}},{"type":"Feature","geometry":{"type":"Point","coordinates":[14.3347433,51.7667024]},"properties":{"id":"bikerack:749079ce-a6ef-469e-8614-f000cc56aa6c","kind":"bikerack","longitude":14.3347433,"latitude":51.7667024,"name":"Fahrradabstellplatz","city":"Cottbus","address":null,"covered":false,"access":null,"website":null,"phone":null,"source":"OpenStreetMap/node/11291587718","sourceUpdatedAt":null,"verifiedAt":null}},{"type":"Feature","geometry":{"type":"Point","coordinates":[14.344252,51.7615343]},"properties":{"id":"bikerack:75444d72-2b66-4c88-ab23-46e44c845b11","kind":"bikerack","longitude":14.344252,"latitude":51.7615343,"name":"Fahrradabstellplatz","city":"Cottbus","address":null,"covered":false,"access":null,"website":null,"phone":null,"source":"OpenStreetMap/node/8000655509","sourceUpdatedAt":null,"verifiedAt":null}},{"type":"Feature","geometry":{"type":"Point","coordinates":[14.3314531,51.7690473]},"properties":{"id":"bikerack:76df13eb-c1ba-4b65-9f5a-7e6f3a22a1a7","kind":"bikerack","longitude":14.3314531,"latitude":51.7690473,"name":"Fahrradabstellplatz","city":"Cottbus","address":null,"covered":false,"access":null,"website":null,"phone":null,"source":"OpenStreetMap/way/1231926295","sourceUpdatedAt":null,"verifiedAt":null}},{"type":"Feature","geometry":{"type":"Point","coordinates":[14.3438148,51.7577521]},"properties":{"id":"bikerack:784098ef-6fc3-4cdf-b5e1-9a756ef797b2","kind":"bikerack","longitude":14.3438148,"latitude":51.7577521,"name":"Fahrradabstellplatz","city":"Cottbus","address":null,"covered":false,"access":null,"website":null,"phone":null,"source":"OpenStreetMap/node/9511172975","sourceUpdatedAt":null,"verifiedAt":null}},{"type":"Feature","geometry":{"type":"Point","coordinates":[14.3375755,51.7647292]},"properties":{"id":"bikerack:79081487-c30b-4bd8-9c23-9f08e83242ed","kind":"bikerack","longitude":14.3375755,"latitude":51.7647292,"name":"Fahrradabstellplatz","city":"Cottbus","address":null,"covered":false,"access":null,"website":null,"phone":null,"source":"OpenStreetMap/node/12353653061","sourceUpdatedAt":null,"verifiedAt":null}},{"type":"Feature","geometry":{"type":"Point","coordinates":[14.3476899,51.7631127]},"properties":{"id":"bikerack:790b93a8-344e-46c4-b9e2-c2aec7522e3f","kind":"bikerack","longitude":14.3476899,"latitude":51.7631127,"name":"Fahrradabstellplatz","city":"Cottbus","address":null,"covered":false,"access":null,"website":null,"phone":null,"source":"OpenStreetMap/node/7884031373","sourceUpdatedAt":null,"verifiedAt":null}},{"type":"Feature","geometry":{"type":"Point","coordinates":[14.350084,51.7657864]},"properties":{"id":"bikerack:79aff1a2-7c31-4a67-a0f5-6c990e5ae2c7","kind":"bikerack","longitude":14.350084,"latitude":51.7657864,"name":"Fahrradabstellplatz","city":"Cottbus","address":null,"covered":false,"access":null,"website":null,"phone":null,"source":"OpenStreetMap/node/12437027830","sourceUpdatedAt":null,"verifiedAt":null}},{"type":"Feature","geometry":{"type":"Point","coordinates":[14.330161,51.7554032]},"properties":{"id":"bikerack:79bc5a90-a713-4dbe-90b8-710099ec5393","kind":"bikerack","longitude":14.330161,"latitude":51.7554032,"name":"Fahrradabstellplatz","city":"Cottbus","address":null,"covered":false,"access":null,"website":null,"phone":null,"source":"OpenStreetMap/node/9476179478","sourceUpdatedAt":null,"verifiedAt":null}},{"type":"Feature","geometry":{"type":"Point","coordinates":[14.3490659,51.765306]},"properties":{"id":"bikerack:7aa55ec8-5e42-44f6-9373-507a4541ff22","kind":"bikerack","longitude":14.3490659,"latitude":51.765306,"name":"Fahrradabstellplatz","city":"Cottbus","address":null,"covered":false,"access":null,"website":null,"phone":null,"source":"OpenStreetMap/node/9769572078","sourceUpdatedAt":null,"verifiedAt":null}},{"type":"Feature","geometry":{"type":"Point","coordinates":[14.3413622,51.779565]},"properties":{"id":"bikerack:7ad07fec-f53f-4406-b352-e696f5a672fb","kind":"bikerack","longitude":14.3413622,"latitude":51.779565,"name":"Fahrradabstellplatz","city":"Cottbus","address":null,"covered":false,"access":null,"website":null,"phone":null,"source":"OpenStreetMap/node/13138421192","sourceUpdatedAt":null,"verifiedAt":null}},{"type":"Feature","geometry":{"type":"Point","coordinates":[14.3274501,51.7669666]},"properties":{"id":"bikerack:7b2341e3-8b9d-4a87-a93a-6b2ebe4f5b0f","kind":"bikerack","longitude":14.3274501,"latitude":51.7669666,"name":"Fahrradabstellplatz","city":"Cottbus","address":null,"covered":false,"access":null,"website":null,"phone":null,"source":"OpenStreetMap/node/1832577186","sourceUpdatedAt":null,"verifiedAt":null}},{"type":"Feature","geometry":{"type":"Point","coordinates":[14.3501455,51.7653111]},"properties":{"id":"bikerack:7d220c64-595f-468b-9c61-31870ddd1be7","kind":"bikerack","longitude":14.3501455,"latitude":51.7653111,"name":"Fahrradabstellplatz","city":"Cottbus","address":null,"covered":false,"access":null,"website":null,"phone":null,"source":"OpenStreetMap/node/12437019169","sourceUpdatedAt":null,"verifiedAt":null}},{"type":"Feature","geometry":{"type":"Point","coordinates":[14.3300766,51.7673889]},"properties":{"id":"bikerack:7d697e4a-283a-4924-9c30-446b173dbc6c","kind":"bikerack","longitude":14.3300766,"latitude":51.7673889,"name":"Fahrradabstellplatz","city":"Cottbus","address":null,"covered":false,"access":null,"website":null,"phone":null,"source":"OpenStreetMap/node/13721026097","sourceUpdatedAt":null,"verifiedAt":null}},{"type":"Feature","geometry":{"type":"Point","coordinates":[14.3469832,51.7624712]},"properties":{"id":"bikerack:7d9391e7-24b7-4f15-8f30-29e17256a107","kind":"bikerack","longitude":14.3469832,"latitude":51.7624712,"name":"Fahrradabstellplatz","city":"Cottbus","address":null,"covered":false,"access":null,"website":null,"phone":null,"source":"OpenStreetMap/node/11730280821","sourceUpdatedAt":null,"verifiedAt":null}},{"type":"Feature","geometry":{"type":"Point","coordinates":[14.3430959,51.7624807]},"properties":{"id":"bikerack:7e0e9f1f-feda-4aed-8b16-df2f72a9c4ce","kind":"bikerack","longitude":14.3430959,"latitude":51.7624807,"name":"Fahrradabstellplatz","city":"Cottbus","address":null,"covered":false,"access":null,"website":null,"phone":null,"source":"OpenStreetMap/node/9757340805","sourceUpdatedAt":null,"verifiedAt":null}},{"type":"Feature","geometry":{"type":"Point","coordinates":[14.33488,51.767255]},"properties":{"id":"bikerack:7e4d4c07-09e2-4bf3-a127-f0a841fdd71a","kind":"bikerack","longitude":14.33488,"latitude":51.767255,"name":"Fahrradabstellplatz","city":"Cottbus","address":null,"covered":false,"access":null,"website":null,"phone":null,"source":"OpenStreetMap/node/12241319593","sourceUpdatedAt":null,"verifiedAt":null}},{"type":"Feature","geometry":{"type":"Point","coordinates":[14.3442957,51.7614283]},"properties":{"id":"bikerack:7f5fb0cd-9529-4b06-b481-fb916857330d","kind":"bikerack","longitude":14.3442957,"latitude":51.7614283,"name":"Fahrradabstellplatz","city":"Cottbus","address":null,"covered":false,"access":null,"website":null,"phone":null,"source":"OpenStreetMap/node/8000655510","sourceUpdatedAt":null,"verifiedAt":null}},{"type":"Feature","geometry":{"type":"Point","coordinates":[14.3545989,51.7653097]},"properties":{"id":"bikerack:7f61b015-971d-4e38-b97f-8ccc1e2595f3","kind":"bikerack","longitude":14.3545989,"latitude":51.7653097,"name":"Fahrradabstellplatz","city":"Cottbus","address":null,"covered":false,"access":null,"website":null,"phone":null,"source":"OpenStreetMap/node/12253636254","sourceUpdatedAt":null,"verifiedAt":null}},{"type":"Feature","geometry":{"type":"Point","coordinates":[14.3581887,51.7654459]},"properties":{"id":"bikerack:7fc288bb-5e57-4983-b63b-6ec7cba0b16f","kind":"bikerack","longitude":14.3581887,"latitude":51.7654459,"name":"Fahrradabstellplatz","city":"Cottbus","address":null,"covered":false,"access":null,"website":null,"phone":null,"source":"OpenStreetMap/node/9167914774","sourceUpdatedAt":null,"verifiedAt":null}},{"type":"Feature","geometry":{"type":"Point","coordinates":[14.3549745,51.7656692]},"properties":{"id":"bikerack:80213d7a-2e79-4591-bca0-f9981173cd67","kind":"bikerack","longitude":14.3549745,"latitude":51.7656692,"name":"Fahrradabstellplatz","city":"Cottbus","address":null,"covered":false,"access":null,"website":null,"phone":null,"source":"OpenStreetMap/node/12073926897","sourceUpdatedAt":null,"verifiedAt":null}},{"type":"Feature","geometry":{"type":"Point","coordinates":[14.3355715,51.7599699]},"properties":{"id":"bikerack:8113d37b-085d-4ddf-b45a-4708722a5041","kind":"bikerack","longitude":14.3355715,"latitude":51.7599699,"name":"Fahrradabstellplatz","city":"Cottbus","address":null,"covered":false,"access":null,"website":null,"phone":null,"source":"OpenStreetMap/node/9164514892","sourceUpdatedAt":null,"verifiedAt":null}},{"type":"Feature","geometry":{"type":"Point","coordinates":[14.3356478,51.772007]},"properties":{"id":"bikerack:81a1dbd5-1487-4a4c-9cdf-dfdb9b42a8a3","kind":"bikerack","longitude":14.3356478,"latitude":51.772007,"name":"Fahrradabstellplatz","city":"Cottbus","address":null,"covered":false,"access":null,"website":null,"phone":null,"source":"OpenStreetMap/node/7833029537","sourceUpdatedAt":null,"verifiedAt":null}},{"type":"Feature","geometry":{"type":"Point","coordinates":[14.348223,51.7659953]},"properties":{"id":"bikerack:81fc59f8-c6b5-47ef-8906-b5e312a3118e","kind":"bikerack","longitude":14.348223,"latitude":51.7659953,"name":"Fahrradabstellplatz","city":"Cottbus","address":null,"covered":false,"access":null,"website":null,"phone":null,"source":"OpenStreetMap/node/9764018537","sourceUpdatedAt":null,"verifiedAt":null}},{"type":"Feature","geometry":{"type":"Point","coordinates":[14.3551307,51.7657129]},"properties":{"id":"bikerack:82174680-e95c-40fd-aa1e-63a749aac975","kind":"bikerack","longitude":14.3551307,"latitude":51.7657129,"name":"Fahrradabstellplatz","city":"Cottbus","address":null,"covered":false,"access":null,"website":null,"phone":null,"source":"OpenStreetMap/node/12073926898","sourceUpdatedAt":null,"verifiedAt":null}},{"type":"Feature","geometry":{"type":"Point","coordinates":[14.3520337,51.7669435]},"properties":{"id":"bikerack:8352046e-6b97-4aca-9f82-bfd0c6381bfd","kind":"bikerack","longitude":14.3520337,"latitude":51.7669435,"name":"Fahrradabstellplatz","city":"Cottbus","address":null,"covered":false,"access":null,"website":null,"phone":null,"source":"OpenStreetMap/node/12253637228","sourceUpdatedAt":null,"verifiedAt":null}},{"type":"Feature","geometry":{"type":"Point","coordinates":[14.3464675,51.7656405]},"properties":{"id":"bikerack:83667e0b-d9ae-4a54-902e-4a20bbfd0828","kind":"bikerack","longitude":14.3464675,"latitude":51.7656405,"name":"Fahrradabstellplatz","city":"Cottbus","address":null,"covered":false,"access":null,"website":null,"phone":null,"source":"OpenStreetMap/node/9764018632","sourceUpdatedAt":null,"verifiedAt":null}},{"type":"Feature","geometry":{"type":"Point","coordinates":[14.3467075,51.7569987]},"properties":{"id":"bikerack:836a93fb-8378-449a-8c8d-a807be174f8f","kind":"bikerack","longitude":14.3467075,"latitude":51.7569987,"name":"Fahrradabstellplatz","city":"Cottbus","address":null,"covered":false,"access":null,"website":null,"phone":null,"source":"OpenStreetMap/node/12920784240","sourceUpdatedAt":null,"verifiedAt":null}},{"type":"Feature","geometry":{"type":"Point","coordinates":[14.3277416,51.7601801]},"properties":{"id":"bikerack:8445e3de-29d3-42f6-ab18-78ccb8e093d5","kind":"bikerack","longitude":14.3277416,"latitude":51.7601801,"name":"Fahrradabstellplatz","city":"Cottbus","address":null,"covered":false,"access":null,"website":null,"phone":null,"source":"OpenStreetMap/node/9441958813","sourceUpdatedAt":null,"verifiedAt":null}},{"type":"Feature","geometry":{"type":"Point","coordinates":[14.3382046,51.7576409]},"properties":{"id":"bikerack:84e1520e-5677-450b-a815-7a70e7b65ea8","kind":"bikerack","longitude":14.3382046,"latitude":51.7576409,"name":"Fahrradabstellplatz","city":"Cottbus","address":null,"covered":true,"access":null,"website":null,"phone":null,"source":"OpenStreetMap/node/9060187177","sourceUpdatedAt":null,"verifiedAt":null}},{"type":"Feature","geometry":{"type":"Point","coordinates":[14.3363374,51.7610443]},"properties":{"id":"bikerack:881ca2fd-6f5f-47e0-9673-d7efdfbd0969","kind":"bikerack","longitude":14.3363374,"latitude":51.7610443,"name":"Fahrradabstellplatz","city":"Cottbus","address":null,"covered":false,"access":null,"website":null,"phone":null,"source":"OpenStreetMap/node/7595388877","sourceUpdatedAt":null,"verifiedAt":null}},{"type":"Feature","geometry":{"type":"Point","coordinates":[14.3314499,51.7689874]},"properties":{"id":"bikerack:887961bb-84b7-4866-a040-da4e72693872","kind":"bikerack","longitude":14.3314499,"latitude":51.7689874,"name":"Fahrradabstellplatz","city":"Cottbus","address":null,"covered":false,"access":null,"website":null,"phone":null,"source":"OpenStreetMap/way/1231926296","sourceUpdatedAt":null,"verifiedAt":null}},{"type":"Feature","geometry":{"type":"Point","coordinates":[14.3432058,51.7571658]},"properties":{"id":"bikerack:88c78a24-3254-4b3f-80db-eb581c232133","kind":"bikerack","longitude":14.3432058,"latitude":51.7571658,"name":"Fahrradabstellplatz","city":"Cottbus","address":null,"covered":true,"access":null,"website":null,"phone":null,"source":"OpenStreetMap/node/9511172890","sourceUpdatedAt":null,"verifiedAt":null}},{"type":"Feature","geometry":{"type":"Point","coordinates":[14.3288328,51.7668416]},"properties":{"id":"bikerack:897b6a77-c33e-4312-9092-040c377033b9","kind":"bikerack","longitude":14.3288328,"latitude":51.7668416,"name":"Fahrradabstellplatz","city":"Cottbus","address":null,"covered":false,"access":null,"website":null,"phone":null,"source":"OpenStreetMap/node/1406433831","sourceUpdatedAt":null,"verifiedAt":null}},{"type":"Feature","geometry":{"type":"Point","coordinates":[14.3435915,51.7568941]},"properties":{"id":"bikerack:89c2dfa9-7751-486c-8e4d-8ebd9e3f0d34","kind":"bikerack","longitude":14.3435915,"latitude":51.7568941,"name":"Fahrradabstellplatz","city":"Cottbus","address":null,"covered":false,"access":null,"website":null,"phone":null,"source":"OpenStreetMap/node/9511172881","sourceUpdatedAt":null,"verifiedAt":null}},{"type":"Feature","geometry":{"type":"Point","coordinates":[14.3507042,51.7653428]},"properties":{"id":"bikerack:8a37aab3-3ae7-4b18-a6bb-df8621f09bf6","kind":"bikerack","longitude":14.3507042,"latitude":51.7653428,"name":"Fahrradabstellplatz","city":"Cottbus","address":null,"covered":false,"access":null,"website":null,"phone":null,"source":"OpenStreetMap/node/12437038381","sourceUpdatedAt":null,"verifiedAt":null}},{"type":"Feature","geometry":{"type":"Point","coordinates":[14.3442518,51.7564765]},"properties":{"id":"bikerack:8acf4c6e-3f5e-467a-a50f-ec80cffeafac","kind":"bikerack","longitude":14.3442518,"latitude":51.7564765,"name":"Fahrradabstellplatz","city":"Cottbus","address":null,"covered":true,"access":null,"website":null,"phone":null,"source":"OpenStreetMap/node/9514704517","sourceUpdatedAt":null,"verifiedAt":null}},{"type":"Feature","geometry":{"type":"Point","coordinates":[14.3541671,51.7654185]},"properties":{"id":"bikerack:8aff6ff7-ef71-41f6-a2eb-034695a5ffd1","kind":"bikerack","longitude":14.3541671,"latitude":51.7654185,"name":"Fahrradabstellplatz","city":"Cottbus","address":null,"covered":true,"access":null,"website":null,"phone":null,"source":"OpenStreetMap/node/12253636321","sourceUpdatedAt":null,"verifiedAt":null}},{"type":"Feature","geometry":{"type":"Point","coordinates":[14.3398363,51.7557845]},"properties":{"id":"bikerack:8b8c11d7-f184-46eb-ae3c-c7156a8014a2","kind":"bikerack","longitude":14.3398363,"latitude":51.7557845,"name":"Fahrradabstellplatz","city":"Cottbus","address":null,"covered":false,"access":null,"website":null,"phone":null,"source":"OpenStreetMap/node/11764557292","sourceUpdatedAt":null,"verifiedAt":null}},{"type":"Feature","geometry":{"type":"Point","coordinates":[14.3397637,51.7636384]},"properties":{"id":"bikerack:8ba7788a-dc4b-4471-9ad0-d1fed72d79b0","kind":"bikerack","longitude":14.3397637,"latitude":51.7636384,"name":"Fahrradabstellplatz","city":"Cottbus","address":null,"covered":false,"access":null,"website":null,"phone":null,"source":"OpenStreetMap/way/1335322983","sourceUpdatedAt":null,"verifiedAt":null}},{"type":"Feature","geometry":{"type":"Point","coordinates":[14.3415785,51.7664746]},"properties":{"id":"bikerack:8bac2b8d-26d3-47aa-9d87-9c35e1d38eae","kind":"bikerack","longitude":14.3415785,"latitude":51.7664746,"name":"Fahrradabstellplatz","city":"Cottbus","address":null,"covered":false,"access":null,"website":null,"phone":null,"source":"OpenStreetMap/node/9757340692","sourceUpdatedAt":null,"verifiedAt":null}},{"type":"Feature","geometry":{"type":"Point","coordinates":[14.3500482,51.7597485]},"properties":{"id":"bikerack:8cd403a8-9d96-45b2-b531-aa3901af90be","kind":"bikerack","longitude":14.3500482,"latitude":51.7597485,"name":"Fahrradabstellplatz","city":"Cottbus","address":null,"covered":false,"access":null,"website":null,"phone":null,"source":"OpenStreetMap/node/7973603448","sourceUpdatedAt":null,"verifiedAt":null}},{"type":"Feature","geometry":{"type":"Point","coordinates":[14.341407,51.7794013]},"properties":{"id":"bikerack:8dd94412-02d8-4d99-9b57-bd9fe488e014","kind":"bikerack","longitude":14.341407,"latitude":51.7794013,"name":"Fahrradabstellplatz","city":"Cottbus","address":null,"covered":false,"access":null,"website":null,"phone":null,"source":"OpenStreetMap/node/13138426828","sourceUpdatedAt":null,"verifiedAt":null}},{"type":"Feature","geometry":{"type":"Point","coordinates":[14.3396746,51.7562775]},"properties":{"id":"bikerack:8e276b39-33f8-4eb3-bd40-0a1f876b969c","kind":"bikerack","longitude":14.3396746,"latitude":51.7562775,"name":"Fahrradabstellplatz","city":"Cottbus","address":null,"covered":true,"access":null,"website":null,"phone":null,"source":"OpenStreetMap/node/11764557503","sourceUpdatedAt":null,"verifiedAt":null}},{"type":"Feature","geometry":{"type":"Point","coordinates":[14.343878,51.763908]},"properties":{"id":"bikerack:8ef4e48a-9e21-4732-afb2-d453d9cf801e","kind":"bikerack","longitude":14.343878,"latitude":51.763908,"name":"Fahrradabstellplatz","city":"Cottbus","address":null,"covered":false,"access":null,"website":null,"phone":null,"source":"OpenStreetMap/node/12424977167","sourceUpdatedAt":null,"verifiedAt":null}},{"type":"Feature","geometry":{"type":"Point","coordinates":[14.3481948,51.7561096]},"properties":{"id":"bikerack:8f14e99d-8f64-4ab7-952e-442e39b83c4a","kind":"bikerack","longitude":14.3481948,"latitude":51.7561096,"name":"Fahrradabstellplatz","city":"Cottbus","address":null,"covered":false,"access":null,"website":null,"phone":null,"source":"OpenStreetMap/node/7677733617","sourceUpdatedAt":null,"verifiedAt":null}},{"type":"Feature","geometry":{"type":"Point","coordinates":[14.3510216,51.7653923]},"properties":{"id":"bikerack:903c35f7-ff1e-4e5a-b1e4-578e6a823caf","kind":"bikerack","longitude":14.3510216,"latitude":51.7653923,"name":"Fahrradabstellplatz","city":"Cottbus","address":null,"covered":false,"access":null,"website":null,"phone":null,"source":"OpenStreetMap/node/12436999830","sourceUpdatedAt":null,"verifiedAt":null}},{"type":"Feature","geometry":{"type":"Point","coordinates":[14.3468316,51.756978]},"properties":{"id":"bikerack:90d9e35f-acca-4ddb-b619-32ea89f72c69","kind":"bikerack","longitude":14.3468316,"latitude":51.756978,"name":"Fahrradabstellplatz","city":"Cottbus","address":null,"covered":false,"access":null,"website":null,"phone":null,"source":"OpenStreetMap/node/12920784243","sourceUpdatedAt":null,"verifiedAt":null}},{"type":"Feature","geometry":{"type":"Point","coordinates":[14.3468832,51.7659795]},"properties":{"id":"bikerack:91e776c3-3f5b-4e63-83be-73d06f54a6f4","kind":"bikerack","longitude":14.3468832,"latitude":51.7659795,"name":"Fahrradabstellplatz","city":"Cottbus","address":null,"covered":false,"access":null,"website":null,"phone":null,"source":"OpenStreetMap/node/9764018469","sourceUpdatedAt":null,"verifiedAt":null}},{"type":"Feature","geometry":{"type":"Point","coordinates":[14.3454006,51.7559199]},"properties":{"id":"bikerack:923c0ea8-d586-41a3-bf60-23c3af6ad38e","kind":"bikerack","longitude":14.3454006,"latitude":51.7559199,"name":"Fahrradabstellplatz","city":"Cottbus","address":null,"covered":false,"access":null,"website":null,"phone":null,"source":"OpenStreetMap/node/8798239120","sourceUpdatedAt":null,"verifiedAt":null}},{"type":"Feature","geometry":{"type":"Point","coordinates":[14.3484042,51.7558934]},"properties":{"id":"bikerack:95adb08a-b86f-45bb-a45d-a9d07594aad5","kind":"bikerack","longitude":14.3484042,"latitude":51.7558934,"name":"Fahrradabstellplatz","city":"Cottbus","address":null,"covered":true,"access":null,"website":null,"phone":null,"source":"OpenStreetMap/way/831298271","sourceUpdatedAt":null,"verifiedAt":null}},{"type":"Feature","geometry":{"type":"Point","coordinates":[14.3482483,51.7566074]},"properties":{"id":"bikerack:9754c4b3-d317-4bbf-8857-b918b57c9e6b","kind":"bikerack","longitude":14.3482483,"latitude":51.7566074,"name":"Fahrradabstellplatz","city":"Cottbus","address":null,"covered":false,"access":null,"website":null,"phone":null,"source":"OpenStreetMap/node/13047924524","sourceUpdatedAt":null,"verifiedAt":null}},{"type":"Feature","geometry":{"type":"Point","coordinates":[14.3513239,51.7633303]},"properties":{"id":"bikerack:984470d4-299f-4769-9715-9d557334aec7","kind":"bikerack","longitude":14.3513239,"latitude":51.7633303,"name":"Fahrradabstellplatz","city":"Cottbus","address":null,"covered":false,"access":null,"website":null,"phone":null,"source":"OpenStreetMap/node/11693842192","sourceUpdatedAt":null,"verifiedAt":null}},{"type":"Feature","geometry":{"type":"Point","coordinates":[14.3353118,51.7591259]},"properties":{"id":"bikerack:9852007c-051c-46b0-a11d-99472dea01f7","kind":"bikerack","longitude":14.3353118,"latitude":51.7591259,"name":"Fahrradabstellplatz","city":"Cottbus","address":null,"covered":false,"access":null,"website":null,"phone":null,"source":"OpenStreetMap/node/9498176223","sourceUpdatedAt":null,"verifiedAt":null}},{"type":"Feature","geometry":{"type":"Point","coordinates":[14.3470219,51.7620433]},"properties":{"id":"bikerack:993b2c83-0c68-43b9-8825-eac2eb2204d5","kind":"bikerack","longitude":14.3470219,"latitude":51.7620433,"name":"Fahrradabstellplatz","city":"Cottbus","address":null,"covered":true,"access":null,"website":null,"phone":null,"source":"OpenStreetMap/way/1262494444","sourceUpdatedAt":null,"verifiedAt":null}},{"type":"Feature","geometry":{"type":"Point","coordinates":[14.3353548,51.7589148]},"properties":{"id":"bikerack:99aa997c-553c-4299-ad8b-174f89bc29ad","kind":"bikerack","longitude":14.3353548,"latitude":51.7589148,"name":"Fahrradabstellplatz","city":"Cottbus","address":null,"covered":false,"access":null,"website":null,"phone":null,"source":"OpenStreetMap/node/11379542060","sourceUpdatedAt":null,"verifiedAt":null}},{"type":"Feature","geometry":{"type":"Point","coordinates":[14.3472007,51.7632037]},"properties":{"id":"bikerack:99ca0d14-6d84-4fb7-8997-afe42a26cc0d","kind":"bikerack","longitude":14.3472007,"latitude":51.7632037,"name":"Fahrradabstellplatz","city":"Cottbus","address":null,"covered":false,"access":null,"website":null,"phone":null,"source":"OpenStreetMap/node/11724446223","sourceUpdatedAt":null,"verifiedAt":null}},{"type":"Feature","geometry":{"type":"Point","coordinates":[14.3283324,51.7580347]},"properties":{"id":"bikerack:9b67a160-b4df-4207-b5f5-2fdeded5b3f3","kind":"bikerack","longitude":14.3283324,"latitude":51.7580347,"name":"Fahrradabstellplatz","city":"Cottbus","address":null,"covered":false,"access":null,"website":null,"phone":null,"source":"OpenStreetMap/node/9440364073","sourceUpdatedAt":null,"verifiedAt":null}},{"type":"Feature","geometry":{"type":"Point","coordinates":[14.344472,51.7610065]},"properties":{"id":"bikerack:9b857384-bfc6-40d9-b478-5af805ac87c3","kind":"bikerack","longitude":14.344472,"latitude":51.7610065,"name":"Fahrradabstellplatz","city":"Cottbus","address":null,"covered":false,"access":null,"website":null,"phone":null,"source":"OpenStreetMap/node/8000655514","sourceUpdatedAt":null,"verifiedAt":null}},{"type":"Feature","geometry":{"type":"Point","coordinates":[14.3502602,51.7657956]},"properties":{"id":"bikerack:9ccbdee4-7533-4f06-a0b6-cfe12d9b536b","kind":"bikerack","longitude":14.3502602,"latitude":51.7657956,"name":"Fahrradabstellplatz","city":"Cottbus","address":null,"covered":false,"access":null,"website":null,"phone":null,"source":"OpenStreetMap/node/12437010030","sourceUpdatedAt":null,"verifiedAt":null}},{"type":"Feature","geometry":{"type":"Point","coordinates":[14.3459351,51.7602366]},"properties":{"id":"bikerack:9e171472-b8a4-4f6a-b35d-f2aa8bba8047","kind":"bikerack","longitude":14.3459351,"latitude":51.7602366,"name":"Fahrradabstellplatz","city":"Cottbus","address":null,"covered":false,"access":null,"website":null,"phone":null,"source":"OpenStreetMap/node/8000655985","sourceUpdatedAt":null,"verifiedAt":null}},{"type":"Feature","geometry":{"type":"Point","coordinates":[14.3557271,51.7657364]},"properties":{"id":"bikerack:9e985cc9-e0f1-4f0e-9327-b01ce2b6f766","kind":"bikerack","longitude":14.3557271,"latitude":51.7657364,"name":"Fahrradabstellplatz","city":"Cottbus","address":null,"covered":false,"access":null,"website":null,"phone":null,"source":"OpenStreetMap/node/12073926443","sourceUpdatedAt":null,"verifiedAt":null}},{"type":"Feature","geometry":{"type":"Point","coordinates":[14.3283107,51.7625148]},"properties":{"id":"bikerack:9f027bbc-65ef-4c4e-9166-5b7275070259","kind":"bikerack","longitude":14.3283107,"latitude":51.7625148,"name":"Fahrradabstellplatz","city":"Cottbus","address":null,"covered":false,"access":null,"website":null,"phone":null,"source":"OpenStreetMap/node/9442817078","sourceUpdatedAt":null,"verifiedAt":null}},{"type":"Feature","geometry":{"type":"Point","coordinates":[14.3438695,51.7640147]},"properties":{"id":"bikerack:a073fc45-a95d-46f7-ac90-b0daa55ed64f","kind":"bikerack","longitude":14.3438695,"latitude":51.7640147,"name":"Fahrradabstellplatz","city":"Cottbus","address":null,"covered":false,"access":null,"website":null,"phone":null,"source":"OpenStreetMap/node/12424950397","sourceUpdatedAt":null,"verifiedAt":null}},{"type":"Feature","geometry":{"type":"Point","coordinates":[14.3289332,51.7552782]},"properties":{"id":"bikerack:a08b731f-56a4-4177-820d-590c45f01291","kind":"bikerack","longitude":14.3289332,"latitude":51.7552782,"name":"Fahrradabstellplatz","city":"Cottbus","address":null,"covered":false,"access":null,"website":null,"phone":null,"source":"OpenStreetMap/node/9468830934","sourceUpdatedAt":null,"verifiedAt":null}},{"type":"Feature","geometry":{"type":"Point","coordinates":[14.3470019,51.7649956]},"properties":{"id":"bikerack:a0f2f97a-b550-4732-94f9-5e69b4cfe97d","kind":"bikerack","longitude":14.3470019,"latitude":51.7649956,"name":"Fahrradabstellplatz","city":"Cottbus","address":null,"covered":false,"access":null,"website":null,"phone":null,"source":"OpenStreetMap/node/9764018666","sourceUpdatedAt":null,"verifiedAt":null}},{"type":"Feature","geometry":{"type":"Point","coordinates":[14.327163,51.7618556]},"properties":{"id":"bikerack:a1d806b2-97b3-4b4a-b48a-babe33872073","kind":"bikerack","longitude":14.327163,"latitude":51.7618556,"name":"Fahrradabstellplatz","city":"Cottbus","address":null,"covered":false,"access":null,"website":null,"phone":null,"source":"OpenStreetMap/node/9447416361","sourceUpdatedAt":null,"verifiedAt":null}},{"type":"Feature","geometry":{"type":"Point","coordinates":[14.3390937,51.7556196]},"properties":{"id":"bikerack:a28205c2-f4f6-4399-8cca-d443164968af","kind":"bikerack","longitude":14.3390937,"latitude":51.7556196,"name":"Fahrradabstellplatz","city":"Cottbus","address":null,"covered":false,"access":null,"website":null,"phone":null,"source":"OpenStreetMap/node/11764557382","sourceUpdatedAt":null,"verifiedAt":null}},{"type":"Feature","geometry":{"type":"Point","coordinates":[14.3413113,51.7796861]},"properties":{"id":"bikerack:a2ce847d-55ff-479d-a893-3763ef7bb3c2","kind":"bikerack","longitude":14.3413113,"latitude":51.7796861,"name":"Fahrradabstellplatz","city":"Cottbus","address":null,"covered":false,"access":null,"website":null,"phone":null,"source":"OpenStreetMap/node/13138437695","sourceUpdatedAt":null,"verifiedAt":null}},{"type":"Feature","geometry":{"type":"Point","coordinates":[14.3491034,51.7650479]},"properties":{"id":"bikerack:a2fd7f2f-927a-4ac3-9f95-530c1c41db09","kind":"bikerack","longitude":14.3491034,"latitude":51.7650479,"name":"Fahrradabstellplatz","city":"Cottbus","address":null,"covered":false,"access":null,"website":null,"phone":null,"source":"OpenStreetMap/node/9769572077","sourceUpdatedAt":null,"verifiedAt":null}},{"type":"Feature","geometry":{"type":"Point","coordinates":[14.3450412,51.7576134]},"properties":{"id":"bikerack:a30d9c9f-187f-40ce-8d6d-086025c60618","kind":"bikerack","longitude":14.3450412,"latitude":51.7576134,"name":"Fahrradabstellplatz","city":"Cottbus","address":null,"covered":false,"access":null,"website":null,"phone":null,"source":"OpenStreetMap/node/9511172271","sourceUpdatedAt":null,"verifiedAt":null}},{"type":"Feature","geometry":{"type":"Point","coordinates":[14.3516372,51.766048]},"properties":{"id":"bikerack:a405146a-a0ef-43ed-98d9-e025c3eb47fb","kind":"bikerack","longitude":14.3516372,"latitude":51.766048,"name":"Fahrradabstellplatz","city":"Cottbus","address":null,"covered":false,"access":null,"website":null,"phone":null,"source":"OpenStreetMap/way/927748470","sourceUpdatedAt":null,"verifiedAt":null}},{"type":"Feature","geometry":{"type":"Point","coordinates":[14.3483571,51.7660659]},"properties":{"id":"bikerack:a4149326-b1da-4606-90c7-268d5f3efa8a","kind":"bikerack","longitude":14.3483571,"latitude":51.7660659,"name":"Fahrradabstellplatz","city":"Cottbus","address":null,"covered":false,"access":null,"website":null,"phone":null,"source":"OpenStreetMap/node/9764018531","sourceUpdatedAt":null,"verifiedAt":null}},{"type":"Feature","geometry":{"type":"Point","coordinates":[14.3499926,51.7597302]},"properties":{"id":"bikerack:a55f48a7-b8ae-426a-b2b8-7124c1937b11","kind":"bikerack","longitude":14.3499926,"latitude":51.7597302,"name":"Fahrradabstellplatz","city":"Cottbus","address":null,"covered":false,"access":null,"website":null,"phone":null,"source":"OpenStreetMap/node/7973603449","sourceUpdatedAt":null,"verifiedAt":null}},{"type":"Feature","geometry":{"type":"Point","coordinates":[14.3441604,51.7546832]},"properties":{"id":"bikerack:a61a2d77-08e6-4fc7-bee4-ba3617724911","kind":"bikerack","longitude":14.3441604,"latitude":51.7546832,"name":"Fahrradabstellplatz","city":"Cottbus","address":null,"covered":false,"access":null,"website":null,"phone":null,"source":"OpenStreetMap/node/7526644940","sourceUpdatedAt":null,"verifiedAt":null}},{"type":"Feature","geometry":{"type":"Point","coordinates":[14.3294718,51.7705486]},"properties":{"id":"bikerack:a6b84ee0-f132-4ea4-bdf9-37c99695c7ac","kind":"bikerack","longitude":14.3294718,"latitude":51.7705486,"name":"Fahrradabstellplatz","city":"Cottbus","address":null,"covered":false,"access":null,"website":null,"phone":null,"source":"OpenStreetMap/node/9439226054","sourceUpdatedAt":null,"verifiedAt":null}},{"type":"Feature","geometry":{"type":"Point","coordinates":[14.33153,51.7588675]},"properties":{"id":"bikerack:a729cc66-8beb-4eac-b6f9-7b438d39c764","kind":"bikerack","longitude":14.33153,"latitude":51.7588675,"name":"Fahrradabstellplatz","city":"Cottbus","address":null,"covered":false,"access":null,"website":null,"phone":null,"source":"OpenStreetMap/node/3911497058","sourceUpdatedAt":null,"verifiedAt":null}},{"type":"Feature","geometry":{"type":"Point","coordinates":[14.3425032,51.7630166]},"properties":{"id":"bikerack:a895599e-178c-40d1-9c7a-606272dd89c9","kind":"bikerack","longitude":14.3425032,"latitude":51.7630166,"name":"Fahrradabstellplatz","city":"Cottbus","address":null,"covered":false,"access":null,"website":null,"phone":null,"source":"OpenStreetMap/node/9757313811","sourceUpdatedAt":null,"verifiedAt":null}},{"type":"Feature","geometry":{"type":"Point","coordinates":[14.3383703,51.7583303]},"properties":{"id":"bikerack:a8de50de-a4b4-4f6f-8939-5022f6f7d643","kind":"bikerack","longitude":14.3383703,"latitude":51.7583303,"name":"Fahrradabstellplatz","city":"Cottbus","address":null,"covered":true,"access":null,"website":null,"phone":null,"source":"OpenStreetMap/way/972862004","sourceUpdatedAt":null,"verifiedAt":null}},{"type":"Feature","geometry":{"type":"Point","coordinates":[14.3438472,51.7642299]},"properties":{"id":"bikerack:a9d3f6f9-8d37-414e-aa69-0ba727d807f3","kind":"bikerack","longitude":14.3438472,"latitude":51.7642299,"name":"Fahrradabstellplatz","city":"Cottbus","address":null,"covered":false,"access":null,"website":null,"phone":null,"source":"OpenStreetMap/node/12424937797","sourceUpdatedAt":null,"verifiedAt":null}},{"type":"Feature","geometry":{"type":"Point","coordinates":[14.3518126,51.7659168]},"properties":{"id":"bikerack:a9fbbf15-b5e3-4101-a6b1-650f33bf1a18","kind":"bikerack","longitude":14.3518126,"latitude":51.7659168,"name":"Fahrradabstellplatz","city":"Cottbus","address":null,"covered":false,"access":null,"website":null,"phone":null,"source":"OpenStreetMap/way/1324197622","sourceUpdatedAt":null,"verifiedAt":null}},{"type":"Feature","geometry":{"type":"Point","coordinates":[14.3513231,51.7632233]},"properties":{"id":"bikerack:aa571b50-9f44-45c8-890e-444bf7ccf13f","kind":"bikerack","longitude":14.3513231,"latitude":51.7632233,"name":"Fahrradabstellplatz","city":"Cottbus","address":null,"covered":false,"access":null,"website":null,"phone":null,"source":"OpenStreetMap/node/11693842191","sourceUpdatedAt":null,"verifiedAt":null}},{"type":"Feature","geometry":{"type":"Point","coordinates":[14.3270071,51.7668624]},"properties":{"id":"bikerack:aa5d093e-7029-4ef2-a18a-bf53cd7b5502","kind":"bikerack","longitude":14.3270071,"latitude":51.7668624,"name":"Fahrradabstellplatz","city":"Cottbus","address":null,"covered":false,"access":null,"website":null,"phone":null,"source":"OpenStreetMap/node/1641370558","sourceUpdatedAt":null,"verifiedAt":null}},{"type":"Feature","geometry":{"type":"Point","coordinates":[14.3439997,51.7621233]},"properties":{"id":"bikerack:aae9f759-28ed-49be-aeab-a73bf36cfd46","kind":"bikerack","longitude":14.3439997,"latitude":51.7621233,"name":"Fahrradabstellplatz","city":"Cottbus","address":null,"covered":false,"access":null,"website":null,"phone":null,"source":"OpenStreetMap/node/8000655504","sourceUpdatedAt":null,"verifiedAt":null}},{"type":"Feature","geometry":{"type":"Point","coordinates":[14.3284683,51.7599629]},"properties":{"id":"bikerack:ab4f0168-5b1f-4ce0-ac50-ae7c7961f1df","kind":"bikerack","longitude":14.3284683,"latitude":51.7599629,"name":"Fahrradabstellplatz","city":"Cottbus","address":null,"covered":false,"access":null,"website":null,"phone":null,"source":"OpenStreetMap/node/7596236129","sourceUpdatedAt":null,"verifiedAt":null}},{"type":"Feature","geometry":{"type":"Point","coordinates":[14.3297109,51.7574512]},"properties":{"id":"bikerack:abb2f644-e5e1-492a-8de1-abd340b6245c","kind":"bikerack","longitude":14.3297109,"latitude":51.7574512,"name":"Fahrradabstellplatz","city":"Cottbus","address":null,"covered":false,"access":null,"website":null,"phone":null,"source":"OpenStreetMap/node/5206902814","sourceUpdatedAt":null,"verifiedAt":null}},{"type":"Feature","geometry":{"type":"Point","coordinates":[14.3278355,51.757823]},"properties":{"id":"bikerack:abd4fd28-c7a8-449f-8404-10dbb4b31f9f","kind":"bikerack","longitude":14.3278355,"latitude":51.757823,"name":"Fahrradabstellplatz","city":"Cottbus","address":null,"covered":false,"access":null,"website":null,"phone":null,"source":"OpenStreetMap/node/8048043832","sourceUpdatedAt":null,"verifiedAt":null}},{"type":"Feature","geometry":{"type":"Point","coordinates":[14.3460657,51.7647005]},"properties":{"id":"bikerack:ac838637-7632-4f20-b6d3-7add5d0a3471","kind":"bikerack","longitude":14.3460657,"latitude":51.7647005,"name":"Fahrradabstellplatz","city":"Cottbus","address":null,"covered":true,"access":null,"website":null,"phone":null,"source":"OpenStreetMap/way/788303400","sourceUpdatedAt":null,"verifiedAt":null}},{"type":"Feature","geometry":{"type":"Point","coordinates":[14.3356982,51.7671977]},"properties":{"id":"bikerack:ad435ed4-9ff8-40ba-9377-63f8ccd7b12c","kind":"bikerack","longitude":14.3356982,"latitude":51.7671977,"name":"Fahrradabstellplatz","city":"Cottbus","address":null,"covered":false,"access":null,"website":null,"phone":null,"source":"OpenStreetMap/node/11486992915","sourceUpdatedAt":null,"verifiedAt":null}},{"type":"Feature","geometry":{"type":"Point","coordinates":[14.3442092,51.759758]},"properties":{"id":"bikerack:ad6a7e36-9e13-4be9-bb96-107b92c02b6a","kind":"bikerack","longitude":14.3442092,"latitude":51.759758,"name":"Fahrradabstellplatz","city":"Cottbus","address":null,"covered":false,"access":null,"website":null,"phone":null,"source":"OpenStreetMap/node/12954252098","sourceUpdatedAt":null,"verifiedAt":null}},{"type":"Feature","geometry":{"type":"Point","coordinates":[14.3513205,51.7626095]},"properties":{"id":"bikerack:ad744afa-ebad-4762-b7d0-f57fe16d99de","kind":"bikerack","longitude":14.3513205,"latitude":51.7626095,"name":"Fahrradabstellplatz","city":"Cottbus","address":null,"covered":false,"access":null,"website":null,"phone":null,"source":"OpenStreetMap/node/11733927654","sourceUpdatedAt":null,"verifiedAt":null}},{"type":"Feature","geometry":{"type":"Point","coordinates":[14.3290925,51.7710344]},"properties":{"id":"bikerack:ae1bdcbc-d981-4897-8034-327ce4e573fa","kind":"bikerack","longitude":14.3290925,"latitude":51.7710344,"name":"Fahrradabstellplatz","city":"Cottbus","address":null,"covered":false,"access":null,"website":null,"phone":null,"source":"OpenStreetMap/node/9439226060","sourceUpdatedAt":null,"verifiedAt":null}},{"type":"Feature","geometry":{"type":"Point","coordinates":[14.327362,51.7678651]},"properties":{"id":"bikerack:ae3cdb21-c45a-4438-9589-d6477c7ba631","kind":"bikerack","longitude":14.327362,"latitude":51.7678651,"name":"Fahrradabstellplatz","city":"Cottbus","address":null,"covered":false,"access":null,"website":null,"phone":null,"source":"OpenStreetMap/node/1406566700","sourceUpdatedAt":null,"verifiedAt":null}},{"type":"Feature","geometry":{"type":"Point","coordinates":[14.3461557,51.76031]},"properties":{"id":"bikerack:af11094c-965d-42fa-9cb3-be4cd3562a55","kind":"bikerack","longitude":14.3461557,"latitude":51.76031,"name":"Fahrradabstellplatz","city":"Cottbus","address":null,"covered":false,"access":null,"website":null,"phone":null,"source":"OpenStreetMap/node/8000655984","sourceUpdatedAt":null,"verifiedAt":null}},{"type":"Feature","geometry":{"type":"Point","coordinates":[14.3469825,51.756941]},"properties":{"id":"bikerack:af5324e9-4a41-4f5d-8996-4e2c53433eea","kind":"bikerack","longitude":14.3469825,"latitude":51.756941,"name":"Fahrradabstellplatz","city":"Cottbus","address":null,"covered":false,"access":null,"website":null,"phone":null,"source":"OpenStreetMap/node/11969114236","sourceUpdatedAt":null,"verifiedAt":null}},{"type":"Feature","geometry":{"type":"Point","coordinates":[14.3411787,51.7793571]},"properties":{"id":"bikerack:af5a6a3f-5cb4-4519-8621-e0c40a4b8511","kind":"bikerack","longitude":14.3411787,"latitude":51.7793571,"name":"Fahrradabstellplatz","city":"Cottbus","address":null,"covered":false,"access":null,"website":null,"phone":null,"source":"OpenStreetMap/node/13138421191","sourceUpdatedAt":null,"verifiedAt":null}},{"type":"Feature","geometry":{"type":"Point","coordinates":[14.3356789,51.7676836]},"properties":{"id":"bikerack:af7a410b-26d7-46c5-b332-3324c0e138a1","kind":"bikerack","longitude":14.3356789,"latitude":51.7676836,"name":"Fahrradabstellplatz","city":"Cottbus","address":null,"covered":false,"access":null,"website":null,"phone":null,"source":"OpenStreetMap/node/12241320027","sourceUpdatedAt":null,"verifiedAt":null}},{"type":"Feature","geometry":{"type":"Point","coordinates":[14.3420988,51.7627869]},"properties":{"id":"bikerack:afe06766-fffa-4f85-8c14-deff5f68439a","kind":"bikerack","longitude":14.3420988,"latitude":51.7627869,"name":"Fahrradabstellplatz","city":"Cottbus","address":null,"covered":false,"access":null,"website":null,"phone":null,"source":"OpenStreetMap/node/13185729155","sourceUpdatedAt":null,"verifiedAt":null}},{"type":"Feature","geometry":{"type":"Point","coordinates":[14.3270333,51.7620254]},"properties":{"id":"bikerack:b0791495-b9f0-4315-83f0-4737928455fc","kind":"bikerack","longitude":14.3270333,"latitude":51.7620254,"name":"Fahrradabstellplatz","city":"Cottbus","address":null,"covered":false,"access":null,"website":null,"phone":null,"source":"OpenStreetMap/node/12546469298","sourceUpdatedAt":null,"verifiedAt":null}},{"type":"Feature","geometry":{"type":"Point","coordinates":[14.3391986,51.7611825]},"properties":{"id":"bikerack:b0835537-027c-4aed-b1f0-f50325f09491","kind":"bikerack","longitude":14.3391986,"latitude":51.7611825,"name":"Fahrradabstellplatz","city":"Cottbus","address":null,"covered":false,"access":null,"website":null,"phone":null,"source":"OpenStreetMap/node/7522781533","sourceUpdatedAt":null,"verifiedAt":null}},{"type":"Feature","geometry":{"type":"Point","coordinates":[14.3306763,51.7589592]},"properties":{"id":"bikerack:b08ce41d-9188-4394-84ff-8b79b3227dcb","kind":"bikerack","longitude":14.3306763,"latitude":51.7589592,"name":"Fahrradabstellplatz","city":"Cottbus","address":null,"covered":false,"access":null,"website":null,"phone":null,"source":"OpenStreetMap/node/9334162699","sourceUpdatedAt":null,"verifiedAt":null}},{"type":"Feature","geometry":{"type":"Point","coordinates":[14.3278147,51.7715754]},"properties":{"id":"bikerack:b0acd184-9b7f-4d51-85aa-6614239fa8ee","kind":"bikerack","longitude":14.3278147,"latitude":51.7715754,"name":"Fahrradabstellplatz","city":"Cottbus","address":null,"covered":false,"access":null,"website":null,"phone":null,"source":"OpenStreetMap/way/1024326725","sourceUpdatedAt":null,"verifiedAt":null}},{"type":"Feature","geometry":{"type":"Point","coordinates":[14.3461858,51.7599772]},"properties":{"id":"bikerack:b0c2b0dc-f7b4-4451-b4e1-2a700d632b34","kind":"bikerack","longitude":14.3461858,"latitude":51.7599772,"name":"Fahrradabstellplatz","city":"Cottbus","address":null,"covered":false,"access":null,"website":null,"phone":null,"source":"OpenStreetMap/node/8000656724","sourceUpdatedAt":null,"verifiedAt":null}},{"type":"Feature","geometry":{"type":"Point","coordinates":[14.3468209,51.7568833]},"properties":{"id":"bikerack:b10f94b1-fb53-4fea-8d20-a488331e4545","kind":"bikerack","longitude":14.3468209,"latitude":51.7568833,"name":"Fahrradabstellplatz","city":"Cottbus","address":null,"covered":false,"access":null,"website":null,"phone":null,"source":"OpenStreetMap/node/12920784244","sourceUpdatedAt":null,"verifiedAt":null}},{"type":"Feature","geometry":{"type":"Point","coordinates":[14.327552,51.7678314]},"properties":{"id":"bikerack:b235d909-da3a-4d9a-b63c-8197e851bea7","kind":"bikerack","longitude":14.327552,"latitude":51.7678314,"name":"Fahrradabstellplatz","city":"Cottbus","address":null,"covered":false,"access":null,"website":null,"phone":null,"source":"OpenStreetMap/node/11544740911","sourceUpdatedAt":null,"verifiedAt":null}},{"type":"Feature","geometry":{"type":"Point","coordinates":[14.3473071,51.7585454]},"properties":{"id":"bikerack:b23f5c24-12e8-412e-bff4-a13acd956774","kind":"bikerack","longitude":14.3473071,"latitude":51.7585454,"name":"Fahrradabstellplatz","city":"Cottbus","address":null,"covered":false,"access":null,"website":null,"phone":null,"source":"OpenStreetMap/node/7676390828","sourceUpdatedAt":null,"verifiedAt":null}},{"type":"Feature","geometry":{"type":"Point","coordinates":[14.3427251,51.7659268]},"properties":{"id":"bikerack:b2653b91-3e22-4ebe-9d33-7744a42ccc41","kind":"bikerack","longitude":14.3427251,"latitude":51.7659268,"name":"Fahrradabstellplatz","city":"Cottbus","address":null,"covered":false,"access":null,"website":null,"phone":null,"source":"OpenStreetMap/node/9757340572","sourceUpdatedAt":null,"verifiedAt":null}},{"type":"Feature","geometry":{"type":"Point","coordinates":[14.3496247,51.7652835]},"properties":{"id":"bikerack:b26d3c69-0acd-48ec-865c-8b19c5dc768d","kind":"bikerack","longitude":14.3496247,"latitude":51.7652835,"name":"Fahrradabstellplatz","city":"Cottbus","address":null,"covered":false,"access":null,"website":null,"phone":null,"source":"OpenStreetMap/node/12437023453","sourceUpdatedAt":null,"verifiedAt":null}},{"type":"Feature","geometry":{"type":"Point","coordinates":[14.3463716,51.7603843]},"properties":{"id":"bikerack:b2a520bb-0abc-410c-896e-db004eb36c37","kind":"bikerack","longitude":14.3463716,"latitude":51.7603843,"name":"Fahrradabstellplatz","city":"Cottbus","address":null,"covered":false,"access":null,"website":null,"phone":null,"source":"OpenStreetMap/node/8000655983","sourceUpdatedAt":null,"verifiedAt":null}},{"type":"Feature","geometry":{"type":"Point","coordinates":[14.3372898,51.7616438]},"properties":{"id":"bikerack:b3b24f34-17b3-4891-a414-0046e78a066a","kind":"bikerack","longitude":14.3372898,"latitude":51.7616438,"name":"Fahrradabstellplatz","city":"Cottbus","address":null,"covered":false,"access":null,"website":null,"phone":null,"source":"OpenStreetMap/node/1424958134","sourceUpdatedAt":null,"verifiedAt":null}},{"type":"Feature","geometry":{"type":"Point","coordinates":[14.3479685,51.7615385]},"properties":{"id":"bikerack:b3ce6ab0-8db3-4cfc-93ac-c238baf57344","kind":"bikerack","longitude":14.3479685,"latitude":51.7615385,"name":"Fahrradabstellplatz","city":"Cottbus","address":null,"covered":false,"access":null,"website":null,"phone":null,"source":"OpenStreetMap/node/11730281256","sourceUpdatedAt":null,"verifiedAt":null}},{"type":"Feature","geometry":{"type":"Point","coordinates":[14.3295602,51.7617249]},"properties":{"id":"bikerack:b4035d68-2dfe-4f7a-ad88-cfa8bf638d37","kind":"bikerack","longitude":14.3295602,"latitude":51.7617249,"name":"Fahrradabstellplatz","city":"Cottbus","address":null,"covered":false,"access":null,"website":null,"phone":null,"source":"OpenStreetMap/node/1406581112","sourceUpdatedAt":null,"verifiedAt":null}},{"type":"Feature","geometry":{"type":"Point","coordinates":[14.3397171,51.7560839]},"properties":{"id":"bikerack:b4f905c7-41c6-4f22-b385-cb9429288a23","kind":"bikerack","longitude":14.3397171,"latitude":51.7560839,"name":"Fahrradabstellplatz","city":"Cottbus","address":null,"covered":true,"access":null,"website":null,"phone":null,"source":"OpenStreetMap/node/11764557291","sourceUpdatedAt":null,"verifiedAt":null}},{"type":"Feature","geometry":{"type":"Point","coordinates":[14.3393432,51.7580038]},"properties":{"id":"bikerack:b5315ca5-f7a8-45e1-8248-5e0f57a8de10","kind":"bikerack","longitude":14.3393432,"latitude":51.7580038,"name":"Fahrradabstellplatz","city":"Cottbus","address":null,"covered":true,"access":null,"website":null,"phone":null,"source":"OpenStreetMap/node/11764557235","sourceUpdatedAt":null,"verifiedAt":null}},{"type":"Feature","geometry":{"type":"Point","coordinates":[14.3274612,51.7610473]},"properties":{"id":"bikerack:b5c94b7f-d0aa-498a-b1d0-46fa2e13a3bf","kind":"bikerack","longitude":14.3274612,"latitude":51.7610473,"name":"Fahrradabstellplatz","city":"Cottbus","address":null,"covered":false,"access":null,"website":null,"phone":null,"source":"OpenStreetMap/node/8048045003","sourceUpdatedAt":null,"verifiedAt":null}},{"type":"Feature","geometry":{"type":"Point","coordinates":[14.3263624,51.7721633]},"properties":{"id":"bikerack:b78008b1-9970-489c-8506-b16ae18bfd3c","kind":"bikerack","longitude":14.3263624,"latitude":51.7721633,"name":"Fahrradabstellplatz","city":"Cottbus","address":null,"covered":true,"access":null,"website":null,"phone":null,"source":"OpenStreetMap/node/12474545427","sourceUpdatedAt":null,"verifiedAt":null}},{"type":"Feature","geometry":{"type":"Point","coordinates":[14.3491906,51.7642461]},"properties":{"id":"bikerack:b7809413-f259-44a2-9b09-c583a09c0829","kind":"bikerack","longitude":14.3491906,"latitude":51.7642461,"name":"Fahrradabstellplatz","city":"Cottbus","address":null,"covered":false,"access":null,"website":null,"phone":null,"source":"OpenStreetMap/node/9769572074","sourceUpdatedAt":null,"verifiedAt":null}},{"type":"Feature","geometry":{"type":"Point","coordinates":[14.3525471,51.7661424]},"properties":{"id":"bikerack:b7dab490-446c-45f1-815b-2d30a5d66b37","kind":"bikerack","longitude":14.3525471,"latitude":51.7661424,"name":"Fahrradabstellplatz","city":"Cottbus","address":null,"covered":false,"access":null,"website":null,"phone":null,"source":"OpenStreetMap/way/1324197726","sourceUpdatedAt":null,"verifiedAt":null}},{"type":"Feature","geometry":{"type":"Point","coordinates":[14.3356414,51.7722544]},"properties":{"id":"bikerack:b863b2ad-0741-4091-8e8e-3d0f230801bc","kind":"bikerack","longitude":14.3356414,"latitude":51.7722544,"name":"Fahrradabstellplatz","city":"Cottbus","address":null,"covered":false,"access":null,"website":null,"phone":null,"source":"OpenStreetMap/node/8899054166","sourceUpdatedAt":null,"verifiedAt":null}},{"type":"Feature","geometry":{"type":"Point","coordinates":[14.3378438,51.7646162]},"properties":{"id":"bikerack:b889a37e-fbae-465b-b20f-8f2e6bca54c0","kind":"bikerack","longitude":14.3378438,"latitude":51.7646162,"name":"Fahrradabstellplatz","city":"Cottbus","address":null,"covered":false,"access":null,"website":null,"phone":null,"source":"OpenStreetMap/node/12353653062","sourceUpdatedAt":null,"verifiedAt":null}},{"type":"Feature","geometry":{"type":"Point","coordinates":[14.3526692,51.7625769]},"properties":{"id":"bikerack:b8dab081-09a8-42ff-8dc7-802364d4d4b4","kind":"bikerack","longitude":14.3526692,"latitude":51.7625769,"name":"Fahrradabstellplatz","city":"Cottbus","address":null,"covered":false,"access":null,"website":null,"phone":null,"source":"OpenStreetMap/node/13645260009","sourceUpdatedAt":null,"verifiedAt":null}},{"type":"Feature","geometry":{"type":"Point","coordinates":[14.344562,51.7607969]},"properties":{"id":"bikerack:b9fd239d-aceb-4586-9b9e-6392d6612956","kind":"bikerack","longitude":14.344562,"latitude":51.7607969,"name":"Fahrradabstellplatz","city":"Cottbus","address":null,"covered":false,"access":null,"website":null,"phone":null,"source":"OpenStreetMap/node/8000655516","sourceUpdatedAt":null,"verifiedAt":null}},{"type":"Feature","geometry":{"type":"Point","coordinates":[14.349145,51.7645034]},"properties":{"id":"bikerack:ba1a3ed7-0a91-4374-abd8-363fa2b6b3a1","kind":"bikerack","longitude":14.349145,"latitude":51.7645034,"name":"Fahrradabstellplatz","city":"Cottbus","address":null,"covered":false,"access":null,"website":null,"phone":null,"source":"OpenStreetMap/node/9769572075","sourceUpdatedAt":null,"verifiedAt":null}},{"type":"Feature","geometry":{"type":"Point","coordinates":[14.3482696,51.7565725]},"properties":{"id":"bikerack:ba63d2c3-d4d5-4ea4-a5bb-fe3e7a669ab0","kind":"bikerack","longitude":14.3482696,"latitude":51.7565725,"name":"Fahrradabstellplatz","city":"Cottbus","address":null,"covered":false,"access":null,"website":null,"phone":null,"source":"OpenStreetMap/node/13047924525","sourceUpdatedAt":null,"verifiedAt":null}},{"type":"Feature","geometry":{"type":"Point","coordinates":[14.331458,51.769104]},"properties":{"id":"bikerack:ba701e94-2d12-450e-83b6-1c7ec646185e","kind":"bikerack","longitude":14.331458,"latitude":51.769104,"name":"Fahrradabstellplatz","city":"Cottbus","address":null,"covered":false,"access":null,"website":null,"phone":null,"source":"OpenStreetMap/way/1231926294","sourceUpdatedAt":null,"verifiedAt":null}},{"type":"Feature","geometry":{"type":"Point","coordinates":[14.3483516,51.755895]},"properties":{"id":"bikerack:baec06c8-f0cd-4ec4-a350-022e3c8a89f9","kind":"bikerack","longitude":14.3483516,"latitude":51.755895,"name":"Fahrradabstellplatz","city":"Cottbus","address":null,"covered":true,"access":null,"website":null,"phone":null,"source":"OpenStreetMap/way/799140204","sourceUpdatedAt":null,"verifiedAt":null}},{"type":"Feature","geometry":{"type":"Point","coordinates":[14.3409803,51.7662032]},"properties":{"id":"bikerack:bb4bcc96-9ad3-497b-946b-e1cc58c8a35f","kind":"bikerack","longitude":14.3409803,"latitude":51.7662032,"name":"Fahrradabstellplatz","city":"Cottbus","address":null,"covered":false,"access":null,"website":null,"phone":null,"source":"OpenStreetMap/node/9757340683","sourceUpdatedAt":null,"verifiedAt":null}},{"type":"Feature","geometry":{"type":"Point","coordinates":[14.3391555,51.7578206]},"properties":{"id":"bikerack:bbacbe59-a927-4ff4-9620-6d7d9311541b","kind":"bikerack","longitude":14.3391555,"latitude":51.7578206,"name":"Fahrradabstellplatz","city":"Cottbus","address":null,"covered":false,"access":null,"website":null,"phone":null,"source":"OpenStreetMap/node/7540789368","sourceUpdatedAt":null,"verifiedAt":null}},{"type":"Feature","geometry":{"type":"Point","coordinates":[14.3662543,51.7686848]},"properties":{"id":"bikerack:bbe9385f-83d5-4303-81d5-cbf7e9ea610c","kind":"bikerack","longitude":14.3662543,"latitude":51.7686848,"name":"Fahrradabstellplatz","city":"Cottbus","address":null,"covered":true,"access":null,"website":null,"phone":null,"source":"OpenStreetMap/way/1467294139","sourceUpdatedAt":null,"verifiedAt":null}},{"type":"Feature","geometry":{"type":"Point","coordinates":[14.3438902,51.7646299]},"properties":{"id":"bikerack:beeecaec-bb6e-4fdd-8edb-69adb2124b9e","kind":"bikerack","longitude":14.3438902,"latitude":51.7646299,"name":"Fahrradabstellplatz","city":"Cottbus","address":null,"covered":false,"access":null,"website":null,"phone":null,"source":"OpenStreetMap/node/11731025305","sourceUpdatedAt":null,"verifiedAt":null}},{"type":"Feature","geometry":{"type":"Point","coordinates":[14.3432901,51.7580165]},"properties":{"id":"bikerack:bf8a2b4a-6c84-4ba3-8e9d-33910aa3feb0","kind":"bikerack","longitude":14.3432901,"latitude":51.7580165,"name":"Fahrradabstellplatz","city":"Cottbus","address":null,"covered":false,"access":null,"website":null,"phone":null,"source":"OpenStreetMap/node/9511172986","sourceUpdatedAt":null,"verifiedAt":null}},{"type":"Feature","geometry":{"type":"Point","coordinates":[14.332212,51.7606063]},"properties":{"id":"bikerack:c02769a2-1bf1-476b-95a2-de94cf7e7599","kind":"bikerack","longitude":14.332212,"latitude":51.7606063,"name":"Rathaus","city":"Cottbus","address":null,"covered":false,"access":null,"website":null,"phone":null,"source":"OpenStreetMap/node/7595510682","sourceUpdatedAt":null,"verifiedAt":null}},{"type":"Feature","geometry":{"type":"Point","coordinates":[14.3275364,51.757646]},"properties":{"id":"bikerack:c0430db2-cb4b-4ae5-8c8d-62621841c75a","kind":"bikerack","longitude":14.3275364,"latitude":51.757646,"name":"Fahrradabstellplatz","city":"Cottbus","address":null,"covered":false,"access":null,"website":null,"phone":null,"source":"OpenStreetMap/node/11994518082","sourceUpdatedAt":null,"verifiedAt":null}},{"type":"Feature","geometry":{"type":"Point","coordinates":[14.3353826,51.7590684]},"properties":{"id":"bikerack:c054653e-24cc-46d5-93b7-6e570f4abdf4","kind":"bikerack","longitude":14.3353826,"latitude":51.7590684,"name":"Fahrradabstellplatz","city":"Cottbus","address":null,"covered":false,"access":null,"website":null,"phone":null,"source":"OpenStreetMap/node/9498176221","sourceUpdatedAt":null,"verifiedAt":null}},{"type":"Feature","geometry":{"type":"Point","coordinates":[14.3515991,51.7660091]},"properties":{"id":"bikerack:c1019c8c-8dc8-4a8d-a7b2-f12d8e4fd668","kind":"bikerack","longitude":14.3515991,"latitude":51.7660091,"name":"Fahrradabstellplatz","city":"Cottbus","address":null,"covered":false,"access":null,"website":null,"phone":null,"source":"OpenStreetMap/way/927748469","sourceUpdatedAt":null,"verifiedAt":null}},{"type":"Feature","geometry":{"type":"Point","coordinates":[14.3499637,51.7625233]},"properties":{"id":"bikerack:c10a6113-e7e9-48fc-985e-56a729ab15c9","kind":"bikerack","longitude":14.3499637,"latitude":51.7625233,"name":"Fahrradabstellplatz","city":"Cottbus","address":null,"covered":false,"access":null,"website":null,"phone":null,"source":"OpenStreetMap/node/11733937676","sourceUpdatedAt":null,"verifiedAt":null}},{"type":"Feature","geometry":{"type":"Point","coordinates":[14.3504975,51.7597908]},"properties":{"id":"bikerack:c1182619-a20a-41f3-a716-423adecb3014","kind":"bikerack","longitude":14.3504975,"latitude":51.7597908,"name":"Fahrradabstellplatz","city":"Cottbus","address":null,"covered":false,"access":null,"website":null,"phone":null,"source":"OpenStreetMap/node/7973603432","sourceUpdatedAt":null,"verifiedAt":null}},{"type":"Feature","geometry":{"type":"Point","coordinates":[14.3453504,51.7646403]},"properties":{"id":"bikerack:c1a4b120-d852-4ad0-bac0-58a794e4c68c","kind":"bikerack","longitude":14.3453504,"latitude":51.7646403,"name":"Fahrradabstellplatz","city":"Cottbus","address":null,"covered":false,"access":null,"website":null,"phone":null,"source":"OpenStreetMap/node/11731027123","sourceUpdatedAt":null,"verifiedAt":null}},{"type":"Feature","geometry":{"type":"Point","coordinates":[14.3351772,51.766665]},"properties":{"id":"bikerack:c2ca9d30-5c7a-4974-8b59-98e0f69ad53e","kind":"bikerack","longitude":14.3351772,"latitude":51.766665,"name":"Fahrradabstellplatz","city":"Cottbus","address":null,"covered":false,"access":null,"website":null,"phone":null,"source":"OpenStreetMap/node/11291587720","sourceUpdatedAt":null,"verifiedAt":null}},{"type":"Feature","geometry":{"type":"Point","coordinates":[14.3297081,51.7618239]},"properties":{"id":"bikerack:c363e872-99cc-471e-9e2a-87c4e841cdea","kind":"bikerack","longitude":14.3297081,"latitude":51.7618239,"name":"Fahrradabstellplatz","city":"Cottbus","address":null,"covered":false,"access":null,"website":null,"phone":null,"source":"OpenStreetMap/node/1406581114","sourceUpdatedAt":null,"verifiedAt":null}},{"type":"Feature","geometry":{"type":"Point","coordinates":[14.3277503,51.7610555]},"properties":{"id":"bikerack:c444ad0a-1f61-4ea5-8433-5931890a24fd","kind":"bikerack","longitude":14.3277503,"latitude":51.7610555,"name":"Fahrradabstellplatz","city":"Cottbus","address":null,"covered":false,"access":null,"website":null,"phone":null,"source":"OpenStreetMap/node/9442817091","sourceUpdatedAt":null,"verifiedAt":null}},{"type":"Feature","geometry":{"type":"Point","coordinates":[14.348344,51.7632236]},"properties":{"id":"bikerack:c589648a-b03f-4350-abff-70446e833bd0","kind":"bikerack","longitude":14.348344,"latitude":51.7632236,"name":"Fahrradabstellplatz","city":"Cottbus","address":null,"covered":false,"access":null,"website":null,"phone":null,"source":"OpenStreetMap/node/13669406039","sourceUpdatedAt":null,"verifiedAt":null}},{"type":"Feature","geometry":{"type":"Point","coordinates":[14.342531,51.7628006]},"properties":{"id":"bikerack:c6385f66-a3c1-4a98-b463-9ef687ea1265","kind":"bikerack","longitude":14.342531,"latitude":51.7628006,"name":"Fahrradabstellplatz","city":"Cottbus","address":null,"covered":false,"access":null,"website":null,"phone":null,"source":"OpenStreetMap/node/9757313809","sourceUpdatedAt":null,"verifiedAt":null}},{"type":"Feature","geometry":{"type":"Point","coordinates":[14.3270603,51.7618882]},"properties":{"id":"bikerack:c772ce64-3f6b-4fc1-9953-22e1cd03fd32","kind":"bikerack","longitude":14.3270603,"latitude":51.7618882,"name":"Fahrradabstellplatz","city":"Cottbus","address":null,"covered":true,"access":null,"website":null,"phone":null,"source":"OpenStreetMap/node/12546469297","sourceUpdatedAt":null,"verifiedAt":null}},{"type":"Feature","geometry":{"type":"Point","coordinates":[14.335113,51.7647034]},"properties":{"id":"bikerack:c77b4b43-f1bc-42f6-bf76-42e209c9c8a2","kind":"bikerack","longitude":14.335113,"latitude":51.7647034,"name":"Fahrradabstellplatz","city":"Cottbus","address":null,"covered":false,"access":null,"website":null,"phone":null,"source":"OpenStreetMap/node/11425913707","sourceUpdatedAt":null,"verifiedAt":null}},{"type":"Feature","geometry":{"type":"Point","coordinates":[14.3410218,51.764172]},"properties":{"id":"bikerack:c788cbc0-85b1-431f-b364-abbb999910f1","kind":"bikerack","longitude":14.3410218,"latitude":51.764172,"name":"Fahrradabstellplatz","city":"Cottbus","address":null,"covered":false,"access":null,"website":null,"phone":null,"source":"OpenStreetMap/node/13180376445","sourceUpdatedAt":null,"verifiedAt":null}},{"type":"Feature","geometry":{"type":"Point","coordinates":[14.3504381,51.7658061]},"properties":{"id":"bikerack:c7cc2fb1-8508-4878-ac5f-784601aca2af","kind":"bikerack","longitude":14.3504381,"latitude":51.7658061,"name":"Fahrradabstellplatz","city":"Cottbus","address":null,"covered":false,"access":null,"website":null,"phone":null,"source":"OpenStreetMap/node/12437010368","sourceUpdatedAt":null,"verifiedAt":null}},{"type":"Feature","geometry":{"type":"Point","coordinates":[14.3495716,51.7657678]},"properties":{"id":"bikerack:ca099ba3-b015-4dcd-ae5f-bc0dd2d1049b","kind":"bikerack","longitude":14.3495716,"latitude":51.7657678,"name":"Fahrradabstellplatz","city":"Cottbus","address":null,"covered":false,"access":null,"website":null,"phone":null,"source":"OpenStreetMap/node/12437032490","sourceUpdatedAt":null,"verifiedAt":null}},{"type":"Feature","geometry":{"type":"Point","coordinates":[14.3430195,51.7631081]},"properties":{"id":"bikerack:caefab38-33cc-45e7-b787-703ead182f82","kind":"bikerack","longitude":14.3430195,"latitude":51.7631081,"name":"Fahrradabstellplatz","city":"Cottbus","address":null,"covered":false,"access":null,"website":null,"phone":null,"source":"OpenStreetMap/node/11716347036","sourceUpdatedAt":null,"verifiedAt":null}},{"type":"Feature","geometry":{"type":"Point","coordinates":[14.353979,51.7637149]},"properties":{"id":"bikerack:cc79fb77-cc1a-4168-8541-2132f43c6755","kind":"bikerack","longitude":14.353979,"latitude":51.7637149,"name":"Fahrradabstellplatz","city":"Cottbus","address":null,"covered":false,"access":null,"website":null,"phone":null,"source":"OpenStreetMap/node/9775408347","sourceUpdatedAt":null,"verifiedAt":null}},{"type":"Feature","geometry":{"type":"Point","coordinates":[14.326372,51.762572]},"properties":{"id":"bikerack:cdca0d75-6327-4ae7-9a74-ba9827b1e7c2","kind":"bikerack","longitude":14.326372,"latitude":51.762572,"name":"Fahrradabstellplatz","city":"Cottbus","address":null,"covered":false,"access":null,"website":null,"phone":null,"source":"OpenStreetMap/node/7536815518","sourceUpdatedAt":null,"verifiedAt":null}},{"type":"Feature","geometry":{"type":"Point","coordinates":[14.3431925,51.7587513]},"properties":{"id":"bikerack:ce46eb8c-7e1e-4e5d-b47b-45e8c39b8b65","kind":"bikerack","longitude":14.3431925,"latitude":51.7587513,"name":"Fahrradabstellplatz","city":"Cottbus","address":null,"covered":true,"access":null,"website":null,"phone":null,"source":"OpenStreetMap/node/9511173762","sourceUpdatedAt":null,"verifiedAt":null}},{"type":"Feature","geometry":{"type":"Point","coordinates":[14.3440897,51.761913]},"properties":{"id":"bikerack:ce693e51-da26-4fba-acf0-575785aac75c","kind":"bikerack","longitude":14.3440897,"latitude":51.761913,"name":"Fahrradabstellplatz","city":"Cottbus","address":null,"covered":false,"access":null,"website":null,"phone":null,"source":"OpenStreetMap/node/8000655506","sourceUpdatedAt":null,"verifiedAt":null}},{"type":"Feature","geometry":{"type":"Point","coordinates":[14.3512126,51.7653992]},"properties":{"id":"bikerack:ce8f3de9-3a1a-4ef9-8972-838f3fa1a08f","kind":"bikerack","longitude":14.3512126,"latitude":51.7653992,"name":"Fahrradabstellplatz","city":"Cottbus","address":null,"covered":false,"access":null,"website":null,"phone":null,"source":"OpenStreetMap/node/12436994573","sourceUpdatedAt":null,"verifiedAt":null}},{"type":"Feature","geometry":{"type":"Point","coordinates":[14.3439515,51.7600589]},"properties":{"id":"bikerack:ceb1a0c8-6d9e-4368-b64b-6dd179ca0850","kind":"bikerack","longitude":14.3439515,"latitude":51.7600589,"name":"Fahrradabstellplatz","city":"Cottbus","address":null,"covered":false,"access":null,"website":null,"phone":null,"source":"OpenStreetMap/node/12954272815","sourceUpdatedAt":null,"verifiedAt":null}},{"type":"Feature","geometry":{"type":"Point","coordinates":[14.3505074,51.7653297]},"properties":{"id":"bikerack:ceccdcda-5d83-490d-a2d6-d1cdeb8ece09","kind":"bikerack","longitude":14.3505074,"latitude":51.7653297,"name":"Fahrradabstellplatz","city":"Cottbus","address":null,"covered":false,"access":null,"website":null,"phone":null,"source":"OpenStreetMap/node/12437008291","sourceUpdatedAt":null,"verifiedAt":null}},{"type":"Feature","geometry":{"type":"Point","coordinates":[14.3497387,51.762536]},"properties":{"id":"bikerack:cf600039-1a00-4d07-9812-5646aab1db8d","kind":"bikerack","longitude":14.3497387,"latitude":51.762536,"name":"Fahrradabstellplatz","city":"Cottbus","address":null,"covered":false,"access":null,"website":null,"phone":null,"source":"OpenStreetMap/node/11733937688","sourceUpdatedAt":null,"verifiedAt":null}},{"type":"Feature","geometry":{"type":"Point","coordinates":[14.3455501,51.7596315]},"properties":{"id":"bikerack:cfdadd79-a491-4dfa-9572-5ecbacbf7ab5","kind":"bikerack","longitude":14.3455501,"latitude":51.7596315,"name":"Fahrradabstellplatz","city":"Cottbus","address":null,"covered":false,"access":null,"website":null,"phone":null,"source":"OpenStreetMap/node/8000655677","sourceUpdatedAt":null,"verifiedAt":null}},{"type":"Feature","geometry":{"type":"Point","coordinates":[14.3486255,51.7627415]},"properties":{"id":"bikerack:cff5604e-96ac-4cb9-9ef8-282bc070fe43","kind":"bikerack","longitude":14.3486255,"latitude":51.7627415,"name":"Fahrradabstellplatz","city":"Cottbus","address":null,"covered":false,"access":null,"website":null,"phone":null,"source":"OpenStreetMap/node/11724446348","sourceUpdatedAt":null,"verifiedAt":null}},{"type":"Feature","geometry":{"type":"Point","coordinates":[14.3295766,51.7669052]},"properties":{"id":"bikerack:d007a3f1-b9f1-4434-8b19-8ed390f6ad2d","kind":"bikerack","longitude":14.3295766,"latitude":51.7669052,"name":"Fahrradabstellplatz","city":"Cottbus","address":null,"covered":false,"access":null,"website":null,"phone":null,"source":"OpenStreetMap/node/11425811658","sourceUpdatedAt":null,"verifiedAt":null}},{"type":"Feature","geometry":{"type":"Point","coordinates":[14.3499104,51.7657876]},"properties":{"id":"bikerack:d0457180-b994-4914-9bfd-7b800f188abd","kind":"bikerack","longitude":14.3499104,"latitude":51.7657876,"name":"Fahrradabstellplatz","city":"Cottbus","address":null,"covered":false,"access":null,"website":null,"phone":null,"source":"OpenStreetMap/node/12437019238","sourceUpdatedAt":null,"verifiedAt":null}},{"type":"Feature","geometry":{"type":"Point","coordinates":[14.3355965,51.7667673]},"properties":{"id":"bikerack:d063556a-ad1c-47f2-81c1-59775f7a5f00","kind":"bikerack","longitude":14.3355965,"latitude":51.7667673,"name":"Fahrradabstellplatz","city":"Cottbus","address":null,"covered":false,"access":null,"website":null,"phone":null,"source":"OpenStreetMap/node/11291587717","sourceUpdatedAt":null,"verifiedAt":null}},{"type":"Feature","geometry":{"type":"Point","coordinates":[14.3324097,51.7576763]},"properties":{"id":"bikerack:d0acdabb-ca50-4134-9dc5-9d3cba57d727","kind":"bikerack","longitude":14.3324097,"latitude":51.7576763,"name":"Fahrradabstellplatz","city":"Cottbus","address":null,"covered":false,"access":null,"website":null,"phone":null,"source":"OpenStreetMap/node/9342772708","sourceUpdatedAt":null,"verifiedAt":null}},{"type":"Feature","geometry":{"type":"Point","coordinates":[14.3262748,51.7575134]},"properties":{"id":"bikerack:d17ba571-3173-4114-977a-b79fb2357d29","kind":"bikerack","longitude":14.3262748,"latitude":51.7575134,"name":"Fahrradabstellplatz","city":"Cottbus","address":null,"covered":false,"access":null,"website":null,"phone":null,"source":"OpenStreetMap/node/13149494569","sourceUpdatedAt":null,"verifiedAt":null}},{"type":"Feature","geometry":{"type":"Point","coordinates":[14.3493066,51.7603177]},"properties":{"id":"bikerack:d1f33d6a-9617-4e37-b6d9-d1505d061737","kind":"bikerack","longitude":14.3493066,"latitude":51.7603177,"name":"Fahrradabstellplatz","city":"Cottbus","address":null,"covered":false,"access":null,"website":null,"phone":null,"source":"OpenStreetMap/node/7884022762","sourceUpdatedAt":null,"verifiedAt":null}},{"type":"Feature","geometry":{"type":"Point","coordinates":[14.3468698,51.7569248]},"properties":{"id":"bikerack:d201735f-c865-4b45-b939-a202f5995103","kind":"bikerack","longitude":14.3468698,"latitude":51.7569248,"name":"Fahrradabstellplatz","city":"Cottbus","address":null,"covered":false,"access":null,"website":null,"phone":null,"source":"OpenStreetMap/node/12920784242","sourceUpdatedAt":null,"verifiedAt":null}},{"type":"Feature","geometry":{"type":"Point","coordinates":[14.3428505,51.7643561]},"properties":{"id":"bikerack:d2964ce8-4c73-48ea-9849-a3174bfee7d3","kind":"bikerack","longitude":14.3428505,"latitude":51.7643561,"name":"Fahrradabstellplatz","city":"Cottbus","address":null,"covered":false,"access":null,"website":null,"phone":null,"source":"OpenStreetMap/node/11744693493","sourceUpdatedAt":null,"verifiedAt":null}},{"type":"Feature","geometry":{"type":"Point","coordinates":[14.3524684,51.7664743]},"properties":{"id":"bikerack:d2a7b1b7-6b77-4617-8841-69607c5a3b3f","kind":"bikerack","longitude":14.3524684,"latitude":51.7664743,"name":"Fahrradabstellplatz","city":"Cottbus","address":null,"covered":true,"access":null,"website":null,"phone":null,"source":"OpenStreetMap/way/1230604292","sourceUpdatedAt":null,"verifiedAt":null}},{"type":"Feature","geometry":{"type":"Point","coordinates":[14.3278006,51.7580854]},"properties":{"id":"bikerack:d2d1108f-5467-4c1b-8756-dae6bb70507a","kind":"bikerack","longitude":14.3278006,"latitude":51.7580854,"name":"Fahrradabstellplatz","city":"Cottbus","address":null,"covered":false,"access":null,"website":null,"phone":null,"source":"OpenStreetMap/node/8048043834","sourceUpdatedAt":null,"verifiedAt":null}},{"type":"Feature","geometry":{"type":"Point","coordinates":[14.3537773,51.7647697]},"properties":{"id":"bikerack:d34538f7-ffae-410e-bf34-0ff7872e4e3b","kind":"bikerack","longitude":14.3537773,"latitude":51.7647697,"name":"Fahrradabstellplatz","city":"Cottbus","address":null,"covered":false,"access":null,"website":null,"phone":null,"source":"OpenStreetMap/node/12205151493","sourceUpdatedAt":null,"verifiedAt":null}},{"type":"Feature","geometry":{"type":"Point","coordinates":[14.3439668,51.7637329]},"properties":{"id":"bikerack:d5ae27d0-fa59-4ae1-81a8-aee83028a048","kind":"bikerack","longitude":14.3439668,"latitude":51.7637329,"name":"Fahrradabstellplatz","city":"Cottbus","address":null,"covered":false,"access":null,"website":null,"phone":null,"source":"OpenStreetMap/node/12424985882","sourceUpdatedAt":null,"verifiedAt":null}},{"type":"Feature","geometry":{"type":"Point","coordinates":[14.3344103,51.7671502]},"properties":{"id":"bikerack:d600206f-0e6a-4a0d-aca5-2bba42c29f4b","kind":"bikerack","longitude":14.3344103,"latitude":51.7671502,"name":"Fahrradabstellplatz","city":"Cottbus","address":null,"covered":false,"access":null,"website":null,"phone":null,"source":"OpenStreetMap/node/12241319499","sourceUpdatedAt":null,"verifiedAt":null}},{"type":"Feature","geometry":{"type":"Point","coordinates":[14.3429504,51.763614]},"properties":{"id":"bikerack:d65059d4-4bc4-4710-a227-419fed81eaa7","kind":"bikerack","longitude":14.3429504,"latitude":51.763614,"name":"Fahrradabstellplatz","city":"Cottbus","address":null,"covered":false,"access":null,"website":null,"phone":null,"source":"OpenStreetMap/node/11744693572","sourceUpdatedAt":null,"verifiedAt":null}},{"type":"Feature","geometry":{"type":"Point","coordinates":[14.3378387,51.7556366]},"properties":{"id":"bikerack:d82485b6-eeb1-4e0c-8ff5-1c6b7858bab9","kind":"bikerack","longitude":14.3378387,"latitude":51.7556366,"name":"Fahrradabstellplatz","city":"Cottbus","address":null,"covered":false,"access":null,"website":null,"phone":null,"source":"OpenStreetMap/node/9076036125","sourceUpdatedAt":null,"verifiedAt":null}},{"type":"Feature","geometry":{"type":"Point","coordinates":[14.342552,51.762691]},"properties":{"id":"bikerack:d8296374-a68f-42b3-9443-022f486cc4cf","kind":"bikerack","longitude":14.342552,"latitude":51.762691,"name":"Fahrradabstellplatz","city":"Cottbus","address":null,"covered":false,"access":null,"website":null,"phone":null,"source":"OpenStreetMap/node/9757313808","sourceUpdatedAt":null,"verifiedAt":null}},{"type":"Feature","geometry":{"type":"Point","coordinates":[14.3267994,51.7622867]},"properties":{"id":"bikerack:d829dfb1-9144-483c-a319-33eb31d852a5","kind":"bikerack","longitude":14.3267994,"latitude":51.7622867,"name":"Fahrradabstellplatz","city":"Cottbus","address":null,"covered":false,"access":null,"website":null,"phone":null,"source":"OpenStreetMap/node/12546469229","sourceUpdatedAt":null,"verifiedAt":null}},{"type":"Feature","geometry":{"type":"Point","coordinates":[14.366877,51.7691325]},"properties":{"id":"bikerack:d8363bc4-5ef5-4864-9852-87620f88527c","kind":"bikerack","longitude":14.366877,"latitude":51.7691325,"name":"Fahrradabstellplatz","city":"Cottbus","address":null,"covered":true,"access":null,"website":null,"phone":null,"source":"OpenStreetMap/way/1467294141","sourceUpdatedAt":null,"verifiedAt":null}},{"type":"Feature","geometry":{"type":"Point","coordinates":[14.3410188,51.7793287]},"properties":{"id":"bikerack:db238054-da22-413c-965c-5e9eac5554c4","kind":"bikerack","longitude":14.3410188,"latitude":51.7793287,"name":"Fahrradabstellplatz","city":"Cottbus","address":null,"covered":false,"access":null,"website":null,"phone":null,"source":"OpenStreetMap/node/13138425687","sourceUpdatedAt":null,"verifiedAt":null}},{"type":"Feature","geometry":{"type":"Point","coordinates":[14.3270238,51.7622251]},"properties":{"id":"bikerack:db4faf86-d9e6-43e1-a9ba-0691b3824ae3","kind":"bikerack","longitude":14.3270238,"latitude":51.7622251,"name":"Fahrradabstellplatz","city":"Cottbus","address":null,"covered":false,"access":null,"website":null,"phone":null,"source":"OpenStreetMap/node/12546469303","sourceUpdatedAt":null,"verifiedAt":null}},{"type":"Feature","geometry":{"type":"Point","coordinates":[14.3283055,51.7624882]},"properties":{"id":"bikerack:dcd098ab-2453-4d23-994c-9d6a53b0c9e8","kind":"bikerack","longitude":14.3283055,"latitude":51.7624882,"name":"Fahrradabstellplatz","city":"Cottbus","address":null,"covered":false,"access":null,"website":null,"phone":null,"source":"OpenStreetMap/node/9442817061","sourceUpdatedAt":null,"verifiedAt":null}},{"type":"Feature","geometry":{"type":"Point","coordinates":[14.3306638,51.7589126]},"properties":{"id":"bikerack:dd2f3b02-5fc3-465b-9c1d-cfe3abe6a8d3","kind":"bikerack","longitude":14.3306638,"latitude":51.7589126,"name":"Fahrradabstellplatz","city":"Cottbus","address":null,"covered":false,"access":null,"website":null,"phone":null,"source":"OpenStreetMap/node/9334162696","sourceUpdatedAt":null,"verifiedAt":null}},{"type":"Feature","geometry":{"type":"Point","coordinates":[14.3441353,51.761805]},"properties":{"id":"bikerack:dd893f5f-0016-46d9-8842-50b481baf2f8","kind":"bikerack","longitude":14.3441353,"latitude":51.761805,"name":"Fahrradabstellplatz","city":"Cottbus","address":null,"covered":false,"access":null,"website":null,"phone":null,"source":"OpenStreetMap/node/8000655507","sourceUpdatedAt":null,"verifiedAt":null}},{"type":"Feature","geometry":{"type":"Point","coordinates":[14.3396545,51.7557738]},"properties":{"id":"bikerack:ddb86a63-5f90-4693-af80-b6246bbf5369","kind":"bikerack","longitude":14.3396545,"latitude":51.7557738,"name":"Fahrradabstellplatz","city":"Cottbus","address":null,"covered":false,"access":null,"website":null,"phone":null,"source":"OpenStreetMap/node/11764557342","sourceUpdatedAt":null,"verifiedAt":null}},{"type":"Feature","geometry":{"type":"Point","coordinates":[14.3535291,51.7633123]},"properties":{"id":"bikerack:df12d54d-6be5-4ec9-866a-b4e057ddc90d","kind":"bikerack","longitude":14.3535291,"latitude":51.7633123,"name":"Fahrradabstellplatz","city":"Cottbus","address":null,"covered":false,"access":null,"website":null,"phone":null,"source":"OpenStreetMap/node/9775408348","sourceUpdatedAt":null,"verifiedAt":null}},{"type":"Feature","geometry":{"type":"Point","coordinates":[14.3453202,51.7580579]},"properties":{"id":"bikerack:e0266bfe-1a81-4be0-aa55-b8390f85217d","kind":"bikerack","longitude":14.3453202,"latitude":51.7580579,"name":"Fahrradabstellplatz","city":"Cottbus","address":null,"covered":false,"access":null,"website":null,"phone":null,"source":"OpenStreetMap/node/11876111861","sourceUpdatedAt":null,"verifiedAt":null}},{"type":"Feature","geometry":{"type":"Point","coordinates":[14.3280598,51.7713275]},"properties":{"id":"bikerack:e26f475b-1fbf-4948-bbee-769471f1fa58","kind":"bikerack","longitude":14.3280598,"latitude":51.7713275,"name":"Fahrradabstellplatz","city":"Cottbus","address":null,"covered":false,"access":null,"website":null,"phone":null,"source":"OpenStreetMap/way/1024326724","sourceUpdatedAt":null,"verifiedAt":null}},{"type":"Feature","geometry":{"type":"Point","coordinates":[14.3444843,51.7646589]},"properties":{"id":"bikerack:e2800f4d-984b-4c3c-940d-0f3e8c0793ea","kind":"bikerack","longitude":14.3444843,"latitude":51.7646589,"name":"Fahrradabstellplatz","city":"Cottbus","address":null,"covered":true,"access":null,"website":null,"phone":null,"source":"OpenStreetMap/way/788303401","sourceUpdatedAt":null,"verifiedAt":null}},{"type":"Feature","geometry":{"type":"Point","coordinates":[14.3534888,51.7666232]},"properties":{"id":"bikerack:e40d4d32-e86f-4010-817a-1e27259d881e","kind":"bikerack","longitude":14.3534888,"latitude":51.7666232,"name":"Fahrradabstellplatz","city":"Cottbus","address":null,"covered":false,"access":null,"website":null,"phone":null,"source":"OpenStreetMap/node/12253636564","sourceUpdatedAt":null,"verifiedAt":null}},{"type":"Feature","geometry":{"type":"Point","coordinates":[14.328665,51.7555443]},"properties":{"id":"bikerack:e471fd59-dd2c-4c1a-84e0-3def3bac6410","kind":"bikerack","longitude":14.328665,"latitude":51.7555443,"name":"Fahrradabstellplatz","city":"Cottbus","address":null,"covered":false,"access":null,"website":null,"phone":null,"source":"OpenStreetMap/node/9468831012","sourceUpdatedAt":null,"verifiedAt":null}},{"type":"Feature","geometry":{"type":"Point","coordinates":[14.3504619,51.7625676]},"properties":{"id":"bikerack:e4a9b3ae-b3c9-48fa-9a49-2bd61bb162d4","kind":"bikerack","longitude":14.3504619,"latitude":51.7625676,"name":"Fahrradabstellplatz","city":"Cottbus","address":null,"covered":false,"access":null,"website":null,"phone":null,"source":"OpenStreetMap/node/11733927657","sourceUpdatedAt":null,"verifiedAt":null}},{"type":"Feature","geometry":{"type":"Point","coordinates":[14.3464029,51.7600489]},"properties":{"id":"bikerack:e53b9a10-54f1-47da-ae86-dbbe30bc13e4","kind":"bikerack","longitude":14.3464029,"latitude":51.7600489,"name":"Fahrradabstellplatz","city":"Cottbus","address":null,"covered":false,"access":null,"website":null,"phone":null,"source":"OpenStreetMap/node/8000656723","sourceUpdatedAt":null,"verifiedAt":null}},{"type":"Feature","geometry":{"type":"Point","coordinates":[14.3438819,51.7637559]},"properties":{"id":"bikerack:e58121c5-2c49-4ad5-bb97-789726337f14","kind":"bikerack","longitude":14.3438819,"latitude":51.7637559,"name":"Fahrradabstellplatz","city":"Cottbus","address":null,"covered":false,"access":null,"website":null,"phone":null,"source":"OpenStreetMap/node/12425226559","sourceUpdatedAt":null,"verifiedAt":null}},{"type":"Feature","geometry":{"type":"Point","coordinates":[14.337344,51.7647949]},"properties":{"id":"bikerack:e62a651b-12fe-44cf-b96f-1392a8199749","kind":"bikerack","longitude":14.337344,"latitude":51.7647949,"name":"Fahrradabstellplatz","city":"Cottbus","address":null,"covered":false,"access":null,"website":null,"phone":null,"source":"OpenStreetMap/node/12353653057","sourceUpdatedAt":null,"verifiedAt":null}},{"type":"Feature","geometry":{"type":"Point","coordinates":[14.3474881,51.7597584]},"properties":{"id":"bikerack:e6717845-fc38-416b-8c2b-51c87ad3ed0b","kind":"bikerack","longitude":14.3474881,"latitude":51.7597584,"name":"Fahrradabstellplatz","city":"Cottbus","address":null,"covered":false,"access":null,"website":null,"phone":null,"source":"OpenStreetMap/node/7973603447","sourceUpdatedAt":null,"verifiedAt":null}},{"type":"Feature","geometry":{"type":"Point","coordinates":[14.3306855,51.761329]},"properties":{"id":"bikerack:e6919be9-b2b9-4a9f-8232-be9d2adac3c9","kind":"bikerack","longitude":14.3306855,"latitude":51.761329,"name":"Fahrradabstellplatz","city":"Cottbus","address":null,"covered":false,"access":null,"website":null,"phone":null,"source":"OpenStreetMap/node/11385769993","sourceUpdatedAt":null,"verifiedAt":null}},{"type":"Feature","geometry":{"type":"Point","coordinates":[14.3276833,51.7590188]},"properties":{"id":"bikerack:e87d088c-ef70-42a7-b1b9-3005f5ef2baf","kind":"bikerack","longitude":14.3276833,"latitude":51.7590188,"name":"Fahrradabstellplatz","city":"Cottbus","address":null,"covered":false,"access":null,"website":null,"phone":null,"source":"OpenStreetMap/node/5206902815","sourceUpdatedAt":null,"verifiedAt":null}},{"type":"Feature","geometry":{"type":"Point","coordinates":[14.3473908,51.7570261]},"properties":{"id":"bikerack:e8c045d0-e98f-414a-8cd5-66a5cb07a934","kind":"bikerack","longitude":14.3473908,"latitude":51.7570261,"name":"Fahrradabstellplatz","city":"Cottbus","address":null,"covered":false,"access":null,"website":null,"phone":null,"source":"OpenStreetMap/node/12920779273","sourceUpdatedAt":null,"verifiedAt":null}},{"type":"Feature","geometry":{"type":"Point","coordinates":[14.3303698,51.7589471]},"properties":{"id":"bikerack:e9a76d0f-613a-4170-83d9-73baccd0fc83","kind":"bikerack","longitude":14.3303698,"latitude":51.7589471,"name":"Fahrradabstellplatz","city":"Cottbus","address":null,"covered":false,"access":null,"website":null,"phone":null,"source":"OpenStreetMap/node/9334162697","sourceUpdatedAt":null,"verifiedAt":null}},{"type":"Feature","geometry":{"type":"Point","coordinates":[14.3275847,51.7599195]},"properties":{"id":"bikerack:e9f42c5b-e458-45f4-b0ba-b4c6e721d3cb","kind":"bikerack","longitude":14.3275847,"latitude":51.7599195,"name":"Fahrradabstellplatz","city":"Cottbus","address":null,"covered":false,"access":null,"website":null,"phone":null,"source":"OpenStreetMap/node/8048044910","sourceUpdatedAt":null,"verifiedAt":null}},{"type":"Feature","geometry":{"type":"Point","coordinates":[14.3668553,51.7692013]},"properties":{"id":"bikerack:ead5b453-ce6a-47ca-872d-d5070ef69c60","kind":"bikerack","longitude":14.3668553,"latitude":51.7692013,"name":"Fahrradabstellplatz","city":"Cottbus","address":null,"covered":true,"access":null,"website":null,"phone":null,"source":"OpenStreetMap/way/1467294140","sourceUpdatedAt":null,"verifiedAt":null}},{"type":"Feature","geometry":{"type":"Point","coordinates":[14.3501308,51.7625727]},"properties":{"id":"bikerack:ec5ffed2-d746-4979-b1d6-af1050fd3df9","kind":"bikerack","longitude":14.3501308,"latitude":51.7625727,"name":"Fahrradabstellplatz","city":"Cottbus","address":null,"covered":false,"access":null,"website":null,"phone":null,"source":"OpenStreetMap/node/11733927665","sourceUpdatedAt":null,"verifiedAt":null}},{"type":"Feature","geometry":{"type":"Point","coordinates":[14.3420051,51.7631503]},"properties":{"id":"bikerack:ece59449-a4f6-4903-a02f-d55857130e0d","kind":"bikerack","longitude":14.3420051,"latitude":51.7631503,"name":"Fahrradabstellplatz","city":"Cottbus","address":null,"covered":false,"access":null,"website":null,"phone":null,"source":"OpenStreetMap/node/9757340849","sourceUpdatedAt":null,"verifiedAt":null}},{"type":"Feature","geometry":{"type":"Point","coordinates":[14.346985,51.7628669]},"properties":{"id":"bikerack:ecefbd48-2586-46a6-ba85-2b56c7e5c58f","kind":"bikerack","longitude":14.346985,"latitude":51.7628669,"name":"Fahrradabstellplatz","city":"Cottbus","address":null,"covered":false,"access":null,"website":null,"phone":null,"source":"OpenStreetMap/node/7676296310","sourceUpdatedAt":null,"verifiedAt":null}},{"type":"Feature","geometry":{"type":"Point","coordinates":[14.3525686,51.7650632]},"properties":{"id":"bikerack:ed5e72bd-539f-4f33-a7ef-62958bc33c48","kind":"bikerack","longitude":14.3525686,"latitude":51.7650632,"name":"Fahrradabstellplatz","city":"Cottbus","address":null,"covered":false,"access":null,"website":null,"phone":null,"source":"OpenStreetMap/node/12253636474","sourceUpdatedAt":null,"verifiedAt":null}},{"type":"Feature","geometry":{"type":"Point","coordinates":[14.3531822,51.7626416]},"properties":{"id":"bikerack:ee5e4351-0406-4f2e-b555-fde48b1769d4","kind":"bikerack","longitude":14.3531822,"latitude":51.7626416,"name":"Fahrradabstellplatz","city":"Cottbus","address":null,"covered":false,"access":null,"website":null,"phone":null,"source":"OpenStreetMap/node/9158885952","sourceUpdatedAt":null,"verifiedAt":null}},{"type":"Feature","geometry":{"type":"Point","coordinates":[14.3270211,51.7622765]},"properties":{"id":"bikerack:ee673640-9ff7-4b4a-b507-9a1363723d77","kind":"bikerack","longitude":14.3270211,"latitude":51.7622765,"name":"Fahrradabstellplatz","city":"Cottbus","address":null,"covered":false,"access":null,"website":null,"phone":null,"source":"OpenStreetMap/node/12546469302","sourceUpdatedAt":null,"verifiedAt":null}},{"type":"Feature","geometry":{"type":"Point","coordinates":[14.3454472,51.7553075]},"properties":{"id":"bikerack:eefad3b4-fbec-4126-bc17-2a50a88dfb09","kind":"bikerack","longitude":14.3454472,"latitude":51.7553075,"name":"Fahrradabstellplatz","city":"Cottbus","address":null,"covered":false,"access":null,"website":null,"phone":null,"source":"OpenStreetMap/node/8798239122","sourceUpdatedAt":null,"verifiedAt":null}},{"type":"Feature","geometry":{"type":"Point","coordinates":[14.3356186,51.7575707]},"properties":{"id":"bikerack:ef5a4ce0-5134-4ceb-8c15-8ebdee43904e","kind":"bikerack","longitude":14.3356186,"latitude":51.7575707,"name":"Fahrradabstellplatz","city":"Cottbus","address":null,"covered":false,"access":null,"website":null,"phone":null,"source":"OpenStreetMap/node/8051629998","sourceUpdatedAt":null,"verifiedAt":null}},{"type":"Feature","geometry":{"type":"Point","coordinates":[14.3595014,51.7629188]},"properties":{"id":"bikerack:f0186c24-ab75-4b2e-8255-03285ed1d6a7","kind":"bikerack","longitude":14.3595014,"latitude":51.7629188,"name":"Fahrradabstellplatz","city":"Cottbus","address":null,"covered":true,"access":null,"website":null,"phone":null,"source":"OpenStreetMap/node/7625232825","sourceUpdatedAt":null,"verifiedAt":null}},{"type":"Feature","geometry":{"type":"Point","coordinates":[14.3278436,51.7577363]},"properties":{"id":"bikerack:f155ee9a-2ecc-4329-8905-5ffc9b4c0a9c","kind":"bikerack","longitude":14.3278436,"latitude":51.7577363,"name":"Fahrradabstellplatz","city":"Cottbus","address":null,"covered":false,"access":null,"website":null,"phone":null,"source":"OpenStreetMap/node/8048043833","sourceUpdatedAt":null,"verifiedAt":null}},{"type":"Feature","geometry":{"type":"Point","coordinates":[14.3299197,51.7610142]},"properties":{"id":"bikerack:f1baae1c-e2fa-4dff-b91e-03d06a68e96b","kind":"bikerack","longitude":14.3299197,"latitude":51.7610142,"name":"Fahrradabstellplatz","city":"Cottbus","address":null,"covered":false,"access":null,"website":null,"phone":null,"source":"OpenStreetMap/node/12905641269","sourceUpdatedAt":null,"verifiedAt":null}},{"type":"Feature","geometry":{"type":"Point","coordinates":[14.3431206,51.7579738]},"properties":{"id":"bikerack:f23dfdea-5cca-4b28-95f2-6799a66a97fd","kind":"bikerack","longitude":14.3431206,"latitude":51.7579738,"name":"Fahrradabstellplatz","city":"Cottbus","address":null,"covered":false,"access":null,"website":null,"phone":null,"source":"OpenStreetMap/node/9511172981","sourceUpdatedAt":null,"verifiedAt":null}},{"type":"Feature","geometry":{"type":"Point","coordinates":[14.3454248,51.762518]},"properties":{"id":"bikerack:f27eb856-d4b3-4f36-9797-25f17fa74568","kind":"bikerack","longitude":14.3454248,"latitude":51.762518,"name":"Fahrradabstellplatz","city":"Cottbus","address":null,"covered":false,"access":null,"website":null,"phone":null,"source":"OpenStreetMap/node/7989633101","sourceUpdatedAt":null,"verifiedAt":null}},{"type":"Feature","geometry":{"type":"Point","coordinates":[14.3418092,51.7626197]},"properties":{"id":"bikerack:f2ba765a-243b-4337-8abd-bed3ab1be0e1","kind":"bikerack","longitude":14.3418092,"latitude":51.7626197,"name":"Fahrradabstellplatz","city":"Cottbus","address":null,"covered":false,"access":null,"website":null,"phone":null,"source":"OpenStreetMap/node/8042804836","sourceUpdatedAt":null,"verifiedAt":null}},{"type":"Feature","geometry":{"type":"Point","coordinates":[14.3440428,51.7620224]},"properties":{"id":"bikerack:f2df4771-9ca8-4c55-bd8f-627f6f998b42","kind":"bikerack","longitude":14.3440428,"latitude":51.7620224,"name":"Fahrradabstellplatz","city":"Cottbus","address":null,"covered":false,"access":null,"website":null,"phone":null,"source":"OpenStreetMap/node/8000655505","sourceUpdatedAt":null,"verifiedAt":null}},{"type":"Feature","geometry":{"type":"Point","coordinates":[14.3465975,51.7628407]},"properties":{"id":"bikerack:f3e1d410-447b-4d17-8d86-359f1dc3b754","kind":"bikerack","longitude":14.3465975,"latitude":51.7628407,"name":"Fahrradabstellplatz","city":"Cottbus","address":null,"covered":false,"access":null,"website":null,"phone":null,"source":"OpenStreetMap/node/11724446196","sourceUpdatedAt":null,"verifiedAt":null}},{"type":"Feature","geometry":{"type":"Point","coordinates":[14.3324554,51.7580099]},"properties":{"id":"bikerack:f41239d0-7f24-451e-904e-0a187fc05b0d","kind":"bikerack","longitude":14.3324554,"latitude":51.7580099,"name":"Fahrradabstellplatz","city":"Cottbus","address":null,"covered":false,"access":null,"website":null,"phone":null,"source":"OpenStreetMap/node/5239403771","sourceUpdatedAt":null,"verifiedAt":null}},{"type":"Feature","geometry":{"type":"Point","coordinates":[14.3405543,51.758265]},"properties":{"id":"bikerack:f49b27d9-d07d-4d8a-abc7-5ea45168ac33","kind":"bikerack","longitude":14.3405543,"latitude":51.758265,"name":"Fahrradabstellplatz","city":"Cottbus","address":null,"covered":false,"access":null,"website":null,"phone":null,"source":"OpenStreetMap/node/8486004995","sourceUpdatedAt":null,"verifiedAt":null}},{"type":"Feature","geometry":{"type":"Point","coordinates":[14.3268096,51.7619551]},"properties":{"id":"bikerack:f4de597a-2238-44f5-84d0-f01bace48aa9","kind":"bikerack","longitude":14.3268096,"latitude":51.7619551,"name":"Fahrradabstellplatz","city":"Cottbus","address":null,"covered":false,"access":null,"website":null,"phone":null,"source":"OpenStreetMap/node/12546469228","sourceUpdatedAt":null,"verifiedAt":null}},{"type":"Feature","geometry":{"type":"Point","coordinates":[14.3387176,51.7591464]},"properties":{"id":"bikerack:f5a699d3-39b7-48d4-8f09-1f450257cfe8","kind":"bikerack","longitude":14.3387176,"latitude":51.7591464,"name":"Fahrradabstellplatz","city":"Cottbus","address":null,"covered":false,"access":null,"website":null,"phone":null,"source":"OpenStreetMap/way/810600931","sourceUpdatedAt":null,"verifiedAt":null}},{"type":"Feature","geometry":{"type":"Point","coordinates":[14.3292174,51.7708735]},"properties":{"id":"bikerack:f7bef513-9a41-4bc6-a91e-41a643344433","kind":"bikerack","longitude":14.3292174,"latitude":51.7708735,"name":"Fahrradabstellplatz","city":"Cottbus","address":null,"covered":false,"access":null,"website":null,"phone":null,"source":"OpenStreetMap/node/9439226058","sourceUpdatedAt":null,"verifiedAt":null}},{"type":"Feature","geometry":{"type":"Point","coordinates":[14.3293421,51.7707082]},"properties":{"id":"bikerack:f83595d5-2cf4-4f97-9300-be759a84ad40","kind":"bikerack","longitude":14.3293421,"latitude":51.7707082,"name":"Fahrradabstellplatz","city":"Cottbus","address":null,"covered":false,"access":null,"website":null,"phone":null,"source":"OpenStreetMap/node/9439226056","sourceUpdatedAt":null,"verifiedAt":null}},{"type":"Feature","geometry":{"type":"Point","coordinates":[14.3428874,51.7641016]},"properties":{"id":"bikerack:f8e90d6e-a58d-4ba8-b93a-75680b5f85f7","kind":"bikerack","longitude":14.3428874,"latitude":51.7641016,"name":"Fahrradabstellplatz","city":"Cottbus","address":null,"covered":false,"access":null,"website":null,"phone":null,"source":"OpenStreetMap/node/11744693519","sourceUpdatedAt":null,"verifiedAt":null}},{"type":"Feature","geometry":{"type":"Point","coordinates":[14.3289332,51.7569526]},"properties":{"id":"bikerack:f9e2999e-f9b3-4dab-90df-7a1888214aa6","kind":"bikerack","longitude":14.3289332,"latitude":51.7569526,"name":"Fahrradabstellplatz","city":"Cottbus","address":null,"covered":false,"access":null,"website":null,"phone":null,"source":"OpenStreetMap/node/8051630166","sourceUpdatedAt":null,"verifiedAt":null}},{"type":"Feature","geometry":{"type":"Point","coordinates":[14.3309001,51.7674584]},"properties":{"id":"bikerack:fadcb0ba-7763-485f-a582-f1c2ba61f8c7","kind":"bikerack","longitude":14.3309001,"latitude":51.7674584,"name":"Fahrradabstellplatz","city":"Cottbus","address":null,"covered":true,"access":null,"website":null,"phone":null,"source":"OpenStreetMap/way/127003750","sourceUpdatedAt":null,"verifiedAt":null}},{"type":"Feature","geometry":{"type":"Point","coordinates":[14.3388952,51.7578729]},"properties":{"id":"bikerack:fae290ed-2a24-4b71-a13d-d0976374cd56","kind":"bikerack","longitude":14.3388952,"latitude":51.7578729,"name":"Fahrradabstellplatz","city":"Cottbus","address":null,"covered":false,"access":null,"website":null,"phone":null,"source":"OpenStreetMap/node/7540789367","sourceUpdatedAt":null,"verifiedAt":null}},{"type":"Feature","geometry":{"type":"Point","coordinates":[14.3356213,51.7668975]},"properties":{"id":"bikerack:fb4088d0-a070-4f94-81eb-a0ac66647dfe","kind":"bikerack","longitude":14.3356213,"latitude":51.7668975,"name":"Fahrradabstellplatz","city":"Cottbus","address":null,"covered":false,"access":null,"website":null,"phone":null,"source":"OpenStreetMap/node/11486992917","sourceUpdatedAt":null,"verifiedAt":null}},{"type":"Feature","geometry":{"type":"Point","coordinates":[14.3524133,51.7664215]},"properties":{"id":"bikerack:fbf4a7aa-131f-4d8a-9bba-973bf569bb93","kind":"bikerack","longitude":14.3524133,"latitude":51.7664215,"name":"Fahrradabstellplatz","city":"Cottbus","address":null,"covered":false,"access":null,"website":null,"phone":null,"source":"OpenStreetMap/way/1324197723","sourceUpdatedAt":null,"verifiedAt":null}},{"type":"Feature","geometry":{"type":"Point","coordinates":[14.3351573,51.7676407]},"properties":{"id":"bikerack:fc66ae35-707e-42ed-bc37-5a638b32ad38","kind":"bikerack","longitude":14.3351573,"latitude":51.7676407,"name":"Fahrradabstellplatz","city":"Cottbus","address":null,"covered":false,"access":null,"website":null,"phone":null,"source":"OpenStreetMap/node/12241319771","sourceUpdatedAt":null,"verifiedAt":null}},{"type":"Feature","geometry":{"type":"Point","coordinates":[14.3496763,51.7641498]},"properties":{"id":"bikerack:fd4f68e0-2df7-452c-ae49-38555f4933dd","kind":"bikerack","longitude":14.3496763,"latitude":51.7641498,"name":"Fahrradabstellplatz","city":"Cottbus","address":null,"covered":false,"access":null,"website":null,"phone":null,"source":"OpenStreetMap/node/11693842201","sourceUpdatedAt":null,"verifiedAt":null}},{"type":"Feature","geometry":{"type":"Point","coordinates":[14.3305517,51.7574289]},"properties":{"id":"bikerack:fde8de51-d95e-467e-88fb-58c3c5a58eeb","kind":"bikerack","longitude":14.3305517,"latitude":51.7574289,"name":"Fahrradabstellplatz","city":"Cottbus","address":null,"covered":false,"access":null,"website":null,"phone":null,"source":"OpenStreetMap/node/12920916550","sourceUpdatedAt":null,"verifiedAt":null}},{"type":"Feature","geometry":{"type":"Point","coordinates":[14.3456849,51.7549119]},"properties":{"id":"bikerack:fe9c27c3-6600-418e-8a53-b30f0f5094bf","kind":"bikerack","longitude":14.3456849,"latitude":51.7549119,"name":"Fahrradabstellplatz","city":"Cottbus","address":null,"covered":false,"access":null,"website":null,"phone":null,"source":"OpenStreetMap/node/8798239123","sourceUpdatedAt":null,"verifiedAt":null}},{"type":"Feature","geometry":{"type":"Point","coordinates":[14.3491302,51.7647599]},"properties":{"id":"bikerack:ff17f771-1703-4bbe-b556-dd09f2b97d83","kind":"bikerack","longitude":14.3491302,"latitude":51.7647599,"name":"Fahrradabstellplatz","city":"Cottbus","address":null,"covered":false,"access":null,"website":null,"phone":null,"source":"OpenStreetMap/node/9769572076","sourceUpdatedAt":null,"verifiedAt":null}},{"type":"Feature","geometry":{"type":"Point","coordinates":[14.3358251,51.7662771]},"properties":{"id":"bikerack:ff4b99e8-e5c8-4f67-86e6-c71e86781c3f","kind":"bikerack","longitude":14.3358251,"latitude":51.7662771,"name":"Fahrradabstellplatz","city":"Cottbus","address":null,"covered":false,"access":null,"website":null,"phone":null,"source":"OpenStreetMap/node/12241319406","sourceUpdatedAt":null,"verifiedAt":null}},{"type":"Feature","geometry":{"type":"Point","coordinates":[14.3466405,51.7606599]},"properties":{"id":"bikerack:ff64e2eb-5b6f-4482-b5b2-aa8bc5ec3455","kind":"bikerack","longitude":14.3466405,"latitude":51.7606599,"name":"Fahrradabstellplatz","city":"Cottbus","address":null,"covered":false,"access":null,"website":null,"phone":null,"source":"OpenStreetMap/node/11730281147","sourceUpdatedAt":null,"verifiedAt":null}},{"type":"Feature","geometry":{"type":"Point","coordinates":[14.328955,51.7714081]},"properties":{"id":"bikerack:ff8132ed-8c35-4bce-83c8-3e141a2169ab","kind":"bikerack","longitude":14.328955,"latitude":51.7714081,"name":"Fahrradabstellplatz","city":"Cottbus","address":null,"covered":false,"access":null,"website":null,"phone":null,"source":"OpenStreetMap/node/9439226064","sourceUpdatedAt":null,"verifiedAt":null}},{"type":"Feature","geometry":{"type":"Point","coordinates":[14.3318268,51.759681]},"properties":{"id":"service:42b3e3b5-255c-4567-b2de-ef20649fb8c3","kind":"service","longitude":14.3318268,"latitude":51.759681,"name":"Barutti - Bike & Fun Store","city":"Cottbus","address":null,"covered":null,"access":null,"website":null,"phone":null,"source":"OpenStreetMap/node/1199903440","sourceUpdatedAt":null,"verifiedAt":null}},{"type":"Feature","geometry":{"type":"Point","coordinates":[14.3354775,51.7592616]},"properties":{"id":"service:42ffea3c-be31-4359-ab07-5135da0eaba8","kind":"service","longitude":14.3354775,"latitude":51.7592616,"name":"Lajk BIKE Service","city":"Cottbus","address":null,"covered":null,"access":null,"website":null,"phone":null,"source":"OpenStreetMap/node/8583448431","sourceUpdatedAt":null,"verifiedAt":null}},{"type":"Feature","geometry":{"type":"Point","coordinates":[14.326959,51.7619526]},"properties":{"id":"service:81dd6876-2f3d-4758-94c9-a45c93ddef63","kind":"service","longitude":14.326959,"latitude":51.7619526,"name":"StadtRad","city":"Cottbus","address":null,"covered":null,"access":null,"website":null,"phone":null,"source":"OpenStreetMap/node/313381947","sourceUpdatedAt":null,"verifiedAt":null}},{"type":"Feature","geometry":{"type":"Point","coordinates":[14.3492716,51.7621353]},"properties":{"id":"service:d8978daa-48c5-4461-adf9-162a1472982b","kind":"service","longitude":14.3492716,"latitude":51.7621353,"name":"Fahrradshop","city":"Cottbus","address":null,"covered":null,"access":null,"website":null,"phone":null,"source":"OpenStreetMap/node/12997230211","sourceUpdatedAt":null,"verifiedAt":null}},{"type":"Feature","geometry":{"type":"Point","coordinates":[14.3352238,51.7702727]},"properties":{"id":"service:f957841a-d70c-477d-9829-38fe601d0872","kind":"service","longitude":14.3352238,"latitude":51.7702727,"name":"Fahrrad-Service Schenker","city":"Cottbus","address":null,"covered":null,"access":null,"website":null,"phone":null,"source":"OpenStreetMap/way/128411191","sourceUpdatedAt":null,"verifiedAt":null}},{"type":"Feature","geometry":{"type":"Point","coordinates":[14.3297583,51.7613162]},"properties":{"id":"water:9338385e-00c7-4a71-bf21-f9806ae30bf8","kind":"water","longitude":14.3297583,"latitude":51.7613162,"name":"Euro-Trinkbrunnen","city":"Cottbus","address":null,"covered":null,"access":null,"website":null,"phone":null,"source":"OpenStreetMap/node/11950719061","sourceUpdatedAt":null,"verifiedAt":null}},{"type":"Feature","geometry":{"type":"Point","coordinates":[14.3336405,51.7590982]},"properties":{"id":"water:c4900a63-2f06-46a9-b35a-ccdcf8bf92bf","kind":"water","longitude":14.3336405,"latitude":51.7590982,"name":"Trinkwasser","city":"Cottbus","address":null,"covered":null,"access":null,"website":null,"phone":null,"source":"OpenStreetMap/node/11950654335","sourceUpdatedAt":null,"verifiedAt":null}}]}