{"type":"FeatureCollection","features":[{"type":"Feature","geometry":{"type":"Point","coordinates":[12.618222,51.8682562]},"properties":{"id":"bikerack:00f57cf1-72b5-42e6-af3e-028d759462dc","kind":"bikerack","longitude":12.618222,"latitude":51.8682562,"name":"Fahrradabstellplatz","city":"Wittenburg","address":null,"covered":false,"access":null,"website":null,"phone":null,"source":"OpenStreetMap/node/12138288761","sourceUpdatedAt":null,"verifiedAt":null}},{"type":"Feature","geometry":{"type":"Point","coordinates":[12.6418695,51.8649193]},"properties":{"id":"bikerack:021bfdaa-6ba7-4d1c-a5d6-f98c0a6f986a","kind":"bikerack","longitude":12.6418695,"latitude":51.8649193,"name":"Fahrradabstellplatz","city":"Wittenburg","address":null,"covered":false,"access":null,"website":null,"phone":null,"source":"OpenStreetMap/node/11862321366","sourceUpdatedAt":null,"verifiedAt":null}},{"type":"Feature","geometry":{"type":"Point","coordinates":[12.6157385,51.8685657]},"properties":{"id":"bikerack:04218209-6029-4c5b-af97-9efefcc910ad","kind":"bikerack","longitude":12.6157385,"latitude":51.8685657,"name":"Fahrradabstellplatz","city":"Wittenburg","address":null,"covered":false,"access":null,"website":null,"phone":null,"source":"OpenStreetMap/node/12138288766","sourceUpdatedAt":null,"verifiedAt":null}},{"type":"Feature","geometry":{"type":"Point","coordinates":[12.6183129,51.8675332]},"properties":{"id":"bikerack:04bd349a-471f-49ed-8c3d-f6d94d26aaf3","kind":"bikerack","longitude":12.6183129,"latitude":51.8675332,"name":"Fahrradabstellplatz","city":"Wittenburg","address":null,"covered":false,"access":null,"website":null,"phone":null,"source":"OpenStreetMap/node/12133840057","sourceUpdatedAt":null,"verifiedAt":null}},{"type":"Feature","geometry":{"type":"Point","coordinates":[12.6141614,51.8660414]},"properties":{"id":"bikerack:07c914c8-fa7e-4803-8c6b-7433a214cb72","kind":"bikerack","longitude":12.6141614,"latitude":51.8660414,"name":"Fahrradabstellplatz","city":"Wittenburg","address":null,"covered":false,"access":null,"website":null,"phone":null,"source":"OpenStreetMap/node/12754603998","sourceUpdatedAt":null,"verifiedAt":null}},{"type":"Feature","geometry":{"type":"Point","coordinates":[12.6183546,51.8662401]},"properties":{"id":"bikerack:082ee9c7-7c77-4e14-ad70-b770e3134776","kind":"bikerack","longitude":12.6183546,"latitude":51.8662401,"name":"Fahrradabstellplatz","city":"Wittenburg","address":null,"covered":false,"access":null,"website":null,"phone":null,"source":"OpenStreetMap/node/12549054429","sourceUpdatedAt":null,"verifiedAt":null}},{"type":"Feature","geometry":{"type":"Point","coordinates":[12.6445739,51.8678478]},"properties":{"id":"bikerack:09bd2165-773c-4f27-abbc-c0cf3c4ffb0f","kind":"bikerack","longitude":12.6445739,"latitude":51.8678478,"name":"Fahrradabstellplatz","city":"Wittenburg","address":null,"covered":false,"access":null,"website":null,"phone":null,"source":"OpenStreetMap/node/11968289539","sourceUpdatedAt":null,"verifiedAt":null}},{"type":"Feature","geometry":{"type":"Point","coordinates":[12.6177091,51.8676599]},"properties":{"id":"bikerack:0a02caa8-c000-48e9-94fb-8cc67e66c873","kind":"bikerack","longitude":12.6177091,"latitude":51.8676599,"name":"Fahrradabstellplatz","city":"Wittenburg","address":null,"covered":false,"access":null,"website":null,"phone":null,"source":"OpenStreetMap/node/12133840045","sourceUpdatedAt":null,"verifiedAt":null}},{"type":"Feature","geometry":{"type":"Point","coordinates":[12.6152727,51.8687037]},"properties":{"id":"bikerack:0a2ee2b8-abd6-4beb-baa5-67891a98ac5a","kind":"bikerack","longitude":12.6152727,"latitude":51.8687037,"name":"Fahrradabstellplatz","city":"Wittenburg","address":null,"covered":true,"access":null,"website":null,"phone":null,"source":"OpenStreetMap/way/1280696807","sourceUpdatedAt":null,"verifiedAt":null}},{"type":"Feature","geometry":{"type":"Point","coordinates":[12.6155491,51.8681796]},"properties":{"id":"bikerack:0a90eeb6-9b41-43ba-adec-4e55c37fc75d","kind":"bikerack","longitude":12.6155491,"latitude":51.8681796,"name":"Fahrradabstellplatz","city":"Wittenburg","address":null,"covered":false,"access":null,"website":null,"phone":null,"source":"OpenStreetMap/node/12630201071","sourceUpdatedAt":null,"verifiedAt":null}},{"type":"Feature","geometry":{"type":"Point","coordinates":[12.6177402,51.8683243]},"properties":{"id":"bikerack:0ae64e19-0b7a-4223-8238-6a5e361d61ca","kind":"bikerack","longitude":12.6177402,"latitude":51.8683243,"name":"Fahrradabstellplatz","city":"Wittenburg","address":null,"covered":false,"access":null,"website":null,"phone":null,"source":"OpenStreetMap/node/12630201336","sourceUpdatedAt":null,"verifiedAt":null}},{"type":"Feature","geometry":{"type":"Point","coordinates":[12.614433,51.8669608]},"properties":{"id":"bikerack:0b2e8f64-2c16-4b80-9104-c42735c50249","kind":"bikerack","longitude":12.614433,"latitude":51.8669608,"name":"Fahrradabstellplatz","city":"Wittenburg","address":null,"covered":false,"access":null,"website":null,"phone":null,"source":"OpenStreetMap/node/12754600446","sourceUpdatedAt":null,"verifiedAt":null}},{"type":"Feature","geometry":{"type":"Point","coordinates":[12.6421268,51.868882]},"properties":{"id":"bikerack:0d49e8c1-7d17-4940-85a8-b76482b9353e","kind":"bikerack","longitude":12.6421268,"latitude":51.868882,"name":"Fahrradabstellplatz","city":"Wittenburg","address":null,"covered":false,"access":null,"website":null,"phone":null,"source":"OpenStreetMap/node/1851249799","sourceUpdatedAt":null,"verifiedAt":null}},{"type":"Feature","geometry":{"type":"Point","coordinates":[12.6151319,51.868663]},"properties":{"id":"bikerack:0da0d734-2003-4a2c-8841-f620faa17191","kind":"bikerack","longitude":12.6151319,"latitude":51.868663,"name":"Fahrradabstellplatz","city":"Wittenburg","address":null,"covered":false,"access":null,"website":null,"phone":null,"source":"OpenStreetMap/node/12138288771","sourceUpdatedAt":null,"verifiedAt":null}},{"type":"Feature","geometry":{"type":"Point","coordinates":[12.6133871,51.8669554]},"properties":{"id":"bikerack:0e116d68-ce32-4af4-820f-5f1981990b69","kind":"bikerack","longitude":12.6133871,"latitude":51.8669554,"name":"Fahrradabstellplatz","city":"Wittenburg","address":null,"covered":false,"access":null,"website":null,"phone":null,"source":"OpenStreetMap/node/12754583662","sourceUpdatedAt":null,"verifiedAt":null}},{"type":"Feature","geometry":{"type":"Point","coordinates":[12.6412625,51.8663441]},"properties":{"id":"bikerack:0ed22eb8-4663-4c76-94b7-09017a23b222","kind":"bikerack","longitude":12.6412625,"latitude":51.8663441,"name":"Fahrradabstellplatz","city":"Wittenburg","address":null,"covered":false,"access":null,"website":null,"phone":null,"source":"OpenStreetMap/node/12770333696","sourceUpdatedAt":null,"verifiedAt":null}},{"type":"Feature","geometry":{"type":"Point","coordinates":[12.6156036,51.868175]},"properties":{"id":"bikerack:10fcd377-8ba4-4401-9859-26dc23672c3f","kind":"bikerack","longitude":12.6156036,"latitude":51.868175,"name":"Fahrradabstellplatz","city":"Wittenburg","address":null,"covered":false,"access":null,"website":null,"phone":null,"source":"OpenStreetMap/node/12630203495","sourceUpdatedAt":null,"verifiedAt":null}},{"type":"Feature","geometry":{"type":"Point","coordinates":[12.6434561,51.8689413]},"properties":{"id":"bikerack:10fe842b-09c8-432c-80a4-68b0ea14a7ee","kind":"bikerack","longitude":12.6434561,"latitude":51.8689413,"name":"Fahrradabstellplatz","city":"Wittenburg","address":null,"covered":false,"access":null,"website":null,"phone":null,"source":"OpenStreetMap/node/11861971066","sourceUpdatedAt":null,"verifiedAt":null}},{"type":"Feature","geometry":{"type":"Point","coordinates":[12.6171127,51.8678123]},"properties":{"id":"bikerack:13a02338-b52f-4981-ae24-1c6a89643400","kind":"bikerack","longitude":12.6171127,"latitude":51.8678123,"name":"Fahrradabstellplatz","city":"Wittenburg","address":null,"covered":false,"access":null,"website":null,"phone":null,"source":"OpenStreetMap/node/12133840072","sourceUpdatedAt":null,"verifiedAt":null}},{"type":"Feature","geometry":{"type":"Point","coordinates":[12.6388691,51.8665305]},"properties":{"id":"bikerack:1726e153-eb76-463e-8632-c0cd280a2f5a","kind":"bikerack","longitude":12.6388691,"latitude":51.8665305,"name":"Fahrradabstellplatz","city":"Wittenburg","address":null,"covered":false,"access":null,"website":null,"phone":null,"source":"OpenStreetMap/node/11968249855","sourceUpdatedAt":null,"verifiedAt":null}},{"type":"Feature","geometry":{"type":"Point","coordinates":[12.6160287,51.8685391]},"properties":{"id":"bikerack:18e14a84-3842-43bf-8ac2-5c1236e2d1a4","kind":"bikerack","longitude":12.6160287,"latitude":51.8685391,"name":"Fahrradabstellplatz","city":"Wittenburg","address":null,"covered":false,"access":null,"website":null,"phone":null,"source":"OpenStreetMap/node/12630155468","sourceUpdatedAt":null,"verifiedAt":null}},{"type":"Feature","geometry":{"type":"Point","coordinates":[12.6176511,51.8674909]},"properties":{"id":"bikerack:19fa57b1-694c-423f-81a0-71c03d9b70cf","kind":"bikerack","longitude":12.6176511,"latitude":51.8674909,"name":"Fahrradabstellplatz","city":"Wittenburg","address":null,"covered":false,"access":null,"website":null,"phone":null,"source":"OpenStreetMap/node/12133840048","sourceUpdatedAt":null,"verifiedAt":null}},{"type":"Feature","geometry":{"type":"Point","coordinates":[12.6158272,51.8663231]},"properties":{"id":"bikerack:1a2116a0-64a0-46d8-bcae-4fa372145eb4","kind":"bikerack","longitude":12.6158272,"latitude":51.8663231,"name":"Fahrradabstellplatz","city":"Wittenburg","address":null,"covered":false,"access":null,"website":null,"phone":null,"source":"OpenStreetMap/node/12549077820","sourceUpdatedAt":null,"verifiedAt":null}},{"type":"Feature","geometry":{"type":"Point","coordinates":[12.6189956,51.8681295]},"properties":{"id":"bikerack:1a7e0fb7-a513-4c49-bb13-e3836ba4b959","kind":"bikerack","longitude":12.6189956,"latitude":51.8681295,"name":"Fahrradabstellplatz","city":"Wittenburg","address":null,"covered":false,"access":null,"website":null,"phone":null,"source":"OpenStreetMap/node/12138288755","sourceUpdatedAt":null,"verifiedAt":null}},{"type":"Feature","geometry":{"type":"Point","coordinates":[12.6196699,51.8678924]},"properties":{"id":"bikerack:1aa87c0c-9da4-48dd-989c-6b37e8f69906","kind":"bikerack","longitude":12.6196699,"latitude":51.8678924,"name":"Fahrradabstellplatz","city":"Wittenburg","address":null,"covered":false,"access":null,"website":null,"phone":null,"source":"OpenStreetMap/node/12138288775","sourceUpdatedAt":null,"verifiedAt":null}},{"type":"Feature","geometry":{"type":"Point","coordinates":[12.6177698,51.8678367]},"properties":{"id":"bikerack:1ab69c05-82cf-40fb-a1e6-d2f560880fd4","kind":"bikerack","longitude":12.6177698,"latitude":51.8678367,"name":"Fahrradabstellplatz","city":"Wittenburg","address":null,"covered":false,"access":null,"website":null,"phone":null,"source":"OpenStreetMap/node/12133840051","sourceUpdatedAt":null,"verifiedAt":null}},{"type":"Feature","geometry":{"type":"Point","coordinates":[12.6461542,51.868393]},"properties":{"id":"bikerack:219f8a89-6d4d-4c01-b82b-fa096c38cf07","kind":"bikerack","longitude":12.6461542,"latitude":51.868393,"name":"Fahrradabstellplatz","city":"Wittenburg","address":null,"covered":false,"access":null,"website":null,"phone":null,"source":"OpenStreetMap/node/12134435566","sourceUpdatedAt":null,"verifiedAt":null}},{"type":"Feature","geometry":{"type":"Point","coordinates":[12.6483643,51.8681832]},"properties":{"id":"bikerack:22f71773-d612-4a81-96d2-fb048fd7082a","kind":"bikerack","longitude":12.6483643,"latitude":51.8681832,"name":"Fahrradabstellplatz","city":"Wittenburg","address":null,"covered":false,"access":null,"website":null,"phone":null,"source":"OpenStreetMap/node/11861922522","sourceUpdatedAt":null,"verifiedAt":null}},{"type":"Feature","geometry":{"type":"Point","coordinates":[12.6162144,51.8673093]},"properties":{"id":"bikerack:23d66c18-8ab3-4169-8cf2-38177a857f02","kind":"bikerack","longitude":12.6162144,"latitude":51.8673093,"name":"Fahrradabstellplatz","city":"Wittenburg","address":null,"covered":false,"access":null,"website":null,"phone":null,"source":"OpenStreetMap/node/12128092570","sourceUpdatedAt":null,"verifiedAt":null}},{"type":"Feature","geometry":{"type":"Point","coordinates":[12.6164646,51.8677061]},"properties":{"id":"bikerack:241307d6-7c32-4fda-ac74-33e8cc807a6a","kind":"bikerack","longitude":12.6164646,"latitude":51.8677061,"name":"Fahrradabstellplatz","city":"Wittenburg","address":null,"covered":false,"access":null,"website":null,"phone":null,"source":"OpenStreetMap/node/12133840083","sourceUpdatedAt":null,"verifiedAt":null}},{"type":"Feature","geometry":{"type":"Point","coordinates":[12.6414894,51.8687823]},"properties":{"id":"bikerack:2574ac62-c429-4c9a-b234-1e51dee9fa1f","kind":"bikerack","longitude":12.6414894,"latitude":51.8687823,"name":"Fahrradabstellplatz","city":"Wittenburg","address":null,"covered":false,"access":null,"website":null,"phone":null,"source":"OpenStreetMap/node/11861950097","sourceUpdatedAt":null,"verifiedAt":null}},{"type":"Feature","geometry":{"type":"Point","coordinates":[12.618577,51.8670014]},"properties":{"id":"bikerack:26fcc0af-4f1e-4f04-b9e5-c55a05a98cd8","kind":"bikerack","longitude":12.618577,"latitude":51.8670014,"name":"Fahrradabstellplatz","city":"Wittenburg","address":null,"covered":false,"access":null,"website":null,"phone":null,"source":"OpenStreetMap/node/12630195359","sourceUpdatedAt":null,"verifiedAt":null}},{"type":"Feature","geometry":{"type":"Point","coordinates":[12.620739,51.8677166]},"properties":{"id":"bikerack:27c96dce-0b7b-4dc2-8865-114c238065a4","kind":"bikerack","longitude":12.620739,"latitude":51.8677166,"name":"Fahrradabstellplatz","city":"Wittenburg","address":null,"covered":false,"access":null,"website":null,"phone":null,"source":"OpenStreetMap/node/12630232990","sourceUpdatedAt":null,"verifiedAt":null}},{"type":"Feature","geometry":{"type":"Point","coordinates":[12.6167847,51.8660129]},"properties":{"id":"bikerack:27d92ea1-62f4-4c83-b1ba-108706b29ab2","kind":"bikerack","longitude":12.6167847,"latitude":51.8660129,"name":"Fahrradabstellplatz","city":"Wittenburg","address":null,"covered":false,"access":null,"website":null,"phone":null,"source":"OpenStreetMap/node/12125332269","sourceUpdatedAt":null,"verifiedAt":null}},{"type":"Feature","geometry":{"type":"Point","coordinates":[12.6182956,51.866767]},"properties":{"id":"bikerack:29726113-ce82-46f3-8ed2-3a19c2c9cce1","kind":"bikerack","longitude":12.6182956,"latitude":51.866767,"name":"Fahrradabstellplatz","city":"Wittenburg","address":null,"covered":false,"access":null,"website":null,"phone":null,"source":"OpenStreetMap/node/12549054435","sourceUpdatedAt":null,"verifiedAt":null}},{"type":"Feature","geometry":{"type":"Point","coordinates":[12.6191823,51.8680986]},"properties":{"id":"bikerack:29ea9db6-5c6e-4160-b024-c61b3a23dcb8","kind":"bikerack","longitude":12.6191823,"latitude":51.8680986,"name":"Fahrradabstellplatz","city":"Wittenburg","address":null,"covered":false,"access":null,"website":null,"phone":null,"source":"OpenStreetMap/node/12138288754","sourceUpdatedAt":null,"verifiedAt":null}},{"type":"Feature","geometry":{"type":"Point","coordinates":[12.6164929,51.8678867]},"properties":{"id":"bikerack:2b79ecda-4799-4342-84ec-827d21d18d29","kind":"bikerack","longitude":12.6164929,"latitude":51.8678867,"name":"Fahrradabstellplatz","city":"Wittenburg","address":null,"covered":false,"access":null,"website":null,"phone":null,"source":"OpenStreetMap/node/12133840080","sourceUpdatedAt":null,"verifiedAt":null}},{"type":"Feature","geometry":{"type":"Point","coordinates":[12.6186153,51.866179]},"properties":{"id":"bikerack:2be14f0e-f24e-41ac-8de2-47017898ac09","kind":"bikerack","longitude":12.6186153,"latitude":51.866179,"name":"Fahrradabstellplatz","city":"Wittenburg","address":null,"covered":false,"access":null,"website":null,"phone":null,"source":"OpenStreetMap/node/12125332274","sourceUpdatedAt":null,"verifiedAt":null}},{"type":"Feature","geometry":{"type":"Point","coordinates":[12.6157844,51.8681476]},"properties":{"id":"bikerack:2d137de9-6e1f-472d-a04d-23f5396dabb3","kind":"bikerack","longitude":12.6157844,"latitude":51.8681476,"name":"Fahrradabstellplatz","city":"Wittenburg","address":null,"covered":false,"access":null,"website":null,"phone":null,"source":"OpenStreetMap/node/12630260203","sourceUpdatedAt":null,"verifiedAt":null}},{"type":"Feature","geometry":{"type":"Point","coordinates":[12.6426455,51.8663461]},"properties":{"id":"bikerack:2f37d457-e8a3-4594-9a5c-029fd61d7f5f","kind":"bikerack","longitude":12.6426455,"latitude":51.8663461,"name":"Fahrradabstellplatz","city":"Wittenburg","address":null,"covered":false,"access":null,"website":null,"phone":null,"source":"OpenStreetMap/node/11862353934","sourceUpdatedAt":null,"verifiedAt":null}},{"type":"Feature","geometry":{"type":"Point","coordinates":[12.6136993,51.8674161]},"properties":{"id":"bikerack:335e4881-2f14-4037-a37a-43faec13998b","kind":"bikerack","longitude":12.6136993,"latitude":51.8674161,"name":"Fahrradabstellplatz","city":"Wittenburg","address":null,"covered":false,"access":null,"website":null,"phone":null,"source":"OpenStreetMap/way/1377487313","sourceUpdatedAt":null,"verifiedAt":null}},{"type":"Feature","geometry":{"type":"Point","coordinates":[12.6197602,51.8666301]},"properties":{"id":"bikerack:33c64dda-3fc5-4727-812a-b7e135ac270a","kind":"bikerack","longitude":12.6197602,"latitude":51.8666301,"name":"Fahrradabstellplatz","city":"Wittenburg","address":null,"covered":false,"access":null,"website":null,"phone":null,"source":"OpenStreetMap/node/12630232993","sourceUpdatedAt":null,"verifiedAt":null}},{"type":"Feature","geometry":{"type":"Point","coordinates":[12.6167006,51.8684608]},"properties":{"id":"bikerack:347538d4-e477-4345-9be0-2c89a0acc154","kind":"bikerack","longitude":12.6167006,"latitude":51.8684608,"name":"Fahrradabstellplatz","city":"Wittenburg","address":null,"covered":false,"access":null,"website":null,"phone":null,"source":"OpenStreetMap/node/12138288762","sourceUpdatedAt":null,"verifiedAt":null}},{"type":"Feature","geometry":{"type":"Point","coordinates":[12.6159296,51.8681379]},"properties":{"id":"bikerack:35aa7486-6325-4eb3-8038-75846df128fa","kind":"bikerack","longitude":12.6159296,"latitude":51.8681379,"name":"Fahrradabstellplatz","city":"Wittenburg","address":null,"covered":false,"access":null,"website":null,"phone":null,"source":"OpenStreetMap/node/12630195003","sourceUpdatedAt":null,"verifiedAt":null}},{"type":"Feature","geometry":{"type":"Point","coordinates":[12.6158163,51.8662105]},"properties":{"id":"bikerack:366a301e-f9ab-479a-a7f8-3333937af613","kind":"bikerack","longitude":12.6158163,"latitude":51.8662105,"name":"Fahrradabstellplatz","city":"Wittenburg","address":null,"covered":false,"access":null,"website":null,"phone":null,"source":"OpenStreetMap/node/12549077819","sourceUpdatedAt":null,"verifiedAt":null}},{"type":"Feature","geometry":{"type":"Point","coordinates":[12.6196004,51.8676584]},"properties":{"id":"bikerack:368800ff-669c-4703-bb5c-4df6bd747eb8","kind":"bikerack","longitude":12.6196004,"latitude":51.8676584,"name":"Fahrradabstellplatz","city":"Wittenburg","address":null,"covered":false,"access":null,"website":null,"phone":null,"source":"OpenStreetMap/node/12138288779","sourceUpdatedAt":null,"verifiedAt":null}},{"type":"Feature","geometry":{"type":"Point","coordinates":[12.6445889,51.8711958]},"properties":{"id":"bikerack:389b70da-b1d3-44fd-9192-7816904d6823","kind":"bikerack","longitude":12.6445889,"latitude":51.8711958,"name":"Fahrradabstellplatz","city":"Wittenburg","address":null,"covered":false,"access":null,"website":null,"phone":null,"source":"OpenStreetMap/node/12569213368","sourceUpdatedAt":null,"verifiedAt":null}},{"type":"Feature","geometry":{"type":"Point","coordinates":[12.6183337,51.8675937]},"properties":{"id":"bikerack:38af83d0-99d5-4b96-8848-400b24541fab","kind":"bikerack","longitude":12.6183337,"latitude":51.8675937,"name":"Fahrradabstellplatz","city":"Wittenburg","address":null,"covered":false,"access":null,"website":null,"phone":null,"source":"OpenStreetMap/node/12133840056","sourceUpdatedAt":null,"verifiedAt":null}},{"type":"Feature","geometry":{"type":"Point","coordinates":[12.6144022,51.8667911]},"properties":{"id":"bikerack:393ac5e6-735e-4868-8af3-a2d90685d47a","kind":"bikerack","longitude":12.6144022,"latitude":51.8667911,"name":"Fahrradabstellplatz","city":"Wittenburg","address":null,"covered":false,"access":null,"website":null,"phone":null,"source":"OpenStreetMap/node/12754598628","sourceUpdatedAt":null,"verifiedAt":null}},{"type":"Feature","geometry":{"type":"Point","coordinates":[12.6144636,51.867136]},"properties":{"id":"bikerack:39b7ca5f-287e-4ef6-a58b-ae192685d53a","kind":"bikerack","longitude":12.6144636,"latitude":51.867136,"name":"Fahrradabstellplatz","city":"Wittenburg","address":null,"covered":false,"access":null,"website":null,"phone":null,"source":"OpenStreetMap/node/12754601110","sourceUpdatedAt":null,"verifiedAt":null}},{"type":"Feature","geometry":{"type":"Point","coordinates":[12.6157285,51.8681538]},"properties":{"id":"bikerack:3a40fe12-fa56-44f9-a206-1d49f7ef1347","kind":"bikerack","longitude":12.6157285,"latitude":51.8681538,"name":"Fahrradabstellplatz","city":"Wittenburg","address":null,"covered":false,"access":null,"website":null,"phone":null,"source":"OpenStreetMap/node/12630234846","sourceUpdatedAt":null,"verifiedAt":null}},{"type":"Feature","geometry":{"type":"Point","coordinates":[12.6429965,51.8662814]},"properties":{"id":"bikerack:3bd2ea0b-4d65-404d-ba3b-29345d46886b","kind":"bikerack","longitude":12.6429965,"latitude":51.8662814,"name":"Fahrradabstellplatz","city":"Wittenburg","address":null,"covered":false,"access":null,"website":null,"phone":null,"source":"OpenStreetMap/node/11968249008","sourceUpdatedAt":null,"verifiedAt":null}},{"type":"Feature","geometry":{"type":"Point","coordinates":[12.6389726,51.8661774]},"properties":{"id":"bikerack:3c9ce96a-6d50-4fbf-95e7-94b635eefb66","kind":"bikerack","longitude":12.6389726,"latitude":51.8661774,"name":"Fahrradabstellplatz","city":"Wittenburg","address":null,"covered":false,"access":null,"website":null,"phone":null,"source":"OpenStreetMap/way/228131493","sourceUpdatedAt":null,"verifiedAt":null}},{"type":"Feature","geometry":{"type":"Point","coordinates":[12.6182549,51.8673642]},"properties":{"id":"bikerack:3cb868f7-88bc-499b-b3d2-f5bf2533ea84","kind":"bikerack","longitude":12.6182549,"latitude":51.8673642,"name":"Fahrradabstellplatz","city":"Wittenburg","address":null,"covered":false,"access":null,"website":null,"phone":null,"source":"OpenStreetMap/node/12133840060","sourceUpdatedAt":null,"verifiedAt":null}},{"type":"Feature","geometry":{"type":"Point","coordinates":[12.6177211,51.8659682]},"properties":{"id":"bikerack:3d85f307-4daf-4270-954a-bf29f5efc848","kind":"bikerack","longitude":12.6177211,"latitude":51.8659682,"name":"Fahrradabstellplatz","city":"Wittenburg","address":null,"covered":false,"access":null,"website":null,"phone":null,"source":"OpenStreetMap/node/12125332271","sourceUpdatedAt":null,"verifiedAt":null}},{"type":"Feature","geometry":{"type":"Point","coordinates":[12.6137397,51.8670285]},"properties":{"id":"bikerack:3da801f9-5749-493a-90e7-e6f2e47a47cd","kind":"bikerack","longitude":12.6137397,"latitude":51.8670285,"name":"Fahrradabstellplatz","city":"Wittenburg","address":null,"covered":false,"access":null,"website":null,"phone":null,"source":"OpenStreetMap/node/12754582592","sourceUpdatedAt":null,"verifiedAt":null}},{"type":"Feature","geometry":{"type":"Point","coordinates":[12.6153225,51.8686434]},"properties":{"id":"bikerack:3f789038-e058-4427-a1fc-36d05940c690","kind":"bikerack","longitude":12.6153225,"latitude":51.8686434,"name":"Fahrradabstellplatz","city":"Wittenburg","address":null,"covered":false,"access":null,"website":null,"phone":null,"source":"OpenStreetMap/node/12138288772","sourceUpdatedAt":null,"verifiedAt":null}},{"type":"Feature","geometry":{"type":"Point","coordinates":[12.6157782,51.8666313]},"properties":{"id":"bikerack:4024568e-1a8d-4144-bfe1-b79a769d5227","kind":"bikerack","longitude":12.6157782,"latitude":51.8666313,"name":"Fahrradabstellplatz","city":"Wittenburg","address":null,"covered":false,"access":null,"website":null,"phone":null,"source":"OpenStreetMap/node/12549077822","sourceUpdatedAt":null,"verifiedAt":null}},{"type":"Feature","geometry":{"type":"Point","coordinates":[12.6209247,51.8676921]},"properties":{"id":"bikerack:4026339c-fdfd-4aa2-973a-7bd2c7e55c6d","kind":"bikerack","longitude":12.6209247,"latitude":51.8676921,"name":"Fahrradabstellplatz","city":"Wittenburg","address":null,"covered":false,"access":null,"website":null,"phone":null,"source":"OpenStreetMap/node/12630203365","sourceUpdatedAt":null,"verifiedAt":null}},{"type":"Feature","geometry":{"type":"Point","coordinates":[12.6206758,51.8677256]},"properties":{"id":"bikerack:419de97b-6ce3-406b-adbc-ef0128d524c0","kind":"bikerack","longitude":12.6206758,"latitude":51.8677256,"name":"Fahrradabstellplatz","city":"Wittenburg","address":null,"covered":false,"access":null,"website":null,"phone":null,"source":"OpenStreetMap/node/12630203364","sourceUpdatedAt":null,"verifiedAt":null}},{"type":"Feature","geometry":{"type":"Point","coordinates":[12.6160424,51.8674114]},"properties":{"id":"bikerack:42703112-cfc7-41a0-9a7e-a5b811b202b6","kind":"bikerack","longitude":12.6160424,"latitude":51.8674114,"name":"Fahrradabstellplatz","city":"Wittenburg","address":null,"covered":false,"access":null,"website":null,"phone":null,"source":"OpenStreetMap/node/12754564961","sourceUpdatedAt":null,"verifiedAt":null}},{"type":"Feature","geometry":{"type":"Point","coordinates":[12.6162102,51.8685732]},"properties":{"id":"bikerack:4334f207-c712-42ac-a609-83d9b0970d1e","kind":"bikerack","longitude":12.6162102,"latitude":51.8685732,"name":"Fahrradabstellplatz","city":"Wittenburg","address":null,"covered":true,"access":null,"website":null,"phone":null,"source":"OpenStreetMap/way/1280696796","sourceUpdatedAt":null,"verifiedAt":null}},{"type":"Feature","geometry":{"type":"Point","coordinates":[12.6165827,51.8668728]},"properties":{"id":"bikerack:439cde20-e2d2-41a2-ae26-1a0067acc956","kind":"bikerack","longitude":12.6165827,"latitude":51.8668728,"name":"Fahrradabstellplatz","city":"Wittenburg","address":null,"covered":false,"access":null,"website":null,"phone":null,"source":"OpenStreetMap/node/12128092564","sourceUpdatedAt":null,"verifiedAt":null}},{"type":"Feature","geometry":{"type":"Point","coordinates":[12.6175882,51.8683512]},"properties":{"id":"bikerack:45c67481-3a13-499f-b96f-0e2446e4cacd","kind":"bikerack","longitude":12.6175882,"latitude":51.8683512,"name":"Fahrradabstellplatz","city":"Wittenburg","address":null,"covered":false,"access":null,"website":null,"phone":null,"source":"OpenStreetMap/node/12630222146","sourceUpdatedAt":null,"verifiedAt":null}},{"type":"Feature","geometry":{"type":"Point","coordinates":[12.6157652,51.8665168]},"properties":{"id":"bikerack:4631088b-fc69-4373-ac5d-188f058da7ff","kind":"bikerack","longitude":12.6157652,"latitude":51.8665168,"name":"Fahrradabstellplatz","city":"Wittenburg","address":null,"covered":false,"access":null,"website":null,"phone":null,"source":"OpenStreetMap/node/12549077821","sourceUpdatedAt":null,"verifiedAt":null}},{"type":"Feature","geometry":{"type":"Point","coordinates":[12.6171569,51.8679855]},"properties":{"id":"bikerack:46744a0f-5d82-4678-a06a-1f7f07e6ab92","kind":"bikerack","longitude":12.6171569,"latitude":51.8679855,"name":"Fahrradabstellplatz","city":"Wittenburg","address":null,"covered":false,"access":null,"website":null,"phone":null,"source":"OpenStreetMap/node/12133840069","sourceUpdatedAt":null,"verifiedAt":null}},{"type":"Feature","geometry":{"type":"Point","coordinates":[12.6166467,51.8665949]},"properties":{"id":"bikerack:47a2c98d-653f-47e1-8adc-9e844f6c8c3b","kind":"bikerack","longitude":12.6166467,"latitude":51.8665949,"name":"Fahrradabstellplatz","city":"Wittenburg","address":null,"covered":false,"access":null,"website":null,"phone":null,"source":"OpenStreetMap/node/12125332277","sourceUpdatedAt":null,"verifiedAt":null}},{"type":"Feature","geometry":{"type":"Point","coordinates":[12.620859,51.8677005]},"properties":{"id":"bikerack:48401b7c-a0c9-4b3e-a0fd-94e6d2bb9d1f","kind":"bikerack","longitude":12.620859,"latitude":51.8677005,"name":"Fahrradabstellplatz","city":"Wittenburg","address":null,"covered":false,"access":null,"website":null,"phone":null,"source":"OpenStreetMap/node/12630222149","sourceUpdatedAt":null,"verifiedAt":null}},{"type":"Feature","geometry":{"type":"Point","coordinates":[12.617849,51.8683119]},"properties":{"id":"bikerack:48cee6e2-4b86-441d-848e-914a3e991c0e","kind":"bikerack","longitude":12.617849,"latitude":51.8683119,"name":"Fahrradabstellplatz","city":"Wittenburg","address":null,"covered":false,"access":null,"website":null,"phone":null,"source":"OpenStreetMap/node/12138288759","sourceUpdatedAt":null,"verifiedAt":null}},{"type":"Feature","geometry":{"type":"Point","coordinates":[12.6430522,51.8662567]},"properties":{"id":"bikerack:4a394d22-9b5a-4b33-8e51-2b041dd90825","kind":"bikerack","longitude":12.6430522,"latitude":51.8662567,"name":"Fahrradabstellplatz","city":"Wittenburg","address":null,"covered":false,"access":null,"website":null,"phone":null,"source":"OpenStreetMap/node/12551238766","sourceUpdatedAt":null,"verifiedAt":null}},{"type":"Feature","geometry":{"type":"Point","coordinates":[12.6381116,51.8667136]},"properties":{"id":"bikerack:4a6283e6-efdc-412d-a6c8-a59754ee3446","kind":"bikerack","longitude":12.6381116,"latitude":51.8667136,"name":"Fahrradabstellplatz","city":"Wittenburg","address":null,"covered":false,"access":null,"website":null,"phone":null,"source":"OpenStreetMap/node/12134435581","sourceUpdatedAt":null,"verifiedAt":null}},{"type":"Feature","geometry":{"type":"Point","coordinates":[12.6171593,51.8676315]},"properties":{"id":"bikerack:4bf87926-7a42-4c20-a12b-9b4100fa4149","kind":"bikerack","longitude":12.6171593,"latitude":51.8676315,"name":"Fahrradabstellplatz","city":"Wittenburg","address":null,"covered":true,"access":null,"website":null,"phone":null,"source":"OpenStreetMap/way/1280669043","sourceUpdatedAt":null,"verifiedAt":null}},{"type":"Feature","geometry":{"type":"Point","coordinates":[12.6190889,51.8681169]},"properties":{"id":"bikerack:4c61ade5-d4f0-47c0-ae5d-e64b1c5f63bf","kind":"bikerack","longitude":12.6190889,"latitude":51.8681169,"name":"Fahrradabstellplatz","city":"Wittenburg","address":null,"covered":false,"access":null,"website":null,"phone":null,"source":"OpenStreetMap/node/12630225526","sourceUpdatedAt":null,"verifiedAt":null}},{"type":"Feature","geometry":{"type":"Point","coordinates":[12.6143523,51.8663645]},"properties":{"id":"bikerack:4eef5b0a-fcdb-4dd3-8b80-862ea9b8f506","kind":"bikerack","longitude":12.6143523,"latitude":51.8663645,"name":"Fahrradabstellplatz","city":"Wittenburg","address":null,"covered":false,"access":null,"website":null,"phone":null,"source":"OpenStreetMap/node/12754600447","sourceUpdatedAt":null,"verifiedAt":null}},{"type":"Feature","geometry":{"type":"Point","coordinates":[12.6404421,51.8682711]},"properties":{"id":"bikerack:4ef2cea0-89b4-4cf1-9a0f-039a7df2cd94","kind":"bikerack","longitude":12.6404421,"latitude":51.8682711,"name":"Fahrradabstellplatz","city":"Wittenburg","address":null,"covered":false,"access":null,"website":null,"phone":null,"source":"OpenStreetMap/node/11861981853","sourceUpdatedAt":null,"verifiedAt":null}},{"type":"Feature","geometry":{"type":"Point","coordinates":[12.6209819,51.8677313]},"properties":{"id":"bikerack:51114e0b-d9dd-40c2-96bb-a9f3ef8f9d27","kind":"bikerack","longitude":12.6209819,"latitude":51.8677313,"name":"Fahrradabstellplatz","city":"Wittenburg","address":null,"covered":true,"access":null,"website":null,"phone":null,"source":"OpenStreetMap/way/1367165284","sourceUpdatedAt":null,"verifiedAt":null}},{"type":"Feature","geometry":{"type":"Point","coordinates":[12.6441962,51.8649322]},"properties":{"id":"bikerack:524ffec4-1e08-47f6-94dc-2d070b672e5f","kind":"bikerack","longitude":12.6441962,"latitude":51.8649322,"name":"Fahrradabstellplatz","city":"Wittenburg","address":null,"covered":false,"access":null,"website":null,"phone":null,"source":"OpenStreetMap/node/12134435569","sourceUpdatedAt":null,"verifiedAt":null}},{"type":"Feature","geometry":{"type":"Point","coordinates":[12.6178678,51.8678815]},"properties":{"id":"bikerack:548ae765-909c-4617-afc2-98e013152220","kind":"bikerack","longitude":12.6178678,"latitude":51.8678815,"name":"Fahrradabstellplatz","city":"Wittenburg","address":null,"covered":true,"access":null,"website":null,"phone":null,"source":"OpenStreetMap/way/1367165277","sourceUpdatedAt":null,"verifiedAt":null}},{"type":"Feature","geometry":{"type":"Point","coordinates":[12.618295,51.8674809]},"properties":{"id":"bikerack:54c6af72-5334-4c7b-8eef-61ec1e64109f","kind":"bikerack","longitude":12.618295,"latitude":51.8674809,"name":"Fahrradabstellplatz","city":"Wittenburg","address":null,"covered":false,"access":null,"website":null,"phone":null,"source":"OpenStreetMap/node/12133840058","sourceUpdatedAt":null,"verifiedAt":null}},{"type":"Feature","geometry":{"type":"Point","coordinates":[12.6179655,51.8659563]},"properties":{"id":"bikerack:566970bc-95c6-4422-ab2a-9a9614dcfb39","kind":"bikerack","longitude":12.6179655,"latitude":51.8659563,"name":"Fahrradabstellplatz","city":"Wittenburg","address":null,"covered":false,"access":null,"website":null,"phone":null,"source":"OpenStreetMap/node/12125332272","sourceUpdatedAt":null,"verifiedAt":null}},{"type":"Feature","geometry":{"type":"Point","coordinates":[12.6189147,51.8681418]},"properties":{"id":"bikerack:5671bdfd-1f83-471c-97fb-91c12f5b1933","kind":"bikerack","longitude":12.6189147,"latitude":51.8681418,"name":"Fahrradabstellplatz","city":"Wittenburg","address":null,"covered":false,"access":null,"website":null,"phone":null,"source":"OpenStreetMap/node/12630212283","sourceUpdatedAt":null,"verifiedAt":null}},{"type":"Feature","geometry":{"type":"Point","coordinates":[12.6212609,51.8671402]},"properties":{"id":"bikerack:56b54e6c-538b-4b10-b9a0-637e8c697f37","kind":"bikerack","longitude":12.6212609,"latitude":51.8671402,"name":"Fahrradabstellplatz","city":"Wittenburg","address":null,"covered":false,"access":null,"website":null,"phone":null,"source":"OpenStreetMap/node/12630173487","sourceUpdatedAt":null,"verifiedAt":null}},{"type":"Feature","geometry":{"type":"Point","coordinates":[12.6134223,51.8671161]},"properties":{"id":"bikerack:57278deb-173b-430a-a7a2-87f21bbb17d8","kind":"bikerack","longitude":12.6134223,"latitude":51.8671161,"name":"Fahrradabstellplatz","city":"Wittenburg","address":null,"covered":false,"access":null,"website":null,"phone":null,"source":"OpenStreetMap/node/12754582591","sourceUpdatedAt":null,"verifiedAt":null}},{"type":"Feature","geometry":{"type":"Point","coordinates":[12.6176912,51.8676076]},"properties":{"id":"bikerack:577a37f0-4428-423f-85fc-4eee3135ffda","kind":"bikerack","longitude":12.6176912,"latitude":51.8676076,"name":"Fahrradabstellplatz","city":"Wittenburg","address":null,"covered":false,"access":null,"website":null,"phone":null,"source":"OpenStreetMap/node/12133840046","sourceUpdatedAt":null,"verifiedAt":null}},{"type":"Feature","geometry":{"type":"Point","coordinates":[12.617341,51.867896]},"properties":{"id":"bikerack:5855ca0b-1441-416b-9636-8d77f8b98f4a","kind":"bikerack","longitude":12.617341,"latitude":51.867896,"name":"Fahrradabstellplatz","city":"Wittenburg","address":null,"covered":true,"access":null,"website":null,"phone":null,"source":"OpenStreetMap/way/1367165275","sourceUpdatedAt":null,"verifiedAt":null}},{"type":"Feature","geometry":{"type":"Point","coordinates":[12.6148592,51.867177]},"properties":{"id":"bikerack:58d247c5-f92e-4020-9c8e-68cd2fb70d5a","kind":"bikerack","longitude":12.6148592,"latitude":51.867177,"name":"Fahrradabstellplatz","city":"Wittenburg","address":null,"covered":false,"access":null,"website":null,"phone":null,"source":"OpenStreetMap/node/12754603003","sourceUpdatedAt":null,"verifiedAt":null}},{"type":"Feature","geometry":{"type":"Point","coordinates":[12.6164563,51.8676532]},"properties":{"id":"bikerack:59145f3b-7353-46dc-8cbe-25131a73730d","kind":"bikerack","longitude":12.6164563,"latitude":51.8676532,"name":"Fahrradabstellplatz","city":"Wittenburg","address":null,"covered":false,"access":null,"website":null,"phone":null,"source":"OpenStreetMap/node/12133840084","sourceUpdatedAt":null,"verifiedAt":null}},{"type":"Feature","geometry":{"type":"Point","coordinates":[12.6183004,51.8670404]},"properties":{"id":"bikerack:591bcf38-e74c-48a2-b6de-ee84b2189244","kind":"bikerack","longitude":12.6183004,"latitude":51.8670404,"name":"Fahrradabstellplatz","city":"Wittenburg","address":null,"covered":false,"access":null,"website":null,"phone":null,"source":"OpenStreetMap/node/12630186697","sourceUpdatedAt":null,"verifiedAt":null}},{"type":"Feature","geometry":{"type":"Point","coordinates":[12.6189147,51.8674442]},"properties":{"id":"bikerack:5b67de2f-27cb-47d7-9d3e-9c7dbf669c61","kind":"bikerack","longitude":12.6189147,"latitude":51.8674442,"name":"Fahrradabstellplatz","city":"Wittenburg","address":null,"covered":false,"access":null,"website":null,"phone":null,"source":"OpenStreetMap/node/12133840065","sourceUpdatedAt":null,"verifiedAt":null}},{"type":"Feature","geometry":{"type":"Point","coordinates":[12.6182424,51.8666193]},"properties":{"id":"bikerack:5c83ca31-cca3-432d-b389-5d7f27a8424f","kind":"bikerack","longitude":12.6182424,"latitude":51.8666193,"name":"Fahrradabstellplatz","city":"Wittenburg","address":null,"covered":false,"access":null,"website":null,"phone":null,"source":"OpenStreetMap/node/12549054434","sourceUpdatedAt":null,"verifiedAt":null}},{"type":"Feature","geometry":{"type":"Point","coordinates":[12.6143254,51.8662154]},"properties":{"id":"bikerack:5e91dafe-648a-46e8-9dfe-f1f340bcf2fa","kind":"bikerack","longitude":12.6143254,"latitude":51.8662154,"name":"Fahrradabstellplatz","city":"Wittenburg","address":null,"covered":false,"access":null,"website":null,"phone":null,"source":"OpenStreetMap/node/12754615202","sourceUpdatedAt":null,"verifiedAt":null}},{"type":"Feature","geometry":{"type":"Point","coordinates":[12.61707,51.8659993]},"properties":{"id":"bikerack:5ec602b9-8a8c-41be-b025-1e2d20dd8407","kind":"bikerack","longitude":12.61707,"latitude":51.8659993,"name":"Fahrradabstellplatz","city":"Wittenburg","address":null,"covered":false,"access":null,"website":null,"phone":null,"source":"OpenStreetMap/node/12125332270","sourceUpdatedAt":null,"verifiedAt":null}},{"type":"Feature","geometry":{"type":"Point","coordinates":[12.6171247,51.8672681]},"properties":{"id":"bikerack:5f56f551-80d2-4e6b-8cfd-1c157fd448f8","kind":"bikerack","longitude":12.6171247,"latitude":51.8672681,"name":"Fahrradabstellplatz","city":"Wittenburg","address":null,"covered":false,"access":null,"website":null,"phone":null,"source":"OpenStreetMap/way/1377491895","sourceUpdatedAt":null,"verifiedAt":null}},{"type":"Feature","geometry":{"type":"Point","coordinates":[12.6156378,51.8664474]},"properties":{"id":"bikerack:5fa350cf-82be-4ede-863c-6d3d4c611684","kind":"bikerack","longitude":12.6156378,"latitude":51.8664474,"name":"Fahrradabstellplatz","city":"Wittenburg","address":null,"covered":true,"access":null,"website":null,"phone":null,"source":"OpenStreetMap/way/1280665572","sourceUpdatedAt":null,"verifiedAt":null}},{"type":"Feature","geometry":{"type":"Point","coordinates":[12.616515,51.8667946]},"properties":{"id":"bikerack:60d1c240-62d1-43f0-bcf9-537cecaebb2d","kind":"bikerack","longitude":12.616515,"latitude":51.8667946,"name":"Fahrradabstellplatz","city":"Wittenburg","address":null,"covered":false,"access":null,"website":null,"phone":null,"source":"OpenStreetMap/node/12128092566","sourceUpdatedAt":null,"verifiedAt":null}},{"type":"Feature","geometry":{"type":"Point","coordinates":[12.6189369,51.8675142]},"properties":{"id":"bikerack:60de1e50-4224-4665-b810-0d7580928267","kind":"bikerack","longitude":12.6189369,"latitude":51.8675142,"name":"Fahrradabstellplatz","city":"Wittenburg","address":null,"covered":false,"access":null,"website":null,"phone":null,"source":"OpenStreetMap/node/12133840064","sourceUpdatedAt":null,"verifiedAt":null}},{"type":"Feature","geometry":{"type":"Point","coordinates":[12.6455119,51.8687303]},"properties":{"id":"bikerack:6155c87c-3533-4af4-a774-49411a6c92fb","kind":"bikerack","longitude":12.6455119,"latitude":51.8687303,"name":"Fahrradabstellplatz","city":"Wittenburg","address":null,"covered":false,"access":null,"website":null,"phone":null,"source":"OpenStreetMap/node/12134435565","sourceUpdatedAt":null,"verifiedAt":null}},{"type":"Feature","geometry":{"type":"Point","coordinates":[12.6209048,51.866759]},"properties":{"id":"bikerack:61c36ee1-08e2-4439-b437-4d837b206953","kind":"bikerack","longitude":12.6209048,"latitude":51.866759,"name":"Fahrradabstellplatz","city":"Wittenburg","address":null,"covered":false,"access":null,"website":null,"phone":null,"source":"OpenStreetMap/node/12630240389","sourceUpdatedAt":null,"verifiedAt":null}},{"type":"Feature","geometry":{"type":"Point","coordinates":[12.6178292,51.8677766]},"properties":{"id":"bikerack:62130ada-ff2b-4609-8df0-1f6b523a17cc","kind":"bikerack","longitude":12.6178292,"latitude":51.8677766,"name":"Fahrradabstellplatz","city":"Wittenburg","address":null,"covered":true,"access":null,"website":null,"phone":null,"source":"OpenStreetMap/way/1367165276","sourceUpdatedAt":null,"verifiedAt":null}},{"type":"Feature","geometry":{"type":"Point","coordinates":[12.6195849,51.8676061]},"properties":{"id":"bikerack:64d9d3be-e759-4936-b4b7-f2f7fcfbdbde","kind":"bikerack","longitude":12.6195849,"latitude":51.8676061,"name":"Fahrradabstellplatz","city":"Wittenburg","address":null,"covered":false,"access":null,"website":null,"phone":null,"source":"OpenStreetMap/node/12138288780","sourceUpdatedAt":null,"verifiedAt":null}},{"type":"Feature","geometry":{"type":"Point","coordinates":[12.6212945,51.8672948]},"properties":{"id":"bikerack:6530d98f-cce1-4ae7-bcae-f11222435e55","kind":"bikerack","longitude":12.6212945,"latitude":51.8672948,"name":"Fahrradabstellplatz","city":"Wittenburg","address":null,"covered":false,"access":null,"website":null,"phone":null,"source":"OpenStreetMap/node/12630236340","sourceUpdatedAt":null,"verifiedAt":null}},{"type":"Feature","geometry":{"type":"Point","coordinates":[12.6209109,51.8669291]},"properties":{"id":"bikerack:67bf20c4-bab6-4cea-87a8-2f2246cbfe14","kind":"bikerack","longitude":12.6209109,"latitude":51.8669291,"name":"Fahrradabstellplatz","city":"Wittenburg","address":null,"covered":false,"access":null,"website":null,"phone":null,"source":"OpenStreetMap/node/12630210493","sourceUpdatedAt":null,"verifiedAt":null}},{"type":"Feature","geometry":{"type":"Point","coordinates":[12.6434666,51.8678481]},"properties":{"id":"bikerack:67d47a15-ac97-4a7f-a903-82f6c0f525b9","kind":"bikerack","longitude":12.6434666,"latitude":51.8678481,"name":"Fahrradabstellplatz","city":"Wittenburg","address":null,"covered":false,"access":null,"website":null,"phone":null,"source":"OpenStreetMap/node/12134435575","sourceUpdatedAt":null,"verifiedAt":null}},{"type":"Feature","geometry":{"type":"Point","coordinates":[12.644341,51.8685536]},"properties":{"id":"bikerack:68636084-78ea-43f1-912d-9ba7f42bcd53","kind":"bikerack","longitude":12.644341,"latitude":51.8685536,"name":"Fahrradabstellplatz","city":"Wittenburg","address":null,"covered":false,"access":null,"website":null,"phone":null,"source":"OpenStreetMap/node/12134435582","sourceUpdatedAt":null,"verifiedAt":null}},{"type":"Feature","geometry":{"type":"Point","coordinates":[12.6209463,51.8669494]},"properties":{"id":"bikerack:69df86e2-75c2-4c10-9792-e81c006c4ab8","kind":"bikerack","longitude":12.6209463,"latitude":51.8669494,"name":"Fahrradabstellplatz","city":"Wittenburg","address":null,"covered":false,"access":null,"website":null,"phone":null,"source":"OpenStreetMap/node/12630232992","sourceUpdatedAt":null,"verifiedAt":null}},{"type":"Feature","geometry":{"type":"Point","coordinates":[12.6421835,51.8690558]},"properties":{"id":"bikerack:6ba22258-411c-465d-a04f-e9ae48298db9","kind":"bikerack","longitude":12.6421835,"latitude":51.8690558,"name":"Fahrradabstellplatz","city":"Wittenburg","address":null,"covered":false,"access":null,"website":null,"phone":null,"source":"OpenStreetMap/node/6601913536","sourceUpdatedAt":null,"verifiedAt":null}},{"type":"Feature","geometry":{"type":"Point","coordinates":[12.6445329,51.868442]},"properties":{"id":"bikerack:6db2024f-220a-43ac-bebb-7fd744c35f92","kind":"bikerack","longitude":12.6445329,"latitude":51.868442,"name":"Fahrradabstellplatz","city":"Wittenburg","address":null,"covered":false,"access":null,"website":null,"phone":null,"source":"OpenStreetMap/node/12134435583","sourceUpdatedAt":null,"verifiedAt":null}},{"type":"Feature","geometry":{"type":"Point","coordinates":[12.6204852,51.8677987]},"properties":{"id":"bikerack:6f1cfccf-da4c-4d6d-8207-b363f5084f10","kind":"bikerack","longitude":12.6204852,"latitude":51.8677987,"name":"Fahrradabstellplatz","city":"Wittenburg","address":null,"covered":true,"access":null,"website":null,"phone":null,"source":"OpenStreetMap/way/1367165282","sourceUpdatedAt":null,"verifiedAt":null}},{"type":"Feature","geometry":{"type":"Point","coordinates":[12.6164833,51.8678252]},"properties":{"id":"bikerack:70a73e73-5cd2-4b10-a80e-cf293c3c61c5","kind":"bikerack","longitude":12.6164833,"latitude":51.8678252,"name":"Fahrradabstellplatz","city":"Wittenburg","address":null,"covered":false,"access":null,"website":null,"phone":null,"source":"OpenStreetMap/node/12133840081","sourceUpdatedAt":null,"verifiedAt":null}},{"type":"Feature","geometry":{"type":"Point","coordinates":[12.6378098,51.8667922]},"properties":{"id":"bikerack:70f988e8-2202-4560-83bd-3ccd4fec10ae","kind":"bikerack","longitude":12.6378098,"latitude":51.8667922,"name":"Fahrradabstellplatz","city":"Wittenburg","address":null,"covered":false,"access":null,"website":null,"phone":null,"source":"OpenStreetMap/node/12134435579","sourceUpdatedAt":null,"verifiedAt":null}},{"type":"Feature","geometry":{"type":"Point","coordinates":[12.6147709,51.8666738]},"properties":{"id":"bikerack:710a7219-7f09-45af-8aa3-eb13f6eaa4c0","kind":"bikerack","longitude":12.6147709,"latitude":51.8666738,"name":"Fahrradabstellplatz","city":"Wittenburg","address":null,"covered":false,"access":null,"website":null,"phone":null,"source":"OpenStreetMap/node/12754591049","sourceUpdatedAt":null,"verifiedAt":null}},{"type":"Feature","geometry":{"type":"Point","coordinates":[12.6200696,51.8665568]},"properties":{"id":"bikerack:7176cc7d-bdf9-4798-a65b-f89fb0d18fa3","kind":"bikerack","longitude":12.6200696,"latitude":51.8665568,"name":"Fahrradabstellplatz","city":"Wittenburg","address":null,"covered":false,"access":null,"website":null,"phone":null,"source":"OpenStreetMap/node/12630236172","sourceUpdatedAt":null,"verifiedAt":null}},{"type":"Feature","geometry":{"type":"Point","coordinates":[12.6166042,51.8680018]},"properties":{"id":"bikerack:72a62e23-bd49-4618-9541-cdb51c8eeadf","kind":"bikerack","longitude":12.6166042,"latitude":51.8680018,"name":"Fahrradabstellplatz","city":"Wittenburg","address":null,"covered":true,"access":null,"website":null,"phone":null,"source":"OpenStreetMap/way/1280669037","sourceUpdatedAt":null,"verifiedAt":null}},{"type":"Feature","geometry":{"type":"Point","coordinates":[12.618897,51.8673954]},"properties":{"id":"bikerack:73cc2628-3a64-45d3-a5bb-04942afa98af","kind":"bikerack","longitude":12.618897,"latitude":51.8673954,"name":"Fahrradabstellplatz","city":"Wittenburg","address":null,"covered":false,"access":null,"website":null,"phone":null,"source":"OpenStreetMap/node/12133840066","sourceUpdatedAt":null,"verifiedAt":null}},{"type":"Feature","geometry":{"type":"Point","coordinates":[12.6196353,51.867776]},"properties":{"id":"bikerack:75cb11cb-ee52-4ce0-8180-38cbd6f53409","kind":"bikerack","longitude":12.6196353,"latitude":51.867776,"name":"Fahrradabstellplatz","city":"Wittenburg","address":null,"covered":false,"access":null,"website":null,"phone":null,"source":"OpenStreetMap/node/12138288777","sourceUpdatedAt":null,"verifiedAt":null}},{"type":"Feature","geometry":{"type":"Point","coordinates":[12.6526263,51.8648825]},"properties":{"id":"bikerack:7619ecc1-5bc0-4581-a53a-4dd0e902f8d9","kind":"bikerack","longitude":12.6526263,"latitude":51.8648825,"name":"Fahrradabstellplatz","city":"Wittenburg","address":null,"covered":false,"access":null,"website":null,"phone":null,"source":"OpenStreetMap/node/12134435570","sourceUpdatedAt":null,"verifiedAt":null}},{"type":"Feature","geometry":{"type":"Point","coordinates":[12.6202148,51.866546]},"properties":{"id":"bikerack:7687f5d2-b3e8-4239-9a99-ff3070075d5d","kind":"bikerack","longitude":12.6202148,"latitude":51.866546,"name":"Fahrradabstellplatz","city":"Wittenburg","address":null,"covered":false,"access":null,"website":null,"phone":null,"source":"OpenStreetMap/node/12630235661","sourceUpdatedAt":null,"verifiedAt":null}},{"type":"Feature","geometry":{"type":"Point","coordinates":[12.6203537,51.8677672]},"properties":{"id":"bikerack:76c84775-f72d-4f5e-80c7-17af937e9164","kind":"bikerack","longitude":12.6203537,"latitude":51.8677672,"name":"Fahrradabstellplatz","city":"Wittenburg","address":null,"covered":false,"access":null,"website":null,"phone":null,"source":"OpenStreetMap/node/12630216573","sourceUpdatedAt":null,"verifiedAt":null}},{"type":"Feature","geometry":{"type":"Point","coordinates":[12.6158036,51.8667402]},"properties":{"id":"bikerack:77edcf86-8d7f-4c14-aba3-f4dad6514375","kind":"bikerack","longitude":12.6158036,"latitude":51.8667402,"name":"Fahrradabstellplatz","city":"Wittenburg","address":null,"covered":false,"access":null,"website":null,"phone":null,"source":"OpenStreetMap/node/12549077823","sourceUpdatedAt":null,"verifiedAt":null}},{"type":"Feature","geometry":{"type":"Point","coordinates":[12.6480314,51.8673684]},"properties":{"id":"bikerack:786c9856-bd6f-41e1-9994-68b5e167d56d","kind":"bikerack","longitude":12.6480314,"latitude":51.8673684,"name":"Fahrradabstellplatz","city":"Wittenburg","address":null,"covered":false,"access":null,"website":null,"phone":null,"source":"OpenStreetMap/node/12134435567","sourceUpdatedAt":null,"verifiedAt":null}},{"type":"Feature","geometry":{"type":"Point","coordinates":[12.6180341,51.8682842]},"properties":{"id":"bikerack:78edb828-ca34-4dd0-b701-7654ef1f57f3","kind":"bikerack","longitude":12.6180341,"latitude":51.8682842,"name":"Fahrradabstellplatz","city":"Wittenburg","address":null,"covered":false,"access":null,"website":null,"phone":null,"source":"OpenStreetMap/node/12138288760","sourceUpdatedAt":null,"verifiedAt":null}},{"type":"Feature","geometry":{"type":"Point","coordinates":[12.6213202,51.8674236]},"properties":{"id":"bikerack:793032fb-181a-476d-8fba-e3927ed6706e","kind":"bikerack","longitude":12.6213202,"latitude":51.8674236,"name":"Fahrradabstellplatz","city":"Wittenburg","address":null,"covered":false,"access":null,"website":null,"phone":null,"source":"OpenStreetMap/node/12630232736","sourceUpdatedAt":null,"verifiedAt":null}},{"type":"Feature","geometry":{"type":"Point","coordinates":[12.6159236,51.8685472]},"properties":{"id":"bikerack:795cab56-aeef-42d1-9946-a14d0b472c12","kind":"bikerack","longitude":12.6159236,"latitude":51.8685472,"name":"Fahrradabstellplatz","city":"Wittenburg","address":null,"covered":false,"access":null,"website":null,"phone":null,"source":"OpenStreetMap/node/12138288767","sourceUpdatedAt":null,"verifiedAt":null}},{"type":"Feature","geometry":{"type":"Point","coordinates":[12.616648,51.8672564]},"properties":{"id":"bikerack:7a922a14-caf7-4a5a-ae66-3cad421daa97","kind":"bikerack","longitude":12.616648,"latitude":51.8672564,"name":"Fahrradabstellplatz","city":"Wittenburg","address":null,"covered":false,"access":null,"website":null,"phone":null,"source":"OpenStreetMap/node/12128092567","sourceUpdatedAt":null,"verifiedAt":null}},{"type":"Feature","geometry":{"type":"Point","coordinates":[12.6165847,51.8678918]},"properties":{"id":"bikerack:7ae131fc-3126-404c-86f8-65454b3054d6","kind":"bikerack","longitude":12.6165847,"latitude":51.8678918,"name":"Fahrradabstellplatz","city":"Wittenburg","address":null,"covered":true,"access":null,"website":null,"phone":null,"source":"OpenStreetMap/way/1280669036","sourceUpdatedAt":null,"verifiedAt":null}},{"type":"Feature","geometry":{"type":"Point","coordinates":[12.6171905,51.8677632]},"properties":{"id":"bikerack:7b076245-5876-4bda-8384-75db25911642","kind":"bikerack","longitude":12.6171905,"latitude":51.8677632,"name":"Fahrradabstellplatz","city":"Wittenburg","address":null,"covered":true,"access":null,"website":null,"phone":null,"source":"OpenStreetMap/way/1280669045","sourceUpdatedAt":null,"verifiedAt":null}},{"type":"Feature","geometry":{"type":"Point","coordinates":[12.6162021,51.8685157]},"properties":{"id":"bikerack:7b0bdc68-6b50-46a5-95ff-ac26e8e2c9dd","kind":"bikerack","longitude":12.6162021,"latitude":51.8685157,"name":"Fahrradabstellplatz","city":"Wittenburg","address":null,"covered":false,"access":null,"website":null,"phone":null,"source":"OpenStreetMap/node/12630223835","sourceUpdatedAt":null,"verifiedAt":null}},{"type":"Feature","geometry":{"type":"Point","coordinates":[12.6171426,51.8679297]},"properties":{"id":"bikerack:7beb4c1f-eb89-49d2-bfd5-ac69e75b58ca","kind":"bikerack","longitude":12.6171426,"latitude":51.8679297,"name":"Fahrradabstellplatz","city":"Wittenburg","address":null,"covered":false,"access":null,"website":null,"phone":null,"source":"OpenStreetMap/node/12133840070","sourceUpdatedAt":null,"verifiedAt":null}},{"type":"Feature","geometry":{"type":"Point","coordinates":[12.6188116,51.8681599]},"properties":{"id":"bikerack:7e6301be-a3a7-4a87-9f19-dd628fefe3c7","kind":"bikerack","longitude":12.6188116,"latitude":51.8681599,"name":"Fahrradabstellplatz","city":"Wittenburg","address":null,"covered":false,"access":null,"website":null,"phone":null,"source":"OpenStreetMap/node/12138288756","sourceUpdatedAt":null,"verifiedAt":null}},{"type":"Feature","geometry":{"type":"Point","coordinates":[12.6188744,51.8673273]},"properties":{"id":"bikerack:7f051aa8-0717-4654-ae45-de5cf63ae914","kind":"bikerack","longitude":12.6188744,"latitude":51.8673273,"name":"Fahrradabstellplatz","city":"Wittenburg","address":null,"covered":false,"access":null,"website":null,"phone":null,"source":"OpenStreetMap/node/12133840067","sourceUpdatedAt":null,"verifiedAt":null}},{"type":"Feature","geometry":{"type":"Point","coordinates":[12.6139974,51.8660517]},"properties":{"id":"bikerack:827d5403-6b1c-46bd-8ae3-5ac538cac0bd","kind":"bikerack","longitude":12.6139974,"latitude":51.8660517,"name":"Fahrradabstellplatz","city":"Wittenburg","address":null,"covered":false,"access":null,"website":null,"phone":null,"source":"OpenStreetMap/node/12754619616","sourceUpdatedAt":null,"verifiedAt":null}},{"type":"Feature","geometry":{"type":"Point","coordinates":[12.6132507,51.868005]},"properties":{"id":"bikerack:8280a1e3-4387-493a-b4fa-98c4ba40dadd","kind":"bikerack","longitude":12.6132507,"latitude":51.868005,"name":"Fahrradabstellplatz","city":"Wittenburg","address":null,"covered":false,"access":null,"website":null,"phone":null,"source":"OpenStreetMap/node/11771686816","sourceUpdatedAt":null,"verifiedAt":null}},{"type":"Feature","geometry":{"type":"Point","coordinates":[12.6423458,51.8653348]},"properties":{"id":"bikerack:82b0c042-db8f-4fb3-9853-baa9ec930d58","kind":"bikerack","longitude":12.6423458,"latitude":51.8653348,"name":"Fahrradabstellplatz","city":"Wittenburg","address":null,"covered":false,"access":null,"website":null,"phone":null,"source":"OpenStreetMap/node/11800323276","sourceUpdatedAt":null,"verifiedAt":null}},{"type":"Feature","geometry":{"type":"Point","coordinates":[12.6136962,51.8668572]},"properties":{"id":"bikerack:82f66b4f-82d9-478b-b953-1f4992d81cca","kind":"bikerack","longitude":12.6136962,"latitude":51.8668572,"name":"Fahrradabstellplatz","city":"Wittenburg","address":null,"covered":false,"access":null,"website":null,"phone":null,"source":"OpenStreetMap/node/12754591048","sourceUpdatedAt":null,"verifiedAt":null}},{"type":"Feature","geometry":{"type":"Point","coordinates":[12.6434572,51.8679135]},"properties":{"id":"bikerack:83611fe7-3cda-47a7-abeb-30de00dfc57d","kind":"bikerack","longitude":12.6434572,"latitude":51.8679135,"name":"Fahrradabstellplatz","city":"Wittenburg","address":null,"covered":false,"access":null,"website":null,"phone":null,"source":"OpenStreetMap/node/12134435576","sourceUpdatedAt":null,"verifiedAt":null}},{"type":"Feature","geometry":{"type":"Point","coordinates":[12.617516,51.8671331]},"properties":{"id":"bikerack:8401f9b4-cbf6-4e62-b044-e0235e2e233e","kind":"bikerack","longitude":12.617516,"latitude":51.8671331,"name":"Fahrradabstellplatz","city":"Wittenburg","address":null,"covered":false,"access":null,"website":null,"phone":null,"source":"OpenStreetMap/node/12128092572","sourceUpdatedAt":null,"verifiedAt":null}},{"type":"Feature","geometry":{"type":"Point","coordinates":[12.6428524,51.8679657]},"properties":{"id":"bikerack:8417c3d3-41be-42e5-8ac2-491768959080","kind":"bikerack","longitude":12.6428524,"latitude":51.8679657,"name":"Fahrradabstellplatz","city":"Wittenburg","address":null,"covered":false,"access":null,"website":null,"phone":null,"source":"OpenStreetMap/node/12134435584","sourceUpdatedAt":null,"verifiedAt":null}},{"type":"Feature","geometry":{"type":"Point","coordinates":[12.6189323,51.8667486]},"properties":{"id":"bikerack:84293e09-5737-4c40-b442-b370acddfd85","kind":"bikerack","longitude":12.6189323,"latitude":51.8667486,"name":"Fahrradabstellplatz","city":"Wittenburg","address":null,"covered":false,"access":null,"website":null,"phone":null,"source":"OpenStreetMap/node/12630210494","sourceUpdatedAt":null,"verifiedAt":null}},{"type":"Feature","geometry":{"type":"Point","coordinates":[12.6157062,51.8673495]},"properties":{"id":"bikerack:84ed9ba9-1675-4ead-91e6-a4090c000dae","kind":"bikerack","longitude":12.6157062,"latitude":51.8673495,"name":"Fahrradabstellplatz","city":"Wittenburg","address":null,"covered":false,"access":null,"website":null,"phone":null,"source":"OpenStreetMap/node/12133840085","sourceUpdatedAt":null,"verifiedAt":null}},{"type":"Feature","geometry":{"type":"Point","coordinates":[12.6166689,51.866708]},"properties":{"id":"bikerack:85621eb7-0a05-49ba-a993-5ce51db0ad58","kind":"bikerack","longitude":12.6166689,"latitude":51.866708,"name":"Fahrradabstellplatz","city":"Wittenburg","address":null,"covered":false,"access":null,"website":null,"phone":null,"source":"OpenStreetMap/node/12125332278","sourceUpdatedAt":null,"verifiedAt":null}},{"type":"Feature","geometry":{"type":"Point","coordinates":[12.6183926,51.8677652]},"properties":{"id":"bikerack:8607ee05-fc51-43c2-b617-9f0b89b7b3af","kind":"bikerack","longitude":12.6183926,"latitude":51.8677652,"name":"Fahrradabstellplatz","city":"Wittenburg","address":null,"covered":false,"access":null,"website":null,"phone":null,"source":"OpenStreetMap/node/12133840053","sourceUpdatedAt":null,"verifiedAt":null}},{"type":"Feature","geometry":{"type":"Point","coordinates":[12.6170536,51.8675805]},"properties":{"id":"bikerack:864c7fd5-ec67-47e3-80c9-12a6068a946d","kind":"bikerack","longitude":12.6170536,"latitude":51.8675805,"name":"Fahrradabstellplatz","city":"Wittenburg","address":null,"covered":false,"access":null,"website":null,"phone":null,"source":"OpenStreetMap/node/12133840076","sourceUpdatedAt":null,"verifiedAt":null}},{"type":"Feature","geometry":{"type":"Point","coordinates":[12.6197046,51.8680093]},"properties":{"id":"bikerack:86729485-758c-43ad-ba0a-208efa79b428","kind":"bikerack","longitude":12.6197046,"latitude":51.8680093,"name":"Fahrradabstellplatz","city":"Wittenburg","address":null,"covered":false,"access":null,"website":null,"phone":null,"source":"OpenStreetMap/node/12138288773","sourceUpdatedAt":null,"verifiedAt":null}},{"type":"Feature","geometry":{"type":"Point","coordinates":[12.6379882,51.866745]},"properties":{"id":"bikerack:88a6e2d0-9620-4d82-b011-97215cdccb4e","kind":"bikerack","longitude":12.6379882,"latitude":51.866745,"name":"Fahrradabstellplatz","city":"Wittenburg","address":null,"covered":false,"access":null,"website":null,"phone":null,"source":"OpenStreetMap/node/12134435580","sourceUpdatedAt":null,"verifiedAt":null}},{"type":"Feature","geometry":{"type":"Point","coordinates":[12.6160495,51.8685934]},"properties":{"id":"bikerack:8af11389-6383-4421-b4db-6d44bd451598","kind":"bikerack","longitude":12.6160495,"latitude":51.8685934,"name":"Fahrradabstellplatz","city":"Wittenburg","address":null,"covered":true,"access":null,"website":null,"phone":null,"source":"OpenStreetMap/way/1280696798","sourceUpdatedAt":null,"verifiedAt":null}},{"type":"Feature","geometry":{"type":"Point","coordinates":[12.6137663,51.8671969]},"properties":{"id":"bikerack:8b0e80ef-5e4c-47c2-955d-30c27b441999","kind":"bikerack","longitude":12.6137663,"latitude":51.8671969,"name":"Fahrradabstellplatz","city":"Wittenburg","address":null,"covered":false,"access":null,"website":null,"phone":null,"source":"OpenStreetMap/node/12754583564","sourceUpdatedAt":null,"verifiedAt":null}},{"type":"Feature","geometry":{"type":"Point","coordinates":[12.6189711,51.86692]},"properties":{"id":"bikerack:8b553ca9-abc8-44e9-b3e8-781cd7e628d9","kind":"bikerack","longitude":12.6189711,"latitude":51.86692,"name":"Fahrradabstellplatz","city":"Wittenburg","address":null,"covered":false,"access":null,"website":null,"phone":null,"source":"OpenStreetMap/node/12630226708","sourceUpdatedAt":null,"verifiedAt":null}},{"type":"Feature","geometry":{"type":"Point","coordinates":[12.642566,51.8682667]},"properties":{"id":"bikerack:8c3dd8a6-14a9-4698-85d6-4fd813482244","kind":"bikerack","longitude":12.642566,"latitude":51.8682667,"name":"Fahrradabstellplatz","city":"Wittenburg","address":null,"covered":false,"access":null,"website":null,"phone":null,"source":"OpenStreetMap/node/12134435577","sourceUpdatedAt":null,"verifiedAt":null}},{"type":"Feature","geometry":{"type":"Point","coordinates":[12.6148008,51.866838]},"properties":{"id":"bikerack:8c7da9f2-1ff2-46cb-91ba-f2f938b290eb","kind":"bikerack","longitude":12.6148008,"latitude":51.866838,"name":"Fahrradabstellplatz","city":"Wittenburg","address":null,"covered":false,"access":null,"website":null,"phone":null,"source":"OpenStreetMap/node/12754583164","sourceUpdatedAt":null,"verifiedAt":null}},{"type":"Feature","geometry":{"type":"Point","coordinates":[12.6438848,51.8668747]},"properties":{"id":"bikerack:8d40fc55-d01d-472b-b11a-3adc21983403","kind":"bikerack","longitude":12.6438848,"latitude":51.8668747,"name":"Fahrradabstellplatz","city":"Wittenburg","address":null,"covered":false,"access":null,"website":null,"phone":null,"source":"OpenStreetMap/node/12551238762","sourceUpdatedAt":null,"verifiedAt":null}},{"type":"Feature","geometry":{"type":"Point","coordinates":[12.6435624,51.8700523]},"properties":{"id":"bikerack:90c142c1-3e3e-4581-b254-7f4ba740e8b3","kind":"bikerack","longitude":12.6435624,"latitude":51.8700523,"name":"Fahrradabstellplatz","city":"Wittenburg","address":null,"covered":false,"access":null,"website":null,"phone":null,"source":"OpenStreetMap/node/12642866289","sourceUpdatedAt":null,"verifiedAt":null}},{"type":"Feature","geometry":{"type":"Point","coordinates":[12.6150978,51.8687202]},"properties":{"id":"bikerack:921c57ee-c202-4964-9767-0ca707f191d9","kind":"bikerack","longitude":12.6150978,"latitude":51.8687202,"name":"Fahrradabstellplatz","city":"Wittenburg","address":null,"covered":true,"access":null,"website":null,"phone":null,"source":"OpenStreetMap/way/1280696806","sourceUpdatedAt":null,"verifiedAt":null}},{"type":"Feature","geometry":{"type":"Point","coordinates":[12.61483,51.8670058]},"properties":{"id":"bikerack:92b61c45-0ce1-47e9-a829-c52c6b0b296a","kind":"bikerack","longitude":12.61483,"latitude":51.8670058,"name":"Fahrradabstellplatz","city":"Wittenburg","address":null,"covered":false,"access":null,"website":null,"phone":null,"source":"OpenStreetMap/node/12754592558","sourceUpdatedAt":null,"verifiedAt":null}},{"type":"Feature","geometry":{"type":"Point","coordinates":[12.6165018,51.867943]},"properties":{"id":"bikerack:96dd43dc-5f99-45df-8f98-f040f29edb85","kind":"bikerack","longitude":12.6165018,"latitude":51.867943,"name":"Fahrradabstellplatz","city":"Wittenburg","address":null,"covered":false,"access":null,"website":null,"phone":null,"source":"OpenStreetMap/node/12133840079","sourceUpdatedAt":null,"verifiedAt":null}},{"type":"Feature","geometry":{"type":"Point","coordinates":[12.6148637,51.8659943]},"properties":{"id":"bikerack:9786ba91-d066-49ac-a0bc-fe86b5b34e7c","kind":"bikerack","longitude":12.6148637,"latitude":51.8659943,"name":"Fahrradabstellplatz","city":"Wittenburg","address":null,"covered":false,"access":null,"website":null,"phone":null,"source":"OpenStreetMap/node/12754621461","sourceUpdatedAt":null,"verifiedAt":null}},{"type":"Feature","geometry":{"type":"Point","coordinates":[12.6196881,51.8679538]},"properties":{"id":"bikerack:97c43559-16f8-4f0c-8d7c-af96a5d4827a","kind":"bikerack","longitude":12.6196881,"latitude":51.8679538,"name":"Fahrradabstellplatz","city":"Wittenburg","address":null,"covered":false,"access":null,"website":null,"phone":null,"source":"OpenStreetMap/node/12138288774","sourceUpdatedAt":null,"verifiedAt":null}},{"type":"Feature","geometry":{"type":"Point","coordinates":[12.6185388,51.8682015]},"properties":{"id":"bikerack:99555653-c977-4945-9a55-f86f848e156f","kind":"bikerack","longitude":12.6185388,"latitude":51.8682015,"name":"Fahrradabstellplatz","city":"Wittenburg","address":null,"covered":false,"access":null,"website":null,"phone":null,"source":"OpenStreetMap/node/12630223736","sourceUpdatedAt":null,"verifiedAt":null}},{"type":"Feature","geometry":{"type":"Point","coordinates":[12.6189772,51.8676238]},"properties":{"id":"bikerack:99e034c3-76e1-4720-9505-8b723c41231a","kind":"bikerack","longitude":12.6189772,"latitude":51.8676238,"name":"Fahrradabstellplatz","city":"Wittenburg","address":null,"covered":false,"access":null,"website":null,"phone":null,"source":"OpenStreetMap/node/12133840062","sourceUpdatedAt":null,"verifiedAt":null}},{"type":"Feature","geometry":{"type":"Point","coordinates":[12.6183385,51.8661084]},"properties":{"id":"bikerack:9ad0357b-1986-4dee-b59b-888bc09266dc","kind":"bikerack","longitude":12.6183385,"latitude":51.8661084,"name":"Fahrradabstellplatz","city":"Wittenburg","address":null,"covered":false,"access":null,"website":null,"phone":null,"source":"OpenStreetMap/node/12549054428","sourceUpdatedAt":null,"verifiedAt":null}},{"type":"Feature","geometry":{"type":"Point","coordinates":[12.613455,51.8672885]},"properties":{"id":"bikerack:9b269616-2c7b-4de1-b9a3-349e6699a73f","kind":"bikerack","longitude":12.613455,"latitude":51.8672885,"name":"Fahrradabstellplatz","city":"Wittenburg","address":null,"covered":false,"access":null,"website":null,"phone":null,"source":"OpenStreetMap/node/12754543978","sourceUpdatedAt":null,"verifiedAt":null}},{"type":"Feature","geometry":{"type":"Point","coordinates":[12.6168484,51.8672283]},"properties":{"id":"bikerack:9d124f5e-9ff5-467d-b256-35e77279e437","kind":"bikerack","longitude":12.6168484,"latitude":51.8672283,"name":"Fahrradabstellplatz","city":"Wittenburg","address":null,"covered":false,"access":null,"website":null,"phone":null,"source":"OpenStreetMap/node/12128092568","sourceUpdatedAt":null,"verifiedAt":null}},{"type":"Feature","geometry":{"type":"Point","coordinates":[12.6212878,51.8672706]},"properties":{"id":"bikerack:9ed8bfe4-c90e-41a8-9328-b811c0af17df","kind":"bikerack","longitude":12.6212878,"latitude":51.8672706,"name":"Fahrradabstellplatz","city":"Wittenburg","address":null,"covered":false,"access":null,"website":null,"phone":null,"source":"OpenStreetMap/node/12630241036","sourceUpdatedAt":null,"verifiedAt":null}},{"type":"Feature","geometry":{"type":"Point","coordinates":[12.6187329,51.8681696]},"properties":{"id":"bikerack:9f844be9-e3f9-41dd-a8c3-530196114c64","kind":"bikerack","longitude":12.6187329,"latitude":51.8681696,"name":"Fahrradabstellplatz","city":"Wittenburg","address":null,"covered":false,"access":null,"website":null,"phone":null,"source":"OpenStreetMap/node/12630222147","sourceUpdatedAt":null,"verifiedAt":null}},{"type":"Feature","geometry":{"type":"Point","coordinates":[12.6164774,51.8662373]},"properties":{"id":"bikerack:a037fe00-2f04-4cba-b1bb-bdacec7c60fd","kind":"bikerack","longitude":12.6164774,"latitude":51.8662373,"name":"Fahrradabstellplatz","city":"Wittenburg","address":null,"covered":false,"access":null,"website":null,"phone":null,"source":"OpenStreetMap/node/12128092563","sourceUpdatedAt":null,"verifiedAt":null}},{"type":"Feature","geometry":{"type":"Point","coordinates":[12.6425828,51.8682042]},"properties":{"id":"bikerack:a124ff91-9d24-4264-88a4-4dd34aadffd9","kind":"bikerack","longitude":12.6425828,"latitude":51.8682042,"name":"Fahrradabstellplatz","city":"Wittenburg","address":null,"covered":false,"access":null,"website":null,"phone":null,"source":"OpenStreetMap/node/12134435578","sourceUpdatedAt":null,"verifiedAt":null}},{"type":"Feature","geometry":{"type":"Point","coordinates":[12.6416123,51.8663221]},"properties":{"id":"bikerack:a1d3c199-be94-48d7-b7ca-7d244ed8398f","kind":"bikerack","longitude":12.6416123,"latitude":51.8663221,"name":"Fahrradabstellplatz","city":"Wittenburg","address":null,"covered":false,"access":null,"website":null,"phone":null,"source":"OpenStreetMap/node/11968249854","sourceUpdatedAt":null,"verifiedAt":null}},{"type":"Feature","geometry":{"type":"Point","coordinates":[12.61567,51.8685754]},"properties":{"id":"bikerack:a339817f-4bf7-494e-a24b-d2e0d8635880","kind":"bikerack","longitude":12.61567,"latitude":51.8685754,"name":"Fahrradabstellplatz","city":"Wittenburg","address":null,"covered":false,"access":null,"website":null,"phone":null,"source":"OpenStreetMap/node/12630225736","sourceUpdatedAt":null,"verifiedAt":null}},{"type":"Feature","geometry":{"type":"Point","coordinates":[12.618185,51.8659452]},"properties":{"id":"bikerack:a3cdc879-e433-4806-bf6c-c5285cd1ad16","kind":"bikerack","longitude":12.618185,"latitude":51.8659452,"name":"Fahrradabstellplatz","city":"Wittenburg","address":null,"covered":false,"access":null,"website":null,"phone":null,"source":"OpenStreetMap/node/12125332273","sourceUpdatedAt":null,"verifiedAt":null}},{"type":"Feature","geometry":{"type":"Point","coordinates":[12.643857,51.8661639]},"properties":{"id":"bikerack:a411ad1f-fb5e-4712-a60b-39d0105e303c","kind":"bikerack","longitude":12.643857,"latitude":51.8661639,"name":"Fahrradabstellplatz","city":"Wittenburg","address":null,"covered":false,"access":null,"website":null,"phone":null,"source":"OpenStreetMap/node/11968249679","sourceUpdatedAt":null,"verifiedAt":null}},{"type":"Feature","geometry":{"type":"Point","coordinates":[12.6183736,51.86771]},"properties":{"id":"bikerack:a8618267-0461-4ee2-9e17-3719d8adc024","kind":"bikerack","longitude":12.6183736,"latitude":51.86771,"name":"Fahrradabstellplatz","city":"Wittenburg","address":null,"covered":false,"access":null,"website":null,"phone":null,"source":"OpenStreetMap/node/12133840054","sourceUpdatedAt":null,"verifiedAt":null}},{"type":"Feature","geometry":{"type":"Point","coordinates":[12.617735,51.8671027]},"properties":{"id":"bikerack:a938e6c9-6be9-4479-8f34-29990ffd18f0","kind":"bikerack","longitude":12.617735,"latitude":51.8671027,"name":"Fahrradabstellplatz","city":"Wittenburg","address":null,"covered":false,"access":null,"website":null,"phone":null,"source":"OpenStreetMap/node/12128092573","sourceUpdatedAt":null,"verifiedAt":null}},{"type":"Feature","geometry":{"type":"Point","coordinates":[12.6165115,51.868005]},"properties":{"id":"bikerack:ab001510-20a4-414d-b1e6-1dc0e8ee207d","kind":"bikerack","longitude":12.6165115,"latitude":51.868005,"name":"Fahrradabstellplatz","city":"Wittenburg","address":null,"covered":false,"access":null,"website":null,"phone":null,"source":"OpenStreetMap/node/12133840078","sourceUpdatedAt":null,"verifiedAt":null}},{"type":"Feature","geometry":{"type":"Point","coordinates":[12.6186304,51.8681899]},"properties":{"id":"bikerack:ac93e447-b763-462e-a1a6-50992b64aaa0","kind":"bikerack","longitude":12.6186304,"latitude":51.8681899,"name":"Fahrradabstellplatz","city":"Wittenburg","address":null,"covered":false,"access":null,"website":null,"phone":null,"source":"OpenStreetMap/node/12138288757","sourceUpdatedAt":null,"verifiedAt":null}},{"type":"Feature","geometry":{"type":"Point","coordinates":[12.6165317,51.8660249]},"properties":{"id":"bikerack:acf59f57-0322-451d-96ea-1ab2cc1591a8","kind":"bikerack","longitude":12.6165317,"latitude":51.8660249,"name":"Fahrradabstellplatz","city":"Wittenburg","address":null,"covered":false,"access":null,"website":null,"phone":null,"source":"OpenStreetMap/node/12125332268","sourceUpdatedAt":null,"verifiedAt":null}},{"type":"Feature","geometry":{"type":"Point","coordinates":[12.6412297,51.8686649]},"properties":{"id":"bikerack:adb3b978-6057-4834-84c7-331af5892fea","kind":"bikerack","longitude":12.6412297,"latitude":51.8686649,"name":"Fahrradabstellplatz","city":"Wittenburg","address":null,"covered":false,"access":null,"website":null,"phone":null,"source":"OpenStreetMap/node/11861982531","sourceUpdatedAt":null,"verifiedAt":null}},{"type":"Feature","geometry":{"type":"Point","coordinates":[12.6188614,51.8672855]},"properties":{"id":"bikerack:ae2690a1-1d89-4020-b252-b2d51d290608","kind":"bikerack","longitude":12.6188614,"latitude":51.8672855,"name":"Fahrradabstellplatz","city":"Wittenburg","address":null,"covered":false,"access":null,"website":null,"phone":null,"source":"OpenStreetMap/node/12133840068","sourceUpdatedAt":null,"verifiedAt":null}},{"type":"Feature","geometry":{"type":"Point","coordinates":[12.6158346,51.8685538]},"properties":{"id":"bikerack:ae7eac7f-9cba-4c1d-9c2f-5daacd7b4465","kind":"bikerack","longitude":12.6158346,"latitude":51.8685538,"name":"Fahrradabstellplatz","city":"Wittenburg","address":null,"covered":false,"access":null,"website":null,"phone":null,"source":"OpenStreetMap/node/12630209206","sourceUpdatedAt":null,"verifiedAt":null}},{"type":"Feature","geometry":{"type":"Point","coordinates":[12.645211,51.8667155]},"properties":{"id":"bikerack:ae97e7fe-09d7-47c0-a04b-4cba745b9780","kind":"bikerack","longitude":12.645211,"latitude":51.8667155,"name":"Fahrradabstellplatz","city":"Wittenburg","address":null,"covered":false,"access":null,"website":null,"phone":null,"source":"OpenStreetMap/node/11968276631","sourceUpdatedAt":null,"verifiedAt":null}},{"type":"Feature","geometry":{"type":"Point","coordinates":[12.6154915,51.8673848]},"properties":{"id":"bikerack:afb3dba8-0ee9-48ed-a326-73eb4a7cb1bd","kind":"bikerack","longitude":12.6154915,"latitude":51.8673848,"name":"Fahrradabstellplatz","city":"Wittenburg","address":null,"covered":false,"access":null,"website":null,"phone":null,"source":"OpenStreetMap/node/12133840086","sourceUpdatedAt":null,"verifiedAt":null}},{"type":"Feature","geometry":{"type":"Point","coordinates":[12.6204756,51.8677515]},"properties":{"id":"bikerack:b0b9e960-e0c9-489b-afb8-bc5819b24dc9","kind":"bikerack","longitude":12.6204756,"latitude":51.8677515,"name":"Fahrradabstellplatz","city":"Wittenburg","address":null,"covered":false,"access":null,"website":null,"phone":null,"source":"OpenStreetMap/node/12630194351","sourceUpdatedAt":null,"verifiedAt":null}},{"type":"Feature","geometry":{"type":"Point","coordinates":[12.6519418,51.8649626]},"properties":{"id":"bikerack:b1038590-95d7-484b-85e8-659f8d7286bf","kind":"bikerack","longitude":12.6519418,"latitude":51.8649626,"name":"Fahrradabstellplatz","city":"Wittenburg","address":null,"covered":false,"access":null,"website":null,"phone":null,"source":"OpenStreetMap/node/11968286695","sourceUpdatedAt":null,"verifiedAt":null}},{"type":"Feature","geometry":{"type":"Point","coordinates":[12.6454274,51.875273]},"properties":{"id":"bikerack:b35412e4-97f6-4d27-95bf-ddab8a881a6a","kind":"bikerack","longitude":12.6454274,"latitude":51.875273,"name":"Fahrradabstellplatz","city":"Wittenburg","address":null,"covered":false,"access":null,"website":null,"phone":null,"source":"OpenStreetMap/node/12568329699","sourceUpdatedAt":null,"verifiedAt":null}},{"type":"Feature","geometry":{"type":"Point","coordinates":[12.6172603,51.86839]},"properties":{"id":"bikerack:b389d83c-f8ca-45e0-91f2-846cc892bdfd","kind":"bikerack","longitude":12.6172603,"latitude":51.86839,"name":"Fahrradabstellplatz","city":"Wittenburg","address":null,"covered":false,"access":null,"website":null,"phone":null,"source":"OpenStreetMap/node/12138288765","sourceUpdatedAt":null,"verifiedAt":null}},{"type":"Feature","geometry":{"type":"Point","coordinates":[12.6176667,51.8683392]},"properties":{"id":"bikerack:b4772d99-62f2-45dc-bc00-2bfe3c9614ce","kind":"bikerack","longitude":12.6176667,"latitude":51.8683392,"name":"Fahrradabstellplatz","city":"Wittenburg","address":null,"covered":false,"access":null,"website":null,"phone":null,"source":"OpenStreetMap/node/12138288758","sourceUpdatedAt":null,"verifiedAt":null}},{"type":"Feature","geometry":{"type":"Point","coordinates":[12.6159736,51.8670346]},"properties":{"id":"bikerack:b5d1ec60-813d-4eeb-a910-9f3e3e9e80ef","kind":"bikerack","longitude":12.6159736,"latitude":51.8670346,"name":"Fahrradabstellplatz","city":"Wittenburg","address":null,"covered":false,"access":null,"website":null,"phone":null,"source":"OpenStreetMap/node/12549077825","sourceUpdatedAt":null,"verifiedAt":null}},{"type":"Feature","geometry":{"type":"Point","coordinates":[12.6164304,51.8672808]},"properties":{"id":"bikerack:b72832a4-2afd-420b-8862-04822ecb8ac6","kind":"bikerack","longitude":12.6164304,"latitude":51.8672808,"name":"Fahrradabstellplatz","city":"Wittenburg","address":null,"covered":false,"access":null,"website":null,"phone":null,"source":"OpenStreetMap/node/12128092569","sourceUpdatedAt":null,"verifiedAt":null}},{"type":"Feature","geometry":{"type":"Point","coordinates":[12.6201678,51.8678381]},"properties":{"id":"bikerack:b74d2737-8e39-4cfc-b754-7709d5422bff","kind":"bikerack","longitude":12.6201678,"latitude":51.8678381,"name":"Fahrradabstellplatz","city":"Wittenburg","address":null,"covered":true,"access":null,"website":null,"phone":null,"source":"OpenStreetMap/way/1367165281","sourceUpdatedAt":null,"verifiedAt":null}},{"type":"Feature","geometry":{"type":"Point","coordinates":[12.6414497,51.8692093]},"properties":{"id":"bikerack:b7dbba08-9896-404f-8279-4347a5638099","kind":"bikerack","longitude":12.6414497,"latitude":51.8692093,"name":"Fahrradabstellplatz","city":"Wittenburg","address":null,"covered":false,"access":null,"website":null,"phone":null,"source":"OpenStreetMap/node/12770573426","sourceUpdatedAt":null,"verifiedAt":null}},{"type":"Feature","geometry":{"type":"Point","coordinates":[12.6172269,51.8684507]},"properties":{"id":"bikerack:b9a40723-04fe-4fd2-bfa4-832af18a5f2d","kind":"bikerack","longitude":12.6172269,"latitude":51.8684507,"name":"Fahrradabstellplatz","city":"Wittenburg","address":null,"covered":true,"access":null,"website":null,"phone":null,"source":"OpenStreetMap/way/1280696804","sourceUpdatedAt":null,"verifiedAt":null}},{"type":"Feature","geometry":{"type":"Point","coordinates":[12.6453054,51.8752656]},"properties":{"id":"bikerack:bc53b525-b057-4c45-8b6a-6b3b1f8d2ef1","kind":"bikerack","longitude":12.6453054,"latitude":51.8752656,"name":"Fahrradabstellplatz","city":"Wittenburg","address":null,"covered":false,"access":null,"website":null,"phone":null,"source":"OpenStreetMap/node/12568329698","sourceUpdatedAt":null,"verifiedAt":null}},{"type":"Feature","geometry":{"type":"Point","coordinates":[12.6170663,51.8684711]},"properties":{"id":"bikerack:bcf95a14-38d1-423f-bb3d-cb5f2f26aa1d","kind":"bikerack","longitude":12.6170663,"latitude":51.8684711,"name":"Fahrradabstellplatz","city":"Wittenburg","address":null,"covered":true,"access":null,"website":null,"phone":null,"source":"OpenStreetMap/way/1280696802","sourceUpdatedAt":null,"verifiedAt":null}},{"type":"Feature","geometry":{"type":"Point","coordinates":[12.6179533,51.8670733]},"properties":{"id":"bikerack:bef99b73-6c32-480b-b305-d077414e7ab7","kind":"bikerack","longitude":12.6179533,"latitude":51.8670733,"name":"Fahrradabstellplatz","city":"Wittenburg","address":null,"covered":false,"access":null,"website":null,"phone":null,"source":"OpenStreetMap/node/12128092574","sourceUpdatedAt":null,"verifiedAt":null}},{"type":"Feature","geometry":{"type":"Point","coordinates":[12.6375226,51.8667577]},"properties":{"id":"bikerack:c01f7a1c-6243-4b57-b20a-644ce31494a3","kind":"bikerack","longitude":12.6375226,"latitude":51.8667577,"name":"Fahrradabstellplatz","city":"Wittenburg","address":null,"covered":false,"access":null,"website":null,"phone":null,"source":"OpenStreetMap/node/1851249791","sourceUpdatedAt":null,"verifiedAt":null}},{"type":"Feature","geometry":{"type":"Point","coordinates":[12.617669,51.8675429]},"properties":{"id":"bikerack:c119e2f8-e44b-44bd-b5db-84a550dfd8ef","kind":"bikerack","longitude":12.617669,"latitude":51.8675429,"name":"Fahrradabstellplatz","city":"Wittenburg","address":null,"covered":false,"access":null,"website":null,"phone":null,"source":"OpenStreetMap/node/12133840047","sourceUpdatedAt":null,"verifiedAt":null}},{"type":"Feature","geometry":{"type":"Point","coordinates":[12.6164817,51.8662771]},"properties":{"id":"bikerack:c24b55a2-8110-49da-9e5e-e3a4fce67b25","kind":"bikerack","longitude":12.6164817,"latitude":51.8662771,"name":"Fahrradabstellplatz","city":"Wittenburg","address":null,"covered":false,"access":null,"website":null,"phone":null,"source":"OpenStreetMap/node/12128092562","sourceUpdatedAt":null,"verifiedAt":null}},{"type":"Feature","geometry":{"type":"Point","coordinates":[12.6177808,51.8676076]},"properties":{"id":"bikerack:c270792e-338a-430f-855f-5d1efff75fb8","kind":"bikerack","longitude":12.6177808,"latitude":51.8676076,"name":"Fahrradabstellplatz","city":"Wittenburg","address":null,"covered":true,"access":null,"website":null,"phone":null,"source":"OpenStreetMap/way/1280669039","sourceUpdatedAt":null,"verifiedAt":null}},{"type":"Feature","geometry":{"type":"Point","coordinates":[12.6159376,51.8669252]},"properties":{"id":"bikerack:c2c73342-d88c-4de6-b790-420c1274ad4d","kind":"bikerack","longitude":12.6159376,"latitude":51.8669252,"name":"Fahrradabstellplatz","city":"Wittenburg","address":null,"covered":false,"access":null,"website":null,"phone":null,"source":"OpenStreetMap/node/12549077824","sourceUpdatedAt":null,"verifiedAt":null}},{"type":"Feature","geometry":{"type":"Point","coordinates":[12.6184004,51.8664771]},"properties":{"id":"bikerack:c2fe0ebe-449c-48c4-b66d-3193f7bc4648","kind":"bikerack","longitude":12.6184004,"latitude":51.8664771,"name":"Fahrradabstellplatz","city":"Wittenburg","address":null,"covered":false,"access":null,"website":null,"phone":null,"source":"OpenStreetMap/node/12549054433","sourceUpdatedAt":null,"verifiedAt":null}},{"type":"Feature","geometry":{"type":"Point","coordinates":[12.6157131,51.8686294]},"properties":{"id":"bikerack:c31a1ae7-78d7-4fae-90a2-315112afbee9","kind":"bikerack","longitude":12.6157131,"latitude":51.8686294,"name":"Fahrradabstellplatz","city":"Wittenburg","address":null,"covered":true,"access":null,"website":null,"phone":null,"source":"OpenStreetMap/way/1280696800","sourceUpdatedAt":null,"verifiedAt":null}},{"type":"Feature","geometry":{"type":"Point","coordinates":[12.619836,51.8677898]},"properties":{"id":"bikerack:c44c73e8-c49c-47ca-bbf9-b131bd9c2124","kind":"bikerack","longitude":12.619836,"latitude":51.8677898,"name":"Fahrradabstellplatz","city":"Wittenburg","address":null,"covered":true,"access":null,"website":null,"phone":null,"source":"OpenStreetMap/way/1367165280","sourceUpdatedAt":null,"verifiedAt":null}},{"type":"Feature","geometry":{"type":"Point","coordinates":[12.6189537,51.8675604]},"properties":{"id":"bikerack:c4e9508f-a46a-49a8-82e7-bdb976ad88a0","kind":"bikerack","longitude":12.6189537,"latitude":51.8675604,"name":"Fahrradabstellplatz","city":"Wittenburg","address":null,"covered":false,"access":null,"website":null,"phone":null,"source":"OpenStreetMap/node/12133840063","sourceUpdatedAt":null,"verifiedAt":null}},{"type":"Feature","geometry":{"type":"Point","coordinates":[12.6177888,51.8678919]},"properties":{"id":"bikerack:c55ca4ca-b3a6-471d-ab66-b44e002ee6a1","kind":"bikerack","longitude":12.6177888,"latitude":51.8678919,"name":"Fahrradabstellplatz","city":"Wittenburg","address":null,"covered":false,"access":null,"website":null,"phone":null,"source":"OpenStreetMap/node/12133840052","sourceUpdatedAt":null,"verifiedAt":null}},{"type":"Feature","geometry":{"type":"Point","coordinates":[12.6183924,51.8675166]},"properties":{"id":"bikerack:c6cd430c-38f1-4ff3-b997-83619391ed77","kind":"bikerack","longitude":12.6183924,"latitude":51.8675166,"name":"Fahrradabstellplatz","city":"Wittenburg","address":null,"covered":true,"access":null,"website":null,"phone":null,"source":"OpenStreetMap/way/1367165279","sourceUpdatedAt":null,"verifiedAt":null}},{"type":"Feature","geometry":{"type":"Point","coordinates":[12.6212698,51.8671854]},"properties":{"id":"bikerack:c75a48ac-1562-4b41-a867-eef508b24403","kind":"bikerack","longitude":12.6212698,"latitude":51.8671854,"name":"Fahrradabstellplatz","city":"Wittenburg","address":null,"covered":false,"access":null,"website":null,"phone":null,"source":"OpenStreetMap/node/12630232991","sourceUpdatedAt":null,"verifiedAt":null}},{"type":"Feature","geometry":{"type":"Point","coordinates":[12.643134,51.8679806]},"properties":{"id":"bikerack:cc2f2a9f-d4e5-482e-966e-a14fcbd3c481","kind":"bikerack","longitude":12.643134,"latitude":51.8679806,"name":"Fahrradabstellplatz","city":"Wittenburg","address":null,"covered":false,"access":null,"website":null,"phone":null,"source":"OpenStreetMap/node/12134435585","sourceUpdatedAt":null,"verifiedAt":null}},{"type":"Feature","geometry":{"type":"Point","coordinates":[12.6183795,51.8663571]},"properties":{"id":"bikerack:ce381286-4f54-4857-89b2-4d57f96f7db4","kind":"bikerack","longitude":12.6183795,"latitude":51.8663571,"name":"Fahrradabstellplatz","city":"Wittenburg","address":null,"covered":false,"access":null,"website":null,"phone":null,"source":"OpenStreetMap/node/12549054432","sourceUpdatedAt":null,"verifiedAt":null}},{"type":"Feature","geometry":{"type":"Point","coordinates":[12.6165653,51.8677852]},"properties":{"id":"bikerack:cf110d95-1a64-40e3-8dd0-112f00099259","kind":"bikerack","longitude":12.6165653,"latitude":51.8677852,"name":"Fahrradabstellplatz","city":"Wittenburg","address":null,"covered":true,"access":null,"website":null,"phone":null,"source":"OpenStreetMap/way/1280669033","sourceUpdatedAt":null,"verifiedAt":null}},{"type":"Feature","geometry":{"type":"Point","coordinates":[12.6196534,51.8678368]},"properties":{"id":"bikerack:d0a1e51c-48ad-41bd-8966-2ad05aecf077","kind":"bikerack","longitude":12.6196534,"latitude":51.8678368,"name":"Fahrradabstellplatz","city":"Wittenburg","address":null,"covered":false,"access":null,"website":null,"phone":null,"source":"OpenStreetMap/node/12138288776","sourceUpdatedAt":null,"verifiedAt":null}},{"type":"Feature","geometry":{"type":"Point","coordinates":[12.6207143,51.8677692]},"properties":{"id":"bikerack:d279911e-4cb6-412a-b31e-9d0b9ccd304c","kind":"bikerack","longitude":12.6207143,"latitude":51.8677692,"name":"Fahrradabstellplatz","city":"Wittenburg","address":null,"covered":true,"access":null,"website":null,"phone":null,"source":"OpenStreetMap/way/1367165283","sourceUpdatedAt":null,"verifiedAt":null}},{"type":"Feature","geometry":{"type":"Point","coordinates":[12.6168731,51.8667851]},"properties":{"id":"bikerack:d3abd96f-d7df-4a0c-930c-11ee99684c68","kind":"bikerack","longitude":12.6168731,"latitude":51.8667851,"name":"Fahrradabstellplatz","city":"Wittenburg","address":null,"covered":true,"access":null,"website":null,"phone":null,"source":"OpenStreetMap/way/1280665578","sourceUpdatedAt":null,"verifiedAt":null}},{"type":"Feature","geometry":{"type":"Point","coordinates":[12.6168843,51.8684376]},"properties":{"id":"bikerack:d3c9e5f6-617f-4a7a-9012-6a499d8a08a0","kind":"bikerack","longitude":12.6168843,"latitude":51.8684376,"name":"Fahrradabstellplatz","city":"Wittenburg","address":null,"covered":false,"access":null,"website":null,"phone":null,"source":"OpenStreetMap/node/12138288763","sourceUpdatedAt":null,"verifiedAt":null}},{"type":"Feature","geometry":{"type":"Point","coordinates":[12.6149439,51.8686824]},"properties":{"id":"bikerack:d697077d-8c6e-4bab-93b8-c2b8f6451a51","kind":"bikerack","longitude":12.6149439,"latitude":51.8686824,"name":"Fahrradabstellplatz","city":"Wittenburg","address":null,"covered":false,"access":null,"website":null,"phone":null,"source":"OpenStreetMap/node/12138288770","sourceUpdatedAt":null,"verifiedAt":null}},{"type":"Feature","geometry":{"type":"Point","coordinates":[12.6192573,51.8664433]},"properties":{"id":"bikerack:d7592d05-c2c3-4ab6-be2d-b60a41446c29","kind":"bikerack","longitude":12.6192573,"latitude":51.8664433,"name":"Fahrradabstellplatz","city":"Wittenburg","address":null,"covered":false,"access":null,"website":null,"phone":null,"source":"OpenStreetMap/node/12125332275","sourceUpdatedAt":null,"verifiedAt":null}},{"type":"Feature","geometry":{"type":"Point","coordinates":[12.6177299,51.8677204]},"properties":{"id":"bikerack:d822d452-39cf-405c-b75c-ed218deaf47f","kind":"bikerack","longitude":12.6177299,"latitude":51.8677204,"name":"Fahrradabstellplatz","city":"Wittenburg","address":null,"covered":false,"access":null,"website":null,"phone":null,"source":"OpenStreetMap/node/12133840050","sourceUpdatedAt":null,"verifiedAt":null}},{"type":"Feature","geometry":{"type":"Point","coordinates":[12.644297,51.8712071]},"properties":{"id":"bikerack:d827724f-349a-41b9-8d9e-009e5d7e6057","kind":"bikerack","longitude":12.644297,"latitude":51.8712071,"name":"Fahrradabstellplatz","city":"Wittenburg","address":null,"covered":false,"access":null,"website":null,"phone":null,"source":"OpenStreetMap/node/12569213367","sourceUpdatedAt":null,"verifiedAt":null}},{"type":"Feature","geometry":{"type":"Point","coordinates":[12.6163024,51.8685093]},"properties":{"id":"bikerack:db1b7d49-0f9a-4631-afd1-c4f3fd1cef55","kind":"bikerack","longitude":12.6163024,"latitude":51.8685093,"name":"Fahrradabstellplatz","city":"Wittenburg","address":null,"covered":false,"access":null,"website":null,"phone":null,"source":"OpenStreetMap/node/12138288769","sourceUpdatedAt":null,"verifiedAt":null}},{"type":"Feature","geometry":{"type":"Point","coordinates":[12.6190648,51.8671016]},"properties":{"id":"bikerack:dba2230b-e33f-44d1-b88c-402b7afb0c88","kind":"bikerack","longitude":12.6190648,"latitude":51.8671016,"name":"Fahrradabstellplatz","city":"Wittenburg","address":null,"covered":false,"access":null,"website":null,"phone":null,"source":"OpenStreetMap/node/12630232737","sourceUpdatedAt":null,"verifiedAt":null}},{"type":"Feature","geometry":{"type":"Point","coordinates":[12.6384933,51.8655247]},"properties":{"id":"bikerack:dbd59347-e173-40b3-b638-d2a2f219831d","kind":"bikerack","longitude":12.6384933,"latitude":51.8655247,"name":"Fahrradabstellplatz","city":"Wittenburg","address":null,"covered":false,"access":null,"website":null,"phone":null,"source":"OpenStreetMap/node/11858958299","sourceUpdatedAt":null,"verifiedAt":null}},{"type":"Feature","geometry":{"type":"Point","coordinates":[12.6170836,51.8676983]},"properties":{"id":"bikerack:dbe116e3-9521-4498-b763-aefa0d579228","kind":"bikerack","longitude":12.6170836,"latitude":51.8676983,"name":"Fahrradabstellplatz","city":"Wittenburg","address":null,"covered":false,"access":null,"website":null,"phone":null,"source":"OpenStreetMap/node/12133840074","sourceUpdatedAt":null,"verifiedAt":null}},{"type":"Feature","geometry":{"type":"Point","coordinates":[12.6208807,51.8666168]},"properties":{"id":"bikerack:de23a2e8-0f1a-45a0-8ac6-ff0d4188cf5a","kind":"bikerack","longitude":12.6208807,"latitude":51.8666168,"name":"Fahrradabstellplatz","city":"Wittenburg","address":null,"covered":false,"access":null,"website":null,"phone":null,"source":"OpenStreetMap/node/12630111791","sourceUpdatedAt":null,"verifiedAt":null}},{"type":"Feature","geometry":{"type":"Point","coordinates":[12.6196198,51.8677234]},"properties":{"id":"bikerack:e01055b4-f547-4f8a-8d03-b70ed107adb1","kind":"bikerack","longitude":12.6196198,"latitude":51.8677234,"name":"Fahrradabstellplatz","city":"Wittenburg","address":null,"covered":false,"access":null,"website":null,"phone":null,"source":"OpenStreetMap/node/12138288778","sourceUpdatedAt":null,"verifiedAt":null}},{"type":"Feature","geometry":{"type":"Point","coordinates":[12.6205474,51.8677428]},"properties":{"id":"bikerack:e058c318-6434-43ea-a9df-e191bff93266","kind":"bikerack","longitude":12.6205474,"latitude":51.8677428,"name":"Fahrradabstellplatz","city":"Wittenburg","address":null,"covered":false,"access":null,"website":null,"phone":null,"source":"OpenStreetMap/node/12630206309","sourceUpdatedAt":null,"verifiedAt":null}},{"type":"Feature","geometry":{"type":"Point","coordinates":[12.6166302,51.8664812]},"properties":{"id":"bikerack:e3239656-3666-4430-b358-6ff86d0684b4","kind":"bikerack","longitude":12.6166302,"latitude":51.8664812,"name":"Fahrradabstellplatz","city":"Wittenburg","address":null,"covered":false,"access":null,"website":null,"phone":null,"source":"OpenStreetMap/node/12125332276","sourceUpdatedAt":null,"verifiedAt":null}},{"type":"Feature","geometry":{"type":"Point","coordinates":[12.613506,51.8674283]},"properties":{"id":"bikerack:e389621e-2723-4724-b503-4e60ba8abd20","kind":"bikerack","longitude":12.613506,"latitude":51.8674283,"name":"Fahrradabstellplatz","city":"Wittenburg","address":null,"covered":false,"access":null,"website":null,"phone":null,"source":"OpenStreetMap/way/1377487314","sourceUpdatedAt":null,"verifiedAt":null}},{"type":"Feature","geometry":{"type":"Point","coordinates":[12.6213382,51.8675111]},"properties":{"id":"bikerack:e67e0853-8b7a-43b9-a1ba-f9a86837560f","kind":"bikerack","longitude":12.6213382,"latitude":51.8675111,"name":"Fahrradabstellplatz","city":"Wittenburg","address":null,"covered":false,"access":null,"website":null,"phone":null,"source":"OpenStreetMap/node/12630222150","sourceUpdatedAt":null,"verifiedAt":null}},{"type":"Feature","geometry":{"type":"Point","coordinates":[12.6177489,51.8677757]},"properties":{"id":"bikerack:e68e8618-49cb-412d-81e8-8173a5914e87","kind":"bikerack","longitude":12.6177489,"latitude":51.8677757,"name":"Fahrradabstellplatz","city":"Wittenburg","address":null,"covered":false,"access":null,"website":null,"phone":null,"source":"OpenStreetMap/node/12133840049","sourceUpdatedAt":null,"verifiedAt":null}},{"type":"Feature","geometry":{"type":"Point","coordinates":[12.6189914,51.8674743]},"properties":{"id":"bikerack:e6d04743-1312-4de0-aa8f-15e4a6216240","kind":"bikerack","longitude":12.6189914,"latitude":51.8674743,"name":"Fahrradabstellplatz","city":"Wittenburg","address":null,"covered":false,"access":null,"website":null,"phone":null,"source":"OpenStreetMap/way/1280676115","sourceUpdatedAt":null,"verifiedAt":null}},{"type":"Feature","geometry":{"type":"Point","coordinates":[12.6166661,51.8661799]},"properties":{"id":"bikerack:e76e2ada-f1bf-458c-9bcf-b09d7b70cf53","kind":"bikerack","longitude":12.6166661,"latitude":51.8661799,"name":"Fahrradabstellplatz","city":"Wittenburg","address":null,"covered":true,"access":null,"website":null,"phone":null,"source":"OpenStreetMap/way/1280665576","sourceUpdatedAt":null,"verifiedAt":null}},{"type":"Feature","geometry":{"type":"Point","coordinates":[12.6184226,51.8676066]},"properties":{"id":"bikerack:e85bac98-3317-4c05-94e0-ad23e32594a5","kind":"bikerack","longitude":12.6184226,"latitude":51.8676066,"name":"Fahrradabstellplatz","city":"Wittenburg","address":null,"covered":true,"access":null,"website":null,"phone":null,"source":"OpenStreetMap/way/1367165278","sourceUpdatedAt":null,"verifiedAt":null}},{"type":"Feature","geometry":{"type":"Point","coordinates":[12.6189988,51.8676806]},"properties":{"id":"bikerack:ea04cebd-028f-41fa-b6a0-1fe7ba99e13a","kind":"bikerack","longitude":12.6189988,"latitude":51.8676806,"name":"Fahrradabstellplatz","city":"Wittenburg","address":null,"covered":false,"access":null,"website":null,"phone":null,"source":"OpenStreetMap/node/12133840061","sourceUpdatedAt":null,"verifiedAt":null}},{"type":"Feature","geometry":{"type":"Point","coordinates":[12.6177403,51.8674905]},"properties":{"id":"bikerack:eaa861ad-5a2c-4c01-a301-b10e7147b63b","kind":"bikerack","longitude":12.6177403,"latitude":51.8674905,"name":"Fahrradabstellplatz","city":"Wittenburg","address":null,"covered":true,"access":null,"website":null,"phone":null,"source":"OpenStreetMap/way/1280669041","sourceUpdatedAt":null,"verifiedAt":null}},{"type":"Feature","geometry":{"type":"Point","coordinates":[12.6205074,51.8665229]},"properties":{"id":"bikerack:eb0e37f0-bcb2-4e50-80f1-7dade65a6160","kind":"bikerack","longitude":12.6205074,"latitude":51.8665229,"name":"Fahrradabstellplatz","city":"Wittenburg","address":null,"covered":false,"access":null,"website":null,"phone":null,"source":"OpenStreetMap/node/12630217973","sourceUpdatedAt":null,"verifiedAt":null}},{"type":"Feature","geometry":{"type":"Point","coordinates":[12.6187767,51.8669725]},"properties":{"id":"bikerack:ecd27452-746e-46d9-9c3c-243329674e10","kind":"bikerack","longitude":12.6187767,"latitude":51.8669725,"name":"Fahrradabstellplatz","city":"Wittenburg","address":null,"covered":false,"access":null,"website":null,"phone":null,"source":"OpenStreetMap/node/12630168885","sourceUpdatedAt":null,"verifiedAt":null}},{"type":"Feature","geometry":{"type":"Point","coordinates":[12.6173029,51.867163]},"properties":{"id":"bikerack:edf54627-ea1b-4a99-8c8b-74d4d43ed111","kind":"bikerack","longitude":12.6173029,"latitude":51.867163,"name":"Fahrradabstellplatz","city":"Wittenburg","address":null,"covered":false,"access":null,"website":null,"phone":null,"source":"OpenStreetMap/node/12128092571","sourceUpdatedAt":null,"verifiedAt":null}},{"type":"Feature","geometry":{"type":"Point","coordinates":[12.6182028,51.8641715]},"properties":{"id":"bikerack:ee880feb-65da-47da-8163-eaaf933dafad","kind":"bikerack","longitude":12.6182028,"latitude":51.8641715,"name":"Fahrradabstellplatz","city":"Wittenburg","address":null,"covered":false,"access":null,"website":null,"phone":null,"source":"OpenStreetMap/node/12125218642","sourceUpdatedAt":null,"verifiedAt":null}},{"type":"Feature","geometry":{"type":"Point","coordinates":[12.6161117,51.8685284]},"properties":{"id":"bikerack:f282b2ad-396a-468f-8455-7f892d4b2dad","kind":"bikerack","longitude":12.6161117,"latitude":51.8685284,"name":"Fahrradabstellplatz","city":"Wittenburg","address":null,"covered":false,"access":null,"website":null,"phone":null,"source":"OpenStreetMap/node/12138288768","sourceUpdatedAt":null,"verifiedAt":null}},{"type":"Feature","geometry":{"type":"Point","coordinates":[12.6164749,51.8677719]},"properties":{"id":"bikerack:f2f5c993-d2df-4927-8c46-e4f02d89bf40","kind":"bikerack","longitude":12.6164749,"latitude":51.8677719,"name":"Fahrradabstellplatz","city":"Wittenburg","address":null,"covered":false,"access":null,"website":null,"phone":null,"source":"OpenStreetMap/node/12133840082","sourceUpdatedAt":null,"verifiedAt":null}},{"type":"Feature","geometry":{"type":"Point","coordinates":[12.6180044,51.8668663]},"properties":{"id":"bikerack:f33457d7-8790-469b-ba4d-39c775daa329","kind":"bikerack","longitude":12.6180044,"latitude":51.8668663,"name":"Fahrradabstellplatz","city":"Wittenburg","address":null,"covered":true,"access":null,"website":null,"phone":null,"source":"OpenStreetMap/way/1267206522","sourceUpdatedAt":null,"verifiedAt":null}},{"type":"Feature","geometry":{"type":"Point","coordinates":[12.6170971,51.8677512]},"properties":{"id":"bikerack:f4676980-9915-4964-9ed2-c3c73aa667e1","kind":"bikerack","longitude":12.6170971,"latitude":51.8677512,"name":"Fahrradabstellplatz","city":"Wittenburg","address":null,"covered":false,"access":null,"website":null,"phone":null,"source":"OpenStreetMap/node/12133840073","sourceUpdatedAt":null,"verifiedAt":null}},{"type":"Feature","geometry":{"type":"Point","coordinates":[12.615965,51.8681323]},"properties":{"id":"bikerack:f7816f57-576a-4ea2-a837-fc0578082e17","kind":"bikerack","longitude":12.615965,"latitude":51.8681323,"name":"Fahrradabstellplatz","city":"Wittenburg","address":null,"covered":false,"access":null,"website":null,"phone":null,"source":"OpenStreetMap/node/12630148462","sourceUpdatedAt":null,"verifiedAt":null}},{"type":"Feature","geometry":{"type":"Point","coordinates":[12.6170669,51.867633]},"properties":{"id":"bikerack:f7b92f34-467d-468b-9044-dd7ee0bd4531","kind":"bikerack","longitude":12.6170669,"latitude":51.867633,"name":"Fahrradabstellplatz","city":"Wittenburg","address":null,"covered":false,"access":null,"website":null,"phone":null,"source":"OpenStreetMap/node/12133840075","sourceUpdatedAt":null,"verifiedAt":null}},{"type":"Feature","geometry":{"type":"Point","coordinates":[12.6182727,51.8674162]},"properties":{"id":"bikerack:f7d89d8d-2fa0-497d-acb9-c44c3ef8cdab","kind":"bikerack","longitude":12.6182727,"latitude":51.8674162,"name":"Fahrradabstellplatz","city":"Wittenburg","address":null,"covered":false,"access":null,"website":null,"phone":null,"source":"OpenStreetMap/node/12133840059","sourceUpdatedAt":null,"verifiedAt":null}},{"type":"Feature","geometry":{"type":"Point","coordinates":[12.6202793,51.8677771]},"properties":{"id":"bikerack:f8ef7474-bec9-4067-b569-14410e6fc4e7","kind":"bikerack","longitude":12.6202793,"latitude":51.8677771,"name":"Fahrradabstellplatz","city":"Wittenburg","address":null,"covered":false,"access":null,"website":null,"phone":null,"source":"OpenStreetMap/node/12630210492","sourceUpdatedAt":null,"verifiedAt":null}},{"type":"Feature","geometry":{"type":"Point","coordinates":[12.6156824,51.8666784]},"properties":{"id":"bikerack:f9c30506-0447-47d2-8ce8-c1dda2b1e6d5","kind":"bikerack","longitude":12.6156824,"latitude":51.8666784,"name":"Fahrradabstellplatz","city":"Wittenburg","address":null,"covered":true,"access":null,"website":null,"phone":null,"source":"OpenStreetMap/way/1280665571","sourceUpdatedAt":null,"verifiedAt":null}},{"type":"Feature","geometry":{"type":"Point","coordinates":[12.6531525,51.8769416]},"properties":{"id":"bikerack:fa2f6508-a3f7-4d15-baa2-6366d43f5b90","kind":"bikerack","longitude":12.6531525,"latitude":51.8769416,"name":"Fahrradabstellplatz","city":"Wittenburg","address":null,"covered":false,"access":null,"website":null,"phone":null,"source":"OpenStreetMap/way/224332939","sourceUpdatedAt":null,"verifiedAt":null}},{"type":"Feature","geometry":{"type":"Point","coordinates":[12.6171269,51.8678681]},"properties":{"id":"bikerack:faa7187e-a822-4ec1-bfc8-52201570e604","kind":"bikerack","longitude":12.6171269,"latitude":51.8678681,"name":"Fahrradabstellplatz","city":"Wittenburg","address":null,"covered":false,"access":null,"website":null,"phone":null,"source":"OpenStreetMap/node/12133840071","sourceUpdatedAt":null,"verifiedAt":null}},{"type":"Feature","geometry":{"type":"Point","coordinates":[12.6527353,51.8645521]},"properties":{"id":"bikerack:fb848af5-5904-41e9-818f-473e2a06a81f","kind":"bikerack","longitude":12.6527353,"latitude":51.8645521,"name":"Fahrradabstellplatz","city":"Wittenburg","address":null,"covered":false,"access":null,"website":null,"phone":null,"source":"OpenStreetMap/node/270360901","sourceUpdatedAt":null,"verifiedAt":null}},{"type":"Feature","geometry":{"type":"Point","coordinates":[12.6183527,51.867649]},"properties":{"id":"bikerack:fbdd72ca-7135-47a4-9027-21a5ff72c6b7","kind":"bikerack","longitude":12.6183527,"latitude":51.867649,"name":"Fahrradabstellplatz","city":"Wittenburg","address":null,"covered":false,"access":null,"website":null,"phone":null,"source":"OpenStreetMap/node/12133840055","sourceUpdatedAt":null,"verifiedAt":null}},{"type":"Feature","geometry":{"type":"Point","coordinates":[12.6213419,51.8675402]},"properties":{"id":"bikerack:fd73d5f3-8bb8-4801-a1a7-9c6c39cce1fd","kind":"bikerack","longitude":12.6213419,"latitude":51.8675402,"name":"Fahrradabstellplatz","city":"Wittenburg","address":null,"covered":false,"access":null,"website":null,"phone":null,"source":"OpenStreetMap/node/12630232864","sourceUpdatedAt":null,"verifiedAt":null}},{"type":"Feature","geometry":{"type":"Point","coordinates":[12.617071,51.868414]},"properties":{"id":"bikerack:ff5434de-67ab-4815-aa67-313036a8aae4","kind":"bikerack","longitude":12.617071,"latitude":51.868414,"name":"Fahrradabstellplatz","city":"Wittenburg","address":null,"covered":false,"access":null,"website":null,"phone":null,"source":"OpenStreetMap/node/12138288764","sourceUpdatedAt":null,"verifiedAt":null}},{"type":"Feature","geometry":{"type":"Point","coordinates":[12.6166181,51.8669889]},"properties":{"id":"bikerack:ffaadb74-4a89-4721-96f5-7ffcd5558878","kind":"bikerack","longitude":12.6166181,"latitude":51.8669889,"name":"Fahrradabstellplatz","city":"Wittenburg","address":null,"covered":false,"access":null,"website":null,"phone":null,"source":"OpenStreetMap/node/12128092565","sourceUpdatedAt":null,"verifiedAt":null}},{"type":"Feature","geometry":{"type":"Point","coordinates":[12.6165203,51.8680612]},"properties":{"id":"bikerack:ffb3e348-98fe-4dce-8800-4bd46c359156","kind":"bikerack","longitude":12.6165203,"latitude":51.8680612,"name":"Fahrradabstellplatz","city":"Wittenburg","address":null,"covered":false,"access":null,"website":null,"phone":null,"source":"OpenStreetMap/node/12133840077","sourceUpdatedAt":null,"verifiedAt":null}},{"type":"Feature","geometry":{"type":"Point","coordinates":[12.6440295,51.8685518]},"properties":{"id":"repair:236d7b9a-6cb6-457f-9d64-8eca1bf3eb3e","kind":"repair","longitude":12.6440295,"latitude":51.8685518,"name":"Fahrradreparaturstation","city":"Wittenburg","address":null,"covered":true,"access":null,"website":null,"phone":null,"source":"OpenStreetMap/node/11927564699","sourceUpdatedAt":null,"verifiedAt":null}},{"type":"Feature","geometry":{"type":"Point","coordinates":[12.6443234,51.8712326]},"properties":{"id":"repair:23969fa3-c501-4d28-8ff5-c83732e40e08","kind":"repair","longitude":12.6443234,"latitude":51.8712326,"name":"Fahrradreparaturstation","city":"Wittenburg","address":null,"covered":false,"access":null,"website":null,"phone":null,"source":"OpenStreetMap/node/12642889715","sourceUpdatedAt":null,"verifiedAt":null}},{"type":"Feature","geometry":{"type":"Point","coordinates":[12.6429584,51.8644194]},"properties":{"id":"service:111c2d8b-f301-4f6a-af15-d309d1af9ecb","kind":"service","longitude":12.6429584,"latitude":51.8644194,"name":"Little John Bikes","city":"Wittenberg","address":null,"covered":null,"access":null,"website":null,"phone":null,"source":"OpenStreetMap/way/374266864","sourceUpdatedAt":null,"verifiedAt":null}},{"type":"Feature","geometry":{"type":"Point","coordinates":[12.6465663,51.867246]},"properties":{"id":"service:76716f9f-65c4-431e-b5b8-e58c3b8b2d41","kind":"service","longitude":12.6465663,"latitude":51.867246,"name":"Fahrradhaus Kralisch","city":"Wittenberg","address":null,"covered":null,"access":null,"website":null,"phone":null,"source":"OpenStreetMap/node/2320367241","sourceUpdatedAt":null,"verifiedAt":null}},{"type":"Feature","geometry":{"type":"Point","coordinates":[12.640033,51.8671783]},"properties":{"id":"service:f660b04b-f566-4123-8b27-e3f36e129aff","kind":"service","longitude":12.640033,"latitude":51.8671783,"name":"M & B","city":"Wittenberg","address":null,"covered":null,"access":null,"website":null,"phone":null,"source":"OpenStreetMap/way/123923477","sourceUpdatedAt":null,"verifiedAt":null}},{"type":"Feature","geometry":{"type":"Point","coordinates":[12.6378908,51.8667384]},"properties":{"id":"water:db69bab9-1884-42fd-b06e-ebc0249bf3ca","kind":"water","longitude":12.6378908,"latitude":51.8667384,"name":"Trinkwasser","city":"Wittenburg","address":null,"covered":null,"access":null,"website":null,"phone":null,"source":"OpenStreetMap/node/7765577131","sourceUpdatedAt":null,"verifiedAt":null}}]}