{"type":"FeatureCollection","features":[{"type":"Feature","geometry":{"type":"Point","coordinates":[8.7128538,50.1049038]},"properties":{"id":"bikerack:016d9635-2a59-4faa-9516-2604cc7b7a98","kind":"bikerack","longitude":8.7128538,"latitude":50.1049038,"name":"Fahrradabstellplatz","city":"Frankfurt am Main","address":null,"covered":false,"access":null,"website":null,"phone":null,"source":"OpenStreetMap/node/9335388708","sourceUpdatedAt":null,"verifiedAt":null}},{"type":"Feature","geometry":{"type":"Point","coordinates":[8.7112083,50.1102949]},"properties":{"id":"bikerack:0217ec7a-68c0-46b5-baeb-4cd368b3422a","kind":"bikerack","longitude":8.7112083,"latitude":50.1102949,"name":"Fahrradabstellplatz","city":"Frankfurt am Main","address":null,"covered":false,"access":null,"website":null,"phone":null,"source":"OpenStreetMap/node/13026847529","sourceUpdatedAt":null,"verifiedAt":null}},{"type":"Feature","geometry":{"type":"Point","coordinates":[8.7393866,50.1084858]},"properties":{"id":"bikerack:026bcf04-d9a2-49a0-9790-12139617c1b4","kind":"bikerack","longitude":8.7393866,"latitude":50.1084858,"name":"Fahrradabstellplatz","city":"Offenbach","address":null,"covered":true,"access":null,"website":null,"phone":null,"source":"OpenStreetMap/node/5058984596","sourceUpdatedAt":null,"verifiedAt":null}},{"type":"Feature","geometry":{"type":"Point","coordinates":[8.7260455,50.115572]},"properties":{"id":"bikerack:0306707c-b03e-4ba1-80f7-314504bbd309","kind":"bikerack","longitude":8.7260455,"latitude":50.115572,"name":"Fahrradabstellplatz","city":"Frankfurt am Main","address":null,"covered":true,"access":null,"website":null,"phone":null,"source":"OpenStreetMap/node/13039851394","sourceUpdatedAt":null,"verifiedAt":null}},{"type":"Feature","geometry":{"type":"Point","coordinates":[8.7024799,50.1190763]},"properties":{"id":"bikerack:0481be7e-6ba5-4e96-a118-5962d31c36a6","kind":"bikerack","longitude":8.7024799,"latitude":50.1190763,"name":"Fahrradabstellplatz","city":"Frankfurt am Main","address":null,"covered":false,"access":null,"website":null,"phone":null,"source":"OpenStreetMap/node/12568753514","sourceUpdatedAt":null,"verifiedAt":null}},{"type":"Feature","geometry":{"type":"Point","coordinates":[8.71698,50.1128929]},"properties":{"id":"bikerack:04a19b5d-27f6-47b2-9243-092915b098f0","kind":"bikerack","longitude":8.71698,"latitude":50.1128929,"name":"Fahrradabstellplatz","city":"Frankfurt am Main","address":null,"covered":false,"access":null,"website":null,"phone":null,"source":"OpenStreetMap/node/9520135852","sourceUpdatedAt":null,"verifiedAt":null}},{"type":"Feature","geometry":{"type":"Point","coordinates":[8.7105852,50.1201448]},"properties":{"id":"bikerack:0510dd46-84d9-438e-8628-9040feb97296","kind":"bikerack","longitude":8.7105852,"latitude":50.1201448,"name":"Fahrradabstellplatz","city":"Frankfurt am Main","address":null,"covered":false,"access":null,"website":null,"phone":null,"source":"OpenStreetMap/node/8346063457","sourceUpdatedAt":null,"verifiedAt":null}},{"type":"Feature","geometry":{"type":"Point","coordinates":[8.70706,50.1126637]},"properties":{"id":"bikerack:0615cc7c-b445-4db9-b78f-d3fa72b6f6e1","kind":"bikerack","longitude":8.70706,"latitude":50.1126637,"name":"Fahrradabstellplatz","city":"Frankfurt am Main","address":null,"covered":false,"access":null,"website":null,"phone":null,"source":"OpenStreetMap/node/13340724668","sourceUpdatedAt":null,"verifiedAt":null}},{"type":"Feature","geometry":{"type":"Point","coordinates":[8.7411966,50.1182167]},"properties":{"id":"bikerack:063d88f6-39c9-4f7a-befa-85594184d288","kind":"bikerack","longitude":8.7411966,"latitude":50.1182167,"name":"Fahrradabstellplatz","city":"Offenbach","address":null,"covered":false,"access":null,"website":null,"phone":null,"source":"OpenStreetMap/way/1364676617","sourceUpdatedAt":null,"verifiedAt":null}},{"type":"Feature","geometry":{"type":"Point","coordinates":[8.739758,50.1115301]},"properties":{"id":"bikerack:064a2b70-6376-48c5-bdbb-daec22392484","kind":"bikerack","longitude":8.739758,"latitude":50.1115301,"name":"Fahrradabstellplatz","city":"Offenbach","address":null,"covered":false,"access":null,"website":null,"phone":null,"source":"OpenStreetMap/node/12163689902","sourceUpdatedAt":null,"verifiedAt":null}},{"type":"Feature","geometry":{"type":"Point","coordinates":[8.7347225,50.1066044]},"properties":{"id":"bikerack:06527d25-a502-4aed-aa92-665fb76e8031","kind":"bikerack","longitude":8.7347225,"latitude":50.1066044,"name":"Fahrradabstellplatz","city":"Offenbach","address":null,"covered":false,"access":null,"website":null,"phone":null,"source":"OpenStreetMap/node/7282857386","sourceUpdatedAt":null,"verifiedAt":null}},{"type":"Feature","geometry":{"type":"Point","coordinates":[8.7069322,50.1158196]},"properties":{"id":"bikerack:0688a276-15f8-4b9a-a216-86b067142fcb","kind":"bikerack","longitude":8.7069322,"latitude":50.1158196,"name":"Fahrradabstellplatz","city":"Frankfurt am Main","address":null,"covered":false,"access":null,"website":null,"phone":null,"source":"OpenStreetMap/way/688236711","sourceUpdatedAt":null,"verifiedAt":null}},{"type":"Feature","geometry":{"type":"Point","coordinates":[8.7047145,50.1145275]},"properties":{"id":"bikerack:0710b546-05c3-491c-a3d7-a5c4f343583a","kind":"bikerack","longitude":8.7047145,"latitude":50.1145275,"name":"Fahrradabstellplatz","city":"Frankfurt am Main","address":null,"covered":false,"access":null,"website":null,"phone":null,"source":"OpenStreetMap/node/13625228099","sourceUpdatedAt":null,"verifiedAt":null}},{"type":"Feature","geometry":{"type":"Point","coordinates":[8.7094545,50.1147154]},"properties":{"id":"bikerack:07403d5e-cf17-4d16-92b9-69448534c492","kind":"bikerack","longitude":8.7094545,"latitude":50.1147154,"name":"Fahrradabstellplatz","city":"Frankfurt am Main","address":null,"covered":true,"access":null,"website":null,"phone":null,"source":"OpenStreetMap/node/7579572367","sourceUpdatedAt":null,"verifiedAt":null}},{"type":"Feature","geometry":{"type":"Point","coordinates":[8.7394604,50.10862]},"properties":{"id":"bikerack:074cb3be-c29c-4c83-9cc9-f77197d4bc3a","kind":"bikerack","longitude":8.7394604,"latitude":50.10862,"name":"Fahrradabstellplatz","city":"Offenbach","address":null,"covered":true,"access":null,"website":null,"phone":null,"source":"OpenStreetMap/node/5058984597","sourceUpdatedAt":null,"verifiedAt":null}},{"type":"Feature","geometry":{"type":"Point","coordinates":[8.7053914,50.1124986]},"properties":{"id":"bikerack:08937237-a25b-434f-ac8a-22d6f95978f5","kind":"bikerack","longitude":8.7053914,"latitude":50.1124986,"name":"Fahrradabstellplatz","city":"Frankfurt am Main","address":null,"covered":false,"access":null,"website":null,"phone":null,"source":"OpenStreetMap/node/12116936350","sourceUpdatedAt":null,"verifiedAt":null}},{"type":"Feature","geometry":{"type":"Point","coordinates":[8.7441647,50.1061155]},"properties":{"id":"bikerack:08bc702e-08d4-4654-b1d4-b4b96a2f12fe","kind":"bikerack","longitude":8.7441647,"latitude":50.1061155,"name":"Fahrradabstellplatz","city":"Offenbach","address":null,"covered":false,"access":null,"website":null,"phone":null,"source":"OpenStreetMap/node/13705040252","sourceUpdatedAt":null,"verifiedAt":null}},{"type":"Feature","geometry":{"type":"Point","coordinates":[8.7169686,50.1054608]},"properties":{"id":"bikerack:090b0a70-ff75-4f35-9a91-b1311e024511","kind":"bikerack","longitude":8.7169686,"latitude":50.1054608,"name":"Fahrradabstellplatz","city":"Frankfurt am Main","address":null,"covered":false,"access":null,"website":null,"phone":null,"source":"OpenStreetMap/node/13418434970","sourceUpdatedAt":null,"verifiedAt":null}},{"type":"Feature","geometry":{"type":"Point","coordinates":[8.7154341,50.1124329]},"properties":{"id":"bikerack:091a7790-49d7-46c9-b6c3-dc3666bea42a","kind":"bikerack","longitude":8.7154341,"latitude":50.1124329,"name":"Fahrradabstellplatz","city":"Frankfurt am Main","address":null,"covered":false,"access":null,"website":null,"phone":null,"source":"OpenStreetMap/node/11983390949","sourceUpdatedAt":null,"verifiedAt":null}},{"type":"Feature","geometry":{"type":"Point","coordinates":[8.7080366,50.1187752]},"properties":{"id":"bikerack:0950994a-8295-419a-83a8-944842396cd8","kind":"bikerack","longitude":8.7080366,"latitude":50.1187752,"name":"Fahrradabstellplatz","city":"Frankfurt am Main","address":null,"covered":false,"access":null,"website":null,"phone":null,"source":"OpenStreetMap/node/6024437701","sourceUpdatedAt":null,"verifiedAt":null}},{"type":"Feature","geometry":{"type":"Point","coordinates":[8.7027609,50.0975642]},"properties":{"id":"bikerack:096862a4-8782-48f1-a6ec-9b672f416aa7","kind":"bikerack","longitude":8.7027609,"latitude":50.0975642,"name":"Fahrradabstellplatz","city":"Frankfurt am Main","address":null,"covered":false,"access":null,"website":null,"phone":null,"source":"OpenStreetMap/node/13418429542","sourceUpdatedAt":null,"verifiedAt":null}},{"type":"Feature","geometry":{"type":"Point","coordinates":[8.7169036,50.1133813]},"properties":{"id":"bikerack:0b2a79e1-95f1-4a14-bc24-84bc9ead70df","kind":"bikerack","longitude":8.7169036,"latitude":50.1133813,"name":"Fahrradabstellplatz","city":"Frankfurt am Main","address":null,"covered":false,"access":null,"website":null,"phone":null,"source":"OpenStreetMap/node/13340721880","sourceUpdatedAt":null,"verifiedAt":null}},{"type":"Feature","geometry":{"type":"Point","coordinates":[8.7087046,50.1203712]},"properties":{"id":"bikerack:0b9399ba-0226-45e7-ac73-dd1de5d92b83","kind":"bikerack","longitude":8.7087046,"latitude":50.1203712,"name":"Fahrradabstellplatz","city":"Frankfurt am Main","address":null,"covered":false,"access":null,"website":null,"phone":null,"source":"OpenStreetMap/node/8612193392","sourceUpdatedAt":null,"verifiedAt":null}},{"type":"Feature","geometry":{"type":"Point","coordinates":[8.714361,50.11748]},"properties":{"id":"bikerack:0bdea0e6-fd54-4627-b175-b50609b4978b","kind":"bikerack","longitude":8.714361,"latitude":50.11748,"name":"Fahrradabstellplatz","city":"Frankfurt am Main","address":null,"covered":false,"access":null,"website":null,"phone":null,"source":"OpenStreetMap/node/11117219434","sourceUpdatedAt":null,"verifiedAt":null}},{"type":"Feature","geometry":{"type":"Point","coordinates":[8.7135042,50.1196042]},"properties":{"id":"bikerack:0c71357a-7ec5-4847-a68f-cba043443e3a","kind":"bikerack","longitude":8.7135042,"latitude":50.1196042,"name":"Fahrradabstellplatz","city":"Frankfurt am Main","address":null,"covered":false,"access":null,"website":null,"phone":null,"source":"OpenStreetMap/node/8412433302","sourceUpdatedAt":null,"verifiedAt":null}},{"type":"Feature","geometry":{"type":"Point","coordinates":[8.707908,50.1188128]},"properties":{"id":"bikerack:0c8d3b84-7798-4b29-a3ee-afdeb01142c5","kind":"bikerack","longitude":8.707908,"latitude":50.1188128,"name":"Fahrradabstellplatz","city":"Frankfurt am Main","address":null,"covered":false,"access":null,"website":null,"phone":null,"source":"OpenStreetMap/node/6024437702","sourceUpdatedAt":null,"verifiedAt":null}},{"type":"Feature","geometry":{"type":"Point","coordinates":[8.7036632,50.0998396]},"properties":{"id":"bikerack:0caafedf-b83a-4045-9399-10a45de010f2","kind":"bikerack","longitude":8.7036632,"latitude":50.0998396,"name":"Fahrradabstellplatz","city":"Frankfurt am Main","address":null,"covered":false,"access":null,"website":null,"phone":null,"source":"OpenStreetMap/node/12978012926","sourceUpdatedAt":null,"verifiedAt":null}},{"type":"Feature","geometry":{"type":"Point","coordinates":[8.7154436,50.1054549]},"properties":{"id":"bikerack:0cad896a-7e63-4880-9342-1c4266cd9ed8","kind":"bikerack","longitude":8.7154436,"latitude":50.1054549,"name":"Fahrradabstellplatz","city":"Frankfurt am Main","address":null,"covered":false,"access":null,"website":null,"phone":null,"source":"OpenStreetMap/node/13418446346","sourceUpdatedAt":null,"verifiedAt":null}},{"type":"Feature","geometry":{"type":"Point","coordinates":[8.7047572,50.1119041]},"properties":{"id":"bikerack:0d4c661e-b1c0-4a66-80ba-a849163ddbb2","kind":"bikerack","longitude":8.7047572,"latitude":50.1119041,"name":"Fahrradabstellplatz","city":"Frankfurt am Main","address":null,"covered":false,"access":null,"website":null,"phone":null,"source":"OpenStreetMap/node/9609350070","sourceUpdatedAt":null,"verifiedAt":null}},{"type":"Feature","geometry":{"type":"Point","coordinates":[8.7071944,50.115557]},"properties":{"id":"bikerack:0fb617ae-77e9-42ad-87ec-f642c503c0ae","kind":"bikerack","longitude":8.7071944,"latitude":50.115557,"name":"Fahrradabstellplatz","city":"Frankfurt am Main","address":null,"covered":false,"access":null,"website":null,"phone":null,"source":"OpenStreetMap/node/6453072565","sourceUpdatedAt":null,"verifiedAt":null}},{"type":"Feature","geometry":{"type":"Point","coordinates":[8.7107012,50.1202892]},"properties":{"id":"bikerack:0fc80e4c-92cf-4abe-8faa-ef93f2fd55ce","kind":"bikerack","longitude":8.7107012,"latitude":50.1202892,"name":"Fahrradabstellplatz","city":"Frankfurt am Main","address":null,"covered":false,"access":null,"website":null,"phone":null,"source":"OpenStreetMap/node/12531971192","sourceUpdatedAt":null,"verifiedAt":null}},{"type":"Feature","geometry":{"type":"Point","coordinates":[8.7153714,50.1177543]},"properties":{"id":"bikerack:1003dda0-3ec9-40e6-9a78-29261a13f26a","kind":"bikerack","longitude":8.7153714,"latitude":50.1177543,"name":"Fahrradabstellplatz","city":"Frankfurt am Main","address":null,"covered":false,"access":null,"website":null,"phone":null,"source":"OpenStreetMap/node/7770098282","sourceUpdatedAt":null,"verifiedAt":null}},{"type":"Feature","geometry":{"type":"Point","coordinates":[8.712226,50.1169391]},"properties":{"id":"bikerack:103eb43c-2411-4080-8eb2-2af8976e2ebe","kind":"bikerack","longitude":8.712226,"latitude":50.1169391,"name":"Fahrradabstellplatz","city":"Frankfurt am Main","address":null,"covered":false,"access":null,"website":null,"phone":null,"source":"OpenStreetMap/node/12066112756","sourceUpdatedAt":null,"verifiedAt":null}},{"type":"Feature","geometry":{"type":"Point","coordinates":[8.7413271,50.1126572]},"properties":{"id":"bikerack:124891f8-3f18-4f86-b154-50657355b5da","kind":"bikerack","longitude":8.7413271,"latitude":50.1126572,"name":"Fahrradabstellplatz","city":"Offenbach","address":null,"covered":false,"access":null,"website":null,"phone":null,"source":"OpenStreetMap/node/8592823255","sourceUpdatedAt":null,"verifiedAt":null}},{"type":"Feature","geometry":{"type":"Point","coordinates":[8.7085345,50.1161228]},"properties":{"id":"bikerack:141b89d6-f3dd-43e5-a821-99d74229ca49","kind":"bikerack","longitude":8.7085345,"latitude":50.1161228,"name":"Fahrradabstellplatz","city":"Frankfurt am Main","address":null,"covered":false,"access":null,"website":null,"phone":null,"source":"OpenStreetMap/node/6453101538","sourceUpdatedAt":null,"verifiedAt":null}},{"type":"Feature","geometry":{"type":"Point","coordinates":[8.706647,50.1192679]},"properties":{"id":"bikerack:142b1334-1269-4098-a97b-aae6f2ca3253","kind":"bikerack","longitude":8.706647,"latitude":50.1192679,"name":"Fahrradabstellplatz","city":"Frankfurt am Main","address":null,"covered":false,"access":null,"website":null,"phone":null,"source":"OpenStreetMap/node/13190917732","sourceUpdatedAt":null,"verifiedAt":null}},{"type":"Feature","geometry":{"type":"Point","coordinates":[8.7138644,50.1189846]},"properties":{"id":"bikerack:15bdd213-2b0e-4449-9b2c-f1bdaaa67877","kind":"bikerack","longitude":8.7138644,"latitude":50.1189846,"name":"Fahrradabstellplatz","city":"Frankfurt am Main","address":null,"covered":false,"access":null,"website":null,"phone":null,"source":"OpenStreetMap/node/12636236659","sourceUpdatedAt":null,"verifiedAt":null}},{"type":"Feature","geometry":{"type":"Point","coordinates":[8.7135587,50.1109237]},"properties":{"id":"bikerack:164b2f66-d043-48dc-bf93-d74ef8892d7e","kind":"bikerack","longitude":8.7135587,"latitude":50.1109237,"name":"Fahrradabstellplatz","city":"Frankfurt am Main","address":null,"covered":true,"access":null,"website":null,"phone":null,"source":"OpenStreetMap/node/13026806597","sourceUpdatedAt":null,"verifiedAt":null}},{"type":"Feature","geometry":{"type":"Point","coordinates":[8.7259633,50.1172735]},"properties":{"id":"bikerack:17181ac6-aeba-4e79-9fb7-09c963300ca7","kind":"bikerack","longitude":8.7259633,"latitude":50.1172735,"name":"Fahrradabstellplatz","city":"Frankfurt am Main","address":null,"covered":true,"access":null,"website":null,"phone":null,"source":"OpenStreetMap/node/9176668134","sourceUpdatedAt":null,"verifiedAt":null}},{"type":"Feature","geometry":{"type":"Point","coordinates":[8.7353842,50.1073529]},"properties":{"id":"bikerack:17bcf3da-d58c-47b6-a49f-69ca9d85ac0b","kind":"bikerack","longitude":8.7353842,"latitude":50.1073529,"name":"Fahrradabstellplatz","city":"Offenbach","address":null,"covered":false,"access":null,"website":null,"phone":null,"source":"OpenStreetMap/node/7272370162","sourceUpdatedAt":null,"verifiedAt":null}},{"type":"Feature","geometry":{"type":"Point","coordinates":[8.7085148,50.1169177]},"properties":{"id":"bikerack:1801dbee-313b-42b1-949c-110582593845","kind":"bikerack","longitude":8.7085148,"latitude":50.1169177,"name":"Fahrradabstellplatz","city":"Frankfurt am Main","address":null,"covered":false,"access":null,"website":null,"phone":null,"source":"OpenStreetMap/node/6453075296","sourceUpdatedAt":null,"verifiedAt":null}},{"type":"Feature","geometry":{"type":"Point","coordinates":[8.735118,50.1059166]},"properties":{"id":"bikerack:1898e8d4-436e-452d-95c8-8948049d3ea6","kind":"bikerack","longitude":8.735118,"latitude":50.1059166,"name":"Fahrradabstellplatz","city":"Offenbach","address":null,"covered":false,"access":null,"website":null,"phone":null,"source":"OpenStreetMap/node/11649551755","sourceUpdatedAt":null,"verifiedAt":null}},{"type":"Feature","geometry":{"type":"Point","coordinates":[8.701711,50.1139987]},"properties":{"id":"bikerack:19040f58-54b2-4e8f-b708-4cb78d69168c","kind":"bikerack","longitude":8.701711,"latitude":50.1139987,"name":"Fahrradabstellplatz","city":"Frankfurt am Main","address":null,"covered":false,"access":null,"website":null,"phone":null,"source":"OpenStreetMap/node/6391301218","sourceUpdatedAt":null,"verifiedAt":null}},{"type":"Feature","geometry":{"type":"Point","coordinates":[8.70611,50.1201676]},"properties":{"id":"bikerack:1954b255-8f90-4eef-a0cd-a1c11f2fd32a","kind":"bikerack","longitude":8.70611,"latitude":50.1201676,"name":"Fahrradabstellplatz","city":"Frankfurt am Main","address":null,"covered":false,"access":null,"website":null,"phone":null,"source":"OpenStreetMap/node/13430570037","sourceUpdatedAt":null,"verifiedAt":null}},{"type":"Feature","geometry":{"type":"Point","coordinates":[8.7178085,50.1126776]},"properties":{"id":"bikerack:1ab3abdb-8d69-407a-aa07-ad850e8b46b1","kind":"bikerack","longitude":8.7178085,"latitude":50.1126776,"name":"Fahrradabstellplatz","city":"Frankfurt am Main","address":null,"covered":false,"access":null,"website":null,"phone":null,"source":"OpenStreetMap/node/13026848904","sourceUpdatedAt":null,"verifiedAt":null}},{"type":"Feature","geometry":{"type":"Point","coordinates":[8.711666,50.111816]},"properties":{"id":"bikerack:1aed1bdb-dd5a-49cd-8a49-8bffccce4a83","kind":"bikerack","longitude":8.711666,"latitude":50.111816,"name":"Fahrradabstellplatz","city":"Frankfurt am Main","address":null,"covered":false,"access":null,"website":null,"phone":null,"source":"OpenStreetMap/node/11835180713","sourceUpdatedAt":null,"verifiedAt":null}},{"type":"Feature","geometry":{"type":"Point","coordinates":[8.7045062,50.1132873]},"properties":{"id":"bikerack:1b4655dc-48e3-4d26-a551-789e41e8df6e","kind":"bikerack","longitude":8.7045062,"latitude":50.1132873,"name":"Fahrradabstellplatz","city":"Frankfurt am Main","address":null,"covered":false,"access":null,"website":null,"phone":null,"source":"OpenStreetMap/node/9501106819","sourceUpdatedAt":null,"verifiedAt":null}},{"type":"Feature","geometry":{"type":"Point","coordinates":[8.7084635,50.1158973]},"properties":{"id":"bikerack:1c0d09ae-1c87-49a1-9eca-fadebed7befc","kind":"bikerack","longitude":8.7084635,"latitude":50.1158973,"name":"Fahrradabstellplatz","city":"Frankfurt am Main","address":null,"covered":false,"access":null,"website":null,"phone":null,"source":"OpenStreetMap/node/6453075299","sourceUpdatedAt":null,"verifiedAt":null}},{"type":"Feature","geometry":{"type":"Point","coordinates":[8.7100115,50.1144119]},"properties":{"id":"bikerack:1c5e05ea-4c98-4cce-a1ab-2a89188db35b","kind":"bikerack","longitude":8.7100115,"latitude":50.1144119,"name":"Fahrradabstellplatz","city":"Frankfurt am Main","address":null,"covered":true,"access":null,"website":null,"phone":null,"source":"OpenStreetMap/node/13026853049","sourceUpdatedAt":null,"verifiedAt":null}},{"type":"Feature","geometry":{"type":"Point","coordinates":[8.7262889,50.1167786]},"properties":{"id":"bikerack:1db47f8c-947d-4c92-8036-6e179a4bb741","kind":"bikerack","longitude":8.7262889,"latitude":50.1167786,"name":"Fahrradabstellplatz","city":"Frankfurt am Main","address":null,"covered":false,"access":null,"website":null,"phone":null,"source":"OpenStreetMap/node/9176668136","sourceUpdatedAt":null,"verifiedAt":null}},{"type":"Feature","geometry":{"type":"Point","coordinates":[8.7048063,50.1141316]},"properties":{"id":"bikerack:1de7d2c1-2c85-4025-948e-80b650ffe7d1","kind":"bikerack","longitude":8.7048063,"latitude":50.1141316,"name":"Fahrradabstellplatz","city":"Frankfurt am Main","address":null,"covered":true,"access":null,"website":null,"phone":null,"source":"OpenStreetMap/node/13625234879","sourceUpdatedAt":null,"verifiedAt":null}},{"type":"Feature","geometry":{"type":"Point","coordinates":[8.7118251,50.1124804]},"properties":{"id":"bikerack:1e7c21c2-6593-46b1-9e84-5ec2a5b225ec","kind":"bikerack","longitude":8.7118251,"latitude":50.1124804,"name":"Fahrradabstellplatz","city":"Frankfurt am Main","address":null,"covered":false,"access":null,"website":null,"phone":null,"source":"OpenStreetMap/node/11375592777","sourceUpdatedAt":null,"verifiedAt":null}},{"type":"Feature","geometry":{"type":"Point","coordinates":[8.7143272,50.1172379]},"properties":{"id":"bikerack:1f2cd844-bf6a-4885-b3cd-029ca1ce6e73","kind":"bikerack","longitude":8.7143272,"latitude":50.1172379,"name":"Fahrradabstellplatz","city":"Frankfurt am Main","address":null,"covered":false,"access":null,"website":null,"phone":null,"source":"OpenStreetMap/node/7770113136","sourceUpdatedAt":null,"verifiedAt":null}},{"type":"Feature","geometry":{"type":"Point","coordinates":[8.702395,50.1079227]},"properties":{"id":"bikerack:1f5d4d19-be71-4972-84e2-51418e339c4e","kind":"bikerack","longitude":8.702395,"latitude":50.1079227,"name":"Fahrradabstellplatz","city":"Frankfurt am Main","address":null,"covered":false,"access":null,"website":null,"phone":null,"source":"OpenStreetMap/node/12162521238","sourceUpdatedAt":null,"verifiedAt":null}},{"type":"Feature","geometry":{"type":"Point","coordinates":[8.7136998,50.111903]},"properties":{"id":"bikerack:1ff6904f-4331-4f7a-8773-e2d928a3c69e","kind":"bikerack","longitude":8.7136998,"latitude":50.111903,"name":"Fahrradabstellplatz","city":"Frankfurt am Main","address":null,"covered":false,"access":null,"website":null,"phone":null,"source":"OpenStreetMap/node/9230650314","sourceUpdatedAt":null,"verifiedAt":null}},{"type":"Feature","geometry":{"type":"Point","coordinates":[8.7056592,50.1127821]},"properties":{"id":"bikerack:209b713d-80e4-42d0-b724-8ef351a7fb5d","kind":"bikerack","longitude":8.7056592,"latitude":50.1127821,"name":"Fahrradabstellplatz","city":"Frankfurt am Main","address":null,"covered":false,"access":null,"website":null,"phone":null,"source":"OpenStreetMap/node/12116929152","sourceUpdatedAt":null,"verifiedAt":null}},{"type":"Feature","geometry":{"type":"Point","coordinates":[8.708059,50.1178571]},"properties":{"id":"bikerack:20a490b6-8d95-4c2e-968f-179a61734971","kind":"bikerack","longitude":8.708059,"latitude":50.1178571,"name":"Fahrradabstellplatz","city":"Frankfurt am Main","address":null,"covered":false,"access":null,"website":null,"phone":null,"source":"OpenStreetMap/node/6054978526","sourceUpdatedAt":null,"verifiedAt":null}},{"type":"Feature","geometry":{"type":"Point","coordinates":[8.7110452,50.1162183]},"properties":{"id":"bikerack:20a742e4-f864-4835-83b4-5ca88039b73e","kind":"bikerack","longitude":8.7110452,"latitude":50.1162183,"name":"Fahrradabstellplatz","city":"Frankfurt am Main","address":null,"covered":false,"access":null,"website":null,"phone":null,"source":"OpenStreetMap/node/7609624154","sourceUpdatedAt":null,"verifiedAt":null}},{"type":"Feature","geometry":{"type":"Point","coordinates":[8.7070097,50.117043]},"properties":{"id":"bikerack:21e380cc-afb1-41b8-b67f-8c7c03fe8608","kind":"bikerack","longitude":8.7070097,"latitude":50.117043,"name":"Fahrradabstellplatz","city":"Frankfurt am Main","address":null,"covered":false,"access":null,"website":null,"phone":null,"source":"OpenStreetMap/node/6391301191","sourceUpdatedAt":null,"verifiedAt":null}},{"type":"Feature","geometry":{"type":"Point","coordinates":[8.7251705,50.116899]},"properties":{"id":"bikerack:220d4788-8b85-4e75-ba99-a4ee168d67c0","kind":"bikerack","longitude":8.7251705,"latitude":50.116899,"name":"Fahrradabstellplatz","city":"Frankfurt am Main","address":null,"covered":false,"access":null,"website":null,"phone":null,"source":"OpenStreetMap/node/9176668132","sourceUpdatedAt":null,"verifiedAt":null}},{"type":"Feature","geometry":{"type":"Point","coordinates":[8.7125396,50.1155877]},"properties":{"id":"bikerack:223959bd-4976-47b5-a315-8f6e3e8fd828","kind":"bikerack","longitude":8.7125396,"latitude":50.1155877,"name":"Fahrradabstellplatz","city":"Frankfurt am Main","address":null,"covered":false,"access":null,"website":null,"phone":null,"source":"OpenStreetMap/node/11835191078","sourceUpdatedAt":null,"verifiedAt":null}},{"type":"Feature","geometry":{"type":"Point","coordinates":[8.7165099,50.1140965]},"properties":{"id":"bikerack:223ae046-04bc-405e-bd62-de98566a90ae","kind":"bikerack","longitude":8.7165099,"latitude":50.1140965,"name":"Fahrradabstellplatz","city":"Frankfurt am Main","address":null,"covered":false,"access":null,"website":null,"phone":null,"source":"OpenStreetMap/node/12368000218","sourceUpdatedAt":null,"verifiedAt":null}},{"type":"Feature","geometry":{"type":"Point","coordinates":[8.7104876,50.1158881]},"properties":{"id":"bikerack:2242c6ca-e5e8-47bb-83db-4bb3285ce4ec","kind":"bikerack","longitude":8.7104876,"latitude":50.1158881,"name":"Fahrradabstellplatz","city":"Frankfurt am Main","address":null,"covered":false,"access":null,"website":null,"phone":null,"source":"OpenStreetMap/node/12531912155","sourceUpdatedAt":null,"verifiedAt":null}},{"type":"Feature","geometry":{"type":"Point","coordinates":[8.7104982,50.1099342]},"properties":{"id":"bikerack:239aca1c-fb9d-421c-8364-8e4b41b870a2","kind":"bikerack","longitude":8.7104982,"latitude":50.1099342,"name":"Fahrradabstellplatz","city":"Frankfurt am Main","address":null,"covered":false,"access":null,"website":null,"phone":null,"source":"OpenStreetMap/node/13026834142","sourceUpdatedAt":null,"verifiedAt":null}},{"type":"Feature","geometry":{"type":"Point","coordinates":[8.7059873,50.1136902]},"properties":{"id":"bikerack:245f8808-b6b7-46e8-be54-4f07f40c1579","kind":"bikerack","longitude":8.7059873,"latitude":50.1136902,"name":"Fahrradabstellplatz","city":"Frankfurt am Main","address":null,"covered":false,"access":null,"website":null,"phone":null,"source":"OpenStreetMap/node/12731506690","sourceUpdatedAt":null,"verifiedAt":null}},{"type":"Feature","geometry":{"type":"Point","coordinates":[8.74423,50.1059826]},"properties":{"id":"bikerack:248d46fc-ec87-4402-b7e8-0e420f2874ad","kind":"bikerack","longitude":8.74423,"latitude":50.1059826,"name":"Fahrradabstellplatz","city":"Offenbach","address":null,"covered":false,"access":null,"website":null,"phone":null,"source":"OpenStreetMap/node/13705040256","sourceUpdatedAt":null,"verifiedAt":null}},{"type":"Feature","geometry":{"type":"Point","coordinates":[8.7188389,50.1006552]},"properties":{"id":"bikerack:24dc2c0d-0a1d-4776-83cf-0d9accd7fd8b","kind":"bikerack","longitude":8.7188389,"latitude":50.1006552,"name":"Fahrradabstellplatz","city":"Frankfurt am Main","address":null,"covered":false,"access":null,"website":null,"phone":null,"source":"OpenStreetMap/node/12043706379","sourceUpdatedAt":null,"verifiedAt":null}},{"type":"Feature","geometry":{"type":"Point","coordinates":[8.7405183,50.1053563]},"properties":{"id":"bikerack:26a98a4b-2d84-47c7-8201-804f0ea39641","kind":"bikerack","longitude":8.7405183,"latitude":50.1053563,"name":"Fahrradabstellplatz","city":"Offenbach","address":null,"covered":false,"access":null,"website":null,"phone":null,"source":"OpenStreetMap/node/2415339040","sourceUpdatedAt":null,"verifiedAt":null}},{"type":"Feature","geometry":{"type":"Point","coordinates":[8.7089799,50.1192205]},"properties":{"id":"bikerack:26bb4e66-e805-4083-89cd-840f4dfb1843","kind":"bikerack","longitude":8.7089799,"latitude":50.1192205,"name":"Fahrradabstellplatz","city":"Frankfurt am Main","address":null,"covered":false,"access":null,"website":null,"phone":null,"source":"OpenStreetMap/node/7920994164","sourceUpdatedAt":null,"verifiedAt":null}},{"type":"Feature","geometry":{"type":"Point","coordinates":[8.714762,50.1199605]},"properties":{"id":"bikerack:2799ca68-b528-401f-aade-8bd1027e9058","kind":"bikerack","longitude":8.714762,"latitude":50.1199605,"name":"Fahrradabstellplatz","city":"Frankfurt am Main","address":null,"covered":false,"access":null,"website":null,"phone":null,"source":"OpenStreetMap/node/12043980276","sourceUpdatedAt":null,"verifiedAt":null}},{"type":"Feature","geometry":{"type":"Point","coordinates":[8.7173911,50.1124527]},"properties":{"id":"bikerack:27cae4ad-2b42-4693-b5d6-c65dc80f67e7","kind":"bikerack","longitude":8.7173911,"latitude":50.1124527,"name":"Fahrradabstellplatz","city":"Frankfurt am Main","address":null,"covered":false,"access":null,"website":null,"phone":null,"source":"OpenStreetMap/node/13026841615","sourceUpdatedAt":null,"verifiedAt":null}},{"type":"Feature","geometry":{"type":"Point","coordinates":[8.7130508,50.1200438]},"properties":{"id":"bikerack:280f1bc3-e800-48c2-a20f-2fcd2a3d426e","kind":"bikerack","longitude":8.7130508,"latitude":50.1200438,"name":"Fahrradabstellplatz","city":"Frankfurt am Main","address":null,"covered":false,"access":null,"website":null,"phone":null,"source":"OpenStreetMap/node/7770045772","sourceUpdatedAt":null,"verifiedAt":null}},{"type":"Feature","geometry":{"type":"Point","coordinates":[8.725956,50.1160994]},"properties":{"id":"bikerack:2811eef2-b8fe-4712-858d-fb969a047ee2","kind":"bikerack","longitude":8.725956,"latitude":50.1160994,"name":"Fahrradabstellplatz","city":"Frankfurt am Main","address":null,"covered":false,"access":null,"website":null,"phone":null,"source":"OpenStreetMap/node/9520098864","sourceUpdatedAt":null,"verifiedAt":null}},{"type":"Feature","geometry":{"type":"Point","coordinates":[8.715007,50.119479]},"properties":{"id":"bikerack:296c741e-40e8-4ec2-a661-afb2d688164b","kind":"bikerack","longitude":8.715007,"latitude":50.119479,"name":"Fahrradabstellplatz","city":"Frankfurt am Main","address":null,"covered":false,"access":null,"website":null,"phone":null,"source":"OpenStreetMap/node/12043961904","sourceUpdatedAt":null,"verifiedAt":null}},{"type":"Feature","geometry":{"type":"Point","coordinates":[8.7270825,50.1204829]},"properties":{"id":"bikerack:29c9f7c1-c0ee-477a-99b9-04f5af5075d7","kind":"bikerack","longitude":8.7270825,"latitude":50.1204829,"name":"Fahrradabstellplatz","city":"Frankfurt am Main","address":null,"covered":false,"access":null,"website":null,"phone":null,"source":"OpenStreetMap/node/7656851310","sourceUpdatedAt":null,"verifiedAt":null}},{"type":"Feature","geometry":{"type":"Point","coordinates":[8.7052885,50.1109067]},"properties":{"id":"bikerack:2b96f7b8-087d-4143-a01e-30f057304f92","kind":"bikerack","longitude":8.7052885,"latitude":50.1109067,"name":"Fahrradabstellplatz","city":"Frankfurt am Main","address":null,"covered":false,"access":null,"website":null,"phone":null,"source":"OpenStreetMap/node/7215119746","sourceUpdatedAt":null,"verifiedAt":null}},{"type":"Feature","geometry":{"type":"Point","coordinates":[8.7062088,50.1084117]},"properties":{"id":"bikerack:2bb869c5-539e-446a-8404-cc50ffa97e33","kind":"bikerack","longitude":8.7062088,"latitude":50.1084117,"name":"Fahrradabstellplatz","city":"Frankfurt am Main","address":null,"covered":false,"access":null,"website":null,"phone":null,"source":"OpenStreetMap/node/2619090820","sourceUpdatedAt":null,"verifiedAt":null}},{"type":"Feature","geometry":{"type":"Point","coordinates":[8.7117229,50.1117419]},"properties":{"id":"bikerack:2c095f44-3591-4f3b-9380-3d4a714efb61","kind":"bikerack","longitude":8.7117229,"latitude":50.1117419,"name":"Fahrradabstellplatz","city":"Frankfurt am Main","address":null,"covered":false,"access":null,"website":null,"phone":null,"source":"OpenStreetMap/node/11835177102","sourceUpdatedAt":null,"verifiedAt":null}},{"type":"Feature","geometry":{"type":"Point","coordinates":[8.7313901,50.1067975]},"properties":{"id":"bikerack:2d0dc5e8-81b6-41f7-b2c2-c6127cf262d0","kind":"bikerack","longitude":8.7313901,"latitude":50.1067975,"name":"Fahrradabstellplatz","city":"Offenbach","address":null,"covered":false,"access":null,"website":null,"phone":null,"source":"OpenStreetMap/node/10702341977","sourceUpdatedAt":null,"verifiedAt":null}},{"type":"Feature","geometry":{"type":"Point","coordinates":[8.7037212,50.1169918]},"properties":{"id":"bikerack:2d250a89-908c-49d7-b5a7-3cbe6dca38f1","kind":"bikerack","longitude":8.7037212,"latitude":50.1169918,"name":"Fahrradabstellplatz","city":"Frankfurt am Main","address":null,"covered":false,"access":null,"website":null,"phone":null,"source":"OpenStreetMap/node/12246613907","sourceUpdatedAt":null,"verifiedAt":null}},{"type":"Feature","geometry":{"type":"Point","coordinates":[8.7112261,50.1118843]},"properties":{"id":"bikerack:2d772cd0-1df9-4fea-87d2-c8c06f2915f4","kind":"bikerack","longitude":8.7112261,"latitude":50.1118843,"name":"Fahrradabstellplatz","city":"Frankfurt am Main","address":null,"covered":false,"access":null,"website":null,"phone":null,"source":"OpenStreetMap/node/11835093652","sourceUpdatedAt":null,"verifiedAt":null}},{"type":"Feature","geometry":{"type":"Point","coordinates":[8.7192713,50.1138274]},"properties":{"id":"bikerack:2dac682f-d4fa-4168-8190-d24e114cd036","kind":"bikerack","longitude":8.7192713,"latitude":50.1138274,"name":"Fahrradabstellplatz","city":"Frankfurt am Main","address":null,"covered":false,"access":null,"website":null,"phone":null,"source":"OpenStreetMap/node/11983220290","sourceUpdatedAt":null,"verifiedAt":null}},{"type":"Feature","geometry":{"type":"Point","coordinates":[8.7086562,50.1168087]},"properties":{"id":"bikerack:2eb11665-0d73-4702-9d4f-05e7cb0a6bd9","kind":"bikerack","longitude":8.7086562,"latitude":50.1168087,"name":"Fahrradabstellplatz","city":"Frankfurt am Main","address":null,"covered":false,"access":null,"website":null,"phone":null,"source":"OpenStreetMap/node/6453075295","sourceUpdatedAt":null,"verifiedAt":null}},{"type":"Feature","geometry":{"type":"Point","coordinates":[8.711893,50.1112586]},"properties":{"id":"bikerack:2f3ba404-a10f-4d58-99a3-feac57dee8e0","kind":"bikerack","longitude":8.711893,"latitude":50.1112586,"name":"Fahrradabstellplatz","city":"Frankfurt am Main","address":null,"covered":false,"access":null,"website":null,"phone":null,"source":"OpenStreetMap/node/7436670797","sourceUpdatedAt":null,"verifiedAt":null}},{"type":"Feature","geometry":{"type":"Point","coordinates":[8.7099006,50.1152347]},"properties":{"id":"bikerack:2f4cee26-b18c-417e-b57c-3dbfad41ca1e","kind":"bikerack","longitude":8.7099006,"latitude":50.1152347,"name":"Fahrradabstellplatz","city":"Frankfurt am Main","address":null,"covered":false,"access":null,"website":null,"phone":null,"source":"OpenStreetMap/node/12140282165","sourceUpdatedAt":null,"verifiedAt":null}},{"type":"Feature","geometry":{"type":"Point","coordinates":[8.7140755,50.1199354]},"properties":{"id":"bikerack:2fbf15f5-f6b8-429b-bff6-f6eb795fa247","kind":"bikerack","longitude":8.7140755,"latitude":50.1199354,"name":"Fahrradabstellplatz","city":"Frankfurt am Main","address":null,"covered":false,"access":null,"website":null,"phone":null,"source":"OpenStreetMap/node/9035045147","sourceUpdatedAt":null,"verifiedAt":null}},{"type":"Feature","geometry":{"type":"Point","coordinates":[8.7063817,50.1153449]},"properties":{"id":"bikerack:3058dc8a-e191-44f0-9f7f-c0a905095bb5","kind":"bikerack","longitude":8.7063817,"latitude":50.1153449,"name":"Fahrradabstellplatz","city":"Frankfurt am Main","address":null,"covered":false,"access":null,"website":null,"phone":null,"source":"OpenStreetMap/node/7215119750","sourceUpdatedAt":null,"verifiedAt":null}},{"type":"Feature","geometry":{"type":"Point","coordinates":[8.7090535,50.1175525]},"properties":{"id":"bikerack:30811f30-5f93-4b5c-8e89-b61c238e0b66","kind":"bikerack","longitude":8.7090535,"latitude":50.1175525,"name":"Fahrradabstellplatz","city":"Frankfurt am Main","address":null,"covered":false,"access":null,"website":null,"phone":null,"source":"OpenStreetMap/node/8998329219","sourceUpdatedAt":null,"verifiedAt":null}},{"type":"Feature","geometry":{"type":"Point","coordinates":[8.7186165,50.1194427]},"properties":{"id":"bikerack:30c8868e-a754-4f52-adb1-920ccf938f3a","kind":"bikerack","longitude":8.7186165,"latitude":50.1194427,"name":"Fahrradabstellplatz","city":"Frankfurt am Main","address":null,"covered":false,"access":null,"website":null,"phone":null,"source":"OpenStreetMap/node/7245378962","sourceUpdatedAt":null,"verifiedAt":null}},{"type":"Feature","geometry":{"type":"Point","coordinates":[8.713553,50.1191999]},"properties":{"id":"bikerack:312f1f4e-3d90-48d7-8240-8b5a9aec1460","kind":"bikerack","longitude":8.713553,"latitude":50.1191999,"name":"Fahrradabstellplatz","city":"Frankfurt am Main","address":null,"covered":false,"access":null,"website":null,"phone":null,"source":"OpenStreetMap/node/12636251965","sourceUpdatedAt":null,"verifiedAt":null}},{"type":"Feature","geometry":{"type":"Point","coordinates":[8.7115753,50.1112653]},"properties":{"id":"bikerack:31b08205-2dcb-4a8e-bdc3-aaf6b368edf6","kind":"bikerack","longitude":8.7115753,"latitude":50.1112653,"name":"Fahrradabstellplatz","city":"Frankfurt am Main","address":null,"covered":false,"access":null,"website":null,"phone":null,"source":"OpenStreetMap/node/9520244920","sourceUpdatedAt":null,"verifiedAt":null}},{"type":"Feature","geometry":{"type":"Point","coordinates":[8.7156469,50.1125906]},"properties":{"id":"bikerack:31f63b5f-8472-4e84-bf85-26b5f7b79bcd","kind":"bikerack","longitude":8.7156469,"latitude":50.1125906,"name":"Fahrradabstellplatz","city":"Frankfurt am Main","address":null,"covered":false,"access":null,"website":null,"phone":null,"source":"OpenStreetMap/node/9520135854","sourceUpdatedAt":null,"verifiedAt":null}},{"type":"Feature","geometry":{"type":"Point","coordinates":[8.7059539,50.1138219]},"properties":{"id":"bikerack:3206d4f5-92fb-4dfb-b4ed-bbbe52633a05","kind":"bikerack","longitude":8.7059539,"latitude":50.1138219,"name":"Fahrradabstellplatz","city":"Frankfurt am Main","address":null,"covered":false,"access":null,"website":null,"phone":null,"source":"OpenStreetMap/node/12731506530","sourceUpdatedAt":null,"verifiedAt":null}},{"type":"Feature","geometry":{"type":"Point","coordinates":[8.7022592,50.1186098]},"properties":{"id":"bikerack:3254a505-dc4a-4f41-a700-f4b9d86a7eb4","kind":"bikerack","longitude":8.7022592,"latitude":50.1186098,"name":"Fahrradabstellplatz","city":"Frankfurt am Main","address":null,"covered":false,"access":null,"website":null,"phone":null,"source":"OpenStreetMap/node/12118223969","sourceUpdatedAt":null,"verifiedAt":null}},{"type":"Feature","geometry":{"type":"Point","coordinates":[8.7238345,50.1004558]},"properties":{"id":"bikerack:337f025c-a99e-48e1-afba-bcfdaaae83f3","kind":"bikerack","longitude":8.7238345,"latitude":50.1004558,"name":"Fahrradabstellplatz","city":"Frankfurt am Main","address":null,"covered":false,"access":null,"website":null,"phone":null,"source":"OpenStreetMap/node/1550999990","sourceUpdatedAt":null,"verifiedAt":null}},{"type":"Feature","geometry":{"type":"Point","coordinates":[8.7087577,50.1176904]},"properties":{"id":"bikerack:3393b6ec-7ea5-4169-b6d1-b26391682d4e","kind":"bikerack","longitude":8.7087577,"latitude":50.1176904,"name":"Fahrradabstellplatz","city":"Frankfurt am Main","address":null,"covered":false,"access":null,"website":null,"phone":null,"source":"OpenStreetMap/node/13340720550","sourceUpdatedAt":null,"verifiedAt":null}},{"type":"Feature","geometry":{"type":"Point","coordinates":[8.7131918,50.1048848]},"properties":{"id":"bikerack:33b70ed4-42e2-40ba-873d-5051b0be19e8","kind":"bikerack","longitude":8.7131918,"latitude":50.1048848,"name":"Fahrradabstellplatz","city":"Frankfurt am Main","address":null,"covered":false,"access":null,"website":null,"phone":null,"source":"OpenStreetMap/node/9335342907","sourceUpdatedAt":null,"verifiedAt":null}},{"type":"Feature","geometry":{"type":"Point","coordinates":[8.7068395,50.1132826]},"properties":{"id":"bikerack:33e722df-34a5-4867-bad9-7be8a37cd0d4","kind":"bikerack","longitude":8.7068395,"latitude":50.1132826,"name":"Fahrradabstellplatz","city":"Frankfurt am Main","address":null,"covered":false,"access":null,"website":null,"phone":null,"source":"OpenStreetMap/node/12731507007","sourceUpdatedAt":null,"verifiedAt":null}},{"type":"Feature","geometry":{"type":"Point","coordinates":[8.714867,50.1200272]},"properties":{"id":"bikerack:34f4f3f3-a264-42ca-badd-f46e0e55d861","kind":"bikerack","longitude":8.714867,"latitude":50.1200272,"name":"Fahrradabstellplatz","city":"Frankfurt am Main","address":null,"covered":false,"access":null,"website":null,"phone":null,"source":"OpenStreetMap/node/12043956865","sourceUpdatedAt":null,"verifiedAt":null}},{"type":"Feature","geometry":{"type":"Point","coordinates":[8.7148466,50.1136721]},"properties":{"id":"bikerack:35aa5b02-a010-4b0c-9e72-64647b4c4224","kind":"bikerack","longitude":8.7148466,"latitude":50.1136721,"name":"Fahrradabstellplatz","city":"Frankfurt am Main","address":null,"covered":false,"access":null,"website":null,"phone":null,"source":"OpenStreetMap/node/8270274035","sourceUpdatedAt":null,"verifiedAt":null}},{"type":"Feature","geometry":{"type":"Point","coordinates":[8.7059613,50.1128376]},"properties":{"id":"bikerack:35cb918a-9549-45ca-888c-36264d3e2723","kind":"bikerack","longitude":8.7059613,"latitude":50.1128376,"name":"Fahrradabstellplatz","city":"Frankfurt am Main","address":null,"covered":false,"access":null,"website":null,"phone":null,"source":"OpenStreetMap/node/11384111423","sourceUpdatedAt":null,"verifiedAt":null}},{"type":"Feature","geometry":{"type":"Point","coordinates":[8.7222919,50.1150316]},"properties":{"id":"bikerack:361ad829-ab2e-4213-908c-b1a7a69b759d","kind":"bikerack","longitude":8.7222919,"latitude":50.1150316,"name":"Fahrradabstellplatz","city":"Frankfurt am Main","address":null,"covered":false,"access":null,"website":null,"phone":null,"source":"OpenStreetMap/node/6447491485","sourceUpdatedAt":null,"verifiedAt":null}},{"type":"Feature","geometry":{"type":"Point","coordinates":[8.7190143,50.1137584]},"properties":{"id":"bikerack:365bb55e-acb5-4cb0-aa15-c8fed882f398","kind":"bikerack","longitude":8.7190143,"latitude":50.1137584,"name":"Fahrradabstellplatz","city":"Frankfurt am Main","address":null,"covered":false,"access":null,"website":null,"phone":null,"source":"OpenStreetMap/node/11983445824","sourceUpdatedAt":null,"verifiedAt":null}},{"type":"Feature","geometry":{"type":"Point","coordinates":[8.7133479,50.1199024]},"properties":{"id":"bikerack:3666c323-1c54-48fa-a66f-80cda1831205","kind":"bikerack","longitude":8.7133479,"latitude":50.1199024,"name":"Fahrradabstellplatz","city":"Frankfurt am Main","address":null,"covered":false,"access":null,"website":null,"phone":null,"source":"OpenStreetMap/node/8037744058","sourceUpdatedAt":null,"verifiedAt":null}},{"type":"Feature","geometry":{"type":"Point","coordinates":[8.714411,50.1204191]},"properties":{"id":"bikerack:3672601e-1e98-4916-aeff-c3f50cb44b97","kind":"bikerack","longitude":8.714411,"latitude":50.1204191,"name":"Fahrradabstellplatz","city":"Frankfurt am Main","address":null,"covered":true,"access":null,"website":null,"phone":null,"source":"OpenStreetMap/node/8294331858","sourceUpdatedAt":null,"verifiedAt":null}},{"type":"Feature","geometry":{"type":"Point","coordinates":[8.7146365,50.1127882]},"properties":{"id":"bikerack:367f458d-7c82-4c2b-8625-696cc6b03972","kind":"bikerack","longitude":8.7146365,"latitude":50.1127882,"name":"Fahrradabstellplatz","city":"Frankfurt am Main","address":null,"covered":false,"access":null,"website":null,"phone":null,"source":"OpenStreetMap/node/12531967855","sourceUpdatedAt":null,"verifiedAt":null}},{"type":"Feature","geometry":{"type":"Point","coordinates":[8.7075012,50.1136983]},"properties":{"id":"bikerack:3689d009-18c1-4394-9474-727df129da43","kind":"bikerack","longitude":8.7075012,"latitude":50.1136983,"name":"Fahrradabstellplatz","city":"Frankfurt am Main","address":null,"covered":false,"access":null,"website":null,"phone":null,"source":"OpenStreetMap/node/12803855973","sourceUpdatedAt":null,"verifiedAt":null}},{"type":"Feature","geometry":{"type":"Point","coordinates":[8.7097425,50.1197178]},"properties":{"id":"bikerack:368f7fbc-bf4b-465c-b8ec-093f58d2cbb7","kind":"bikerack","longitude":8.7097425,"latitude":50.1197178,"name":"Fahrradabstellplatz","city":"Frankfurt am Main","address":null,"covered":false,"access":null,"website":null,"phone":null,"source":"OpenStreetMap/node/11966087431","sourceUpdatedAt":null,"verifiedAt":null}},{"type":"Feature","geometry":{"type":"Point","coordinates":[8.7173084,50.1133366]},"properties":{"id":"bikerack:36d342d7-d351-4c1f-a944-7893c53fcb10","kind":"bikerack","longitude":8.7173084,"latitude":50.1133366,"name":"Fahrradabstellplatz","city":"Frankfurt am Main","address":null,"covered":false,"access":null,"website":null,"phone":null,"source":"OpenStreetMap/node/6177118494","sourceUpdatedAt":null,"verifiedAt":null}},{"type":"Feature","geometry":{"type":"Point","coordinates":[8.7078022,50.1155568]},"properties":{"id":"bikerack:36d7b536-76e6-46f7-8dfd-db4e24d57e90","kind":"bikerack","longitude":8.7078022,"latitude":50.1155568,"name":"Fahrradabstellplatz","city":"Frankfurt am Main","address":null,"covered":false,"access":null,"website":null,"phone":null,"source":"OpenStreetMap/node/12246601109","sourceUpdatedAt":null,"verifiedAt":null}},{"type":"Feature","geometry":{"type":"Point","coordinates":[8.7150911,50.099505]},"properties":{"id":"bikerack:37a35644-f2c1-4b3a-9dd1-f4010bcfe4f0","kind":"bikerack","longitude":8.7150911,"latitude":50.099505,"name":"Fahrradabstellplatz","city":"Frankfurt am Main","address":null,"covered":false,"access":null,"website":null,"phone":null,"source":"OpenStreetMap/node/1115700458","sourceUpdatedAt":null,"verifiedAt":null}},{"type":"Feature","geometry":{"type":"Point","coordinates":[8.7071936,50.11867]},"properties":{"id":"bikerack:38e3a3d1-5607-43ca-8ca5-a8ee10885e65","kind":"bikerack","longitude":8.7071936,"latitude":50.11867,"name":"Fahrradabstellplatz","city":"Frankfurt am Main","address":null,"covered":false,"access":null,"website":null,"phone":null,"source":"OpenStreetMap/node/6015193546","sourceUpdatedAt":null,"verifiedAt":null}},{"type":"Feature","geometry":{"type":"Point","coordinates":[8.7099386,50.1123654]},"properties":{"id":"bikerack:3991485d-7e1f-4fbc-a6d5-b181267881e8","kind":"bikerack","longitude":8.7099386,"latitude":50.1123654,"name":"Fahrradabstellplatz","city":"Frankfurt am Main","address":null,"covered":true,"access":null,"website":null,"phone":null,"source":"OpenStreetMap/node/11835189068","sourceUpdatedAt":null,"verifiedAt":null}},{"type":"Feature","geometry":{"type":"Point","coordinates":[8.7089116,50.117564]},"properties":{"id":"bikerack:3a57c81c-237f-4f74-866b-b2bd88519bbe","kind":"bikerack","longitude":8.7089116,"latitude":50.117564,"name":"Fahrradabstellplatz","city":"Frankfurt am Main","address":null,"covered":false,"access":null,"website":null,"phone":null,"source":"OpenStreetMap/node/6417668408","sourceUpdatedAt":null,"verifiedAt":null}},{"type":"Feature","geometry":{"type":"Point","coordinates":[8.7244517,50.1164638]},"properties":{"id":"bikerack:3b35c9c7-5e28-4c0e-b269-bae840484b0a","kind":"bikerack","longitude":8.7244517,"latitude":50.1164638,"name":"Fahrradabstellplatz","city":"Frankfurt am Main","address":null,"covered":false,"access":null,"website":null,"phone":null,"source":"OpenStreetMap/node/8270311557","sourceUpdatedAt":null,"verifiedAt":null}},{"type":"Feature","geometry":{"type":"Point","coordinates":[8.7333218,50.1070802]},"properties":{"id":"bikerack:3b840b5c-1bed-4ccc-bff2-84dd923a246f","kind":"bikerack","longitude":8.7333218,"latitude":50.1070802,"name":"Fahrradabstellplatz","city":"Offenbach","address":null,"covered":false,"access":null,"website":null,"phone":null,"source":"OpenStreetMap/node/10300923463","sourceUpdatedAt":null,"verifiedAt":null}},{"type":"Feature","geometry":{"type":"Point","coordinates":[8.7361735,50.1051643]},"properties":{"id":"bikerack:3de0ce52-e31b-4b7f-b2e6-5cf2a2dae394","kind":"bikerack","longitude":8.7361735,"latitude":50.1051643,"name":"Fahrradabstellplatz","city":"Offenbach","address":null,"covered":true,"access":null,"website":null,"phone":null,"source":"OpenStreetMap/node/2412880706","sourceUpdatedAt":null,"verifiedAt":null}},{"type":"Feature","geometry":{"type":"Point","coordinates":[8.7394658,50.1085271]},"properties":{"id":"bikerack:3e085b26-25ac-4992-974b-f04df09acdc6","kind":"bikerack","longitude":8.7394658,"latitude":50.1085271,"name":"Fahrradabstellplatz","city":"Offenbach","address":null,"covered":true,"access":null,"website":null,"phone":null,"source":"OpenStreetMap/node/5058984595","sourceUpdatedAt":null,"verifiedAt":null}},{"type":"Feature","geometry":{"type":"Point","coordinates":[8.7058819,50.1201254]},"properties":{"id":"bikerack:3e0dea1a-7433-4748-83d7-d84ee66179f9","kind":"bikerack","longitude":8.7058819,"latitude":50.1201254,"name":"Fahrradabstellplatz","city":"Frankfurt am Main","address":null,"covered":false,"access":null,"website":null,"phone":null,"source":"OpenStreetMap/node/13190953240","sourceUpdatedAt":null,"verifiedAt":null}},{"type":"Feature","geometry":{"type":"Point","coordinates":[8.7182729,50.1124274]},"properties":{"id":"bikerack:3e8bc917-ec21-43f3-b694-e0023cfe1969","kind":"bikerack","longitude":8.7182729,"latitude":50.1124274,"name":"Fahrradabstellplatz","city":"Frankfurt am Main","address":null,"covered":false,"access":null,"website":null,"phone":null,"source":"OpenStreetMap/node/9906344286","sourceUpdatedAt":null,"verifiedAt":null}},{"type":"Feature","geometry":{"type":"Point","coordinates":[8.717649,50.1126278]},"properties":{"id":"bikerack:3ed0626a-60c4-4d57-a87f-23d0d4590555","kind":"bikerack","longitude":8.717649,"latitude":50.1126278,"name":"Fahrradabstellplatz","city":"Frankfurt am Main","address":null,"covered":false,"access":null,"website":null,"phone":null,"source":"OpenStreetMap/node/13026826718","sourceUpdatedAt":null,"verifiedAt":null}},{"type":"Feature","geometry":{"type":"Point","coordinates":[8.7017919,50.1188184]},"properties":{"id":"bikerack:3ee7f557-9d3a-4315-a614-16f9c15ec123","kind":"bikerack","longitude":8.7017919,"latitude":50.1188184,"name":"Fahrradabstellplatz","city":"Frankfurt am Main","address":null,"covered":false,"access":null,"website":null,"phone":null,"source":"OpenStreetMap/node/9839536103","sourceUpdatedAt":null,"verifiedAt":null}},{"type":"Feature","geometry":{"type":"Point","coordinates":[8.7054932,50.1108651]},"properties":{"id":"bikerack:3f2fbafe-14cd-4f9b-bbbc-6001da02eb4e","kind":"bikerack","longitude":8.7054932,"latitude":50.1108651,"name":"Fahrradabstellplatz","city":"Frankfurt am Main","address":null,"covered":false,"access":null,"website":null,"phone":null,"source":"OpenStreetMap/node/7215119737","sourceUpdatedAt":null,"verifiedAt":null}},{"type":"Feature","geometry":{"type":"Point","coordinates":[8.7014499,50.1045405]},"properties":{"id":"bikerack:3f50d670-1e9c-4930-9602-03003a8834c5","kind":"bikerack","longitude":8.7014499,"latitude":50.1045405,"name":"Fahrradabstellplatz","city":"Frankfurt am Main","address":null,"covered":false,"access":null,"website":null,"phone":null,"source":"OpenStreetMap/node/7868315122","sourceUpdatedAt":null,"verifiedAt":null}},{"type":"Feature","geometry":{"type":"Point","coordinates":[8.7090229,50.1105061]},"properties":{"id":"bikerack:4076b5e7-31ef-4e4d-af10-0457aca341c0","kind":"bikerack","longitude":8.7090229,"latitude":50.1105061,"name":"Fahrradabstellplatz","city":"Frankfurt am Main","address":null,"covered":false,"access":null,"website":null,"phone":null,"source":"OpenStreetMap/node/13026794155","sourceUpdatedAt":null,"verifiedAt":null}},{"type":"Feature","geometry":{"type":"Point","coordinates":[8.7442449,50.1059486]},"properties":{"id":"bikerack:40e56997-15ce-420d-a2f2-41ee4fb2a6c5","kind":"bikerack","longitude":8.7442449,"latitude":50.1059486,"name":"Fahrradabstellplatz","city":"Offenbach","address":null,"covered":false,"access":null,"website":null,"phone":null,"source":"OpenStreetMap/node/13705040255","sourceUpdatedAt":null,"verifiedAt":null}},{"type":"Feature","geometry":{"type":"Point","coordinates":[8.7019055,50.1182564]},"properties":{"id":"bikerack:4192d2b7-59e6-4ee5-b7e1-2d4d84461202","kind":"bikerack","longitude":8.7019055,"latitude":50.1182564,"name":"Fahrradabstellplatz","city":"Frankfurt am Main","address":null,"covered":false,"access":null,"website":null,"phone":null,"source":"OpenStreetMap/node/6289510529","sourceUpdatedAt":null,"verifiedAt":null}},{"type":"Feature","geometry":{"type":"Point","coordinates":[8.7097074,50.1079295]},"properties":{"id":"bikerack:419af321-0775-4f01-b708-08a2c78f1470","kind":"bikerack","longitude":8.7097074,"latitude":50.1079295,"name":"Fahrradabstellplatz","city":"Frankfurt am Main","address":null,"covered":false,"access":null,"website":null,"phone":null,"source":"OpenStreetMap/node/7598502196","sourceUpdatedAt":null,"verifiedAt":null}},{"type":"Feature","geometry":{"type":"Point","coordinates":[8.7143722,50.1197421]},"properties":{"id":"bikerack:42033ec6-1c71-43d8-aefd-97a5d55dfb1b","kind":"bikerack","longitude":8.7143722,"latitude":50.1197421,"name":"Fahrradabstellplatz","city":"Frankfurt am Main","address":null,"covered":false,"access":null,"website":null,"phone":null,"source":"OpenStreetMap/node/8632039789","sourceUpdatedAt":null,"verifiedAt":null}},{"type":"Feature","geometry":{"type":"Point","coordinates":[8.7013238,50.1055056]},"properties":{"id":"bikerack:43e354c0-30da-4921-aa44-84e3ea291e7c","kind":"bikerack","longitude":8.7013238,"latitude":50.1055056,"name":"Fahrradabstellplatz","city":"Frankfurt am Main","address":null,"covered":false,"access":null,"website":null,"phone":null,"source":"OpenStreetMap/node/7868324335","sourceUpdatedAt":null,"verifiedAt":null}},{"type":"Feature","geometry":{"type":"Point","coordinates":[8.7334756,50.1075103]},"properties":{"id":"bikerack:43e6f2cd-3d0e-406d-9447-f34763a2e81c","kind":"bikerack","longitude":8.7334756,"latitude":50.1075103,"name":"Fahrradabstellplatz","city":"Offenbach","address":null,"covered":false,"access":null,"website":null,"phone":null,"source":"OpenStreetMap/node/13041301019","sourceUpdatedAt":null,"verifiedAt":null}},{"type":"Feature","geometry":{"type":"Point","coordinates":[8.7057601,50.1127884]},"properties":{"id":"bikerack:457a4b78-5073-4f92-af49-d4ee2eaa13dc","kind":"bikerack","longitude":8.7057601,"latitude":50.1127884,"name":"Fahrradabstellplatz","city":"Frankfurt am Main","address":null,"covered":false,"access":null,"website":null,"phone":null,"source":"OpenStreetMap/node/12116939270","sourceUpdatedAt":null,"verifiedAt":null}},{"type":"Feature","geometry":{"type":"Point","coordinates":[8.7124666,50.1171661]},"properties":{"id":"bikerack:45cf1dec-1339-4ee1-93e6-7311b42478d7","kind":"bikerack","longitude":8.7124666,"latitude":50.1171661,"name":"Fahrradabstellplatz","city":"Frankfurt am Main","address":null,"covered":false,"access":null,"website":null,"phone":null,"source":"OpenStreetMap/node/7770644509","sourceUpdatedAt":null,"verifiedAt":null}},{"type":"Feature","geometry":{"type":"Point","coordinates":[8.710878,50.1127991]},"properties":{"id":"bikerack:46d8c5ef-0f94-47b8-aeb0-b06bad4acb98","kind":"bikerack","longitude":8.710878,"latitude":50.1127991,"name":"Fahrradabstellplatz","city":"Frankfurt am Main","address":null,"covered":false,"access":null,"website":null,"phone":null,"source":"OpenStreetMap/node/11375493867","sourceUpdatedAt":null,"verifiedAt":null}},{"type":"Feature","geometry":{"type":"Point","coordinates":[8.7139614,50.119229]},"properties":{"id":"bikerack:46dec2d1-36e5-4bd8-93f0-11b7fb2acae2","kind":"bikerack","longitude":8.7139614,"latitude":50.119229,"name":"Fahrradabstellplatz","city":"Frankfurt am Main","address":null,"covered":false,"access":null,"website":null,"phone":null,"source":"OpenStreetMap/node/12798125370","sourceUpdatedAt":null,"verifiedAt":null}},{"type":"Feature","geometry":{"type":"Point","coordinates":[8.715347,50.1191149]},"properties":{"id":"bikerack:4717ab3d-e1de-4f0f-9131-169017fe5d23","kind":"bikerack","longitude":8.715347,"latitude":50.1191149,"name":"Fahrradabstellplatz","city":"Frankfurt am Main","address":null,"covered":false,"access":null,"website":null,"phone":null,"source":"OpenStreetMap/node/9152882004","sourceUpdatedAt":null,"verifiedAt":null}},{"type":"Feature","geometry":{"type":"Point","coordinates":[8.7215758,50.1184308]},"properties":{"id":"bikerack:47821a42-ee6d-4cb5-9796-1315d6f49b2d","kind":"bikerack","longitude":8.7215758,"latitude":50.1184308,"name":"Fahrradabstellplatz","city":"Frankfurt am Main","address":null,"covered":false,"access":null,"website":null,"phone":null,"source":"OpenStreetMap/node/10737724002","sourceUpdatedAt":null,"verifiedAt":null}},{"type":"Feature","geometry":{"type":"Point","coordinates":[8.7022228,50.1188924]},"properties":{"id":"bikerack:48670d15-7f48-4a80-9998-44fdf5e29b00","kind":"bikerack","longitude":8.7022228,"latitude":50.1188924,"name":"Fahrradabstellplatz","city":"Frankfurt am Main","address":null,"covered":true,"access":null,"website":null,"phone":null,"source":"OpenStreetMap/node/12118303639","sourceUpdatedAt":null,"verifiedAt":null}},{"type":"Feature","geometry":{"type":"Point","coordinates":[8.7204169,50.1128352]},"properties":{"id":"bikerack:493ff124-be54-43ef-9a9d-a9f5253025d3","kind":"bikerack","longitude":8.7204169,"latitude":50.1128352,"name":"Fahrradabstellplatz","city":"Frankfurt am Main","address":null,"covered":false,"access":null,"website":null,"phone":null,"source":"OpenStreetMap/node/13026832033","sourceUpdatedAt":null,"verifiedAt":null}},{"type":"Feature","geometry":{"type":"Point","coordinates":[8.7353748,50.1076316]},"properties":{"id":"bikerack:49849fc4-19bc-42e5-b492-4743afd1fbae","kind":"bikerack","longitude":8.7353748,"latitude":50.1076316,"name":"Fahrradabstellplatz","city":"Offenbach","address":null,"covered":false,"access":null,"website":null,"phone":null,"source":"OpenStreetMap/node/7272370163","sourceUpdatedAt":null,"verifiedAt":null}},{"type":"Feature","geometry":{"type":"Point","coordinates":[8.7095438,50.1121145]},"properties":{"id":"bikerack:4a75dd3c-fe58-4bd4-ada4-973de4573e3e","kind":"bikerack","longitude":8.7095438,"latitude":50.1121145,"name":"Fahrradabstellplatz","city":"Frankfurt am Main","address":null,"covered":true,"access":null,"website":null,"phone":null,"source":"OpenStreetMap/node/11835196139","sourceUpdatedAt":null,"verifiedAt":null}},{"type":"Feature","geometry":{"type":"Point","coordinates":[8.7095308,50.1196089]},"properties":{"id":"bikerack:4b14a7d3-77e2-443d-bbe1-76b4fa4f6780","kind":"bikerack","longitude":8.7095308,"latitude":50.1196089,"name":"Fahrradabstellplatz","city":"Frankfurt am Main","address":null,"covered":false,"access":null,"website":null,"phone":null,"source":"OpenStreetMap/node/11966103396","sourceUpdatedAt":null,"verifiedAt":null}},{"type":"Feature","geometry":{"type":"Point","coordinates":[8.7120195,50.1124219]},"properties":{"id":"bikerack:4c5691cf-8c65-4e2f-b22a-5ff7287a395e","kind":"bikerack","longitude":8.7120195,"latitude":50.1124219,"name":"Fahrradabstellplatz","city":"Frankfurt am Main","address":null,"covered":false,"access":null,"website":null,"phone":null,"source":"OpenStreetMap/node/11375592783","sourceUpdatedAt":null,"verifiedAt":null}},{"type":"Feature","geometry":{"type":"Point","coordinates":[8.7238507,50.1007802]},"properties":{"id":"bikerack:4ce936a2-2458-47b1-a625-129ef7289f71","kind":"bikerack","longitude":8.7238507,"latitude":50.1007802,"name":"Fahrradabstellplatz","city":"Frankfurt am Main","address":null,"covered":false,"access":null,"website":null,"phone":null,"source":"OpenStreetMap/node/1115735870","sourceUpdatedAt":null,"verifiedAt":null}},{"type":"Feature","geometry":{"type":"Point","coordinates":[8.720069,50.1001807]},"properties":{"id":"bikerack:4d94a4ac-a962-4bf0-b0c2-51df0a2a8cc7","kind":"bikerack","longitude":8.720069,"latitude":50.1001807,"name":"Fahrradabstellplatz","city":"Frankfurt am Main","address":null,"covered":false,"access":null,"website":null,"phone":null,"source":"OpenStreetMap/node/1115724195","sourceUpdatedAt":null,"verifiedAt":null}},{"type":"Feature","geometry":{"type":"Point","coordinates":[8.7132648,50.1194105]},"properties":{"id":"bikerack:4e3d73a9-3955-4d7a-833b-9dee5b3f550e","kind":"bikerack","longitude":8.7132648,"latitude":50.1194105,"name":"Fahrradabstellplatz","city":"Frankfurt am Main","address":null,"covered":false,"access":null,"website":null,"phone":null,"source":"OpenStreetMap/node/12636260704","sourceUpdatedAt":null,"verifiedAt":null}},{"type":"Feature","geometry":{"type":"Point","coordinates":[8.7098364,50.1166738]},"properties":{"id":"bikerack:4f0686cd-5d7a-4587-b558-e4cf46e50a29","kind":"bikerack","longitude":8.7098364,"latitude":50.1166738,"name":"Fahrradabstellplatz","city":"Frankfurt am Main","address":null,"covered":false,"access":null,"website":null,"phone":null,"source":"OpenStreetMap/node/9408102267","sourceUpdatedAt":null,"verifiedAt":null}},{"type":"Feature","geometry":{"type":"Point","coordinates":[8.7240222,50.1000497]},"properties":{"id":"bikerack:50479e54-acfe-4937-ac43-08af9f1b7f86","kind":"bikerack","longitude":8.7240222,"latitude":50.1000497,"name":"Fahrradabstellplatz","city":"Offenbach","address":null,"covered":false,"access":null,"website":null,"phone":null,"source":"OpenStreetMap/node/1550999983","sourceUpdatedAt":null,"verifiedAt":null}},{"type":"Feature","geometry":{"type":"Point","coordinates":[8.7092668,50.1203515]},"properties":{"id":"bikerack:50c524cd-e5e2-4615-95e5-6809969bc2cf","kind":"bikerack","longitude":8.7092668,"latitude":50.1203515,"name":"Fahrradabstellplatz","city":"Frankfurt am Main","address":null,"covered":false,"access":null,"website":null,"phone":null,"source":"OpenStreetMap/node/12798082084","sourceUpdatedAt":null,"verifiedAt":null}},{"type":"Feature","geometry":{"type":"Point","coordinates":[8.7145333,50.1133828]},"properties":{"id":"bikerack:51d84a6a-ce72-461e-a113-f8fa3e03d867","kind":"bikerack","longitude":8.7145333,"latitude":50.1133828,"name":"Fahrradabstellplatz","city":"Frankfurt am Main","address":null,"covered":false,"access":null,"website":null,"phone":null,"source":"OpenStreetMap/node/12368028602","sourceUpdatedAt":null,"verifiedAt":null}},{"type":"Feature","geometry":{"type":"Point","coordinates":[8.7215435,50.1004375]},"properties":{"id":"bikerack:51e96343-c246-4312-b195-0d7e7e1ec36c","kind":"bikerack","longitude":8.7215435,"latitude":50.1004375,"name":"Fahrradabstellplatz","city":"Frankfurt am Main","address":null,"covered":false,"access":null,"website":null,"phone":null,"source":"OpenStreetMap/node/1115735862","sourceUpdatedAt":null,"verifiedAt":null}},{"type":"Feature","geometry":{"type":"Point","coordinates":[8.7124573,50.1176714]},"properties":{"id":"bikerack:51f789a3-7c62-43a4-9cad-e33db94441e1","kind":"bikerack","longitude":8.7124573,"latitude":50.1176714,"name":"Fahrradabstellplatz","city":"Frankfurt am Main","address":null,"covered":false,"access":null,"website":null,"phone":null,"source":"OpenStreetMap/node/8526088615","sourceUpdatedAt":null,"verifiedAt":null}},{"type":"Feature","geometry":{"type":"Point","coordinates":[8.7148154,50.1132995]},"properties":{"id":"bikerack:522ef109-0002-45dd-b6a3-0cc06b0b7fc0","kind":"bikerack","longitude":8.7148154,"latitude":50.1132995,"name":"Fahrradabstellplatz","city":"Frankfurt am Main","address":null,"covered":true,"access":null,"website":null,"phone":null,"source":"OpenStreetMap/node/13340684084","sourceUpdatedAt":null,"verifiedAt":null}},{"type":"Feature","geometry":{"type":"Point","coordinates":[8.7070078,50.1133814]},"properties":{"id":"bikerack:525ad35d-fc86-448e-a952-7f91f1c798e3","kind":"bikerack","longitude":8.7070078,"latitude":50.1133814,"name":"Fahrradabstellplatz","city":"Frankfurt am Main","address":null,"covered":false,"access":null,"website":null,"phone":null,"source":"OpenStreetMap/node/12731465653","sourceUpdatedAt":null,"verifiedAt":null}},{"type":"Feature","geometry":{"type":"Point","coordinates":[8.717273,50.1054596]},"properties":{"id":"bikerack:52f450f0-3323-41a0-aba7-8cbd93264504","kind":"bikerack","longitude":8.717273,"latitude":50.1054596,"name":"Fahrradabstellplatz","city":"Frankfurt am Main","address":null,"covered":false,"access":null,"website":null,"phone":null,"source":"OpenStreetMap/node/13418442057","sourceUpdatedAt":null,"verifiedAt":null}},{"type":"Feature","geometry":{"type":"Point","coordinates":[8.7336479,50.1190993]},"properties":{"id":"bikerack:5346fb51-4a55-4b61-8f73-9c4f475e65de","kind":"bikerack","longitude":8.7336479,"latitude":50.1190993,"name":"Fahrradabstellplatz","city":"Offenbach","address":null,"covered":false,"access":null,"website":null,"phone":null,"source":"OpenStreetMap/node/9654105973","sourceUpdatedAt":null,"verifiedAt":null}},{"type":"Feature","geometry":{"type":"Point","coordinates":[8.7336228,50.1067655]},"properties":{"id":"bikerack:535b2768-bb8a-44e6-96a5-729cb06c1920","kind":"bikerack","longitude":8.7336228,"latitude":50.1067655,"name":"Fahrradabstellplatz","city":"Offenbach","address":null,"covered":false,"access":null,"website":null,"phone":null,"source":"OpenStreetMap/node/7282857385","sourceUpdatedAt":null,"verifiedAt":null}},{"type":"Feature","geometry":{"type":"Point","coordinates":[8.7146434,50.1199231]},"properties":{"id":"bikerack:5368b530-e475-41bd-af79-7dcbbc987335","kind":"bikerack","longitude":8.7146434,"latitude":50.1199231,"name":"Fahrradabstellplatz","city":"Frankfurt am Main","address":null,"covered":false,"access":null,"website":null,"phone":null,"source":"OpenStreetMap/node/8932663020","sourceUpdatedAt":null,"verifiedAt":null}},{"type":"Feature","geometry":{"type":"Point","coordinates":[8.7112077,50.119044]},"properties":{"id":"bikerack:54638668-2810-4e2c-bf23-1ab9eabcb14b","kind":"bikerack","longitude":8.7112077,"latitude":50.119044,"name":"Fahrradabstellplatz","city":"Frankfurt am Main","address":null,"covered":false,"access":null,"website":null,"phone":null,"source":"OpenStreetMap/node/8572215024","sourceUpdatedAt":null,"verifiedAt":null}},{"type":"Feature","geometry":{"type":"Point","coordinates":[8.7059606,50.1198272]},"properties":{"id":"bikerack:55b805f3-21aa-4292-b9c5-b721054b65be","kind":"bikerack","longitude":8.7059606,"latitude":50.1198272,"name":"Fahrradabstellplatz","city":"Frankfurt am Main","address":null,"covered":false,"access":null,"website":null,"phone":null,"source":"OpenStreetMap/node/13430510066","sourceUpdatedAt":null,"verifiedAt":null}},{"type":"Feature","geometry":{"type":"Point","coordinates":[8.714015,50.1174881]},"properties":{"id":"bikerack:55e40bfd-c87d-4a6b-9ebc-194220a9c36f","kind":"bikerack","longitude":8.714015,"latitude":50.1174881,"name":"Fahrradabstellplatz","city":"Frankfurt am Main","address":null,"covered":false,"access":null,"website":null,"phone":null,"source":"OpenStreetMap/node/8089053476","sourceUpdatedAt":null,"verifiedAt":null}},{"type":"Feature","geometry":{"type":"Point","coordinates":[8.7105947,50.1179381]},"properties":{"id":"bikerack:56984ae9-cb54-4664-80da-d04130a732dd","kind":"bikerack","longitude":8.7105947,"latitude":50.1179381,"name":"Fahrradabstellplatz","city":"Frankfurt am Main","address":null,"covered":false,"access":null,"website":null,"phone":null,"source":"OpenStreetMap/node/12116941502","sourceUpdatedAt":null,"verifiedAt":null}},{"type":"Feature","geometry":{"type":"Point","coordinates":[8.7141481,50.1135394]},"properties":{"id":"bikerack:574b8ec3-a884-4097-b5a6-e446b96315e6","kind":"bikerack","longitude":8.7141481,"latitude":50.1135394,"name":"Fahrradabstellplatz","city":"Frankfurt am Main","address":null,"covered":false,"access":null,"website":null,"phone":null,"source":"OpenStreetMap/node/13340699879","sourceUpdatedAt":null,"verifiedAt":null}},{"type":"Feature","geometry":{"type":"Point","coordinates":[8.7071659,50.1125711]},"properties":{"id":"bikerack:576d175b-d6d0-4805-9980-e62e1d3a057d","kind":"bikerack","longitude":8.7071659,"latitude":50.1125711,"name":"Fahrradabstellplatz","city":"Frankfurt am Main","address":null,"covered":false,"access":null,"website":null,"phone":null,"source":"OpenStreetMap/node/1115874706","sourceUpdatedAt":null,"verifiedAt":null}},{"type":"Feature","geometry":{"type":"Point","coordinates":[8.7122923,50.1130666]},"properties":{"id":"bikerack:57e528d5-e3da-4b82-af3a-d5a1896b7303","kind":"bikerack","longitude":8.7122923,"latitude":50.1130666,"name":"Fahrradabstellplatz","city":"Frankfurt am Main","address":null,"covered":false,"access":null,"website":null,"phone":null,"source":"OpenStreetMap/node/11835158759","sourceUpdatedAt":null,"verifiedAt":null}},{"type":"Feature","geometry":{"type":"Point","coordinates":[8.7124517,50.1156024]},"properties":{"id":"bikerack:59790861-12a1-44d3-b289-8246e5e40797","kind":"bikerack","longitude":8.7124517,"latitude":50.1156024,"name":"Fahrradabstellplatz","city":"Frankfurt am Main","address":null,"covered":true,"access":null,"website":null,"phone":null,"source":"OpenStreetMap/node/11835158859","sourceUpdatedAt":null,"verifiedAt":null}},{"type":"Feature","geometry":{"type":"Point","coordinates":[8.7143428,50.1184782]},"properties":{"id":"bikerack:599f5ca5-4aa1-408e-b763-32e554bff698","kind":"bikerack","longitude":8.7143428,"latitude":50.1184782,"name":"Fahrradabstellplatz","city":"Frankfurt am Main","address":null,"covered":false,"access":null,"website":null,"phone":null,"source":"OpenStreetMap/node/8037707612","sourceUpdatedAt":null,"verifiedAt":null}},{"type":"Feature","geometry":{"type":"Point","coordinates":[8.7056859,50.1199538]},"properties":{"id":"bikerack:5b101bd0-92ba-4979-b456-edc864dd40c9","kind":"bikerack","longitude":8.7056859,"latitude":50.1199538,"name":"Fahrradabstellplatz","city":"Frankfurt am Main","address":null,"covered":false,"access":null,"website":null,"phone":null,"source":"OpenStreetMap/node/13190952086","sourceUpdatedAt":null,"verifiedAt":null}},{"type":"Feature","geometry":{"type":"Point","coordinates":[8.706856,50.1165556]},"properties":{"id":"bikerack:5be6f880-9377-41bc-8c82-2ad27c49cde8","kind":"bikerack","longitude":8.706856,"latitude":50.1165556,"name":"Fahrradabstellplatz","city":"Frankfurt am Main","address":null,"covered":false,"access":null,"website":null,"phone":null,"source":"OpenStreetMap/node/8168189102","sourceUpdatedAt":null,"verifiedAt":null}},{"type":"Feature","geometry":{"type":"Point","coordinates":[8.7062631,50.1155084]},"properties":{"id":"bikerack:5c064dec-ce23-4cef-8bbc-9e2c00531603","kind":"bikerack","longitude":8.7062631,"latitude":50.1155084,"name":"Fahrradabstellplatz","city":"Frankfurt am Main","address":null,"covered":false,"access":null,"website":null,"phone":null,"source":"OpenStreetMap/node/7215119758","sourceUpdatedAt":null,"verifiedAt":null}},{"type":"Feature","geometry":{"type":"Point","coordinates":[8.7043582,50.1113379]},"properties":{"id":"bikerack:5c111bce-f7d5-47d7-a49d-060f7c8a5d08","kind":"bikerack","longitude":8.7043582,"latitude":50.1113379,"name":"Fahrradabstellplatz","city":"Frankfurt am Main","address":null,"covered":false,"access":null,"website":null,"phone":null,"source":"OpenStreetMap/node/12803886645","sourceUpdatedAt":null,"verifiedAt":null}},{"type":"Feature","geometry":{"type":"Point","coordinates":[8.7134963,50.1199891]},"properties":{"id":"bikerack:5d1fcfa3-1e38-476f-a5c1-dbf7b62efb98","kind":"bikerack","longitude":8.7134963,"latitude":50.1199891,"name":"Fahrradabstellplatz","city":"Frankfurt am Main","address":null,"covered":false,"access":null,"website":null,"phone":null,"source":"OpenStreetMap/node/7770065973","sourceUpdatedAt":null,"verifiedAt":null}},{"type":"Feature","geometry":{"type":"Point","coordinates":[8.7082715,50.1195667]},"properties":{"id":"bikerack:5d824a4f-09bc-42fb-a0cd-accea6aad6c5","kind":"bikerack","longitude":8.7082715,"latitude":50.1195667,"name":"Fahrradabstellplatz","city":"Frankfurt am Main","address":null,"covered":false,"access":null,"website":null,"phone":null,"source":"OpenStreetMap/node/11966095412","sourceUpdatedAt":null,"verifiedAt":null}},{"type":"Feature","geometry":{"type":"Point","coordinates":[8.7179732,50.1122076]},"properties":{"id":"bikerack:5de16b51-a8ab-4fb3-afe6-f4c558086e13","kind":"bikerack","longitude":8.7179732,"latitude":50.1122076,"name":"Fahrradabstellplatz","city":"Frankfurt am Main","address":null,"covered":false,"access":null,"website":null,"phone":null,"source":"OpenStreetMap/node/9906344287","sourceUpdatedAt":null,"verifiedAt":null}},{"type":"Feature","geometry":{"type":"Point","coordinates":[8.7123959,50.1186724]},"properties":{"id":"bikerack:5de1c8a0-62c3-4336-a8ca-a601928f86f7","kind":"bikerack","longitude":8.7123959,"latitude":50.1186724,"name":"Fahrradabstellplatz","city":"Frankfurt am Main","address":null,"covered":false,"access":null,"website":null,"phone":null,"source":"OpenStreetMap/node/7804691719","sourceUpdatedAt":null,"verifiedAt":null}},{"type":"Feature","geometry":{"type":"Point","coordinates":[8.7097843,50.1111871]},"properties":{"id":"bikerack:5dfd8126-ed36-40be-a8ce-b9fbaca27ab2","kind":"bikerack","longitude":8.7097843,"latitude":50.1111871,"name":"Fahrradabstellplatz","city":"Frankfurt am Main","address":null,"covered":false,"access":null,"website":null,"phone":null,"source":"OpenStreetMap/node/11983444050","sourceUpdatedAt":null,"verifiedAt":null}},{"type":"Feature","geometry":{"type":"Point","coordinates":[8.7143857,50.1133275]},"properties":{"id":"bikerack:5e1c9888-f4c2-4399-8e6a-09d1dda8fb51","kind":"bikerack","longitude":8.7143857,"latitude":50.1133275,"name":"Fahrradabstellplatz","city":"Frankfurt am Main","address":null,"covered":false,"access":null,"website":null,"phone":null,"source":"OpenStreetMap/node/12367985880","sourceUpdatedAt":null,"verifiedAt":null}},{"type":"Feature","geometry":{"type":"Point","coordinates":[8.7175404,50.1126298]},"properties":{"id":"bikerack:5e69d6aa-45f3-475d-9e71-362cbafd49bc","kind":"bikerack","longitude":8.7175404,"latitude":50.1126298,"name":"Fahrradabstellplatz","city":"Frankfurt am Main","address":null,"covered":false,"access":null,"website":null,"phone":null,"source":"OpenStreetMap/node/13026851009","sourceUpdatedAt":null,"verifiedAt":null}},{"type":"Feature","geometry":{"type":"Point","coordinates":[8.7035716,50.1168286]},"properties":{"id":"bikerack:5ec960cb-d819-4bdf-a822-973689770a8a","kind":"bikerack","longitude":8.7035716,"latitude":50.1168286,"name":"Fahrradabstellplatz","city":"Frankfurt am Main","address":null,"covered":false,"access":null,"website":null,"phone":null,"source":"OpenStreetMap/node/12246613908","sourceUpdatedAt":null,"verifiedAt":null}},{"type":"Feature","geometry":{"type":"Point","coordinates":[8.7093157,50.1119808]},"properties":{"id":"bikerack:5f0b9440-204a-42d9-ac6a-9ad9df72601f","kind":"bikerack","longitude":8.7093157,"latitude":50.1119808,"name":"Fahrradabstellplatz","city":"Frankfurt am Main","address":null,"covered":true,"access":null,"website":null,"phone":null,"source":"OpenStreetMap/node/11835193085","sourceUpdatedAt":null,"verifiedAt":null}},{"type":"Feature","geometry":{"type":"Point","coordinates":[8.715749,50.1192294]},"properties":{"id":"bikerack:5f587dcc-a677-4226-9115-bb8671184314","kind":"bikerack","longitude":8.715749,"latitude":50.1192294,"name":"Fahrradabstellplatz","city":"Frankfurt am Main","address":null,"covered":false,"access":null,"website":null,"phone":null,"source":"OpenStreetMap/node/7569293651","sourceUpdatedAt":null,"verifiedAt":null}},{"type":"Feature","geometry":{"type":"Point","coordinates":[8.7038165,50.1139798]},"properties":{"id":"bikerack:5fb81862-0c04-4cb6-b1c5-ffb6feb65dd7","kind":"bikerack","longitude":8.7038165,"latitude":50.1139798,"name":"Fahrradabstellplatz","city":"Frankfurt am Main","address":null,"covered":false,"access":null,"website":null,"phone":null,"source":"OpenStreetMap/node/6453072616","sourceUpdatedAt":null,"verifiedAt":null}},{"type":"Feature","geometry":{"type":"Point","coordinates":[8.710227,50.1179807]},"properties":{"id":"bikerack:604bc051-6ef0-4afe-9b37-06b1a82de205","kind":"bikerack","longitude":8.710227,"latitude":50.1179807,"name":"Fahrradabstellplatz","city":"Frankfurt am Main","address":null,"covered":false,"access":null,"website":null,"phone":null,"source":"OpenStreetMap/node/8341926734","sourceUpdatedAt":null,"verifiedAt":null}},{"type":"Feature","geometry":{"type":"Point","coordinates":[8.7097741,50.1195158]},"properties":{"id":"bikerack:60b8a7aa-70b8-42a2-af8c-dbf03569c1d8","kind":"bikerack","longitude":8.7097741,"latitude":50.1195158,"name":"Fahrradabstellplatz","city":"Frankfurt am Main","address":null,"covered":false,"access":null,"website":null,"phone":null,"source":"OpenStreetMap/node/12531973616","sourceUpdatedAt":null,"verifiedAt":null}},{"type":"Feature","geometry":{"type":"Point","coordinates":[8.7068934,50.1190495]},"properties":{"id":"bikerack:610f3c23-f931-4a28-8fe6-c8bae701791a","kind":"bikerack","longitude":8.7068934,"latitude":50.1190495,"name":"Fahrradabstellplatz","city":"Frankfurt am Main","address":null,"covered":false,"access":null,"website":null,"phone":null,"source":"OpenStreetMap/node/6024437716","sourceUpdatedAt":null,"verifiedAt":null}},{"type":"Feature","geometry":{"type":"Point","coordinates":[8.7140432,50.1182894]},"properties":{"id":"bikerack:62706e1f-5597-42bc-852b-caf4637a4a5d","kind":"bikerack","longitude":8.7140432,"latitude":50.1182894,"name":"Fahrradabstellplatz","city":"Frankfurt am Main","address":null,"covered":false,"access":null,"website":null,"phone":null,"source":"OpenStreetMap/node/8037716754","sourceUpdatedAt":null,"verifiedAt":null}},{"type":"Feature","geometry":{"type":"Point","coordinates":[8.7092774,50.1168682]},"properties":{"id":"bikerack:62810f26-10b3-4060-8250-85fb090b125d","kind":"bikerack","longitude":8.7092774,"latitude":50.1168682,"name":"Fahrradabstellplatz","city":"Frankfurt am Main","address":null,"covered":false,"access":null,"website":null,"phone":null,"source":"OpenStreetMap/node/12531973200","sourceUpdatedAt":null,"verifiedAt":null}},{"type":"Feature","geometry":{"type":"Point","coordinates":[8.7026993,50.0973567]},"properties":{"id":"bikerack:62c3a544-fdb7-41f2-a205-00f67abecb6d","kind":"bikerack","longitude":8.7026993,"latitude":50.0973567,"name":"Fahrradabstellplatz","city":"Frankfurt am Main","address":null,"covered":false,"access":null,"website":null,"phone":null,"source":"OpenStreetMap/node/13418345289","sourceUpdatedAt":null,"verifiedAt":null}},{"type":"Feature","geometry":{"type":"Point","coordinates":[8.7131404,50.120283]},"properties":{"id":"bikerack:63ea8f87-4f34-44da-bd73-5ada6e0853ae","kind":"bikerack","longitude":8.7131404,"latitude":50.120283,"name":"Fahrradabstellplatz","city":"Frankfurt am Main","address":null,"covered":false,"access":null,"website":null,"phone":null,"source":"OpenStreetMap/node/7770083227","sourceUpdatedAt":null,"verifiedAt":null}},{"type":"Feature","geometry":{"type":"Point","coordinates":[8.7076904,50.1157068]},"properties":{"id":"bikerack:64301958-850c-4059-ae10-95c605b33afa","kind":"bikerack","longitude":8.7076904,"latitude":50.1157068,"name":"Fahrradabstellplatz","city":"Frankfurt am Main","address":null,"covered":false,"access":null,"website":null,"phone":null,"source":"OpenStreetMap/node/12246608990","sourceUpdatedAt":null,"verifiedAt":null}},{"type":"Feature","geometry":{"type":"Point","coordinates":[8.7012035,50.1106797]},"properties":{"id":"bikerack:655931d1-8a11-47c9-a3ff-83dfd54890e1","kind":"bikerack","longitude":8.7012035,"latitude":50.1106797,"name":"Fahrradabstellplatz","city":"Frankfurt am Main","address":null,"covered":false,"access":null,"website":null,"phone":null,"source":"OpenStreetMap/node/2917046279","sourceUpdatedAt":null,"verifiedAt":null}},{"type":"Feature","geometry":{"type":"Point","coordinates":[8.7103205,50.1200668]},"properties":{"id":"bikerack:66a19593-0390-4d88-ac63-b3482bbf7561","kind":"bikerack","longitude":8.7103205,"latitude":50.1200668,"name":"Fahrradabstellplatz","city":"Frankfurt am Main","address":null,"covered":false,"access":null,"website":null,"phone":null,"source":"OpenStreetMap/node/12798118438","sourceUpdatedAt":null,"verifiedAt":null}},{"type":"Feature","geometry":{"type":"Point","coordinates":[8.7447099,50.1019696]},"properties":{"id":"bikerack:68246436-5a9b-4331-b0b4-632538addec3","kind":"bikerack","longitude":8.7447099,"latitude":50.1019696,"name":"Fahrradabstellplatz","city":"Offenbach","address":null,"covered":true,"access":null,"website":null,"phone":null,"source":"OpenStreetMap/node/1115750224","sourceUpdatedAt":null,"verifiedAt":null}},{"type":"Feature","geometry":{"type":"Point","coordinates":[8.7066725,50.1190956]},"properties":{"id":"bikerack:69532de5-f089-4b11-a1c5-091ff986dac9","kind":"bikerack","longitude":8.7066725,"latitude":50.1190956,"name":"Fahrradabstellplatz","city":"Frankfurt am Main","address":null,"covered":false,"access":null,"website":null,"phone":null,"source":"OpenStreetMap/node/6015193545","sourceUpdatedAt":null,"verifiedAt":null}},{"type":"Feature","geometry":{"type":"Point","coordinates":[8.7146705,50.1124432]},"properties":{"id":"bikerack:6a44e342-6151-4763-82f4-35a310d5e598","kind":"bikerack","longitude":8.7146705,"latitude":50.1124432,"name":"Fahrradabstellplatz","city":"Frankfurt am Main","address":null,"covered":false,"access":null,"website":null,"phone":null,"source":"OpenStreetMap/node/10712209959","sourceUpdatedAt":null,"verifiedAt":null}},{"type":"Feature","geometry":{"type":"Point","coordinates":[8.7097553,50.1202715]},"properties":{"id":"bikerack:6a56214b-1249-42e0-acbe-e8b3e034f11a","kind":"bikerack","longitude":8.7097553,"latitude":50.1202715,"name":"Fahrradabstellplatz","city":"Frankfurt am Main","address":null,"covered":false,"access":null,"website":null,"phone":null,"source":"OpenStreetMap/node/12798091233","sourceUpdatedAt":null,"verifiedAt":null}},{"type":"Feature","geometry":{"type":"Point","coordinates":[8.7018435,50.1187664]},"properties":{"id":"bikerack:6a6a2036-19be-4c71-824a-f97cd93c3de7","kind":"bikerack","longitude":8.7018435,"latitude":50.1187664,"name":"Fahrradabstellplatz","city":"Frankfurt am Main","address":null,"covered":false,"access":null,"website":null,"phone":null,"source":"OpenStreetMap/node/9839536102","sourceUpdatedAt":null,"verifiedAt":null}},{"type":"Feature","geometry":{"type":"Point","coordinates":[8.702835,50.0968681]},"properties":{"id":"bikerack:6a9fc22a-98b0-4a8e-b731-61411cae117a","kind":"bikerack","longitude":8.702835,"latitude":50.0968681,"name":"Fahrradabstellplatz","city":"Frankfurt am Main","address":null,"covered":false,"access":null,"website":null,"phone":null,"source":"OpenStreetMap/node/13476966247","sourceUpdatedAt":null,"verifiedAt":null}},{"type":"Feature","geometry":{"type":"Point","coordinates":[8.744177,50.1060869]},"properties":{"id":"bikerack:6ac12cce-b03b-4bcc-b7cf-e71078d3fb48","kind":"bikerack","longitude":8.744177,"latitude":50.1060869,"name":"Fahrradabstellplatz","city":"Offenbach","address":null,"covered":false,"access":null,"website":null,"phone":null,"source":"OpenStreetMap/node/13705040253","sourceUpdatedAt":null,"verifiedAt":null}},{"type":"Feature","geometry":{"type":"Point","coordinates":[8.7093595,50.116798]},"properties":{"id":"bikerack:6b196967-0e44-4f9d-8eac-1d29b1987445","kind":"bikerack","longitude":8.7093595,"latitude":50.116798,"name":"Fahrradabstellplatz","city":"Frankfurt am Main","address":null,"covered":false,"access":null,"website":null,"phone":null,"source":"OpenStreetMap/node/12531956657","sourceUpdatedAt":null,"verifiedAt":null}},{"type":"Feature","geometry":{"type":"Point","coordinates":[8.7071845,50.1192264]},"properties":{"id":"bikerack:6b1d06ca-72d9-437d-b21c-8e63b13d4ef4","kind":"bikerack","longitude":8.7071845,"latitude":50.1192264,"name":"Fahrradabstellplatz","city":"Frankfurt am Main","address":null,"covered":false,"access":null,"website":null,"phone":null,"source":"OpenStreetMap/node/6015193547","sourceUpdatedAt":null,"verifiedAt":null}},{"type":"Feature","geometry":{"type":"Point","coordinates":[8.7329118,50.1077671]},"properties":{"id":"bikerack:6b3d1d52-1aa8-4efe-ba33-90c55dd80fa9","kind":"bikerack","longitude":8.7329118,"latitude":50.1077671,"name":"Fahrradabstellplatz","city":"Offenbach","address":null,"covered":false,"access":null,"website":null,"phone":null,"source":"OpenStreetMap/node/12089212738","sourceUpdatedAt":null,"verifiedAt":null}},{"type":"Feature","geometry":{"type":"Point","coordinates":[8.7147817,50.1195408]},"properties":{"id":"bikerack:6be68fbe-be8c-4ac8-9933-e909c1d8d465","kind":"bikerack","longitude":8.7147817,"latitude":50.1195408,"name":"Fahrradabstellplatz","city":"Frankfurt am Main","address":null,"covered":false,"access":null,"website":null,"phone":null,"source":"OpenStreetMap/node/7731114348","sourceUpdatedAt":null,"verifiedAt":null}},{"type":"Feature","geometry":{"type":"Point","coordinates":[8.7109303,50.1124558]},"properties":{"id":"bikerack:6c4998b4-81d1-47d6-b8be-63d068b1338a","kind":"bikerack","longitude":8.7109303,"latitude":50.1124558,"name":"Fahrradabstellplatz","city":"Frankfurt am Main","address":null,"covered":false,"access":null,"website":null,"phone":null,"source":"OpenStreetMap/node/11835172810","sourceUpdatedAt":null,"verifiedAt":null}},{"type":"Feature","geometry":{"type":"Point","coordinates":[8.7099808,50.1184377]},"properties":{"id":"bikerack:6cd02006-6c40-441a-b203-f02250f2cd95","kind":"bikerack","longitude":8.7099808,"latitude":50.1184377,"name":"Fahrradabstellplatz","city":"Frankfurt am Main","address":null,"covered":false,"access":null,"website":null,"phone":null,"source":"OpenStreetMap/node/12066079636","sourceUpdatedAt":null,"verifiedAt":null}},{"type":"Feature","geometry":{"type":"Point","coordinates":[8.7246533,50.1160917]},"properties":{"id":"bikerack:6ce54b23-c7ac-4b1d-b205-673be416a39e","kind":"bikerack","longitude":8.7246533,"latitude":50.1160917,"name":"Fahrradabstellplatz","city":"Frankfurt am Main","address":null,"covered":true,"access":null,"website":null,"phone":null,"source":"OpenStreetMap/node/12531970413","sourceUpdatedAt":null,"verifiedAt":null}},{"type":"Feature","geometry":{"type":"Point","coordinates":[8.7085933,50.1195857]},"properties":{"id":"bikerack:6cf5d836-4288-4a66-a34f-8b27cc2e1f98","kind":"bikerack","longitude":8.7085933,"latitude":50.1195857,"name":"Fahrradabstellplatz","city":"Frankfurt am Main","address":null,"covered":false,"access":null,"website":null,"phone":null,"source":"OpenStreetMap/node/11966112089","sourceUpdatedAt":null,"verifiedAt":null}},{"type":"Feature","geometry":{"type":"Point","coordinates":[8.7221335,50.1149717]},"properties":{"id":"bikerack:6d123f80-676f-4b3d-ae56-4cc3e0110009","kind":"bikerack","longitude":8.7221335,"latitude":50.1149717,"name":"Fahrradabstellplatz","city":"Frankfurt am Main","address":null,"covered":false,"access":null,"website":null,"phone":null,"source":"OpenStreetMap/node/6447491486","sourceUpdatedAt":null,"verifiedAt":null}},{"type":"Feature","geometry":{"type":"Point","coordinates":[8.7149608,50.1187967]},"properties":{"id":"bikerack:6d94c179-cb13-4680-af49-406e999b968f","kind":"bikerack","longitude":8.7149608,"latitude":50.1187967,"name":"Fahrradabstellplatz","city":"Frankfurt am Main","address":null,"covered":false,"access":null,"website":null,"phone":null,"source":"OpenStreetMap/node/9152882002","sourceUpdatedAt":null,"verifiedAt":null}},{"type":"Feature","geometry":{"type":"Point","coordinates":[8.7120135,50.1166565]},"properties":{"id":"bikerack:6dbdf8ce-d157-4ba0-9700-ce4810575010","kind":"bikerack","longitude":8.7120135,"latitude":50.1166565,"name":"Fahrradabstellplatz","city":"Frankfurt am Main","address":null,"covered":false,"access":null,"website":null,"phone":null,"source":"OpenStreetMap/node/7786979787","sourceUpdatedAt":null,"verifiedAt":null}},{"type":"Feature","geometry":{"type":"Point","coordinates":[8.7089993,50.1190707]},"properties":{"id":"bikerack:6e99ee63-35a7-4115-856b-31fa6f52d72a","kind":"bikerack","longitude":8.7089993,"latitude":50.1190707,"name":"Fahrradabstellplatz","city":"Frankfurt am Main","address":null,"covered":false,"access":null,"website":null,"phone":null,"source":"OpenStreetMap/node/9402709015","sourceUpdatedAt":null,"verifiedAt":null}},{"type":"Feature","geometry":{"type":"Point","coordinates":[8.7054041,50.1122562]},"properties":{"id":"bikerack:6f4a2dd8-ddb8-4a2f-99b1-73cbd7f4c82c","kind":"bikerack","longitude":8.7054041,"latitude":50.1122562,"name":"Fahrradabstellplatz","city":"Frankfurt am Main","address":null,"covered":false,"access":null,"website":null,"phone":null,"source":"OpenStreetMap/node/8040284641","sourceUpdatedAt":null,"verifiedAt":null}},{"type":"Feature","geometry":{"type":"Point","coordinates":[8.7273524,50.0977321]},"properties":{"id":"bikerack:6fbba694-1866-4b1e-a05f-18027c0b0281","kind":"bikerack","longitude":8.7273524,"latitude":50.0977321,"name":"Fahrradabstellplatz","city":"Offenbach","address":null,"covered":false,"access":null,"website":null,"phone":null,"source":"OpenStreetMap/node/13418434971","sourceUpdatedAt":null,"verifiedAt":null}},{"type":"Feature","geometry":{"type":"Point","coordinates":[8.7447085,50.1058228]},"properties":{"id":"bikerack:7034a7f2-3e3f-4820-920d-70c901f6e54c","kind":"bikerack","longitude":8.7447085,"latitude":50.1058228,"name":"Fahrradabstellplatz","city":"Offenbach","address":null,"covered":false,"access":null,"website":null,"phone":null,"source":"OpenStreetMap/node/13705037116","sourceUpdatedAt":null,"verifiedAt":null}},{"type":"Feature","geometry":{"type":"Point","coordinates":[8.7110513,50.1126016]},"properties":{"id":"bikerack:71c10d58-c230-4142-9f0c-365a38f56ae5","kind":"bikerack","longitude":8.7110513,"latitude":50.1126016,"name":"Fahrradabstellplatz","city":"Frankfurt am Main","address":null,"covered":false,"access":null,"website":null,"phone":null,"source":"OpenStreetMap/node/11375592775","sourceUpdatedAt":null,"verifiedAt":null}},{"type":"Feature","geometry":{"type":"Point","coordinates":[8.7088059,50.1203629]},"properties":{"id":"bikerack:729b7b2d-ed6f-4894-837c-de3a424d23e2","kind":"bikerack","longitude":8.7088059,"latitude":50.1203629,"name":"Fahrradabstellplatz","city":"Frankfurt am Main","address":null,"covered":false,"access":null,"website":null,"phone":null,"source":"OpenStreetMap/node/13190950731","sourceUpdatedAt":null,"verifiedAt":null}},{"type":"Feature","geometry":{"type":"Point","coordinates":[8.7137246,50.1202792]},"properties":{"id":"bikerack:730116ba-3f67-4a9e-a1a0-3cb1954e74c9","kind":"bikerack","longitude":8.7137246,"latitude":50.1202792,"name":"Fahrradabstellplatz","city":"Frankfurt am Main","address":null,"covered":false,"access":null,"website":null,"phone":null,"source":"OpenStreetMap/node/7522337014","sourceUpdatedAt":null,"verifiedAt":null}},{"type":"Feature","geometry":{"type":"Point","coordinates":[8.7345252,50.1074554]},"properties":{"id":"bikerack:73235dc5-ed87-48ce-ad77-bb65682d50f0","kind":"bikerack","longitude":8.7345252,"latitude":50.1074554,"name":"Fahrradabstellplatz","city":"Offenbach","address":null,"covered":false,"access":null,"website":null,"phone":null,"source":"OpenStreetMap/node/7744053922","sourceUpdatedAt":null,"verifiedAt":null}},{"type":"Feature","geometry":{"type":"Point","coordinates":[8.7175294,50.112274]},"properties":{"id":"bikerack:73863c19-6944-4d0a-8d75-ace064e988a4","kind":"bikerack","longitude":8.7175294,"latitude":50.112274,"name":"Fahrradabstellplatz","city":"Frankfurt am Main","address":null,"covered":false,"access":null,"website":null,"phone":null,"source":"OpenStreetMap/node/13026848532","sourceUpdatedAt":null,"verifiedAt":null}},{"type":"Feature","geometry":{"type":"Point","coordinates":[8.7043845,50.1129827]},"properties":{"id":"bikerack:7481425e-f61f-4662-9a39-d9e32e65ef98","kind":"bikerack","longitude":8.7043845,"latitude":50.1129827,"name":"Fahrradabstellplatz","city":"Frankfurt am Main","address":null,"covered":false,"access":null,"website":null,"phone":null,"source":"OpenStreetMap/node/12116923799","sourceUpdatedAt":null,"verifiedAt":null}},{"type":"Feature","geometry":{"type":"Point","coordinates":[8.7072771,50.1192058]},"properties":{"id":"bikerack:75073754-e335-428e-a7d3-5fcd932f3adf","kind":"bikerack","longitude":8.7072771,"latitude":50.1192058,"name":"Fahrradabstellplatz","city":"Frankfurt am Main","address":null,"covered":false,"access":null,"website":null,"phone":null,"source":"OpenStreetMap/node/6015193548","sourceUpdatedAt":null,"verifiedAt":null}},{"type":"Feature","geometry":{"type":"Point","coordinates":[8.7116346,50.1124546]},"properties":{"id":"bikerack:7586ad50-3429-4f87-9b3a-67f5fc8deb36","kind":"bikerack","longitude":8.7116346,"latitude":50.1124546,"name":"Fahrradabstellplatz","city":"Frankfurt am Main","address":null,"covered":false,"access":null,"website":null,"phone":null,"source":"OpenStreetMap/node/11375592776","sourceUpdatedAt":null,"verifiedAt":null}},{"type":"Feature","geometry":{"type":"Point","coordinates":[8.7278099,50.1161898]},"properties":{"id":"bikerack:7619a23c-e248-4dea-9c93-c6cde272c643","kind":"bikerack","longitude":8.7278099,"latitude":50.1161898,"name":"Fahrradabstellplatz","city":"Offenbach","address":null,"covered":false,"access":null,"website":null,"phone":null,"source":"OpenStreetMap/node/12368024128","sourceUpdatedAt":null,"verifiedAt":null}},{"type":"Feature","geometry":{"type":"Point","coordinates":[8.7109517,50.1203238]},"properties":{"id":"bikerack:775748a6-9c55-453b-8091-7308c8b8ae13","kind":"bikerack","longitude":8.7109517,"latitude":50.1203238,"name":"Fahrradabstellplatz","city":"Frankfurt am Main","address":null,"covered":false,"access":null,"website":null,"phone":null,"source":"OpenStreetMap/node/8346063458","sourceUpdatedAt":null,"verifiedAt":null}},{"type":"Feature","geometry":{"type":"Point","coordinates":[8.7400534,50.1055546]},"properties":{"id":"bikerack:787801ea-c4c8-465f-870f-4423cb820a97","kind":"bikerack","longitude":8.7400534,"latitude":50.1055546,"name":"Fahrradabstellplatz","city":"Offenbach","address":null,"covered":true,"access":null,"website":null,"phone":null,"source":"OpenStreetMap/node/1678948925","sourceUpdatedAt":null,"verifiedAt":null}},{"type":"Feature","geometry":{"type":"Point","coordinates":[8.7169432,50.1132187]},"properties":{"id":"bikerack:79128b2c-2bbf-4383-b2d9-00ee0a77b9dd","kind":"bikerack","longitude":8.7169432,"latitude":50.1132187,"name":"Fahrradabstellplatz","city":"Frankfurt am Main","address":null,"covered":false,"access":null,"website":null,"phone":null,"source":"OpenStreetMap/node/6177118495","sourceUpdatedAt":null,"verifiedAt":null}},{"type":"Feature","geometry":{"type":"Point","coordinates":[8.7208832,50.1183433]},"properties":{"id":"bikerack:7968dbdd-aab3-433f-b0a4-d8d149922624","kind":"bikerack","longitude":8.7208832,"latitude":50.1183433,"name":"Fahrradabstellplatz","city":"Frankfurt am Main","address":null,"covered":false,"access":null,"website":null,"phone":null,"source":"OpenStreetMap/node/7245341529","sourceUpdatedAt":null,"verifiedAt":null}},{"type":"Feature","geometry":{"type":"Point","coordinates":[8.7118641,50.1202404]},"properties":{"id":"bikerack:796df2bb-b0e0-4cfc-b4e3-aeb6c2d926fc","kind":"bikerack","longitude":8.7118641,"latitude":50.1202404,"name":"Fahrradabstellplatz","city":"Frankfurt am Main","address":null,"covered":false,"access":null,"website":null,"phone":null,"source":"OpenStreetMap/node/13236799637","sourceUpdatedAt":null,"verifiedAt":null}},{"type":"Feature","geometry":{"type":"Point","coordinates":[8.7063673,50.1172795]},"properties":{"id":"bikerack:7ac18b34-b10d-4f40-8f0b-e0b9c323e163","kind":"bikerack","longitude":8.7063673,"latitude":50.1172795,"name":"Fahrradabstellplatz","city":"Frankfurt am Main","address":null,"covered":false,"access":null,"website":null,"phone":null,"source":"OpenStreetMap/node/6391301194","sourceUpdatedAt":null,"verifiedAt":null}},{"type":"Feature","geometry":{"type":"Point","coordinates":[8.7084606,50.1196984]},"properties":{"id":"bikerack:7ad50e5c-408c-43aa-b527-1e817db3e086","kind":"bikerack","longitude":8.7084606,"latitude":50.1196984,"name":"Fahrradabstellplatz","city":"Frankfurt am Main","address":null,"covered":false,"access":null,"website":null,"phone":null,"source":"OpenStreetMap/node/11966117319","sourceUpdatedAt":null,"verifiedAt":null}},{"type":"Feature","geometry":{"type":"Point","coordinates":[8.7151083,50.1125929]},"properties":{"id":"bikerack:7b9a5064-00fc-446c-a946-7d0c73a28410","kind":"bikerack","longitude":8.7151083,"latitude":50.1125929,"name":"Fahrradabstellplatz","city":"Frankfurt am Main","address":null,"covered":false,"access":null,"website":null,"phone":null,"source":"OpenStreetMap/node/6177118491","sourceUpdatedAt":null,"verifiedAt":null}},{"type":"Feature","geometry":{"type":"Point","coordinates":[8.7172791,50.1131572]},"properties":{"id":"bikerack:7c19d190-93eb-48af-9f66-bbccb145a2f1","kind":"bikerack","longitude":8.7172791,"latitude":50.1131572,"name":"Fahrradabstellplatz","city":"Frankfurt am Main","address":null,"covered":false,"access":null,"website":null,"phone":null,"source":"OpenStreetMap/node/11983417229","sourceUpdatedAt":null,"verifiedAt":null}},{"type":"Feature","geometry":{"type":"Point","coordinates":[8.7056817,50.1156854]},"properties":{"id":"bikerack:7c45961b-a8fd-41ce-8879-20ffcfee107d","kind":"bikerack","longitude":8.7056817,"latitude":50.1156854,"name":"Fahrradabstellplatz","city":"Frankfurt am Main","address":null,"covered":false,"access":null,"website":null,"phone":null,"source":"OpenStreetMap/node/7215119754","sourceUpdatedAt":null,"verifiedAt":null}},{"type":"Feature","geometry":{"type":"Point","coordinates":[8.7084497,50.1175382]},"properties":{"id":"bikerack:7cae5e56-2ce3-4948-bed0-068d93a6ff73","kind":"bikerack","longitude":8.7084497,"latitude":50.1175382,"name":"Fahrradabstellplatz","city":"Frankfurt am Main","address":null,"covered":false,"access":null,"website":null,"phone":null,"source":"OpenStreetMap/node/6054978527","sourceUpdatedAt":null,"verifiedAt":null}},{"type":"Feature","geometry":{"type":"Point","coordinates":[8.7106266,50.1114192]},"properties":{"id":"bikerack:7cafaa85-be7a-4541-b962-0ce497520eed","kind":"bikerack","longitude":8.7106266,"latitude":50.1114192,"name":"Fahrradabstellplatz","city":"Frankfurt am Main","address":null,"covered":false,"access":null,"website":null,"phone":null,"source":"OpenStreetMap/node/12116924265","sourceUpdatedAt":null,"verifiedAt":null}},{"type":"Feature","geometry":{"type":"Point","coordinates":[8.7170658,50.1128017]},"properties":{"id":"bikerack:7d5ef2bf-651d-4bb4-82d8-e0e341fb36c4","kind":"bikerack","longitude":8.7170658,"latitude":50.1128017,"name":"Fahrradabstellplatz","city":"Frankfurt am Main","address":null,"covered":false,"access":null,"website":null,"phone":null,"source":"OpenStreetMap/node/9520135853","sourceUpdatedAt":null,"verifiedAt":null}},{"type":"Feature","geometry":{"type":"Point","coordinates":[8.7090294,50.1164533]},"properties":{"id":"bikerack:7e5c9680-4067-4c8e-b1b8-31fd26236343","kind":"bikerack","longitude":8.7090294,"latitude":50.1164533,"name":"Fahrradabstellplatz","city":"Frankfurt am Main","address":null,"covered":false,"access":null,"website":null,"phone":null,"source":"OpenStreetMap/node/6453075292","sourceUpdatedAt":null,"verifiedAt":null}},{"type":"Feature","geometry":{"type":"Point","coordinates":[8.7060494,50.1156821]},"properties":{"id":"bikerack:7fdeba4b-687b-4e1d-9400-aa242e101b9f","kind":"bikerack","longitude":8.7060494,"latitude":50.1156821,"name":"Fahrradabstellplatz","city":"Frankfurt am Main","address":null,"covered":false,"access":null,"website":null,"phone":null,"source":"OpenStreetMap/node/7215119741","sourceUpdatedAt":null,"verifiedAt":null}},{"type":"Feature","geometry":{"type":"Point","coordinates":[8.7046587,50.1055177]},"properties":{"id":"bikerack:7ff2da30-6dfa-4d02-8f99-7a06c2c19f2d","kind":"bikerack","longitude":8.7046587,"latitude":50.1055177,"name":"Fahrradabstellplatz","city":"Frankfurt am Main","address":null,"covered":false,"access":null,"website":null,"phone":null,"source":"OpenStreetMap/node/2184400570","sourceUpdatedAt":null,"verifiedAt":null}},{"type":"Feature","geometry":{"type":"Point","coordinates":[8.7115599,50.1119504]},"properties":{"id":"bikerack:802bf192-b722-4b30-b98a-bd1775dd1d41","kind":"bikerack","longitude":8.7115599,"latitude":50.1119504,"name":"Fahrradabstellplatz","city":"Frankfurt am Main","address":null,"covered":false,"access":null,"website":null,"phone":null,"source":"OpenStreetMap/node/11835158857","sourceUpdatedAt":null,"verifiedAt":null}},{"type":"Feature","geometry":{"type":"Point","coordinates":[8.7120029,50.1189787]},"properties":{"id":"bikerack:81798501-2654-4489-86c0-020387c96548","kind":"bikerack","longitude":8.7120029,"latitude":50.1189787,"name":"Fahrradabstellplatz","city":"Frankfurt am Main","address":null,"covered":false,"access":null,"website":null,"phone":null,"source":"OpenStreetMap/way/848488751","sourceUpdatedAt":null,"verifiedAt":null}},{"type":"Feature","geometry":{"type":"Point","coordinates":[8.7014416,50.1176379]},"properties":{"id":"bikerack:81b564f7-bdf2-40d1-9e6f-ed5854ed45a7","kind":"bikerack","longitude":8.7014416,"latitude":50.1176379,"name":"Fahrradabstellplatz","city":"Frankfurt am Main","address":null,"covered":false,"access":null,"website":null,"phone":null,"source":"OpenStreetMap/node/7215119764","sourceUpdatedAt":null,"verifiedAt":null}},{"type":"Feature","geometry":{"type":"Point","coordinates":[8.7106575,50.1200435]},"properties":{"id":"bikerack:8203a468-7cce-4868-876e-4a0663328807","kind":"bikerack","longitude":8.7106575,"latitude":50.1200435,"name":"Fahrradabstellplatz","city":"Frankfurt am Main","address":null,"covered":false,"access":null,"website":null,"phone":null,"source":"OpenStreetMap/node/8346063456","sourceUpdatedAt":null,"verifiedAt":null}},{"type":"Feature","geometry":{"type":"Point","coordinates":[8.7041129,50.1121639]},"properties":{"id":"bikerack:821296d6-d3e4-443b-a24f-a020c1ea08b8","kind":"bikerack","longitude":8.7041129,"latitude":50.1121639,"name":"Fahrradabstellplatz","city":"Frankfurt am Main","address":null,"covered":false,"access":null,"website":null,"phone":null,"source":"OpenStreetMap/node/12803892169","sourceUpdatedAt":null,"verifiedAt":null}},{"type":"Feature","geometry":{"type":"Point","coordinates":[8.7165666,50.1123601]},"properties":{"id":"bikerack:82fe0e54-f4a8-47dc-8aa9-9ae4d5eb0130","kind":"bikerack","longitude":8.7165666,"latitude":50.1123601,"name":"Fahrradabstellplatz","city":"Frankfurt am Main","address":null,"covered":false,"access":null,"website":null,"phone":null,"source":"OpenStreetMap/node/10936838978","sourceUpdatedAt":null,"verifiedAt":null}},{"type":"Feature","geometry":{"type":"Point","coordinates":[8.7333291,50.1063646]},"properties":{"id":"bikerack:8320d9e8-5add-40f6-b92b-88743fd7fc36","kind":"bikerack","longitude":8.7333291,"latitude":50.1063646,"name":"Fahrradabstellplatz","city":"Offenbach","address":null,"covered":true,"access":null,"website":null,"phone":null,"source":"OpenStreetMap/node/7282857388","sourceUpdatedAt":null,"verifiedAt":null}},{"type":"Feature","geometry":{"type":"Point","coordinates":[8.7447587,50.1058246]},"properties":{"id":"bikerack:83660a4b-fe1c-471f-b121-3bd5458c5841","kind":"bikerack","longitude":8.7447587,"latitude":50.1058246,"name":"Fahrradabstellplatz","city":"Offenbach","address":null,"covered":false,"access":null,"website":null,"phone":null,"source":"OpenStreetMap/node/13705037115","sourceUpdatedAt":null,"verifiedAt":null}},{"type":"Feature","geometry":{"type":"Point","coordinates":[8.7095645,50.1188495]},"properties":{"id":"bikerack:846fc8c0-6cb7-4de3-81c8-4801ff38bec6","kind":"bikerack","longitude":8.7095645,"latitude":50.1188495,"name":"Fahrradabstellplatz","city":"Frankfurt am Main","address":null,"covered":true,"access":null,"website":null,"phone":null,"source":"OpenStreetMap/node/8196685652","sourceUpdatedAt":null,"verifiedAt":null}},{"type":"Feature","geometry":{"type":"Point","coordinates":[8.7041562,50.1143109]},"properties":{"id":"bikerack:8697da83-aba7-454c-9271-3508d7fd840f","kind":"bikerack","longitude":8.7041562,"latitude":50.1143109,"name":"Fahrradabstellplatz","city":"Frankfurt am Main","address":null,"covered":false,"access":null,"website":null,"phone":null,"source":"OpenStreetMap/node/13625235413","sourceUpdatedAt":null,"verifiedAt":null}},{"type":"Feature","geometry":{"type":"Point","coordinates":[8.7244204,50.1155921]},"properties":{"id":"bikerack:86db961d-acb0-493b-ae75-39e731a83740","kind":"bikerack","longitude":8.7244204,"latitude":50.1155921,"name":"Fahrradabstellplatz","city":"Frankfurt am Main","address":null,"covered":false,"access":null,"website":null,"phone":null,"source":"OpenStreetMap/node/10712209957","sourceUpdatedAt":null,"verifiedAt":null}},{"type":"Feature","geometry":{"type":"Point","coordinates":[8.7345133,50.1063517]},"properties":{"id":"bikerack:872218fd-5d21-4aed-b238-31041129efea","kind":"bikerack","longitude":8.7345133,"latitude":50.1063517,"name":"Fahrradabstellplatz","city":"Offenbach","address":null,"covered":true,"access":null,"website":null,"phone":null,"source":"OpenStreetMap/node/7282857387","sourceUpdatedAt":null,"verifiedAt":null}},{"type":"Feature","geometry":{"type":"Point","coordinates":[8.7118011,50.1175869]},"properties":{"id":"bikerack:8796ce30-9953-421d-95e2-c9c5a9c7921e","kind":"bikerack","longitude":8.7118011,"latitude":50.1175869,"name":"Fahrradabstellplatz","city":"Frankfurt am Main","address":null,"covered":false,"access":null,"website":null,"phone":null,"source":"OpenStreetMap/node/8400700711","sourceUpdatedAt":null,"verifiedAt":null}},{"type":"Feature","geometry":{"type":"Point","coordinates":[8.7056455,50.1126385]},"properties":{"id":"bikerack:87fcb6e2-0951-4a68-9ba8-29df37ab1b8e","kind":"bikerack","longitude":8.7056455,"latitude":50.1126385,"name":"Fahrradabstellplatz","city":"Frankfurt am Main","address":null,"covered":false,"access":null,"website":null,"phone":null,"source":"OpenStreetMap/node/7141554943","sourceUpdatedAt":null,"verifiedAt":null}},{"type":"Feature","geometry":{"type":"Point","coordinates":[8.7238035,50.1155679]},"properties":{"id":"bikerack:88c075c3-b60d-4c56-9fab-bb5295276782","kind":"bikerack","longitude":8.7238035,"latitude":50.1155679,"name":"Fahrradabstellplatz","city":"Frankfurt am Main","address":null,"covered":false,"access":null,"website":null,"phone":null,"source":"OpenStreetMap/node/9520098867","sourceUpdatedAt":null,"verifiedAt":null}},{"type":"Feature","geometry":{"type":"Point","coordinates":[8.7033076,50.114617]},"properties":{"id":"bikerack:88e3206a-30ff-4803-b95a-0914b84ec7e4","kind":"bikerack","longitude":8.7033076,"latitude":50.114617,"name":"Fahrradabstellplatz","city":"Frankfurt am Main","address":null,"covered":false,"access":null,"website":null,"phone":null,"source":"OpenStreetMap/node/13625235806","sourceUpdatedAt":null,"verifiedAt":null}},{"type":"Feature","geometry":{"type":"Point","coordinates":[8.7058739,50.1197582]},"properties":{"id":"bikerack:8ab3648a-404b-465f-8461-fa854fcf52db","kind":"bikerack","longitude":8.7058739,"latitude":50.1197582,"name":"Fahrradabstellplatz","city":"Frankfurt am Main","address":null,"covered":false,"access":null,"website":null,"phone":null,"source":"OpenStreetMap/node/11366818320","sourceUpdatedAt":null,"verifiedAt":null}},{"type":"Feature","geometry":{"type":"Point","coordinates":[8.7041617,50.1172676]},"properties":{"id":"bikerack:8b0f2160-3e70-44c0-b431-ed3e1dd02765","kind":"bikerack","longitude":8.7041617,"latitude":50.1172676,"name":"Fahrradabstellplatz","city":"Frankfurt am Main","address":null,"covered":false,"access":null,"website":null,"phone":null,"source":"OpenStreetMap/node/12246600067","sourceUpdatedAt":null,"verifiedAt":null}},{"type":"Feature","geometry":{"type":"Point","coordinates":[8.7083342,50.1116827]},"properties":{"id":"bikerack:8b6fa806-3cc8-44d4-89d5-6a0d553e6731","kind":"bikerack","longitude":8.7083342,"latitude":50.1116827,"name":"Fahrradabstellplatz","city":"Frankfurt am Main","address":null,"covered":true,"access":null,"website":null,"phone":null,"source":"OpenStreetMap/node/8270199902","sourceUpdatedAt":null,"verifiedAt":null}},{"type":"Feature","geometry":{"type":"Point","coordinates":[8.720119,50.1009025]},"properties":{"id":"bikerack:8cec7da9-09a1-45c9-996c-c0d8bdb9750f","kind":"bikerack","longitude":8.720119,"latitude":50.1009025,"name":"Fahrradabstellplatz","city":"Frankfurt am Main","address":null,"covered":false,"access":null,"website":null,"phone":null,"source":"OpenStreetMap/node/12043706378","sourceUpdatedAt":null,"verifiedAt":null}},{"type":"Feature","geometry":{"type":"Point","coordinates":[8.7101101,50.1099197]},"properties":{"id":"bikerack:8ced70f4-9c2d-4a8f-af23-5464f45d21a3","kind":"bikerack","longitude":8.7101101,"latitude":50.1099197,"name":"Fahrradabstellplatz","city":"Frankfurt am Main","address":null,"covered":false,"access":null,"website":null,"phone":null,"source":"OpenStreetMap/node/13026851516","sourceUpdatedAt":null,"verifiedAt":null}},{"type":"Feature","geometry":{"type":"Point","coordinates":[8.7197109,50.1141755]},"properties":{"id":"bikerack:8d4f1a23-2a4c-479e-ba32-bf1a23c33dd3","kind":"bikerack","longitude":8.7197109,"latitude":50.1141755,"name":"Fahrradabstellplatz","city":"Frankfurt am Main","address":null,"covered":false,"access":null,"website":null,"phone":null,"source":"OpenStreetMap/node/6177118489","sourceUpdatedAt":null,"verifiedAt":null}},{"type":"Feature","geometry":{"type":"Point","coordinates":[8.7400608,50.1053002]},"properties":{"id":"bikerack:8e969f1c-8293-4fa0-a222-83787d35818a","kind":"bikerack","longitude":8.7400608,"latitude":50.1053002,"name":"Fahrradabstellplatz","city":"Offenbach","address":null,"covered":true,"access":null,"website":null,"phone":null,"source":"OpenStreetMap/way/424324834","sourceUpdatedAt":null,"verifiedAt":null}},{"type":"Feature","geometry":{"type":"Point","coordinates":[8.716977,50.1125166]},"properties":{"id":"bikerack:8f3d0d93-2555-4a46-84b0-35f1147b3946","kind":"bikerack","longitude":8.716977,"latitude":50.1125166,"name":"Fahrradabstellplatz","city":"Frankfurt am Main","address":null,"covered":false,"access":null,"website":null,"phone":null,"source":"OpenStreetMap/node/10936838980","sourceUpdatedAt":null,"verifiedAt":null}},{"type":"Feature","geometry":{"type":"Point","coordinates":[8.7140542,50.1184772]},"properties":{"id":"bikerack:8fa8609f-5797-4d88-80a2-46376a2f624c","kind":"bikerack","longitude":8.7140542,"latitude":50.1184772,"name":"Fahrradabstellplatz","city":"Frankfurt am Main","address":null,"covered":false,"access":null,"website":null,"phone":null,"source":"OpenStreetMap/node/9098999159","sourceUpdatedAt":null,"verifiedAt":null}},{"type":"Feature","geometry":{"type":"Point","coordinates":[8.7112898,50.1103171]},"properties":{"id":"bikerack:903067d3-1483-453d-a4b8-346df804491e","kind":"bikerack","longitude":8.7112898,"latitude":50.1103171,"name":"Fahrradabstellplatz","city":"Frankfurt am Main","address":null,"covered":false,"access":null,"website":null,"phone":null,"source":"OpenStreetMap/node/13026845708","sourceUpdatedAt":null,"verifiedAt":null}},{"type":"Feature","geometry":{"type":"Point","coordinates":[8.7126791,50.1195796]},"properties":{"id":"bikerack:905dd5c9-55cf-4b5e-9487-8dcdf99d2a8b","kind":"bikerack","longitude":8.7126791,"latitude":50.1195796,"name":"Fahrradabstellplatz","city":"Frankfurt am Main","address":null,"covered":false,"access":null,"website":null,"phone":null,"source":"OpenStreetMap/node/7522327902","sourceUpdatedAt":null,"verifiedAt":null}},{"type":"Feature","geometry":{"type":"Point","coordinates":[8.7115247,50.1161627]},"properties":{"id":"bikerack:917705d3-efe3-4447-8bca-868343507102","kind":"bikerack","longitude":8.7115247,"latitude":50.1161627,"name":"Fahrradabstellplatz","city":"Frankfurt am Main","address":null,"covered":false,"access":null,"website":null,"phone":null,"source":"OpenStreetMap/node/7596231229","sourceUpdatedAt":null,"verifiedAt":null}},{"type":"Feature","geometry":{"type":"Point","coordinates":[8.7245274,50.1000778]},"properties":{"id":"bikerack:91904915-bafb-4a83-9b0e-1cd3162ad547","kind":"bikerack","longitude":8.7245274,"latitude":50.1000778,"name":"Fahrradabstellplatz","city":"Offenbach","address":null,"covered":false,"access":null,"website":null,"phone":null,"source":"OpenStreetMap/node/1115735874","sourceUpdatedAt":null,"verifiedAt":null}},{"type":"Feature","geometry":{"type":"Point","coordinates":[8.7084873,50.1111312]},"properties":{"id":"bikerack:9208166d-1842-4f5b-8c56-851c6ff1361d","kind":"bikerack","longitude":8.7084873,"latitude":50.1111312,"name":"Fahrradabstellplatz","city":"Frankfurt am Main","address":null,"covered":false,"access":null,"website":null,"phone":null,"source":"OpenStreetMap/node/3393943422","sourceUpdatedAt":null,"verifiedAt":null}},{"type":"Feature","geometry":{"type":"Point","coordinates":[8.7251835,50.1158328]},"properties":{"id":"bikerack:92172ddc-121a-47ab-911a-d7c146fd82b1","kind":"bikerack","longitude":8.7251835,"latitude":50.1158328,"name":"Fahrradabstellplatz","city":"Frankfurt am Main","address":null,"covered":false,"access":null,"website":null,"phone":null,"source":"OpenStreetMap/node/9520098865","sourceUpdatedAt":null,"verifiedAt":null}},{"type":"Feature","geometry":{"type":"Point","coordinates":[8.7140952,50.1169965]},"properties":{"id":"bikerack:9245035d-26b2-44fa-af68-329df86d9340","kind":"bikerack","longitude":8.7140952,"latitude":50.1169965,"name":"Fahrradabstellplatz","city":"Frankfurt am Main","address":null,"covered":false,"access":null,"website":null,"phone":null,"source":"OpenStreetMap/node/7770099005","sourceUpdatedAt":null,"verifiedAt":null}},{"type":"Feature","geometry":{"type":"Point","coordinates":[8.7129999,50.1204192]},"properties":{"id":"bikerack:9297abda-aa85-4f38-b633-2b8ba68d2744","kind":"bikerack","longitude":8.7129999,"latitude":50.1204192,"name":"Fahrradabstellplatz","city":"Frankfurt am Main","address":null,"covered":false,"access":null,"website":null,"phone":null,"source":"OpenStreetMap/node/8271122164","sourceUpdatedAt":null,"verifiedAt":null}},{"type":"Feature","geometry":{"type":"Point","coordinates":[8.7039177,50.1172133]},"properties":{"id":"bikerack:92bc44f5-9a63-4634-822e-6416b87217dd","kind":"bikerack","longitude":8.7039177,"latitude":50.1172133,"name":"Fahrradabstellplatz","city":"Frankfurt am Main","address":null,"covered":false,"access":null,"website":null,"phone":null,"source":"OpenStreetMap/node/12246589393","sourceUpdatedAt":null,"verifiedAt":null}},{"type":"Feature","geometry":{"type":"Point","coordinates":[8.7129434,50.1183074]},"properties":{"id":"bikerack:92e5ed17-c88f-455f-b684-f661cb6a8f00","kind":"bikerack","longitude":8.7129434,"latitude":50.1183074,"name":"Fahrradabstellplatz","city":"Frankfurt am Main","address":null,"covered":false,"access":null,"website":null,"phone":null,"source":"OpenStreetMap/node/12556899796","sourceUpdatedAt":null,"verifiedAt":null}},{"type":"Feature","geometry":{"type":"Point","coordinates":[8.7293429,50.1140409]},"properties":{"id":"bikerack:9575727d-a688-44fa-80b7-b6ccb6a6c289","kind":"bikerack","longitude":8.7293429,"latitude":50.1140409,"name":"Fahrradabstellplatz","city":"Offenbach","address":null,"covered":false,"access":null,"website":null,"phone":null,"source":"OpenStreetMap/node/10936804679","sourceUpdatedAt":null,"verifiedAt":null}},{"type":"Feature","geometry":{"type":"Point","coordinates":[8.7029998,50.1144984]},"properties":{"id":"bikerack:96b6847f-b12a-408d-a916-8266af0511ba","kind":"bikerack","longitude":8.7029998,"latitude":50.1144984,"name":"Fahrradabstellplatz","city":"Frankfurt am Main","address":null,"covered":false,"access":null,"website":null,"phone":null,"source":"OpenStreetMap/node/6391301216","sourceUpdatedAt":null,"verifiedAt":null}},{"type":"Feature","geometry":{"type":"Point","coordinates":[8.701348,50.1056105]},"properties":{"id":"bikerack:96e68117-c736-4a79-9c28-718009721787","kind":"bikerack","longitude":8.701348,"latitude":50.1056105,"name":"Fahrradabstellplatz","city":"Frankfurt am Main","address":null,"covered":false,"access":null,"website":null,"phone":null,"source":"OpenStreetMap/node/7868316304","sourceUpdatedAt":null,"verifiedAt":null}},{"type":"Feature","geometry":{"type":"Point","coordinates":[8.7025657,50.1191395]},"properties":{"id":"bikerack:97af93cc-be88-4b6c-b519-b4a848f4b05e","kind":"bikerack","longitude":8.7025657,"latitude":50.1191395,"name":"Fahrradabstellplatz","city":"Frankfurt am Main","address":null,"covered":false,"access":null,"website":null,"phone":null,"source":"OpenStreetMap/node/12568785698","sourceUpdatedAt":null,"verifiedAt":null}},{"type":"Feature","geometry":{"type":"Point","coordinates":[8.7025039,50.1128298]},"properties":{"id":"bikerack:996bbd5b-a072-41f2-a193-98654dc31525","kind":"bikerack","longitude":8.7025039,"latitude":50.1128298,"name":"Fahrradabstellplatz","city":"Frankfurt am Main","address":null,"covered":false,"access":null,"website":null,"phone":null,"source":"OpenStreetMap/node/8914289456","sourceUpdatedAt":null,"verifiedAt":null}},{"type":"Feature","geometry":{"type":"Point","coordinates":[8.709325,50.1104727]},"properties":{"id":"bikerack:9975b081-0af6-4697-be2b-976522881755","kind":"bikerack","longitude":8.709325,"latitude":50.1104727,"name":"Fahrradabstellplatz","city":"Frankfurt am Main","address":null,"covered":false,"access":null,"website":null,"phone":null,"source":"OpenStreetMap/node/13026845709","sourceUpdatedAt":null,"verifiedAt":null}},{"type":"Feature","geometry":{"type":"Point","coordinates":[8.7376968,50.1090441]},"properties":{"id":"bikerack:9a316c9a-fc26-4729-89af-97f825f5c757","kind":"bikerack","longitude":8.7376968,"latitude":50.1090441,"name":"Fahrradabstellplatz","city":"Offenbach","address":null,"covered":false,"access":null,"website":null,"phone":null,"source":"OpenStreetMap/node/9720940479","sourceUpdatedAt":null,"verifiedAt":null}},{"type":"Feature","geometry":{"type":"Point","coordinates":[8.7092983,50.1192449]},"properties":{"id":"bikerack:9a44dd41-4ec4-4730-a3a0-efaeda38d8ec","kind":"bikerack","longitude":8.7092983,"latitude":50.1192449,"name":"Fahrradabstellplatz","city":"Frankfurt am Main","address":null,"covered":true,"access":null,"website":null,"phone":null,"source":"OpenStreetMap/node/11966095411","sourceUpdatedAt":null,"verifiedAt":null}},{"type":"Feature","geometry":{"type":"Point","coordinates":[8.7124789,50.11549]},"properties":{"id":"bikerack:9bf12a2b-52fc-443b-976f-600d8cb3702e","kind":"bikerack","longitude":8.7124789,"latitude":50.11549,"name":"Fahrradabstellplatz","city":"Frankfurt am Main","address":null,"covered":false,"access":null,"website":null,"phone":null,"source":"OpenStreetMap/node/11835189445","sourceUpdatedAt":null,"verifiedAt":null}},{"type":"Feature","geometry":{"type":"Point","coordinates":[8.7114612,50.1184574]},"properties":{"id":"bikerack:9c62bef0-7ae7-4d04-82d2-e5906bc5122c","kind":"bikerack","longitude":8.7114612,"latitude":50.1184574,"name":"Fahrradabstellplatz","city":"Frankfurt am Main","address":null,"covered":false,"access":null,"website":null,"phone":null,"source":"OpenStreetMap/node/7716150120","sourceUpdatedAt":null,"verifiedAt":null}},{"type":"Feature","geometry":{"type":"Point","coordinates":[8.7132201,50.1119438]},"properties":{"id":"bikerack:9c6e0f98-54d0-4dd9-b932-6b6dae4439aa","kind":"bikerack","longitude":8.7132201,"latitude":50.1119438,"name":"Fahrradabstellplatz","city":"Frankfurt am Main","address":null,"covered":false,"access":null,"website":null,"phone":null,"source":"OpenStreetMap/node/10712209960","sourceUpdatedAt":null,"verifiedAt":null}},{"type":"Feature","geometry":{"type":"Point","coordinates":[8.7158889,50.1055775]},"properties":{"id":"bikerack:9cdec19d-0dfd-4e15-b00d-093efc1a1a4f","kind":"bikerack","longitude":8.7158889,"latitude":50.1055775,"name":"Fahrradabstellplatz","city":"Frankfurt am Main","address":null,"covered":false,"access":null,"website":null,"phone":null,"source":"OpenStreetMap/node/9866382448","sourceUpdatedAt":null,"verifiedAt":null}},{"type":"Feature","geometry":{"type":"Point","coordinates":[8.7119141,50.119046]},"properties":{"id":"bikerack:9d148421-838b-497e-bd1f-c58198038927","kind":"bikerack","longitude":8.7119141,"latitude":50.119046,"name":"Fahrradabstellplatz","city":"Frankfurt am Main","address":null,"covered":false,"access":null,"website":null,"phone":null,"source":"OpenStreetMap/way/848488750","sourceUpdatedAt":null,"verifiedAt":null}},{"type":"Feature","geometry":{"type":"Point","coordinates":[8.7030968,50.1200034]},"properties":{"id":"bikerack:9f967089-b383-44b4-adee-4321cd123ccf","kind":"bikerack","longitude":8.7030968,"latitude":50.1200034,"name":"Fahrradabstellplatz","city":"Frankfurt am Main","address":null,"covered":false,"access":null,"website":null,"phone":null,"source":"OpenStreetMap/node/11298057604","sourceUpdatedAt":null,"verifiedAt":null}},{"type":"Feature","geometry":{"type":"Point","coordinates":[8.7176394,50.1057124]},"properties":{"id":"bikerack:a050f42a-63b9-45c9-a155-a3f003e99efc","kind":"bikerack","longitude":8.7176394,"latitude":50.1057124,"name":"Fahrradabstellplatz","city":"Frankfurt am Main","address":null,"covered":false,"access":null,"website":null,"phone":null,"source":"OpenStreetMap/node/12443867488","sourceUpdatedAt":null,"verifiedAt":null}},{"type":"Feature","geometry":{"type":"Point","coordinates":[8.704083,50.1126904]},"properties":{"id":"bikerack:a0af7691-b497-47b2-8045-25bf31f8a11c","kind":"bikerack","longitude":8.704083,"latitude":50.1126904,"name":"Fahrradabstellplatz","city":"Frankfurt am Main","address":null,"covered":false,"access":null,"website":null,"phone":null,"source":"OpenStreetMap/node/6177118490","sourceUpdatedAt":null,"verifiedAt":null}},{"type":"Feature","geometry":{"type":"Point","coordinates":[8.7095731,50.1076784]},"properties":{"id":"bikerack:a0ca54c3-bbd3-4235-9765-0d60f2653a64","kind":"bikerack","longitude":8.7095731,"latitude":50.1076784,"name":"Fahrradabstellplatz","city":"Frankfurt am Main","address":null,"covered":false,"access":null,"website":null,"phone":null,"source":"OpenStreetMap/node/10936818157","sourceUpdatedAt":null,"verifiedAt":null}},{"type":"Feature","geometry":{"type":"Point","coordinates":[8.7357103,50.1067722]},"properties":{"id":"bikerack:a2b70839-0a2b-4936-8324-7b28b9248069","kind":"bikerack","longitude":8.7357103,"latitude":50.1067722,"name":"Fahrradabstellplatz","city":"Offenbach","address":null,"covered":false,"access":null,"website":null,"phone":null,"source":"OpenStreetMap/node/8777109803","sourceUpdatedAt":null,"verifiedAt":null}},{"type":"Feature","geometry":{"type":"Point","coordinates":[8.7075817,50.1166309]},"properties":{"id":"bikerack:a2d26f27-4eb5-4c27-a671-4da1d08c523b","kind":"bikerack","longitude":8.7075817,"latitude":50.1166309,"name":"Fahrradabstellplatz","city":"Frankfurt am Main","address":null,"covered":false,"access":null,"website":null,"phone":null,"source":"OpenStreetMap/node/6453075298","sourceUpdatedAt":null,"verifiedAt":null}},{"type":"Feature","geometry":{"type":"Point","coordinates":[8.708493,50.1153876]},"properties":{"id":"bikerack:a32a97f3-6c00-4822-83c7-3b9e138dacb1","kind":"bikerack","longitude":8.708493,"latitude":50.1153876,"name":"Fahrradabstellplatz","city":"Frankfurt am Main","address":null,"covered":false,"access":null,"website":null,"phone":null,"source":"OpenStreetMap/node/6453072531","sourceUpdatedAt":null,"verifiedAt":null}},{"type":"Feature","geometry":{"type":"Point","coordinates":[8.7030175,50.0965398]},"properties":{"id":"bikerack:a35aaa9a-4167-400e-90ea-872b54983468","kind":"bikerack","longitude":8.7030175,"latitude":50.0965398,"name":"Fahrradabstellplatz","city":"Frankfurt am Main","address":null,"covered":false,"access":null,"website":null,"phone":null,"source":"OpenStreetMap/node/13477003456","sourceUpdatedAt":null,"verifiedAt":null}},{"type":"Feature","geometry":{"type":"Point","coordinates":[8.7254433,50.1155499]},"properties":{"id":"bikerack:a3d53e12-7498-4bd0-86c4-800d54503f97","kind":"bikerack","longitude":8.7254433,"latitude":50.1155499,"name":"Fahrradabstellplatz","city":"Frankfurt am Main","address":null,"covered":true,"access":null,"website":null,"phone":null,"source":"OpenStreetMap/node/12731495278","sourceUpdatedAt":null,"verifiedAt":null}},{"type":"Feature","geometry":{"type":"Point","coordinates":[8.7215505,50.115339]},"properties":{"id":"bikerack:a43048af-8072-4e0c-8645-63899c96ac20","kind":"bikerack","longitude":8.7215505,"latitude":50.115339,"name":"Fahrradabstellplatz","city":"Frankfurt am Main","address":null,"covered":false,"access":null,"website":null,"phone":null,"source":"OpenStreetMap/node/12116935422","sourceUpdatedAt":null,"verifiedAt":null}},{"type":"Feature","geometry":{"type":"Point","coordinates":[8.709713,50.1178985]},"properties":{"id":"bikerack:a4cd2cc4-d33b-4681-a5c9-a3c92e98ad6b","kind":"bikerack","longitude":8.709713,"latitude":50.1178985,"name":"Fahrradabstellplatz","city":"Frankfurt am Main","address":null,"covered":false,"access":null,"website":null,"phone":null,"source":"OpenStreetMap/node/8998323911","sourceUpdatedAt":null,"verifiedAt":null}},{"type":"Feature","geometry":{"type":"Point","coordinates":[8.7086635,50.1074391]},"properties":{"id":"bikerack:a4f9580a-142e-4c99-acf3-a928677b8aff","kind":"bikerack","longitude":8.7086635,"latitude":50.1074391,"name":"Fahrradabstellplatz","city":"Frankfurt am Main","address":null,"covered":false,"access":null,"website":null,"phone":null,"source":"OpenStreetMap/node/10936818163","sourceUpdatedAt":null,"verifiedAt":null}},{"type":"Feature","geometry":{"type":"Point","coordinates":[8.7013706,50.1182925]},"properties":{"id":"bikerack:aa9f28a1-87ab-494e-ad6a-44101acd8a43","kind":"bikerack","longitude":8.7013706,"latitude":50.1182925,"name":"Fahrradabstellplatz","city":"Frankfurt am Main","address":null,"covered":false,"access":null,"website":null,"phone":null,"source":"OpenStreetMap/node/7215119755","sourceUpdatedAt":null,"verifiedAt":null}},{"type":"Feature","geometry":{"type":"Point","coordinates":[8.7103063,50.1203096]},"properties":{"id":"bikerack:ab9a1d66-73b6-43c3-aa7d-a524f429da61","kind":"bikerack","longitude":8.7103063,"latitude":50.1203096,"name":"Fahrradabstellplatz","city":"Frankfurt am Main","address":null,"covered":false,"access":null,"website":null,"phone":null,"source":"OpenStreetMap/node/12531969662","sourceUpdatedAt":null,"verifiedAt":null}},{"type":"Feature","geometry":{"type":"Point","coordinates":[8.7215876,50.1152946]},"properties":{"id":"bikerack:aba310ba-6788-4adb-a11c-2b59dc320448","kind":"bikerack","longitude":8.7215876,"latitude":50.1152946,"name":"Fahrradabstellplatz","city":"Frankfurt am Main","address":null,"covered":false,"access":null,"website":null,"phone":null,"source":"OpenStreetMap/node/10712209958","sourceUpdatedAt":null,"verifiedAt":null}},{"type":"Feature","geometry":{"type":"Point","coordinates":[8.7095337,50.1146831]},"properties":{"id":"bikerack:abdd8e48-e5fd-4fd5-abb9-57d77f0c9be1","kind":"bikerack","longitude":8.7095337,"latitude":50.1146831,"name":"Fahrradabstellplatz","city":"Frankfurt am Main","address":null,"covered":false,"access":null,"website":null,"phone":null,"source":"OpenStreetMap/node/7579574151","sourceUpdatedAt":null,"verifiedAt":null}},{"type":"Feature","geometry":{"type":"Point","coordinates":[8.7117714,50.1169166]},"properties":{"id":"bikerack:abfcfdcb-bd1a-4751-b702-9c19f0fcd3c8","kind":"bikerack","longitude":8.7117714,"latitude":50.1169166,"name":"Fahrradabstellplatz","city":"Frankfurt am Main","address":null,"covered":false,"access":null,"website":null,"phone":null,"source":"OpenStreetMap/node/7191733868","sourceUpdatedAt":null,"verifiedAt":null}},{"type":"Feature","geometry":{"type":"Point","coordinates":[8.7058644,50.1137954]},"properties":{"id":"bikerack:ad4e020a-a022-4eca-833d-6465e267efaa","kind":"bikerack","longitude":8.7058644,"latitude":50.1137954,"name":"Fahrradabstellplatz","city":"Frankfurt am Main","address":null,"covered":false,"access":null,"website":null,"phone":null,"source":"OpenStreetMap/node/12731490423","sourceUpdatedAt":null,"verifiedAt":null}},{"type":"Feature","geometry":{"type":"Point","coordinates":[8.7128497,50.1205478]},"properties":{"id":"bikerack:ade226c0-8519-4bc7-8bb2-d224ba2a734d","kind":"bikerack","longitude":8.7128497,"latitude":50.1205478,"name":"Fahrradabstellplatz","city":"Frankfurt am Main","address":null,"covered":false,"access":null,"website":null,"phone":null,"source":"OpenStreetMap/node/8271105382","sourceUpdatedAt":null,"verifiedAt":null}},{"type":"Feature","geometry":{"type":"Point","coordinates":[8.7126842,50.1184549]},"properties":{"id":"bikerack:af2f1d27-4146-4bfb-a62c-063e8d1ba572","kind":"bikerack","longitude":8.7126842,"latitude":50.1184549,"name":"Fahrradabstellplatz","city":"Frankfurt am Main","address":null,"covered":false,"access":null,"website":null,"phone":null,"source":"OpenStreetMap/node/7804695287","sourceUpdatedAt":null,"verifiedAt":null}},{"type":"Feature","geometry":{"type":"Point","coordinates":[8.7149294,50.1123498]},"properties":{"id":"bikerack:af4fd5ed-ccc7-4bf1-b995-b90c5171bc95","kind":"bikerack","longitude":8.7149294,"latitude":50.1123498,"name":"Fahrradabstellplatz","city":"Frankfurt am Main","address":null,"covered":false,"access":null,"website":null,"phone":null,"source":"OpenStreetMap/node/9520135855","sourceUpdatedAt":null,"verifiedAt":null}},{"type":"Feature","geometry":{"type":"Point","coordinates":[8.7055734,50.1125004]},"properties":{"id":"bikerack:af95d683-142f-426d-8cc1-6a7759e3d5c4","kind":"bikerack","longitude":8.7055734,"latitude":50.1125004,"name":"Fahrradabstellplatz","city":"Frankfurt am Main","address":null,"covered":false,"access":null,"website":null,"phone":null,"source":"OpenStreetMap/node/7141636706","sourceUpdatedAt":null,"verifiedAt":null}},{"type":"Feature","geometry":{"type":"Point","coordinates":[8.7110655,50.1176016]},"properties":{"id":"bikerack:b0e6f81c-f991-4e15-b05a-bc90e1dcf211","kind":"bikerack","longitude":8.7110655,"latitude":50.1176016,"name":"Fahrradabstellplatz","city":"Frankfurt am Main","address":null,"covered":false,"access":null,"website":null,"phone":null,"source":"OpenStreetMap/node/13190952528","sourceUpdatedAt":null,"verifiedAt":null}},{"type":"Feature","geometry":{"type":"Point","coordinates":[8.7049448,50.1148111]},"properties":{"id":"bikerack:b1211e8f-2e4f-4d5a-8c5c-321bfdc34207","kind":"bikerack","longitude":8.7049448,"latitude":50.1148111,"name":"Fahrradabstellplatz","city":"Frankfurt am Main","address":null,"covered":false,"access":null,"website":null,"phone":null,"source":"OpenStreetMap/node/13625225107","sourceUpdatedAt":null,"verifiedAt":null}},{"type":"Feature","geometry":{"type":"Point","coordinates":[8.7296735,50.1067922]},"properties":{"id":"bikerack:b146c02c-16dc-493c-8303-d8efba5f4866","kind":"bikerack","longitude":8.7296735,"latitude":50.1067922,"name":"Fahrradabstellplatz","city":"Offenbach","address":null,"covered":false,"access":null,"website":null,"phone":null,"source":"OpenStreetMap/node/10771357692","sourceUpdatedAt":null,"verifiedAt":null}},{"type":"Feature","geometry":{"type":"Point","coordinates":[8.7240306,50.1154309]},"properties":{"id":"bikerack:b22b6a06-6429-4b4d-87d2-77f27563bf1d","kind":"bikerack","longitude":8.7240306,"latitude":50.1154309,"name":"Fahrradabstellplatz","city":"Frankfurt am Main","address":null,"covered":false,"access":null,"website":null,"phone":null,"source":"OpenStreetMap/node/9520098866","sourceUpdatedAt":null,"verifiedAt":null}},{"type":"Feature","geometry":{"type":"Point","coordinates":[8.7083894,50.1187443]},"properties":{"id":"bikerack:b2ec9f4b-743c-4875-a865-a6ee730ea5a2","kind":"bikerack","longitude":8.7083894,"latitude":50.1187443,"name":"Fahrradabstellplatz","city":"Frankfurt am Main","address":null,"covered":false,"access":null,"website":null,"phone":null,"source":"OpenStreetMap/node/12531954939","sourceUpdatedAt":null,"verifiedAt":null}},{"type":"Feature","geometry":{"type":"Point","coordinates":[8.7068568,50.1171144]},"properties":{"id":"bikerack:b301e77e-5508-44e2-a489-9ce2adada679","kind":"bikerack","longitude":8.7068568,"latitude":50.1171144,"name":"Fahrradabstellplatz","city":"Frankfurt am Main","address":null,"covered":false,"access":null,"website":null,"phone":null,"source":"OpenStreetMap/node/6391301192","sourceUpdatedAt":null,"verifiedAt":null}},{"type":"Feature","geometry":{"type":"Point","coordinates":[8.7046349,50.1193196]},"properties":{"id":"bikerack:b387b1d5-a14a-47e8-b7c6-529c8b41b186","kind":"bikerack","longitude":8.7046349,"latitude":50.1193196,"name":"Fahrradabstellplatz","city":"Frankfurt am Main","address":null,"covered":false,"access":null,"website":null,"phone":null,"source":"OpenStreetMap/node/12612521363","sourceUpdatedAt":null,"verifiedAt":null}},{"type":"Feature","geometry":{"type":"Point","coordinates":[8.706594,50.1172107]},"properties":{"id":"bikerack:b479dcb7-b5dd-4b7d-b66a-b5295cbdf658","kind":"bikerack","longitude":8.706594,"latitude":50.1172107,"name":"Fahrradabstellplatz","city":"Frankfurt am Main","address":null,"covered":false,"access":null,"website":null,"phone":null,"source":"OpenStreetMap/node/6391301193","sourceUpdatedAt":null,"verifiedAt":null}},{"type":"Feature","geometry":{"type":"Point","coordinates":[8.7119986,50.1167582]},"properties":{"id":"bikerack:b4cf211a-4327-48dd-a4da-8735ebee4952","kind":"bikerack","longitude":8.7119986,"latitude":50.1167582,"name":"Fahrradabstellplatz","city":"Frankfurt am Main","address":null,"covered":false,"access":null,"website":null,"phone":null,"source":"OpenStreetMap/node/7786952665","sourceUpdatedAt":null,"verifiedAt":null}},{"type":"Feature","geometry":{"type":"Point","coordinates":[8.7200025,50.1142631]},"properties":{"id":"bikerack:b5c0bc22-de12-463f-a7e5-3206dd67815e","kind":"bikerack","longitude":8.7200025,"latitude":50.1142631,"name":"Fahrradabstellplatz","city":"Frankfurt am Main","address":null,"covered":false,"access":null,"website":null,"phone":null,"source":"OpenStreetMap/node/7743168901","sourceUpdatedAt":null,"verifiedAt":null}},{"type":"Feature","geometry":{"type":"Point","coordinates":[8.7078453,50.1152117]},"properties":{"id":"bikerack:b67ecca3-74ed-4914-be4b-7bdb0af28ae0","kind":"bikerack","longitude":8.7078453,"latitude":50.1152117,"name":"Fahrradabstellplatz","city":"Frankfurt am Main","address":null,"covered":false,"access":null,"website":null,"phone":null,"source":"OpenStreetMap/node/6453072533","sourceUpdatedAt":null,"verifiedAt":null}},{"type":"Feature","geometry":{"type":"Point","coordinates":[8.711239,50.1167878]},"properties":{"id":"bikerack:b6a64623-2d9c-47c7-a59b-1b390b6e3160","kind":"bikerack","longitude":8.711239,"latitude":50.1167878,"name":"Fahrradabstellplatz","city":"Frankfurt am Main","address":null,"covered":false,"access":null,"website":null,"phone":null,"source":"OpenStreetMap/node/9286224179","sourceUpdatedAt":null,"verifiedAt":null}},{"type":"Feature","geometry":{"type":"Point","coordinates":[8.7174595,50.1123659]},"properties":{"id":"bikerack:b820b9bf-91f2-4d1e-a8f8-3cb61b290c5e","kind":"bikerack","longitude":8.7174595,"latitude":50.1123659,"name":"Fahrradabstellplatz","city":"Frankfurt am Main","address":null,"covered":false,"access":null,"website":null,"phone":null,"source":"OpenStreetMap/node/13026794152","sourceUpdatedAt":null,"verifiedAt":null}},{"type":"Feature","geometry":{"type":"Point","coordinates":[8.7158351,50.114]},"properties":{"id":"bikerack:ba7d2588-0f7d-434a-91a1-cacae7d0b4f6","kind":"bikerack","longitude":8.7158351,"latitude":50.114,"name":"Fahrradabstellplatz","city":"Frankfurt am Main","address":null,"covered":false,"access":null,"website":null,"phone":null,"source":"OpenStreetMap/node/12368028901","sourceUpdatedAt":null,"verifiedAt":null}},{"type":"Feature","geometry":{"type":"Point","coordinates":[8.7139203,50.1163133]},"properties":{"id":"bikerack:bb5c695b-7fbb-4608-9ecd-6870521cdb97","kind":"bikerack","longitude":8.7139203,"latitude":50.1163133,"name":"Fahrradabstellplatz","city":"Frankfurt am Main","address":null,"covered":false,"access":null,"website":null,"phone":null,"source":"OpenStreetMap/node/11835189993","sourceUpdatedAt":null,"verifiedAt":null}},{"type":"Feature","geometry":{"type":"Point","coordinates":[8.7060764,50.1151143]},"properties":{"id":"bikerack:bba574ae-7e25-4818-99bb-abc7612ddd0b","kind":"bikerack","longitude":8.7060764,"latitude":50.1151143,"name":"Fahrradabstellplatz","city":"Frankfurt am Main","address":null,"covered":false,"access":null,"website":null,"phone":null,"source":"OpenStreetMap/node/7215119738","sourceUpdatedAt":null,"verifiedAt":null}},{"type":"Feature","geometry":{"type":"Point","coordinates":[8.7145317,50.1196566]},"properties":{"id":"bikerack:bc3f8b66-3db9-4ec8-b98c-9bb5522e0a99","kind":"bikerack","longitude":8.7145317,"latitude":50.1196566,"name":"Fahrradabstellplatz","city":"Frankfurt am Main","address":null,"covered":false,"access":null,"website":null,"phone":null,"source":"OpenStreetMap/node/8648141835","sourceUpdatedAt":null,"verifiedAt":null}},{"type":"Feature","geometry":{"type":"Point","coordinates":[8.7062785,50.115153]},"properties":{"id":"bikerack:bcc30c2c-8907-4df8-90a5-b9ab269bb53b","kind":"bikerack","longitude":8.7062785,"latitude":50.115153,"name":"Fahrradabstellplatz","city":"Frankfurt am Main","address":null,"covered":false,"access":null,"website":null,"phone":null,"source":"OpenStreetMap/node/7215119747","sourceUpdatedAt":null,"verifiedAt":null}},{"type":"Feature","geometry":{"type":"Point","coordinates":[8.704207,50.1173385]},"properties":{"id":"bikerack:bcd5f997-302f-4392-a3bf-d4909ce900ae","kind":"bikerack","longitude":8.704207,"latitude":50.1173385,"name":"Fahrradabstellplatz","city":"Frankfurt am Main","address":null,"covered":false,"access":null,"website":null,"phone":null,"source":"OpenStreetMap/node/12246600066","sourceUpdatedAt":null,"verifiedAt":null}},{"type":"Feature","geometry":{"type":"Point","coordinates":[8.7145437,50.1181157]},"properties":{"id":"bikerack:bd366844-14b1-4590-b8df-b7d736d7c726","kind":"bikerack","longitude":8.7145437,"latitude":50.1181157,"name":"Fahrradabstellplatz","city":"Frankfurt am Main","address":null,"covered":false,"access":null,"website":null,"phone":null,"source":"OpenStreetMap/node/9152882001","sourceUpdatedAt":null,"verifiedAt":null}},{"type":"Feature","geometry":{"type":"Point","coordinates":[8.7159862,50.1138921]},"properties":{"id":"bikerack:be340bbe-1c9b-4f23-ac23-b0b79b10f04e","kind":"bikerack","longitude":8.7159862,"latitude":50.1138921,"name":"Fahrradabstellplatz","city":"Frankfurt am Main","address":null,"covered":false,"access":null,"website":null,"phone":null,"source":"OpenStreetMap/node/12367966784","sourceUpdatedAt":null,"verifiedAt":null}},{"type":"Feature","geometry":{"type":"Point","coordinates":[8.7166992,50.1129539]},"properties":{"id":"bikerack:be4e2a9c-bbb4-4478-baae-8b20e2c2273a","kind":"bikerack","longitude":8.7166992,"latitude":50.1129539,"name":"Fahrradabstellplatz","city":"Frankfurt am Main","address":null,"covered":false,"access":null,"website":null,"phone":null,"source":"OpenStreetMap/node/11983220291","sourceUpdatedAt":null,"verifiedAt":null}},{"type":"Feature","geometry":{"type":"Point","coordinates":[8.7049167,50.1197001]},"properties":{"id":"bikerack:be8d4913-b259-4d54-993e-f6c0142e52e5","kind":"bikerack","longitude":8.7049167,"latitude":50.1197001,"name":"Fahrradabstellplatz","city":"Frankfurt am Main","address":null,"covered":false,"access":null,"website":null,"phone":null,"source":"OpenStreetMap/node/12612561704","sourceUpdatedAt":null,"verifiedAt":null}},{"type":"Feature","geometry":{"type":"Point","coordinates":[8.7337418,50.1082154]},"properties":{"id":"bikerack:befeb5a5-f99e-4eb6-b0c5-51ea596ab9e0","kind":"bikerack","longitude":8.7337418,"latitude":50.1082154,"name":"Fahrradabstellplatz","city":"Offenbach","address":null,"covered":false,"access":null,"website":null,"phone":null,"source":"OpenStreetMap/node/7459596341","sourceUpdatedAt":null,"verifiedAt":null}},{"type":"Feature","geometry":{"type":"Point","coordinates":[8.7338532,50.1079888]},"properties":{"id":"bikerack:bf801361-50c9-4ec5-9962-2aabfc32adeb","kind":"bikerack","longitude":8.7338532,"latitude":50.1079888,"name":"Fahrradabstellplatz","city":"Offenbach","address":null,"covered":false,"access":null,"website":null,"phone":null,"source":"OpenStreetMap/node/11681951292","sourceUpdatedAt":null,"verifiedAt":null}},{"type":"Feature","geometry":{"type":"Point","coordinates":[8.7063495,50.113791]},"properties":{"id":"bikerack:c38ef6b6-2c46-4339-9cc0-19fcf29917e5","kind":"bikerack","longitude":8.7063495,"latitude":50.113791,"name":"Fahrradabstellplatz","city":"Frankfurt am Main","address":null,"covered":false,"access":null,"website":null,"phone":null,"source":"OpenStreetMap/node/12731502412","sourceUpdatedAt":null,"verifiedAt":null}},{"type":"Feature","geometry":{"type":"Point","coordinates":[8.7074373,50.1184607]},"properties":{"id":"bikerack:c4300a9d-11a1-40f8-b3dc-646edaa6e8ee","kind":"bikerack","longitude":8.7074373,"latitude":50.1184607,"name":"Fahrradabstellplatz","city":"Frankfurt am Main","address":null,"covered":false,"access":null,"website":null,"phone":null,"source":"OpenStreetMap/node/6055276744","sourceUpdatedAt":null,"verifiedAt":null}},{"type":"Feature","geometry":{"type":"Point","coordinates":[8.7176412,50.1132842]},"properties":{"id":"bikerack:c45a4b44-bfc4-4d9e-8d12-787ea3842f49","kind":"bikerack","longitude":8.7176412,"latitude":50.1132842,"name":"Fahrradabstellplatz","city":"Frankfurt am Main","address":null,"covered":false,"access":null,"website":null,"phone":null,"source":"OpenStreetMap/node/11983098829","sourceUpdatedAt":null,"verifiedAt":null}},{"type":"Feature","geometry":{"type":"Point","coordinates":[8.7256676,50.1161732]},"properties":{"id":"bikerack:c51f8923-9376-4c47-8e3b-5453f573a24b","kind":"bikerack","longitude":8.7256676,"latitude":50.1161732,"name":"Fahrradabstellplatz","city":"Frankfurt am Main","address":null,"covered":false,"access":null,"website":null,"phone":null,"source":"OpenStreetMap/node/10712209956","sourceUpdatedAt":null,"verifiedAt":null}},{"type":"Feature","geometry":{"type":"Point","coordinates":[8.7104992,50.1200676]},"properties":{"id":"bikerack:c566334d-7d86-4de6-86cc-46853534ed7b","kind":"bikerack","longitude":8.7104992,"latitude":50.1200676,"name":"Fahrradabstellplatz","city":"Frankfurt am Main","address":null,"covered":false,"access":null,"website":null,"phone":null,"source":"OpenStreetMap/node/8610937483","sourceUpdatedAt":null,"verifiedAt":null}},{"type":"Feature","geometry":{"type":"Point","coordinates":[8.7125101,50.111525]},"properties":{"id":"bikerack:c5770543-5fbc-447a-95c4-943b381506e4","kind":"bikerack","longitude":8.7125101,"latitude":50.111525,"name":"Fahrradabstellplatz","city":"Frankfurt am Main","address":null,"covered":false,"access":null,"website":null,"phone":null,"source":"OpenStreetMap/node/9520244917","sourceUpdatedAt":null,"verifiedAt":null}},{"type":"Feature","geometry":{"type":"Point","coordinates":[8.711336,50.1129348]},"properties":{"id":"bikerack:c5776c22-a011-4371-b823-ecd79e5e3212","kind":"bikerack","longitude":8.711336,"latitude":50.1129348,"name":"Fahrradabstellplatz","city":"Frankfurt am Main","address":null,"covered":false,"access":null,"website":null,"phone":null,"source":"OpenStreetMap/node/11835193084","sourceUpdatedAt":null,"verifiedAt":null}},{"type":"Feature","geometry":{"type":"Point","coordinates":[8.7146317,50.1122436]},"properties":{"id":"bikerack:c6430424-059f-464e-941f-963cfd759101","kind":"bikerack","longitude":8.7146317,"latitude":50.1122436,"name":"Fahrradabstellplatz","city":"Frankfurt am Main","address":null,"covered":false,"access":null,"website":null,"phone":null,"source":"OpenStreetMap/node/11983402883","sourceUpdatedAt":null,"verifiedAt":null}},{"type":"Feature","geometry":{"type":"Point","coordinates":[8.7111397,50.1175904]},"properties":{"id":"bikerack:c65ab08f-f365-4f87-b202-88a93b44cce9","kind":"bikerack","longitude":8.7111397,"latitude":50.1175904,"name":"Fahrradabstellplatz","city":"Frankfurt am Main","address":null,"covered":false,"access":null,"website":null,"phone":null,"source":"OpenStreetMap/node/13190940950","sourceUpdatedAt":null,"verifiedAt":null}},{"type":"Feature","geometry":{"type":"Point","coordinates":[8.7026426,50.1135874]},"properties":{"id":"bikerack:c664b4f4-706c-43cf-a8b4-f344ee5d1cf2","kind":"bikerack","longitude":8.7026426,"latitude":50.1135874,"name":"Fahrradabstellplatz","city":"Frankfurt am Main","address":null,"covered":false,"access":null,"website":null,"phone":null,"source":"OpenStreetMap/node/13625235157","sourceUpdatedAt":null,"verifiedAt":null}},{"type":"Feature","geometry":{"type":"Point","coordinates":[8.7177335,50.1126895]},"properties":{"id":"bikerack:c6ae0e36-dd7b-460e-85f5-75571c281f8f","kind":"bikerack","longitude":8.7177335,"latitude":50.1126895,"name":"Fahrradabstellplatz","city":"Frankfurt am Main","address":null,"covered":true,"access":null,"website":null,"phone":null,"source":"OpenStreetMap/node/13026834505","sourceUpdatedAt":null,"verifiedAt":null}},{"type":"Feature","geometry":{"type":"Point","coordinates":[8.7094689,50.1147522]},"properties":{"id":"bikerack:c6df1089-aa0f-4e0a-8879-f9d96deb060c","kind":"bikerack","longitude":8.7094689,"latitude":50.1147522,"name":"Fahrradabstellplatz","city":"Frankfurt am Main","address":null,"covered":false,"access":null,"website":null,"phone":null,"source":"OpenStreetMap/node/12531943855","sourceUpdatedAt":null,"verifiedAt":null}},{"type":"Feature","geometry":{"type":"Point","coordinates":[8.7196978,50.1138645]},"properties":{"id":"bikerack:c7326eee-276e-468e-9646-2cc3da00fd67","kind":"bikerack","longitude":8.7196978,"latitude":50.1138645,"name":"Fahrradabstellplatz","city":"Frankfurt am Main","address":null,"covered":false,"access":null,"website":null,"phone":null,"source":"OpenStreetMap/node/10936838983","sourceUpdatedAt":null,"verifiedAt":null}},{"type":"Feature","geometry":{"type":"Point","coordinates":[8.7363042,50.1070722]},"properties":{"id":"bikerack:c792d746-7700-40ec-8568-b4e2c6b1c76d","kind":"bikerack","longitude":8.7363042,"latitude":50.1070722,"name":"Fahrradabstellplatz","city":"Offenbach","address":null,"covered":false,"access":null,"website":null,"phone":null,"source":"OpenStreetMap/node/10308980256","sourceUpdatedAt":null,"verifiedAt":null}},{"type":"Feature","geometry":{"type":"Point","coordinates":[8.7062881,50.1137929]},"properties":{"id":"bikerack:c7fcea42-ec3f-4245-90fb-2afc2d0c5de2","kind":"bikerack","longitude":8.7062881,"latitude":50.1137929,"name":"Fahrradabstellplatz","city":"Frankfurt am Main","address":null,"covered":false,"access":null,"website":null,"phone":null,"source":"OpenStreetMap/node/12731500880","sourceUpdatedAt":null,"verifiedAt":null}},{"type":"Feature","geometry":{"type":"Point","coordinates":[8.7187361,50.1189861]},"properties":{"id":"bikerack:c9fec8e5-12eb-41ca-ad2e-ee6d9c72c824","kind":"bikerack","longitude":8.7187361,"latitude":50.1189861,"name":"Fahrradabstellplatz","city":"Frankfurt am Main","address":null,"covered":false,"access":null,"website":null,"phone":null,"source":"OpenStreetMap/node/7245378961","sourceUpdatedAt":null,"verifiedAt":null}},{"type":"Feature","geometry":{"type":"Point","coordinates":[8.7088466,50.1192012]},"properties":{"id":"bikerack:c9ff2284-04e0-436d-8365-dec15055fd3f","kind":"bikerack","longitude":8.7088466,"latitude":50.1192012,"name":"Fahrradabstellplatz","city":"Frankfurt am Main","address":null,"covered":false,"access":null,"website":null,"phone":null,"source":"OpenStreetMap/node/7920989716","sourceUpdatedAt":null,"verifiedAt":null}},{"type":"Feature","geometry":{"type":"Point","coordinates":[8.7111689,50.1124687]},"properties":{"id":"bikerack:ca162547-0dad-4709-a370-1b9badfeef74","kind":"bikerack","longitude":8.7111689,"latitude":50.1124687,"name":"Fahrradabstellplatz","city":"Frankfurt am Main","address":null,"covered":false,"access":null,"website":null,"phone":null,"source":"OpenStreetMap/node/11835162313","sourceUpdatedAt":null,"verifiedAt":null}},{"type":"Feature","geometry":{"type":"Point","coordinates":[8.7150724,50.1193978]},"properties":{"id":"bikerack:cb1b8348-c379-49fd-930b-47ff5debfba5","kind":"bikerack","longitude":8.7150724,"latitude":50.1193978,"name":"Fahrradabstellplatz","city":"Frankfurt am Main","address":null,"covered":false,"access":null,"website":null,"phone":null,"source":"OpenStreetMap/node/7569280734","sourceUpdatedAt":null,"verifiedAt":null}},{"type":"Feature","geometry":{"type":"Point","coordinates":[8.7073022,50.1183485]},"properties":{"id":"bikerack:cb9b6c7d-a026-4e14-8a9f-9055e31f51d5","kind":"bikerack","longitude":8.7073022,"latitude":50.1183485,"name":"Fahrradabstellplatz","city":"Frankfurt am Main","address":null,"covered":false,"access":null,"website":null,"phone":null,"source":"OpenStreetMap/node/6055276745","sourceUpdatedAt":null,"verifiedAt":null}},{"type":"Feature","geometry":{"type":"Point","coordinates":[8.7099139,50.1198192]},"properties":{"id":"bikerack:cce0d6e7-8b31-4e11-9fa1-79856dd787e8","kind":"bikerack","longitude":8.7099139,"latitude":50.1198192,"name":"Fahrradabstellplatz","city":"Frankfurt am Main","address":null,"covered":false,"access":null,"website":null,"phone":null,"source":"OpenStreetMap/node/11966098780","sourceUpdatedAt":null,"verifiedAt":null}},{"type":"Feature","geometry":{"type":"Point","coordinates":[8.7344656,50.119181]},"properties":{"id":"bikerack:cd1b4e24-2e02-480a-a892-1317cde83ef5","kind":"bikerack","longitude":8.7344656,"latitude":50.119181,"name":"Fahrradabstellplatz","city":"Offenbach","address":null,"covered":false,"access":null,"website":null,"phone":null,"source":"OpenStreetMap/node/9654105974","sourceUpdatedAt":null,"verifiedAt":null}},{"type":"Feature","geometry":{"type":"Point","coordinates":[8.7077989,50.1181848]},"properties":{"id":"bikerack:cd3677c9-0ff7-41c7-a4b5-747c905a820c","kind":"bikerack","longitude":8.7077989,"latitude":50.1181848,"name":"Fahrradabstellplatz","city":"Frankfurt am Main","address":null,"covered":false,"access":null,"website":null,"phone":null,"source":"OpenStreetMap/node/12066061214","sourceUpdatedAt":null,"verifiedAt":null}},{"type":"Feature","geometry":{"type":"Point","coordinates":[8.703418,50.1146579]},"properties":{"id":"bikerack:cd8588b9-2496-49d4-8188-aec187120770","kind":"bikerack","longitude":8.703418,"latitude":50.1146579,"name":"Fahrradabstellplatz","city":"Frankfurt am Main","address":null,"covered":false,"access":null,"website":null,"phone":null,"source":"OpenStreetMap/node/13625234521","sourceUpdatedAt":null,"verifiedAt":null}},{"type":"Feature","geometry":{"type":"Point","coordinates":[8.7099264,50.1165663]},"properties":{"id":"bikerack:ce160027-5792-47be-91f7-ed744ef64fdb","kind":"bikerack","longitude":8.7099264,"latitude":50.1165663,"name":"Fahrradabstellplatz","city":"Frankfurt am Main","address":null,"covered":true,"access":null,"website":null,"phone":null,"source":"OpenStreetMap/node/13190935223","sourceUpdatedAt":null,"verifiedAt":null}},{"type":"Feature","geometry":{"type":"Point","coordinates":[8.7088481,50.1177219]},"properties":{"id":"bikerack:cea0b763-d9bb-4b60-84e7-9724ddaecaaa","kind":"bikerack","longitude":8.7088481,"latitude":50.1177219,"name":"Fahrradabstellplatz","city":"Frankfurt am Main","address":null,"covered":false,"access":null,"website":null,"phone":null,"source":"OpenStreetMap/node/13430561967","sourceUpdatedAt":null,"verifiedAt":null}},{"type":"Feature","geometry":{"type":"Point","coordinates":[8.7076902,50.1200825]},"properties":{"id":"bikerack:cecbf1aa-2eb8-45a9-ac6a-7ca5a68a92ae","kind":"bikerack","longitude":8.7076902,"latitude":50.1200825,"name":"Fahrradabstellplatz","city":"Frankfurt am Main","address":null,"covered":false,"access":null,"website":null,"phone":null,"source":"OpenStreetMap/node/11966106054","sourceUpdatedAt":null,"verifiedAt":null}},{"type":"Feature","geometry":{"type":"Point","coordinates":[8.7062765,50.1136866]},"properties":{"id":"bikerack:cef39c7a-5777-46de-9533-fb674cc1c8ff","kind":"bikerack","longitude":8.7062765,"latitude":50.1136866,"name":"Fahrradabstellplatz","city":"Frankfurt am Main","address":null,"covered":false,"access":null,"website":null,"phone":null,"source":"OpenStreetMap/node/7215119757","sourceUpdatedAt":null,"verifiedAt":null}},{"type":"Feature","geometry":{"type":"Point","coordinates":[8.7110956,50.1162352]},"properties":{"id":"bikerack:cf341bd1-89c7-4115-8aac-1333df748440","kind":"bikerack","longitude":8.7110956,"latitude":50.1162352,"name":"Fahrradabstellplatz","city":"Frankfurt am Main","address":null,"covered":false,"access":null,"website":null,"phone":null,"source":"OpenStreetMap/node/7609599328","sourceUpdatedAt":null,"verifiedAt":null}},{"type":"Feature","geometry":{"type":"Point","coordinates":[8.7119926,50.11711]},"properties":{"id":"bikerack:cf5c1930-7863-4e61-869e-197cd714da99","kind":"bikerack","longitude":8.7119926,"latitude":50.11711,"name":"Fahrradabstellplatz","city":"Frankfurt am Main","address":null,"covered":false,"access":null,"website":null,"phone":null,"source":"OpenStreetMap/node/7154851572","sourceUpdatedAt":null,"verifiedAt":null}},{"type":"Feature","geometry":{"type":"Point","coordinates":[8.7136532,50.1195004]},"properties":{"id":"bikerack:cfa69bc9-35f5-4247-9493-275db78b7ee8","kind":"bikerack","longitude":8.7136532,"latitude":50.1195004,"name":"Fahrradabstellplatz","city":"Frankfurt am Main","address":null,"covered":false,"access":null,"website":null,"phone":null,"source":"OpenStreetMap/node/8412441918","sourceUpdatedAt":null,"verifiedAt":null}},{"type":"Feature","geometry":{"type":"Point","coordinates":[8.7119605,50.112317]},"properties":{"id":"bikerack:d1fd34de-826b-4e63-9ab1-5b966fe28cb9","kind":"bikerack","longitude":8.7119605,"latitude":50.112317,"name":"Fahrradabstellplatz","city":"Frankfurt am Main","address":null,"covered":false,"access":null,"website":null,"phone":null,"source":"OpenStreetMap/node/11375592782","sourceUpdatedAt":null,"verifiedAt":null}},{"type":"Feature","geometry":{"type":"Point","coordinates":[8.7064941,50.1122868]},"properties":{"id":"bikerack:d3483466-1593-45f2-8aa5-98514cc58534","kind":"bikerack","longitude":8.7064941,"latitude":50.1122868,"name":"Fahrradabstellplatz","city":"Frankfurt am Main","address":null,"covered":false,"access":null,"website":null,"phone":null,"source":"OpenStreetMap/node/11983098831","sourceUpdatedAt":null,"verifiedAt":null}},{"type":"Feature","geometry":{"type":"Point","coordinates":[8.7043288,50.114949]},"properties":{"id":"bikerack:d47d1cef-6577-49e2-9da0-2f4b927894ef","kind":"bikerack","longitude":8.7043288,"latitude":50.114949,"name":"Fahrradabstellplatz","city":"Frankfurt am Main","address":null,"covered":false,"access":null,"website":null,"phone":null,"source":"OpenStreetMap/node/6391301215","sourceUpdatedAt":null,"verifiedAt":null}},{"type":"Feature","geometry":{"type":"Point","coordinates":[8.7119634,50.1131221]},"properties":{"id":"bikerack:d560836c-2bcd-4936-972e-789bd141e759","kind":"bikerack","longitude":8.7119634,"latitude":50.1131221,"name":"Fahrradabstellplatz","city":"Frankfurt am Main","address":null,"covered":false,"access":null,"website":null,"phone":null,"source":"OpenStreetMap/node/12368018640","sourceUpdatedAt":null,"verifiedAt":null}},{"type":"Feature","geometry":{"type":"Point","coordinates":[8.7017975,50.1140262]},"properties":{"id":"bikerack:d5609d8b-e185-4fa9-b1f1-dec868eca574","kind":"bikerack","longitude":8.7017975,"latitude":50.1140262,"name":"Fahrradabstellplatz","city":"Frankfurt am Main","address":null,"covered":false,"access":null,"website":null,"phone":null,"source":"OpenStreetMap/node/6391301219","sourceUpdatedAt":null,"verifiedAt":null}},{"type":"Feature","geometry":{"type":"Point","coordinates":[8.725914,50.1172584]},"properties":{"id":"bikerack:d62389d5-1446-4de8-bc6b-86d2cc3d4787","kind":"bikerack","longitude":8.725914,"latitude":50.1172584,"name":"Fahrradabstellplatz","city":"Frankfurt am Main","address":null,"covered":true,"access":null,"website":null,"phone":null,"source":"OpenStreetMap/node/9176668133","sourceUpdatedAt":null,"verifiedAt":null}},{"type":"Feature","geometry":{"type":"Point","coordinates":[8.708467,50.1089354]},"properties":{"id":"bikerack:d8ddad23-1451-4fda-be30-a87249aee93f","kind":"bikerack","longitude":8.708467,"latitude":50.1089354,"name":"Fahrradabstellplatz","city":"Frankfurt am Main","address":null,"covered":false,"access":null,"website":null,"phone":null,"source":"OpenStreetMap/node/10936846428","sourceUpdatedAt":null,"verifiedAt":null}},{"type":"Feature","geometry":{"type":"Point","coordinates":[8.7138722,50.1200719]},"properties":{"id":"bikerack:d8fef3ec-ff0c-4b78-b125-bc17b079ff7c","kind":"bikerack","longitude":8.7138722,"latitude":50.1200719,"name":"Fahrradabstellplatz","city":"Frankfurt am Main","address":null,"covered":false,"access":null,"website":null,"phone":null,"source":"OpenStreetMap/node/9035037088","sourceUpdatedAt":null,"verifiedAt":null}},{"type":"Feature","geometry":{"type":"Point","coordinates":[8.7261719,50.1199051]},"properties":{"id":"bikerack:d9332332-fa1d-418d-b5ff-ebd411de03a9","kind":"bikerack","longitude":8.7261719,"latitude":50.1199051,"name":"Fahrradabstellplatz","city":"Frankfurt am Main","address":null,"covered":false,"access":null,"website":null,"phone":null,"source":"OpenStreetMap/node/7656851309","sourceUpdatedAt":null,"verifiedAt":null}},{"type":"Feature","geometry":{"type":"Point","coordinates":[8.7097566,50.1122479]},"properties":{"id":"bikerack:d9c35e9c-8330-4d20-bf69-3e7415f810c1","kind":"bikerack","longitude":8.7097566,"latitude":50.1122479,"name":"Fahrradabstellplatz","city":"Frankfurt am Main","address":null,"covered":true,"access":null,"website":null,"phone":null,"source":"OpenStreetMap/node/11835158858","sourceUpdatedAt":null,"verifiedAt":null}},{"type":"Feature","geometry":{"type":"Point","coordinates":[8.7144193,50.1174465]},"properties":{"id":"bikerack:da2257f9-13f7-4924-8417-0e2b7f3149cb","kind":"bikerack","longitude":8.7144193,"latitude":50.1174465,"name":"Fahrradabstellplatz","city":"Frankfurt am Main","address":null,"covered":false,"access":null,"website":null,"phone":null,"source":"OpenStreetMap/node/11117219435","sourceUpdatedAt":null,"verifiedAt":null}},{"type":"Feature","geometry":{"type":"Point","coordinates":[8.7172218,50.1124734]},"properties":{"id":"bikerack:da35dcd4-91f4-46f0-878b-4df9fee0eb4a","kind":"bikerack","longitude":8.7172218,"latitude":50.1124734,"name":"Fahrradabstellplatz","city":"Frankfurt am Main","address":null,"covered":false,"access":null,"website":null,"phone":null,"source":"OpenStreetMap/node/10936838981","sourceUpdatedAt":null,"verifiedAt":null}},{"type":"Feature","geometry":{"type":"Point","coordinates":[8.7092711,50.1160251]},"properties":{"id":"bikerack:da787b8a-4f89-421a-92ae-996db1c2af14","kind":"bikerack","longitude":8.7092711,"latitude":50.1160251,"name":"Fahrradabstellplatz","city":"Frankfurt am Main","address":null,"covered":false,"access":null,"website":null,"phone":null,"source":"OpenStreetMap/node/6453075289","sourceUpdatedAt":null,"verifiedAt":null}},{"type":"Feature","geometry":{"type":"Point","coordinates":[8.7105271,50.1166651]},"properties":{"id":"bikerack:db9bab89-19fb-491e-b08f-8fe51e9deeb1","kind":"bikerack","longitude":8.7105271,"latitude":50.1166651,"name":"Fahrradabstellplatz","city":"Frankfurt am Main","address":null,"covered":false,"access":null,"website":null,"phone":null,"source":"OpenStreetMap/node/13190940951","sourceUpdatedAt":null,"verifiedAt":null}},{"type":"Feature","geometry":{"type":"Point","coordinates":[8.7045936,50.1129645]},"properties":{"id":"bikerack:dcde6b24-6cd4-4175-a322-0e5491e35878","kind":"bikerack","longitude":8.7045936,"latitude":50.1129645,"name":"Fahrradabstellplatz","city":"Frankfurt am Main","address":null,"covered":false,"access":null,"website":null,"phone":null,"source":"OpenStreetMap/node/12116933977","sourceUpdatedAt":null,"verifiedAt":null}},{"type":"Feature","geometry":{"type":"Point","coordinates":[8.7065338,50.1120182]},"properties":{"id":"bikerack:dd9ea41b-f771-457a-a221-ed4d4d2ad8bd","kind":"bikerack","longitude":8.7065338,"latitude":50.1120182,"name":"Fahrradabstellplatz","city":"Frankfurt am Main","address":null,"covered":false,"access":null,"website":null,"phone":null,"source":"OpenStreetMap/way/1024953058","sourceUpdatedAt":null,"verifiedAt":null}},{"type":"Feature","geometry":{"type":"Point","coordinates":[8.716503,50.1130587]},"properties":{"id":"bikerack:de968e2b-628a-4388-93cd-8642b45415e8","kind":"bikerack","longitude":8.716503,"latitude":50.1130587,"name":"Fahrradabstellplatz","city":"Frankfurt am Main","address":null,"covered":false,"access":null,"website":null,"phone":null,"source":"OpenStreetMap/node/7858232159","sourceUpdatedAt":null,"verifiedAt":null}},{"type":"Feature","geometry":{"type":"Point","coordinates":[8.7124479,50.1196753]},"properties":{"id":"bikerack:de9bdace-a0ed-43d5-92cb-18eb6a81a721","kind":"bikerack","longitude":8.7124479,"latitude":50.1196753,"name":"Fahrradabstellplatz","city":"Frankfurt am Main","address":null,"covered":false,"access":null,"website":null,"phone":null,"source":"OpenStreetMap/node/7731083198","sourceUpdatedAt":null,"verifiedAt":null}},{"type":"Feature","geometry":{"type":"Point","coordinates":[8.7082836,50.1198286]},"properties":{"id":"bikerack:dee2d1a6-2c9c-4fe2-b838-0f81ca2d20f8","kind":"bikerack","longitude":8.7082836,"latitude":50.1198286,"name":"Fahrradabstellplatz","city":"Frankfurt am Main","address":null,"covered":false,"access":null,"website":null,"phone":null,"source":"OpenStreetMap/node/11966106053","sourceUpdatedAt":null,"verifiedAt":null}},{"type":"Feature","geometry":{"type":"Point","coordinates":[8.706386,50.1135274]},"properties":{"id":"bikerack:def280c1-03ab-4a7f-9216-da5aac54710f","kind":"bikerack","longitude":8.706386,"latitude":50.1135274,"name":"Fahrradabstellplatz","city":"Frankfurt am Main","address":null,"covered":false,"access":null,"website":null,"phone":null,"source":"OpenStreetMap/node/7215119740","sourceUpdatedAt":null,"verifiedAt":null}},{"type":"Feature","geometry":{"type":"Point","coordinates":[8.7041204,50.1118779]},"properties":{"id":"bikerack:e208cce6-4643-40cf-a7aa-40797344d525","kind":"bikerack","longitude":8.7041204,"latitude":50.1118779,"name":"Fahrradabstellplatz","city":"Frankfurt am Main","address":null,"covered":false,"access":null,"website":null,"phone":null,"source":"OpenStreetMap/node/11311163936","sourceUpdatedAt":null,"verifiedAt":null}},{"type":"Feature","geometry":{"type":"Point","coordinates":[8.7204789,50.1140131]},"properties":{"id":"bikerack:e20e2001-afff-4d1c-9ccf-6bf4b1286425","kind":"bikerack","longitude":8.7204789,"latitude":50.1140131,"name":"Fahrradabstellplatz","city":"Frankfurt am Main","address":null,"covered":false,"access":null,"website":null,"phone":null,"source":"OpenStreetMap/node/9520150882","sourceUpdatedAt":null,"verifiedAt":null}},{"type":"Feature","geometry":{"type":"Point","coordinates":[8.7067791,50.1163763]},"properties":{"id":"bikerack:e24856fb-d79a-43c0-a4f9-d079123c265b","kind":"bikerack","longitude":8.7067791,"latitude":50.1163763,"name":"Fahrradabstellplatz","city":"Frankfurt am Main","address":null,"covered":false,"access":null,"website":null,"phone":null,"source":"OpenStreetMap/node/6054978528","sourceUpdatedAt":null,"verifiedAt":null}},{"type":"Feature","geometry":{"type":"Point","coordinates":[8.7227969,50.1145703]},"properties":{"id":"bikerack:e3aed4a3-30ed-4247-89c3-a74a25fa9266","kind":"bikerack","longitude":8.7227969,"latitude":50.1145703,"name":"Fahrradabstellplatz","city":"Frankfurt am Main","address":null,"covered":false,"access":null,"website":null,"phone":null,"source":"OpenStreetMap/node/11983437105","sourceUpdatedAt":null,"verifiedAt":null}},{"type":"Feature","geometry":{"type":"Point","coordinates":[8.7107635,50.1111784]},"properties":{"id":"bikerack:e4482cb0-761f-4290-9247-1c0da0af6953","kind":"bikerack","longitude":8.7107635,"latitude":50.1111784,"name":"Fahrradabstellplatz","city":"Frankfurt am Main","address":null,"covered":false,"access":null,"website":null,"phone":null,"source":"OpenStreetMap/node/7598523893","sourceUpdatedAt":null,"verifiedAt":null}},{"type":"Feature","geometry":{"type":"Point","coordinates":[8.7039788,50.1140383]},"properties":{"id":"bikerack:e5a929c6-31f1-4777-9416-b5d6b07fd8fd","kind":"bikerack","longitude":8.7039788,"latitude":50.1140383,"name":"Fahrradabstellplatz","city":"Frankfurt am Main","address":null,"covered":false,"access":null,"website":null,"phone":null,"source":"OpenStreetMap/node/6453072615","sourceUpdatedAt":null,"verifiedAt":null}},{"type":"Feature","geometry":{"type":"Point","coordinates":[8.7083535,50.1170221]},"properties":{"id":"bikerack:e5b47c9e-b6a3-4cb9-ba84-9049ad22f554","kind":"bikerack","longitude":8.7083535,"latitude":50.1170221,"name":"Fahrradabstellplatz","city":"Frankfurt am Main","address":null,"covered":false,"access":null,"website":null,"phone":null,"source":"OpenStreetMap/node/6453075297","sourceUpdatedAt":null,"verifiedAt":null}},{"type":"Feature","geometry":{"type":"Point","coordinates":[8.7073103,50.1084766]},"properties":{"id":"bikerack:e5d7fa90-4929-48d3-9889-a422f6542998","kind":"bikerack","longitude":8.7073103,"latitude":50.1084766,"name":"Fahrradabstellplatz","city":"Frankfurt am Main","address":null,"covered":false,"access":null,"website":null,"phone":null,"source":"OpenStreetMap/node/10936846425","sourceUpdatedAt":null,"verifiedAt":null}},{"type":"Feature","geometry":{"type":"Point","coordinates":[8.7123897,50.1177258]},"properties":{"id":"bikerack:e846018d-9212-4fbb-935c-4e0e26bdfd6a","kind":"bikerack","longitude":8.7123897,"latitude":50.1177258,"name":"Fahrradabstellplatz","city":"Frankfurt am Main","address":null,"covered":false,"access":null,"website":null,"phone":null,"source":"OpenStreetMap/node/12246608989","sourceUpdatedAt":null,"verifiedAt":null}},{"type":"Feature","geometry":{"type":"Point","coordinates":[8.7084241,50.1195272]},"properties":{"id":"bikerack:e84ea0e1-b988-4e28-ae0c-640794a563ab","kind":"bikerack","longitude":8.7084241,"latitude":50.1195272,"name":"Fahrradabstellplatz","city":"Frankfurt am Main","address":null,"covered":false,"access":null,"website":null,"phone":null,"source":"OpenStreetMap/node/11966093654","sourceUpdatedAt":null,"verifiedAt":null}},{"type":"Feature","geometry":{"type":"Point","coordinates":[8.7448417,50.1058312]},"properties":{"id":"bikerack:e89a4693-b05a-495d-a9c2-3f30edb77242","kind":"bikerack","longitude":8.7448417,"latitude":50.1058312,"name":"Fahrradabstellplatz","city":"Offenbach","address":null,"covered":false,"access":null,"website":null,"phone":null,"source":"OpenStreetMap/node/13705037114","sourceUpdatedAt":null,"verifiedAt":null}},{"type":"Feature","geometry":{"type":"Point","coordinates":[8.7074107,50.1164264]},"properties":{"id":"bikerack:ea6c6673-505d-4f59-8890-888c8e1ce1c2","kind":"bikerack","longitude":8.7074107,"latitude":50.1164264,"name":"Fahrradabstellplatz","city":"Frankfurt am Main","address":null,"covered":false,"access":null,"website":null,"phone":null,"source":"OpenStreetMap/node/6391301201","sourceUpdatedAt":null,"verifiedAt":null}},{"type":"Feature","geometry":{"type":"Point","coordinates":[8.7130391,50.1197355]},"properties":{"id":"bikerack:ec2bcab0-364d-4620-9696-c8b0718c4d92","kind":"bikerack","longitude":8.7130391,"latitude":50.1197355,"name":"Fahrradabstellplatz","city":"Frankfurt am Main","address":null,"covered":false,"access":null,"website":null,"phone":null,"source":"OpenStreetMap/node/12302081738","sourceUpdatedAt":null,"verifiedAt":null}},{"type":"Feature","geometry":{"type":"Point","coordinates":[8.7167101,50.1123317]},"properties":{"id":"bikerack:ec369950-1d0d-4147-b05a-09e07aacb389","kind":"bikerack","longitude":8.7167101,"latitude":50.1123317,"name":"Fahrradabstellplatz","city":"Frankfurt am Main","address":null,"covered":false,"access":null,"website":null,"phone":null,"source":"OpenStreetMap/node/10936838979","sourceUpdatedAt":null,"verifiedAt":null}},{"type":"Feature","geometry":{"type":"Point","coordinates":[8.7043259,50.1053504]},"properties":{"id":"bikerack:ec6b997d-86f7-4c24-8356-5df7c4018170","kind":"bikerack","longitude":8.7043259,"latitude":50.1053504,"name":"Fahrradabstellplatz","city":"Frankfurt am Main","address":null,"covered":false,"access":null,"website":null,"phone":null,"source":"OpenStreetMap/node/8503025848","sourceUpdatedAt":null,"verifiedAt":null}},{"type":"Feature","geometry":{"type":"Point","coordinates":[8.7114707,50.1112541]},"properties":{"id":"bikerack:ec85f9de-462e-4a98-9d60-7703c88b8623","kind":"bikerack","longitude":8.7114707,"latitude":50.1112541,"name":"Fahrradabstellplatz","city":"Frankfurt am Main","address":null,"covered":false,"access":null,"website":null,"phone":null,"source":"OpenStreetMap/node/9520244919","sourceUpdatedAt":null,"verifiedAt":null}},{"type":"Feature","geometry":{"type":"Point","coordinates":[8.7081325,50.119708]},"properties":{"id":"bikerack:ef7eef3b-323f-440b-8d60-01f6072aa33f","kind":"bikerack","longitude":8.7081325,"latitude":50.119708,"name":"Fahrradabstellplatz","city":"Frankfurt am Main","address":null,"covered":false,"access":null,"website":null,"phone":null,"source":"OpenStreetMap/node/11966091534","sourceUpdatedAt":null,"verifiedAt":null}},{"type":"Feature","geometry":{"type":"Point","coordinates":[8.7293536,50.1140048]},"properties":{"id":"bikerack:efbb1665-e2a3-4e89-b439-9e175f0a76ad","kind":"bikerack","longitude":8.7293536,"latitude":50.1140048,"name":"Fahrradabstellplatz","city":"Offenbach","address":null,"covered":false,"access":null,"website":null,"phone":null,"source":"OpenStreetMap/node/10936804678","sourceUpdatedAt":null,"verifiedAt":null}},{"type":"Feature","geometry":{"type":"Point","coordinates":[8.7061608,50.1159259]},"properties":{"id":"bikerack:f033e1aa-d36c-4ca9-9441-f8ad7a13fdc0","kind":"bikerack","longitude":8.7061608,"latitude":50.1159259,"name":"Fahrradabstellplatz","city":"Frankfurt am Main","address":null,"covered":false,"access":null,"website":null,"phone":null,"source":"OpenStreetMap/node/6391313391","sourceUpdatedAt":null,"verifiedAt":null}},{"type":"Feature","geometry":{"type":"Point","coordinates":[8.709129,50.1169934]},"properties":{"id":"bikerack:f0c39927-548d-4282-af5d-e993da071b4f","kind":"bikerack","longitude":8.709129,"latitude":50.1169934,"name":"Fahrradabstellplatz","city":"Frankfurt am Main","address":null,"covered":false,"access":null,"website":null,"phone":null,"source":"OpenStreetMap/node/12803893930","sourceUpdatedAt":null,"verifiedAt":null}},{"type":"Feature","geometry":{"type":"Point","coordinates":[8.715241,50.1201787]},"properties":{"id":"bikerack:f14bcdaf-9ffe-48e9-b5a5-08400cbce4f2","kind":"bikerack","longitude":8.715241,"latitude":50.1201787,"name":"Fahrradabstellplatz","city":"Frankfurt am Main","address":null,"covered":false,"access":null,"website":null,"phone":null,"source":"OpenStreetMap/node/12705275478","sourceUpdatedAt":null,"verifiedAt":null}},{"type":"Feature","geometry":{"type":"Point","coordinates":[8.7113496,50.1119326]},"properties":{"id":"bikerack:f1664540-1e80-476c-be58-865c2884c195","kind":"bikerack","longitude":8.7113496,"latitude":50.1119326,"name":"Fahrradabstellplatz","city":"Frankfurt am Main","address":null,"covered":false,"access":null,"website":null,"phone":null,"source":"OpenStreetMap/node/11835174862","sourceUpdatedAt":null,"verifiedAt":null}},{"type":"Feature","geometry":{"type":"Point","coordinates":[8.7113549,50.1160193]},"properties":{"id":"bikerack:f2b339cd-8bee-4898-a91a-aa36196f0e18","kind":"bikerack","longitude":8.7113549,"latitude":50.1160193,"name":"Fahrradabstellplatz","city":"Frankfurt am Main","address":null,"covered":false,"access":null,"website":null,"phone":null,"source":"OpenStreetMap/node/7412325634","sourceUpdatedAt":null,"verifiedAt":null}},{"type":"Feature","geometry":{"type":"Point","coordinates":[8.7261401,50.116948]},"properties":{"id":"bikerack:f3a66488-cdd3-4213-a623-5a2a25c90894","kind":"bikerack","longitude":8.7261401,"latitude":50.116948,"name":"Fahrradabstellplatz","city":"Frankfurt am Main","address":null,"covered":false,"access":null,"website":null,"phone":null,"source":"OpenStreetMap/node/9176668135","sourceUpdatedAt":null,"verifiedAt":null}},{"type":"Feature","geometry":{"type":"Point","coordinates":[8.7088002,50.1111377]},"properties":{"id":"bikerack:f4ea4339-5556-47d1-a161-2adefb841ea0","kind":"bikerack","longitude":8.7088002,"latitude":50.1111377,"name":"Fahrradabstellplatz","city":"Frankfurt am Main","address":null,"covered":false,"access":null,"website":null,"phone":null,"source":"OpenStreetMap/node/2939767094","sourceUpdatedAt":null,"verifiedAt":null}},{"type":"Feature","geometry":{"type":"Point","coordinates":[8.7103007,50.1151911]},"properties":{"id":"bikerack:f4efb3a3-45c7-415f-8670-8aae59e5d065","kind":"bikerack","longitude":8.7103007,"latitude":50.1151911,"name":"Fahrradabstellplatz","city":"Frankfurt am Main","address":null,"covered":false,"access":null,"website":null,"phone":null,"source":"OpenStreetMap/node/7749869517","sourceUpdatedAt":null,"verifiedAt":null}},{"type":"Feature","geometry":{"type":"Point","coordinates":[8.712376,50.1114872]},"properties":{"id":"bikerack:f527c84d-bce9-457f-8d5f-6c7818c5219b","kind":"bikerack","longitude":8.712376,"latitude":50.1114872,"name":"Fahrradabstellplatz","city":"Frankfurt am Main","address":null,"covered":false,"access":null,"website":null,"phone":null,"source":"OpenStreetMap/node/9520244918","sourceUpdatedAt":null,"verifiedAt":null}},{"type":"Feature","geometry":{"type":"Point","coordinates":[8.7178092,50.1127735]},"properties":{"id":"bikerack:f56da675-7fdd-4fd4-98bc-40c509da8ecf","kind":"bikerack","longitude":8.7178092,"latitude":50.1127735,"name":"Fahrradabstellplatz","city":"Frankfurt am Main","address":null,"covered":false,"access":null,"website":null,"phone":null,"source":"OpenStreetMap/node/13026845147","sourceUpdatedAt":null,"verifiedAt":null}},{"type":"Feature","geometry":{"type":"Point","coordinates":[8.7407157,50.1116619]},"properties":{"id":"bikerack:f5a02e2b-544f-422a-8b2f-60b64b6aede8","kind":"bikerack","longitude":8.7407157,"latitude":50.1116619,"name":"Fahrradabstellplatz","city":"Offenbach","address":null,"covered":false,"access":null,"website":null,"phone":null,"source":"OpenStreetMap/node/12163029953","sourceUpdatedAt":null,"verifiedAt":null}},{"type":"Feature","geometry":{"type":"Point","coordinates":[8.7091927,50.1163125]},"properties":{"id":"bikerack:f63ae466-5780-4498-bf5b-12d3b5d27c71","kind":"bikerack","longitude":8.7091927,"latitude":50.1163125,"name":"Fahrradabstellplatz","city":"Frankfurt am Main","address":null,"covered":false,"access":null,"website":null,"phone":null,"source":"OpenStreetMap/node/6453075291","sourceUpdatedAt":null,"verifiedAt":null}},{"type":"Feature","geometry":{"type":"Point","coordinates":[8.7071505,50.1169613]},"properties":{"id":"bikerack:f7400abd-198b-48cf-a13c-6b4382dfc231","kind":"bikerack","longitude":8.7071505,"latitude":50.1169613,"name":"Fahrradabstellplatz","city":"Frankfurt am Main","address":null,"covered":false,"access":null,"website":null,"phone":null,"source":"OpenStreetMap/node/6391301190","sourceUpdatedAt":null,"verifiedAt":null}},{"type":"Feature","geometry":{"type":"Point","coordinates":[8.7112233,50.1117583]},"properties":{"id":"bikerack:f7e4521d-771f-4e8e-9761-bd637bbdfb9b","kind":"bikerack","longitude":8.7112233,"latitude":50.1117583,"name":"Fahrradabstellplatz","city":"Frankfurt am Main","address":null,"covered":false,"access":null,"website":null,"phone":null,"source":"OpenStreetMap/node/11835185323","sourceUpdatedAt":null,"verifiedAt":null}},{"type":"Feature","geometry":{"type":"Point","coordinates":[8.7066586,50.1151482]},"properties":{"id":"bikerack:f87ac1ae-01be-4ec8-b6ad-4a994f9042c1","kind":"bikerack","longitude":8.7066586,"latitude":50.1151482,"name":"Fahrradabstellplatz","city":"Frankfurt am Main","address":null,"covered":false,"access":null,"website":null,"phone":null,"source":"OpenStreetMap/node/12731503102","sourceUpdatedAt":null,"verifiedAt":null}},{"type":"Feature","geometry":{"type":"Point","coordinates":[8.7126011,50.1198488]},"properties":{"id":"bikerack:f9c2a060-326f-4c64-a328-174620ca62cf","kind":"bikerack","longitude":8.7126011,"latitude":50.1198488,"name":"Fahrradabstellplatz","city":"Frankfurt am Main","address":null,"covered":false,"access":null,"website":null,"phone":null,"source":"OpenStreetMap/node/8109599989","sourceUpdatedAt":null,"verifiedAt":null}},{"type":"Feature","geometry":{"type":"Point","coordinates":[8.7162981,50.1140878]},"properties":{"id":"bikerack:fa71a754-ea31-41cf-b0bf-e536c1570bc7","kind":"bikerack","longitude":8.7162981,"latitude":50.1140878,"name":"Fahrradabstellplatz","city":"Frankfurt am Main","address":null,"covered":false,"access":null,"website":null,"phone":null,"source":"OpenStreetMap/node/11128313760","sourceUpdatedAt":null,"verifiedAt":null}},{"type":"Feature","geometry":{"type":"Point","coordinates":[8.708522,50.1188192]},"properties":{"id":"bikerack:fa931225-4355-4223-8e18-f2faf25d9ec4","kind":"bikerack","longitude":8.708522,"latitude":50.1188192,"name":"Fahrradabstellplatz","city":"Frankfurt am Main","address":null,"covered":true,"access":null,"website":null,"phone":null,"source":"OpenStreetMap/node/7920977436","sourceUpdatedAt":null,"verifiedAt":null}},{"type":"Feature","geometry":{"type":"Point","coordinates":[8.7088769,50.1165859]},"properties":{"id":"bikerack:faba40df-a806-4722-bad6-e5663704d133","kind":"bikerack","longitude":8.7088769,"latitude":50.1165859,"name":"Fahrradabstellplatz","city":"Frankfurt am Main","address":null,"covered":false,"access":null,"website":null,"phone":null,"source":"OpenStreetMap/node/6453075293","sourceUpdatedAt":null,"verifiedAt":null}},{"type":"Feature","geometry":{"type":"Point","coordinates":[8.7366059,50.1068487]},"properties":{"id":"bikerack:faf5adad-79d0-43da-8020-23326c017e70","kind":"bikerack","longitude":8.7366059,"latitude":50.1068487,"name":"Fahrradabstellplatz","city":"Offenbach","address":null,"covered":false,"access":null,"website":null,"phone":null,"source":"OpenStreetMap/node/10688734260","sourceUpdatedAt":null,"verifiedAt":null}},{"type":"Feature","geometry":{"type":"Point","coordinates":[8.7100348,50.1099064]},"properties":{"id":"bikerack:fb7eac4d-b36f-4a49-818b-333b54e126f2","kind":"bikerack","longitude":8.7100348,"latitude":50.1099064,"name":"Fahrradabstellplatz","city":"Frankfurt am Main","address":null,"covered":false,"access":null,"website":null,"phone":null,"source":"OpenStreetMap/node/13026847130","sourceUpdatedAt":null,"verifiedAt":null}},{"type":"Feature","geometry":{"type":"Point","coordinates":[8.7126932,50.1170942]},"properties":{"id":"bikerack:fd5fef4d-c8b5-456d-b31d-bb0329325427","kind":"bikerack","longitude":8.7126932,"latitude":50.1170942,"name":"Fahrradabstellplatz","city":"Frankfurt am Main","address":null,"covered":false,"access":null,"website":null,"phone":null,"source":"OpenStreetMap/node/7522717209","sourceUpdatedAt":null,"verifiedAt":null}},{"type":"Feature","geometry":{"type":"Point","coordinates":[8.7238655,50.1003697]},"properties":{"id":"bikerack:fdaec880-6f59-44c8-8cf2-299a1517c603","kind":"bikerack","longitude":8.7238655,"latitude":50.1003697,"name":"Fahrradabstellplatz","city":"Frankfurt am Main","address":null,"covered":false,"access":null,"website":null,"phone":null,"source":"OpenStreetMap/node/1550999986","sourceUpdatedAt":null,"verifiedAt":null}},{"type":"Feature","geometry":{"type":"Point","coordinates":[8.7152196,50.1189756]},"properties":{"id":"bikerack:fe4fb77e-f7c8-45ce-8ecf-e41c5f91cade","kind":"bikerack","longitude":8.7152196,"latitude":50.1189756,"name":"Fahrradabstellplatz","city":"Frankfurt am Main","address":null,"covered":false,"access":null,"website":null,"phone":null,"source":"OpenStreetMap/node/9152882003","sourceUpdatedAt":null,"verifiedAt":null}},{"type":"Feature","geometry":{"type":"Point","coordinates":[8.7089741,50.1203326]},"properties":{"id":"bikerack:fef50d26-c3b7-4126-abfd-bb3300500b1c","kind":"bikerack","longitude":8.7089741,"latitude":50.1203326,"name":"Fahrradabstellplatz","city":"Frankfurt am Main","address":null,"covered":false,"access":null,"website":null,"phone":null,"source":"OpenStreetMap/node/8612193473","sourceUpdatedAt":null,"verifiedAt":null}},{"type":"Feature","geometry":{"type":"Point","coordinates":[8.7172347,50.1133126]},"properties":{"id":"bikerack:fefa8383-bcef-46b3-a125-b812421baa9b","kind":"bikerack","longitude":8.7172347,"latitude":50.1133126,"name":"Fahrradabstellplatz","city":"Frankfurt am Main","address":null,"covered":false,"access":null,"website":null,"phone":null,"source":"OpenStreetMap/node/6177118493","sourceUpdatedAt":null,"verifiedAt":null}},{"type":"Feature","geometry":{"type":"Point","coordinates":[8.7082133,50.1156503]},"properties":{"id":"bikerack:fefaf384-c0ca-4199-849b-518973e0ed22","kind":"bikerack","longitude":8.7082133,"latitude":50.1156503,"name":"Fahrradabstellplatz","city":"Frankfurt am Main","address":null,"covered":false,"access":null,"website":null,"phone":null,"source":"OpenStreetMap/node/6453072522","sourceUpdatedAt":null,"verifiedAt":null}},{"type":"Feature","geometry":{"type":"Point","coordinates":[8.7103383,50.1159615]},"properties":{"id":"bikerack:ffbe43c6-9c37-4430-aaeb-187ba402ad0f","kind":"bikerack","longitude":8.7103383,"latitude":50.1159615,"name":"Fahrradabstellplatz","city":"Frankfurt am Main","address":null,"covered":false,"access":null,"website":null,"phone":null,"source":"OpenStreetMap/node/10261813700","sourceUpdatedAt":null,"verifiedAt":null}},{"type":"Feature","geometry":{"type":"Point","coordinates":[8.7106253,50.1179896]},"properties":{"id":"service:38efab38-30a6-4e29-820d-a1b1b3e6324b","kind":"service","longitude":8.7106253,"latitude":50.1179896,"name":"Fahrrad Leidlein","city":"Frankfurt am Main","address":null,"covered":null,"access":null,"website":null,"phone":null,"source":"OpenStreetMap/way/83384811","sourceUpdatedAt":null,"verifiedAt":null}},{"type":"Feature","geometry":{"type":"Point","coordinates":[8.7022727,50.1033816]},"properties":{"id":"service:c0a7df7e-53bd-44a0-97f0-4186f96992f9","kind":"service","longitude":8.7022727,"latitude":50.1033816,"name":"E-Motion Frankfurt Süd","city":"Frankfurt am Main","address":null,"covered":null,"access":null,"website":null,"phone":null,"source":"OpenStreetMap/node/13576252016","sourceUpdatedAt":null,"verifiedAt":null}},{"type":"Feature","geometry":{"type":"Point","coordinates":[8.7061064,50.1201442]},"properties":{"id":"service:ecfc8b15-ba3b-48bc-ad20-4745db738598","kind":"service","longitude":8.7061064,"latitude":50.1201442,"name":"Bike 5vie","city":"Frankfurt am Main","address":null,"covered":null,"access":null,"website":null,"phone":null,"source":"OpenStreetMap/node/4644883781","sourceUpdatedAt":null,"verifiedAt":null}},{"type":"Feature","geometry":{"type":"Point","coordinates":[8.7243589,50.1008256]},"properties":{"id":"water:434a1faf-52fe-41f7-bf39-90b40702cfd3","kind":"water","longitude":8.7243589,"latitude":50.1008256,"name":"Oberräder Gärtnerpumpe","city":"Offenbach","address":null,"covered":null,"access":null,"website":null,"phone":null,"source":"OpenStreetMap/node/4968852393","sourceUpdatedAt":null,"verifiedAt":null}},{"type":"Feature","geometry":{"type":"Point","coordinates":[8.7096248,50.1079682]},"properties":{"id":"water:7bee2ec1-6e8b-475b-a6d6-0d346de62a1b","kind":"water","longitude":8.7096248,"latitude":50.1079682,"name":"Brunnen im Hafenpark","city":"Frankfurt am Main","address":null,"covered":null,"access":null,"website":null,"phone":null,"source":"OpenStreetMap/node/11745472724","sourceUpdatedAt":null,"verifiedAt":null}}]}