{"type":"FeatureCollection","features":[{"type":"Feature","geometry":{"type":"Point","coordinates":[14.4753753,48.9723907]},"properties":{"id":"bikerack:00a1d5b1-b162-4e15-afd1-0ad3640e20a3","kind":"bikerack","longitude":14.4753753,"latitude":48.9723907,"name":"Bicycle Parking","city":"Ceske Budejovice","address":null,"covered":false,"access":null,"website":null,"phone":null,"source":"OpenStreetMap/node/7181887038","sourceUpdatedAt":null,"verifiedAt":null}},{"type":"Feature","geometry":{"type":"Point","coordinates":[14.4668424,48.9786188]},"properties":{"id":"bikerack:0150e4de-5b93-4b06-8341-95ac91ed742e","kind":"bikerack","longitude":14.4668424,"latitude":48.9786188,"name":"Bicycle Parking","city":"Ceske Budejovice","address":null,"covered":false,"access":null,"website":null,"phone":null,"source":"OpenStreetMap/node/7296786734","sourceUpdatedAt":null,"verifiedAt":null}},{"type":"Feature","geometry":{"type":"Point","coordinates":[14.4840925,48.9609645]},"properties":{"id":"bikerack:01f549a7-aaf8-4669-bc95-d19345aec848","kind":"bikerack","longitude":14.4840925,"latitude":48.9609645,"name":"Bicycle Parking","city":"Ceske Budejovice","address":null,"covered":false,"access":null,"website":null,"phone":null,"source":"OpenStreetMap/node/7775251838","sourceUpdatedAt":null,"verifiedAt":null}},{"type":"Feature","geometry":{"type":"Point","coordinates":[14.4711689,48.9744357]},"properties":{"id":"bikerack:02808f95-0725-4025-a441-81450d09dba0","kind":"bikerack","longitude":14.4711689,"latitude":48.9744357,"name":"Bicycle Parking","city":"Ceske Budejovice","address":null,"covered":false,"access":null,"website":null,"phone":null,"source":"OpenStreetMap/node/7235236179","sourceUpdatedAt":null,"verifiedAt":null}},{"type":"Feature","geometry":{"type":"Point","coordinates":[14.4759209,48.9685959]},"properties":{"id":"bikerack:0392ed1d-3d24-452e-aece-c5e5ef94a35e","kind":"bikerack","longitude":14.4759209,"latitude":48.9685959,"name":"Bicycle Parking","city":"Ceske Budejovice","address":null,"covered":true,"access":null,"website":null,"phone":null,"source":"OpenStreetMap/node/7235189150","sourceUpdatedAt":null,"verifiedAt":null}},{"type":"Feature","geometry":{"type":"Point","coordinates":[14.4663087,48.9664802]},"properties":{"id":"bikerack:047935d0-7f87-482d-a6da-dba922664dd7","kind":"bikerack","longitude":14.4663087,"latitude":48.9664802,"name":"Bicycle Parking","city":"Ceske Budejovice","address":null,"covered":false,"access":null,"website":null,"phone":null,"source":"OpenStreetMap/node/13176661696","sourceUpdatedAt":null,"verifiedAt":null}},{"type":"Feature","geometry":{"type":"Point","coordinates":[14.4747721,48.9739745]},"properties":{"id":"bikerack:049126e5-e433-4057-a0ab-b14540693465","kind":"bikerack","longitude":14.4747721,"latitude":48.9739745,"name":"Bicycle Parking","city":"Ceske Budejovice","address":null,"covered":false,"access":null,"website":null,"phone":null,"source":"OpenStreetMap/node/9885162001","sourceUpdatedAt":null,"verifiedAt":null}},{"type":"Feature","geometry":{"type":"Point","coordinates":[14.4827405,48.9743785]},"properties":{"id":"bikerack:04ef432a-627f-4b4f-9282-13b1dd36c943","kind":"bikerack","longitude":14.4827405,"latitude":48.9743785,"name":"Bicycle Parking","city":"Ceske Budejovice","address":null,"covered":false,"access":null,"website":null,"phone":null,"source":"OpenStreetMap/node/7200125951","sourceUpdatedAt":null,"verifiedAt":null}},{"type":"Feature","geometry":{"type":"Point","coordinates":[14.4711107,48.9629286]},"properties":{"id":"bikerack:076800d0-0291-4a50-a57d-c9db2c36e228","kind":"bikerack","longitude":14.4711107,"latitude":48.9629286,"name":"Bicycle Parking","city":"Ceske Budejovice","address":null,"covered":false,"access":null,"website":null,"phone":null,"source":"OpenStreetMap/node/9792362154","sourceUpdatedAt":null,"verifiedAt":null}},{"type":"Feature","geometry":{"type":"Point","coordinates":[14.4794282,48.9744956]},"properties":{"id":"bikerack:08d39c89-9808-49c9-9a41-a92948751c8a","kind":"bikerack","longitude":14.4794282,"latitude":48.9744956,"name":"Bicycle Parking","city":"Ceske Budejovice","address":null,"covered":false,"access":null,"website":null,"phone":null,"source":"OpenStreetMap/node/9918648278","sourceUpdatedAt":null,"verifiedAt":null}},{"type":"Feature","geometry":{"type":"Point","coordinates":[14.4727121,48.9757635]},"properties":{"id":"bikerack:0a18dc61-3bbb-428a-bcaf-32baf7a518c5","kind":"bikerack","longitude":14.4727121,"latitude":48.9757635,"name":"Bicycle Parking","city":"Ceske Budejovice","address":null,"covered":false,"access":null,"website":null,"phone":null,"source":"OpenStreetMap/node/7733982824","sourceUpdatedAt":null,"verifiedAt":null}},{"type":"Feature","geometry":{"type":"Point","coordinates":[14.4668218,48.9613674]},"properties":{"id":"bikerack:0a5f4226-6172-462d-a6ab-9eadd682ccb3","kind":"bikerack","longitude":14.4668218,"latitude":48.9613674,"name":"Bicycle Parking","city":"Ceske Budejovice","address":null,"covered":false,"access":null,"website":null,"phone":null,"source":"OpenStreetMap/node/7390068676","sourceUpdatedAt":null,"verifiedAt":null}},{"type":"Feature","geometry":{"type":"Point","coordinates":[14.4648887,48.9596527]},"properties":{"id":"bikerack:0b4f5ac5-6c8b-4fa2-99a6-7d57cfcf9f1c","kind":"bikerack","longitude":14.4648887,"latitude":48.9596527,"name":"Bicycle Parking","city":"Litvinovice","address":null,"covered":false,"access":null,"website":null,"phone":null,"source":"OpenStreetMap/way/543231426","sourceUpdatedAt":null,"verifiedAt":null}},{"type":"Feature","geometry":{"type":"Point","coordinates":[14.47799,48.9709781]},"properties":{"id":"bikerack:0bb90f1a-ce2f-46fb-997a-73808b970e4d","kind":"bikerack","longitude":14.47799,"latitude":48.9709781,"name":"Bicycle Parking","city":"Ceske Budejovice","address":null,"covered":false,"access":null,"website":null,"phone":null,"source":"OpenStreetMap/node/7385940394","sourceUpdatedAt":null,"verifiedAt":null}},{"type":"Feature","geometry":{"type":"Point","coordinates":[14.4673481,48.9534717]},"properties":{"id":"bikerack:0c07c5f3-06eb-490e-8d34-7ea5a2c3b0fd","kind":"bikerack","longitude":14.4673481,"latitude":48.9534717,"name":"Bicycle Parking","city":"Litvinovice","address":null,"covered":true,"access":null,"website":null,"phone":null,"source":"OpenStreetMap/node/7837156777","sourceUpdatedAt":null,"verifiedAt":null}},{"type":"Feature","geometry":{"type":"Point","coordinates":[14.4716628,48.9776112]},"properties":{"id":"bikerack:0d8508fb-c067-443d-af8a-ebbc1967d348","kind":"bikerack","longitude":14.4716628,"latitude":48.9776112,"name":"Bicycle Parking","city":"Ceske Budejovice","address":null,"covered":false,"access":null,"website":null,"phone":null,"source":"OpenStreetMap/node/7200125967","sourceUpdatedAt":null,"verifiedAt":null}},{"type":"Feature","geometry":{"type":"Point","coordinates":[14.4646709,48.9788841]},"properties":{"id":"bikerack:0db48452-05fc-442e-8ebc-606dca60729d","kind":"bikerack","longitude":14.4646709,"latitude":48.9788841,"name":"Bicycle Parking","city":"Ceske Budejovice","address":null,"covered":false,"access":null,"website":null,"phone":null,"source":"OpenStreetMap/node/7770330394","sourceUpdatedAt":null,"verifiedAt":null}},{"type":"Feature","geometry":{"type":"Point","coordinates":[14.4762106,48.9581522]},"properties":{"id":"bikerack:0e935d1d-5f71-4558-80db-3134027881a0","kind":"bikerack","longitude":14.4762106,"latitude":48.9581522,"name":"Bicycle Parking","city":"Ceske Budejovice","address":null,"covered":false,"access":null,"website":null,"phone":null,"source":"OpenStreetMap/node/7200345939","sourceUpdatedAt":null,"verifiedAt":null}},{"type":"Feature","geometry":{"type":"Point","coordinates":[14.4716615,48.9777217]},"properties":{"id":"bikerack:0f0613ec-15ee-4623-a68c-82e8fe61ae62","kind":"bikerack","longitude":14.4716615,"latitude":48.9777217,"name":"Bicycle Parking","city":"Ceske Budejovice","address":null,"covered":false,"access":null,"website":null,"phone":null,"source":"OpenStreetMap/node/7212447470","sourceUpdatedAt":null,"verifiedAt":null}},{"type":"Feature","geometry":{"type":"Point","coordinates":[14.475187,48.9722452]},"properties":{"id":"bikerack:0f3d953b-c7fb-4037-a911-0e291ccb7031","kind":"bikerack","longitude":14.475187,"latitude":48.9722452,"name":"Bicycle Parking","city":"Ceske Budejovice","address":null,"covered":false,"access":null,"website":null,"phone":null,"source":"OpenStreetMap/node/7198381346","sourceUpdatedAt":null,"verifiedAt":null}},{"type":"Feature","geometry":{"type":"Point","coordinates":[14.4622912,48.977416]},"properties":{"id":"bikerack:10d37fcc-be92-4c9f-8222-0d89de722d5e","kind":"bikerack","longitude":14.4622912,"latitude":48.977416,"name":"Bicycle Parking","city":"Ceske Budejovice","address":null,"covered":true,"access":null,"website":null,"phone":null,"source":"OpenStreetMap/node/7526681156","sourceUpdatedAt":null,"verifiedAt":null}},{"type":"Feature","geometry":{"type":"Point","coordinates":[14.4757242,48.9731582]},"properties":{"id":"bikerack:10f3d4f8-1358-4079-8ac7-161108fde538","kind":"bikerack","longitude":14.4757242,"latitude":48.9731582,"name":"Bicycle Parking","city":"Ceske Budejovice","address":null,"covered":false,"access":null,"website":null,"phone":null,"source":"OpenStreetMap/node/9887694425","sourceUpdatedAt":null,"verifiedAt":null}},{"type":"Feature","geometry":{"type":"Point","coordinates":[14.4712096,48.9786534]},"properties":{"id":"bikerack:114d5cc6-3389-453c-9b5d-4677d982038d","kind":"bikerack","longitude":14.4712096,"latitude":48.9786534,"name":"Bicycle Parking","city":"Ceske Budejovice","address":null,"covered":false,"access":null,"website":null,"phone":null,"source":"OpenStreetMap/node/7485795393","sourceUpdatedAt":null,"verifiedAt":null}},{"type":"Feature","geometry":{"type":"Point","coordinates":[14.468646,48.9689189]},"properties":{"id":"bikerack:117789a3-2884-40bc-a2d0-bcc842eeba72","kind":"bikerack","longitude":14.468646,"latitude":48.9689189,"name":"Bicycle Parking","city":"Ceske Budejovice","address":null,"covered":false,"access":null,"website":null,"phone":null,"source":"OpenStreetMap/node/7538599185","sourceUpdatedAt":null,"verifiedAt":null}},{"type":"Feature","geometry":{"type":"Point","coordinates":[14.4740105,48.9749739]},"properties":{"id":"bikerack:121908c1-616d-4293-b01b-74bbdd681cd5","kind":"bikerack","longitude":14.4740105,"latitude":48.9749739,"name":"Bicycle Parking","city":"Ceske Budejovice","address":null,"covered":false,"access":null,"website":null,"phone":null,"source":"OpenStreetMap/node/4242804498","sourceUpdatedAt":null,"verifiedAt":null}},{"type":"Feature","geometry":{"type":"Point","coordinates":[14.4838885,48.9763711]},"properties":{"id":"bikerack:12724e0d-0780-461b-bb27-f343ff0fe472","kind":"bikerack","longitude":14.4838885,"latitude":48.9763711,"name":"Bicycle Parking","city":"Ceske Budejovice","address":null,"covered":false,"access":null,"website":null,"phone":null,"source":"OpenStreetMap/node/11465625807","sourceUpdatedAt":null,"verifiedAt":null}},{"type":"Feature","geometry":{"type":"Point","coordinates":[14.4656096,48.9581178]},"properties":{"id":"bikerack:15d86beb-f29a-489e-a823-b6d10e8e5649","kind":"bikerack","longitude":14.4656096,"latitude":48.9581178,"name":"Bicycle Parking","city":"Litvinovice","address":null,"covered":false,"access":null,"website":null,"phone":null,"source":"OpenStreetMap/node/7667212094","sourceUpdatedAt":null,"verifiedAt":null}},{"type":"Feature","geometry":{"type":"Point","coordinates":[14.4975426,48.9548671]},"properties":{"id":"bikerack:198f2fcd-909e-4f79-b851-0de8fc931999","kind":"bikerack","longitude":14.4975426,"latitude":48.9548671,"name":"Bicycle Parking","city":"Ceske Budejovice","address":null,"covered":false,"access":null,"website":null,"phone":null,"source":"OpenStreetMap/node/7305922909","sourceUpdatedAt":null,"verifiedAt":null}},{"type":"Feature","geometry":{"type":"Point","coordinates":[14.4811813,48.9688184]},"properties":{"id":"bikerack:19e5490a-0f5f-43e2-9d66-f3e29de8778e","kind":"bikerack","longitude":14.4811813,"latitude":48.9688184,"name":"Bicycle Parking","city":"Ceske Budejovice","address":null,"covered":false,"access":null,"website":null,"phone":null,"source":"OpenStreetMap/node/12691121710","sourceUpdatedAt":null,"verifiedAt":null}},{"type":"Feature","geometry":{"type":"Point","coordinates":[14.472942,48.9615099]},"properties":{"id":"bikerack:1a14db95-b24a-46cb-95b6-a804953bd626","kind":"bikerack","longitude":14.472942,"latitude":48.9615099,"name":"Bicycle Parking","city":"Ceske Budejovice","address":null,"covered":false,"access":null,"website":null,"phone":null,"source":"OpenStreetMap/node/7390100719","sourceUpdatedAt":null,"verifiedAt":null}},{"type":"Feature","geometry":{"type":"Point","coordinates":[14.4769822,48.9578189]},"properties":{"id":"bikerack:1d0ddd1e-6bb1-4d04-a67a-391757c58ef8","kind":"bikerack","longitude":14.4769822,"latitude":48.9578189,"name":"Bicycle Parking","city":"Ceske Budejovice","address":null,"covered":true,"access":null,"website":null,"phone":null,"source":"OpenStreetMap/node/7612855788","sourceUpdatedAt":null,"verifiedAt":null}},{"type":"Feature","geometry":{"type":"Point","coordinates":[14.4712869,48.959783]},"properties":{"id":"bikerack:1e0fb431-175d-474c-bd2f-467de9067a88","kind":"bikerack","longitude":14.4712869,"latitude":48.959783,"name":"Bicycle Parking","city":"Ceske Budejovice","address":null,"covered":false,"access":null,"website":null,"phone":null,"source":"OpenStreetMap/node/7644372478","sourceUpdatedAt":null,"verifiedAt":null}},{"type":"Feature","geometry":{"type":"Point","coordinates":[14.4658521,48.9769603]},"properties":{"id":"bikerack:1ee8dc51-299c-462c-9726-2d8537d455a3","kind":"bikerack","longitude":14.4658521,"latitude":48.9769603,"name":"Bicycle Parking","city":"Ceske Budejovice","address":null,"covered":false,"access":null,"website":null,"phone":null,"source":"OpenStreetMap/node/9639088533","sourceUpdatedAt":null,"verifiedAt":null}},{"type":"Feature","geometry":{"type":"Point","coordinates":[14.4828127,48.9741309]},"properties":{"id":"bikerack:1f0043b3-e3ba-4a4b-87c0-d6907ed85f5c","kind":"bikerack","longitude":14.4828127,"latitude":48.9741309,"name":"Bicycle Parking","city":"Ceske Budejovice","address":null,"covered":false,"access":null,"website":null,"phone":null,"source":"OpenStreetMap/node/7523254559","sourceUpdatedAt":null,"verifiedAt":null}},{"type":"Feature","geometry":{"type":"Point","coordinates":[14.4736309,48.9757796]},"properties":{"id":"bikerack:20ac2426-f4eb-4215-b071-e626b440e53f","kind":"bikerack","longitude":14.4736309,"latitude":48.9757796,"name":"Bicycle Parking","city":"Ceske Budejovice","address":null,"covered":true,"access":null,"website":null,"phone":null,"source":"OpenStreetMap/node/7208372358","sourceUpdatedAt":null,"verifiedAt":null}},{"type":"Feature","geometry":{"type":"Point","coordinates":[14.4595595,48.9761693]},"properties":{"id":"bikerack:2187425d-055c-44bf-8d70-c31d0323b7ce","kind":"bikerack","longitude":14.4595595,"latitude":48.9761693,"name":"Bicycle Parking","city":"Ceske Budejovice","address":null,"covered":false,"access":null,"website":null,"phone":null,"source":"OpenStreetMap/node/9662722309","sourceUpdatedAt":null,"verifiedAt":null}},{"type":"Feature","geometry":{"type":"Point","coordinates":[14.4803305,48.9760271]},"properties":{"id":"bikerack:218fa630-4f30-4fd4-8734-950e8780c162","kind":"bikerack","longitude":14.4803305,"latitude":48.9760271,"name":"Bicycle Parking","city":"Ceske Budejovice","address":null,"covered":true,"access":null,"website":null,"phone":null,"source":"OpenStreetMap/node/7750188707","sourceUpdatedAt":null,"verifiedAt":null}},{"type":"Feature","geometry":{"type":"Point","coordinates":[14.4802187,48.9775945]},"properties":{"id":"bikerack:220a1bd7-a068-44db-82fb-8080202d9d9b","kind":"bikerack","longitude":14.4802187,"latitude":48.9775945,"name":"Bicycle Parking","city":"Ceske Budejovice","address":null,"covered":false,"access":null,"website":null,"phone":null,"source":"OpenStreetMap/node/7448036719","sourceUpdatedAt":null,"verifiedAt":null}},{"type":"Feature","geometry":{"type":"Point","coordinates":[14.4865067,48.968449]},"properties":{"id":"bikerack:2263905b-edcc-4119-8ad5-db5d70bf7e9c","kind":"bikerack","longitude":14.4865067,"latitude":48.968449,"name":"Bicycle Parking","city":"Ceske Budejovice","address":null,"covered":false,"access":null,"website":null,"phone":null,"source":"OpenStreetMap/node/7430046611","sourceUpdatedAt":null,"verifiedAt":null}},{"type":"Feature","geometry":{"type":"Point","coordinates":[14.4719423,48.9688058]},"properties":{"id":"bikerack:2590af78-0102-4bc5-8ff8-53a86906bdfa","kind":"bikerack","longitude":14.4719423,"latitude":48.9688058,"name":"Bicycle Parking","city":"Ceske Budejovice","address":null,"covered":false,"access":null,"website":null,"phone":null,"source":"OpenStreetMap/node/7538441177","sourceUpdatedAt":null,"verifiedAt":null}},{"type":"Feature","geometry":{"type":"Point","coordinates":[14.4657779,48.9773659]},"properties":{"id":"bikerack:2648dd6e-b9ca-48b6-84d3-0b2e4eaadc3e","kind":"bikerack","longitude":14.4657779,"latitude":48.9773659,"name":"Bicycle Parking","city":"Ceske Budejovice","address":null,"covered":false,"access":null,"website":null,"phone":null,"source":"OpenStreetMap/node/9638836089","sourceUpdatedAt":null,"verifiedAt":null}},{"type":"Feature","geometry":{"type":"Point","coordinates":[14.464671,48.9657332]},"properties":{"id":"bikerack:2678d467-0054-47b4-ab0b-df30474fbabe","kind":"bikerack","longitude":14.464671,"latitude":48.9657332,"name":"Bicycle Parking","city":"Ceske Budejovice","address":null,"covered":false,"access":null,"website":null,"phone":null,"source":"OpenStreetMap/node/8968024649","sourceUpdatedAt":null,"verifiedAt":null}},{"type":"Feature","geometry":{"type":"Point","coordinates":[14.4729332,48.9623618]},"properties":{"id":"bikerack:2683e035-de77-417e-9782-03cf50378d5d","kind":"bikerack","longitude":14.4729332,"latitude":48.9623618,"name":"Pizza Italiano","city":"Ceske Budejovice","address":null,"covered":false,"access":null,"website":null,"phone":null,"source":"OpenStreetMap/node/8959874176","sourceUpdatedAt":null,"verifiedAt":null}},{"type":"Feature","geometry":{"type":"Point","coordinates":[14.4851979,48.9767625]},"properties":{"id":"bikerack:26a28142-b6d5-41c3-bdad-9ad15685823a","kind":"bikerack","longitude":14.4851979,"latitude":48.9767625,"name":"Bicycle Parking","city":"Ceske Budejovice","address":null,"covered":false,"access":null,"website":null,"phone":null,"source":"OpenStreetMap/node/7581294873","sourceUpdatedAt":null,"verifiedAt":null}},{"type":"Feature","geometry":{"type":"Point","coordinates":[14.4869568,48.967088]},"properties":{"id":"bikerack:2740e93c-6eb8-410a-a10f-411105385d35","kind":"bikerack","longitude":14.4869568,"latitude":48.967088,"name":"Bicycle Parking","city":"Ceske Budejovice","address":null,"covered":false,"access":null,"website":null,"phone":null,"source":"OpenStreetMap/way/1383276427","sourceUpdatedAt":null,"verifiedAt":null}},{"type":"Feature","geometry":{"type":"Point","coordinates":[14.4755042,48.9597787]},"properties":{"id":"bikerack:281e0dbd-4c00-4102-afa6-76519aa01e48","kind":"bikerack","longitude":14.4755042,"latitude":48.9597787,"name":"Bicycle Parking","city":"Ceske Budejovice","address":null,"covered":false,"access":null,"website":null,"phone":null,"source":"OpenStreetMap/node/9907535264","sourceUpdatedAt":null,"verifiedAt":null}},{"type":"Feature","geometry":{"type":"Point","coordinates":[14.4689213,48.9604214]},"properties":{"id":"bikerack:283b4af7-5eaf-4954-99d6-adeb2b863998","kind":"bikerack","longitude":14.4689213,"latitude":48.9604214,"name":"Bicycle Parking","city":"Ceske Budejovice","address":null,"covered":false,"access":null,"website":null,"phone":null,"source":"OpenStreetMap/node/7592015331","sourceUpdatedAt":null,"verifiedAt":null}},{"type":"Feature","geometry":{"type":"Point","coordinates":[14.4724094,48.971262]},"properties":{"id":"bikerack:28b80407-cc17-4cae-9b94-2ac8ac762764","kind":"bikerack","longitude":14.4724094,"latitude":48.971262,"name":"Bicycle Parking","city":"Ceske Budejovice","address":null,"covered":true,"access":null,"website":null,"phone":null,"source":"OpenStreetMap/node/7235221595","sourceUpdatedAt":null,"verifiedAt":null}},{"type":"Feature","geometry":{"type":"Point","coordinates":[14.4726725,48.9787369]},"properties":{"id":"bikerack:2934deae-7312-454e-be43-d74d6bb59860","kind":"bikerack","longitude":14.4726725,"latitude":48.9787369,"name":"Bicycle Parking","city":"Ceske Budejovice","address":null,"covered":false,"access":null,"website":null,"phone":null,"source":"OpenStreetMap/node/7550766079","sourceUpdatedAt":null,"verifiedAt":null}},{"type":"Feature","geometry":{"type":"Point","coordinates":[14.4726114,48.9709516]},"properties":{"id":"bikerack:2bdc8af9-05fc-486f-bdf2-4eebe0fa4b99","kind":"bikerack","longitude":14.4726114,"latitude":48.9709516,"name":"Bicycle Parking","city":"Ceske Budejovice","address":null,"covered":true,"access":null,"website":null,"phone":null,"source":"OpenStreetMap/node/7235221594","sourceUpdatedAt":null,"verifiedAt":null}},{"type":"Feature","geometry":{"type":"Point","coordinates":[14.4684801,48.9552399]},"properties":{"id":"bikerack:2bf6e91c-5de4-481f-9908-c6aebd9b94e7","kind":"bikerack","longitude":14.4684801,"latitude":48.9552399,"name":"Bicycle Parking","city":"Litvinovice","address":null,"covered":false,"access":null,"website":null,"phone":null,"source":"OpenStreetMap/node/7395007198","sourceUpdatedAt":null,"verifiedAt":null}},{"type":"Feature","geometry":{"type":"Point","coordinates":[14.4910629,48.95899]},"properties":{"id":"bikerack:2cc3b57e-dc4a-4151-ac02-a2e8d5970c09","kind":"bikerack","longitude":14.4910629,"latitude":48.95899,"name":"Bicycle Parking","city":"Ceske Budejovice","address":null,"covered":true,"access":null,"website":null,"phone":null,"source":"OpenStreetMap/node/7299849426","sourceUpdatedAt":null,"verifiedAt":null}},{"type":"Feature","geometry":{"type":"Point","coordinates":[14.4718097,48.9770607]},"properties":{"id":"bikerack:2d14bbcf-a1bd-4978-bf21-a80ca72decc6","kind":"bikerack","longitude":14.4718097,"latitude":48.9770607,"name":"Bicycle Parking","city":"Ceske Budejovice","address":null,"covered":false,"access":null,"website":null,"phone":null,"source":"OpenStreetMap/node/7200125936","sourceUpdatedAt":null,"verifiedAt":null}},{"type":"Feature","geometry":{"type":"Point","coordinates":[14.4820557,48.9791786]},"properties":{"id":"bikerack:2d4a5841-821b-45a9-bbb8-429c0cf8eba4","kind":"bikerack","longitude":14.4820557,"latitude":48.9791786,"name":"Bicycle Parking","city":"Ceske Budejovice","address":null,"covered":false,"access":null,"website":null,"phone":null,"source":"OpenStreetMap/node/7313071841","sourceUpdatedAt":null,"verifiedAt":null}},{"type":"Feature","geometry":{"type":"Point","coordinates":[14.4777341,48.9774522]},"properties":{"id":"bikerack:2de6d86e-2450-4615-929c-10bf917f54bd","kind":"bikerack","longitude":14.4777341,"latitude":48.9774522,"name":"Bicycle Parking","city":"Ceske Budejovice","address":null,"covered":false,"access":null,"website":null,"phone":null,"source":"OpenStreetMap/node/7205976642","sourceUpdatedAt":null,"verifiedAt":null}},{"type":"Feature","geometry":{"type":"Point","coordinates":[14.4735506,48.9754389]},"properties":{"id":"bikerack:2e09e945-a065-4f3d-be94-9911e99018d9","kind":"bikerack","longitude":14.4735506,"latitude":48.9754389,"name":"Bicycle Parking","city":"Ceske Budejovice","address":null,"covered":true,"access":null,"website":null,"phone":null,"source":"OpenStreetMap/node/7200125949","sourceUpdatedAt":null,"verifiedAt":null}},{"type":"Feature","geometry":{"type":"Point","coordinates":[14.4743003,48.9759959]},"properties":{"id":"bikerack:2fbfa375-ec08-41c3-8bb2-f6c122ae470d","kind":"bikerack","longitude":14.4743003,"latitude":48.9759959,"name":"Bicycle Parking","city":"Ceske Budejovice","address":null,"covered":true,"access":null,"website":null,"phone":null,"source":"OpenStreetMap/node/7296594727","sourceUpdatedAt":null,"verifiedAt":null}},{"type":"Feature","geometry":{"type":"Point","coordinates":[14.4802975,48.9644924]},"properties":{"id":"bikerack:2fc6ff59-3741-40cb-82cc-0a30e0644e27","kind":"bikerack","longitude":14.4802975,"latitude":48.9644924,"name":"Bicycle Parking","city":"Ceske Budejovice","address":null,"covered":true,"access":null,"website":null,"phone":null,"source":"OpenStreetMap/way/779310664","sourceUpdatedAt":null,"verifiedAt":null}},{"type":"Feature","geometry":{"type":"Point","coordinates":[14.4766813,48.9693003]},"properties":{"id":"bikerack:32fb09eb-3334-403a-ac75-e270e3544c57","kind":"bikerack","longitude":14.4766813,"latitude":48.9693003,"name":"Bicycle Parking","city":"Ceske Budejovice","address":null,"covered":true,"access":null,"website":null,"phone":null,"source":"OpenStreetMap/node/8293082592","sourceUpdatedAt":null,"verifiedAt":null}},{"type":"Feature","geometry":{"type":"Point","coordinates":[14.4745831,48.9683904]},"properties":{"id":"bikerack:334472f2-6e13-4ee9-95c9-f64b78b3801e","kind":"bikerack","longitude":14.4745831,"latitude":48.9683904,"name":"Lidická tř. 2331/6a – Bicycle Parking","city":"Ceske Budejovice","address":null,"covered":false,"access":null,"website":null,"phone":null,"source":"OpenStreetMap/node/6109159912","sourceUpdatedAt":null,"verifiedAt":null}},{"type":"Feature","geometry":{"type":"Point","coordinates":[14.4782511,48.9701392]},"properties":{"id":"bikerack:35512463-991e-475d-9cb6-565b13f52c97","kind":"bikerack","longitude":14.4782511,"latitude":48.9701392,"name":"Bicycle Parking","city":"Ceske Budejovice","address":null,"covered":true,"access":null,"website":null,"phone":null,"source":"OpenStreetMap/node/11446230095","sourceUpdatedAt":null,"verifiedAt":null}},{"type":"Feature","geometry":{"type":"Point","coordinates":[14.4898569,48.9600795]},"properties":{"id":"bikerack:357263ad-c8aa-4873-9878-f42c980219bc","kind":"bikerack","longitude":14.4898569,"latitude":48.9600795,"name":"Bicycle Parking","city":"Ceske Budejovice","address":null,"covered":false,"access":null,"website":null,"phone":null,"source":"OpenStreetMap/node/7299859266","sourceUpdatedAt":null,"verifiedAt":null}},{"type":"Feature","geometry":{"type":"Point","coordinates":[14.4837358,48.9744544]},"properties":{"id":"bikerack:35831a14-b461-42b1-b7de-e85e8e3d93d2","kind":"bikerack","longitude":14.4837358,"latitude":48.9744544,"name":"Bicycle Parking","city":"Ceske Budejovice","address":null,"covered":false,"access":null,"website":null,"phone":null,"source":"OpenStreetMap/node/7200125955","sourceUpdatedAt":null,"verifiedAt":null}},{"type":"Feature","geometry":{"type":"Point","coordinates":[14.4682024,48.9788371]},"properties":{"id":"bikerack:363c62f4-5634-4d0a-a8e1-6e15005d92a0","kind":"bikerack","longitude":14.4682024,"latitude":48.9788371,"name":"Bicycle Parking","city":"Ceske Budejovice","address":null,"covered":false,"access":null,"website":null,"phone":null,"source":"OpenStreetMap/node/7232433816","sourceUpdatedAt":null,"verifiedAt":null}},{"type":"Feature","geometry":{"type":"Point","coordinates":[14.4798007,48.9759216]},"properties":{"id":"bikerack:36677c04-777e-4aab-9059-000d90b3a4eb","kind":"bikerack","longitude":14.4798007,"latitude":48.9759216,"name":"Bicycle Parking","city":"Ceske Budejovice","address":null,"covered":false,"access":null,"website":null,"phone":null,"source":"OpenStreetMap/node/13390795142","sourceUpdatedAt":null,"verifiedAt":null}},{"type":"Feature","geometry":{"type":"Point","coordinates":[14.4683669,48.9665128]},"properties":{"id":"bikerack:36e6aaba-013a-4fb9-b970-564d6ecf6418","kind":"bikerack","longitude":14.4683669,"latitude":48.9665128,"name":"Bicycle Parking","city":"Ceske Budejovice","address":null,"covered":false,"access":null,"website":null,"phone":null,"source":"OpenStreetMap/node/7644372462","sourceUpdatedAt":null,"verifiedAt":null}},{"type":"Feature","geometry":{"type":"Point","coordinates":[14.4677992,48.9612091]},"properties":{"id":"bikerack:370b93f1-eafb-4f19-acd6-65fee1400b4b","kind":"bikerack","longitude":14.4677992,"latitude":48.9612091,"name":"Bicycle Parking","city":"Ceske Budejovice","address":null,"covered":false,"access":null,"website":null,"phone":null,"source":"OpenStreetMap/node/7390094185","sourceUpdatedAt":null,"verifiedAt":null}},{"type":"Feature","geometry":{"type":"Point","coordinates":[14.4746257,48.9749412]},"properties":{"id":"bikerack:37aa596f-2583-4e67-9a04-93da0aae2896","kind":"bikerack","longitude":14.4746257,"latitude":48.9749412,"name":"Bicycle Parking","city":"Ceske Budejovice","address":null,"covered":false,"access":null,"website":null,"phone":null,"source":"OpenStreetMap/node/6554070623","sourceUpdatedAt":null,"verifiedAt":null}},{"type":"Feature","geometry":{"type":"Point","coordinates":[14.4801904,48.9773498]},"properties":{"id":"bikerack:37aabbcb-5d0c-4781-8ca9-d7676246f06d","kind":"bikerack","longitude":14.4801904,"latitude":48.9773498,"name":"Bicycle Parking","city":"Ceske Budejovice","address":null,"covered":false,"access":null,"website":null,"phone":null,"source":"OpenStreetMap/node/7448036720","sourceUpdatedAt":null,"verifiedAt":null}},{"type":"Feature","geometry":{"type":"Point","coordinates":[14.4737288,48.9757421]},"properties":{"id":"bikerack:386cc136-86dc-4a34-ba0f-46819bff1b80","kind":"bikerack","longitude":14.4737288,"latitude":48.9757421,"name":"Bicycle Parking","city":"Ceske Budejovice","address":null,"covered":false,"access":null,"website":null,"phone":null,"source":"OpenStreetMap/node/7208372361","sourceUpdatedAt":null,"verifiedAt":null}},{"type":"Feature","geometry":{"type":"Point","coordinates":[14.4750758,48.9676907]},"properties":{"id":"bikerack:388bcf54-5c42-4eac-9564-796a0eb1af58","kind":"bikerack","longitude":14.4750758,"latitude":48.9676907,"name":"Bicycle Parking","city":"Ceske Budejovice","address":null,"covered":false,"access":null,"website":null,"phone":null,"source":"OpenStreetMap/node/7235189148","sourceUpdatedAt":null,"verifiedAt":null}},{"type":"Feature","geometry":{"type":"Point","coordinates":[14.4736015,48.9756494]},"properties":{"id":"bikerack:3a11e0fb-b321-4b8d-abae-3c4edd3a4ce7","kind":"bikerack","longitude":14.4736015,"latitude":48.9756494,"name":"Bicycle Parking","city":"Ceske Budejovice","address":null,"covered":true,"access":null,"website":null,"phone":null,"source":"OpenStreetMap/node/7208372355","sourceUpdatedAt":null,"verifiedAt":null}},{"type":"Feature","geometry":{"type":"Point","coordinates":[14.4886947,48.9622084]},"properties":{"id":"bikerack:3a1ef7e8-0ca5-4d86-8907-1532a9b58511","kind":"bikerack","longitude":14.4886947,"latitude":48.9622084,"name":"Bicycle Parking","city":"Ceske Budejovice","address":null,"covered":false,"access":null,"website":null,"phone":null,"source":"OpenStreetMap/node/7299841673","sourceUpdatedAt":null,"verifiedAt":null}},{"type":"Feature","geometry":{"type":"Point","coordinates":[14.4728294,48.9769347]},"properties":{"id":"bikerack:3a9da0cc-4c46-4470-a612-7b308a2fcae9","kind":"bikerack","longitude":14.4728294,"latitude":48.9769347,"name":"Bicycle Parking","city":"Ceske Budejovice","address":null,"covered":true,"access":null,"website":null,"phone":null,"source":"OpenStreetMap/node/7479990587","sourceUpdatedAt":null,"verifiedAt":null}},{"type":"Feature","geometry":{"type":"Point","coordinates":[14.4860721,48.9730665]},"properties":{"id":"bikerack:3ad40aab-52d6-42a4-aa3b-efe970f91b69","kind":"bikerack","longitude":14.4860721,"latitude":48.9730665,"name":"Bicycle Parking","city":"Ceske Budejovice","address":null,"covered":false,"access":null,"website":null,"phone":null,"source":"OpenStreetMap/node/8194975790","sourceUpdatedAt":null,"verifiedAt":null}},{"type":"Feature","geometry":{"type":"Point","coordinates":[14.4735189,48.9756526]},"properties":{"id":"bikerack:3b307f48-53cb-4dc5-b4fc-906a38d89f6b","kind":"bikerack","longitude":14.4735189,"latitude":48.9756526,"name":"Bicycle Parking","city":"Ceske Budejovice","address":null,"covered":true,"access":null,"website":null,"phone":null,"source":"OpenStreetMap/node/7208372356","sourceUpdatedAt":null,"verifiedAt":null}},{"type":"Feature","geometry":{"type":"Point","coordinates":[14.4777945,48.974557]},"properties":{"id":"bikerack:3b593e9e-6c58-43eb-af8f-ea17c111f28e","kind":"bikerack","longitude":14.4777945,"latitude":48.974557,"name":"Bicycle Parking","city":"Ceske Budejovice","address":null,"covered":false,"access":null,"website":null,"phone":null,"source":"OpenStreetMap/node/7200125966","sourceUpdatedAt":null,"verifiedAt":null}},{"type":"Feature","geometry":{"type":"Point","coordinates":[14.480277,48.9650188]},"properties":{"id":"bikerack:3bc913cb-a992-4e79-bfe0-a4d52a7e0f81","kind":"bikerack","longitude":14.480277,"latitude":48.9650188,"name":"Bicycle Parking","city":"Ceske Budejovice","address":null,"covered":false,"access":null,"website":null,"phone":null,"source":"OpenStreetMap/node/9364599756","sourceUpdatedAt":null,"verifiedAt":null}},{"type":"Feature","geometry":{"type":"Point","coordinates":[14.4759173,48.9685314]},"properties":{"id":"bikerack:3cfb34a7-397d-4229-b6ff-83cb046d9c4c","kind":"bikerack","longitude":14.4759173,"latitude":48.9685314,"name":"Bicycle Parking","city":"Ceske Budejovice","address":null,"covered":true,"access":null,"website":null,"phone":null,"source":"OpenStreetMap/node/7235189149","sourceUpdatedAt":null,"verifiedAt":null}},{"type":"Feature","geometry":{"type":"Point","coordinates":[14.4843432,48.9578571]},"properties":{"id":"bikerack:3d422d2c-4149-4792-b1f2-41ed86d01c97","kind":"bikerack","longitude":14.4843432,"latitude":48.9578571,"name":"Bicycle Parking","city":"Ceske Budejovice","address":null,"covered":false,"access":null,"website":null,"phone":null,"source":"OpenStreetMap/node/7299849429","sourceUpdatedAt":null,"verifiedAt":null}},{"type":"Feature","geometry":{"type":"Point","coordinates":[14.4708949,48.9703325]},"properties":{"id":"bikerack:3e6e1537-4dbf-4661-a4bb-a2e69aeb4378","kind":"bikerack","longitude":14.4708949,"latitude":48.9703325,"name":"Bicycle Parking","city":"Ceske Budejovice","address":null,"covered":true,"access":null,"website":null,"phone":null,"source":"OpenStreetMap/node/7255655784","sourceUpdatedAt":null,"verifiedAt":null}},{"type":"Feature","geometry":{"type":"Point","coordinates":[14.4765291,48.9783706]},"properties":{"id":"bikerack:3e98daa1-6f77-4597-b0e5-03ba4ec05ee4","kind":"bikerack","longitude":14.4765291,"latitude":48.9783706,"name":"Bicycle Parking","city":"Ceske Budejovice","address":null,"covered":true,"access":null,"website":null,"phone":null,"source":"OpenStreetMap/node/12705228322","sourceUpdatedAt":null,"verifiedAt":null}},{"type":"Feature","geometry":{"type":"Point","coordinates":[14.4620667,48.9572167]},"properties":{"id":"bikerack:3eb61f94-4ef6-48bf-8e0f-57ad8a63381a","kind":"bikerack","longitude":14.4620667,"latitude":48.9572167,"name":"Bicycle Parking","city":"Litvinovice","address":null,"covered":false,"access":null,"website":null,"phone":null,"source":"OpenStreetMap/node/7667212142","sourceUpdatedAt":null,"verifiedAt":null}},{"type":"Feature","geometry":{"type":"Point","coordinates":[14.4678425,48.9519649]},"properties":{"id":"bikerack:3f3d624e-3d71-49fc-9104-9242bcb91335","kind":"bikerack","longitude":14.4678425,"latitude":48.9519649,"name":"Bicycle Parking","city":"Litvinovice","address":null,"covered":false,"access":null,"website":null,"phone":null,"source":"OpenStreetMap/node/7612855766","sourceUpdatedAt":null,"verifiedAt":null}},{"type":"Feature","geometry":{"type":"Point","coordinates":[14.4763073,48.9736281]},"properties":{"id":"bikerack:400e360f-d6dc-40a2-b723-9df68420c9ee","kind":"bikerack","longitude":14.4763073,"latitude":48.9736281,"name":"Bicycle Parking","city":"Ceske Budejovice","address":null,"covered":true,"access":null,"website":null,"phone":null,"source":"OpenStreetMap/node/7418572928","sourceUpdatedAt":null,"verifiedAt":null}},{"type":"Feature","geometry":{"type":"Point","coordinates":[14.4878956,48.9748295]},"properties":{"id":"bikerack:4050978c-4993-40fb-a78a-f92df7f0bb7c","kind":"bikerack","longitude":14.4878956,"latitude":48.9748295,"name":"Bicycle Parking","city":"Ceske Budejovice","address":null,"covered":false,"access":null,"website":null,"phone":null,"source":"OpenStreetMap/node/11531731095","sourceUpdatedAt":null,"verifiedAt":null}},{"type":"Feature","geometry":{"type":"Point","coordinates":[14.4701485,48.9752058]},"properties":{"id":"bikerack:406ab18e-78bf-4d62-ab48-ff94050adf9b","kind":"bikerack","longitude":14.4701485,"latitude":48.9752058,"name":"Bicycle Parking","city":"Ceske Budejovice","address":null,"covered":false,"access":null,"website":null,"phone":null,"source":"OpenStreetMap/node/7553569945","sourceUpdatedAt":null,"verifiedAt":null}},{"type":"Feature","geometry":{"type":"Point","coordinates":[14.494653,48.9784162]},"properties":{"id":"bikerack:4140d1bd-067c-4069-b2d7-05d17b925144","kind":"bikerack","longitude":14.494653,"latitude":48.9784162,"name":"Bicycle Parking","city":"Ceske Budejovice","address":null,"covered":false,"access":null,"website":null,"phone":null,"source":"OpenStreetMap/node/7549196210","sourceUpdatedAt":null,"verifiedAt":null}},{"type":"Feature","geometry":{"type":"Point","coordinates":[14.4696835,48.9613119]},"properties":{"id":"bikerack:425ca393-4d95-4086-8e04-d6c636b264ea","kind":"bikerack","longitude":14.4696835,"latitude":48.9613119,"name":"Bicycle Parking","city":"Ceske Budejovice","address":null,"covered":false,"access":null,"website":null,"phone":null,"source":"OpenStreetMap/node/7644372989","sourceUpdatedAt":null,"verifiedAt":null}},{"type":"Feature","geometry":{"type":"Point","coordinates":[14.4657689,48.977127]},"properties":{"id":"bikerack:43123632-7df1-4b90-9f39-05a7fcb86d81","kind":"bikerack","longitude":14.4657689,"latitude":48.977127,"name":"Bicycle Parking","city":"Ceske Budejovice","address":null,"covered":false,"access":null,"website":null,"phone":null,"source":"OpenStreetMap/node/9638836091","sourceUpdatedAt":null,"verifiedAt":null}},{"type":"Feature","geometry":{"type":"Point","coordinates":[14.4790168,48.9648507]},"properties":{"id":"bikerack:43bc3c35-b2fd-46d2-9fee-d4e598c10a82","kind":"bikerack","longitude":14.4790168,"latitude":48.9648507,"name":"Bicycle Parking","city":"Ceske Budejovice","address":null,"covered":false,"access":null,"website":null,"phone":null,"source":"OpenStreetMap/node/12691102234","sourceUpdatedAt":null,"verifiedAt":null}},{"type":"Feature","geometry":{"type":"Point","coordinates":[14.4873489,48.9750542]},"properties":{"id":"bikerack:458e0980-d8ef-46ef-8c5f-cd1a95beec20","kind":"bikerack","longitude":14.4873489,"latitude":48.9750542,"name":"Bicycle Parking","city":"Ceske Budejovice","address":null,"covered":true,"access":null,"website":null,"phone":null,"source":"OpenStreetMap/node/7166445110","sourceUpdatedAt":null,"verifiedAt":null}},{"type":"Feature","geometry":{"type":"Point","coordinates":[14.4672855,48.9662207]},"properties":{"id":"bikerack:46392b3a-f375-49c8-b46d-fc4c2f15b547","kind":"bikerack","longitude":14.4672855,"latitude":48.9662207,"name":"Bicycle Parking","city":"Ceske Budejovice","address":null,"covered":false,"access":null,"website":null,"phone":null,"source":"OpenStreetMap/way/1333814520","sourceUpdatedAt":null,"verifiedAt":null}},{"type":"Feature","geometry":{"type":"Point","coordinates":[14.4735142,48.9630251]},"properties":{"id":"bikerack:46983cf6-05d1-44ea-89c0-1b05e1d3f1dc","kind":"bikerack","longitude":14.4735142,"latitude":48.9630251,"name":"Bicycle Parking","city":"Ceske Budejovice","address":null,"covered":false,"access":null,"website":null,"phone":null,"source":"OpenStreetMap/node/7826238845","sourceUpdatedAt":null,"verifiedAt":null}},{"type":"Feature","geometry":{"type":"Point","coordinates":[14.4877231,48.9707219]},"properties":{"id":"bikerack:46e475a3-1fe3-4f21-a8e5-b3e2478170b6","kind":"bikerack","longitude":14.4877231,"latitude":48.9707219,"name":"Bicycle Parking","city":"Ceske Budejovice","address":null,"covered":false,"access":null,"website":null,"phone":null,"source":"OpenStreetMap/way/1427642949","sourceUpdatedAt":null,"verifiedAt":null}},{"type":"Feature","geometry":{"type":"Point","coordinates":[14.4680555,48.9697173]},"properties":{"id":"bikerack:4772d392-eb3d-46dd-a25a-5c69280c3ccc","kind":"bikerack","longitude":14.4680555,"latitude":48.9697173,"name":"Bicycle Parking","city":"Ceske Budejovice","address":null,"covered":true,"access":null,"website":null,"phone":null,"source":"OpenStreetMap/node/7517851063","sourceUpdatedAt":null,"verifiedAt":null}},{"type":"Feature","geometry":{"type":"Point","coordinates":[14.4759345,48.9702157]},"properties":{"id":"bikerack:47e25c50-4ce5-4915-8162-73d4a1557f97","kind":"bikerack","longitude":14.4759345,"latitude":48.9702157,"name":"Bicycle Parking","city":"Ceske Budejovice","address":null,"covered":true,"access":null,"website":null,"phone":null,"source":"OpenStreetMap/way/864118086","sourceUpdatedAt":null,"verifiedAt":null}},{"type":"Feature","geometry":{"type":"Point","coordinates":[14.4803114,48.9758918]},"properties":{"id":"bikerack:4a146dfe-fd4d-447f-887a-a6237563e409","kind":"bikerack","longitude":14.4803114,"latitude":48.9758918,"name":"Bicycle Parking","city":"Ceske Budejovice","address":null,"covered":false,"access":null,"website":null,"phone":null,"source":"OpenStreetMap/node/7750188703","sourceUpdatedAt":null,"verifiedAt":null}},{"type":"Feature","geometry":{"type":"Point","coordinates":[14.4783912,48.9736221]},"properties":{"id":"bikerack:4b51b93d-430f-402d-98b4-4de2c3af98bb","kind":"bikerack","longitude":14.4783912,"latitude":48.9736221,"name":"Bicycle Parking","city":"Ceske Budejovice","address":null,"covered":false,"access":null,"website":null,"phone":null,"source":"OpenStreetMap/node/7200125959","sourceUpdatedAt":null,"verifiedAt":null}},{"type":"Feature","geometry":{"type":"Point","coordinates":[14.4791873,48.9735882]},"properties":{"id":"bikerack:4c8063fd-c1db-4946-8b19-78eb37e46de4","kind":"bikerack","longitude":14.4791873,"latitude":48.9735882,"name":"Bicycle Parking","city":"Ceske Budejovice","address":null,"covered":false,"access":null,"website":null,"phone":null,"source":"OpenStreetMap/node/7276682059","sourceUpdatedAt":null,"verifiedAt":null}},{"type":"Feature","geometry":{"type":"Point","coordinates":[14.4797677,48.9617077]},"properties":{"id":"bikerack:4d6f2913-1cbe-4f87-808b-d560e4f65f66","kind":"bikerack","longitude":14.4797677,"latitude":48.9617077,"name":"Bicycle Parking","city":"Ceske Budejovice","address":null,"covered":false,"access":null,"website":null,"phone":null,"source":"OpenStreetMap/node/13176662885","sourceUpdatedAt":null,"verifiedAt":null}},{"type":"Feature","geometry":{"type":"Point","coordinates":[14.4736323,48.9757954]},"properties":{"id":"bikerack:4fd54ed9-8070-4980-801d-6ab64df156d5","kind":"bikerack","longitude":14.4736323,"latitude":48.9757954,"name":"Bicycle Parking","city":"Ceske Budejovice","address":null,"covered":false,"access":null,"website":null,"phone":null,"source":"OpenStreetMap/node/7208372362","sourceUpdatedAt":null,"verifiedAt":null}},{"type":"Feature","geometry":{"type":"Point","coordinates":[14.4712032,48.9764858]},"properties":{"id":"bikerack:51990d48-8c5e-47b7-a07d-5a73a2705947","kind":"bikerack","longitude":14.4712032,"latitude":48.9764858,"name":"Bicycle Parking","city":"Ceske Budejovice","address":null,"covered":false,"access":null,"website":null,"phone":null,"source":"OpenStreetMap/node/7259121174","sourceUpdatedAt":null,"verifiedAt":null}},{"type":"Feature","geometry":{"type":"Point","coordinates":[14.4780933,48.9739605]},"properties":{"id":"bikerack:51cd8e9b-ee20-4448-978a-f578ef239e71","kind":"bikerack","longitude":14.4780933,"latitude":48.9739605,"name":"Bicycle Parking","city":"Ceske Budejovice","address":null,"covered":true,"access":null,"website":null,"phone":null,"source":"OpenStreetMap/node/13392727050","sourceUpdatedAt":null,"verifiedAt":null}},{"type":"Feature","geometry":{"type":"Point","coordinates":[14.4717714,48.976371]},"properties":{"id":"bikerack:52eb4ad9-7091-471f-96f9-0bb1d1f67f04","kind":"bikerack","longitude":14.4717714,"latitude":48.976371,"name":"Bicycle Parking","city":"Ceske Budejovice","address":null,"covered":false,"access":null,"website":null,"phone":null,"source":"OpenStreetMap/node/9713709907","sourceUpdatedAt":null,"verifiedAt":null}},{"type":"Feature","geometry":{"type":"Point","coordinates":[14.5017574,48.9764689]},"properties":{"id":"bikerack:5389c094-cc47-431c-81ae-3683c78110ae","kind":"bikerack","longitude":14.5017574,"latitude":48.9764689,"name":"Bicycle Parking","city":"Ceske Budejovice","address":null,"covered":false,"access":null,"website":null,"phone":null,"source":"OpenStreetMap/node/12306873842","sourceUpdatedAt":null,"verifiedAt":null}},{"type":"Feature","geometry":{"type":"Point","coordinates":[14.4972019,48.971564]},"properties":{"id":"bikerack:53b46fa7-7cb3-4d95-9624-6750c4decacf","kind":"bikerack","longitude":14.4972019,"latitude":48.971564,"name":"Bicycle Parking","city":"Ceske Budejovice","address":null,"covered":false,"access":null,"website":null,"phone":null,"source":"OpenStreetMap/node/7835431100","sourceUpdatedAt":null,"verifiedAt":null}},{"type":"Feature","geometry":{"type":"Point","coordinates":[14.4638281,48.9799271]},"properties":{"id":"bikerack:5534ec1b-a06b-4403-8740-618f46665896","kind":"bikerack","longitude":14.4638281,"latitude":48.9799271,"name":"Bicycle Parking","city":"Ceske Budejovice","address":null,"covered":false,"access":null,"website":null,"phone":null,"source":"OpenStreetMap/node/12461118374","sourceUpdatedAt":null,"verifiedAt":null}},{"type":"Feature","geometry":{"type":"Point","coordinates":[14.4717001,48.9759455]},"properties":{"id":"bikerack:563f9d4d-9259-4240-9666-ba43be5d2908","kind":"bikerack","longitude":14.4717001,"latitude":48.9759455,"name":"Bicycle Parking","city":"Ceske Budejovice","address":null,"covered":false,"access":null,"website":null,"phone":null,"source":"OpenStreetMap/node/7685435850","sourceUpdatedAt":null,"verifiedAt":null}},{"type":"Feature","geometry":{"type":"Point","coordinates":[14.4771532,48.9801843]},"properties":{"id":"bikerack:567fb04a-c8b3-4ea3-9de0-267028d0b164","kind":"bikerack","longitude":14.4771532,"latitude":48.9801843,"name":"Bicycle Parking","city":"Ceske Budejovice","address":null,"covered":false,"access":null,"website":null,"phone":null,"source":"OpenStreetMap/node/7628565894","sourceUpdatedAt":null,"verifiedAt":null}},{"type":"Feature","geometry":{"type":"Point","coordinates":[14.4880102,48.9740357]},"properties":{"id":"bikerack:5725fa06-9311-4ae2-8181-0c65eff4759c","kind":"bikerack","longitude":14.4880102,"latitude":48.9740357,"name":"Bicycle Parking","city":"Ceske Budejovice","address":null,"covered":false,"access":null,"website":null,"phone":null,"source":"OpenStreetMap/node/11443636966","sourceUpdatedAt":null,"verifiedAt":null}},{"type":"Feature","geometry":{"type":"Point","coordinates":[14.4602531,48.9551477]},"properties":{"id":"bikerack:5854dd00-647f-42a3-a02c-cbd9074407ca","kind":"bikerack","longitude":14.4602531,"latitude":48.9551477,"name":"Bicycle Parking","city":"Litvinovice","address":null,"covered":false,"access":null,"website":null,"phone":null,"source":"OpenStreetMap/node/7603647354","sourceUpdatedAt":null,"verifiedAt":null}},{"type":"Feature","geometry":{"type":"Point","coordinates":[14.4788621,48.9703342]},"properties":{"id":"bikerack:58714151-f6e3-4ecf-9032-1d0d80488865","kind":"bikerack","longitude":14.4788621,"latitude":48.9703342,"name":"Bicycle Parking","city":"Ceske Budejovice","address":null,"covered":true,"access":null,"website":null,"phone":null,"source":"OpenStreetMap/node/7256187248","sourceUpdatedAt":null,"verifiedAt":null}},{"type":"Feature","geometry":{"type":"Point","coordinates":[14.4762542,48.974328]},"properties":{"id":"bikerack:588c3cee-8283-4a9e-acc5-e4506bf83e3f","kind":"bikerack","longitude":14.4762542,"latitude":48.974328,"name":"Bicycle Parking","city":"Ceske Budejovice","address":null,"covered":true,"access":null,"website":null,"phone":null,"source":"OpenStreetMap/node/7775344974","sourceUpdatedAt":null,"verifiedAt":null}},{"type":"Feature","geometry":{"type":"Point","coordinates":[14.466815,48.9529766]},"properties":{"id":"bikerack:598ce7f1-56d6-451f-b377-55e8ed205480","kind":"bikerack","longitude":14.466815,"latitude":48.9529766,"name":"Bicycle Parking","city":"Litvinovice","address":null,"covered":false,"access":null,"website":null,"phone":null,"source":"OpenStreetMap/node/7395007192","sourceUpdatedAt":null,"verifiedAt":null}},{"type":"Feature","geometry":{"type":"Point","coordinates":[14.4751299,48.9741676]},"properties":{"id":"bikerack:5a040eb3-5a06-4d55-81c1-b9cc773899d3","kind":"bikerack","longitude":14.4751299,"latitude":48.9741676,"name":"Bicycle Parking","city":"Ceske Budejovice","address":null,"covered":true,"access":null,"website":null,"phone":null,"source":"OpenStreetMap/node/7255655773","sourceUpdatedAt":null,"verifiedAt":null}},{"type":"Feature","geometry":{"type":"Point","coordinates":[14.4725659,48.9747438]},"properties":{"id":"bikerack:5a7a1fd7-a757-407e-abfb-d76962344d27","kind":"bikerack","longitude":14.4725659,"latitude":48.9747438,"name":"Bicycle Parking","city":"Ceske Budejovice","address":null,"covered":false,"access":null,"website":null,"phone":null,"source":"OpenStreetMap/node/7200125961","sourceUpdatedAt":null,"verifiedAt":null}},{"type":"Feature","geometry":{"type":"Point","coordinates":[14.4670279,48.9779887]},"properties":{"id":"bikerack:5bd050a8-5cb8-4067-add4-78df63534985","kind":"bikerack","longitude":14.4670279,"latitude":48.9779887,"name":"Bicycle Parking","city":"Ceske Budejovice","address":null,"covered":false,"access":null,"website":null,"phone":null,"source":"OpenStreetMap/node/7296786784","sourceUpdatedAt":null,"verifiedAt":null}},{"type":"Feature","geometry":{"type":"Point","coordinates":[14.4694524,48.9778928]},"properties":{"id":"bikerack:5d6aa432-14b4-41fe-a1de-1d114c930a60","kind":"bikerack","longitude":14.4694524,"latitude":48.9778928,"name":"Bicycle Parking","city":"Ceske Budejovice","address":null,"covered":false,"access":null,"website":null,"phone":null,"source":"OpenStreetMap/node/7603382585","sourceUpdatedAt":null,"verifiedAt":null}},{"type":"Feature","geometry":{"type":"Point","coordinates":[14.4794768,48.9661129]},"properties":{"id":"bikerack:5ea82bef-dcdf-4346-b609-822079ef9a8a","kind":"bikerack","longitude":14.4794768,"latitude":48.9661129,"name":"Bicycle Parking","city":"Ceske Budejovice","address":null,"covered":false,"access":null,"website":null,"phone":null,"source":"OpenStreetMap/node/7276653718","sourceUpdatedAt":null,"verifiedAt":null}},{"type":"Feature","geometry":{"type":"Point","coordinates":[14.473909,48.9778747]},"properties":{"id":"bikerack:5f931635-273c-47f5-ab7f-c6308933f475","kind":"bikerack","longitude":14.473909,"latitude":48.9778747,"name":"Bicycle Parking","city":"Ceske Budejovice","address":null,"covered":false,"access":null,"website":null,"phone":null,"source":"OpenStreetMap/node/7208372369","sourceUpdatedAt":null,"verifiedAt":null}},{"type":"Feature","geometry":{"type":"Point","coordinates":[14.4774775,48.9585844]},"properties":{"id":"bikerack:5fc2fc86-5b11-44be-ad54-a7f702ad4b7d","kind":"bikerack","longitude":14.4774775,"latitude":48.9585844,"name":"Bicycle Parking","city":"Ceske Budejovice","address":null,"covered":false,"access":null,"website":null,"phone":null,"source":"OpenStreetMap/node/7612855810","sourceUpdatedAt":null,"verifiedAt":null}},{"type":"Feature","geometry":{"type":"Point","coordinates":[14.4781626,48.9747599]},"properties":{"id":"bikerack:5ff91acb-7086-497e-b0a7-ecf269faa529","kind":"bikerack","longitude":14.4781626,"latitude":48.9747599,"name":"Bicycle Parking","city":"Ceske Budejovice","address":null,"covered":false,"access":null,"website":null,"phone":null,"source":"OpenStreetMap/node/7200125964","sourceUpdatedAt":null,"verifiedAt":null}},{"type":"Feature","geometry":{"type":"Point","coordinates":[14.4796758,48.9617406]},"properties":{"id":"bikerack:602c06c2-3117-4db9-a3e8-41c3d9d18826","kind":"bikerack","longitude":14.4796758,"latitude":48.9617406,"name":"Bicycle Parking","city":"Ceske Budejovice","address":null,"covered":false,"access":null,"website":null,"phone":null,"source":"OpenStreetMap/node/13176666510","sourceUpdatedAt":null,"verifiedAt":null}},{"type":"Feature","geometry":{"type":"Point","coordinates":[14.4723368,48.9680384]},"properties":{"id":"bikerack:605fcf7d-08c4-4229-841f-f820d6dba0cf","kind":"bikerack","longitude":14.4723368,"latitude":48.9680384,"name":"Bicycle Parking","city":"Ceske Budejovice","address":null,"covered":false,"access":null,"website":null,"phone":null,"source":"OpenStreetMap/node/7538441173","sourceUpdatedAt":null,"verifiedAt":null}},{"type":"Feature","geometry":{"type":"Point","coordinates":[14.4764216,48.974486]},"properties":{"id":"bikerack:610bcff9-79e8-4c56-91fd-daa5d7be4553","kind":"bikerack","longitude":14.4764216,"latitude":48.974486,"name":"Bicycle Parking","city":"Ceske Budejovice","address":null,"covered":true,"access":null,"website":null,"phone":null,"source":"OpenStreetMap/node/11469025774","sourceUpdatedAt":null,"verifiedAt":null}},{"type":"Feature","geometry":{"type":"Point","coordinates":[14.4760595,48.9706374]},"properties":{"id":"bikerack:622522e1-82de-4587-9786-0c534e956c36","kind":"bikerack","longitude":14.4760595,"latitude":48.9706374,"name":"Bicycle Parking","city":"Ceske Budejovice","address":null,"covered":false,"access":null,"website":null,"phone":null,"source":"OpenStreetMap/node/11813361163","sourceUpdatedAt":null,"verifiedAt":null}},{"type":"Feature","geometry":{"type":"Point","coordinates":[14.4833873,48.9744275]},"properties":{"id":"bikerack:631e5aa9-0cdb-4669-b2a1-4bb95c0f4ba5","kind":"bikerack","longitude":14.4833873,"latitude":48.9744275,"name":"Bicycle Parking","city":"Ceske Budejovice","address":null,"covered":false,"access":null,"website":null,"phone":null,"source":"OpenStreetMap/node/7200125954","sourceUpdatedAt":null,"verifiedAt":null}},{"type":"Feature","geometry":{"type":"Point","coordinates":[14.4799073,48.9744604]},"properties":{"id":"bikerack:64808177-e94e-465e-ac7f-59d46000cf9c","kind":"bikerack","longitude":14.4799073,"latitude":48.9744604,"name":"Bicycle Parking","city":"Ceske Budejovice","address":null,"covered":false,"access":null,"website":null,"phone":null,"source":"OpenStreetMap/node/7200125946","sourceUpdatedAt":null,"verifiedAt":null}},{"type":"Feature","geometry":{"type":"Point","coordinates":[14.4687327,48.959289]},"properties":{"id":"bikerack:65d648fa-165a-4d6f-ad40-c04f8b5c83c4","kind":"bikerack","longitude":14.4687327,"latitude":48.959289,"name":"Bicycle Parking","city":"Ceske Budejovice","address":null,"covered":false,"access":null,"website":null,"phone":null,"source":"OpenStreetMap/node/7276841462","sourceUpdatedAt":null,"verifiedAt":null}},{"type":"Feature","geometry":{"type":"Point","coordinates":[14.4719648,48.9705563]},"properties":{"id":"bikerack:676162ce-9a6e-4311-97eb-21ac5d62f33c","kind":"bikerack","longitude":14.4719648,"latitude":48.9705563,"name":"Bicycle Parking","city":"Ceske Budejovice","address":null,"covered":false,"access":null,"website":null,"phone":null,"source":"OpenStreetMap/node/7538459693","sourceUpdatedAt":null,"verifiedAt":null}},{"type":"Feature","geometry":{"type":"Point","coordinates":[14.4864419,48.9748957]},"properties":{"id":"bikerack:67bd28ea-eaba-4344-ab24-cffcf9fe48f0","kind":"bikerack","longitude":14.4864419,"latitude":48.9748957,"name":"Bicycle Parking","city":"Ceske Budejovice","address":null,"covered":false,"access":null,"website":null,"phone":null,"source":"OpenStreetMap/node/13179007546","sourceUpdatedAt":null,"verifiedAt":null}},{"type":"Feature","geometry":{"type":"Point","coordinates":[14.4786847,48.9703279]},"properties":{"id":"bikerack:6826e37b-3645-40c8-a2d2-13f0eb585085","kind":"bikerack","longitude":14.4786847,"latitude":48.9703279,"name":"Bicycle Parking","city":"Ceske Budejovice","address":null,"covered":true,"access":null,"website":null,"phone":null,"source":"OpenStreetMap/node/7256187247","sourceUpdatedAt":null,"verifiedAt":null}},{"type":"Feature","geometry":{"type":"Point","coordinates":[14.4712953,48.9764435]},"properties":{"id":"bikerack:6861e99b-8b0c-441d-a72c-73b7c146cbf6","kind":"bikerack","longitude":14.4712953,"latitude":48.9764435,"name":"Bicycle Parking","city":"Ceske Budejovice","address":null,"covered":false,"access":null,"website":null,"phone":null,"source":"OpenStreetMap/node/7237532263","sourceUpdatedAt":null,"verifiedAt":null}},{"type":"Feature","geometry":{"type":"Point","coordinates":[14.4708541,48.9662384]},"properties":{"id":"bikerack:68a5cd53-f002-43c7-adea-d5bc78c7e0ae","kind":"bikerack","longitude":14.4708541,"latitude":48.9662384,"name":"Bicycle Parking","city":"Ceske Budejovice","address":null,"covered":false,"access":null,"website":null,"phone":null,"source":"OpenStreetMap/node/7644372479","sourceUpdatedAt":null,"verifiedAt":null}},{"type":"Feature","geometry":{"type":"Point","coordinates":[14.4881879,48.9736167]},"properties":{"id":"bikerack:68aee851-5f8e-4320-b203-534f16356c02","kind":"bikerack","longitude":14.4881879,"latitude":48.9736167,"name":"Bicycle Parking","city":"Ceske Budejovice","address":null,"covered":true,"access":null,"website":null,"phone":null,"source":"OpenStreetMap/node/12277054530","sourceUpdatedAt":null,"verifiedAt":null}},{"type":"Feature","geometry":{"type":"Point","coordinates":[14.4731538,48.9618909]},"properties":{"id":"bikerack:68df614b-d487-4921-9195-3fc9801e09f1","kind":"bikerack","longitude":14.4731538,"latitude":48.9618909,"name":"Bicycle Parking","city":"Ceske Budejovice","address":null,"covered":false,"access":null,"website":null,"phone":null,"source":"OpenStreetMap/node/7390100722","sourceUpdatedAt":null,"verifiedAt":null}},{"type":"Feature","geometry":{"type":"Point","coordinates":[14.4764692,48.9746435]},"properties":{"id":"bikerack:69489440-2d21-462e-ac70-fbd8ca92bce0","kind":"bikerack","longitude":14.4764692,"latitude":48.9746435,"name":"Bicycle Parking","city":"Ceske Budejovice","address":null,"covered":false,"access":null,"website":null,"phone":null,"source":"OpenStreetMap/node/7198697165","sourceUpdatedAt":null,"verifiedAt":null}},{"type":"Feature","geometry":{"type":"Point","coordinates":[14.4831881,48.9747079]},"properties":{"id":"bikerack:695a9306-fbb1-477b-961f-5f1cdde0a363","kind":"bikerack","longitude":14.4831881,"latitude":48.9747079,"name":"Bicycle Parking","city":"Ceske Budejovice","address":null,"covered":false,"access":null,"website":null,"phone":null,"source":"OpenStreetMap/node/9918622596","sourceUpdatedAt":null,"verifiedAt":null}},{"type":"Feature","geometry":{"type":"Point","coordinates":[14.4786943,48.9740083]},"properties":{"id":"bikerack:699f1f18-0610-4265-9848-569f828ddf4b","kind":"bikerack","longitude":14.4786943,"latitude":48.9740083,"name":"Bicycle Parking","city":"Ceske Budejovice","address":null,"covered":false,"access":null,"website":null,"phone":null,"source":"OpenStreetMap/node/6171484854","sourceUpdatedAt":null,"verifiedAt":null}},{"type":"Feature","geometry":{"type":"Point","coordinates":[14.4794206,48.9744353]},"properties":{"id":"bikerack:69e58f06-3199-4afc-969c-3bdf33d6649d","kind":"bikerack","longitude":14.4794206,"latitude":48.9744353,"name":"Bicycle Parking","city":"Ceske Budejovice","address":null,"covered":false,"access":null,"website":null,"phone":null,"source":"OpenStreetMap/node/9918622589","sourceUpdatedAt":null,"verifiedAt":null}},{"type":"Feature","geometry":{"type":"Point","coordinates":[14.4806908,48.9744187]},"properties":{"id":"bikerack:69f228d8-521d-46da-9612-99cd71a18e5c","kind":"bikerack","longitude":14.4806908,"latitude":48.9744187,"name":"Bicycle Parking","city":"Ceske Budejovice","address":null,"covered":false,"access":null,"website":null,"phone":null,"source":"OpenStreetMap/node/11147648680","sourceUpdatedAt":null,"verifiedAt":null}},{"type":"Feature","geometry":{"type":"Point","coordinates":[14.4667538,48.9786145]},"properties":{"id":"bikerack:6ab03063-1c23-4b95-bc06-8b236c7d5d6d","kind":"bikerack","longitude":14.4667538,"latitude":48.9786145,"name":"Bicycle Parking","city":"Ceske Budejovice","address":null,"covered":false,"access":null,"website":null,"phone":null,"source":"OpenStreetMap/node/7296786751","sourceUpdatedAt":null,"verifiedAt":null}},{"type":"Feature","geometry":{"type":"Point","coordinates":[14.471789,48.9758891]},"properties":{"id":"bikerack:6b8fa3c9-faea-4b8e-aed4-231662616295","kind":"bikerack","longitude":14.471789,"latitude":48.9758891,"name":"Bicycle Parking","city":"Ceske Budejovice","address":null,"covered":false,"access":null,"website":null,"phone":null,"source":"OpenStreetMap/node/7200125938","sourceUpdatedAt":null,"verifiedAt":null}},{"type":"Feature","geometry":{"type":"Point","coordinates":[14.4732178,48.9777996]},"properties":{"id":"bikerack:6bc21f56-a93a-4d13-82f5-b2d0dcaec623","kind":"bikerack","longitude":14.4732178,"latitude":48.9777996,"name":"Bicycle Parking","city":"Ceske Budejovice","address":null,"covered":false,"access":null,"website":null,"phone":null,"source":"OpenStreetMap/node/7200125963","sourceUpdatedAt":null,"verifiedAt":null}},{"type":"Feature","geometry":{"type":"Point","coordinates":[14.4771476,48.9714023]},"properties":{"id":"bikerack:6c0670e7-a5d0-407e-a349-e437a60effa4","kind":"bikerack","longitude":14.4771476,"latitude":48.9714023,"name":"Bicycle Parking","city":"Ceske Budejovice","address":null,"covered":false,"access":null,"website":null,"phone":null,"source":"OpenStreetMap/node/7258968751","sourceUpdatedAt":null,"verifiedAt":null}},{"type":"Feature","geometry":{"type":"Point","coordinates":[14.476234,48.9661977]},"properties":{"id":"bikerack:6db05802-e42a-4d7a-b382-0e8ffd9e73a6","kind":"bikerack","longitude":14.476234,"latitude":48.9661977,"name":"Bicycle Parking","city":"Ceske Budejovice","address":null,"covered":false,"access":null,"website":null,"phone":null,"source":"OpenStreetMap/node/7235221655","sourceUpdatedAt":null,"verifiedAt":null}},{"type":"Feature","geometry":{"type":"Point","coordinates":[14.4689227,48.9602208]},"properties":{"id":"bikerack:6dcb23a2-1065-4d9d-a97b-068e061b99ef","kind":"bikerack","longitude":14.4689227,"latitude":48.9602208,"name":"Bicycle Parking","city":"Ceske Budejovice","address":null,"covered":false,"access":null,"website":null,"phone":null,"source":"OpenStreetMap/node/7592015330","sourceUpdatedAt":null,"verifiedAt":null}},{"type":"Feature","geometry":{"type":"Point","coordinates":[14.470469,48.9724839]},"properties":{"id":"bikerack:6ddd7ecb-f5a4-443a-a2b4-f1b985351f57","kind":"bikerack","longitude":14.470469,"latitude":48.9724839,"name":"Bicycle Parking","city":"Ceske Budejovice","address":null,"covered":false,"access":null,"website":null,"phone":null,"source":"OpenStreetMap/node/8118413239","sourceUpdatedAt":null,"verifiedAt":null}},{"type":"Feature","geometry":{"type":"Point","coordinates":[14.4749144,48.9749116]},"properties":{"id":"bikerack:6e67696b-c411-4909-9556-b5b69f3d21b8","kind":"bikerack","longitude":14.4749144,"latitude":48.9749116,"name":"Bicycle Parking","city":"Ceske Budejovice","address":null,"covered":false,"access":null,"website":null,"phone":null,"source":"OpenStreetMap/node/4242804494","sourceUpdatedAt":null,"verifiedAt":null}},{"type":"Feature","geometry":{"type":"Point","coordinates":[14.4779255,48.9744458]},"properties":{"id":"bikerack:6ef5a567-1d2e-4fa9-bf4c-ceec59d2321d","kind":"bikerack","longitude":14.4779255,"latitude":48.9744458,"name":"Bicycle Parking","city":"Ceske Budejovice","address":null,"covered":false,"access":null,"website":null,"phone":null,"source":"OpenStreetMap/node/7200125945","sourceUpdatedAt":null,"verifiedAt":null}},{"type":"Feature","geometry":{"type":"Point","coordinates":[14.4904664,48.9748806]},"properties":{"id":"bikerack:71610d72-1178-43d8-954e-beff360a693c","kind":"bikerack","longitude":14.4904664,"latitude":48.9748806,"name":"Bicycle Parking","city":"Ceske Budejovice","address":null,"covered":true,"access":null,"website":null,"phone":null,"source":"OpenStreetMap/way/868771016","sourceUpdatedAt":null,"verifiedAt":null}},{"type":"Feature","geometry":{"type":"Point","coordinates":[14.4727037,48.9620368]},"properties":{"id":"bikerack:71702d9e-0ee2-4a53-aa9c-93e7c3efef8e","kind":"bikerack","longitude":14.4727037,"latitude":48.9620368,"name":"Bicycle Parking","city":"Ceske Budejovice","address":null,"covered":true,"access":null,"website":null,"phone":null,"source":"OpenStreetMap/node/12696964555","sourceUpdatedAt":null,"verifiedAt":null}},{"type":"Feature","geometry":{"type":"Point","coordinates":[14.4731704,48.9733152]},"properties":{"id":"bikerack:71f98519-ae6a-41fd-afe2-fb996dc73978","kind":"bikerack","longitude":14.4731704,"latitude":48.9733152,"name":"Bicycle Parking","city":"Ceske Budejovice","address":null,"covered":false,"access":null,"website":null,"phone":null,"source":"OpenStreetMap/node/13196313965","sourceUpdatedAt":null,"verifiedAt":null}},{"type":"Feature","geometry":{"type":"Point","coordinates":[14.473989,48.9684881]},"properties":{"id":"bikerack:72a9a134-d38c-44d3-be4a-47aceaa9a0db","kind":"bikerack","longitude":14.473989,"latitude":48.9684881,"name":"Bicycle Parking","city":"Ceske Budejovice","address":null,"covered":false,"access":null,"website":null,"phone":null,"source":"OpenStreetMap/node/7156307009","sourceUpdatedAt":null,"verifiedAt":null}},{"type":"Feature","geometry":{"type":"Point","coordinates":[14.479569,48.9707848]},"properties":{"id":"bikerack:72b9ec48-dd29-4620-87c2-bc7f5f1a1ed1","kind":"bikerack","longitude":14.479569,"latitude":48.9707848,"name":"Bicycle Parking","city":"Ceske Budejovice","address":null,"covered":false,"access":null,"website":null,"phone":null,"source":"OpenStreetMap/node/12467994401","sourceUpdatedAt":null,"verifiedAt":null}},{"type":"Feature","geometry":{"type":"Point","coordinates":[14.4749303,48.9731424]},"properties":{"id":"bikerack:72e44527-14d7-467e-a4e9-9f780ca526f2","kind":"bikerack","longitude":14.4749303,"latitude":48.9731424,"name":"Bicycle Parking","city":"Ceske Budejovice","address":null,"covered":false,"access":null,"website":null,"phone":null,"source":"OpenStreetMap/node/13196313964","sourceUpdatedAt":null,"verifiedAt":null}},{"type":"Feature","geometry":{"type":"Point","coordinates":[14.4583746,48.9738488]},"properties":{"id":"bikerack:73e7b9d3-1e75-4dfe-b556-caedec6f7777","kind":"bikerack","longitude":14.4583746,"latitude":48.9738488,"name":"Bicycle Parking","city":"Litvinovice","address":null,"covered":false,"access":null,"website":null,"phone":null,"source":"OpenStreetMap/node/7526908550","sourceUpdatedAt":null,"verifiedAt":null}},{"type":"Feature","geometry":{"type":"Point","coordinates":[14.5018781,48.9801454]},"properties":{"id":"bikerack:73e97f58-38ad-420a-8810-abf914f4b652","kind":"bikerack","longitude":14.5018781,"latitude":48.9801454,"name":"Bicycle Parking","city":"Ceske Budejovice","address":null,"covered":true,"access":null,"website":null,"phone":null,"source":"OpenStreetMap/way/1348759194","sourceUpdatedAt":null,"verifiedAt":null}},{"type":"Feature","geometry":{"type":"Point","coordinates":[14.458681,48.9738556]},"properties":{"id":"bikerack:7466a809-48ed-454a-8788-f75394a48be1","kind":"bikerack","longitude":14.458681,"latitude":48.9738556,"name":"Bicycle Parking","city":"Litvinovice","address":null,"covered":false,"access":null,"website":null,"phone":null,"source":"OpenStreetMap/node/7526908551","sourceUpdatedAt":null,"verifiedAt":null}},{"type":"Feature","geometry":{"type":"Point","coordinates":[14.4706942,48.9652057]},"properties":{"id":"bikerack:7673e33f-c3f6-4968-be34-fa8540dc8f60","kind":"bikerack","longitude":14.4706942,"latitude":48.9652057,"name":"Bicycle Parking","city":"Ceske Budejovice","address":null,"covered":false,"access":null,"website":null,"phone":null,"source":"OpenStreetMap/node/7565970585","sourceUpdatedAt":null,"verifiedAt":null}},{"type":"Feature","geometry":{"type":"Point","coordinates":[14.4876424,48.963727]},"properties":{"id":"bikerack:7719e06c-3b55-4bd1-a4ef-9c581e17abfd","kind":"bikerack","longitude":14.4876424,"latitude":48.963727,"name":"Bicycle Parking","city":"Ceske Budejovice","address":null,"covered":true,"access":null,"website":null,"phone":null,"source":"OpenStreetMap/way/891668832","sourceUpdatedAt":null,"verifiedAt":null}},{"type":"Feature","geometry":{"type":"Point","coordinates":[14.4734566,48.9585972]},"properties":{"id":"bikerack:77b9fbf7-468c-4b0b-9e0f-ef66dd8e7817","kind":"bikerack","longitude":14.4734566,"latitude":48.9585972,"name":"Bicycle Parking","city":"Ceske Budejovice","address":null,"covered":false,"access":null,"website":null,"phone":null,"source":"OpenStreetMap/node/7737260720","sourceUpdatedAt":null,"verifiedAt":null}},{"type":"Feature","geometry":{"type":"Point","coordinates":[14.4851355,48.9696919]},"properties":{"id":"bikerack:77dbbf42-cd32-4653-b7a6-b2e2d61e8a93","kind":"bikerack","longitude":14.4851355,"latitude":48.9696919,"name":"Bicycle Parking","city":"Ceske Budejovice","address":null,"covered":false,"access":null,"website":null,"phone":null,"source":"OpenStreetMap/node/7430046612","sourceUpdatedAt":null,"verifiedAt":null}},{"type":"Feature","geometry":{"type":"Point","coordinates":[14.4652704,48.967191]},"properties":{"id":"bikerack:78156887-bf65-4411-91a6-09bbbd02cfaa","kind":"bikerack","longitude":14.4652704,"latitude":48.967191,"name":"Bicycle Parking","city":"Ceske Budejovice","address":null,"covered":false,"access":null,"website":null,"phone":null,"source":"OpenStreetMap/node/7750406713","sourceUpdatedAt":null,"verifiedAt":null}},{"type":"Feature","geometry":{"type":"Point","coordinates":[14.4643782,48.9657118]},"properties":{"id":"bikerack:78691f87-e9e0-47bb-a9e5-8cc36bd60b41","kind":"bikerack","longitude":14.4643782,"latitude":48.9657118,"name":"Bicycle Parking","city":"Ceske Budejovice","address":null,"covered":false,"access":null,"website":null,"phone":null,"source":"OpenStreetMap/node/7389995957","sourceUpdatedAt":null,"verifiedAt":null}},{"type":"Feature","geometry":{"type":"Point","coordinates":[14.4989553,48.9675582]},"properties":{"id":"bikerack:78ff53cc-559b-4c45-b957-4666d5c17972","kind":"bikerack","longitude":14.4989553,"latitude":48.9675582,"name":"Bicycle Parking","city":"Ceske Budejovice","address":null,"covered":false,"access":null,"website":null,"phone":null,"source":"OpenStreetMap/node/7551422725","sourceUpdatedAt":null,"verifiedAt":null}},{"type":"Feature","geometry":{"type":"Point","coordinates":[14.4777584,48.9701164]},"properties":{"id":"bikerack:7a02268c-760c-49a9-8583-6e7688445cc1","kind":"bikerack","longitude":14.4777584,"latitude":48.9701164,"name":"Bicycle Parking","city":"Ceske Budejovice","address":null,"covered":false,"access":null,"website":null,"phone":null,"source":"OpenStreetMap/node/10871240624","sourceUpdatedAt":null,"verifiedAt":null}},{"type":"Feature","geometry":{"type":"Point","coordinates":[14.4915325,48.9583348]},"properties":{"id":"bikerack:7a782844-2b42-4cae-b581-9eacec4912b5","kind":"bikerack","longitude":14.4915325,"latitude":48.9583348,"name":"Bicycle Parking","city":"Ceske Budejovice","address":null,"covered":false,"access":null,"website":null,"phone":null,"source":"OpenStreetMap/node/7299849431","sourceUpdatedAt":null,"verifiedAt":null}},{"type":"Feature","geometry":{"type":"Point","coordinates":[14.4738607,48.9751737]},"properties":{"id":"bikerack:7b0eeb50-c7d9-4fd2-97b6-e601327b93f8","kind":"bikerack","longitude":14.4738607,"latitude":48.9751737,"name":"Bicycle Parking","city":"Ceske Budejovice","address":null,"covered":false,"access":null,"website":null,"phone":null,"source":"OpenStreetMap/node/9885006083","sourceUpdatedAt":null,"verifiedAt":null}},{"type":"Feature","geometry":{"type":"Point","coordinates":[14.4666685,48.9716867]},"properties":{"id":"bikerack:7d51d182-1342-4bc1-b946-0f8fc8732eb9","kind":"bikerack","longitude":14.4666685,"latitude":48.9716867,"name":"Bicycle Parking","city":"Ceske Budejovice","address":null,"covered":true,"access":null,"website":null,"phone":null,"source":"OpenStreetMap/node/11445982865","sourceUpdatedAt":null,"verifiedAt":null}},{"type":"Feature","geometry":{"type":"Point","coordinates":[14.4742142,48.9786744]},"properties":{"id":"bikerack:7db876fb-1639-4e20-a74c-b4aef0840b05","kind":"bikerack","longitude":14.4742142,"latitude":48.9786744,"name":"Bicycle Parking","city":"Ceske Budejovice","address":null,"covered":false,"access":null,"website":null,"phone":null,"source":"OpenStreetMap/node/7198697125","sourceUpdatedAt":null,"verifiedAt":null}},{"type":"Feature","geometry":{"type":"Point","coordinates":[14.470197,48.9601581]},"properties":{"id":"bikerack:7e540169-ce55-48b4-871a-0c21324cddfd","kind":"bikerack","longitude":14.470197,"latitude":48.9601581,"name":"Bicycle Parking","city":"Ceske Budejovice","address":null,"covered":true,"access":null,"website":null,"phone":null,"source":"OpenStreetMap/node/7644372461","sourceUpdatedAt":null,"verifiedAt":null}},{"type":"Feature","geometry":{"type":"Point","coordinates":[14.4787457,48.977603]},"properties":{"id":"bikerack:7efba420-a660-4ce9-9e4c-7dc023e5845a","kind":"bikerack","longitude":14.4787457,"latitude":48.977603,"name":"Bicycle Parking","city":"Ceske Budejovice","address":null,"covered":false,"access":null,"website":null,"phone":null,"source":"OpenStreetMap/node/7448041864","sourceUpdatedAt":null,"verifiedAt":null}},{"type":"Feature","geometry":{"type":"Point","coordinates":[14.4755973,48.9770053]},"properties":{"id":"bikerack:7f85cebb-98db-4226-a639-f1957296eff4","kind":"bikerack","longitude":14.4755973,"latitude":48.9770053,"name":"Bicycle Parking","city":"Ceske Budejovice","address":null,"covered":false,"access":null,"website":null,"phone":null,"source":"OpenStreetMap/node/7296594715","sourceUpdatedAt":null,"verifiedAt":null}},{"type":"Feature","geometry":{"type":"Point","coordinates":[14.4738188,48.9761544]},"properties":{"id":"bikerack:7fa36a09-e537-4a2c-b043-25abb8cd4faf","kind":"bikerack","longitude":14.4738188,"latitude":48.9761544,"name":"Bicycle Parking","city":"Ceske Budejovice","address":null,"covered":true,"access":null,"website":null,"phone":null,"source":"OpenStreetMap/node/634641128","sourceUpdatedAt":null,"verifiedAt":null}},{"type":"Feature","geometry":{"type":"Point","coordinates":[14.4814721,48.9682101]},"properties":{"id":"bikerack:815b6034-417e-43d4-8941-58e69bf5a8c9","kind":"bikerack","longitude":14.4814721,"latitude":48.9682101,"name":"Bicycle Parking","city":"Ceske Budejovice","address":null,"covered":false,"access":null,"website":null,"phone":null,"source":"OpenStreetMap/node/7612855755","sourceUpdatedAt":null,"verifiedAt":null}},{"type":"Feature","geometry":{"type":"Point","coordinates":[14.4944853,48.9758513]},"properties":{"id":"bikerack:82161a46-eb56-442f-a851-2cbc6fab3699","kind":"bikerack","longitude":14.4944853,"latitude":48.9758513,"name":"Bicycle Parking","city":"Ceske Budejovice","address":null,"covered":false,"access":null,"website":null,"phone":null,"source":"OpenStreetMap/way/806203113","sourceUpdatedAt":null,"verifiedAt":null}},{"type":"Feature","geometry":{"type":"Point","coordinates":[14.4641323,48.9656917]},"properties":{"id":"bikerack:82584216-c7d5-4fbd-b9e3-988d95257545","kind":"bikerack","longitude":14.4641323,"latitude":48.9656917,"name":"Bicycle Parking","city":"Litvinovice","address":null,"covered":false,"access":null,"website":null,"phone":null,"source":"OpenStreetMap/node/7389995964","sourceUpdatedAt":null,"verifiedAt":null}},{"type":"Feature","geometry":{"type":"Point","coordinates":[14.4962975,48.9703279]},"properties":{"id":"bikerack:82dc78d2-a806-4aa9-b293-f6cae058711e","kind":"bikerack","longitude":14.4962975,"latitude":48.9703279,"name":"Bicycle Parking","city":"Ceske Budejovice","address":null,"covered":false,"access":null,"website":null,"phone":null,"source":"OpenStreetMap/node/7551422733","sourceUpdatedAt":null,"verifiedAt":null}},{"type":"Feature","geometry":{"type":"Point","coordinates":[14.4720587,48.9755265]},"properties":{"id":"bikerack:858b3a3e-f2f2-4dec-8970-eaf996cb15f5","kind":"bikerack","longitude":14.4720587,"latitude":48.9755265,"name":"Bicycle Parking","city":"Ceske Budejovice","address":null,"covered":false,"access":null,"website":null,"phone":null,"source":"OpenStreetMap/node/9799355229","sourceUpdatedAt":null,"verifiedAt":null}},{"type":"Feature","geometry":{"type":"Point","coordinates":[14.4734881,48.9740352]},"properties":{"id":"bikerack:859796a9-ee92-4a1d-b1eb-a1931c098eda","kind":"bikerack","longitude":14.4734881,"latitude":48.9740352,"name":"Bicycle Parking","city":"Ceske Budejovice","address":null,"covered":false,"access":null,"website":null,"phone":null,"source":"OpenStreetMap/node/9885172620","sourceUpdatedAt":null,"verifiedAt":null}},{"type":"Feature","geometry":{"type":"Point","coordinates":[14.4735673,48.970126]},"properties":{"id":"bikerack:85d6af25-e11f-4108-900a-63bc687595db","kind":"bikerack","longitude":14.4735673,"latitude":48.970126,"name":"Bicycle Parking","city":"Ceske Budejovice","address":null,"covered":false,"access":null,"website":null,"phone":null,"source":"OpenStreetMap/node/7235221604","sourceUpdatedAt":null,"verifiedAt":null}},{"type":"Feature","geometry":{"type":"Point","coordinates":[14.4704964,48.9600058]},"properties":{"id":"bikerack:85ee12ab-26d7-4121-ac3c-0f29d988717b","kind":"bikerack","longitude":14.4704964,"latitude":48.9600058,"name":"Bicycle Parking","city":"Ceske Budejovice","address":null,"covered":false,"access":null,"website":null,"phone":null,"source":"OpenStreetMap/node/7644372469","sourceUpdatedAt":null,"verifiedAt":null}},{"type":"Feature","geometry":{"type":"Point","coordinates":[14.4741219,48.9731601]},"properties":{"id":"bikerack:87a4d7bd-c5b2-4d1d-b0cb-53bfd307453f","kind":"bikerack","longitude":14.4741219,"latitude":48.9731601,"name":"Bicycle Parking","city":"Ceske Budejovice","address":null,"covered":false,"access":null,"website":null,"phone":null,"source":"OpenStreetMap/node/11469889336","sourceUpdatedAt":null,"verifiedAt":null}},{"type":"Feature","geometry":{"type":"Point","coordinates":[14.4779918,48.9621817]},"properties":{"id":"bikerack:883d0ba1-dc3b-42e7-8f4e-576ab9c4fdbd","kind":"bikerack","longitude":14.4779918,"latitude":48.9621817,"name":"Bicycle Parking","city":"Ceske Budejovice","address":null,"covered":false,"access":null,"website":null,"phone":null,"source":"OpenStreetMap/node/13176641772","sourceUpdatedAt":null,"verifiedAt":null}},{"type":"Feature","geometry":{"type":"Point","coordinates":[14.4750983,48.9701357]},"properties":{"id":"bikerack:887bd05f-e40d-4a86-bd8a-b9b3ffb3f919","kind":"bikerack","longitude":14.4750983,"latitude":48.9701357,"name":"Bicycle Parking","city":"Ceske Budejovice","address":null,"covered":false,"access":null,"website":null,"phone":null,"source":"OpenStreetMap/node/7985614474","sourceUpdatedAt":null,"verifiedAt":null}},{"type":"Feature","geometry":{"type":"Point","coordinates":[14.4698903,48.974205]},"properties":{"id":"bikerack:89036d1b-1e1a-4b08-a191-d4b33fbd48b0","kind":"bikerack","longitude":14.4698903,"latitude":48.974205,"name":"Bicycle Parking","city":"Ceske Budejovice","address":null,"covered":false,"access":null,"website":null,"phone":null,"source":"OpenStreetMap/node/7233621007","sourceUpdatedAt":null,"verifiedAt":null}},{"type":"Feature","geometry":{"type":"Point","coordinates":[14.474071,48.9718436]},"properties":{"id":"bikerack:8af11352-f999-40a3-b3ce-2b89474f6d20","kind":"bikerack","longitude":14.474071,"latitude":48.9718436,"name":"Bicycle Parking","city":"Ceske Budejovice","address":null,"covered":false,"access":null,"website":null,"phone":null,"source":"OpenStreetMap/node/7644203521","sourceUpdatedAt":null,"verifiedAt":null}},{"type":"Feature","geometry":{"type":"Point","coordinates":[14.4813985,48.9744002]},"properties":{"id":"bikerack:8b718078-2e9c-4357-be00-019b43767f68","kind":"bikerack","longitude":14.4813985,"latitude":48.9744002,"name":"Bicycle Parking","city":"Ceske Budejovice","address":null,"covered":false,"access":null,"website":null,"phone":null,"source":"OpenStreetMap/node/8951364643","sourceUpdatedAt":null,"verifiedAt":null}},{"type":"Feature","geometry":{"type":"Point","coordinates":[14.4708163,48.9612529]},"properties":{"id":"bikerack:8b9e3ac8-a118-4105-bee0-96718fb28dcf","kind":"bikerack","longitude":14.4708163,"latitude":48.9612529,"name":"Bicycle Parking","city":"Ceske Budejovice","address":null,"covered":false,"access":null,"website":null,"phone":null,"source":"OpenStreetMap/node/7390375240","sourceUpdatedAt":null,"verifiedAt":null}},{"type":"Feature","geometry":{"type":"Point","coordinates":[14.4760734,48.9755858]},"properties":{"id":"bikerack:8f0463b4-4ddf-4b90-b9c2-ec2496aab395","kind":"bikerack","longitude":14.4760734,"latitude":48.9755858,"name":"Bicycle Parking","city":"Ceske Budejovice","address":null,"covered":false,"access":null,"website":null,"phone":null,"source":"OpenStreetMap/node/11469889343","sourceUpdatedAt":null,"verifiedAt":null}},{"type":"Feature","geometry":{"type":"Point","coordinates":[14.4831012,48.9745623]},"properties":{"id":"bikerack:8f069523-57e1-4863-a029-daf637719bb1","kind":"bikerack","longitude":14.4831012,"latitude":48.9745623,"name":"Bicycle Parking","city":"Ceske Budejovice","address":null,"covered":true,"access":null,"website":null,"phone":null,"source":"OpenStreetMap/node/7523305883","sourceUpdatedAt":null,"verifiedAt":null}},{"type":"Feature","geometry":{"type":"Point","coordinates":[14.4750799,48.9642834]},"properties":{"id":"bikerack:8fe48d47-c9a3-4416-89a4-76ed1a3c39d1","kind":"bikerack","longitude":14.4750799,"latitude":48.9642834,"name":"Bicycle Parking","city":"Ceske Budejovice","address":null,"covered":false,"access":null,"website":null,"phone":null,"source":"OpenStreetMap/node/7979812590","sourceUpdatedAt":null,"verifiedAt":null}},{"type":"Feature","geometry":{"type":"Point","coordinates":[14.4765235,48.9790894]},"properties":{"id":"bikerack:9051e350-8dea-4bc3-9566-bf54ff9e2dec","kind":"bikerack","longitude":14.4765235,"latitude":48.9790894,"name":"Bicycle Parking","city":"Ceske Budejovice","address":null,"covered":true,"access":null,"website":null,"phone":null,"source":"OpenStreetMap/way/1489041453","sourceUpdatedAt":null,"verifiedAt":null}},{"type":"Feature","geometry":{"type":"Point","coordinates":[14.4812691,48.9713414]},"properties":{"id":"bikerack:90ec2873-856e-4398-aa10-371d2aa0281a","kind":"bikerack","longitude":14.4812691,"latitude":48.9713414,"name":"Bicycle Parking","city":"Ceske Budejovice","address":null,"covered":false,"access":null,"website":null,"phone":null,"source":"OpenStreetMap/node/7603363556","sourceUpdatedAt":null,"verifiedAt":null}},{"type":"Feature","geometry":{"type":"Point","coordinates":[14.4798753,48.972579]},"properties":{"id":"bikerack:91c9cc21-cafc-45be-afe9-f762f7ab6dac","kind":"bikerack","longitude":14.4798753,"latitude":48.972579,"name":"Bicycle Parking","city":"Ceske Budejovice","address":null,"covered":false,"access":null,"website":null,"phone":null,"source":"OpenStreetMap/node/7532869433","sourceUpdatedAt":null,"verifiedAt":null}},{"type":"Feature","geometry":{"type":"Point","coordinates":[14.4762114,48.9780736]},"properties":{"id":"bikerack:934c68a2-2fc0-41d9-811a-dd94cd9d2b8b","kind":"bikerack","longitude":14.4762114,"latitude":48.9780736,"name":"Bicycle Parking","city":"Ceske Budejovice","address":null,"covered":false,"access":null,"website":null,"phone":null,"source":"OpenStreetMap/node/7298836418","sourceUpdatedAt":null,"verifiedAt":null}},{"type":"Feature","geometry":{"type":"Point","coordinates":[14.476772,48.9601216]},"properties":{"id":"bikerack:9355bd8a-88b5-4ea3-8e00-fa7813c7c39e","kind":"bikerack","longitude":14.476772,"latitude":48.9601216,"name":"Bicycle Parking","city":"Ceske Budejovice","address":null,"covered":false,"access":null,"website":null,"phone":null,"source":"OpenStreetMap/node/7612855758","sourceUpdatedAt":null,"verifiedAt":null}},{"type":"Feature","geometry":{"type":"Point","coordinates":[14.4739405,48.9767461]},"properties":{"id":"bikerack:94c64801-c5dc-4894-8f27-5a8e575e1729","kind":"bikerack","longitude":14.4739405,"latitude":48.9767461,"name":"Bicycle Parking","city":"Ceske Budejovice","address":null,"covered":false,"access":null,"website":null,"phone":null,"source":"OpenStreetMap/node/7208372365","sourceUpdatedAt":null,"verifiedAt":null}},{"type":"Feature","geometry":{"type":"Point","coordinates":[14.479533,48.9661169]},"properties":{"id":"bikerack:960b2945-d71a-4b82-9ae1-a0e594589b38","kind":"bikerack","longitude":14.479533,"latitude":48.9661169,"name":"Bicycle Parking","city":"Ceske Budejovice","address":null,"covered":false,"access":null,"website":null,"phone":null,"source":"OpenStreetMap/node/8836129951","sourceUpdatedAt":null,"verifiedAt":null}},{"type":"Feature","geometry":{"type":"Point","coordinates":[14.4769536,48.9725519]},"properties":{"id":"bikerack:96218f3e-4402-4272-a3cb-ea237bdd2dfd","kind":"bikerack","longitude":14.4769536,"latitude":48.9725519,"name":"Bicycle Parking","city":"Ceske Budejovice","address":null,"covered":false,"access":null,"website":null,"phone":null,"source":"OpenStreetMap/node/7233621005","sourceUpdatedAt":null,"verifiedAt":null}},{"type":"Feature","geometry":{"type":"Point","coordinates":[14.4779069,48.9719162]},"properties":{"id":"bikerack:967b681f-37be-458d-9abc-8140db67f698","kind":"bikerack","longitude":14.4779069,"latitude":48.9719162,"name":"Bicycle Parking","city":"Ceske Budejovice","address":null,"covered":false,"access":null,"website":null,"phone":null,"source":"OpenStreetMap/node/7480072407","sourceUpdatedAt":null,"verifiedAt":null}},{"type":"Feature","geometry":{"type":"Point","coordinates":[14.4818687,48.964621]},"properties":{"id":"bikerack:9843e650-d5ae-445d-a81f-13f70039e06e","kind":"bikerack","longitude":14.4818687,"latitude":48.964621,"name":"Bicycle Parking","city":"Ceske Budejovice","address":null,"covered":false,"access":null,"website":null,"phone":null,"source":"OpenStreetMap/node/7300416676","sourceUpdatedAt":null,"verifiedAt":null}},{"type":"Feature","geometry":{"type":"Point","coordinates":[14.4617877,48.978268]},"properties":{"id":"bikerack:99d595c1-9ca3-4a1f-980b-72c7f66fe1bf","kind":"bikerack","longitude":14.4617877,"latitude":48.978268,"name":"Bicycle Parking","city":"Ceske Budejovice","address":null,"covered":false,"access":null,"website":null,"phone":null,"source":"OpenStreetMap/node/7598310842","sourceUpdatedAt":null,"verifiedAt":null}},{"type":"Feature","geometry":{"type":"Point","coordinates":[14.4735998,48.9700709]},"properties":{"id":"bikerack:99ff1395-33e7-49ac-b587-b420f24dd434","kind":"bikerack","longitude":14.4735998,"latitude":48.9700709,"name":"Bicycle Parking","city":"Ceske Budejovice","address":null,"covered":false,"access":null,"website":null,"phone":null,"source":"OpenStreetMap/node/7235221605","sourceUpdatedAt":null,"verifiedAt":null}},{"type":"Feature","geometry":{"type":"Point","coordinates":[14.4777773,48.9744705]},"properties":{"id":"bikerack:9a736d94-879e-4e61-a424-711d595f892a","kind":"bikerack","longitude":14.4777773,"latitude":48.9744705,"name":"Bicycle Parking","city":"Ceske Budejovice","address":null,"covered":false,"access":null,"website":null,"phone":null,"source":"OpenStreetMap/node/7200125944","sourceUpdatedAt":null,"verifiedAt":null}},{"type":"Feature","geometry":{"type":"Point","coordinates":[14.4813944,48.9669847]},"properties":{"id":"bikerack:9b2c9f5a-5548-4e7a-a4ad-d790207e47d9","kind":"bikerack","longitude":14.4813944,"latitude":48.9669847,"name":"Bicycle Parking","city":"Ceske Budejovice","address":null,"covered":false,"access":null,"website":null,"phone":null,"source":"OpenStreetMap/node/7276653726","sourceUpdatedAt":null,"verifiedAt":null}},{"type":"Feature","geometry":{"type":"Point","coordinates":[14.4740143,48.9772592]},"properties":{"id":"bikerack:9cb8509b-23fe-469c-afa1-fb082536a90e","kind":"bikerack","longitude":14.4740143,"latitude":48.9772592,"name":"Bicycle Parking","city":"Ceske Budejovice","address":null,"covered":false,"access":null,"website":null,"phone":null,"source":"OpenStreetMap/node/9885006081","sourceUpdatedAt":null,"verifiedAt":null}},{"type":"Feature","geometry":{"type":"Point","coordinates":[14.4733699,48.9744854]},"properties":{"id":"bikerack:9d1d75af-8e7f-40f0-bd59-ff27cedad6f8","kind":"bikerack","longitude":14.4733699,"latitude":48.9744854,"name":"Bicycle Parking","city":"Ceske Budejovice","address":null,"covered":true,"access":null,"website":null,"phone":null,"source":"OpenStreetMap/node/6171484855","sourceUpdatedAt":null,"verifiedAt":null}},{"type":"Feature","geometry":{"type":"Point","coordinates":[14.4926006,48.958016]},"properties":{"id":"bikerack:9e04b45c-f9d0-406e-9e07-1047bf2b8465","kind":"bikerack","longitude":14.4926006,"latitude":48.958016,"name":"Bicycle Parking","city":"Ceske Budejovice","address":null,"covered":false,"access":null,"website":null,"phone":null,"source":"OpenStreetMap/node/7300416677","sourceUpdatedAt":null,"verifiedAt":null}},{"type":"Feature","geometry":{"type":"Point","coordinates":[14.472137,48.9699378]},"properties":{"id":"bikerack:9e6d56d8-cb2e-4d34-9905-68915733f361","kind":"bikerack","longitude":14.472137,"latitude":48.9699378,"name":"Bicycle Parking","city":"Ceske Budejovice","address":null,"covered":false,"access":null,"website":null,"phone":null,"source":"OpenStreetMap/node/7628565893","sourceUpdatedAt":null,"verifiedAt":null}},{"type":"Feature","geometry":{"type":"Point","coordinates":[14.4928029,48.9779255]},"properties":{"id":"bikerack:9f31313c-1e63-4cec-a6f0-70293a4f7f34","kind":"bikerack","longitude":14.4928029,"latitude":48.9779255,"name":"Bicycle Parking","city":"Ceske Budejovice","address":null,"covered":true,"access":null,"website":null,"phone":null,"source":"OpenStreetMap/node/9135377336","sourceUpdatedAt":null,"verifiedAt":null}},{"type":"Feature","geometry":{"type":"Point","coordinates":[14.4620283,48.9557228]},"properties":{"id":"bikerack:9f768d79-f935-41ca-8d8e-684cdac69ad4","kind":"bikerack","longitude":14.4620283,"latitude":48.9557228,"name":"Bicycle Parking","city":"Litvinovice","address":null,"covered":false,"access":null,"website":null,"phone":null,"source":"OpenStreetMap/node/7603647402","sourceUpdatedAt":null,"verifiedAt":null}},{"type":"Feature","geometry":{"type":"Point","coordinates":[14.4738536,48.9763224]},"properties":{"id":"bikerack:a00cf60e-979b-4533-9c38-41986d8be6e7","kind":"bikerack","longitude":14.4738536,"latitude":48.9763224,"name":"Bicycle Parking","city":"Ceske Budejovice","address":null,"covered":false,"access":null,"website":null,"phone":null,"source":"OpenStreetMap/node/7200125943","sourceUpdatedAt":null,"verifiedAt":null}},{"type":"Feature","geometry":{"type":"Point","coordinates":[14.480202,48.9744545]},"properties":{"id":"bikerack:a10ed154-220f-4fbc-9c91-b2032f8c4586","kind":"bikerack","longitude":14.480202,"latitude":48.9744545,"name":"Bicycle Parking","city":"Ceske Budejovice","address":null,"covered":false,"access":null,"website":null,"phone":null,"source":"OpenStreetMap/node/11147648681","sourceUpdatedAt":null,"verifiedAt":null}},{"type":"Feature","geometry":{"type":"Point","coordinates":[14.4745074,48.9741712]},"properties":{"id":"bikerack:a116fd16-b67e-4fc3-be09-a21602309f52","kind":"bikerack","longitude":14.4745074,"latitude":48.9741712,"name":"Bicycle Parking","city":"Ceske Budejovice","address":null,"covered":false,"access":null,"website":null,"phone":null,"source":"OpenStreetMap/node/7169170069","sourceUpdatedAt":null,"verifiedAt":null}},{"type":"Feature","geometry":{"type":"Point","coordinates":[14.4790866,48.972481]},"properties":{"id":"bikerack:a130fe98-d745-4fca-882c-a9875eda7c0a","kind":"bikerack","longitude":14.4790866,"latitude":48.972481,"name":"Bicycle Parking","city":"Ceske Budejovice","address":null,"covered":false,"access":null,"website":null,"phone":null,"source":"OpenStreetMap/node/7275042082","sourceUpdatedAt":null,"verifiedAt":null}},{"type":"Feature","geometry":{"type":"Point","coordinates":[14.4826751,48.9744441]},"properties":{"id":"bikerack:a21c6ab3-c9e5-4d0a-941e-193c3e587a19","kind":"bikerack","longitude":14.4826751,"latitude":48.9744441,"name":"Bicycle Parking","city":"Ceske Budejovice","address":null,"covered":false,"access":null,"website":null,"phone":null,"source":"OpenStreetMap/node/13179007541","sourceUpdatedAt":null,"verifiedAt":null}},{"type":"Feature","geometry":{"type":"Point","coordinates":[14.4855464,48.975002]},"properties":{"id":"bikerack:a351eb51-ed72-4659-925e-bca90ade0065","kind":"bikerack","longitude":14.4855464,"latitude":48.975002,"name":"Bicycle Parking","city":"Ceske Budejovice","address":null,"covered":true,"access":null,"website":null,"phone":null,"source":"OpenStreetMap/node/9918622609","sourceUpdatedAt":null,"verifiedAt":null}},{"type":"Feature","geometry":{"type":"Point","coordinates":[14.4794759,48.9756009]},"properties":{"id":"bikerack:a431ae0e-9b8e-402b-85b2-1b338839d3c5","kind":"bikerack","longitude":14.4794759,"latitude":48.9756009,"name":"Bicycle Parking","city":"Ceske Budejovice","address":null,"covered":false,"access":null,"website":null,"phone":null,"source":"OpenStreetMap/node/7775298541","sourceUpdatedAt":null,"verifiedAt":null}},{"type":"Feature","geometry":{"type":"Point","coordinates":[14.4775277,48.978602]},"properties":{"id":"bikerack:a444b9aa-bc3a-42af-a744-95655c026430","kind":"bikerack","longitude":14.4775277,"latitude":48.978602,"name":"Bicycle Parking","city":"Ceske Budejovice","address":null,"covered":false,"access":null,"website":null,"phone":null,"source":"OpenStreetMap/node/12757925455","sourceUpdatedAt":null,"verifiedAt":null}},{"type":"Feature","geometry":{"type":"Point","coordinates":[14.4828713,48.9722525]},"properties":{"id":"bikerack:a50702d6-82fb-41a1-94e7-064626ba553e","kind":"bikerack","longitude":14.4828713,"latitude":48.9722525,"name":"Bicycle Parking","city":"Ceske Budejovice","address":null,"covered":false,"access":null,"website":null,"phone":null,"source":"OpenStreetMap/node/7276653767","sourceUpdatedAt":null,"verifiedAt":null}},{"type":"Feature","geometry":{"type":"Point","coordinates":[14.4732745,48.9628698]},"properties":{"id":"bikerack:a55d6563-960f-406c-9dd8-992ba3511b1b","kind":"bikerack","longitude":14.4732745,"latitude":48.9628698,"name":"Bicycle Parking","city":"Ceske Budejovice","address":null,"covered":false,"access":null,"website":null,"phone":null,"source":"OpenStreetMap/node/7826238842","sourceUpdatedAt":null,"verifiedAt":null}},{"type":"Feature","geometry":{"type":"Point","coordinates":[14.4737059,48.9717843]},"properties":{"id":"bikerack:a5f2a350-dedc-4df4-bc46-b6eddc5d2e6e","kind":"bikerack","longitude":14.4737059,"latitude":48.9717843,"name":"Bicycle Parking","city":"Ceske Budejovice","address":null,"covered":false,"access":null,"website":null,"phone":null,"source":"OpenStreetMap/node/7685422700","sourceUpdatedAt":null,"verifiedAt":null}},{"type":"Feature","geometry":{"type":"Point","coordinates":[14.4962837,48.979329]},"properties":{"id":"bikerack:a68f9346-7cb3-4433-8338-ff641177198d","kind":"bikerack","longitude":14.4962837,"latitude":48.979329,"name":"Bicycle Parking","city":"Ceske Budejovice","address":null,"covered":false,"access":null,"website":null,"phone":null,"source":"OpenStreetMap/node/7539025747","sourceUpdatedAt":null,"verifiedAt":null}},{"type":"Feature","geometry":{"type":"Point","coordinates":[14.4814657,48.9715005]},"properties":{"id":"bikerack:a6e13d7d-8cc4-4605-8a6c-7a33eb96ec1c","kind":"bikerack","longitude":14.4814657,"latitude":48.9715005,"name":"Bicycle Parking","city":"Ceske Budejovice","address":null,"covered":false,"access":null,"website":null,"phone":null,"source":"OpenStreetMap/node/7612855807","sourceUpdatedAt":null,"verifiedAt":null}},{"type":"Feature","geometry":{"type":"Point","coordinates":[14.473028,48.9656185]},"properties":{"id":"bikerack:a8db9c6a-e45c-4700-947d-bd96a31d2f55","kind":"bikerack","longitude":14.473028,"latitude":48.9656185,"name":"Bicycle Parking","city":"Ceske Budejovice","address":null,"covered":false,"access":null,"website":null,"phone":null,"source":"OpenStreetMap/node/7796672471","sourceUpdatedAt":null,"verifiedAt":null}},{"type":"Feature","geometry":{"type":"Point","coordinates":[14.4701523,48.9599956]},"properties":{"id":"bikerack:a9871f6b-0470-4b92-8130-eda90be66914","kind":"bikerack","longitude":14.4701523,"latitude":48.9599956,"name":"Bicycle Parking","city":"Ceske Budejovice","address":null,"covered":false,"access":null,"website":null,"phone":null,"source":"OpenStreetMap/node/7644372476","sourceUpdatedAt":null,"verifiedAt":null}},{"type":"Feature","geometry":{"type":"Point","coordinates":[14.4774107,48.9711223]},"properties":{"id":"bikerack:aa7f415f-e804-4d08-a8c6-231ce665b661","kind":"bikerack","longitude":14.4774107,"latitude":48.9711223,"name":"Bicycle Parking","city":"Ceske Budejovice","address":null,"covered":false,"access":null,"website":null,"phone":null,"source":"OpenStreetMap/node/7235221664","sourceUpdatedAt":null,"verifiedAt":null}},{"type":"Feature","geometry":{"type":"Point","coordinates":[14.4753137,48.9750678]},"properties":{"id":"bikerack:aaa59e99-2469-4cd5-85ee-3bd03fcb84b5","kind":"bikerack","longitude":14.4753137,"latitude":48.9750678,"name":"Bicycle Parking","city":"Ceske Budejovice","address":null,"covered":true,"access":null,"website":null,"phone":null,"source":"OpenStreetMap/node/7200125948","sourceUpdatedAt":null,"verifiedAt":null}},{"type":"Feature","geometry":{"type":"Point","coordinates":[14.4738156,48.9777149]},"properties":{"id":"bikerack:ab5966a7-a847-4a01-8a8b-55516c4b1aad","kind":"bikerack","longitude":14.4738156,"latitude":48.9777149,"name":"Bicycle Parking","city":"Ceske Budejovice","address":null,"covered":false,"access":null,"website":null,"phone":null,"source":"OpenStreetMap/node/7550766078","sourceUpdatedAt":null,"verifiedAt":null}},{"type":"Feature","geometry":{"type":"Point","coordinates":[14.4874294,48.9745847]},"properties":{"id":"bikerack:abc3aea3-1a0d-482d-bb34-b5d043aee9d0","kind":"bikerack","longitude":14.4874294,"latitude":48.9745847,"name":"Bicycle Parking","city":"Ceske Budejovice","address":null,"covered":true,"access":null,"website":null,"phone":null,"source":"OpenStreetMap/node/7944294419","sourceUpdatedAt":null,"verifiedAt":null}},{"type":"Feature","geometry":{"type":"Point","coordinates":[14.4736121,48.9756953]},"properties":{"id":"bikerack:abd283bd-3655-4aba-bec0-3c4ddaa86e76","kind":"bikerack","longitude":14.4736121,"latitude":48.9756953,"name":"Bicycle Parking","city":"Ceske Budejovice","address":null,"covered":true,"access":null,"website":null,"phone":null,"source":"OpenStreetMap/node/7208372357","sourceUpdatedAt":null,"verifiedAt":null}},{"type":"Feature","geometry":{"type":"Point","coordinates":[14.4681793,48.9636428]},"properties":{"id":"bikerack:ac0f1cd7-db26-4fb1-9565-2f606da83ac5","kind":"bikerack","longitude":14.4681793,"latitude":48.9636428,"name":"Bicycle Parking","city":"Ceske Budejovice","address":null,"covered":false,"access":null,"website":null,"phone":null,"source":"OpenStreetMap/node/7232477051","sourceUpdatedAt":null,"verifiedAt":null}},{"type":"Feature","geometry":{"type":"Point","coordinates":[14.4729773,48.9592229]},"properties":{"id":"bikerack:ac525afa-ace8-4b09-b6d8-eed60411bea7","kind":"bikerack","longitude":14.4729773,"latitude":48.9592229,"name":"Bicycle Parking","city":"Ceske Budejovice","address":null,"covered":false,"access":null,"website":null,"phone":null,"source":"OpenStreetMap/node/9437185112","sourceUpdatedAt":null,"verifiedAt":null}},{"type":"Feature","geometry":{"type":"Point","coordinates":[14.478605,48.9769041]},"properties":{"id":"bikerack:ad900013-672a-4b32-9b62-5b23298cb275","kind":"bikerack","longitude":14.478605,"latitude":48.9769041,"name":"Bicycle Parking","city":"Ceske Budejovice","address":null,"covered":false,"access":null,"website":null,"phone":null,"source":"OpenStreetMap/node/12147586174","sourceUpdatedAt":null,"verifiedAt":null}},{"type":"Feature","geometry":{"type":"Point","coordinates":[14.4621419,48.9557011]},"properties":{"id":"bikerack:ade94481-17fc-4410-969e-7c700c87c43e","kind":"bikerack","longitude":14.4621419,"latitude":48.9557011,"name":"Bicycle Parking","city":"Litvinovice","address":null,"covered":false,"access":null,"website":null,"phone":null,"source":"OpenStreetMap/node/7603647494","sourceUpdatedAt":null,"verifiedAt":null}},{"type":"Feature","geometry":{"type":"Point","coordinates":[14.4831001,48.9744742]},"properties":{"id":"bikerack:b07264c4-9fb3-40e3-8ff6-952950ddc27b","kind":"bikerack","longitude":14.4831001,"latitude":48.9744742,"name":"Bicycle Parking","city":"Ceske Budejovice","address":null,"covered":false,"access":null,"website":null,"phone":null,"source":"OpenStreetMap/node/13179007543","sourceUpdatedAt":null,"verifiedAt":null}},{"type":"Feature","geometry":{"type":"Point","coordinates":[14.4749215,48.9766439]},"properties":{"id":"bikerack:b0c22cde-ae51-4030-a59c-432694869576","kind":"bikerack","longitude":14.4749215,"latitude":48.9766439,"name":"Bicycle Parking","city":"Ceske Budejovice","address":null,"covered":true,"access":null,"website":null,"phone":null,"source":"OpenStreetMap/node/7296594743","sourceUpdatedAt":null,"verifiedAt":null}},{"type":"Feature","geometry":{"type":"Point","coordinates":[14.480009,48.9661162]},"properties":{"id":"bikerack:b1231e53-d87c-4e23-8388-eeac127166f6","kind":"bikerack","longitude":14.480009,"latitude":48.9661162,"name":"Bicycle Parking","city":"Ceske Budejovice","address":null,"covered":false,"access":null,"website":null,"phone":null,"source":"OpenStreetMap/node/7276653719","sourceUpdatedAt":null,"verifiedAt":null}},{"type":"Feature","geometry":{"type":"Point","coordinates":[14.4850041,48.9726001]},"properties":{"id":"bikerack:b21f20d7-2a2b-4b75-9797-cd0b3726d869","kind":"bikerack","longitude":14.4850041,"latitude":48.9726001,"name":"Bicycle Parking","city":"Ceske Budejovice","address":null,"covered":false,"access":null,"website":null,"phone":null,"source":"OpenStreetMap/node/7280674591","sourceUpdatedAt":null,"verifiedAt":null}},{"type":"Feature","geometry":{"type":"Point","coordinates":[14.4634712,48.9549753]},"properties":{"id":"bikerack:b270574b-2baa-45d9-a0ae-9d1d420c371f","kind":"bikerack","longitude":14.4634712,"latitude":48.9549753,"name":"Bicycle Parking","city":"Litvinovice","address":null,"covered":false,"access":null,"website":null,"phone":null,"source":"OpenStreetMap/node/7603647467","sourceUpdatedAt":null,"verifiedAt":null}},{"type":"Feature","geometry":{"type":"Point","coordinates":[14.4672345,48.9780762]},"properties":{"id":"bikerack:b271ccb0-23b2-4559-871c-898a5f025096","kind":"bikerack","longitude":14.4672345,"latitude":48.9780762,"name":"Bicycle Parking","city":"Ceske Budejovice","address":null,"covered":false,"access":null,"website":null,"phone":null,"source":"OpenStreetMap/node/7296786729","sourceUpdatedAt":null,"verifiedAt":null}},{"type":"Feature","geometry":{"type":"Point","coordinates":[14.4751906,48.9743941]},"properties":{"id":"bikerack:b28d24b4-b942-425b-bbf2-90c44f386fdf","kind":"bikerack","longitude":14.4751906,"latitude":48.9743941,"name":"Bicycle Parking","city":"Ceske Budejovice","address":null,"covered":false,"access":null,"website":null,"phone":null,"source":"OpenStreetMap/node/7255655774","sourceUpdatedAt":null,"verifiedAt":null}},{"type":"Feature","geometry":{"type":"Point","coordinates":[14.471714,48.9771392]},"properties":{"id":"bikerack:b341aef5-50ac-4212-b37c-e0589c0be450","kind":"bikerack","longitude":14.471714,"latitude":48.9771392,"name":"Bicycle Parking","city":"Ceske Budejovice","address":null,"covered":false,"access":null,"website":null,"phone":null,"source":"OpenStreetMap/node/7255655783","sourceUpdatedAt":null,"verifiedAt":null}},{"type":"Feature","geometry":{"type":"Point","coordinates":[14.491615,48.976925]},"properties":{"id":"bikerack:b34bc546-0b75-4f05-b574-0def68fb00eb","kind":"bikerack","longitude":14.491615,"latitude":48.976925,"name":"Bicycle Parking","city":"Ceske Budejovice","address":null,"covered":true,"access":null,"website":null,"phone":null,"source":"OpenStreetMap/node/7835431103","sourceUpdatedAt":null,"verifiedAt":null}},{"type":"Feature","geometry":{"type":"Point","coordinates":[14.5019442,48.9801495]},"properties":{"id":"bikerack:b35289af-732b-48d4-8ef5-435250080f51","kind":"bikerack","longitude":14.5019442,"latitude":48.9801495,"name":"Bicycle Parking","city":"Ceske Budejovice","address":null,"covered":true,"access":null,"website":null,"phone":null,"source":"OpenStreetMap/way/1348759193","sourceUpdatedAt":null,"verifiedAt":null}},{"type":"Feature","geometry":{"type":"Point","coordinates":[14.4725316,48.976039]},"properties":{"id":"bikerack:b3af7653-f362-438f-868a-0871aa8f553c","kind":"bikerack","longitude":14.4725316,"latitude":48.976039,"name":"Bicycle Parking","city":"Ceske Budejovice","address":null,"covered":false,"access":null,"website":null,"phone":null,"source":"OpenStreetMap/node/7295223541","sourceUpdatedAt":null,"verifiedAt":null}},{"type":"Feature","geometry":{"type":"Point","coordinates":[14.4757523,48.9661855]},"properties":{"id":"bikerack:b43157fd-815f-435e-8f0d-b44609a0fff1","kind":"bikerack","longitude":14.4757523,"latitude":48.9661855,"name":"Bicycle Parking","city":"Ceske Budejovice","address":null,"covered":false,"access":null,"website":null,"phone":null,"source":"OpenStreetMap/node/7235221654","sourceUpdatedAt":null,"verifiedAt":null}},{"type":"Feature","geometry":{"type":"Point","coordinates":[14.4813658,48.9661331]},"properties":{"id":"bikerack:b456478b-a164-403a-8f12-2b696567e7d6","kind":"bikerack","longitude":14.4813658,"latitude":48.9661331,"name":"Bicycle Parking","city":"Ceske Budejovice","address":null,"covered":false,"access":null,"website":null,"phone":null,"source":"OpenStreetMap/node/7612855841","sourceUpdatedAt":null,"verifiedAt":null}},{"type":"Feature","geometry":{"type":"Point","coordinates":[14.4769767,48.9762068]},"properties":{"id":"bikerack:b6118855-b9e9-4f1e-9641-56c35c43660b","kind":"bikerack","longitude":14.4769767,"latitude":48.9762068,"name":"Bicycle Parking","city":"Ceske Budejovice","address":null,"covered":false,"access":null,"website":null,"phone":null,"source":"OpenStreetMap/node/7514722298","sourceUpdatedAt":null,"verifiedAt":null}},{"type":"Feature","geometry":{"type":"Point","coordinates":[14.4648611,48.9548937]},"properties":{"id":"bikerack:b66a5982-1d5c-4218-b923-dfe55ca24431","kind":"bikerack","longitude":14.4648611,"latitude":48.9548937,"name":"Bicycle Parking","city":"Litvinovice","address":null,"covered":false,"access":null,"website":null,"phone":null,"source":"OpenStreetMap/node/7667233086","sourceUpdatedAt":null,"verifiedAt":null}},{"type":"Feature","geometry":{"type":"Point","coordinates":[14.4713118,48.9704166]},"properties":{"id":"bikerack:b6a279ab-631f-43f0-852d-1380a6619bf9","kind":"bikerack","longitude":14.4713118,"latitude":48.9704166,"name":"Bicycle Parking","city":"Ceske Budejovice","address":null,"covered":true,"access":null,"website":null,"phone":null,"source":"OpenStreetMap/node/7538459694","sourceUpdatedAt":null,"verifiedAt":null}},{"type":"Feature","geometry":{"type":"Point","coordinates":[14.4696844,48.9745365]},"properties":{"id":"bikerack:b6e2b026-163e-4250-8a4a-51d30933575b","kind":"bikerack","longitude":14.4696844,"latitude":48.9745365,"name":"Bicycle Parking","city":"Ceske Budejovice","address":null,"covered":true,"access":null,"website":null,"phone":null,"source":"OpenStreetMap/node/7181603282","sourceUpdatedAt":null,"verifiedAt":null}},{"type":"Feature","geometry":{"type":"Point","coordinates":[14.4940134,48.9689316]},"properties":{"id":"bikerack:b76e1580-b298-4ca4-8a75-c182bf9203cf","kind":"bikerack","longitude":14.4940134,"latitude":48.9689316,"name":"Bicycle Parking","city":"Ceske Budejovice","address":null,"covered":true,"access":null,"website":null,"phone":null,"source":"OpenStreetMap/node/12306986344","sourceUpdatedAt":null,"verifiedAt":null}},{"type":"Feature","geometry":{"type":"Point","coordinates":[14.4792204,48.9621429]},"properties":{"id":"bikerack:b804dd9f-02ea-436a-afca-9889f721b184","kind":"bikerack","longitude":14.4792204,"latitude":48.9621429,"name":"Bicycle Parking","city":"Ceske Budejovice","address":null,"covered":false,"access":null,"website":null,"phone":null,"source":"OpenStreetMap/node/12645496518","sourceUpdatedAt":null,"verifiedAt":null}},{"type":"Feature","geometry":{"type":"Point","coordinates":[14.4772476,48.9783861]},"properties":{"id":"bikerack:b84ddbaa-9ace-46b9-bfce-7ff84f319002","kind":"bikerack","longitude":14.4772476,"latitude":48.9783861,"name":"Bicycle Parking","city":"Ceske Budejovice","address":null,"covered":false,"access":null,"website":null,"phone":null,"source":"OpenStreetMap/node/7298836424","sourceUpdatedAt":null,"verifiedAt":null}},{"type":"Feature","geometry":{"type":"Point","coordinates":[14.4659373,48.9611024]},"properties":{"id":"bikerack:b92a377f-7005-4870-ab51-ba48601c74f0","kind":"bikerack","longitude":14.4659373,"latitude":48.9611024,"name":"Bicycle Parking","city":"Litvinovice","address":null,"covered":true,"access":null,"website":null,"phone":null,"source":"OpenStreetMap/node/7390068679","sourceUpdatedAt":null,"verifiedAt":null}},{"type":"Feature","geometry":{"type":"Point","coordinates":[14.5009805,48.963297]},"properties":{"id":"bikerack:b988f3fd-13ec-42b3-a9b9-056524e7f040","kind":"bikerack","longitude":14.5009805,"latitude":48.963297,"name":"Bicycle Parking","city":"Ceske Budejovice","address":null,"covered":false,"access":null,"website":null,"phone":null,"source":"OpenStreetMap/node/13649896637","sourceUpdatedAt":null,"verifiedAt":null}},{"type":"Feature","geometry":{"type":"Point","coordinates":[14.495833,48.9792269]},"properties":{"id":"bikerack:bb490d68-4959-4140-a344-79f9c8f1e35d","kind":"bikerack","longitude":14.495833,"latitude":48.9792269,"name":"Bicycle Parking","city":"Ceske Budejovice","address":null,"covered":false,"access":null,"website":null,"phone":null,"source":"OpenStreetMap/node/7549196204","sourceUpdatedAt":null,"verifiedAt":null}},{"type":"Feature","geometry":{"type":"Point","coordinates":[14.485768,48.9747749]},"properties":{"id":"bikerack:bc2e2360-8d3e-4450-a208-9e4cd60c6851","kind":"bikerack","longitude":14.485768,"latitude":48.9747749,"name":"Bicycle Parking","city":"Ceske Budejovice","address":null,"covered":false,"access":null,"website":null,"phone":null,"source":"OpenStreetMap/node/13179007545","sourceUpdatedAt":null,"verifiedAt":null}},{"type":"Feature","geometry":{"type":"Point","coordinates":[14.4864087,48.9731809]},"properties":{"id":"bikerack:bc9e46d5-0c33-427c-9301-0ebf9c6285c0","kind":"bikerack","longitude":14.4864087,"latitude":48.9731809,"name":"Bicycle Parking","city":"Ceske Budejovice","address":null,"covered":true,"access":null,"website":null,"phone":null,"source":"OpenStreetMap/node/7205976628","sourceUpdatedAt":null,"verifiedAt":null}},{"type":"Feature","geometry":{"type":"Point","coordinates":[14.4822273,48.9737138]},"properties":{"id":"bikerack:bcd34173-3e4c-45e3-97ae-eaf7fbb81faa","kind":"bikerack","longitude":14.4822273,"latitude":48.9737138,"name":"Bicycle Parking","city":"Ceske Budejovice","address":null,"covered":false,"access":null,"website":null,"phone":null,"source":"OpenStreetMap/node/7276682053","sourceUpdatedAt":null,"verifiedAt":null}},{"type":"Feature","geometry":{"type":"Point","coordinates":[14.4754272,48.9684149]},"properties":{"id":"bikerack:bcdba0c6-2dd5-42a8-ba98-370f9c39c9c1","kind":"bikerack","longitude":14.4754272,"latitude":48.9684149,"name":"Bicycle Parking","city":"Ceske Budejovice","address":null,"covered":false,"access":null,"website":null,"phone":null,"source":"OpenStreetMap/node/7235189180","sourceUpdatedAt":null,"verifiedAt":null}},{"type":"Feature","geometry":{"type":"Point","coordinates":[14.4763684,48.973797]},"properties":{"id":"bikerack:bce45f4d-c13d-4ebc-b851-4c80bd7ed595","kind":"bikerack","longitude":14.4763684,"latitude":48.973797,"name":"Bicycle Parking","city":"Ceske Budejovice","address":null,"covered":false,"access":null,"website":null,"phone":null,"source":"OpenStreetMap/node/8928373918","sourceUpdatedAt":null,"verifiedAt":null}},{"type":"Feature","geometry":{"type":"Point","coordinates":[14.4677387,48.9717372]},"properties":{"id":"bikerack:bcf0bfb3-0ba8-4a51-a900-1e844ba1e172","kind":"bikerack","longitude":14.4677387,"latitude":48.9717372,"name":"Bicycle Parking","city":"Ceske Budejovice","address":null,"covered":false,"access":null,"website":null,"phone":null,"source":"OpenStreetMap/node/13176494864","sourceUpdatedAt":null,"verifiedAt":null}},{"type":"Feature","geometry":{"type":"Point","coordinates":[14.4725424,48.9707522]},"properties":{"id":"bikerack:bebcf437-0cb7-4915-9090-b5a674f414a1","kind":"bikerack","longitude":14.4725424,"latitude":48.9707522,"name":"Bicycle Parking","city":"Ceske Budejovice","address":null,"covered":false,"access":null,"website":null,"phone":null,"source":"OpenStreetMap/node/7235189183","sourceUpdatedAt":null,"verifiedAt":null}},{"type":"Feature","geometry":{"type":"Point","coordinates":[14.4753386,48.974783]},"properties":{"id":"bikerack:bf64f0b4-cadd-43e4-86c9-58faf4854b66","kind":"bikerack","longitude":14.4753386,"latitude":48.974783,"name":"Bicycle Parking","city":"Ceske Budejovice","address":null,"covered":false,"access":null,"website":null,"phone":null,"source":"OpenStreetMap/node/7205886843","sourceUpdatedAt":null,"verifiedAt":null}},{"type":"Feature","geometry":{"type":"Point","coordinates":[14.477226,48.9771746]},"properties":{"id":"bikerack:c0a0c4b7-6c7d-4932-9395-ac65492b9506","kind":"bikerack","longitude":14.477226,"latitude":48.9771746,"name":"Bicycle Parking","city":"Ceske Budejovice","address":null,"covered":false,"access":null,"website":null,"phone":null,"source":"OpenStreetMap/node/5865387696","sourceUpdatedAt":null,"verifiedAt":null}},{"type":"Feature","geometry":{"type":"Point","coordinates":[14.4679516,48.9585474]},"properties":{"id":"bikerack:c0ba947d-12de-44d1-acab-eae969dfacf8","kind":"bikerack","longitude":14.4679516,"latitude":48.9585474,"name":"Bicycle Parking","city":"Litvinovice","address":null,"covered":false,"access":null,"website":null,"phone":null,"source":"OpenStreetMap/node/7667212169","sourceUpdatedAt":null,"verifiedAt":null}},{"type":"Feature","geometry":{"type":"Point","coordinates":[14.4726959,48.9619171]},"properties":{"id":"bikerack:c0be19f7-5d89-4aef-b04d-ba1a94a32602","kind":"bikerack","longitude":14.4726959,"latitude":48.9619171,"name":"Bicycle Parking","city":"Ceske Budejovice","address":null,"covered":true,"access":null,"website":null,"phone":null,"source":"OpenStreetMap/node/7390100714","sourceUpdatedAt":null,"verifiedAt":null}},{"type":"Feature","geometry":{"type":"Point","coordinates":[14.4727517,48.9774485]},"properties":{"id":"bikerack:c1b84c04-e1df-47f1-9c98-b006e9aca7ae","kind":"bikerack","longitude":14.4727517,"latitude":48.9774485,"name":"Bicycle Parking","city":"Ceske Budejovice","address":null,"covered":true,"access":null,"website":null,"phone":null,"source":"OpenStreetMap/node/7200125962","sourceUpdatedAt":null,"verifiedAt":null}},{"type":"Feature","geometry":{"type":"Point","coordinates":[14.47282,48.9753621]},"properties":{"id":"bikerack:c22a49dd-fa9c-4236-8fc7-360d9d16c2ee","kind":"bikerack","longitude":14.47282,"latitude":48.9753621,"name":"Bicycle Parking","city":"Ceske Budejovice","address":null,"covered":false,"access":null,"website":null,"phone":null,"source":"OpenStreetMap/node/7200125941","sourceUpdatedAt":null,"verifiedAt":null}},{"type":"Feature","geometry":{"type":"Point","coordinates":[14.4667041,48.9619744]},"properties":{"id":"bikerack:c2c2ad1a-75b9-4ac8-9712-f2c0a427db0a","kind":"bikerack","longitude":14.4667041,"latitude":48.9619744,"name":"Bicycle Parking","city":"Ceske Budejovice","address":null,"covered":false,"access":null,"website":null,"phone":null,"source":"OpenStreetMap/node/7644372473","sourceUpdatedAt":null,"verifiedAt":null}},{"type":"Feature","geometry":{"type":"Point","coordinates":[14.4657845,48.95812]},"properties":{"id":"bikerack:c2f0f985-b531-4ef5-a68a-51db3e4f2b34","kind":"bikerack","longitude":14.4657845,"latitude":48.95812,"name":"Bicycle Parking","city":"Litvinovice","address":null,"covered":false,"access":null,"website":null,"phone":null,"source":"OpenStreetMap/node/7667212106","sourceUpdatedAt":null,"verifiedAt":null}},{"type":"Feature","geometry":{"type":"Point","coordinates":[14.4636782,48.9740414]},"properties":{"id":"bikerack:c36a0ada-2c1c-4396-8258-299367987781","kind":"bikerack","longitude":14.4636782,"latitude":48.9740414,"name":"Bicycle Parking","city":"Ceske Budejovice","address":null,"covered":false,"access":null,"website":null,"phone":null,"source":"OpenStreetMap/node/7402494413","sourceUpdatedAt":null,"verifiedAt":null}},{"type":"Feature","geometry":{"type":"Point","coordinates":[14.4753452,48.9765461]},"properties":{"id":"bikerack:c4fdef2c-20ef-4969-aecd-abce722a0369","kind":"bikerack","longitude":14.4753452,"latitude":48.9765461,"name":"Bicycle Parking","city":"Ceske Budejovice","address":null,"covered":true,"access":null,"website":null,"phone":null,"source":"OpenStreetMap/node/7479037221","sourceUpdatedAt":null,"verifiedAt":null}},{"type":"Feature","geometry":{"type":"Point","coordinates":[14.465257,48.9654084]},"properties":{"id":"bikerack:c6cd5f96-6971-4c9b-8e00-4c3585685f5a","kind":"bikerack","longitude":14.465257,"latitude":48.9654084,"name":"Bicycle Parking","city":"Ceske Budejovice","address":null,"covered":false,"access":null,"website":null,"phone":null,"source":"OpenStreetMap/node/7638506384","sourceUpdatedAt":null,"verifiedAt":null}},{"type":"Feature","geometry":{"type":"Point","coordinates":[14.4751129,48.9714845]},"properties":{"id":"bikerack:c775ca08-d03c-42ee-9522-71cbf861b8a2","kind":"bikerack","longitude":14.4751129,"latitude":48.9714845,"name":"Bicycle Parking","city":"Ceske Budejovice","address":null,"covered":false,"access":null,"website":null,"phone":null,"source":"OpenStreetMap/node/13260990690","sourceUpdatedAt":null,"verifiedAt":null}},{"type":"Feature","geometry":{"type":"Point","coordinates":[14.5018103,48.9801492]},"properties":{"id":"bikerack:c776a4eb-b161-48c5-be0a-4ddf2635b4cf","kind":"bikerack","longitude":14.5018103,"latitude":48.9801492,"name":"Bicycle Parking","city":"Ceske Budejovice","address":null,"covered":true,"access":null,"website":null,"phone":null,"source":"OpenStreetMap/way/1348759195","sourceUpdatedAt":null,"verifiedAt":null}},{"type":"Feature","geometry":{"type":"Point","coordinates":[14.4869855,48.9739841]},"properties":{"id":"bikerack:c98b970f-2d83-420c-939f-68c5dfea639c","kind":"bikerack","longitude":14.4869855,"latitude":48.9739841,"name":"Bicycle Parking","city":"Ceske Budejovice","address":null,"covered":false,"access":null,"website":null,"phone":null,"source":"OpenStreetMap/node/9785261586","sourceUpdatedAt":null,"verifiedAt":null}},{"type":"Feature","geometry":{"type":"Point","coordinates":[14.4631735,48.9548975]},"properties":{"id":"bikerack:c9aa09d5-e589-4418-8f0b-46c1f5e49b18","kind":"bikerack","longitude":14.4631735,"latitude":48.9548975,"name":"Bicycle Parking","city":"Litvinovice","address":null,"covered":false,"access":null,"website":null,"phone":null,"source":"OpenStreetMap/node/8614827809","sourceUpdatedAt":null,"verifiedAt":null}},{"type":"Feature","geometry":{"type":"Point","coordinates":[14.4730209,48.9703343]},"properties":{"id":"bikerack:caadcd3e-a2c9-4da2-b7b0-717f10758af6","kind":"bikerack","longitude":14.4730209,"latitude":48.9703343,"name":"Bicycle Parking","city":"Ceske Budejovice","address":null,"covered":true,"access":null,"website":null,"phone":null,"source":"OpenStreetMap/node/7235221592","sourceUpdatedAt":null,"verifiedAt":null}},{"type":"Feature","geometry":{"type":"Point","coordinates":[14.4703516,48.9656384]},"properties":{"id":"bikerack:cb8190a7-b121-4884-a924-ede791631d7d","kind":"bikerack","longitude":14.4703516,"latitude":48.9656384,"name":"Bicycle Parking","city":"Ceske Budejovice","address":null,"covered":false,"access":null,"website":null,"phone":null,"source":"OpenStreetMap/node/7638506379","sourceUpdatedAt":null,"verifiedAt":null}},{"type":"Feature","geometry":{"type":"Point","coordinates":[14.4670038,48.9786288]},"properties":{"id":"bikerack:cca871a1-ea6f-4663-b29b-289559e245a9","kind":"bikerack","longitude":14.4670038,"latitude":48.9786288,"name":"Bicycle Parking","city":"Ceske Budejovice","address":null,"covered":false,"access":null,"website":null,"phone":null,"source":"OpenStreetMap/node/7296786747","sourceUpdatedAt":null,"verifiedAt":null}},{"type":"Feature","geometry":{"type":"Point","coordinates":[14.4710031,48.9679689]},"properties":{"id":"bikerack:ccf0a703-869b-4b2f-82b7-afb646a657fa","kind":"bikerack","longitude":14.4710031,"latitude":48.9679689,"name":"Bicycle Parking","city":"Ceske Budejovice","address":null,"covered":true,"access":null,"website":null,"phone":null,"source":"OpenStreetMap/way/806139704","sourceUpdatedAt":null,"verifiedAt":null}},{"type":"Feature","geometry":{"type":"Point","coordinates":[14.4735123,48.9632029]},"properties":{"id":"bikerack:cd535eb9-cd28-4792-bbc6-cc41d2f82eee","kind":"bikerack","longitude":14.4735123,"latitude":48.9632029,"name":"Bicycle Parking","city":"Ceske Budejovice","address":null,"covered":false,"access":null,"website":null,"phone":null,"source":"OpenStreetMap/node/7826238872","sourceUpdatedAt":null,"verifiedAt":null}},{"type":"Feature","geometry":{"type":"Point","coordinates":[14.4674793,48.953713]},"properties":{"id":"bikerack:cd832752-5e32-4db1-a48d-60db5496e61c","kind":"bikerack","longitude":14.4674793,"latitude":48.953713,"name":"Bicycle Parking","city":"Litvinovice","address":null,"covered":false,"access":null,"website":null,"phone":null,"source":"OpenStreetMap/node/7611943149","sourceUpdatedAt":null,"verifiedAt":null}},{"type":"Feature","geometry":{"type":"Point","coordinates":[14.4691162,48.9749982]},"properties":{"id":"bikerack:cd9b2b44-d45b-4815-8aa9-c2c7cc24e9cd","kind":"bikerack","longitude":14.4691162,"latitude":48.9749982,"name":"Bicycle Parking","city":"Ceske Budejovice","address":null,"covered":false,"access":null,"website":null,"phone":null,"source":"OpenStreetMap/node/7232458756","sourceUpdatedAt":null,"verifiedAt":null}},{"type":"Feature","geometry":{"type":"Point","coordinates":[14.4756306,48.9694648]},"properties":{"id":"bikerack:cdacdd4e-8cd4-4db3-bc1b-17966f66e025","kind":"bikerack","longitude":14.4756306,"latitude":48.9694648,"name":"Bicycle Parking","city":"Ceske Budejovice","address":null,"covered":false,"access":null,"website":null,"phone":null,"source":"OpenStreetMap/node/7947391177","sourceUpdatedAt":null,"verifiedAt":null}},{"type":"Feature","geometry":{"type":"Point","coordinates":[14.490171,48.9582187]},"properties":{"id":"bikerack:cddcce44-346a-4aad-a262-df91f44b69cb","kind":"bikerack","longitude":14.490171,"latitude":48.9582187,"name":"Bicycle Parking","city":"Ceske Budejovice","address":null,"covered":false,"access":null,"website":null,"phone":null,"source":"OpenStreetMap/node/7299849435","sourceUpdatedAt":null,"verifiedAt":null}},{"type":"Feature","geometry":{"type":"Point","coordinates":[14.4758066,48.9757194]},"properties":{"id":"bikerack:cdf12208-a0a2-41b5-bbf8-51e856976146","kind":"bikerack","longitude":14.4758066,"latitude":48.9757194,"name":"Bicycle Parking","city":"Ceske Budejovice","address":null,"covered":false,"access":null,"website":null,"phone":null,"source":"OpenStreetMap/node/7296594734","sourceUpdatedAt":null,"verifiedAt":null}},{"type":"Feature","geometry":{"type":"Point","coordinates":[14.4738457,48.9770082]},"properties":{"id":"bikerack:cf2dd519-be71-4923-b3e5-884c7dafd095","kind":"bikerack","longitude":14.4738457,"latitude":48.9770082,"name":"Bicycle Parking","city":"Ceske Budejovice","address":null,"covered":true,"access":null,"website":null,"phone":null,"source":"OpenStreetMap/node/7296594756","sourceUpdatedAt":null,"verifiedAt":null}},{"type":"Feature","geometry":{"type":"Point","coordinates":[14.4822517,48.9744128]},"properties":{"id":"bikerack:cf548700-b2f6-4c67-aa4e-627a7c974355","kind":"bikerack","longitude":14.4822517,"latitude":48.9744128,"name":"Bicycle Parking","city":"Ceske Budejovice","address":null,"covered":false,"access":null,"website":null,"phone":null,"source":"OpenStreetMap/node/13179007542","sourceUpdatedAt":null,"verifiedAt":null}},{"type":"Feature","geometry":{"type":"Point","coordinates":[14.4785327,48.9718531]},"properties":{"id":"bikerack:cff52eca-54ac-4595-aceb-62a0d0442737","kind":"bikerack","longitude":14.4785327,"latitude":48.9718531,"name":"Bicycle Parking","city":"Ceske Budejovice","address":null,"covered":false,"access":null,"website":null,"phone":null,"source":"OpenStreetMap/node/7480108627","sourceUpdatedAt":null,"verifiedAt":null}},{"type":"Feature","geometry":{"type":"Point","coordinates":[14.4712045,48.9725148]},"properties":{"id":"bikerack:d159fbd4-1d3b-41df-8a43-091e08f07552","kind":"bikerack","longitude":14.4712045,"latitude":48.9725148,"name":"Bicycle Parking","city":"Ceske Budejovice","address":null,"covered":false,"access":null,"website":null,"phone":null,"source":"OpenStreetMap/node/13086734098","sourceUpdatedAt":null,"verifiedAt":null}},{"type":"Feature","geometry":{"type":"Point","coordinates":[14.4828179,48.9740601]},"properties":{"id":"bikerack:d2076d9b-fc6f-4c17-93a1-73484aaf3cbc","kind":"bikerack","longitude":14.4828179,"latitude":48.9740601,"name":"Bicycle Parking","city":"Ceske Budejovice","address":null,"covered":false,"access":null,"website":null,"phone":null,"source":"OpenStreetMap/node/7523254558","sourceUpdatedAt":null,"verifiedAt":null}},{"type":"Feature","geometry":{"type":"Point","coordinates":[14.4740315,48.9773497]},"properties":{"id":"bikerack:d2cd51a5-8744-421f-b5f3-766746c8a308","kind":"bikerack","longitude":14.4740315,"latitude":48.9773497,"name":"Bicycle Parking","city":"Ceske Budejovice","address":null,"covered":false,"access":null,"website":null,"phone":null,"source":"OpenStreetMap/node/9885006051","sourceUpdatedAt":null,"verifiedAt":null}},{"type":"Feature","geometry":{"type":"Point","coordinates":[14.4795926,48.9744978]},"properties":{"id":"bikerack:d3043b72-90cb-4fb5-a121-2e91883ee466","kind":"bikerack","longitude":14.4795926,"latitude":48.9744978,"name":"Bicycle Parking","city":"Ceske Budejovice","address":null,"covered":false,"access":null,"website":null,"phone":null,"source":"OpenStreetMap/node/11147648682","sourceUpdatedAt":null,"verifiedAt":null}},{"type":"Feature","geometry":{"type":"Point","coordinates":[14.4689955,48.9750099]},"properties":{"id":"bikerack:d3502444-8b8e-4997-8842-764993b74960","kind":"bikerack","longitude":14.4689955,"latitude":48.9750099,"name":"Bicycle Parking","city":"Ceske Budejovice","address":null,"covered":false,"access":null,"website":null,"phone":null,"source":"OpenStreetMap/node/7294333585","sourceUpdatedAt":null,"verifiedAt":null}},{"type":"Feature","geometry":{"type":"Point","coordinates":[14.4798697,48.9800672]},"properties":{"id":"bikerack:d7d47cb9-d059-4887-958e-0d964c1bc9c5","kind":"bikerack","longitude":14.4798697,"latitude":48.9800672,"name":"Bicycle Parking","city":"Ceske Budejovice","address":null,"covered":false,"access":null,"website":null,"phone":null,"source":"OpenStreetMap/node/7525501341","sourceUpdatedAt":null,"verifiedAt":null}},{"type":"Feature","geometry":{"type":"Point","coordinates":[14.4736035,48.975134]},"properties":{"id":"bikerack:d80fc50f-b626-46c4-8533-18b617f39432","kind":"bikerack","longitude":14.4736035,"latitude":48.975134,"name":"Bicycle Parking","city":"Ceske Budejovice","address":null,"covered":false,"access":null,"website":null,"phone":null,"source":"OpenStreetMap/node/9887636452","sourceUpdatedAt":null,"verifiedAt":null}},{"type":"Feature","geometry":{"type":"Point","coordinates":[14.4784351,48.9660786]},"properties":{"id":"bikerack:d8fc4f8f-4526-4c58-a6fb-abe1812505e5","kind":"bikerack","longitude":14.4784351,"latitude":48.9660786,"name":"Bicycle Parking","city":"Ceske Budejovice","address":null,"covered":false,"access":null,"website":null,"phone":null,"source":"OpenStreetMap/node/8836129950","sourceUpdatedAt":null,"verifiedAt":null}},{"type":"Feature","geometry":{"type":"Point","coordinates":[14.4737999,48.9747533]},"properties":{"id":"bikerack:d96f5e13-e1d0-4fee-abf1-b9cf39b1978a","kind":"bikerack","longitude":14.4737999,"latitude":48.9747533,"name":"Bicycle Parking","city":"Ceske Budejovice","address":null,"covered":false,"access":null,"website":null,"phone":null,"source":"OpenStreetMap/node/4242804496","sourceUpdatedAt":null,"verifiedAt":null}},{"type":"Feature","geometry":{"type":"Point","coordinates":[14.4829039,48.9716727]},"properties":{"id":"bikerack:db1c8150-8018-4527-84a7-55c300f0356c","kind":"bikerack","longitude":14.4829039,"latitude":48.9716727,"name":"Bicycle Parking","city":"Ceske Budejovice","address":null,"covered":false,"access":null,"website":null,"phone":null,"source":"OpenStreetMap/node/7430046613","sourceUpdatedAt":null,"verifiedAt":null}},{"type":"Feature","geometry":{"type":"Point","coordinates":[14.4750133,48.9646768]},"properties":{"id":"bikerack:db4be8fb-2a2b-4ca2-b258-193b734a44d6","kind":"bikerack","longitude":14.4750133,"latitude":48.9646768,"name":"Bicycle Parking","city":"Ceske Budejovice","address":null,"covered":false,"access":null,"website":null,"phone":null,"source":"OpenStreetMap/node/8928424045","sourceUpdatedAt":null,"verifiedAt":null}},{"type":"Feature","geometry":{"type":"Point","coordinates":[14.4756178,48.9695856]},"properties":{"id":"bikerack:dc0df2c7-3616-4d78-9358-fed139369e0a","kind":"bikerack","longitude":14.4756178,"latitude":48.9695856,"name":"Bicycle Parking","city":"Ceske Budejovice","address":null,"covered":false,"access":null,"website":null,"phone":null,"source":"OpenStreetMap/node/7947391176","sourceUpdatedAt":null,"verifiedAt":null}},{"type":"Feature","geometry":{"type":"Point","coordinates":[14.4637535,48.9799987]},"properties":{"id":"bikerack:dc959ebb-158f-40c0-b08a-2aa6a83d02e7","kind":"bikerack","longitude":14.4637535,"latitude":48.9799987,"name":"Bicycle Parking","city":"Ceske Budejovice","address":null,"covered":true,"access":null,"website":null,"phone":null,"source":"OpenStreetMap/node/12461118375","sourceUpdatedAt":null,"verifiedAt":null}},{"type":"Feature","geometry":{"type":"Point","coordinates":[14.4680672,48.9717934]},"properties":{"id":"bikerack:dd66d0b7-be4a-43d5-8bff-dbed3063147c","kind":"bikerack","longitude":14.4680672,"latitude":48.9717934,"name":"Bicycle Parking","city":"Ceske Budejovice","address":null,"covered":false,"access":null,"website":null,"phone":null,"source":"OpenStreetMap/node/13176494855","sourceUpdatedAt":null,"verifiedAt":null}},{"type":"Feature","geometry":{"type":"Point","coordinates":[14.4757112,48.9683916]},"properties":{"id":"bikerack:dd82cd42-edf0-47ce-a9f7-f04e5a29a849","kind":"bikerack","longitude":14.4757112,"latitude":48.9683916,"name":"Bicycle Parking","city":"Ceske Budejovice","address":null,"covered":false,"access":null,"website":null,"phone":null,"source":"OpenStreetMap/node/7235189179","sourceUpdatedAt":null,"verifiedAt":null}},{"type":"Feature","geometry":{"type":"Point","coordinates":[14.4768411,48.9726535]},"properties":{"id":"bikerack:dd9f66d2-7795-400a-9d96-d111a310da06","kind":"bikerack","longitude":14.4768411,"latitude":48.9726535,"name":"Bicycle Parking","city":"Ceske Budejovice","address":null,"covered":false,"access":null,"website":null,"phone":null,"source":"OpenStreetMap/node/7233620998","sourceUpdatedAt":null,"verifiedAt":null}},{"type":"Feature","geometry":{"type":"Point","coordinates":[14.4841868,48.9745521]},"properties":{"id":"bikerack:de41afa3-d478-40e6-bea4-c72063c99cc9","kind":"bikerack","longitude":14.4841868,"latitude":48.9745521,"name":"Bicycle Parking","city":"Ceske Budejovice","address":null,"covered":false,"access":null,"website":null,"phone":null,"source":"OpenStreetMap/node/13179007544","sourceUpdatedAt":null,"verifiedAt":null}},{"type":"Feature","geometry":{"type":"Point","coordinates":[14.499361,48.9715733]},"properties":{"id":"bikerack:ded6121b-d69d-4333-94b4-8f65134f5141","kind":"bikerack","longitude":14.499361,"latitude":48.9715733,"name":"Bicycle Parking","city":"Ceske Budejovice","address":null,"covered":false,"access":null,"website":null,"phone":null,"source":"OpenStreetMap/node/7835431094","sourceUpdatedAt":null,"verifiedAt":null}},{"type":"Feature","geometry":{"type":"Point","coordinates":[14.4726927,48.9785406]},"properties":{"id":"bikerack:e016804a-5320-43f9-ba45-9c5d90e457b8","kind":"bikerack","longitude":14.4726927,"latitude":48.9785406,"name":"Bicycle Parking","city":"Ceske Budejovice","address":null,"covered":false,"access":null,"website":null,"phone":null,"source":"OpenStreetMap/node/7233621009","sourceUpdatedAt":null,"verifiedAt":null}},{"type":"Feature","geometry":{"type":"Point","coordinates":[14.479125,48.9738087]},"properties":{"id":"bikerack:e03e6b77-9c40-4f06-8d89-838d79abc87a","kind":"bikerack","longitude":14.479125,"latitude":48.9738087,"name":"Bicycle Parking","city":"Ceske Budejovice","address":null,"covered":false,"access":null,"website":null,"phone":null,"source":"OpenStreetMap/node/7276682056","sourceUpdatedAt":null,"verifiedAt":null}},{"type":"Feature","geometry":{"type":"Point","coordinates":[14.4705394,48.9725342]},"properties":{"id":"bikerack:e04c07ed-0cdc-4586-b9d9-6d31ba31e3fb","kind":"bikerack","longitude":14.4705394,"latitude":48.9725342,"name":"Bicycle Parking","city":"Ceske Budejovice","address":null,"covered":false,"access":null,"website":null,"phone":null,"source":"OpenStreetMap/node/13176432192","sourceUpdatedAt":null,"verifiedAt":null}},{"type":"Feature","geometry":{"type":"Point","coordinates":[14.479269,48.9660888]},"properties":{"id":"bikerack:e0f8ca0a-aa27-4af5-abb6-04361c2b8d94","kind":"bikerack","longitude":14.479269,"latitude":48.9660888,"name":"Bicycle Parking","city":"Ceske Budejovice","address":null,"covered":false,"access":null,"website":null,"phone":null,"source":"OpenStreetMap/node/7385665753","sourceUpdatedAt":null,"verifiedAt":null}},{"type":"Feature","geometry":{"type":"Point","coordinates":[14.4689224,48.9750626]},"properties":{"id":"bikerack:e189b3b9-ad7e-4485-ab39-c32557ad467e","kind":"bikerack","longitude":14.4689224,"latitude":48.9750626,"name":"Bicycle Parking","city":"Ceske Budejovice","address":null,"covered":false,"access":null,"website":null,"phone":null,"source":"OpenStreetMap/node/7522399588","sourceUpdatedAt":null,"verifiedAt":null}},{"type":"Feature","geometry":{"type":"Point","coordinates":[14.4828094,48.9722744]},"properties":{"id":"bikerack:e18f8344-8a56-45ac-8318-fa194be33382","kind":"bikerack","longitude":14.4828094,"latitude":48.9722744,"name":"Bicycle Parking","city":"Ceske Budejovice","address":null,"covered":false,"access":null,"website":null,"phone":null,"source":"OpenStreetMap/node/7276653768","sourceUpdatedAt":null,"verifiedAt":null}},{"type":"Feature","geometry":{"type":"Point","coordinates":[14.4703429,48.9516319]},"properties":{"id":"bikerack:e194f3a2-d05b-47d5-bc6f-d3506baa2561","kind":"bikerack","longitude":14.4703429,"latitude":48.9516319,"name":"Bicycle Parking","city":"Litvinovice","address":null,"covered":false,"access":null,"website":null,"phone":null,"source":"OpenStreetMap/node/12690425064","sourceUpdatedAt":null,"verifiedAt":null}},{"type":"Feature","geometry":{"type":"Point","coordinates":[14.494218,48.9759293]},"properties":{"id":"bikerack:e35a95aa-af23-4168-9a77-d499417de258","kind":"bikerack","longitude":14.494218,"latitude":48.9759293,"name":"Bicycle Parking","city":"Ceske Budejovice","address":null,"covered":false,"access":null,"website":null,"phone":null,"source":"OpenStreetMap/node/7539025745","sourceUpdatedAt":null,"verifiedAt":null}},{"type":"Feature","geometry":{"type":"Point","coordinates":[14.4867156,48.9765735]},"properties":{"id":"bikerack:e3d99222-142c-4bcc-871f-1e004aafd7d3","kind":"bikerack","longitude":14.4867156,"latitude":48.9765735,"name":"Bicycle Parking","city":"Ceske Budejovice","address":null,"covered":true,"access":null,"website":null,"phone":null,"source":"OpenStreetMap/node/11584166520","sourceUpdatedAt":null,"verifiedAt":null}},{"type":"Feature","geometry":{"type":"Point","coordinates":[14.4776839,48.9789657]},"properties":{"id":"bikerack:e41540b2-51fe-43ca-943d-a0efe5ef1aa4","kind":"bikerack","longitude":14.4776839,"latitude":48.9789657,"name":"Bicycle Parking","city":"Ceske Budejovice","address":null,"covered":false,"access":null,"website":null,"phone":null,"source":"OpenStreetMap/node/7298836449","sourceUpdatedAt":null,"verifiedAt":null}},{"type":"Feature","geometry":{"type":"Point","coordinates":[14.4737878,48.9767124]},"properties":{"id":"bikerack:e45c2989-d59d-40a5-ab29-89e210d3c96d","kind":"bikerack","longitude":14.4737878,"latitude":48.9767124,"name":"Bicycle Parking","city":"Ceske Budejovice","address":null,"covered":true,"access":null,"website":null,"phone":null,"source":"OpenStreetMap/node/7200125950","sourceUpdatedAt":null,"verifiedAt":null}},{"type":"Feature","geometry":{"type":"Point","coordinates":[14.4751694,48.9666966]},"properties":{"id":"bikerack:e4e8472c-7b73-48d7-abc8-c44af2d5c269","kind":"bikerack","longitude":14.4751694,"latitude":48.9666966,"name":"Bicycle Parking","city":"Ceske Budejovice","address":null,"covered":false,"access":null,"website":null,"phone":null,"source":"OpenStreetMap/node/7235221639","sourceUpdatedAt":null,"verifiedAt":null}},{"type":"Feature","geometry":{"type":"Point","coordinates":[14.4864385,48.9731248]},"properties":{"id":"bikerack:e5ca0e90-9809-4840-a613-def936d40cd0","kind":"bikerack","longitude":14.4864385,"latitude":48.9731248,"name":"Bicycle Parking","city":"Ceske Budejovice","address":null,"covered":true,"access":null,"website":null,"phone":null,"source":"OpenStreetMap/node/7205976627","sourceUpdatedAt":null,"verifiedAt":null}},{"type":"Feature","geometry":{"type":"Point","coordinates":[14.474969,48.9722705]},"properties":{"id":"bikerack:e63b8504-ed2e-4737-907b-b1640404569a","kind":"bikerack","longitude":14.474969,"latitude":48.9722705,"name":"Bicycle Parking","city":"Ceske Budejovice","address":null,"covered":false,"access":null,"website":null,"phone":null,"source":"OpenStreetMap/node/7181887039","sourceUpdatedAt":null,"verifiedAt":null}},{"type":"Feature","geometry":{"type":"Point","coordinates":[14.4678193,48.971754]},"properties":{"id":"bikerack:e711b813-473c-4c99-a168-21c7b793fbbb","kind":"bikerack","longitude":14.4678193,"latitude":48.971754,"name":"Bicycle Parking","city":"Ceske Budejovice","address":null,"covered":false,"access":null,"website":null,"phone":null,"source":"OpenStreetMap/node/7517845290","sourceUpdatedAt":null,"verifiedAt":null}},{"type":"Feature","geometry":{"type":"Point","coordinates":[14.4773577,48.9718301]},"properties":{"id":"bikerack:e80eae24-895e-4b04-9540-09c75ab71ca1","kind":"bikerack","longitude":14.4773577,"latitude":48.9718301,"name":"Bicycle Parking","city":"Ceske Budejovice","address":null,"covered":true,"access":null,"website":null,"phone":null,"source":"OpenStreetMap/node/7480072413","sourceUpdatedAt":null,"verifiedAt":null}},{"type":"Feature","geometry":{"type":"Point","coordinates":[14.4821941,48.9738085]},"properties":{"id":"bikerack:e81600d9-6834-4188-acd7-f15b2bd5cf96","kind":"bikerack","longitude":14.4821941,"latitude":48.9738085,"name":"Bicycle Parking","city":"Ceske Budejovice","address":null,"covered":false,"access":null,"website":null,"phone":null,"source":"OpenStreetMap/node/7276682052","sourceUpdatedAt":null,"verifiedAt":null}},{"type":"Feature","geometry":{"type":"Point","coordinates":[14.4726954,48.9799604]},"properties":{"id":"bikerack:e8b51006-0036-4fe7-923b-eac80afb99fa","kind":"bikerack","longitude":14.4726954,"latitude":48.9799604,"name":"Bicycle Parking","city":"Ceske Budejovice","address":null,"covered":false,"access":null,"website":null,"phone":null,"source":"OpenStreetMap/node/9726764582","sourceUpdatedAt":null,"verifiedAt":null}},{"type":"Feature","geometry":{"type":"Point","coordinates":[14.479901,48.9744035]},"properties":{"id":"bikerack:ea26c1bf-9847-4f88-aff6-d1529d01a1d8","kind":"bikerack","longitude":14.479901,"latitude":48.9744035,"name":"Bicycle Parking","city":"Ceske Budejovice","address":null,"covered":false,"access":null,"website":null,"phone":null,"source":"OpenStreetMap/node/7200125947","sourceUpdatedAt":null,"verifiedAt":null}},{"type":"Feature","geometry":{"type":"Point","coordinates":[14.4789742,48.9553072]},"properties":{"id":"bikerack:eabcc973-99f6-4134-be02-c7cf0bf473cd","kind":"bikerack","longitude":14.4789742,"latitude":48.9553072,"name":"Bicycle Parking","city":"Ceske Budejovice","address":null,"covered":false,"access":null,"website":null,"phone":null,"source":"OpenStreetMap/node/7612855725","sourceUpdatedAt":null,"verifiedAt":null}},{"type":"Feature","geometry":{"type":"Point","coordinates":[14.4636095,48.9698201]},"properties":{"id":"bikerack:eb2b999a-c367-43df-a0bf-4b193fe8118d","kind":"bikerack","longitude":14.4636095,"latitude":48.9698201,"name":"Bicycle Parking","city":"Ceske Budejovice","address":null,"covered":false,"access":null,"website":null,"phone":null,"source":"OpenStreetMap/node/7600366513","sourceUpdatedAt":null,"verifiedAt":null}},{"type":"Feature","geometry":{"type":"Point","coordinates":[14.4830745,48.9744054]},"properties":{"id":"bikerack:eb31d40f-e50c-46f7-a405-adc6808f5f49","kind":"bikerack","longitude":14.4830745,"latitude":48.9744054,"name":"Bicycle Parking","city":"Ceske Budejovice","address":null,"covered":false,"access":null,"website":null,"phone":null,"source":"OpenStreetMap/node/7200125952","sourceUpdatedAt":null,"verifiedAt":null}},{"type":"Feature","geometry":{"type":"Point","coordinates":[14.479435,48.9618742]},"properties":{"id":"bikerack:ebc788b5-d759-4dc5-8b72-46606e0dd4bb","kind":"bikerack","longitude":14.479435,"latitude":48.9618742,"name":"Bicycle Parking","city":"Ceske Budejovice","address":null,"covered":false,"access":null,"website":null,"phone":null,"source":"OpenStreetMap/node/7331875358","sourceUpdatedAt":null,"verifiedAt":null}},{"type":"Feature","geometry":{"type":"Point","coordinates":[14.4742872,48.9739447]},"properties":{"id":"bikerack:ebdcbcef-0e0e-4002-bf7c-1f2c1243ec57","kind":"bikerack","longitude":14.4742872,"latitude":48.9739447,"name":"Bicycle Parking","city":"Ceske Budejovice","address":null,"covered":true,"access":null,"website":null,"phone":null,"source":"OpenStreetMap/node/7276800343","sourceUpdatedAt":null,"verifiedAt":null}},{"type":"Feature","geometry":{"type":"Point","coordinates":[14.4811388,48.9726021]},"properties":{"id":"bikerack:ec92b5c4-a7dd-43e9-abbb-0548f308771d","kind":"bikerack","longitude":14.4811388,"latitude":48.9726021,"name":"Bicycle Parking","city":"Ceske Budejovice","address":null,"covered":false,"access":null,"website":null,"phone":null,"source":"OpenStreetMap/node/7532869435","sourceUpdatedAt":null,"verifiedAt":null}},{"type":"Feature","geometry":{"type":"Point","coordinates":[14.4784662,48.972105]},"properties":{"id":"bikerack:ecb3c983-2cc4-4b29-a0fc-bb3466dafa57","kind":"bikerack","longitude":14.4784662,"latitude":48.972105,"name":"Bicycle Parking","city":"Ceske Budejovice","address":null,"covered":false,"access":null,"website":null,"phone":null,"source":"OpenStreetMap/node/7480074908","sourceUpdatedAt":null,"verifiedAt":null}},{"type":"Feature","geometry":{"type":"Point","coordinates":[14.4700972,48.9739073]},"properties":{"id":"bikerack:eda56b1f-3196-4aca-adcf-fd81b8ba9c43","kind":"bikerack","longitude":14.4700972,"latitude":48.9739073,"name":"Bicycle Parking","city":"Ceske Budejovice","address":null,"covered":false,"access":null,"website":null,"phone":null,"source":"OpenStreetMap/node/7205722116","sourceUpdatedAt":null,"verifiedAt":null}},{"type":"Feature","geometry":{"type":"Point","coordinates":[14.4738709,48.9717467]},"properties":{"id":"bikerack:edd09aea-24fe-4195-a5b0-ce6445edb7fc","kind":"bikerack","longitude":14.4738709,"latitude":48.9717467,"name":"Bicycle Parking","city":"Ceske Budejovice","address":null,"covered":false,"access":null,"website":null,"phone":null,"source":"OpenStreetMap/node/7212868921","sourceUpdatedAt":null,"verifiedAt":null}},{"type":"Feature","geometry":{"type":"Point","coordinates":[14.4774111,48.9788066]},"properties":{"id":"bikerack:ee3997be-f351-4785-9b6a-d98ada10ece0","kind":"bikerack","longitude":14.4774111,"latitude":48.9788066,"name":"Bicycle Parking","city":"Ceske Budejovice","address":null,"covered":false,"access":null,"website":null,"phone":null,"source":"OpenStreetMap/node/7298836436","sourceUpdatedAt":null,"verifiedAt":null}},{"type":"Feature","geometry":{"type":"Point","coordinates":[14.4759153,48.9767745]},"properties":{"id":"bikerack:ee4a5759-991f-4cad-bc8c-5931d0b13106","kind":"bikerack","longitude":14.4759153,"latitude":48.9767745,"name":"Bicycle Parking","city":"Ceske Budejovice","address":null,"covered":false,"access":null,"website":null,"phone":null,"source":"OpenStreetMap/node/7548225715","sourceUpdatedAt":null,"verifiedAt":null}},{"type":"Feature","geometry":{"type":"Point","coordinates":[14.4871097,48.9750234]},"properties":{"id":"bikerack:ee8d4934-b5e7-4d80-adc5-bcf025f1f0a2","kind":"bikerack","longitude":14.4871097,"latitude":48.9750234,"name":"Bicycle Parking","city":"Ceske Budejovice","address":null,"covered":false,"access":null,"website":null,"phone":null,"source":"OpenStreetMap/node/7523318010","sourceUpdatedAt":null,"verifiedAt":null}},{"type":"Feature","geometry":{"type":"Point","coordinates":[14.4750215,48.9736561]},"properties":{"id":"bikerack:ef83cb25-3988-4e03-a407-b494f2a4ac7e","kind":"bikerack","longitude":14.4750215,"latitude":48.9736561,"name":"Bicycle Parking","city":"Ceske Budejovice","address":null,"covered":true,"access":null,"website":null,"phone":null,"source":"OpenStreetMap/node/7200125965","sourceUpdatedAt":null,"verifiedAt":null}},{"type":"Feature","geometry":{"type":"Point","coordinates":[14.4679843,48.9717808]},"properties":{"id":"bikerack:f16c8b88-0129-4041-81c7-88686f048de2","kind":"bikerack","longitude":14.4679843,"latitude":48.9717808,"name":"Bicycle Parking","city":"Ceske Budejovice","address":null,"covered":false,"access":null,"website":null,"phone":null,"source":"OpenStreetMap/node/7517845291","sourceUpdatedAt":null,"verifiedAt":null}},{"type":"Feature","geometry":{"type":"Point","coordinates":[14.4782003,48.9792328]},"properties":{"id":"bikerack:f2975618-161f-4a8e-9d3d-5d4a56a3a902","kind":"bikerack","longitude":14.4782003,"latitude":48.9792328,"name":"Bicycle Parking","city":"Ceske Budejovice","address":null,"covered":false,"access":null,"website":null,"phone":null,"source":"OpenStreetMap/node/7298836430","sourceUpdatedAt":null,"verifiedAt":null}},{"type":"Feature","geometry":{"type":"Point","coordinates":[14.4700137,48.9522623]},"properties":{"id":"bikerack:f2a0682e-8177-4b90-b6a4-d9648731ddb8","kind":"bikerack","longitude":14.4700137,"latitude":48.9522623,"name":"Bicycle Parking","city":"Litvinovice","address":null,"covered":false,"access":null,"website":null,"phone":null,"source":"OpenStreetMap/node/12690465693","sourceUpdatedAt":null,"verifiedAt":null}},{"type":"Feature","geometry":{"type":"Point","coordinates":[14.4820903,48.9636619]},"properties":{"id":"bikerack:f3f7c934-d783-48c1-8b5c-05b58426dd04","kind":"bikerack","longitude":14.4820903,"latitude":48.9636619,"name":"Bicycle Parking","city":"Ceske Budejovice","address":null,"covered":true,"access":null,"website":null,"phone":null,"source":"OpenStreetMap/node/12806438230","sourceUpdatedAt":null,"verifiedAt":null}},{"type":"Feature","geometry":{"type":"Point","coordinates":[14.4884794,48.9628535]},"properties":{"id":"bikerack:f4369495-fe86-42ce-9bb6-32f919d80d7d","kind":"bikerack","longitude":14.4884794,"latitude":48.9628535,"name":"Bicycle Parking","city":"Ceske Budejovice","address":null,"covered":false,"access":null,"website":null,"phone":null,"source":"OpenStreetMap/node/7299841672","sourceUpdatedAt":null,"verifiedAt":null}},{"type":"Feature","geometry":{"type":"Point","coordinates":[14.4713217,48.9788364]},"properties":{"id":"bikerack:f49c61c3-e6e3-446d-b52b-fa94cf4d18bf","kind":"bikerack","longitude":14.4713217,"latitude":48.9788364,"name":"Bicycle Parking","city":"Ceske Budejovice","address":null,"covered":false,"access":null,"website":null,"phone":null,"source":"OpenStreetMap/node/7390783023","sourceUpdatedAt":null,"verifiedAt":null}},{"type":"Feature","geometry":{"type":"Point","coordinates":[14.465563,48.9772121]},"properties":{"id":"bikerack:f4c3d8ad-85ad-4aad-b539-aa6544bd5d8d","kind":"bikerack","longitude":14.465563,"latitude":48.9772121,"name":"Bicycle Parking","city":"Ceske Budejovice","address":null,"covered":false,"access":null,"website":null,"phone":null,"source":"OpenStreetMap/node/7677988352","sourceUpdatedAt":null,"verifiedAt":null}},{"type":"Feature","geometry":{"type":"Point","coordinates":[14.4713033,48.9662895]},"properties":{"id":"bikerack:f4dd208a-9fd0-4623-acfc-957977b981af","kind":"bikerack","longitude":14.4713033,"latitude":48.9662895,"name":"Bicycle Parking","city":"Ceske Budejovice","address":null,"covered":true,"access":null,"website":null,"phone":null,"source":"OpenStreetMap/way/1434331940","sourceUpdatedAt":null,"verifiedAt":null}},{"type":"Feature","geometry":{"type":"Point","coordinates":[14.4684352,48.968014]},"properties":{"id":"bikerack:f4eb59e5-09a7-442f-b8b5-3840983f7d4a","kind":"bikerack","longitude":14.4684352,"latitude":48.968014,"name":"Bicycle Parking","city":"Ceske Budejovice","address":null,"covered":false,"access":null,"website":null,"phone":null,"source":"OpenStreetMap/node/7538566064","sourceUpdatedAt":null,"verifiedAt":null}},{"type":"Feature","geometry":{"type":"Point","coordinates":[14.4803252,48.9733053]},"properties":{"id":"bikerack:f52119ec-024b-4954-a881-0c0bc6c78a04","kind":"bikerack","longitude":14.4803252,"latitude":48.9733053,"name":"Bicycle Parking","city":"Ceske Budejovice","address":null,"covered":true,"access":null,"website":null,"phone":null,"source":"OpenStreetMap/way/805407665","sourceUpdatedAt":null,"verifiedAt":null}},{"type":"Feature","geometry":{"type":"Point","coordinates":[14.4958083,48.9786721]},"properties":{"id":"bikerack:f5df2d9a-2c4e-4181-9902-9a75f8627cd5","kind":"bikerack","longitude":14.4958083,"latitude":48.9786721,"name":"Bicycle Parking","city":"Ceske Budejovice","address":null,"covered":true,"access":null,"website":null,"phone":null,"source":"OpenStreetMap/node/7539025754","sourceUpdatedAt":null,"verifiedAt":null}},{"type":"Feature","geometry":{"type":"Point","coordinates":[14.4725501,48.9617913]},"properties":{"id":"bikerack:f5f55ee4-62ad-4e21-8826-6f66e9c46b4b","kind":"bikerack","longitude":14.4725501,"latitude":48.9617913,"name":"Bicycle Parking","city":"Ceske Budejovice","address":null,"covered":false,"access":null,"website":null,"phone":null,"source":"OpenStreetMap/node/7826238881","sourceUpdatedAt":null,"verifiedAt":null}},{"type":"Feature","geometry":{"type":"Point","coordinates":[14.4760227,48.9728913]},"properties":{"id":"bikerack:f6933648-2380-4fa9-8374-1aebd3a57689","kind":"bikerack","longitude":14.4760227,"latitude":48.9728913,"name":"Bicycle Parking","city":"Ceske Budejovice","address":null,"covered":false,"access":null,"website":null,"phone":null,"source":"OpenStreetMap/node/7181887037","sourceUpdatedAt":null,"verifiedAt":null}},{"type":"Feature","geometry":{"type":"Point","coordinates":[14.4778165,48.9759122]},"properties":{"id":"bikerack:f78466ac-a6fc-4a4d-a1bb-24f6cc32ab71","kind":"bikerack","longitude":14.4778165,"latitude":48.9759122,"name":"Bicycle Parking","city":"Ceske Budejovice","address":null,"covered":false,"access":null,"website":null,"phone":null,"source":"OpenStreetMap/node/7756816946","sourceUpdatedAt":null,"verifiedAt":null}},{"type":"Feature","geometry":{"type":"Point","coordinates":[14.4712993,48.96595]},"properties":{"id":"bikerack:f7df000b-620f-4eed-9ef1-d7daa38325b9","kind":"bikerack","longitude":14.4712993,"latitude":48.96595,"name":"Bicycle Parking","city":"Ceske Budejovice","address":null,"covered":true,"access":null,"website":null,"phone":null,"source":"OpenStreetMap/way/1434331936","sourceUpdatedAt":null,"verifiedAt":null}},{"type":"Feature","geometry":{"type":"Point","coordinates":[14.4789857,48.9767746]},"properties":{"id":"bikerack:f8a70b13-914a-47fc-bbee-ae0f1841ecb7","kind":"bikerack","longitude":14.4789857,"latitude":48.9767746,"name":"Bicycle Parking","city":"Ceske Budejovice","address":null,"covered":true,"access":null,"website":null,"phone":null,"source":"OpenStreetMap/node/12147586175","sourceUpdatedAt":null,"verifiedAt":null}},{"type":"Feature","geometry":{"type":"Point","coordinates":[14.4728732,48.9727831]},"properties":{"id":"bikerack:f8b838e1-b50c-4e43-b869-e8624ee0e192","kind":"bikerack","longitude":14.4728732,"latitude":48.9727831,"name":"Bicycle Parking","city":"Ceske Budejovice","address":null,"covered":false,"access":null,"website":null,"phone":null,"source":"OpenStreetMap/node/7259317086","sourceUpdatedAt":null,"verifiedAt":null}},{"type":"Feature","geometry":{"type":"Point","coordinates":[14.4871118,48.9683685]},"properties":{"id":"bikerack:f929501c-7ac0-4c7e-bb33-9993d4406568","kind":"bikerack","longitude":14.4871118,"latitude":48.9683685,"name":"Bicycle Parking","city":"Ceske Budejovice","address":null,"covered":true,"access":null,"website":null,"phone":null,"source":"OpenStreetMap/node/7430046610","sourceUpdatedAt":null,"verifiedAt":null}},{"type":"Feature","geometry":{"type":"Point","coordinates":[14.4860494,48.9746307]},"properties":{"id":"bikerack:f972a4d8-f8f9-44d9-a8ad-4863ad190d89","kind":"bikerack","longitude":14.4860494,"latitude":48.9746307,"name":"Bicycle Parking","city":"Ceske Budejovice","address":null,"covered":false,"access":null,"website":null,"phone":null,"source":"OpenStreetMap/node/13179007540","sourceUpdatedAt":null,"verifiedAt":null}},{"type":"Feature","geometry":{"type":"Point","coordinates":[14.4725433,48.9743204]},"properties":{"id":"bikerack:fa23c460-ebbf-465c-9037-04df489d5a28","kind":"bikerack","longitude":14.4725433,"latitude":48.9743204,"name":"Bicycle Parking","city":"Ceske Budejovice","address":null,"covered":false,"access":null,"website":null,"phone":null,"source":"OpenStreetMap/node/8563338682","sourceUpdatedAt":null,"verifiedAt":null}},{"type":"Feature","geometry":{"type":"Point","coordinates":[14.4709562,48.9591026]},"properties":{"id":"bikerack:fa8fe932-3ab1-42ae-bc60-e14ad437bf38","kind":"bikerack","longitude":14.4709562,"latitude":48.9591026,"name":"Bicycle Parking","city":"Ceske Budejovice","address":null,"covered":false,"access":null,"website":null,"phone":null,"source":"OpenStreetMap/node/7846490803","sourceUpdatedAt":null,"verifiedAt":null}},{"type":"Feature","geometry":{"type":"Point","coordinates":[14.4850414,48.9745566]},"properties":{"id":"bikerack:fae2b8a8-2ea4-41a8-87a8-118f814c4ce6","kind":"bikerack","longitude":14.4850414,"latitude":48.9745566,"name":"Bicycle Parking","city":"Ceske Budejovice","address":null,"covered":false,"access":null,"website":null,"phone":null,"source":"OpenStreetMap/node/7200125956","sourceUpdatedAt":null,"verifiedAt":null}},{"type":"Feature","geometry":{"type":"Point","coordinates":[14.4750752,48.9677409]},"properties":{"id":"bikerack:fb633850-70d5-4fc4-95e8-2ccf89d0a825","kind":"bikerack","longitude":14.4750752,"latitude":48.9677409,"name":"Bicycle Parking","city":"Ceske Budejovice","address":null,"covered":false,"access":null,"website":null,"phone":null,"source":"OpenStreetMap/node/7235189147","sourceUpdatedAt":null,"verifiedAt":null}},{"type":"Feature","geometry":{"type":"Point","coordinates":[14.476121,48.9781105]},"properties":{"id":"bikerack:fc027817-94af-4f89-8867-d1811370129a","kind":"bikerack","longitude":14.476121,"latitude":48.9781105,"name":"Bicycle Parking","city":"Ceske Budejovice","address":null,"covered":false,"access":null,"website":null,"phone":null,"source":"OpenStreetMap/node/7298836448","sourceUpdatedAt":null,"verifiedAt":null}},{"type":"Feature","geometry":{"type":"Point","coordinates":[14.467554,48.9533611]},"properties":{"id":"bikerack:fc371223-0cd7-4c79-92e7-dddc3b9582d0","kind":"bikerack","longitude":14.467554,"latitude":48.9533611,"name":"Bicycle Parking","city":"Litvinovice","address":null,"covered":false,"access":null,"website":null,"phone":null,"source":"OpenStreetMap/node/7395007193","sourceUpdatedAt":null,"verifiedAt":null}},{"type":"Feature","geometry":{"type":"Point","coordinates":[14.478253,48.9701014]},"properties":{"id":"bikerack:fc5ddb4c-971c-4f5a-bb3c-97331bf73db9","kind":"bikerack","longitude":14.478253,"latitude":48.9701014,"name":"Bicycle Parking","city":"Ceske Budejovice","address":null,"covered":false,"access":null,"website":null,"phone":null,"source":"OpenStreetMap/node/11446230094","sourceUpdatedAt":null,"verifiedAt":null}},{"type":"Feature","geometry":{"type":"Point","coordinates":[14.4753342,48.9720415]},"properties":{"id":"bikerack:fe1c3da0-9315-4dae-99a8-7fde465ea16a","kind":"bikerack","longitude":14.4753342,"latitude":48.9720415,"name":"Bicycle Parking","city":"Ceske Budejovice","address":null,"covered":false,"access":null,"website":null,"phone":null,"source":"OpenStreetMap/node/13388349391","sourceUpdatedAt":null,"verifiedAt":null}},{"type":"Feature","geometry":{"type":"Point","coordinates":[14.4759349,48.9801925]},"properties":{"id":"bikerack:fefb7ccb-b318-40d0-9e96-0f7064b248a2","kind":"bikerack","longitude":14.4759349,"latitude":48.9801925,"name":"Bicycle Parking","city":"Ceske Budejovice","address":null,"covered":false,"access":null,"website":null,"phone":null,"source":"OpenStreetMap/node/7589824142","sourceUpdatedAt":null,"verifiedAt":null}},{"type":"Feature","geometry":{"type":"Point","coordinates":[14.4753023,48.9733904]},"properties":{"id":"bikerack:ff4e8734-d1d8-4cde-94cc-a765c7b73c64","kind":"bikerack","longitude":14.4753023,"latitude":48.9733904,"name":"Bicycle Parking","city":"Ceske Budejovice","address":null,"covered":false,"access":null,"website":null,"phone":null,"source":"OpenStreetMap/node/7480151982","sourceUpdatedAt":null,"verifiedAt":null}},{"type":"Feature","geometry":{"type":"Point","coordinates":[14.4611338,48.9778961]},"properties":{"id":"service:64284315-4627-46e8-b6cc-b5f12a099ffe","kind":"service","longitude":14.4611338,"latitude":48.9778961,"name":"Cykloextra","city":"Ceske Budejovice","address":null,"covered":null,"access":null,"website":null,"phone":null,"source":"OpenStreetMap/node/9405057850","sourceUpdatedAt":null,"verifiedAt":null}},{"type":"Feature","geometry":{"type":"Point","coordinates":[14.4832205,48.9715775]},"properties":{"id":"service:7b9b5294-8876-4109-81ac-96df099c7815","kind":"service","longitude":14.4832205,"latitude":48.9715775,"name":"Cyklocentrum Hyka","city":"Ceske Budejovice","address":null,"covered":null,"access":null,"website":null,"phone":null,"source":"OpenStreetMap/node/7798254224","sourceUpdatedAt":null,"verifiedAt":null}},{"type":"Feature","geometry":{"type":"Point","coordinates":[14.4810235,48.9759117]},"properties":{"id":"service:aed5f09d-657a-4646-99db-d909e2e62c9e","kind":"service","longitude":14.4810235,"latitude":48.9759117,"name":"Spectrumbike","city":"Ceske Budejovice","address":null,"covered":null,"access":null,"website":null,"phone":null,"source":"OpenStreetMap/node/7838171414","sourceUpdatedAt":null,"verifiedAt":null}},{"type":"Feature","geometry":{"type":"Point","coordinates":[14.4748448,48.9643027]},"properties":{"id":"service:d2813e61-2b02-4314-abef-907e7d6d55b1","kind":"service","longitude":14.4748448,"latitude":48.9643027,"name":"Cyklo Švec","city":"Ceske Budejovice","address":null,"covered":null,"access":null,"website":null,"phone":null,"source":"OpenStreetMap/node/6342093789","sourceUpdatedAt":null,"verifiedAt":null}},{"type":"Feature","geometry":{"type":"Point","coordinates":[14.4771399,48.9749352]},"properties":{"id":"service:d650222f-6357-41bc-bcdc-c7c1cd1436bc","kind":"service","longitude":14.4771399,"latitude":48.9749352,"name":"Bikeshop","city":"Ceske Budejovice","address":null,"covered":null,"access":null,"website":null,"phone":null,"source":"OpenStreetMap/node/9423714780","sourceUpdatedAt":null,"verifiedAt":null}},{"type":"Feature","geometry":{"type":"Point","coordinates":[14.4902568,48.9776709]},"properties":{"id":"service:ea71e0de-47a1-4b29-a038-eb78eb4ff42a","kind":"service","longitude":14.4902568,"latitude":48.9776709,"name":"Wave Sport","city":"Ceske Budejovice","address":null,"covered":null,"access":null,"website":null,"phone":null,"source":"OpenStreetMap/node/7838170196","sourceUpdatedAt":null,"verifiedAt":null}},{"type":"Feature","geometry":{"type":"Point","coordinates":[14.4606785,48.9787961]},"properties":{"id":"service:f78fca9b-bb55-457c-bf1d-dfd2d759d6ba","kind":"service","longitude":14.4606785,"latitude":48.9787961,"name":"Kolofix","city":"Ceske Budejovice","address":null,"covered":null,"access":null,"website":null,"phone":null,"source":"OpenStreetMap/node/7838153600","sourceUpdatedAt":null,"verifiedAt":null}},{"type":"Feature","geometry":{"type":"Point","coordinates":[14.4867887,48.9749003]},"properties":{"id":"water:0b8c4607-b1b5-49b1-bc80-15561f4083dc","kind":"water","longitude":14.4867887,"latitude":48.9749003,"name":"Drinking Fountain","city":"Ceske Budejovice","address":null,"covered":null,"access":null,"website":null,"phone":null,"source":"OpenStreetMap/node/4564175557","sourceUpdatedAt":null,"verifiedAt":null}},{"type":"Feature","geometry":{"type":"Point","coordinates":[14.4878591,48.9749774]},"properties":{"id":"water:10e49a3b-c6e8-4f2a-86cc-d05533c47209","kind":"water","longitude":14.4878591,"latitude":48.9749774,"name":"Drinking Fountain","city":"Ceske Budejovice","address":null,"covered":null,"access":null,"website":null,"phone":null,"source":"OpenStreetMap/node/11421539526","sourceUpdatedAt":null,"verifiedAt":null}},{"type":"Feature","geometry":{"type":"Point","coordinates":[14.4757047,48.9751357]},"properties":{"id":"water:151c49d6-c339-401f-a0f5-6a7e352e66f6","kind":"water","longitude":14.4757047,"latitude":48.9751357,"name":"Drinking Fountain","city":"Ceske Budejovice","address":null,"covered":null,"access":null,"website":null,"phone":null,"source":"OpenStreetMap/node/3868680174","sourceUpdatedAt":null,"verifiedAt":null}},{"type":"Feature","geometry":{"type":"Point","coordinates":[14.4879929,48.974337]},"properties":{"id":"water:220eb3f9-d730-4af6-8702-b10a6faddb24","kind":"water","longitude":14.4879929,"latitude":48.974337,"name":"Drinking Fountain","city":"Ceske Budejovice","address":null,"covered":null,"access":null,"website":null,"phone":null,"source":"OpenStreetMap/node/11491469667","sourceUpdatedAt":null,"verifiedAt":null}},{"type":"Feature","geometry":{"type":"Point","coordinates":[14.4719243,48.976147]},"properties":{"id":"water:2fdbcf87-1d13-454d-9fa4-50a3dc9d3eca","kind":"water","longitude":14.4719243,"latitude":48.976147,"name":"Drinking Fountain","city":"Ceske Budejovice","address":null,"covered":null,"access":null,"website":null,"phone":null,"source":"OpenStreetMap/node/7364496924","sourceUpdatedAt":null,"verifiedAt":null}},{"type":"Feature","geometry":{"type":"Point","coordinates":[14.4664108,48.9591468]},"properties":{"id":"water:9b3c955b-229a-4fa7-91e1-d25431d56ce3","kind":"water","longitude":14.4664108,"latitude":48.9591468,"name":"Drinking Fountain","city":"Litvinovice","address":null,"covered":null,"access":null,"website":null,"phone":null,"source":"OpenStreetMap/node/9979693248","sourceUpdatedAt":null,"verifiedAt":null}},{"type":"Feature","geometry":{"type":"Point","coordinates":[14.4786879,48.9742165]},"properties":{"id":"water:9d13bc84-5cd5-46e4-bac9-722c23b6db95","kind":"water","longitude":14.4786879,"latitude":48.9742165,"name":"Drinking Fountain","city":"Ceske Budejovice","address":null,"covered":null,"access":null,"website":null,"phone":null,"source":"OpenStreetMap/node/3426821318","sourceUpdatedAt":null,"verifiedAt":null}},{"type":"Feature","geometry":{"type":"Point","coordinates":[14.4780313,48.9620767]},"properties":{"id":"water:9d4273ce-411e-42bc-bdf3-18e668e30c59","kind":"water","longitude":14.4780313,"latitude":48.9620767,"name":"Drinking Fountain","city":"Ceske Budejovice","address":null,"covered":null,"access":null,"website":null,"phone":null,"source":"OpenStreetMap/node/7325491438","sourceUpdatedAt":null,"verifiedAt":null}},{"type":"Feature","geometry":{"type":"Point","coordinates":[14.4703079,48.9749775]},"properties":{"id":"water:a5cafd57-e800-4e70-84dd-97f20afe19db","kind":"water","longitude":14.4703079,"latitude":48.9749775,"name":"Drinking Fountain","city":"Ceske Budejovice","address":null,"covered":null,"access":null,"website":null,"phone":null,"source":"OpenStreetMap/node/9916994907","sourceUpdatedAt":null,"verifiedAt":null}},{"type":"Feature","geometry":{"type":"Point","coordinates":[14.4774358,48.9770153]},"properties":{"id":"water:b7999359-8d3c-4a5c-9a87-05f2424be974","kind":"water","longitude":14.4774358,"latitude":48.9770153,"name":"Drinking Fountain","city":"Ceske Budejovice","address":null,"covered":null,"access":null,"website":null,"phone":null,"source":"OpenStreetMap/node/7630108214","sourceUpdatedAt":null,"verifiedAt":null}},{"type":"Feature","geometry":{"type":"Point","coordinates":[14.4793235,48.9608546]},"properties":{"id":"water:c543e755-28fa-4f27-bc5e-faac9eab9c71","kind":"water","longitude":14.4793235,"latitude":48.9608546,"name":"Drinking Fountain","city":"Ceske Budejovice","address":null,"covered":null,"access":null,"website":null,"phone":null,"source":"OpenStreetMap/node/13176666502","sourceUpdatedAt":null,"verifiedAt":null}},{"type":"Feature","geometry":{"type":"Point","coordinates":[14.4817241,48.9744672]},"properties":{"id":"water:e10e94a7-dd40-48a7-8322-6b039002a88a","kind":"water","longitude":14.4817241,"latitude":48.9744672,"name":"Drinking Fountain","city":"Ceske Budejovice","address":null,"covered":null,"access":null,"website":null,"phone":null,"source":"OpenStreetMap/node/1295885279","sourceUpdatedAt":null,"verifiedAt":null}},{"type":"Feature","geometry":{"type":"Point","coordinates":[14.4724922,48.972183]},"properties":{"id":"water:f1a7513a-85ba-4d8a-bfe4-315a64302a7b","kind":"water","longitude":14.4724922,"latitude":48.972183,"name":"Drinking Fountain","city":"Ceske Budejovice","address":null,"covered":null,"access":null,"website":null,"phone":null,"source":"OpenStreetMap/node/12871383263","sourceUpdatedAt":null,"verifiedAt":null}},{"type":"Feature","geometry":{"type":"Point","coordinates":[14.4771917,48.9708007]},"properties":{"id":"water:f535058f-cacc-46bb-9d52-fe356e9aa56c","kind":"water","longitude":14.4771917,"latitude":48.9708007,"name":"Drinking Fountain","city":"Ceske Budejovice","address":null,"covered":null,"access":null,"website":null,"phone":null,"source":"OpenStreetMap/node/10871528611","sourceUpdatedAt":null,"verifiedAt":null}}]}