{"type":"FeatureCollection","features":[{"type":"Feature","geometry":{"type":"Point","coordinates":[16.3360278,48.1848024]},"properties":{"id":"bikerack:01020536-cc1e-45c9-ac3f-aae361f7916d","kind":"bikerack","longitude":16.3360278,"latitude":48.1848024,"name":"Biciklitároló","city":"Vienna","address":null,"covered":false,"access":null,"website":null,"phone":null,"source":"OpenStreetMap/node/7655346471","sourceUpdatedAt":null,"verifiedAt":null}},{"type":"Feature","geometry":{"type":"Point","coordinates":[16.3436869,48.1710647]},"properties":{"id":"bikerack:010e5e59-d28e-423d-8ae8-b33fc9b4b901","kind":"bikerack","longitude":16.3436869,"latitude":48.1710647,"name":"Biciklitároló","city":"Vienna","address":null,"covered":false,"access":null,"website":null,"phone":null,"source":"OpenStreetMap/node/4225489596","sourceUpdatedAt":null,"verifiedAt":null}},{"type":"Feature","geometry":{"type":"Point","coordinates":[16.3449833,48.1684247]},"properties":{"id":"bikerack:0157ca52-258f-4091-b15f-4214d3deeb49","kind":"bikerack","longitude":16.3449833,"latitude":48.1684247,"name":"Biciklitároló","city":"Vosendorf","address":null,"covered":true,"access":null,"website":null,"phone":null,"source":"OpenStreetMap/node/12771667909","sourceUpdatedAt":null,"verifiedAt":null}},{"type":"Feature","geometry":{"type":"Point","coordinates":[16.3284218,48.1836501]},"properties":{"id":"bikerack:02e83a32-76ff-429a-873f-4872e8f959d7","kind":"bikerack","longitude":16.3284218,"latitude":48.1836501,"name":"Biciklitároló","city":"Vienna","address":null,"covered":true,"access":null,"website":null,"phone":null,"source":"OpenStreetMap/node/12702251418","sourceUpdatedAt":null,"verifiedAt":null}},{"type":"Feature","geometry":{"type":"Point","coordinates":[16.3382666,48.1885848]},"properties":{"id":"bikerack:032dbe8a-427f-458f-9c19-ec57796ec8da","kind":"bikerack","longitude":16.3382666,"latitude":48.1885848,"name":"Biciklitároló","city":"Vienna","address":null,"covered":false,"access":null,"website":null,"phone":null,"source":"OpenStreetMap/node/11682643190","sourceUpdatedAt":null,"verifiedAt":null}},{"type":"Feature","geometry":{"type":"Point","coordinates":[16.3039743,48.1879391]},"properties":{"id":"bikerack:036f1d1c-83da-4923-82d8-d3c15a905967","kind":"bikerack","longitude":16.3039743,"latitude":48.1879391,"name":"Radgarage Kennedybrücke","city":"Vienna","address":null,"covered":true,"access":null,"website":null,"phone":null,"source":"OpenStreetMap/way/318853860","sourceUpdatedAt":null,"verifiedAt":null}},{"type":"Feature","geometry":{"type":"Point","coordinates":[16.3450514,48.1870481]},"properties":{"id":"bikerack:03b405bd-7835-42bd-afdf-a779403e2385","kind":"bikerack","longitude":16.3450514,"latitude":48.1870481,"name":"Biciklitároló","city":"Vienna","address":null,"covered":false,"access":null,"website":null,"phone":null,"source":"OpenStreetMap/node/4603998623","sourceUpdatedAt":null,"verifiedAt":null}},{"type":"Feature","geometry":{"type":"Point","coordinates":[16.3410779,48.1813211]},"properties":{"id":"bikerack:04873fea-0c71-45ad-ad31-39d1ea1faaa9","kind":"bikerack","longitude":16.3410779,"latitude":48.1813211,"name":"Biciklitároló","city":"Vienna","address":null,"covered":false,"access":null,"website":null,"phone":null,"source":"OpenStreetMap/node/9855941049","sourceUpdatedAt":null,"verifiedAt":null}},{"type":"Feature","geometry":{"type":"Point","coordinates":[16.3371307,48.1862309]},"properties":{"id":"bikerack:04878e84-a278-4c3e-9908-2b695c071a83","kind":"bikerack","longitude":16.3371307,"latitude":48.1862309,"name":"Biciklitároló","city":"Vienna","address":null,"covered":false,"access":null,"website":null,"phone":null,"source":"OpenStreetMap/node/12702148791","sourceUpdatedAt":null,"verifiedAt":null}},{"type":"Feature","geometry":{"type":"Point","coordinates":[16.3414304,48.1905246]},"properties":{"id":"bikerack:05484704-9d7e-44f5-a541-9f251c06b30a","kind":"bikerack","longitude":16.3414304,"latitude":48.1905246,"name":"Biciklitároló","city":"Vienna","address":null,"covered":false,"access":null,"website":null,"phone":null,"source":"OpenStreetMap/node/9084750864","sourceUpdatedAt":null,"verifiedAt":null}},{"type":"Feature","geometry":{"type":"Point","coordinates":[16.3458774,48.1875817]},"properties":{"id":"bikerack:0570d8aa-43c7-41be-85e8-e0daddf4ace3","kind":"bikerack","longitude":16.3458774,"latitude":48.1875817,"name":"Biciklitároló","city":"Vienna","address":null,"covered":false,"access":null,"website":null,"phone":null,"source":"OpenStreetMap/node/11728490627","sourceUpdatedAt":null,"verifiedAt":null}},{"type":"Feature","geometry":{"type":"Point","coordinates":[16.3390178,48.1910909]},"properties":{"id":"bikerack:06ac62c7-d52d-4eba-8c66-3ab124d4c5a6","kind":"bikerack","longitude":16.3390178,"latitude":48.1910909,"name":"Biciklitároló","city":"Vienna","address":null,"covered":false,"access":null,"website":null,"phone":null,"source":"OpenStreetMap/node/13098585770","sourceUpdatedAt":null,"verifiedAt":null}},{"type":"Feature","geometry":{"type":"Point","coordinates":[16.3133473,48.1893664]},"properties":{"id":"bikerack:07981e84-57c1-4f04-b12e-1e0413ebc1bc","kind":"bikerack","longitude":16.3133473,"latitude":48.1893664,"name":"Biciklitároló","city":"Vienna","address":null,"covered":false,"access":null,"website":null,"phone":null,"source":"OpenStreetMap/node/4466460832","sourceUpdatedAt":null,"verifiedAt":null}},{"type":"Feature","geometry":{"type":"Point","coordinates":[16.3303109,48.1754041]},"properties":{"id":"bikerack:082163bb-64a0-41de-b5c8-5d9726a97cee","kind":"bikerack","longitude":16.3303109,"latitude":48.1754041,"name":"Biciklitároló","city":"Vienna","address":null,"covered":false,"access":null,"website":null,"phone":null,"source":"OpenStreetMap/node/9573667869","sourceUpdatedAt":null,"verifiedAt":null}},{"type":"Feature","geometry":{"type":"Point","coordinates":[16.3445535,48.1735549]},"properties":{"id":"bikerack:08c783a0-86df-4284-a6c7-9eef619b3f74","kind":"bikerack","longitude":16.3445535,"latitude":48.1735549,"name":"Biciklitároló","city":"Vienna","address":null,"covered":false,"access":null,"website":null,"phone":null,"source":"OpenStreetMap/node/13120025430","sourceUpdatedAt":null,"verifiedAt":null}},{"type":"Feature","geometry":{"type":"Point","coordinates":[16.3447772,48.1859612]},"properties":{"id":"bikerack:08c8be04-e919-4cd8-bf59-b5c8d7732dcf","kind":"bikerack","longitude":16.3447772,"latitude":48.1859612,"name":"Biciklitároló","city":"Vienna","address":null,"covered":false,"access":null,"website":null,"phone":null,"source":"OpenStreetMap/node/4603998627","sourceUpdatedAt":null,"verifiedAt":null}},{"type":"Feature","geometry":{"type":"Point","coordinates":[16.3307378,48.1848391]},"properties":{"id":"bikerack:0910dd8c-9501-4035-8cc3-8c79be11449f","kind":"bikerack","longitude":16.3307378,"latitude":48.1848391,"name":"Biciklitároló","city":"Vienna","address":null,"covered":false,"access":null,"website":null,"phone":null,"source":"OpenStreetMap/node/13227590026","sourceUpdatedAt":null,"verifiedAt":null}},{"type":"Feature","geometry":{"type":"Point","coordinates":[16.3351112,48.1899675]},"properties":{"id":"bikerack:098f9094-ff30-43b8-a166-4eb11ce35c14","kind":"bikerack","longitude":16.3351112,"latitude":48.1899675,"name":"Biciklitároló","city":"Vienna","address":null,"covered":false,"access":null,"website":null,"phone":null,"source":"OpenStreetMap/node/13195888468","sourceUpdatedAt":null,"verifiedAt":null}},{"type":"Feature","geometry":{"type":"Point","coordinates":[16.3314035,48.1748909]},"properties":{"id":"bikerack:0a3aab6e-7a3d-4f2f-898d-6eab744f9260","kind":"bikerack","longitude":16.3314035,"latitude":48.1748909,"name":"Biciklitároló","city":"Vienna","address":null,"covered":true,"access":null,"website":null,"phone":null,"source":"OpenStreetMap/node/12676686226","sourceUpdatedAt":null,"verifiedAt":null}},{"type":"Feature","geometry":{"type":"Point","coordinates":[16.3285765,48.1910876]},"properties":{"id":"bikerack:0b0ef75b-be8a-4afe-a2e5-2307094ad3a1","kind":"bikerack","longitude":16.3285765,"latitude":48.1910876,"name":"Biciklitároló","city":"Vienna","address":null,"covered":false,"access":null,"website":null,"phone":null,"source":"OpenStreetMap/node/9188309815","sourceUpdatedAt":null,"verifiedAt":null}},{"type":"Feature","geometry":{"type":"Point","coordinates":[16.3422518,48.1917828]},"properties":{"id":"bikerack:0b3935c0-bba2-4229-84bf-8ce95cc48f6e","kind":"bikerack","longitude":16.3422518,"latitude":48.1917828,"name":"Biciklitároló","city":"Vienna","address":null,"covered":false,"access":null,"website":null,"phone":null,"source":"OpenStreetMap/node/11635600339","sourceUpdatedAt":null,"verifiedAt":null}},{"type":"Feature","geometry":{"type":"Point","coordinates":[16.3461801,48.1798949]},"properties":{"id":"bikerack:0be4520b-4626-4561-aa7d-572ed34fdc99","kind":"bikerack","longitude":16.3461801,"latitude":48.1798949,"name":"Biciklitároló","city":"Vienna","address":null,"covered":false,"access":null,"website":null,"phone":null,"source":"OpenStreetMap/node/10592443067","sourceUpdatedAt":null,"verifiedAt":null}},{"type":"Feature","geometry":{"type":"Point","coordinates":[16.3042534,48.18808]},"properties":{"id":"bikerack:0cb3160a-2223-4748-a4ff-efc3631fb2d8","kind":"bikerack","longitude":16.3042534,"latitude":48.18808,"name":"Biciklitároló","city":"Vienna","address":null,"covered":false,"access":null,"website":null,"phone":null,"source":"OpenStreetMap/node/7559459133","sourceUpdatedAt":null,"verifiedAt":null}},{"type":"Feature","geometry":{"type":"Point","coordinates":[16.3125491,48.1663275]},"properties":{"id":"bikerack:0cce4d92-c0c7-43d6-bf4e-078f1cc059d9","kind":"bikerack","longitude":16.3125491,"latitude":48.1663275,"name":"Biciklitároló","city":"Vosendorf","address":null,"covered":false,"access":null,"website":null,"phone":null,"source":"OpenStreetMap/way/1032902842","sourceUpdatedAt":null,"verifiedAt":null}},{"type":"Feature","geometry":{"type":"Point","coordinates":[16.3414354,48.1915187]},"properties":{"id":"bikerack:0d6f07de-2453-40f6-a6c8-647de64714e2","kind":"bikerack","longitude":16.3414354,"latitude":48.1915187,"name":"Biciklitároló","city":"Vienna","address":null,"covered":false,"access":null,"website":null,"phone":null,"source":"OpenStreetMap/node/9084741651","sourceUpdatedAt":null,"verifiedAt":null}},{"type":"Feature","geometry":{"type":"Point","coordinates":[16.3042735,48.1897092]},"properties":{"id":"bikerack:0dec422e-cfb6-45ce-b934-9e570a391fd0","kind":"bikerack","longitude":16.3042735,"latitude":48.1897092,"name":"Biciklitároló","city":"Vienna","address":null,"covered":false,"access":null,"website":null,"phone":null,"source":"OpenStreetMap/node/12603547287","sourceUpdatedAt":null,"verifiedAt":null}},{"type":"Feature","geometry":{"type":"Point","coordinates":[16.3464529,48.1942461]},"properties":{"id":"bikerack:0dfdaddf-6c73-4669-89b5-cf6fdf6675a5","kind":"bikerack","longitude":16.3464529,"latitude":48.1942461,"name":"Biciklitároló","city":"Vienna","address":null,"covered":false,"access":null,"website":null,"phone":null,"source":"OpenStreetMap/node/9346692180","sourceUpdatedAt":null,"verifiedAt":null}},{"type":"Feature","geometry":{"type":"Point","coordinates":[16.3139686,48.1710024]},"properties":{"id":"bikerack:0e4ccc75-2b3c-4896-91ec-18e349f72400","kind":"bikerack","longitude":16.3139686,"latitude":48.1710024,"name":"Biciklitároló","city":"Vosendorf","address":null,"covered":false,"access":null,"website":null,"phone":null,"source":"OpenStreetMap/node/8293844817","sourceUpdatedAt":null,"verifiedAt":null}},{"type":"Feature","geometry":{"type":"Point","coordinates":[16.3336692,48.1701873]},"properties":{"id":"bikerack:0e66c0f2-9497-4db2-900b-c209024b669d","kind":"bikerack","longitude":16.3336692,"latitude":48.1701873,"name":"Biciklitároló","city":"Vosendorf","address":null,"covered":false,"access":null,"website":null,"phone":null,"source":"OpenStreetMap/node/5250481431","sourceUpdatedAt":null,"verifiedAt":null}},{"type":"Feature","geometry":{"type":"Point","coordinates":[16.3474205,48.1863983]},"properties":{"id":"bikerack:0e9d8af9-74df-4782-8538-3cba3e50a4a7","kind":"bikerack","longitude":16.3474205,"latitude":48.1863983,"name":"Biciklitároló","city":"Vienna","address":null,"covered":false,"access":null,"website":null,"phone":null,"source":"OpenStreetMap/node/13359144354","sourceUpdatedAt":null,"verifiedAt":null}},{"type":"Feature","geometry":{"type":"Point","coordinates":[16.3417093,48.1932495]},"properties":{"id":"bikerack:0f03c820-d44d-4711-95a9-5167cfff3336","kind":"bikerack","longitude":16.3417093,"latitude":48.1932495,"name":"Biciklitároló","city":"Vienna","address":null,"covered":false,"access":null,"website":null,"phone":null,"source":"OpenStreetMap/node/10106152899","sourceUpdatedAt":null,"verifiedAt":null}},{"type":"Feature","geometry":{"type":"Point","coordinates":[16.3336236,48.1946709]},"properties":{"id":"bikerack:1074e95e-4551-463b-95be-cc4b380b169c","kind":"bikerack","longitude":16.3336236,"latitude":48.1946709,"name":"Biciklitároló","city":"Vienna","address":null,"covered":false,"access":null,"website":null,"phone":null,"source":"OpenStreetMap/node/12144688401","sourceUpdatedAt":null,"verifiedAt":null}},{"type":"Feature","geometry":{"type":"Point","coordinates":[16.330351,48.179668]},"properties":{"id":"bikerack:11220bd1-17dc-4de3-b42c-d660ec41ac65","kind":"bikerack","longitude":16.330351,"latitude":48.179668,"name":"Biciklitároló","city":"Vienna","address":null,"covered":false,"access":null,"website":null,"phone":null,"source":"OpenStreetMap/node/1957457331","sourceUpdatedAt":null,"verifiedAt":null}},{"type":"Feature","geometry":{"type":"Point","coordinates":[16.3092009,48.191226]},"properties":{"id":"bikerack:114fc74c-9151-4c98-88f8-bda8a3862e20","kind":"bikerack","longitude":16.3092009,"latitude":48.191226,"name":"Biciklitároló","city":"Vienna","address":null,"covered":false,"access":null,"website":null,"phone":null,"source":"OpenStreetMap/node/10871221280","sourceUpdatedAt":null,"verifiedAt":null}},{"type":"Feature","geometry":{"type":"Point","coordinates":[16.3440768,48.1923397]},"properties":{"id":"bikerack:11dfeda9-7b0a-40e7-9c92-7de8d0791846","kind":"bikerack","longitude":16.3440768,"latitude":48.1923397,"name":"Biciklitároló","city":"Vienna","address":null,"covered":false,"access":null,"website":null,"phone":null,"source":"OpenStreetMap/node/9084753794","sourceUpdatedAt":null,"verifiedAt":null}},{"type":"Feature","geometry":{"type":"Point","coordinates":[16.3263049,48.1908791]},"properties":{"id":"bikerack:125e6f34-adec-4bb0-a5f2-1cd78e634277","kind":"bikerack","longitude":16.3263049,"latitude":48.1908791,"name":"Biciklitároló","city":"Vienna","address":null,"covered":false,"access":null,"website":null,"phone":null,"source":"OpenStreetMap/node/7142417102","sourceUpdatedAt":null,"verifiedAt":null}},{"type":"Feature","geometry":{"type":"Point","coordinates":[16.3427675,48.1936041]},"properties":{"id":"bikerack:12c66b1f-c375-48c4-b850-f95a0f59b689","kind":"bikerack","longitude":16.3427675,"latitude":48.1936041,"name":"Biciklitároló","city":"Vienna","address":null,"covered":false,"access":null,"website":null,"phone":null,"source":"OpenStreetMap/node/9084744711","sourceUpdatedAt":null,"verifiedAt":null}},{"type":"Feature","geometry":{"type":"Point","coordinates":[16.3256821,48.181562]},"properties":{"id":"bikerack:12f4899c-ac4e-4021-89e4-149982705f62","kind":"bikerack","longitude":16.3256821,"latitude":48.181562,"name":"Biciklitároló","city":"Vienna","address":null,"covered":false,"access":null,"website":null,"phone":null,"source":"OpenStreetMap/node/9721436589","sourceUpdatedAt":null,"verifiedAt":null}},{"type":"Feature","geometry":{"type":"Point","coordinates":[16.3418771,48.1820607]},"properties":{"id":"bikerack:13aebbd8-243d-45e8-b9f1-8ce43def147c","kind":"bikerack","longitude":16.3418771,"latitude":48.1820607,"name":"Biciklitároló","city":"Vienna","address":null,"covered":false,"access":null,"website":null,"phone":null,"source":"OpenStreetMap/node/2820307691","sourceUpdatedAt":null,"verifiedAt":null}},{"type":"Feature","geometry":{"type":"Point","coordinates":[16.3406766,48.1850035]},"properties":{"id":"bikerack:148bc437-3971-4c5e-b9a1-ceced77a054e","kind":"bikerack","longitude":16.3406766,"latitude":48.1850035,"name":"Biciklitároló","city":"Vienna","address":null,"covered":false,"access":null,"website":null,"phone":null,"source":"OpenStreetMap/node/9197059110","sourceUpdatedAt":null,"verifiedAt":null}},{"type":"Feature","geometry":{"type":"Point","coordinates":[16.3395372,48.1925964]},"properties":{"id":"bikerack:152df042-b5d7-4100-ac0d-e9fad6970a51","kind":"bikerack","longitude":16.3395372,"latitude":48.1925964,"name":"Biciklitároló","city":"Vienna","address":null,"covered":false,"access":null,"website":null,"phone":null,"source":"OpenStreetMap/node/9084676168","sourceUpdatedAt":null,"verifiedAt":null}},{"type":"Feature","geometry":{"type":"Point","coordinates":[16.3416217,48.1915582]},"properties":{"id":"bikerack:15346316-0784-49b6-8bff-88866969a288","kind":"bikerack","longitude":16.3416217,"latitude":48.1915582,"name":"Biciklitároló","city":"Vienna","address":null,"covered":false,"access":null,"website":null,"phone":null,"source":"OpenStreetMap/node/13098511609","sourceUpdatedAt":null,"verifiedAt":null}},{"type":"Feature","geometry":{"type":"Point","coordinates":[16.3440447,48.1945215]},"properties":{"id":"bikerack:15952ddf-6488-45cf-87a5-714ffcf531dc","kind":"bikerack","longitude":16.3440447,"latitude":48.1945215,"name":"Biciklitároló","city":"Vienna","address":null,"covered":false,"access":null,"website":null,"phone":null,"source":"OpenStreetMap/node/8710103612","sourceUpdatedAt":null,"verifiedAt":null}},{"type":"Feature","geometry":{"type":"Point","coordinates":[16.3423158,48.1942899]},"properties":{"id":"bikerack:189cdbee-69b9-4a83-93ea-868c91708f42","kind":"bikerack","longitude":16.3423158,"latitude":48.1942899,"name":"Biciklitároló","city":"Vienna","address":null,"covered":false,"access":null,"website":null,"phone":null,"source":"OpenStreetMap/node/9084676170","sourceUpdatedAt":null,"verifiedAt":null}},{"type":"Feature","geometry":{"type":"Point","coordinates":[16.3426405,48.1906131]},"properties":{"id":"bikerack:1909b215-983d-4980-8e3d-2e2fe44c4571","kind":"bikerack","longitude":16.3426405,"latitude":48.1906131,"name":"Biciklitároló","city":"Vienna","address":null,"covered":false,"access":null,"website":null,"phone":null,"source":"OpenStreetMap/node/9084736854","sourceUpdatedAt":null,"verifiedAt":null}},{"type":"Feature","geometry":{"type":"Point","coordinates":[16.347328,48.1913511]},"properties":{"id":"bikerack:19844aa4-b7ba-4d8d-ab75-00d17a89fe2e","kind":"bikerack","longitude":16.347328,"latitude":48.1913511,"name":"Biciklitároló","city":"Vienna","address":null,"covered":false,"access":null,"website":null,"phone":null,"source":"OpenStreetMap/node/8890928694","sourceUpdatedAt":null,"verifiedAt":null}},{"type":"Feature","geometry":{"type":"Point","coordinates":[16.3058549,48.1918751]},"properties":{"id":"bikerack:19f6a172-769f-4281-8192-95c8b537a19d","kind":"bikerack","longitude":16.3058549,"latitude":48.1918751,"name":"Biciklitároló","city":"Vienna","address":null,"covered":false,"access":null,"website":null,"phone":null,"source":"OpenStreetMap/node/11835028408","sourceUpdatedAt":null,"verifiedAt":null}},{"type":"Feature","geometry":{"type":"Point","coordinates":[16.3337536,48.168728]},"properties":{"id":"bikerack:1cf51018-32d6-4973-8ab0-2d6c38f0641e","kind":"bikerack","longitude":16.3337536,"latitude":48.168728,"name":"Biciklitároló","city":"Vosendorf","address":null,"covered":false,"access":null,"website":null,"phone":null,"source":"OpenStreetMap/node/7519508818","sourceUpdatedAt":null,"verifiedAt":null}},{"type":"Feature","geometry":{"type":"Point","coordinates":[16.3300081,48.1922974]},"properties":{"id":"bikerack:1d50d8e8-9028-4b37-8a9b-9bba48bd7526","kind":"bikerack","longitude":16.3300081,"latitude":48.1922974,"name":"Biciklitároló","city":"Vienna","address":null,"covered":false,"access":null,"website":null,"phone":null,"source":"OpenStreetMap/node/12144666508","sourceUpdatedAt":null,"verifiedAt":null}},{"type":"Feature","geometry":{"type":"Point","coordinates":[16.3470286,48.1936628]},"properties":{"id":"bikerack:1d9721b0-0033-4f95-8468-5959cb5928e8","kind":"bikerack","longitude":16.3470286,"latitude":48.1936628,"name":"Biciklitároló","city":"Vienna","address":null,"covered":false,"access":null,"website":null,"phone":null,"source":"OpenStreetMap/node/9084736388","sourceUpdatedAt":null,"verifiedAt":null}},{"type":"Feature","geometry":{"type":"Point","coordinates":[16.3097103,48.1670831]},"properties":{"id":"bikerack:1dd822ab-3b16-44ad-a643-292c39b60bc9","kind":"bikerack","longitude":16.3097103,"latitude":48.1670831,"name":"Biciklitároló","city":"Vosendorf","address":null,"covered":false,"access":null,"website":null,"phone":null,"source":"OpenStreetMap/node/1957471307","sourceUpdatedAt":null,"verifiedAt":null}},{"type":"Feature","geometry":{"type":"Point","coordinates":[16.3301874,48.1902581]},"properties":{"id":"bikerack:1dd8cfab-6b25-48b9-9127-aa232007362e","kind":"bikerack","longitude":16.3301874,"latitude":48.1902581,"name":"Biciklitároló","city":"Vienna","address":null,"covered":false,"access":null,"website":null,"phone":null,"source":"OpenStreetMap/node/9139993230","sourceUpdatedAt":null,"verifiedAt":null}},{"type":"Feature","geometry":{"type":"Point","coordinates":[16.3343284,48.1805217]},"properties":{"id":"bikerack:1e0610db-6e7d-4d57-814e-c82305f35676","kind":"bikerack","longitude":16.3343284,"latitude":48.1805217,"name":"Biciklitároló","city":"Vienna","address":null,"covered":false,"access":null,"website":null,"phone":null,"source":"OpenStreetMap/node/1957457336","sourceUpdatedAt":null,"verifiedAt":null}},{"type":"Feature","geometry":{"type":"Point","coordinates":[16.3424425,48.1941277]},"properties":{"id":"bikerack:1e5aeb62-333b-4625-be65-77099cdbb76d","kind":"bikerack","longitude":16.3424425,"latitude":48.1941277,"name":"Biciklitároló","city":"Vienna","address":null,"covered":false,"access":null,"website":null,"phone":null,"source":"OpenStreetMap/node/9084703920","sourceUpdatedAt":null,"verifiedAt":null}},{"type":"Feature","geometry":{"type":"Point","coordinates":[16.3364377,48.1903931]},"properties":{"id":"bikerack:1f09f57c-6d77-49f5-9cae-365da81ac3f5","kind":"bikerack","longitude":16.3364377,"latitude":48.1903931,"name":"Biciklitároló","city":"Vienna","address":null,"covered":false,"access":null,"website":null,"phone":null,"source":"OpenStreetMap/node/13195837288","sourceUpdatedAt":null,"verifiedAt":null}},{"type":"Feature","geometry":{"type":"Point","coordinates":[16.3303871,48.1773621]},"properties":{"id":"bikerack:1f730d2b-dcec-4ed5-ad5d-be9ca006e76a","kind":"bikerack","longitude":16.3303871,"latitude":48.1773621,"name":"Biciklitároló","city":"Vienna","address":null,"covered":false,"access":null,"website":null,"phone":null,"source":"OpenStreetMap/node/10563148014","sourceUpdatedAt":null,"verifiedAt":null}},{"type":"Feature","geometry":{"type":"Point","coordinates":[16.3127845,48.1867081]},"properties":{"id":"bikerack:20176f3a-0440-4331-82f1-460358d18602","kind":"bikerack","longitude":16.3127845,"latitude":48.1867081,"name":"Biciklitároló","city":"Vienna","address":null,"covered":false,"access":null,"website":null,"phone":null,"source":"OpenStreetMap/node/12090593457","sourceUpdatedAt":null,"verifiedAt":null}},{"type":"Feature","geometry":{"type":"Point","coordinates":[16.3469796,48.1951613]},"properties":{"id":"bikerack:21a63871-2f0a-4e97-a418-fe6b9343cc2b","kind":"bikerack","longitude":16.3469796,"latitude":48.1951613,"name":"Biciklitároló","city":"Vienna","address":null,"covered":false,"access":null,"website":null,"phone":null,"source":"OpenStreetMap/node/13069634065","sourceUpdatedAt":null,"verifiedAt":null}},{"type":"Feature","geometry":{"type":"Point","coordinates":[16.34606,48.1843053]},"properties":{"id":"bikerack:22381899-b9f2-45fc-83ae-53ad83f25d89","kind":"bikerack","longitude":16.34606,"latitude":48.1843053,"name":"Biciklitároló","city":"Vienna","address":null,"covered":false,"access":null,"website":null,"phone":null,"source":"OpenStreetMap/node/9197059111","sourceUpdatedAt":null,"verifiedAt":null}},{"type":"Feature","geometry":{"type":"Point","coordinates":[16.3428083,48.1937686]},"properties":{"id":"bikerack:22fd791b-2bef-4fb5-8d39-ccc05a0de36b","kind":"bikerack","longitude":16.3428083,"latitude":48.1937686,"name":"Biciklitároló","city":"Vienna","address":null,"covered":false,"access":null,"website":null,"phone":null,"source":"OpenStreetMap/node/9084749627","sourceUpdatedAt":null,"verifiedAt":null}},{"type":"Feature","geometry":{"type":"Point","coordinates":[16.3203284,48.1835157]},"properties":{"id":"bikerack:23216fe4-9b75-4e71-a6de-9a6a3cfd541e","kind":"bikerack","longitude":16.3203284,"latitude":48.1835157,"name":"Biciklitároló","city":"Vienna","address":null,"covered":false,"access":null,"website":null,"phone":null,"source":"OpenStreetMap/node/11081513390","sourceUpdatedAt":null,"verifiedAt":null}},{"type":"Feature","geometry":{"type":"Point","coordinates":[16.336515,48.1950042]},"properties":{"id":"bikerack:2391c9b4-2156-467e-9b36-48b8233d8f6f","kind":"bikerack","longitude":16.336515,"latitude":48.1950042,"name":"Biciklitároló","city":"Vienna","address":null,"covered":false,"access":null,"website":null,"phone":null,"source":"OpenStreetMap/node/7659482505","sourceUpdatedAt":null,"verifiedAt":null}},{"type":"Feature","geometry":{"type":"Point","coordinates":[16.3361016,48.1688332]},"properties":{"id":"bikerack:266f036c-8e67-4c66-a740-fc0f3b5eb33e","kind":"bikerack","longitude":16.3361016,"latitude":48.1688332,"name":"Biciklitároló","city":"Vosendorf","address":null,"covered":false,"access":null,"website":null,"phone":null,"source":"OpenStreetMap/node/13119988793","sourceUpdatedAt":null,"verifiedAt":null}},{"type":"Feature","geometry":{"type":"Point","coordinates":[16.3311015,48.1805493]},"properties":{"id":"bikerack:28440884-4132-45ab-a6b4-ac5f015f3498","kind":"bikerack","longitude":16.3311015,"latitude":48.1805493,"name":"Biciklitároló","city":"Vienna","address":null,"covered":false,"access":null,"website":null,"phone":null,"source":"OpenStreetMap/node/1957457337","sourceUpdatedAt":null,"verifiedAt":null}},{"type":"Feature","geometry":{"type":"Point","coordinates":[16.3065271,48.19502]},"properties":{"id":"bikerack:2861e02c-c068-43f1-8a20-bb878240e208","kind":"bikerack","longitude":16.3065271,"latitude":48.19502,"name":"Biciklitároló","city":"Vienna","address":null,"covered":false,"access":null,"website":null,"phone":null,"source":"OpenStreetMap/node/13078397850","sourceUpdatedAt":null,"verifiedAt":null}},{"type":"Feature","geometry":{"type":"Point","coordinates":[16.3396306,48.1928594]},"properties":{"id":"bikerack:28c37aa1-40d6-4eed-a64c-64bf43c1419d","kind":"bikerack","longitude":16.3396306,"latitude":48.1928594,"name":"Biciklitároló","city":"Vienna","address":null,"covered":false,"access":null,"website":null,"phone":null,"source":"OpenStreetMap/node/13098585777","sourceUpdatedAt":null,"verifiedAt":null}},{"type":"Feature","geometry":{"type":"Point","coordinates":[16.3374883,48.1893184]},"properties":{"id":"bikerack:28d803aa-45bd-452f-8f6e-617575f22a6c","kind":"bikerack","longitude":16.3374883,"latitude":48.1893184,"name":"Biciklitároló","city":"Vienna","address":null,"covered":false,"access":null,"website":null,"phone":null,"source":"OpenStreetMap/node/9631184057","sourceUpdatedAt":null,"verifiedAt":null}},{"type":"Feature","geometry":{"type":"Point","coordinates":[16.3128199,48.1896847]},"properties":{"id":"bikerack:297d8a70-905a-474d-8d70-f829a41da080","kind":"bikerack","longitude":16.3128199,"latitude":48.1896847,"name":"Biciklitároló","city":"Vienna","address":null,"covered":false,"access":null,"website":null,"phone":null,"source":"OpenStreetMap/node/7578821549","sourceUpdatedAt":null,"verifiedAt":null}},{"type":"Feature","geometry":{"type":"Point","coordinates":[16.3435384,48.1909314]},"properties":{"id":"bikerack:2ac69e07-8f0c-4400-9ea1-613a5095fffd","kind":"bikerack","longitude":16.3435384,"latitude":48.1909314,"name":"Biciklitároló","city":"Vienna","address":null,"covered":false,"access":null,"website":null,"phone":null,"source":"OpenStreetMap/node/6766546267","sourceUpdatedAt":null,"verifiedAt":null}},{"type":"Feature","geometry":{"type":"Point","coordinates":[16.3260457,48.1908226]},"properties":{"id":"bikerack:2b6d19ed-1094-4e2d-a1c4-cfb8c8168e72","kind":"bikerack","longitude":16.3260457,"latitude":48.1908226,"name":"Biciklitároló","city":"Vienna","address":null,"covered":false,"access":null,"website":null,"phone":null,"source":"OpenStreetMap/node/7142417101","sourceUpdatedAt":null,"verifiedAt":null}},{"type":"Feature","geometry":{"type":"Point","coordinates":[16.334228,48.1883867]},"properties":{"id":"bikerack:2c3a7981-9d72-4e90-ba7c-27967f382cef","kind":"bikerack","longitude":16.334228,"latitude":48.1883867,"name":"Biciklitároló","city":"Vienna","address":null,"covered":false,"access":null,"website":null,"phone":null,"source":"OpenStreetMap/node/12899320627","sourceUpdatedAt":null,"verifiedAt":null}},{"type":"Feature","geometry":{"type":"Point","coordinates":[16.3182348,48.1930473]},"properties":{"id":"bikerack:2c6af8bf-4202-4ff0-a7e4-d72e18604882","kind":"bikerack","longitude":16.3182348,"latitude":48.1930473,"name":"Biciklitároló","city":"Vienna","address":null,"covered":false,"access":null,"website":null,"phone":null,"source":"OpenStreetMap/node/11809668493","sourceUpdatedAt":null,"verifiedAt":null}},{"type":"Feature","geometry":{"type":"Point","coordinates":[16.3436717,48.1897871]},"properties":{"id":"bikerack:2de94475-2427-4622-9801-b73b4da621af","kind":"bikerack","longitude":16.3436717,"latitude":48.1897871,"name":"Biciklitároló","city":"Vienna","address":null,"covered":false,"access":null,"website":null,"phone":null,"source":"OpenStreetMap/node/1642136760","sourceUpdatedAt":null,"verifiedAt":null}},{"type":"Feature","geometry":{"type":"Point","coordinates":[16.3464781,48.1922078]},"properties":{"id":"bikerack:2e32c46f-66fc-4bae-83e2-cb194dcb0b1b","kind":"bikerack","longitude":16.3464781,"latitude":48.1922078,"name":"Biciklitároló","city":"Vienna","address":null,"covered":false,"access":null,"website":null,"phone":null,"source":"OpenStreetMap/node/8890925652","sourceUpdatedAt":null,"verifiedAt":null}},{"type":"Feature","geometry":{"type":"Point","coordinates":[16.3393057,48.1910709]},"properties":{"id":"bikerack:2f2fcd82-148d-45be-9419-68d3a4e92296","kind":"bikerack","longitude":16.3393057,"latitude":48.1910709,"name":"Biciklitároló","city":"Vienna","address":null,"covered":false,"access":null,"website":null,"phone":null,"source":"OpenStreetMap/node/9084703924","sourceUpdatedAt":null,"verifiedAt":null}},{"type":"Feature","geometry":{"type":"Point","coordinates":[16.3130487,48.170828]},"properties":{"id":"bikerack:2f52dac7-b1fb-4f73-af02-76653a977eab","kind":"bikerack","longitude":16.3130487,"latitude":48.170828,"name":"Biciklitároló","city":"Vosendorf","address":null,"covered":false,"access":null,"website":null,"phone":null,"source":"OpenStreetMap/node/8170363817","sourceUpdatedAt":null,"verifiedAt":null}},{"type":"Feature","geometry":{"type":"Point","coordinates":[16.3301086,48.1796696]},"properties":{"id":"bikerack:2f680619-458f-4b1b-84df-c4ec16b189a1","kind":"bikerack","longitude":16.3301086,"latitude":48.1796696,"name":"Biciklitároló","city":"Vienna","address":null,"covered":false,"access":null,"website":null,"phone":null,"source":"OpenStreetMap/node/10563148018","sourceUpdatedAt":null,"verifiedAt":null}},{"type":"Feature","geometry":{"type":"Point","coordinates":[16.3292632,48.1870682]},"properties":{"id":"bikerack:30fdecb0-a933-462a-a469-7ddae0a314a2","kind":"bikerack","longitude":16.3292632,"latitude":48.1870682,"name":"Biciklitároló","city":"Vienna","address":null,"covered":false,"access":null,"website":null,"phone":null,"source":"OpenStreetMap/node/12899361001","sourceUpdatedAt":null,"verifiedAt":null}},{"type":"Feature","geometry":{"type":"Point","coordinates":[16.3041898,48.1951218]},"properties":{"id":"bikerack:32648ed7-7085-4222-bd8c-81dc81c94c3e","kind":"bikerack","longitude":16.3041898,"latitude":48.1951218,"name":"Biciklitároló","city":"Vienna","address":null,"covered":false,"access":null,"website":null,"phone":null,"source":"OpenStreetMap/node/10121423476","sourceUpdatedAt":null,"verifiedAt":null}},{"type":"Feature","geometry":{"type":"Point","coordinates":[16.3400764,48.1912402]},"properties":{"id":"bikerack:331ff85c-1632-4706-be5e-8a059a72cdfe","kind":"bikerack","longitude":16.3400764,"latitude":48.1912402,"name":"Biciklitároló","city":"Vienna","address":null,"covered":false,"access":null,"website":null,"phone":null,"source":"OpenStreetMap/node/9084746648","sourceUpdatedAt":null,"verifiedAt":null}},{"type":"Feature","geometry":{"type":"Point","coordinates":[16.3398646,48.1794579]},"properties":{"id":"bikerack:334e29ca-3311-4daa-83ed-877c6331fe59","kind":"bikerack","longitude":16.3398646,"latitude":48.1794579,"name":"Biciklitároló","city":"Vienna","address":null,"covered":false,"access":null,"website":null,"phone":null,"source":"OpenStreetMap/node/7507847925","sourceUpdatedAt":null,"verifiedAt":null}},{"type":"Feature","geometry":{"type":"Point","coordinates":[16.3274844,48.171815]},"properties":{"id":"bikerack:356cec7b-dd99-4e4c-931f-5925a8bdee52","kind":"bikerack","longitude":16.3274844,"latitude":48.171815,"name":"Biciklitároló","city":"Vosendorf","address":null,"covered":false,"access":null,"website":null,"phone":null,"source":"OpenStreetMap/node/10574520565","sourceUpdatedAt":null,"verifiedAt":null}},{"type":"Feature","geometry":{"type":"Point","coordinates":[16.3379577,48.1913178]},"properties":{"id":"bikerack:3598e98d-ef09-44f6-9086-06aef60968f6","kind":"bikerack","longitude":16.3379577,"latitude":48.1913178,"name":"Biciklitároló","city":"Vienna","address":null,"covered":false,"access":null,"website":null,"phone":null,"source":"OpenStreetMap/node/13098511612","sourceUpdatedAt":null,"verifiedAt":null}},{"type":"Feature","geometry":{"type":"Point","coordinates":[16.343486,48.1914763]},"properties":{"id":"bikerack:35f086b7-3f40-4f3f-8fbe-25c95b407fdf","kind":"bikerack","longitude":16.343486,"latitude":48.1914763,"name":"Biciklitároló","city":"Vienna","address":null,"covered":false,"access":null,"website":null,"phone":null,"source":"OpenStreetMap/node/11728490632","sourceUpdatedAt":null,"verifiedAt":null}},{"type":"Feature","geometry":{"type":"Point","coordinates":[16.3291539,48.1841766]},"properties":{"id":"bikerack:3757c123-f87a-46ef-9bdb-f929d4ebaa86","kind":"bikerack","longitude":16.3291539,"latitude":48.1841766,"name":"Biciklitároló","city":"Vienna","address":null,"covered":false,"access":null,"website":null,"phone":null,"source":"OpenStreetMap/node/1957457382","sourceUpdatedAt":null,"verifiedAt":null}},{"type":"Feature","geometry":{"type":"Point","coordinates":[16.3271568,48.1809243]},"properties":{"id":"bikerack:37efc24b-acf3-418f-a2f1-e2def9978c36","kind":"bikerack","longitude":16.3271568,"latitude":48.1809243,"name":"Biciklitároló","city":"Vienna","address":null,"covered":false,"access":null,"website":null,"phone":null,"source":"OpenStreetMap/node/7653352732","sourceUpdatedAt":null,"verifiedAt":null}},{"type":"Feature","geometry":{"type":"Point","coordinates":[16.3323795,48.1937746]},"properties":{"id":"bikerack:38cab38b-f505-4c9c-9d63-c3c7faae352e","kind":"bikerack","longitude":16.3323795,"latitude":48.1937746,"name":"Biciklitároló","city":"Vienna","address":null,"covered":false,"access":null,"website":null,"phone":null,"source":"OpenStreetMap/node/12144666503","sourceUpdatedAt":null,"verifiedAt":null}},{"type":"Feature","geometry":{"type":"Point","coordinates":[16.3462329,48.1924375]},"properties":{"id":"bikerack:38f3885a-e6c2-4e81-ac32-9f304009f1e8","kind":"bikerack","longitude":16.3462329,"latitude":48.1924375,"name":"Biciklitároló","city":"Vienna","address":null,"covered":false,"access":null,"website":null,"phone":null,"source":"OpenStreetMap/node/8890925653","sourceUpdatedAt":null,"verifiedAt":null}},{"type":"Feature","geometry":{"type":"Point","coordinates":[16.3445131,48.1945987]},"properties":{"id":"bikerack:3943944d-9940-4376-bd41-343665ba8464","kind":"bikerack","longitude":16.3445131,"latitude":48.1945987,"name":"Biciklitároló","city":"Vienna","address":null,"covered":false,"access":null,"website":null,"phone":null,"source":"OpenStreetMap/node/8710113366","sourceUpdatedAt":null,"verifiedAt":null}},{"type":"Feature","geometry":{"type":"Point","coordinates":[16.3446998,48.1670617]},"properties":{"id":"bikerack:3a22a6ab-8e8f-4a5b-8488-d7443e72c152","kind":"bikerack","longitude":16.3446998,"latitude":48.1670617,"name":"Biciklitároló","city":"Vosendorf","address":null,"covered":false,"access":null,"website":null,"phone":null,"source":"OpenStreetMap/node/12085241197","sourceUpdatedAt":null,"verifiedAt":null}},{"type":"Feature","geometry":{"type":"Point","coordinates":[16.3301107,48.1893325]},"properties":{"id":"bikerack:3abd184a-f61a-4356-b39e-57b721738c59","kind":"bikerack","longitude":16.3301107,"latitude":48.1893325,"name":"Biciklitároló","city":"Vienna","address":null,"covered":false,"access":null,"website":null,"phone":null,"source":"OpenStreetMap/node/7805973287","sourceUpdatedAt":null,"verifiedAt":null}},{"type":"Feature","geometry":{"type":"Point","coordinates":[16.3308782,48.1917448]},"properties":{"id":"bikerack:3b185843-6a29-4f10-bf77-4a721773ae4a","kind":"bikerack","longitude":16.3308782,"latitude":48.1917448,"name":"Biciklitároló","city":"Vienna","address":null,"covered":false,"access":null,"website":null,"phone":null,"source":"OpenStreetMap/node/13042858825","sourceUpdatedAt":null,"verifiedAt":null}},{"type":"Feature","geometry":{"type":"Point","coordinates":[16.3325554,48.1702517]},"properties":{"id":"bikerack:3b96274e-3460-4a33-bfab-c659d635f211","kind":"bikerack","longitude":16.3325554,"latitude":48.1702517,"name":"Biciklitároló","city":"Vosendorf","address":null,"covered":false,"access":null,"website":null,"phone":null,"source":"OpenStreetMap/node/5250481113","sourceUpdatedAt":null,"verifiedAt":null}},{"type":"Feature","geometry":{"type":"Point","coordinates":[16.3438086,48.1884161]},"properties":{"id":"bikerack:3e56a9a3-951b-41ba-bb04-0484bdf99706","kind":"bikerack","longitude":16.3438086,"latitude":48.1884161,"name":"Biciklitároló","city":"Vienna","address":null,"covered":false,"access":null,"website":null,"phone":null,"source":"OpenStreetMap/node/654009350","sourceUpdatedAt":null,"verifiedAt":null}},{"type":"Feature","geometry":{"type":"Point","coordinates":[16.3345362,48.1948044]},"properties":{"id":"bikerack:3ed13589-ca23-47b5-8fe4-a29104f5d5a5","kind":"bikerack","longitude":16.3345362,"latitude":48.1948044,"name":"Biciklitároló","city":"Vienna","address":null,"covered":false,"access":null,"website":null,"phone":null,"source":"OpenStreetMap/node/12144659300","sourceUpdatedAt":null,"verifiedAt":null}},{"type":"Feature","geometry":{"type":"Point","coordinates":[16.3315526,48.1735549]},"properties":{"id":"bikerack:40d92b1a-53f0-4ff6-8300-085cb3ff4e0a","kind":"bikerack","longitude":16.3315526,"latitude":48.1735549,"name":"Biciklitároló","city":"Vosendorf","address":null,"covered":false,"access":null,"website":null,"phone":null,"source":"OpenStreetMap/way/1077747559","sourceUpdatedAt":null,"verifiedAt":null}},{"type":"Feature","geometry":{"type":"Point","coordinates":[16.3304773,48.1745989]},"properties":{"id":"bikerack:410790f2-f25d-4f62-adc2-a9ed8af1c598","kind":"bikerack","longitude":16.3304773,"latitude":48.1745989,"name":"Biciklitároló","city":"Vienna","address":null,"covered":false,"access":null,"website":null,"phone":null,"source":"OpenStreetMap/node/1957457317","sourceUpdatedAt":null,"verifiedAt":null}},{"type":"Feature","geometry":{"type":"Point","coordinates":[16.3428844,48.1922167]},"properties":{"id":"bikerack:4202a67f-cdfb-466d-9be0-aa8775913d55","kind":"bikerack","longitude":16.3428844,"latitude":48.1922167,"name":"Biciklitároló","city":"Vienna","address":null,"covered":false,"access":null,"website":null,"phone":null,"source":"OpenStreetMap/node/11728490635","sourceUpdatedAt":null,"verifiedAt":null}},{"type":"Feature","geometry":{"type":"Point","coordinates":[16.3465097,48.1940617]},"properties":{"id":"bikerack:42ec55a2-a14f-4604-9f5b-4e623a482773","kind":"bikerack","longitude":16.3465097,"latitude":48.1940617,"name":"Biciklitároló","city":"Vienna","address":null,"covered":false,"access":null,"website":null,"phone":null,"source":"OpenStreetMap/node/10965713371","sourceUpdatedAt":null,"verifiedAt":null}},{"type":"Feature","geometry":{"type":"Point","coordinates":[16.3454644,48.1895688]},"properties":{"id":"bikerack:42f354fb-34e7-4001-87e0-417d24093563","kind":"bikerack","longitude":16.3454644,"latitude":48.1895688,"name":"Biciklitároló","city":"Vienna","address":null,"covered":false,"access":null,"website":null,"phone":null,"source":"OpenStreetMap/node/9244612834","sourceUpdatedAt":null,"verifiedAt":null}},{"type":"Feature","geometry":{"type":"Point","coordinates":[16.3263428,48.1843191]},"properties":{"id":"bikerack:445c520e-ec5d-4957-956a-3f013e3d5aff","kind":"bikerack","longitude":16.3263428,"latitude":48.1843191,"name":"Biciklitároló","city":"Vienna","address":null,"covered":false,"access":null,"website":null,"phone":null,"source":"OpenStreetMap/node/9481543139","sourceUpdatedAt":null,"verifiedAt":null}},{"type":"Feature","geometry":{"type":"Point","coordinates":[16.3141891,48.195023]},"properties":{"id":"bikerack:45c30d59-9fd0-4146-9b2f-f893b96638e2","kind":"bikerack","longitude":16.3141891,"latitude":48.195023,"name":"Biciklitároló","city":"Vienna","address":null,"covered":false,"access":null,"website":null,"phone":null,"source":"OpenStreetMap/node/13078397858","sourceUpdatedAt":null,"verifiedAt":null}},{"type":"Feature","geometry":{"type":"Point","coordinates":[16.3299684,48.1911154]},"properties":{"id":"bikerack:468f33a4-6598-46c7-9002-38e35c9bf079","kind":"bikerack","longitude":16.3299684,"latitude":48.1911154,"name":"Biciklitároló","city":"Vienna","address":null,"covered":false,"access":null,"website":null,"phone":null,"source":"OpenStreetMap/node/6327682945","sourceUpdatedAt":null,"verifiedAt":null}},{"type":"Feature","geometry":{"type":"Point","coordinates":[16.3112539,48.1668212]},"properties":{"id":"bikerack:4887a952-7abc-4a97-8822-53ce060271e7","kind":"bikerack","longitude":16.3112539,"latitude":48.1668212,"name":"Biciklitároló","city":"Vosendorf","address":null,"covered":false,"access":null,"website":null,"phone":null,"source":"OpenStreetMap/node/11540238094","sourceUpdatedAt":null,"verifiedAt":null}},{"type":"Feature","geometry":{"type":"Point","coordinates":[16.3243919,48.1945515]},"properties":{"id":"bikerack:4a9ffcfe-a1b2-4bb0-b04b-f4601a08516b","kind":"bikerack","longitude":16.3243919,"latitude":48.1945515,"name":"Biciklitároló","city":"Vienna","address":null,"covered":false,"access":null,"website":null,"phone":null,"source":"OpenStreetMap/node/13078294615","sourceUpdatedAt":null,"verifiedAt":null}},{"type":"Feature","geometry":{"type":"Point","coordinates":[16.3309559,48.1802189]},"properties":{"id":"bikerack:4aa4a249-57e9-4d61-9cbd-e51ad56e270c","kind":"bikerack","longitude":16.3309559,"latitude":48.1802189,"name":"Biciklitároló","city":"Vienna","address":null,"covered":false,"access":null,"website":null,"phone":null,"source":"OpenStreetMap/node/9197046965","sourceUpdatedAt":null,"verifiedAt":null}},{"type":"Feature","geometry":{"type":"Point","coordinates":[16.3343225,48.1934495]},"properties":{"id":"bikerack:4abbdecc-85c7-4616-a2be-091d9e088767","kind":"bikerack","longitude":16.3343225,"latitude":48.1934495,"name":"Biciklitároló","city":"Vienna","address":null,"covered":false,"access":null,"website":null,"phone":null,"source":"OpenStreetMap/node/9090406671","sourceUpdatedAt":null,"verifiedAt":null}},{"type":"Feature","geometry":{"type":"Point","coordinates":[16.332414,48.1812121]},"properties":{"id":"bikerack:4ad950ec-49d1-4360-b684-b93ab454e8d2","kind":"bikerack","longitude":16.332414,"latitude":48.1812121,"name":"Biciklitároló","city":"Vienna","address":null,"covered":false,"access":null,"website":null,"phone":null,"source":"OpenStreetMap/node/1957457345","sourceUpdatedAt":null,"verifiedAt":null}},{"type":"Feature","geometry":{"type":"Point","coordinates":[16.329844,48.1834099]},"properties":{"id":"bikerack:4b2cfcb2-8a55-47ef-90b3-585e81c19afc","kind":"bikerack","longitude":16.329844,"latitude":48.1834099,"name":"Biciklitároló","city":"Vienna","address":null,"covered":false,"access":null,"website":null,"phone":null,"source":"OpenStreetMap/node/12702212239","sourceUpdatedAt":null,"verifiedAt":null}},{"type":"Feature","geometry":{"type":"Point","coordinates":[16.3301412,48.1815692]},"properties":{"id":"bikerack:4c5002a1-9a6a-438e-80c9-8467c4c839c3","kind":"bikerack","longitude":16.3301412,"latitude":48.1815692,"name":"Biciklitároló","city":"Vienna","address":null,"covered":false,"access":null,"website":null,"phone":null,"source":"OpenStreetMap/node/4603998648","sourceUpdatedAt":null,"verifiedAt":null}},{"type":"Feature","geometry":{"type":"Point","coordinates":[16.3467089,48.1871952]},"properties":{"id":"bikerack:4c981325-0a8f-495a-a6a2-844506735b98","kind":"bikerack","longitude":16.3467089,"latitude":48.1871952,"name":"Biciklitároló","city":"Vienna","address":null,"covered":false,"access":null,"website":null,"phone":null,"source":"OpenStreetMap/node/8705308179","sourceUpdatedAt":null,"verifiedAt":null}},{"type":"Feature","geometry":{"type":"Point","coordinates":[16.3300548,48.1925882]},"properties":{"id":"bikerack:4d52089d-7451-457d-b779-08a9667bb67d","kind":"bikerack","longitude":16.3300548,"latitude":48.1925882,"name":"Biciklitároló","city":"Vienna","address":null,"covered":false,"access":null,"website":null,"phone":null,"source":"OpenStreetMap/node/12144666507","sourceUpdatedAt":null,"verifiedAt":null}},{"type":"Feature","geometry":{"type":"Point","coordinates":[16.3460606,48.186631]},"properties":{"id":"bikerack:4dff9f1d-d547-43ca-9e00-ad491f4d4380","kind":"bikerack","longitude":16.3460606,"latitude":48.186631,"name":"Biciklitároló","city":"Vienna","address":null,"covered":false,"access":null,"website":null,"phone":null,"source":"OpenStreetMap/node/4603998624","sourceUpdatedAt":null,"verifiedAt":null}},{"type":"Feature","geometry":{"type":"Point","coordinates":[16.3410865,48.190688]},"properties":{"id":"bikerack:4ee0c960-561c-437a-8e34-d867b47c5413","kind":"bikerack","longitude":16.3410865,"latitude":48.190688,"name":"Biciklitároló","city":"Vienna","address":null,"covered":false,"access":null,"website":null,"phone":null,"source":"OpenStreetMap/node/9498235095","sourceUpdatedAt":null,"verifiedAt":null}},{"type":"Feature","geometry":{"type":"Point","coordinates":[16.3439132,48.1932485]},"properties":{"id":"bikerack:52c9bb7b-690e-421a-8457-46086bb43737","kind":"bikerack","longitude":16.3439132,"latitude":48.1932485,"name":"Biciklitároló","city":"Vienna","address":null,"covered":false,"access":null,"website":null,"phone":null,"source":"OpenStreetMap/node/13096498800","sourceUpdatedAt":null,"verifiedAt":null}},{"type":"Feature","geometry":{"type":"Point","coordinates":[16.3303147,48.175268]},"properties":{"id":"bikerack:53384e95-6537-4d36-b72d-002130b491ff","kind":"bikerack","longitude":16.3303147,"latitude":48.175268,"name":"Biciklitároló","city":"Vienna","address":null,"covered":false,"access":null,"website":null,"phone":null,"source":"OpenStreetMap/node/9573667870","sourceUpdatedAt":null,"verifiedAt":null}},{"type":"Feature","geometry":{"type":"Point","coordinates":[16.347361,48.1948246]},"properties":{"id":"bikerack:54b72248-10ab-4679-a2d8-a546cceb3034","kind":"bikerack","longitude":16.347361,"latitude":48.1948246,"name":"Biciklitároló","city":"Vienna","address":null,"covered":false,"access":null,"website":null,"phone":null,"source":"OpenStreetMap/node/13069634067","sourceUpdatedAt":null,"verifiedAt":null}},{"type":"Feature","geometry":{"type":"Point","coordinates":[16.3395594,48.1807408]},"properties":{"id":"bikerack:54ccef1e-86d1-4016-9798-87d9eae816a9","kind":"bikerack","longitude":16.3395594,"latitude":48.1807408,"name":"Biciklitároló","city":"Vienna","address":null,"covered":false,"access":null,"website":null,"phone":null,"source":"OpenStreetMap/node/9776763636","sourceUpdatedAt":null,"verifiedAt":null}},{"type":"Feature","geometry":{"type":"Point","coordinates":[16.3415906,48.1953269]},"properties":{"id":"bikerack:55ebdc39-1847-4dc6-b8aa-1c27ad673bf0","kind":"bikerack","longitude":16.3415906,"latitude":48.1953269,"name":"Biciklitároló","city":"Vienna","address":null,"covered":false,"access":null,"website":null,"phone":null,"source":"OpenStreetMap/node/5030423402","sourceUpdatedAt":null,"verifiedAt":null}},{"type":"Feature","geometry":{"type":"Point","coordinates":[16.3157058,48.1765821]},"properties":{"id":"bikerack:55f5eb48-24b0-414d-b5c8-7fa691376bb4","kind":"bikerack","longitude":16.3157058,"latitude":48.1765821,"name":"Biciklitároló","city":"Vosendorf","address":null,"covered":false,"access":null,"website":null,"phone":null,"source":"OpenStreetMap/node/1957457327","sourceUpdatedAt":null,"verifiedAt":null}},{"type":"Feature","geometry":{"type":"Point","coordinates":[16.3189852,48.1839093]},"properties":{"id":"bikerack:56a850e7-eaa7-4272-a6e7-c61c2654eeb7","kind":"bikerack","longitude":16.3189852,"latitude":48.1839093,"name":"Biciklitároló","city":"Vienna","address":null,"covered":false,"access":null,"website":null,"phone":null,"source":"OpenStreetMap/node/1957457380","sourceUpdatedAt":null,"verifiedAt":null}},{"type":"Feature","geometry":{"type":"Point","coordinates":[16.3398512,48.1941947]},"properties":{"id":"bikerack:57be6e33-8f02-4650-92f8-698ceaa3c50f","kind":"bikerack","longitude":16.3398512,"latitude":48.1941947,"name":"Biciklitároló","city":"Vienna","address":null,"covered":false,"access":null,"website":null,"phone":null,"source":"OpenStreetMap/node/7507847405","sourceUpdatedAt":null,"verifiedAt":null}},{"type":"Feature","geometry":{"type":"Point","coordinates":[16.3058449,48.1929591]},"properties":{"id":"bikerack:57c2e9af-1821-4a71-a6b9-4ea1778aeda0","kind":"bikerack","longitude":16.3058449,"latitude":48.1929591,"name":"Biciklitároló","city":"Vienna","address":null,"covered":false,"access":null,"website":null,"phone":null,"source":"OpenStreetMap/node/6638965912","sourceUpdatedAt":null,"verifiedAt":null}},{"type":"Feature","geometry":{"type":"Point","coordinates":[16.3277603,48.1661122]},"properties":{"id":"bikerack:581b484e-c715-4016-94b0-488a46c13e27","kind":"bikerack","longitude":16.3277603,"latitude":48.1661122,"name":"Biciklitároló","city":"Vosendorf","address":null,"covered":true,"access":null,"website":null,"phone":null,"source":"OpenStreetMap/node/9188321719","sourceUpdatedAt":null,"verifiedAt":null}},{"type":"Feature","geometry":{"type":"Point","coordinates":[16.3442599,48.1803137]},"properties":{"id":"bikerack:5835981d-3c19-406d-bfb8-24dfd75c6752","kind":"bikerack","longitude":16.3442599,"latitude":48.1803137,"name":"Biciklitároló","city":"Vienna","address":null,"covered":false,"access":null,"website":null,"phone":null,"source":"OpenStreetMap/node/11868308888","sourceUpdatedAt":null,"verifiedAt":null}},{"type":"Feature","geometry":{"type":"Point","coordinates":[16.3436701,48.1907912]},"properties":{"id":"bikerack:584dbd1f-0dd6-4a36-926e-dc5078b9fbb4","kind":"bikerack","longitude":16.3436701,"latitude":48.1907912,"name":"Biciklitároló","city":"Vienna","address":null,"covered":false,"access":null,"website":null,"phone":null,"source":"OpenStreetMap/node/9084741255","sourceUpdatedAt":null,"verifiedAt":null}},{"type":"Feature","geometry":{"type":"Point","coordinates":[16.3381962,48.191012]},"properties":{"id":"bikerack:5897429c-cd5f-4770-87cd-312579c399c9","kind":"bikerack","longitude":16.3381962,"latitude":48.191012,"name":"Biciklitároló","city":"Vienna","address":null,"covered":false,"access":null,"website":null,"phone":null,"source":"OpenStreetMap/node/7497226855","sourceUpdatedAt":null,"verifiedAt":null}},{"type":"Feature","geometry":{"type":"Point","coordinates":[16.3263318,48.1828912]},"properties":{"id":"bikerack:5941f43c-a3c9-40bf-a16d-3e2c003f7119","kind":"bikerack","longitude":16.3263318,"latitude":48.1828912,"name":"Biciklitároló","city":"Vienna","address":null,"covered":false,"access":null,"website":null,"phone":null,"source":"OpenStreetMap/node/13634837418","sourceUpdatedAt":null,"verifiedAt":null}},{"type":"Feature","geometry":{"type":"Point","coordinates":[16.3323984,48.1780588]},"properties":{"id":"bikerack:59582f0c-d164-423d-aba0-7dc8d5361f9f","kind":"bikerack","longitude":16.3323984,"latitude":48.1780588,"name":"Pachmüllergasse 10 – Biciklitároló","city":"Wien","address":null,"covered":false,"access":null,"website":null,"phone":null,"source":"OpenStreetMap/node/11279440335","sourceUpdatedAt":null,"verifiedAt":null}},{"type":"Feature","geometry":{"type":"Point","coordinates":[16.3292608,48.1844554]},"properties":{"id":"bikerack:59e30de7-cc5a-4938-a089-28f1dcb35f2c","kind":"bikerack","longitude":16.3292608,"latitude":48.1844554,"name":"Biciklitároló","city":"Vienna","address":null,"covered":false,"access":null,"website":null,"phone":null,"source":"OpenStreetMap/node/13227573194","sourceUpdatedAt":null,"verifiedAt":null}},{"type":"Feature","geometry":{"type":"Point","coordinates":[16.3413732,48.1930416]},"properties":{"id":"bikerack:59fb2693-172f-45a9-bec2-09559176f989","kind":"bikerack","longitude":16.3413732,"latitude":48.1930416,"name":"Biciklitároló","city":"Vienna","address":null,"covered":false,"access":null,"website":null,"phone":null,"source":"OpenStreetMap/node/11964652099","sourceUpdatedAt":null,"verifiedAt":null}},{"type":"Feature","geometry":{"type":"Point","coordinates":[16.3419223,48.1885893]},"properties":{"id":"bikerack:5a20ea5c-ded4-4b5e-8b90-cd8b5f4bd7e4","kind":"bikerack","longitude":16.3419223,"latitude":48.1885893,"name":"Biciklitároló","city":"Vienna","address":null,"covered":false,"access":null,"website":null,"phone":null,"source":"OpenStreetMap/node/11650296429","sourceUpdatedAt":null,"verifiedAt":null}},{"type":"Feature","geometry":{"type":"Point","coordinates":[16.339093,48.1879215]},"properties":{"id":"bikerack:5a5ecdb7-67b2-44b7-98e4-ba4890a053da","kind":"bikerack","longitude":16.339093,"latitude":48.1879215,"name":"Biciklitároló","city":"Vienna","address":null,"covered":false,"access":null,"website":null,"phone":null,"source":"OpenStreetMap/node/7655343012","sourceUpdatedAt":null,"verifiedAt":null}},{"type":"Feature","geometry":{"type":"Point","coordinates":[16.3134061,48.1952722]},"properties":{"id":"bikerack:5dd31e4d-5b4d-472f-b9d7-9b42338a2174","kind":"bikerack","longitude":16.3134061,"latitude":48.1952722,"name":"Biciklitároló","city":"Vienna","address":null,"covered":false,"access":null,"website":null,"phone":null,"source":"OpenStreetMap/node/10121397584","sourceUpdatedAt":null,"verifiedAt":null}},{"type":"Feature","geometry":{"type":"Point","coordinates":[16.3334642,48.1878618]},"properties":{"id":"bikerack:600e656b-b955-4cbd-afa5-564b1d3c0fd7","kind":"bikerack","longitude":16.3334642,"latitude":48.1878618,"name":"Biciklitároló","city":"Vienna","address":null,"covered":false,"access":null,"website":null,"phone":null,"source":"OpenStreetMap/node/5279587617","sourceUpdatedAt":null,"verifiedAt":null}},{"type":"Feature","geometry":{"type":"Point","coordinates":[16.3130204,48.1868225]},"properties":{"id":"bikerack:601f535e-f9de-4906-ad42-cc4280bca681","kind":"bikerack","longitude":16.3130204,"latitude":48.1868225,"name":"Biciklitároló","city":"Vienna","address":null,"covered":false,"access":null,"website":null,"phone":null,"source":"OpenStreetMap/way/905416824","sourceUpdatedAt":null,"verifiedAt":null}},{"type":"Feature","geometry":{"type":"Point","coordinates":[16.3429303,48.1952849]},"properties":{"id":"bikerack:604d0961-3a86-4698-acfb-c2e4c4945b1b","kind":"bikerack","longitude":16.3429303,"latitude":48.1952849,"name":"Biciklitároló","city":"Vienna","address":null,"covered":false,"access":null,"website":null,"phone":null,"source":"OpenStreetMap/node/8710164931","sourceUpdatedAt":null,"verifiedAt":null}},{"type":"Feature","geometry":{"type":"Point","coordinates":[16.3307812,48.184851]},"properties":{"id":"bikerack:6106e46f-1470-4034-a4ec-f92469ecf5bd","kind":"bikerack","longitude":16.3307812,"latitude":48.184851,"name":"Biciklitároló","city":"Vienna","address":null,"covered":false,"access":null,"website":null,"phone":null,"source":"OpenStreetMap/node/13227587547","sourceUpdatedAt":null,"verifiedAt":null}},{"type":"Feature","geometry":{"type":"Point","coordinates":[16.3403974,48.1894737]},"properties":{"id":"bikerack:610bae70-c6c5-41f2-9292-86214fb1d694","kind":"bikerack","longitude":16.3403974,"latitude":48.1894737,"name":"Biciklitároló","city":"Vienna","address":null,"covered":false,"access":null,"website":null,"phone":null,"source":"OpenStreetMap/node/9244610448","sourceUpdatedAt":null,"verifiedAt":null}},{"type":"Feature","geometry":{"type":"Point","coordinates":[16.3295903,48.1845155]},"properties":{"id":"bikerack:614b47fc-7cc8-409f-903b-a79b42574ea0","kind":"bikerack","longitude":16.3295903,"latitude":48.1845155,"name":"Biciklitároló","city":"Vienna","address":null,"covered":false,"access":null,"website":null,"phone":null,"source":"OpenStreetMap/node/13227545613","sourceUpdatedAt":null,"verifiedAt":null}},{"type":"Feature","geometry":{"type":"Point","coordinates":[16.3379496,48.178743]},"properties":{"id":"bikerack:617d08db-4680-493d-91d8-e3f8cfbea62e","kind":"bikerack","longitude":16.3379496,"latitude":48.178743,"name":"Biciklitároló","city":"Vienna","address":null,"covered":false,"access":null,"website":null,"phone":null,"source":"OpenStreetMap/node/10574520576","sourceUpdatedAt":null,"verifiedAt":null}},{"type":"Feature","geometry":{"type":"Point","coordinates":[16.3432175,48.1932572]},"properties":{"id":"bikerack:61956dd3-3bda-4795-baaf-98c8276d901b","kind":"bikerack","longitude":16.3432175,"latitude":48.1932572,"name":"Biciklitároló","city":"Vienna","address":null,"covered":false,"access":null,"website":null,"phone":null,"source":"OpenStreetMap/node/9084748236","sourceUpdatedAt":null,"verifiedAt":null}},{"type":"Feature","geometry":{"type":"Point","coordinates":[16.3247227,48.1828138]},"properties":{"id":"bikerack:61d820e2-f80c-4e78-bb67-c720de1f9e1e","kind":"bikerack","longitude":16.3247227,"latitude":48.1828138,"name":"Biciklitároló","city":"Vienna","address":null,"covered":false,"access":null,"website":null,"phone":null,"source":"OpenStreetMap/node/7597406931","sourceUpdatedAt":null,"verifiedAt":null}},{"type":"Feature","geometry":{"type":"Point","coordinates":[16.3402399,48.1920178]},"properties":{"id":"bikerack:6244f431-f4f0-4319-a53f-37d69c281add","kind":"bikerack","longitude":16.3402399,"latitude":48.1920178,"name":"Biciklitároló","city":"Vienna","address":null,"covered":false,"access":null,"website":null,"phone":null,"source":"OpenStreetMap/node/13098593409","sourceUpdatedAt":null,"verifiedAt":null}},{"type":"Feature","geometry":{"type":"Point","coordinates":[16.3447434,48.1946911]},"properties":{"id":"bikerack:62e5133b-f9b5-45e2-8377-be868b9625d9","kind":"bikerack","longitude":16.3447434,"latitude":48.1946911,"name":"Biciklitároló","city":"Vienna","address":null,"covered":false,"access":null,"website":null,"phone":null,"source":"OpenStreetMap/node/8710105274","sourceUpdatedAt":null,"verifiedAt":null}},{"type":"Feature","geometry":{"type":"Point","coordinates":[16.3421716,48.1945231]},"properties":{"id":"bikerack:644aacb7-ea0a-4565-8f92-8074a5e0dc86","kind":"bikerack","longitude":16.3421716,"latitude":48.1945231,"name":"Biciklitároló","city":"Vienna","address":null,"covered":false,"access":null,"website":null,"phone":null,"source":"OpenStreetMap/node/13096543201","sourceUpdatedAt":null,"verifiedAt":null}},{"type":"Feature","geometry":{"type":"Point","coordinates":[16.3456671,48.1949159]},"properties":{"id":"bikerack:644e20e0-38e7-41d5-8e74-e3a9fa33ed2d","kind":"bikerack","longitude":16.3456671,"latitude":48.1949159,"name":"Biciklitároló","city":"Vienna","address":null,"covered":false,"access":null,"website":null,"phone":null,"source":"OpenStreetMap/node/10965713374","sourceUpdatedAt":null,"verifiedAt":null}},{"type":"Feature","geometry":{"type":"Point","coordinates":[16.3379708,48.1913491]},"properties":{"id":"bikerack:64625a3e-1b53-4429-baf3-32276d599097","kind":"bikerack","longitude":16.3379708,"latitude":48.1913491,"name":"Biciklitároló","city":"Vienna","address":null,"covered":false,"access":null,"website":null,"phone":null,"source":"OpenStreetMap/node/7497231868","sourceUpdatedAt":null,"verifiedAt":null}},{"type":"Feature","geometry":{"type":"Point","coordinates":[16.3190215,48.1837164]},"properties":{"id":"bikerack:64851206-4e49-4f3e-a255-0c79194a3de8","kind":"bikerack","longitude":16.3190215,"latitude":48.1837164,"name":"Biciklitároló","city":"Vienna","address":null,"covered":false,"access":null,"website":null,"phone":null,"source":"OpenStreetMap/node/1957457378","sourceUpdatedAt":null,"verifiedAt":null}},{"type":"Feature","geometry":{"type":"Point","coordinates":[16.3420928,48.1933867]},"properties":{"id":"bikerack:64e775ed-dd28-4521-91ea-48e65607e6c5","kind":"bikerack","longitude":16.3420928,"latitude":48.1933867,"name":"Biciklitároló","city":"Vienna","address":null,"covered":false,"access":null,"website":null,"phone":null,"source":"OpenStreetMap/node/2874392125","sourceUpdatedAt":null,"verifiedAt":null}},{"type":"Feature","geometry":{"type":"Point","coordinates":[16.3200671,48.1755463]},"properties":{"id":"bikerack:654c4b98-9065-4956-866b-51c7e44e5aa3","kind":"bikerack","longitude":16.3200671,"latitude":48.1755463,"name":"Biciklitároló","city":"Vosendorf","address":null,"covered":false,"access":null,"website":null,"phone":null,"source":"OpenStreetMap/node/7559276001","sourceUpdatedAt":null,"verifiedAt":null}},{"type":"Feature","geometry":{"type":"Point","coordinates":[16.3210992,48.1949938]},"properties":{"id":"bikerack:66d6ef53-5885-4822-b93f-0c3422733156","kind":"bikerack","longitude":16.3210992,"latitude":48.1949938,"name":"Biciklitároló","city":"Vienna","address":null,"covered":false,"access":null,"website":null,"phone":null,"source":"OpenStreetMap/node/8572544866","sourceUpdatedAt":null,"verifiedAt":null}},{"type":"Feature","geometry":{"type":"Point","coordinates":[16.333111,48.1900467]},"properties":{"id":"bikerack:670e7baa-9d01-4676-8699-0c06b07d4973","kind":"bikerack","longitude":16.333111,"latitude":48.1900467,"name":"Biciklitároló","city":"Vienna","address":null,"covered":false,"access":null,"website":null,"phone":null,"source":"OpenStreetMap/node/13195888473","sourceUpdatedAt":null,"verifiedAt":null}},{"type":"Feature","geometry":{"type":"Point","coordinates":[16.3155598,48.1933593]},"properties":{"id":"bikerack:672ebb5f-65a3-486a-8be4-bed3b41bff1e","kind":"bikerack","longitude":16.3155598,"latitude":48.1933593,"name":"Biciklitároló","city":"Vienna","address":null,"covered":false,"access":null,"website":null,"phone":null,"source":"OpenStreetMap/node/13078445322","sourceUpdatedAt":null,"verifiedAt":null}},{"type":"Feature","geometry":{"type":"Point","coordinates":[16.3049235,48.1874413]},"properties":{"id":"bikerack:6808ff13-c429-4752-916a-3b85706f98c1","kind":"bikerack","longitude":16.3049235,"latitude":48.1874413,"name":"Biciklitároló","city":"Vienna","address":null,"covered":false,"access":null,"website":null,"phone":null,"source":"OpenStreetMap/node/7553247758","sourceUpdatedAt":null,"verifiedAt":null}},{"type":"Feature","geometry":{"type":"Point","coordinates":[16.3271003,48.1838128]},"properties":{"id":"bikerack:68460361-cd52-43cc-8666-6be1e292cea2","kind":"bikerack","longitude":16.3271003,"latitude":48.1838128,"name":"Biciklitároló","city":"Vienna","address":null,"covered":false,"access":null,"website":null,"phone":null,"source":"OpenStreetMap/node/11845039907","sourceUpdatedAt":null,"verifiedAt":null}},{"type":"Feature","geometry":{"type":"Point","coordinates":[16.3307418,48.1884166]},"properties":{"id":"bikerack:6902f630-5471-462a-af4d-d3a5f9ba5a55","kind":"bikerack","longitude":16.3307418,"latitude":48.1884166,"name":"Biciklitároló","city":"Vienna","address":null,"covered":false,"access":null,"website":null,"phone":null,"source":"OpenStreetMap/node/9188296213","sourceUpdatedAt":null,"verifiedAt":null}},{"type":"Feature","geometry":{"type":"Point","coordinates":[16.3275233,48.1763849]},"properties":{"id":"bikerack:693c616a-9d3a-461e-a7f6-dd05ec577122","kind":"bikerack","longitude":16.3275233,"latitude":48.1763849,"name":"Biciklitároló","city":"Vienna","address":null,"covered":false,"access":null,"website":null,"phone":null,"source":"OpenStreetMap/node/1957457329","sourceUpdatedAt":null,"verifiedAt":null}},{"type":"Feature","geometry":{"type":"Point","coordinates":[16.3398989,48.1940212]},"properties":{"id":"bikerack:69806de5-39d6-4c80-9057-7e0aca979532","kind":"bikerack","longitude":16.3398989,"latitude":48.1940212,"name":"Biciklitároló","city":"Vienna","address":null,"covered":false,"access":null,"website":null,"phone":null,"source":"OpenStreetMap/node/13098585776","sourceUpdatedAt":null,"verifiedAt":null}},{"type":"Feature","geometry":{"type":"Point","coordinates":[16.3456624,48.1796512]},"properties":{"id":"bikerack:6990eafc-611e-446b-baae-0c8e82530d96","kind":"bikerack","longitude":16.3456624,"latitude":48.1796512,"name":"Biciklitároló","city":"Vienna","address":null,"covered":true,"access":null,"website":null,"phone":null,"source":"OpenStreetMap/node/10592443059","sourceUpdatedAt":null,"verifiedAt":null}},{"type":"Feature","geometry":{"type":"Point","coordinates":[16.3332997,48.169665]},"properties":{"id":"bikerack:69c1e693-3339-4d7a-87e9-4adf9186930a","kind":"bikerack","longitude":16.3332997,"latitude":48.169665,"name":"Biciklitároló","city":"Vosendorf","address":null,"covered":false,"access":null,"website":null,"phone":null,"source":"OpenStreetMap/node/5250481424","sourceUpdatedAt":null,"verifiedAt":null}},{"type":"Feature","geometry":{"type":"Point","coordinates":[16.3389656,48.1898879]},"properties":{"id":"bikerack:69fdc7a3-4dce-429d-98ff-1bb1c9f616b3","kind":"bikerack","longitude":16.3389656,"latitude":48.1898879,"name":"Biciklitároló","city":"Vienna","address":null,"covered":false,"access":null,"website":null,"phone":null,"source":"OpenStreetMap/node/13071372783","sourceUpdatedAt":null,"verifiedAt":null}},{"type":"Feature","geometry":{"type":"Point","coordinates":[16.3407469,48.1927461]},"properties":{"id":"bikerack:6a5cbe9e-2ca2-4cce-9558-011f50c9562e","kind":"bikerack","longitude":16.3407469,"latitude":48.1927461,"name":"Biciklitároló","city":"Vienna","address":null,"covered":false,"access":null,"website":null,"phone":null,"source":"OpenStreetMap/node/9897892875","sourceUpdatedAt":null,"verifiedAt":null}},{"type":"Feature","geometry":{"type":"Point","coordinates":[16.3454305,48.1862866]},"properties":{"id":"bikerack:6bbce78c-3237-4b8a-a529-59f8367b28c1","kind":"bikerack","longitude":16.3454305,"latitude":48.1862866,"name":"Biciklitároló","city":"Vienna","address":null,"covered":false,"access":null,"website":null,"phone":null,"source":"OpenStreetMap/node/4603998625","sourceUpdatedAt":null,"verifiedAt":null}},{"type":"Feature","geometry":{"type":"Point","coordinates":[16.3425403,48.1908478]},"properties":{"id":"bikerack:6bbde20c-ed53-415e-b2d8-c8bc443441bf","kind":"bikerack","longitude":16.3425403,"latitude":48.1908478,"name":"Biciklitároló","city":"Vienna","address":null,"covered":false,"access":null,"website":null,"phone":null,"source":"OpenStreetMap/node/9084753798","sourceUpdatedAt":null,"verifiedAt":null}},{"type":"Feature","geometry":{"type":"Point","coordinates":[16.3329682,48.1922202]},"properties":{"id":"bikerack:6d39642b-8a0c-47fc-837b-6d227e762f3e","kind":"bikerack","longitude":16.3329682,"latitude":48.1922202,"name":"Biciklitároló","city":"Vienna","address":null,"covered":false,"access":null,"website":null,"phone":null,"source":"OpenStreetMap/node/13281201748","sourceUpdatedAt":null,"verifiedAt":null}},{"type":"Feature","geometry":{"type":"Point","coordinates":[16.3366856,48.1700324]},"properties":{"id":"bikerack:6e731afc-7e8b-4302-a2aa-3382f03062c1","kind":"bikerack","longitude":16.3366856,"latitude":48.1700324,"name":"Biciklitároló","city":"Vosendorf","address":null,"covered":false,"access":null,"website":null,"phone":null,"source":"OpenStreetMap/node/13119949950","sourceUpdatedAt":null,"verifiedAt":null}},{"type":"Feature","geometry":{"type":"Point","coordinates":[16.3131856,48.195257]},"properties":{"id":"bikerack:6fc0599a-87a2-40c2-b501-721914a62c5a","kind":"bikerack","longitude":16.3131856,"latitude":48.195257,"name":"Biciklitároló","city":"Vienna","address":null,"covered":false,"access":null,"website":null,"phone":null,"source":"OpenStreetMap/node/10248891561","sourceUpdatedAt":null,"verifiedAt":null}},{"type":"Feature","geometry":{"type":"Point","coordinates":[16.340128,48.1952842]},"properties":{"id":"bikerack:6ffab0ce-0d83-4ebc-8752-c4e7fc632a02","kind":"bikerack","longitude":16.340128,"latitude":48.1952842,"name":"Biciklitároló","city":"Vienna","address":null,"covered":false,"access":null,"website":null,"phone":null,"source":"OpenStreetMap/node/7507844309","sourceUpdatedAt":null,"verifiedAt":null}},{"type":"Feature","geometry":{"type":"Point","coordinates":[16.3398007,48.1873787]},"properties":{"id":"bikerack:7098928e-c8ac-4e12-afa1-f9eedced1e96","kind":"bikerack","longitude":16.3398007,"latitude":48.1873787,"name":"Biciklitároló","city":"Vienna","address":null,"covered":false,"access":null,"website":null,"phone":null,"source":"OpenStreetMap/node/11682582592","sourceUpdatedAt":null,"verifiedAt":null}},{"type":"Feature","geometry":{"type":"Point","coordinates":[16.3148314,48.1901838]},"properties":{"id":"bikerack:712e50b8-fcf0-42fe-b6cf-9ccda54bc50a","kind":"bikerack","longitude":16.3148314,"latitude":48.1901838,"name":"Biciklitároló","city":"Vienna","address":null,"covered":false,"access":null,"website":null,"phone":null,"source":"OpenStreetMap/node/5874073971","sourceUpdatedAt":null,"verifiedAt":null}},{"type":"Feature","geometry":{"type":"Point","coordinates":[16.3432938,48.1883965]},"properties":{"id":"bikerack:71327275-67b9-47df-ac15-e57a32fd5979","kind":"bikerack","longitude":16.3432938,"latitude":48.1883965,"name":"Biciklitároló","city":"Vienna","address":null,"covered":false,"access":null,"website":null,"phone":null,"source":"OpenStreetMap/node/8491187632","sourceUpdatedAt":null,"verifiedAt":null}},{"type":"Feature","geometry":{"type":"Point","coordinates":[16.3432107,48.1920658]},"properties":{"id":"bikerack:71b2a926-269f-4eaf-98d5-4f8a41c9ae38","kind":"bikerack","longitude":16.3432107,"latitude":48.1920658,"name":"Biciklitároló","city":"Vienna","address":null,"covered":false,"access":null,"website":null,"phone":null,"source":"OpenStreetMap/node/11728490633","sourceUpdatedAt":null,"verifiedAt":null}},{"type":"Feature","geometry":{"type":"Point","coordinates":[16.3469136,48.1935405]},"properties":{"id":"bikerack:71f9f4e0-3847-4e79-903d-c81f74098ad3","kind":"bikerack","longitude":16.3469136,"latitude":48.1935405,"name":"Biciklitároló","city":"Vienna","address":null,"covered":false,"access":null,"website":null,"phone":null,"source":"OpenStreetMap/node/9084748237","sourceUpdatedAt":null,"verifiedAt":null}},{"type":"Feature","geometry":{"type":"Point","coordinates":[16.3346445,48.1833663]},"properties":{"id":"bikerack:725b8892-f411-4f7c-a52e-2e9a0ef0595a","kind":"bikerack","longitude":16.3346445,"latitude":48.1833663,"name":"Biciklitároló","city":"Vienna","address":null,"covered":false,"access":null,"website":null,"phone":null,"source":"OpenStreetMap/node/10853503053","sourceUpdatedAt":null,"verifiedAt":null}},{"type":"Feature","geometry":{"type":"Point","coordinates":[16.3178638,48.1903483]},"properties":{"id":"bikerack:728e6eec-44c5-4c21-b846-c9dfeba32025","kind":"bikerack","longitude":16.3178638,"latitude":48.1903483,"name":"Biciklitároló","city":"Vienna","address":null,"covered":false,"access":null,"website":null,"phone":null,"source":"OpenStreetMap/node/4580146261","sourceUpdatedAt":null,"verifiedAt":null}},{"type":"Feature","geometry":{"type":"Point","coordinates":[16.3321135,48.1903631]},"properties":{"id":"bikerack:72cb10ab-efdb-480e-81ae-395650e89619","kind":"bikerack","longitude":16.3321135,"latitude":48.1903631,"name":"Biciklitároló","city":"Vienna","address":null,"covered":false,"access":null,"website":null,"phone":null,"source":"OpenStreetMap/node/13195888462","sourceUpdatedAt":null,"verifiedAt":null}},{"type":"Feature","geometry":{"type":"Point","coordinates":[16.3410815,48.1932395]},"properties":{"id":"bikerack:73218ac1-368d-49f7-b6a8-bfeffd14bf03","kind":"bikerack","longitude":16.3410815,"latitude":48.1932395,"name":"Biciklitároló","city":"Vienna","address":null,"covered":false,"access":null,"website":null,"phone":null,"source":"OpenStreetMap/node/13098511605","sourceUpdatedAt":null,"verifiedAt":null}},{"type":"Feature","geometry":{"type":"Point","coordinates":[16.3361119,48.1936057]},"properties":{"id":"bikerack:742e5fbe-c0d4-4b67-950d-a1129fd131ea","kind":"bikerack","longitude":16.3361119,"latitude":48.1936057,"name":"Biciklitároló","city":"Vienna","address":null,"covered":false,"access":null,"website":null,"phone":null,"source":"OpenStreetMap/node/13110236301","sourceUpdatedAt":null,"verifiedAt":null}},{"type":"Feature","geometry":{"type":"Point","coordinates":[16.3162997,48.1672813]},"properties":{"id":"bikerack:74d3d398-6d3b-4249-9534-3f85c9f6440b","kind":"bikerack","longitude":16.3162997,"latitude":48.1672813,"name":"Biciklitároló","city":"Vosendorf","address":null,"covered":true,"access":null,"website":null,"phone":null,"source":"OpenStreetMap/node/9578599840","sourceUpdatedAt":null,"verifiedAt":null}},{"type":"Feature","geometry":{"type":"Point","coordinates":[16.3471356,48.1936695]},"properties":{"id":"bikerack:758b507c-f9f1-45c1-8db3-a3e9769ecc94","kind":"bikerack","longitude":16.3471356,"latitude":48.1936695,"name":"Biciklitároló","city":"Vienna","address":null,"covered":false,"access":null,"website":null,"phone":null,"source":"OpenStreetMap/node/9084755858","sourceUpdatedAt":null,"verifiedAt":null}},{"type":"Feature","geometry":{"type":"Point","coordinates":[16.3466559,48.1888302]},"properties":{"id":"bikerack:76016df7-2c36-4031-926a-2f479887fe7a","kind":"bikerack","longitude":16.3466559,"latitude":48.1888302,"name":"Biciklitároló","city":"Vienna","address":null,"covered":false,"access":null,"website":null,"phone":null,"source":"OpenStreetMap/node/8491098697","sourceUpdatedAt":null,"verifiedAt":null}},{"type":"Feature","geometry":{"type":"Point","coordinates":[16.3308183,48.1817204]},"properties":{"id":"bikerack:768d947f-220e-489f-a8c8-e16aa09da648","kind":"bikerack","longitude":16.3308183,"latitude":48.1817204,"name":"Biciklitároló","city":"Vienna","address":null,"covered":false,"access":null,"website":null,"phone":null,"source":"OpenStreetMap/node/9869039094","sourceUpdatedAt":null,"verifiedAt":null}},{"type":"Feature","geometry":{"type":"Point","coordinates":[16.340153,48.1942951]},"properties":{"id":"bikerack:769cc834-7a72-44d9-b412-f0816746618b","kind":"bikerack","longitude":16.340153,"latitude":48.1942951,"name":"Biciklitároló","city":"Vienna","address":null,"covered":false,"access":null,"website":null,"phone":null,"source":"OpenStreetMap/node/13098511604","sourceUpdatedAt":null,"verifiedAt":null}},{"type":"Feature","geometry":{"type":"Point","coordinates":[16.3447611,48.1902183]},"properties":{"id":"bikerack:7736efe0-e7f7-4d24-b9dc-c942e6079afb","kind":"bikerack","longitude":16.3447611,"latitude":48.1902183,"name":"Biciklitároló","city":"Vienna","address":null,"covered":false,"access":null,"website":null,"phone":null,"source":"OpenStreetMap/node/13071399210","sourceUpdatedAt":null,"verifiedAt":null}},{"type":"Feature","geometry":{"type":"Point","coordinates":[16.3267697,48.1709251]},"properties":{"id":"bikerack:7768aafb-278b-4abc-9eac-d0ba32eed521","kind":"bikerack","longitude":16.3267697,"latitude":48.1709251,"name":"Biciklitároló","city":"Vosendorf","address":null,"covered":false,"access":null,"website":null,"phone":null,"source":"OpenStreetMap/node/10574520563","sourceUpdatedAt":null,"verifiedAt":null}},{"type":"Feature","geometry":{"type":"Point","coordinates":[16.3388262,48.1904838]},"properties":{"id":"bikerack:779afcdb-973a-481b-94e6-492fb4ac6ee8","kind":"bikerack","longitude":16.3388262,"latitude":48.1904838,"name":"Biciklitároló","city":"Vienna","address":null,"covered":false,"access":null,"website":null,"phone":null,"source":"OpenStreetMap/node/9084741256","sourceUpdatedAt":null,"verifiedAt":null}},{"type":"Feature","geometry":{"type":"Point","coordinates":[16.3298726,48.1914293]},"properties":{"id":"bikerack:77b1d31e-381f-4c05-ae53-97f1f598fdcb","kind":"bikerack","longitude":16.3298726,"latitude":48.1914293,"name":"Biciklitároló","city":"Vienna","address":null,"covered":false,"access":null,"website":null,"phone":null,"source":"OpenStreetMap/node/7659480288","sourceUpdatedAt":null,"verifiedAt":null}},{"type":"Feature","geometry":{"type":"Point","coordinates":[16.3176217,48.1903626]},"properties":{"id":"bikerack:78817ef6-86ce-42f2-8902-f2ccf20ce84b","kind":"bikerack","longitude":16.3176217,"latitude":48.1903626,"name":"Biciklitároló","city":"Vienna","address":null,"covered":false,"access":null,"website":null,"phone":null,"source":"OpenStreetMap/node/4580146262","sourceUpdatedAt":null,"verifiedAt":null}},{"type":"Feature","geometry":{"type":"Point","coordinates":[16.3328967,48.1702799]},"properties":{"id":"bikerack:797fff01-03c0-41ba-a544-866cd38d7603","kind":"bikerack","longitude":16.3328967,"latitude":48.1702799,"name":"Biciklitároló","city":"Vosendorf","address":null,"covered":false,"access":null,"website":null,"phone":null,"source":"OpenStreetMap/node/5250481427","sourceUpdatedAt":null,"verifiedAt":null}},{"type":"Feature","geometry":{"type":"Point","coordinates":[16.3357166,48.181001]},"properties":{"id":"bikerack:7b0c2b54-2807-4623-99ac-fac8b7295746","kind":"bikerack","longitude":16.3357166,"latitude":48.181001,"name":"Biciklitároló","city":"Vienna","address":null,"covered":false,"access":null,"website":null,"phone":null,"source":"OpenStreetMap/node/13423421773","sourceUpdatedAt":null,"verifiedAt":null}},{"type":"Feature","geometry":{"type":"Point","coordinates":[16.3045792,48.1953811]},"properties":{"id":"bikerack:7df83296-3246-4169-879e-4709099705a4","kind":"bikerack","longitude":16.3045792,"latitude":48.1953811,"name":"Biciklitároló","city":"Vienna","address":null,"covered":false,"access":null,"website":null,"phone":null,"source":"OpenStreetMap/node/13078397838","sourceUpdatedAt":null,"verifiedAt":null}},{"type":"Feature","geometry":{"type":"Point","coordinates":[16.3433291,48.1888723]},"properties":{"id":"bikerack:7dfe09f5-fcbe-464c-bc4d-5befad2f37f9","kind":"bikerack","longitude":16.3433291,"latitude":48.1888723,"name":"Biciklitároló","city":"Vienna","address":null,"covered":false,"access":null,"website":null,"phone":null,"source":"OpenStreetMap/node/13071399202","sourceUpdatedAt":null,"verifiedAt":null}},{"type":"Feature","geometry":{"type":"Point","coordinates":[16.3347249,48.1948938]},"properties":{"id":"bikerack:7eee2751-deb4-4794-92a3-e953e6740159","kind":"bikerack","longitude":16.3347249,"latitude":48.1948938,"name":"Biciklitároló","city":"Vienna","address":null,"covered":false,"access":null,"website":null,"phone":null,"source":"OpenStreetMap/node/12144659299","sourceUpdatedAt":null,"verifiedAt":null}},{"type":"Feature","geometry":{"type":"Point","coordinates":[16.3093424,48.189639]},"properties":{"id":"bikerack:7f4f39d9-2e05-4a6e-b830-cc073dd6655b","kind":"bikerack","longitude":16.3093424,"latitude":48.189639,"name":"Biciklitároló","city":"Vienna","address":null,"covered":false,"access":null,"website":null,"phone":null,"source":"OpenStreetMap/node/9041139903","sourceUpdatedAt":null,"verifiedAt":null}},{"type":"Feature","geometry":{"type":"Point","coordinates":[16.3042358,48.1917741]},"properties":{"id":"bikerack:803cbf03-cc08-460d-b18e-7542db61aa33","kind":"bikerack","longitude":16.3042358,"latitude":48.1917741,"name":"Biciklitároló","city":"Vienna","address":null,"covered":false,"access":null,"website":null,"phone":null,"source":"OpenStreetMap/node/13202601026","sourceUpdatedAt":null,"verifiedAt":null}},{"type":"Feature","geometry":{"type":"Point","coordinates":[16.3450265,48.1902768]},"properties":{"id":"bikerack:80431647-85a9-4c47-abf1-78068e2f3add","kind":"bikerack","longitude":16.3450265,"latitude":48.1902768,"name":"Biciklitároló","city":"Vienna","address":null,"covered":false,"access":null,"website":null,"phone":null,"source":"OpenStreetMap/node/9889415321","sourceUpdatedAt":null,"verifiedAt":null}},{"type":"Feature","geometry":{"type":"Point","coordinates":[16.3328146,48.1903959]},"properties":{"id":"bikerack:80cd51d4-62b8-43cc-b1ee-2920c3e5da94","kind":"bikerack","longitude":16.3328146,"latitude":48.1903959,"name":"Biciklitároló","city":"Vienna","address":null,"covered":false,"access":null,"website":null,"phone":null,"source":"OpenStreetMap/node/13195888457","sourceUpdatedAt":null,"verifiedAt":null}},{"type":"Feature","geometry":{"type":"Point","coordinates":[16.3268652,48.1750925]},"properties":{"id":"bikerack:80fe3e69-f8ed-4e81-852e-96dbddbe587a","kind":"bikerack","longitude":16.3268652,"latitude":48.1750925,"name":"Biciklitároló","city":"Vosendorf","address":null,"covered":true,"access":null,"website":null,"phone":null,"source":"OpenStreetMap/way/1209491142","sourceUpdatedAt":null,"verifiedAt":null}},{"type":"Feature","geometry":{"type":"Point","coordinates":[16.3317052,48.1697527]},"properties":{"id":"bikerack:81286ac4-6013-4197-b0da-b6c68fcb4860","kind":"bikerack","longitude":16.3317052,"latitude":48.1697527,"name":"Biciklitároló","city":"Vosendorf","address":null,"covered":false,"access":null,"website":null,"phone":null,"source":"OpenStreetMap/node/5250481109","sourceUpdatedAt":null,"verifiedAt":null}},{"type":"Feature","geometry":{"type":"Point","coordinates":[16.3443915,48.1896415]},"properties":{"id":"bikerack:81662163-a184-4ef5-894e-f7bdc8bee2c2","kind":"bikerack","longitude":16.3443915,"latitude":48.1896415,"name":"Biciklitároló","city":"Vienna","address":null,"covered":false,"access":null,"website":null,"phone":null,"source":"OpenStreetMap/node/9244530915","sourceUpdatedAt":null,"verifiedAt":null}},{"type":"Feature","geometry":{"type":"Point","coordinates":[16.334157,48.1933327]},"properties":{"id":"bikerack:834486f3-5ce8-4e96-933d-8daa007645aa","kind":"bikerack","longitude":16.334157,"latitude":48.1933327,"name":"Biciklitároló","city":"Vienna","address":null,"covered":false,"access":null,"website":null,"phone":null,"source":"OpenStreetMap/node/13281201793","sourceUpdatedAt":null,"verifiedAt":null}},{"type":"Feature","geometry":{"type":"Point","coordinates":[16.346374,48.1909293]},"properties":{"id":"bikerack:856aaa3f-4af9-46bc-8764-48cda73ad0d3","kind":"bikerack","longitude":16.346374,"latitude":48.1909293,"name":"Biciklitároló","city":"Vienna","address":null,"covered":false,"access":null,"website":null,"phone":null,"source":"OpenStreetMap/node/3170261824","sourceUpdatedAt":null,"verifiedAt":null}},{"type":"Feature","geometry":{"type":"Point","coordinates":[16.3430261,48.1934063]},"properties":{"id":"bikerack:85a3094e-ee91-4db7-815e-a6af8e362f2b","kind":"bikerack","longitude":16.3430261,"latitude":48.1934063,"name":"Biciklitároló","city":"Vienna","address":null,"covered":false,"access":null,"website":null,"phone":null,"source":"OpenStreetMap/node/9084738303","sourceUpdatedAt":null,"verifiedAt":null}},{"type":"Feature","geometry":{"type":"Point","coordinates":[16.331613,48.1812638]},"properties":{"id":"bikerack:85bb688a-73c8-47ed-b120-38d16c3d507a","kind":"bikerack","longitude":16.331613,"latitude":48.1812638,"name":"Biciklitároló","city":"Vienna","address":null,"covered":false,"access":null,"website":null,"phone":null,"source":"OpenStreetMap/node/1957457353","sourceUpdatedAt":null,"verifiedAt":null}},{"type":"Feature","geometry":{"type":"Point","coordinates":[16.3378809,48.1742916]},"properties":{"id":"bikerack:86c30c7c-1da7-480f-a56b-06afd080e940","kind":"bikerack","longitude":16.3378809,"latitude":48.1742916,"name":"Biciklitároló","city":"Vienna","address":null,"covered":false,"access":null,"website":null,"phone":null,"source":"OpenStreetMap/node/6946278867","sourceUpdatedAt":null,"verifiedAt":null}},{"type":"Feature","geometry":{"type":"Point","coordinates":[16.3408602,48.1946038]},"properties":{"id":"bikerack:86e55ddd-3542-4916-8bf2-e8073b3e4a01","kind":"bikerack","longitude":16.3408602,"latitude":48.1946038,"name":"Biciklitároló","city":"Vienna","address":null,"covered":false,"access":null,"website":null,"phone":null,"source":"OpenStreetMap/node/4397634349","sourceUpdatedAt":null,"verifiedAt":null}},{"type":"Feature","geometry":{"type":"Point","coordinates":[16.3440257,48.1943041]},"properties":{"id":"bikerack:882b88f5-2310-426c-bf50-61bbe196ddf3","kind":"bikerack","longitude":16.3440257,"latitude":48.1943041,"name":"Biciklitároló","city":"Vienna","address":null,"covered":false,"access":null,"website":null,"phone":null,"source":"OpenStreetMap/node/8710102938","sourceUpdatedAt":null,"verifiedAt":null}},{"type":"Feature","geometry":{"type":"Point","coordinates":[16.3463035,48.1907087]},"properties":{"id":"bikerack:8835ca0b-ab81-4265-990d-a1c94433d01f","kind":"bikerack","longitude":16.3463035,"latitude":48.1907087,"name":"Biciklitároló","city":"Vienna","address":null,"covered":false,"access":null,"website":null,"phone":null,"source":"OpenStreetMap/node/9084676171","sourceUpdatedAt":null,"verifiedAt":null}},{"type":"Feature","geometry":{"type":"Point","coordinates":[16.3367818,48.1809272]},"properties":{"id":"bikerack:8889eb0b-0620-4537-818a-192a94b92090","kind":"bikerack","longitude":16.3367818,"latitude":48.1809272,"name":"Biciklitároló","city":"Vienna","address":null,"covered":false,"access":null,"website":null,"phone":null,"source":"OpenStreetMap/node/1957457344","sourceUpdatedAt":null,"verifiedAt":null}},{"type":"Feature","geometry":{"type":"Point","coordinates":[16.3346616,48.1946678]},"properties":{"id":"bikerack:899d64e7-2413-464c-b87d-24d5a2b10a15","kind":"bikerack","longitude":16.3346616,"latitude":48.1946678,"name":"Biciklitároló","city":"Vienna","address":null,"covered":false,"access":null,"website":null,"phone":null,"source":"OpenStreetMap/node/5335432099","sourceUpdatedAt":null,"verifiedAt":null}},{"type":"Feature","geometry":{"type":"Point","coordinates":[16.3455745,48.1930138]},"properties":{"id":"bikerack:8a087471-4eef-4e02-97a0-a997bfddb49d","kind":"bikerack","longitude":16.3455745,"latitude":48.1930138,"name":"Biciklitároló","city":"Vienna","address":null,"covered":false,"access":null,"website":null,"phone":null,"source":"OpenStreetMap/node/8890892105","sourceUpdatedAt":null,"verifiedAt":null}},{"type":"Feature","geometry":{"type":"Point","coordinates":[16.3429441,48.1896318]},"properties":{"id":"bikerack:8a70816a-9d1b-48c2-971a-012cff180eff","kind":"bikerack","longitude":16.3429441,"latitude":48.1896318,"name":"Biciklitároló","city":"Vienna","address":null,"covered":false,"access":null,"website":null,"phone":null,"source":"OpenStreetMap/node/9244614943","sourceUpdatedAt":null,"verifiedAt":null}},{"type":"Feature","geometry":{"type":"Point","coordinates":[16.3473852,48.1867365]},"properties":{"id":"bikerack:8fb2d7e3-0785-4f02-9532-f0c0c256fcd5","kind":"bikerack","longitude":16.3473852,"latitude":48.1867365,"name":"Biciklitároló","city":"Vienna","address":null,"covered":false,"access":null,"website":null,"phone":null,"source":"OpenStreetMap/node/13359156636","sourceUpdatedAt":null,"verifiedAt":null}},{"type":"Feature","geometry":{"type":"Point","coordinates":[16.336649,48.194762]},"properties":{"id":"bikerack:9093ba7d-80dd-4ea2-b325-9c0e9c51e157","kind":"bikerack","longitude":16.336649,"latitude":48.194762,"name":"Biciklitároló","city":"Vienna","address":null,"covered":false,"access":null,"website":null,"phone":null,"source":"OpenStreetMap/node/13281225648","sourceUpdatedAt":null,"verifiedAt":null}},{"type":"Feature","geometry":{"type":"Point","coordinates":[16.3470062,48.1896171]},"properties":{"id":"bikerack:90f7e8a2-f2fb-44d1-bdcc-9836ba27e6e7","kind":"bikerack","longitude":16.3470062,"latitude":48.1896171,"name":"Biciklitároló","city":"Vienna","address":null,"covered":false,"access":null,"website":null,"phone":null,"source":"OpenStreetMap/node/9244550191","sourceUpdatedAt":null,"verifiedAt":null}},{"type":"Feature","geometry":{"type":"Point","coordinates":[16.3054258,48.1898297]},"properties":{"id":"bikerack:9175ec0f-79f7-4267-ae42-ef98575b1990","kind":"bikerack","longitude":16.3054258,"latitude":48.1898297,"name":"Biciklitároló","city":"Vienna","address":null,"covered":false,"access":null,"website":null,"phone":null,"source":"OpenStreetMap/node/9041155747","sourceUpdatedAt":null,"verifiedAt":null}},{"type":"Feature","geometry":{"type":"Point","coordinates":[16.3276849,48.1772797]},"properties":{"id":"bikerack:9194f2a0-e1c7-4682-a186-8151ed68e514","kind":"bikerack","longitude":16.3276849,"latitude":48.1772797,"name":"Biciklitároló","city":"Vienna","address":null,"covered":false,"access":null,"website":null,"phone":null,"source":"OpenStreetMap/node/11224775973","sourceUpdatedAt":null,"verifiedAt":null}},{"type":"Feature","geometry":{"type":"Point","coordinates":[16.343395,48.1914051]},"properties":{"id":"bikerack:91f55e42-73a6-4d0d-a0e1-c853ff90c10b","kind":"bikerack","longitude":16.343395,"latitude":48.1914051,"name":"Biciklitároló","city":"Vienna","address":null,"covered":false,"access":null,"website":null,"phone":null,"source":"OpenStreetMap/node/11728490631","sourceUpdatedAt":null,"verifiedAt":null}},{"type":"Feature","geometry":{"type":"Point","coordinates":[16.3257024,48.1947744]},"properties":{"id":"bikerack:923f2ced-f006-44a7-8150-91166fe074e6","kind":"bikerack","longitude":16.3257024,"latitude":48.1947744,"name":"Biciklitároló","city":"Vienna","address":null,"covered":false,"access":null,"website":null,"phone":null,"source":"OpenStreetMap/node/13078294619","sourceUpdatedAt":null,"verifiedAt":null}},{"type":"Feature","geometry":{"type":"Point","coordinates":[16.3045769,48.1679229]},"properties":{"id":"bikerack:92a1526a-4222-4d56-8263-c8468fd94ac8","kind":"bikerack","longitude":16.3045769,"latitude":48.1679229,"name":"Biciklitároló","city":"Vosendorf","address":null,"covered":false,"access":null,"website":null,"phone":null,"source":"OpenStreetMap/node/1957471312","sourceUpdatedAt":null,"verifiedAt":null}},{"type":"Feature","geometry":{"type":"Point","coordinates":[16.3427193,48.1904429]},"properties":{"id":"bikerack:92e89dd0-b70b-4d1f-83fa-2fac811f6ccd","kind":"bikerack","longitude":16.3427193,"latitude":48.1904429,"name":"Biciklitároló","city":"Vienna","address":null,"covered":false,"access":null,"website":null,"phone":null,"source":"OpenStreetMap/node/13071372794","sourceUpdatedAt":null,"verifiedAt":null}},{"type":"Feature","geometry":{"type":"Point","coordinates":[16.3062008,48.1943987]},"properties":{"id":"bikerack:9413f8d0-f07f-4c85-9a2a-f9fffa1d2b57","kind":"bikerack","longitude":16.3062008,"latitude":48.1943987,"name":"Biciklitároló","city":"Vienna","address":null,"covered":false,"access":null,"website":null,"phone":null,"source":"OpenStreetMap/node/10224583170","sourceUpdatedAt":null,"verifiedAt":null}},{"type":"Feature","geometry":{"type":"Point","coordinates":[16.3472617,48.1932982]},"properties":{"id":"bikerack:955b5550-e86a-40cc-bd99-8cbd2c1f5c9e","kind":"bikerack","longitude":16.3472617,"latitude":48.1932982,"name":"Biciklitároló","city":"Vienna","address":null,"covered":false,"access":null,"website":null,"phone":null,"source":"OpenStreetMap/node/13071399214","sourceUpdatedAt":null,"verifiedAt":null}},{"type":"Feature","geometry":{"type":"Point","coordinates":[16.346076,48.1924861]},"properties":{"id":"bikerack:95803b6c-654e-48dc-96e5-739ea642d816","kind":"bikerack","longitude":16.346076,"latitude":48.1924861,"name":"Biciklitároló","city":"Vienna","address":null,"covered":false,"access":null,"website":null,"phone":null,"source":"OpenStreetMap/node/13195680026","sourceUpdatedAt":null,"verifiedAt":null}},{"type":"Feature","geometry":{"type":"Point","coordinates":[16.3372974,48.1799184]},"properties":{"id":"bikerack:95c52e19-3c91-44f9-b7ed-957b0d7841c1","kind":"bikerack","longitude":16.3372974,"latitude":48.1799184,"name":"Biciklitároló","city":"Vienna","address":null,"covered":false,"access":null,"website":null,"phone":null,"source":"OpenStreetMap/node/9778628451","sourceUpdatedAt":null,"verifiedAt":null}},{"type":"Feature","geometry":{"type":"Point","coordinates":[16.3079187,48.167407]},"properties":{"id":"bikerack:9643aed1-22a0-4e74-9d58-672499de3b5c","kind":"bikerack","longitude":16.3079187,"latitude":48.167407,"name":"Biciklitároló","city":"Vosendorf","address":null,"covered":false,"access":null,"website":null,"phone":null,"source":"OpenStreetMap/way/676597322","sourceUpdatedAt":null,"verifiedAt":null}},{"type":"Feature","geometry":{"type":"Point","coordinates":[16.315246,48.1950155]},"properties":{"id":"bikerack:969d660e-8ca6-48a3-aa91-6de10a64a7fe","kind":"bikerack","longitude":16.315246,"latitude":48.1950155,"name":"Biciklitároló","city":"Vienna","address":null,"covered":false,"access":null,"website":null,"phone":null,"source":"OpenStreetMap/node/10121454813","sourceUpdatedAt":null,"verifiedAt":null}},{"type":"Feature","geometry":{"type":"Point","coordinates":[16.3344873,48.1944183]},"properties":{"id":"bikerack:96a1171e-3896-48aa-af27-2f944b37101d","kind":"bikerack","longitude":16.3344873,"latitude":48.1944183,"name":"Biciklitároló","city":"Vienna","address":null,"covered":false,"access":null,"website":null,"phone":null,"source":"OpenStreetMap/node/5335432098","sourceUpdatedAt":null,"verifiedAt":null}},{"type":"Feature","geometry":{"type":"Point","coordinates":[16.3403301,48.1893985]},"properties":{"id":"bikerack:97aec406-1c01-4101-a7dc-27d44c515d70","kind":"bikerack","longitude":16.3403301,"latitude":48.1893985,"name":"Biciklitároló","city":"Vienna","address":null,"covered":false,"access":null,"website":null,"phone":null,"source":"OpenStreetMap/node/13071372789","sourceUpdatedAt":null,"verifiedAt":null}},{"type":"Feature","geometry":{"type":"Point","coordinates":[16.3221314,48.1938217]},"properties":{"id":"bikerack:98ffb421-1124-4705-ad46-4faa6f537cc0","kind":"bikerack","longitude":16.3221314,"latitude":48.1938217,"name":"Biciklitároló","city":"Vienna","address":null,"covered":false,"access":null,"website":null,"phone":null,"source":"OpenStreetMap/node/13078294606","sourceUpdatedAt":null,"verifiedAt":null}},{"type":"Feature","geometry":{"type":"Point","coordinates":[16.3302457,48.1762566]},"properties":{"id":"bikerack:99afc0a2-ab04-4ae3-83fb-048f6e1cc360","kind":"bikerack","longitude":16.3302457,"latitude":48.1762566,"name":"Biciklitároló","city":"Vienna","address":null,"covered":false,"access":null,"website":null,"phone":null,"source":"OpenStreetMap/node/1957457326","sourceUpdatedAt":null,"verifiedAt":null}},{"type":"Feature","geometry":{"type":"Point","coordinates":[16.3357783,48.1852352]},"properties":{"id":"bikerack:9a24cd57-2b33-4159-83e6-b90cbff5bacd","kind":"bikerack","longitude":16.3357783,"latitude":48.1852352,"name":"Biciklitároló","city":"Vienna","address":null,"covered":false,"access":null,"website":null,"phone":null,"source":"OpenStreetMap/node/1049271209","sourceUpdatedAt":null,"verifiedAt":null}},{"type":"Feature","geometry":{"type":"Point","coordinates":[16.3409338,48.1911438]},"properties":{"id":"bikerack:9a429e1d-65d0-4a8e-9ee7-f212a7fdd109","kind":"bikerack","longitude":16.3409338,"latitude":48.1911438,"name":"Biciklitároló","city":"Vienna","address":null,"covered":false,"access":null,"website":null,"phone":null,"source":"OpenStreetMap/node/13098511611","sourceUpdatedAt":null,"verifiedAt":null}},{"type":"Feature","geometry":{"type":"Point","coordinates":[16.3343745,48.1843309]},"properties":{"id":"bikerack:9a79eafc-24f0-4072-bf83-d1ecfaf1b2d3","kind":"bikerack","longitude":16.3343745,"latitude":48.1843309,"name":"Biciklitároló","city":"Vienna","address":null,"covered":true,"access":null,"website":null,"phone":null,"source":"OpenStreetMap/node/7655348329","sourceUpdatedAt":null,"verifiedAt":null}},{"type":"Feature","geometry":{"type":"Point","coordinates":[16.3432696,48.1861509]},"properties":{"id":"bikerack:9ab7862c-7862-4c31-843f-b9f9524b8878","kind":"bikerack","longitude":16.3432696,"latitude":48.1861509,"name":"Biciklitároló","city":"Vienna","address":null,"covered":false,"access":null,"website":null,"phone":null,"source":"OpenStreetMap/node/7507844659","sourceUpdatedAt":null,"verifiedAt":null}},{"type":"Feature","geometry":{"type":"Point","coordinates":[16.3385969,48.1844754]},"properties":{"id":"bikerack:9b81be02-2537-43a2-9a97-dfe100c406a7","kind":"bikerack","longitude":16.3385969,"latitude":48.1844754,"name":"Biciklitároló","city":"Vienna","address":null,"covered":false,"access":null,"website":null,"phone":null,"source":"OpenStreetMap/node/9855940547","sourceUpdatedAt":null,"verifiedAt":null}},{"type":"Feature","geometry":{"type":"Point","coordinates":[16.311588,48.1672256]},"properties":{"id":"bikerack:9c33db6c-7905-4998-b50b-6fc8fbdcdd36","kind":"bikerack","longitude":16.311588,"latitude":48.1672256,"name":"Biciklitároló","city":"Vosendorf","address":null,"covered":false,"access":null,"website":null,"phone":null,"source":"OpenStreetMap/node/8483103417","sourceUpdatedAt":null,"verifiedAt":null}},{"type":"Feature","geometry":{"type":"Point","coordinates":[16.3475384,48.1847332]},"properties":{"id":"bikerack:9c9aa449-3584-42b6-85a5-75e0506f9c42","kind":"bikerack","longitude":16.3475384,"latitude":48.1847332,"name":"Biciklitároló","city":"Vienna","address":null,"covered":false,"access":null,"website":null,"phone":null,"source":"OpenStreetMap/node/13657111909","sourceUpdatedAt":null,"verifiedAt":null}},{"type":"Feature","geometry":{"type":"Point","coordinates":[16.3446728,48.1905244]},"properties":{"id":"bikerack:9d1c9050-b8d2-48fe-ab03-7be410b1326d","kind":"bikerack","longitude":16.3446728,"latitude":48.1905244,"name":"Biciklitároló","city":"Vienna","address":null,"covered":false,"access":null,"website":null,"phone":null,"source":"OpenStreetMap/node/9084696703","sourceUpdatedAt":null,"verifiedAt":null}},{"type":"Feature","geometry":{"type":"Point","coordinates":[16.3449846,48.1875118]},"properties":{"id":"bikerack:9d752efe-0f25-4376-909c-ef177b1188a2","kind":"bikerack","longitude":16.3449846,"latitude":48.1875118,"name":"Biciklitároló","city":"Vienna","address":null,"covered":false,"access":null,"website":null,"phone":null,"source":"OpenStreetMap/node/12914060912","sourceUpdatedAt":null,"verifiedAt":null}},{"type":"Feature","geometry":{"type":"Point","coordinates":[16.3417172,48.1950558]},"properties":{"id":"bikerack:9ed8f75a-ea7c-4628-a18b-30f7570e0924","kind":"bikerack","longitude":16.3417172,"latitude":48.1950558,"name":"Biciklitároló","city":"Vienna","address":null,"covered":false,"access":null,"website":null,"phone":null,"source":"OpenStreetMap/node/9084746055","sourceUpdatedAt":null,"verifiedAt":null}},{"type":"Feature","geometry":{"type":"Point","coordinates":[16.3284239,48.183694]},"properties":{"id":"bikerack:9f4f5cdf-73e4-4aa1-b62d-d8f989299d2b","kind":"bikerack","longitude":16.3284239,"latitude":48.183694,"name":"Biciklitároló","city":"Vienna","address":null,"covered":false,"access":null,"website":null,"phone":null,"source":"OpenStreetMap/node/1957457376","sourceUpdatedAt":null,"verifiedAt":null}},{"type":"Feature","geometry":{"type":"Point","coordinates":[16.3150823,48.1948998]},"properties":{"id":"bikerack:9f5d051f-2f62-4074-8d36-bf7c7ed2d7d2","kind":"bikerack","longitude":16.3150823,"latitude":48.1948998,"name":"Biciklitároló","city":"Vienna","address":null,"covered":false,"access":null,"website":null,"phone":null,"source":"OpenStreetMap/node/10121455094","sourceUpdatedAt":null,"verifiedAt":null}},{"type":"Feature","geometry":{"type":"Point","coordinates":[16.3267026,48.1913392]},"properties":{"id":"bikerack:9fe36504-289b-4b60-b301-5ac2327eb0a1","kind":"bikerack","longitude":16.3267026,"latitude":48.1913392,"name":"Biciklitároló","city":"Vienna","address":null,"covered":false,"access":null,"website":null,"phone":null,"source":"OpenStreetMap/node/7659447501","sourceUpdatedAt":null,"verifiedAt":null}},{"type":"Feature","geometry":{"type":"Point","coordinates":[16.3433193,48.1897563]},"properties":{"id":"bikerack:a0825238-3703-4d29-8f99-da14c01910eb","kind":"bikerack","longitude":16.3433193,"latitude":48.1897563,"name":"Biciklitároló","city":"Vienna","address":null,"covered":false,"access":null,"website":null,"phone":null,"source":"OpenStreetMap/node/9244612437","sourceUpdatedAt":null,"verifiedAt":null}},{"type":"Feature","geometry":{"type":"Point","coordinates":[16.3418183,48.1791015]},"properties":{"id":"bikerack:a089f690-9dd8-4e49-929c-aae8f6c9689e","kind":"bikerack","longitude":16.3418183,"latitude":48.1791015,"name":"Biciklitároló","city":"Vienna","address":null,"covered":false,"access":null,"website":null,"phone":null,"source":"OpenStreetMap/node/9947648208","sourceUpdatedAt":null,"verifiedAt":null}},{"type":"Feature","geometry":{"type":"Point","coordinates":[16.3160165,48.1669242]},"properties":{"id":"bikerack:a18f1830-dad7-4b53-accd-ab83108bd0d9","kind":"bikerack","longitude":16.3160165,"latitude":48.1669242,"name":"Biciklitároló","city":"Vosendorf","address":null,"covered":false,"access":null,"website":null,"phone":null,"source":"OpenStreetMap/node/1957471305","sourceUpdatedAt":null,"verifiedAt":null}},{"type":"Feature","geometry":{"type":"Point","coordinates":[16.3469463,48.1910326]},"properties":{"id":"bikerack:a1c2e524-2977-4b94-b3b4-f18ce6729316","kind":"bikerack","longitude":16.3469463,"latitude":48.1910326,"name":"Biciklitároló","city":"Vienna","address":null,"covered":false,"access":null,"website":null,"phone":null,"source":"OpenStreetMap/node/8890921820","sourceUpdatedAt":null,"verifiedAt":null}},{"type":"Feature","geometry":{"type":"Point","coordinates":[16.3328145,48.1854875]},"properties":{"id":"bikerack:a2e3d3ab-f69e-48b8-ae09-69efb1d04f06","kind":"bikerack","longitude":16.3328145,"latitude":48.1854875,"name":"Biciklitároló","city":"Vienna","address":null,"covered":false,"access":null,"website":null,"phone":null,"source":"OpenStreetMap/node/9139996082","sourceUpdatedAt":null,"verifiedAt":null}},{"type":"Feature","geometry":{"type":"Point","coordinates":[16.3431433,48.1892986]},"properties":{"id":"bikerack:a3117243-2f2a-483a-b774-07ea933d579d","kind":"bikerack","longitude":16.3431433,"latitude":48.1892986,"name":"Biciklitároló","city":"Vienna","address":null,"covered":false,"access":null,"website":null,"phone":null,"source":"OpenStreetMap/node/13071399201","sourceUpdatedAt":null,"verifiedAt":null}},{"type":"Feature","geometry":{"type":"Point","coordinates":[16.34233,48.179824]},"properties":{"id":"bikerack:a34fee90-5c21-4a3a-8a52-78d474a8b568","kind":"bikerack","longitude":16.34233,"latitude":48.179824,"name":"Biciklitároló","city":"Vienna","address":null,"covered":false,"access":null,"website":null,"phone":null,"source":"OpenStreetMap/node/9947648209","sourceUpdatedAt":null,"verifiedAt":null}},{"type":"Feature","geometry":{"type":"Point","coordinates":[16.3222931,48.1951634]},"properties":{"id":"bikerack:a3d4b85d-e775-466f-8449-02c947054b8c","kind":"bikerack","longitude":16.3222931,"latitude":48.1951634,"name":"Biciklitároló","city":"Vienna","address":null,"covered":false,"access":null,"website":null,"phone":null,"source":"OpenStreetMap/node/13078445323","sourceUpdatedAt":null,"verifiedAt":null}},{"type":"Feature","geometry":{"type":"Point","coordinates":[16.3176644,48.1943485]},"properties":{"id":"bikerack:a5781758-5e28-46e9-9789-e13bfdba988a","kind":"bikerack","longitude":16.3176644,"latitude":48.1943485,"name":"Biciklitároló","city":"Vienna","address":null,"covered":false,"access":null,"website":null,"phone":null,"source":"OpenStreetMap/node/8572529877","sourceUpdatedAt":null,"verifiedAt":null}},{"type":"Feature","geometry":{"type":"Point","coordinates":[16.3475892,48.1798089]},"properties":{"id":"bikerack:a57a25a3-8a08-41dd-80e2-47f413d7ec34","kind":"bikerack","longitude":16.3475892,"latitude":48.1798089,"name":"Biciklitároló","city":"Vienna","address":null,"covered":true,"access":null,"website":null,"phone":null,"source":"OpenStreetMap/node/13603337140","sourceUpdatedAt":null,"verifiedAt":null}},{"type":"Feature","geometry":{"type":"Point","coordinates":[16.3305384,48.1705075]},"properties":{"id":"bikerack:a5aecbaf-e425-4a27-904c-2222fd98986d","kind":"bikerack","longitude":16.3305384,"latitude":48.1705075,"name":"Biciklitároló","city":"Vosendorf","address":null,"covered":false,"access":null,"website":null,"phone":null,"source":"OpenStreetMap/node/5250481101","sourceUpdatedAt":null,"verifiedAt":null}},{"type":"Feature","geometry":{"type":"Point","coordinates":[16.345428,48.1841535]},"properties":{"id":"bikerack:a5c50c05-cab0-4d16-9e7e-ca9a336d820f","kind":"bikerack","longitude":16.345428,"latitude":48.1841535,"name":"Biciklitároló","city":"Vienna","address":null,"covered":false,"access":null,"website":null,"phone":null,"source":"OpenStreetMap/node/11682582598","sourceUpdatedAt":null,"verifiedAt":null}},{"type":"Feature","geometry":{"type":"Point","coordinates":[16.3302595,48.1802159]},"properties":{"id":"bikerack:a63bea52-c7d4-4038-abdc-96ebe3036262","kind":"bikerack","longitude":16.3302595,"latitude":48.1802159,"name":"Biciklitároló","city":"Vienna","address":null,"covered":false,"access":null,"website":null,"phone":null,"source":"OpenStreetMap/node/12862079704","sourceUpdatedAt":null,"verifiedAt":null}},{"type":"Feature","geometry":{"type":"Point","coordinates":[16.3313091,48.186762]},"properties":{"id":"bikerack:a6651bd9-4024-4eb9-8904-7cec53a0f75b","kind":"bikerack","longitude":16.3313091,"latitude":48.186762,"name":"Biciklitároló","city":"Vienna","address":null,"covered":false,"access":null,"website":null,"phone":null,"source":"OpenStreetMap/node/9139993360","sourceUpdatedAt":null,"verifiedAt":null}},{"type":"Feature","geometry":{"type":"Point","coordinates":[16.3464282,48.1869648]},"properties":{"id":"bikerack:a678c205-94b1-4c09-8a5c-f5d3c41ba215","kind":"bikerack","longitude":16.3464282,"latitude":48.1869648,"name":"Biciklitároló","city":"Vienna","address":null,"covered":false,"access":null,"website":null,"phone":null,"source":"OpenStreetMap/node/9889395411","sourceUpdatedAt":null,"verifiedAt":null}},{"type":"Feature","geometry":{"type":"Point","coordinates":[16.3045216,48.1879754]},"properties":{"id":"bikerack:a6a82503-499c-4080-9d5f-8a1f99fa2a1b","kind":"bikerack","longitude":16.3045216,"latitude":48.1879754,"name":"Biciklitároló","city":"Vienna","address":null,"covered":false,"access":null,"website":null,"phone":null,"source":"OpenStreetMap/node/11834963447","sourceUpdatedAt":null,"verifiedAt":null}},{"type":"Feature","geometry":{"type":"Point","coordinates":[16.3414062,48.1915975]},"properties":{"id":"bikerack:a6c794b0-fe61-4f57-b2c1-31f337350998","kind":"bikerack","longitude":16.3414062,"latitude":48.1915975,"name":"Biciklitároló","city":"Vienna","address":null,"covered":false,"access":null,"website":null,"phone":null,"source":"OpenStreetMap/node/13098511610","sourceUpdatedAt":null,"verifiedAt":null}},{"type":"Feature","geometry":{"type":"Point","coordinates":[16.3453552,48.1793562]},"properties":{"id":"bikerack:a6f8a8d9-3232-48a1-8d4f-5affdd2580da","kind":"bikerack","longitude":16.3453552,"latitude":48.1793562,"name":"Biciklitároló","city":"Vienna","address":null,"covered":false,"access":null,"website":null,"phone":null,"source":"OpenStreetMap/node/11057253261","sourceUpdatedAt":null,"verifiedAt":null}},{"type":"Feature","geometry":{"type":"Point","coordinates":[16.3446647,48.1671147]},"properties":{"id":"bikerack:a8ef461c-40e3-4d21-9a99-9056e0848ee7","kind":"bikerack","longitude":16.3446647,"latitude":48.1671147,"name":"Biciklitároló","city":"Vosendorf","address":null,"covered":false,"access":null,"website":null,"phone":null,"source":"OpenStreetMap/node/12085260806","sourceUpdatedAt":null,"verifiedAt":null}},{"type":"Feature","geometry":{"type":"Point","coordinates":[16.3159022,48.1672072]},"properties":{"id":"bikerack:aa3121ca-b72f-46be-a25a-1c7441287e6d","kind":"bikerack","longitude":16.3159022,"latitude":48.1672072,"name":"Biciklitároló","city":"Vosendorf","address":null,"covered":false,"access":null,"website":null,"phone":null,"source":"OpenStreetMap/node/1957471309","sourceUpdatedAt":null,"verifiedAt":null}},{"type":"Feature","geometry":{"type":"Point","coordinates":[16.3363006,48.169648]},"properties":{"id":"bikerack:aa466b03-0eac-4fba-a498-da104d95c48e","kind":"bikerack","longitude":16.3363006,"latitude":48.169648,"name":"Biciklitároló","city":"Vosendorf","address":null,"covered":false,"access":null,"website":null,"phone":null,"source":"OpenStreetMap/node/13119949949","sourceUpdatedAt":null,"verifiedAt":null}},{"type":"Feature","geometry":{"type":"Point","coordinates":[16.344085,48.1943389]},"properties":{"id":"bikerack:aa81fdfa-e57e-4e00-88b2-d1da42a789bd","kind":"bikerack","longitude":16.344085,"latitude":48.1943389,"name":"Biciklitároló","city":"Vienna","address":null,"covered":false,"access":null,"website":null,"phone":null,"source":"OpenStreetMap/node/8710105275","sourceUpdatedAt":null,"verifiedAt":null}},{"type":"Feature","geometry":{"type":"Point","coordinates":[16.3185889,48.194014]},"properties":{"id":"bikerack:aadaf476-e613-4b5f-bc17-b53d3d54208e","kind":"bikerack","longitude":16.3185889,"latitude":48.194014,"name":"Biciklitároló","city":"Vienna","address":null,"covered":false,"access":null,"website":null,"phone":null,"source":"OpenStreetMap/node/13078315786","sourceUpdatedAt":null,"verifiedAt":null}},{"type":"Feature","geometry":{"type":"Point","coordinates":[16.3265842,48.1909495]},"properties":{"id":"bikerack:abde0613-45c8-431a-9e1e-895f7034ba60","kind":"bikerack","longitude":16.3265842,"latitude":48.1909495,"name":"Biciklitároló","city":"Vienna","address":null,"covered":false,"access":null,"website":null,"phone":null,"source":"OpenStreetMap/node/11330028094","sourceUpdatedAt":null,"verifiedAt":null}},{"type":"Feature","geometry":{"type":"Point","coordinates":[16.3216833,48.182573]},"properties":{"id":"bikerack:ac5c4206-0fa0-4f0c-a8eb-52779ebb9796","kind":"bikerack","longitude":16.3216833,"latitude":48.182573,"name":"Biciklitároló","city":"Vienna","address":null,"covered":false,"access":null,"website":null,"phone":null,"source":"OpenStreetMap/node/1957457362","sourceUpdatedAt":null,"verifiedAt":null}},{"type":"Feature","geometry":{"type":"Point","coordinates":[16.3127901,48.1893234]},"properties":{"id":"bikerack:ac96701c-8541-4eb1-bff0-59e2477b5507","kind":"bikerack","longitude":16.3127901,"latitude":48.1893234,"name":"Biciklitároló","city":"Vienna","address":null,"covered":false,"access":null,"website":null,"phone":null,"source":"OpenStreetMap/node/9041110279","sourceUpdatedAt":null,"verifiedAt":null}},{"type":"Feature","geometry":{"type":"Point","coordinates":[16.3294606,48.1807848]},"properties":{"id":"bikerack:ad1d8aef-d683-4b35-b1d0-5293f2c7b242","kind":"bikerack","longitude":16.3294606,"latitude":48.1807848,"name":"Biciklitároló","city":"Vienna","address":null,"covered":false,"access":null,"website":null,"phone":null,"source":"OpenStreetMap/node/10563148023","sourceUpdatedAt":null,"verifiedAt":null}},{"type":"Feature","geometry":{"type":"Point","coordinates":[16.3199839,48.1858371]},"properties":{"id":"bikerack:af2ef7ed-f6e0-4ce6-96c7-e047ed7d28e1","kind":"bikerack","longitude":16.3199839,"latitude":48.1858371,"name":"Biciklitároló","city":"Vienna","address":null,"covered":false,"access":null,"website":null,"phone":null,"source":"OpenStreetMap/node/1957457384","sourceUpdatedAt":null,"verifiedAt":null}},{"type":"Feature","geometry":{"type":"Point","coordinates":[16.3455896,48.1906938]},"properties":{"id":"bikerack:af4aa993-11ce-464e-8a6c-f78edfdb66b2","kind":"bikerack","longitude":16.3455896,"latitude":48.1906938,"name":"Biciklitároló","city":"Vienna","address":null,"covered":false,"access":null,"website":null,"phone":null,"source":"OpenStreetMap/node/5030397722","sourceUpdatedAt":null,"verifiedAt":null}},{"type":"Feature","geometry":{"type":"Point","coordinates":[16.3416887,48.1774499]},"properties":{"id":"bikerack:b09ec9e2-d616-45ac-8441-dfb8866b2d6d","kind":"bikerack","longitude":16.3416887,"latitude":48.1774499,"name":"Biciklitároló","city":"Vienna","address":null,"covered":false,"access":null,"website":null,"phone":null,"source":"OpenStreetMap/node/11383273975","sourceUpdatedAt":null,"verifiedAt":null}},{"type":"Feature","geometry":{"type":"Point","coordinates":[16.3473254,48.179711]},"properties":{"id":"bikerack:b1162dc6-5fd2-4473-aefb-66b516c42479","kind":"bikerack","longitude":16.3473254,"latitude":48.179711,"name":"Biciklitároló","city":"Vienna","address":null,"covered":false,"access":null,"website":null,"phone":null,"source":"OpenStreetMap/node/11961288948","sourceUpdatedAt":null,"verifiedAt":null}},{"type":"Feature","geometry":{"type":"Point","coordinates":[16.321466,48.1945812]},"properties":{"id":"bikerack:b17867d7-0beb-4c6b-a6ce-08e2046e6c2c","kind":"bikerack","longitude":16.321466,"latitude":48.1945812,"name":"Biciklitároló","city":"Vienna","address":null,"covered":false,"access":null,"website":null,"phone":null,"source":"OpenStreetMap/node/8572547141","sourceUpdatedAt":null,"verifiedAt":null}},{"type":"Feature","geometry":{"type":"Point","coordinates":[16.3366764,48.1782062]},"properties":{"id":"bikerack:b25ba04d-c8c9-4caa-a283-0239c97307b0","kind":"bikerack","longitude":16.3366764,"latitude":48.1782062,"name":"Biciklitároló","city":"Vienna","address":null,"covered":false,"access":null,"website":null,"phone":null,"source":"OpenStreetMap/node/10574520574","sourceUpdatedAt":null,"verifiedAt":null}},{"type":"Feature","geometry":{"type":"Point","coordinates":[16.3176527,48.1750948]},"properties":{"id":"bikerack:b2b6c106-9f3d-47ce-a5b2-49c8f43822ee","kind":"bikerack","longitude":16.3176527,"latitude":48.1750948,"name":"Biciklitároló","city":"Vosendorf","address":null,"covered":false,"access":null,"website":null,"phone":null,"source":"OpenStreetMap/node/7559353793","sourceUpdatedAt":null,"verifiedAt":null}},{"type":"Feature","geometry":{"type":"Point","coordinates":[16.3290073,48.1831922]},"properties":{"id":"bikerack:b2fef069-929c-4cd7-9ebf-67a748d8a37c","kind":"bikerack","longitude":16.3290073,"latitude":48.1831922,"name":"Biciklitároló","city":"Vienna","address":null,"covered":false,"access":null,"website":null,"phone":null,"source":"OpenStreetMap/node/10863718277","sourceUpdatedAt":null,"verifiedAt":null}},{"type":"Feature","geometry":{"type":"Point","coordinates":[16.3154661,48.194878]},"properties":{"id":"bikerack:b48f028c-067a-4b0a-9395-384cc50e758f","kind":"bikerack","longitude":16.3154661,"latitude":48.194878,"name":"Biciklitároló","city":"Vienna","address":null,"covered":false,"access":null,"website":null,"phone":null,"source":"OpenStreetMap/node/13078397856","sourceUpdatedAt":null,"verifiedAt":null}},{"type":"Feature","geometry":{"type":"Point","coordinates":[16.3336216,48.170059]},"properties":{"id":"bikerack:b5538d18-38eb-48ff-ae70-56a6627efc8b","kind":"bikerack","longitude":16.3336216,"latitude":48.170059,"name":"Biciklitároló","city":"Vosendorf","address":null,"covered":false,"access":null,"website":null,"phone":null,"source":"OpenStreetMap/node/5250481430","sourceUpdatedAt":null,"verifiedAt":null}},{"type":"Feature","geometry":{"type":"Point","coordinates":[16.3475782,48.1931275]},"properties":{"id":"bikerack:b64850fa-4d26-43b1-9760-7a3aa7b80a5a","kind":"bikerack","longitude":16.3475782,"latitude":48.1931275,"name":"Biciklitároló","city":"Vienna","address":null,"covered":false,"access":null,"website":null,"phone":null,"source":"OpenStreetMap/node/13071399213","sourceUpdatedAt":null,"verifiedAt":null}},{"type":"Feature","geometry":{"type":"Point","coordinates":[16.3343083,48.1943006]},"properties":{"id":"bikerack:b6b75a0f-4974-4062-b494-62bc3bad6cd4","kind":"bikerack","longitude":16.3343083,"latitude":48.1943006,"name":"Biciklitároló","city":"Vienna","address":null,"covered":false,"access":null,"website":null,"phone":null,"source":"OpenStreetMap/node/5335432097","sourceUpdatedAt":null,"verifiedAt":null}},{"type":"Feature","geometry":{"type":"Point","coordinates":[16.3429229,48.1919854]},"properties":{"id":"bikerack:b74dad3d-6294-48a5-9867-3604993d5c10","kind":"bikerack","longitude":16.3429229,"latitude":48.1919854,"name":"Biciklitároló","city":"Vienna","address":null,"covered":false,"access":null,"website":null,"phone":null,"source":"OpenStreetMap/node/11728490634","sourceUpdatedAt":null,"verifiedAt":null}},{"type":"Feature","geometry":{"type":"Point","coordinates":[16.333421,48.1896283]},"properties":{"id":"bikerack:b7791e4f-39de-489a-b902-6bee9d00a171","kind":"bikerack","longitude":16.333421,"latitude":48.1896283,"name":"Biciklitároló","city":"Vienna","address":null,"covered":false,"access":null,"website":null,"phone":null,"source":"OpenStreetMap/node/13195888471","sourceUpdatedAt":null,"verifiedAt":null}},{"type":"Feature","geometry":{"type":"Point","coordinates":[16.3115434,48.1898932]},"properties":{"id":"bikerack:b792123a-bb7f-4856-8c8f-4e34cfd187ba","kind":"bikerack","longitude":16.3115434,"latitude":48.1898932,"name":"Biciklitároló","city":"Vienna","address":null,"covered":false,"access":null,"website":null,"phone":null,"source":"OpenStreetMap/node/9041168297","sourceUpdatedAt":null,"verifiedAt":null}},{"type":"Feature","geometry":{"type":"Point","coordinates":[16.3412071,48.1922769]},"properties":{"id":"bikerack:b7c9aa5b-418b-4371-ae1e-479da243568e","kind":"bikerack","longitude":16.3412071,"latitude":48.1922769,"name":"Biciklitároló","city":"Vienna","address":null,"covered":false,"access":null,"website":null,"phone":null,"source":"OpenStreetMap/node/13098585775","sourceUpdatedAt":null,"verifiedAt":null}},{"type":"Feature","geometry":{"type":"Point","coordinates":[16.3241334,48.190665]},"properties":{"id":"bikerack:b80d7f64-8070-4de6-9aa1-87715ab8c91f","kind":"bikerack","longitude":16.3241334,"latitude":48.190665,"name":"Biciklitároló","city":"Vienna","address":null,"covered":false,"access":null,"website":null,"phone":null,"source":"OpenStreetMap/node/7659447494","sourceUpdatedAt":null,"verifiedAt":null}},{"type":"Feature","geometry":{"type":"Point","coordinates":[16.3127396,48.1931201]},"properties":{"id":"bikerack:b83edfb0-4ef3-4d50-97c6-79b84b602096","kind":"bikerack","longitude":16.3127396,"latitude":48.1931201,"name":"Biciklitároló","city":"Vienna","address":null,"covered":false,"access":null,"website":null,"phone":null,"source":"OpenStreetMap/node/8267757804","sourceUpdatedAt":null,"verifiedAt":null}},{"type":"Feature","geometry":{"type":"Point","coordinates":[16.3058956,48.1918536]},"properties":{"id":"bikerack:b87c181f-5a1b-46de-87b7-c808f04e0265","kind":"bikerack","longitude":16.3058956,"latitude":48.1918536,"name":"Biciklitároló","city":"Vienna","address":null,"covered":false,"access":null,"website":null,"phone":null,"source":"OpenStreetMap/node/1236169631","sourceUpdatedAt":null,"verifiedAt":null}},{"type":"Feature","geometry":{"type":"Point","coordinates":[16.3385775,48.1940575]},"properties":{"id":"bikerack:b8824791-cc6c-445f-97ec-bfb768bb35f1","kind":"bikerack","longitude":16.3385775,"latitude":48.1940575,"name":"Biciklitároló","city":"Vienna","address":null,"covered":false,"access":null,"website":null,"phone":null,"source":"OpenStreetMap/node/9803892917","sourceUpdatedAt":null,"verifiedAt":null}},{"type":"Feature","geometry":{"type":"Point","coordinates":[16.3046081,48.1952673]},"properties":{"id":"bikerack:b9c9aecc-8fb3-4854-a089-a21c9709c1fd","kind":"bikerack","longitude":16.3046081,"latitude":48.1952673,"name":"Biciklitároló","city":"Vienna","address":null,"covered":false,"access":null,"website":null,"phone":null,"source":"OpenStreetMap/node/7559072045","sourceUpdatedAt":null,"verifiedAt":null}},{"type":"Feature","geometry":{"type":"Point","coordinates":[16.3325779,48.1809517]},"properties":{"id":"bikerack:ba227ff4-968a-40ed-9478-da929f278cc2","kind":"bikerack","longitude":16.3325779,"latitude":48.1809517,"name":"Biciklitároló","city":"Vienna","address":null,"covered":false,"access":null,"website":null,"phone":null,"source":"OpenStreetMap/node/1957457342","sourceUpdatedAt":null,"verifiedAt":null}},{"type":"Feature","geometry":{"type":"Point","coordinates":[16.3453848,48.1953451]},"properties":{"id":"bikerack:bae3997b-4f73-4b1f-875f-9dceee5b70a9","kind":"bikerack","longitude":16.3453848,"latitude":48.1953451,"name":"Biciklitároló","city":"Vienna","address":null,"covered":false,"access":null,"website":null,"phone":null,"source":"OpenStreetMap/node/10965713375","sourceUpdatedAt":null,"verifiedAt":null}},{"type":"Feature","geometry":{"type":"Point","coordinates":[16.3302848,48.1761603]},"properties":{"id":"bikerack:bcf890ec-7244-43c0-926d-4bcd13b0c5a0","kind":"bikerack","longitude":16.3302848,"latitude":48.1761603,"name":"Biciklitároló","city":"Vienna","address":null,"covered":false,"access":null,"website":null,"phone":null,"source":"OpenStreetMap/node/10171243989","sourceUpdatedAt":null,"verifiedAt":null}},{"type":"Feature","geometry":{"type":"Point","coordinates":[16.3450812,48.1933599]},"properties":{"id":"bikerack:bd14e891-dee0-493f-a927-d8e924a2390a","kind":"bikerack","longitude":16.3450812,"latitude":48.1933599,"name":"Biciklitároló","city":"Vienna","address":null,"covered":false,"access":null,"website":null,"phone":null,"source":"OpenStreetMap/node/13056711590","sourceUpdatedAt":null,"verifiedAt":null}},{"type":"Feature","geometry":{"type":"Point","coordinates":[16.3447494,48.1879603]},"properties":{"id":"bikerack:bd33b9c8-cbe3-40cf-94dc-9b4c69800e5a","kind":"bikerack","longitude":16.3447494,"latitude":48.1879603,"name":"Biciklitároló","city":"Vienna","address":null,"covered":false,"access":null,"website":null,"phone":null,"source":"OpenStreetMap/node/4603998622","sourceUpdatedAt":null,"verifiedAt":null}},{"type":"Feature","geometry":{"type":"Point","coordinates":[16.3148268,48.1768868]},"properties":{"id":"bikerack:bdaf1025-ec6a-4bca-9174-304556359807","kind":"bikerack","longitude":16.3148268,"latitude":48.1768868,"name":"Biciklitároló","city":"Vosendorf","address":null,"covered":false,"access":null,"website":null,"phone":null,"source":"OpenStreetMap/node/925174519","sourceUpdatedAt":null,"verifiedAt":null}},{"type":"Feature","geometry":{"type":"Point","coordinates":[16.344684,48.1901128]},"properties":{"id":"bikerack:bdbc3887-3bcd-481f-8b7b-225adcb88831","kind":"bikerack","longitude":16.344684,"latitude":48.1901128,"name":"Biciklitároló","city":"Vienna","address":null,"covered":false,"access":null,"website":null,"phone":null,"source":"OpenStreetMap/node/9889396828","sourceUpdatedAt":null,"verifiedAt":null}},{"type":"Feature","geometry":{"type":"Point","coordinates":[16.3358575,48.1832878]},"properties":{"id":"bikerack:beaaab29-3979-4872-ba23-bbed63fe3219","kind":"bikerack","longitude":16.3358575,"latitude":48.1832878,"name":"Biciklitároló","city":"Vienna","address":null,"covered":false,"access":null,"website":null,"phone":null,"source":"OpenStreetMap/node/8219440518","sourceUpdatedAt":null,"verifiedAt":null}},{"type":"Feature","geometry":{"type":"Point","coordinates":[16.333894,48.1764365]},"properties":{"id":"bikerack:bf3f821b-d3d2-42e5-a15b-4a4fad742f4c","kind":"bikerack","longitude":16.333894,"latitude":48.1764365,"name":"Biciklitároló","city":"Vienna","address":null,"covered":false,"access":null,"website":null,"phone":null,"source":"OpenStreetMap/node/10574520572","sourceUpdatedAt":null,"verifiedAt":null}},{"type":"Feature","geometry":{"type":"Point","coordinates":[16.3254245,48.1801569]},"properties":{"id":"bikerack:bfd40d27-f447-4de1-93de-8222e4e8175b","kind":"bikerack","longitude":16.3254245,"latitude":48.1801569,"name":"Biciklitároló","city":"Vienna","address":null,"covered":false,"access":null,"website":null,"phone":null,"source":"OpenStreetMap/node/7732451830","sourceUpdatedAt":null,"verifiedAt":null}},{"type":"Feature","geometry":{"type":"Point","coordinates":[16.3295739,48.1861]},"properties":{"id":"bikerack:c12270e4-f2e5-46d4-8dbe-977745e8cef5","kind":"bikerack","longitude":16.3295739,"latitude":48.1861,"name":"Biciklitároló","city":"Vienna","address":null,"covered":false,"access":null,"website":null,"phone":null,"source":"OpenStreetMap/node/7205536285","sourceUpdatedAt":null,"verifiedAt":null}},{"type":"Feature","geometry":{"type":"Point","coordinates":[16.3433797,48.180116]},"properties":{"id":"bikerack:c1bdbb94-f2f8-4ac2-9790-ef9e79a41457","kind":"bikerack","longitude":16.3433797,"latitude":48.180116,"name":"Biciklitároló","city":"Vienna","address":null,"covered":false,"access":null,"website":null,"phone":null,"source":"OpenStreetMap/node/7507831305","sourceUpdatedAt":null,"verifiedAt":null}},{"type":"Feature","geometry":{"type":"Point","coordinates":[16.3372399,48.1949658]},"properties":{"id":"bikerack:c207ad00-a1f5-4f6d-83f7-de0322e59655","kind":"bikerack","longitude":16.3372399,"latitude":48.1949658,"name":"Biciklitároló","city":"Vienna","address":null,"covered":false,"access":null,"website":null,"phone":null,"source":"OpenStreetMap/node/7659482507","sourceUpdatedAt":null,"verifiedAt":null}},{"type":"Feature","geometry":{"type":"Point","coordinates":[16.3413283,48.1941524]},"properties":{"id":"bikerack:c231b888-95a8-49fd-ab68-aadbddf2d22d","kind":"bikerack","longitude":16.3413283,"latitude":48.1941524,"name":"Biciklitároló","city":"Vienna","address":null,"covered":false,"access":null,"website":null,"phone":null,"source":"OpenStreetMap/node/11728490638","sourceUpdatedAt":null,"verifiedAt":null}},{"type":"Feature","geometry":{"type":"Point","coordinates":[16.3285398,48.1801083]},"properties":{"id":"bikerack:c29d9f18-c64d-4a0c-859b-6560dd2c6901","kind":"bikerack","longitude":16.3285398,"latitude":48.1801083,"name":"Biciklitároló","city":"Vienna","address":null,"covered":false,"access":null,"website":null,"phone":null,"source":"OpenStreetMap/node/1957457334","sourceUpdatedAt":null,"verifiedAt":null}},{"type":"Feature","geometry":{"type":"Point","coordinates":[16.339789,48.1941844]},"properties":{"id":"bikerack:c33f5d58-524e-4676-984e-4eacca1f4b48","kind":"bikerack","longitude":16.339789,"latitude":48.1941844,"name":"Biciklitároló","city":"Vienna","address":null,"covered":false,"access":null,"website":null,"phone":null,"source":"OpenStreetMap/node/13098511614","sourceUpdatedAt":null,"verifiedAt":null}},{"type":"Feature","geometry":{"type":"Point","coordinates":[16.332556,48.1874158]},"properties":{"id":"bikerack:c346c0fd-4612-4104-a9d8-98496402a566","kind":"bikerack","longitude":16.332556,"latitude":48.1874158,"name":"Biciklitároló","city":"Vienna","address":null,"covered":false,"access":null,"website":null,"phone":null,"source":"OpenStreetMap/node/12903212254","sourceUpdatedAt":null,"verifiedAt":null}},{"type":"Feature","geometry":{"type":"Point","coordinates":[16.3316609,48.1877964]},"properties":{"id":"bikerack:c3b4a22a-d081-4591-923e-12c3177bbe82","kind":"bikerack","longitude":16.3316609,"latitude":48.1877964,"name":"Biciklitároló","city":"Vienna","address":null,"covered":false,"access":null,"website":null,"phone":null,"source":"OpenStreetMap/node/12899320626","sourceUpdatedAt":null,"verifiedAt":null}},{"type":"Feature","geometry":{"type":"Point","coordinates":[16.3082508,48.1936778]},"properties":{"id":"bikerack:c4703561-61c4-428c-b721-facfcc525d63","kind":"bikerack","longitude":16.3082508,"latitude":48.1936778,"name":"Biciklitároló","city":"Vienna","address":null,"covered":false,"access":null,"website":null,"phone":null,"source":"OpenStreetMap/node/13078315789","sourceUpdatedAt":null,"verifiedAt":null}},{"type":"Feature","geometry":{"type":"Point","coordinates":[16.3365959,48.189995]},"properties":{"id":"bikerack:c4dda7ac-1ae4-4032-a106-b189fd086e38","kind":"bikerack","longitude":16.3365959,"latitude":48.189995,"name":"Biciklitároló","city":"Vienna","address":null,"covered":false,"access":null,"website":null,"phone":null,"source":"OpenStreetMap/node/12899372416","sourceUpdatedAt":null,"verifiedAt":null}},{"type":"Feature","geometry":{"type":"Point","coordinates":[16.3058898,48.1924]},"properties":{"id":"bikerack:c5296620-3914-4c9c-b0a1-0069939d0c1f","kind":"bikerack","longitude":16.3058898,"latitude":48.1924,"name":"Biciklitároló","city":"Vienna","address":null,"covered":false,"access":null,"website":null,"phone":null,"source":"OpenStreetMap/node/13097816677","sourceUpdatedAt":null,"verifiedAt":null}},{"type":"Feature","geometry":{"type":"Point","coordinates":[16.3471731,48.189716]},"properties":{"id":"bikerack:c5651c79-e34a-4469-bf57-d648222f5a33","kind":"bikerack","longitude":16.3471731,"latitude":48.189716,"name":"Biciklitároló","city":"Vienna","address":null,"covered":false,"access":null,"website":null,"phone":null,"source":"OpenStreetMap/node/9244609234","sourceUpdatedAt":null,"verifiedAt":null}},{"type":"Feature","geometry":{"type":"Point","coordinates":[16.3472412,48.186752]},"properties":{"id":"bikerack:c587d2f3-c90d-4b57-9614-2a1d6883f7d3","kind":"bikerack","longitude":16.3472412,"latitude":48.186752,"name":"Biciklitároló","city":"Vienna","address":null,"covered":false,"access":null,"website":null,"phone":null,"source":"OpenStreetMap/node/2504421502","sourceUpdatedAt":null,"verifiedAt":null}},{"type":"Feature","geometry":{"type":"Point","coordinates":[16.3279755,48.1819598]},"properties":{"id":"bikerack:c58b0e6a-3b47-41ce-8fe4-325a8d1f101e","kind":"bikerack","longitude":16.3279755,"latitude":48.1819598,"name":"Biciklitároló","city":"Vienna","address":null,"covered":false,"access":null,"website":null,"phone":null,"source":"OpenStreetMap/node/10247848526","sourceUpdatedAt":null,"verifiedAt":null}},{"type":"Feature","geometry":{"type":"Point","coordinates":[16.3462311,48.1904866]},"properties":{"id":"bikerack:c620f1b8-c1aa-4067-9895-027129647e63","kind":"bikerack","longitude":16.3462311,"latitude":48.1904866,"name":"Biciklitároló","city":"Vienna","address":null,"covered":false,"access":null,"website":null,"phone":null,"source":"OpenStreetMap/node/9889414862","sourceUpdatedAt":null,"verifiedAt":null}},{"type":"Feature","geometry":{"type":"Point","coordinates":[16.3441598,48.1941817]},"properties":{"id":"bikerack:c62d6452-cb45-481c-bae6-621b85b3806e","kind":"bikerack","longitude":16.3441598,"latitude":48.1941817,"name":"Biciklitároló","city":"Vienna","address":null,"covered":false,"access":null,"website":null,"phone":null,"source":"OpenStreetMap/node/8710110203","sourceUpdatedAt":null,"verifiedAt":null}},{"type":"Feature","geometry":{"type":"Point","coordinates":[16.3296999,48.1849653]},"properties":{"id":"bikerack:c6fd82b4-d941-48c3-8b18-e3869a43c774","kind":"bikerack","longitude":16.3296999,"latitude":48.1849653,"name":"Biciklitároló","city":"Vienna","address":null,"covered":false,"access":null,"website":null,"phone":null,"source":"OpenStreetMap/node/10563148009","sourceUpdatedAt":null,"verifiedAt":null}},{"type":"Feature","geometry":{"type":"Point","coordinates":[16.3091851,48.1918222]},"properties":{"id":"bikerack:c78a1570-83d3-4084-b12f-7e55de73cec4","kind":"bikerack","longitude":16.3091851,"latitude":48.1918222,"name":"Biciklitároló","city":"Vienna","address":null,"covered":false,"access":null,"website":null,"phone":null,"source":"OpenStreetMap/node/8586253715","sourceUpdatedAt":null,"verifiedAt":null}},{"type":"Feature","geometry":{"type":"Point","coordinates":[16.3292426,48.1742803]},"properties":{"id":"bikerack:c872d743-6283-4ae5-80d7-eaa639e0a331","kind":"bikerack","longitude":16.3292426,"latitude":48.1742803,"name":"Biciklitároló","city":"Vosendorf","address":null,"covered":false,"access":null,"website":null,"phone":null,"source":"OpenStreetMap/node/9481524014","sourceUpdatedAt":null,"verifiedAt":null}},{"type":"Feature","geometry":{"type":"Point","coordinates":[16.3404652,48.1821006]},"properties":{"id":"bikerack:c9e0d989-a59c-492a-a83e-d1d37a5d46be","kind":"bikerack","longitude":16.3404652,"latitude":48.1821006,"name":"Biciklitároló","city":"Vienna","address":null,"covered":false,"access":null,"website":null,"phone":null,"source":"OpenStreetMap/node/9855931933","sourceUpdatedAt":null,"verifiedAt":null}},{"type":"Feature","geometry":{"type":"Point","coordinates":[16.3454946,48.1949465]},"properties":{"id":"bikerack:ca4f173d-4e84-47de-9f92-b64c0e0d4415","kind":"bikerack","longitude":16.3454946,"latitude":48.1949465,"name":"Biciklitároló","city":"Vienna","address":null,"covered":false,"access":null,"website":null,"phone":null,"source":"OpenStreetMap/node/8710109270","sourceUpdatedAt":null,"verifiedAt":null}},{"type":"Feature","geometry":{"type":"Point","coordinates":[16.3255357,48.181643]},"properties":{"id":"bikerack:caeb9011-89bc-4310-aac4-76e85ad896cd","kind":"bikerack","longitude":16.3255357,"latitude":48.181643,"name":"Biciklitároló","city":"Vienna","address":null,"covered":false,"access":null,"website":null,"phone":null,"source":"OpenStreetMap/node/9721436588","sourceUpdatedAt":null,"verifiedAt":null}},{"type":"Feature","geometry":{"type":"Point","coordinates":[16.341518,48.1850898]},"properties":{"id":"bikerack:cb55d33b-8ce6-419c-b682-0df947d66e21","kind":"bikerack","longitude":16.341518,"latitude":48.1850898,"name":"Biciklitároló","city":"Vienna","address":null,"covered":false,"access":null,"website":null,"phone":null,"source":"OpenStreetMap/node/9197023370","sourceUpdatedAt":null,"verifiedAt":null}},{"type":"Feature","geometry":{"type":"Point","coordinates":[16.3107303,48.1947132]},"properties":{"id":"bikerack:cc0c135d-2347-4a16-b1fd-88be32efb639","kind":"bikerack","longitude":16.3107303,"latitude":48.1947132,"name":"Biciklitároló","city":"Vienna","address":null,"covered":false,"access":null,"website":null,"phone":null,"source":"OpenStreetMap/node/13078445321","sourceUpdatedAt":null,"verifiedAt":null}},{"type":"Feature","geometry":{"type":"Point","coordinates":[16.3401938,48.1902809]},"properties":{"id":"bikerack:cccf8dd7-a199-476a-a17e-4bcf2174379c","kind":"bikerack","longitude":16.3401938,"latitude":48.1902809,"name":"Biciklitároló","city":"Vienna","address":null,"covered":false,"access":null,"website":null,"phone":null,"source":"OpenStreetMap/node/13071372793","sourceUpdatedAt":null,"verifiedAt":null}},{"type":"Feature","geometry":{"type":"Point","coordinates":[16.3316842,48.1833496]},"properties":{"id":"bikerack:ce0e3ef8-ebbb-4e8b-9113-360d1261b6eb","kind":"bikerack","longitude":16.3316842,"latitude":48.1833496,"name":"Biciklitároló","city":"Vienna","address":null,"covered":false,"access":null,"website":null,"phone":null,"source":"OpenStreetMap/node/4603998636","sourceUpdatedAt":null,"verifiedAt":null}},{"type":"Feature","geometry":{"type":"Point","coordinates":[16.3451292,48.1944617]},"properties":{"id":"bikerack:ce3b2c7c-8a08-4f86-b6dd-b62da159bd61","kind":"bikerack","longitude":16.3451292,"latitude":48.1944617,"name":"Biciklitároló","city":"Vienna","address":null,"covered":false,"access":null,"website":null,"phone":null,"source":"OpenStreetMap/node/13069634053","sourceUpdatedAt":null,"verifiedAt":null}},{"type":"Feature","geometry":{"type":"Point","coordinates":[16.3102091,48.1916649]},"properties":{"id":"bikerack:ce4574ec-3ae5-4737-94b6-a26156685316","kind":"bikerack","longitude":16.3102091,"latitude":48.1916649,"name":"Biciklitároló","city":"Vienna","address":null,"covered":false,"access":null,"website":null,"phone":null,"source":"OpenStreetMap/node/11228857070","sourceUpdatedAt":null,"verifiedAt":null}},{"type":"Feature","geometry":{"type":"Point","coordinates":[16.3354141,48.1893161]},"properties":{"id":"bikerack:ce495aee-04db-4b97-b34d-91887c19a763","kind":"bikerack","longitude":16.3354141,"latitude":48.1893161,"name":"Biciklitároló","city":"Vienna","address":null,"covered":false,"access":null,"website":null,"phone":null,"source":"OpenStreetMap/node/12899372415","sourceUpdatedAt":null,"verifiedAt":null}},{"type":"Feature","geometry":{"type":"Point","coordinates":[16.3336747,48.1685238]},"properties":{"id":"bikerack:cf719761-74ec-4fc7-bcbf-e463ed3796b3","kind":"bikerack","longitude":16.3336747,"latitude":48.1685238,"name":"Biciklitároló","city":"Vosendorf","address":null,"covered":true,"access":null,"website":null,"phone":null,"source":"OpenStreetMap/node/7519508817","sourceUpdatedAt":null,"verifiedAt":null}},{"type":"Feature","geometry":{"type":"Point","coordinates":[16.3397168,48.1900994]},"properties":{"id":"bikerack:cf9727b6-ca55-46ca-a870-d41b58373232","kind":"bikerack","longitude":16.3397168,"latitude":48.1900994,"name":"Biciklitároló","city":"Vienna","address":null,"covered":false,"access":null,"website":null,"phone":null,"source":"OpenStreetMap/node/9244610225","sourceUpdatedAt":null,"verifiedAt":null}},{"type":"Feature","geometry":{"type":"Point","coordinates":[16.3322123,48.1935604]},"properties":{"id":"bikerack:cfe4dd55-3bff-49de-81e2-31dc757362b7","kind":"bikerack","longitude":16.3322123,"latitude":48.1935604,"name":"Biciklitároló","city":"Vienna","address":null,"covered":false,"access":null,"website":null,"phone":null,"source":"OpenStreetMap/node/12144666505","sourceUpdatedAt":null,"verifiedAt":null}},{"type":"Feature","geometry":{"type":"Point","coordinates":[16.3340998,48.1913063]},"properties":{"id":"bikerack:d1222afc-935c-44f0-856c-8a4d0a276fb2","kind":"bikerack","longitude":16.3340998,"latitude":48.1913063,"name":"Biciklitároló","city":"Vienna","address":null,"covered":false,"access":null,"website":null,"phone":null,"source":"OpenStreetMap/node/9889388554","sourceUpdatedAt":null,"verifiedAt":null}},{"type":"Feature","geometry":{"type":"Point","coordinates":[16.3209303,48.1796399]},"properties":{"id":"bikerack:d1a65a88-3482-4498-bf54-1dce144076c3","kind":"bikerack","longitude":16.3209303,"latitude":48.1796399,"name":"Biciklitároló","city":"Vienna","address":null,"covered":false,"access":null,"website":null,"phone":null,"source":"OpenStreetMap/node/13012337087","sourceUpdatedAt":null,"verifiedAt":null}},{"type":"Feature","geometry":{"type":"Point","coordinates":[16.3041949,48.1945627]},"properties":{"id":"bikerack:d24be886-1aa3-4584-8635-d49b2aed8a4f","kind":"bikerack","longitude":16.3041949,"latitude":48.1945627,"name":"Biciklitároló","city":"Vienna","address":null,"covered":false,"access":null,"website":null,"phone":null,"source":"OpenStreetMap/node/11228885940","sourceUpdatedAt":null,"verifiedAt":null}},{"type":"Feature","geometry":{"type":"Point","coordinates":[16.3301948,48.1746581]},"properties":{"id":"bikerack:d36528b3-71f2-43bf-8266-d5ed8a61e237","kind":"bikerack","longitude":16.3301948,"latitude":48.1746581,"name":"Biciklitároló","city":"Vienna","address":null,"covered":false,"access":null,"website":null,"phone":null,"source":"OpenStreetMap/node/10563148036","sourceUpdatedAt":null,"verifiedAt":null}},{"type":"Feature","geometry":{"type":"Point","coordinates":[16.3141861,48.1952411]},"properties":{"id":"bikerack:d3a2ecf3-7cd5-4d28-8166-12712bbcbf40","kind":"bikerack","longitude":16.3141861,"latitude":48.1952411,"name":"Biciklitároló","city":"Vienna","address":null,"covered":false,"access":null,"website":null,"phone":null,"source":"OpenStreetMap/node/10121462944","sourceUpdatedAt":null,"verifiedAt":null}},{"type":"Feature","geometry":{"type":"Point","coordinates":[16.3377396,48.190958]},"properties":{"id":"bikerack:d3b32699-e7f4-46e8-ab8b-6796b666e932","kind":"bikerack","longitude":16.3377396,"latitude":48.190958,"name":"Biciklitároló","city":"Vienna","address":null,"covered":false,"access":null,"website":null,"phone":null,"source":"OpenStreetMap/node/7537762128","sourceUpdatedAt":null,"verifiedAt":null}},{"type":"Feature","geometry":{"type":"Point","coordinates":[16.3291599,48.1707212]},"properties":{"id":"bikerack:d3b90864-589f-4970-9f7b-018e75bc5120","kind":"bikerack","longitude":16.3291599,"latitude":48.1707212,"name":"Biciklitároló","city":"Vosendorf","address":null,"covered":false,"access":null,"website":null,"phone":null,"source":"OpenStreetMap/node/8907264698","sourceUpdatedAt":null,"verifiedAt":null}},{"type":"Feature","geometry":{"type":"Point","coordinates":[16.3431874,48.1936732]},"properties":{"id":"bikerack:d3fb4ffb-aeee-4981-bbef-f33f2a71b324","kind":"bikerack","longitude":16.3431874,"latitude":48.1936732,"name":"Biciklitároló","city":"Vienna","address":null,"covered":false,"access":null,"website":null,"phone":null,"source":"OpenStreetMap/node/11961141574","sourceUpdatedAt":null,"verifiedAt":null}},{"type":"Feature","geometry":{"type":"Point","coordinates":[16.3314995,48.1732313]},"properties":{"id":"bikerack:d402ce43-303e-4d4f-8b8b-beadc5ed2ce9","kind":"bikerack","longitude":16.3314995,"latitude":48.1732313,"name":"Biciklitároló","city":"Vosendorf","address":null,"covered":false,"access":null,"website":null,"phone":null,"source":"OpenStreetMap/node/1957457314","sourceUpdatedAt":null,"verifiedAt":null}},{"type":"Feature","geometry":{"type":"Point","coordinates":[16.3415188,48.1923597]},"properties":{"id":"bikerack:d4503c6d-eeaf-4ee4-9316-495b45485092","kind":"bikerack","longitude":16.3415188,"latitude":48.1923597,"name":"Biciklitároló","city":"Vienna","address":null,"covered":false,"access":null,"website":null,"phone":null,"source":"OpenStreetMap/node/13098585771","sourceUpdatedAt":null,"verifiedAt":null}},{"type":"Feature","geometry":{"type":"Point","coordinates":[16.3303857,48.1765657]},"properties":{"id":"bikerack:d459cde5-17e3-422e-9c3f-47003eb82225","kind":"bikerack","longitude":16.3303857,"latitude":48.1765657,"name":"Biciklitároló","city":"Vienna","address":null,"covered":false,"access":null,"website":null,"phone":null,"source":"OpenStreetMap/node/9259423416","sourceUpdatedAt":null,"verifiedAt":null}},{"type":"Feature","geometry":{"type":"Point","coordinates":[16.3283399,48.1910688]},"properties":{"id":"bikerack:d53cffb8-643c-4da7-bf3e-05c854c79289","kind":"bikerack","longitude":16.3283399,"latitude":48.1910688,"name":"Biciklitároló","city":"Vienna","address":null,"covered":false,"access":null,"website":null,"phone":null,"source":"OpenStreetMap/node/9188291107","sourceUpdatedAt":null,"verifiedAt":null}},{"type":"Feature","geometry":{"type":"Point","coordinates":[16.3123955,48.1931821]},"properties":{"id":"bikerack:d61507d8-b80a-4fb5-bb9b-70686f93e0b0","kind":"bikerack","longitude":16.3123955,"latitude":48.1931821,"name":"Biciklitároló","city":"Vienna","address":null,"covered":false,"access":null,"website":null,"phone":null,"source":"OpenStreetMap/node/7807238199","sourceUpdatedAt":null,"verifiedAt":null}},{"type":"Feature","geometry":{"type":"Point","coordinates":[16.3439486,48.1884347]},"properties":{"id":"bikerack:d6707197-805d-4c9b-a6b6-c213053d7d84","kind":"bikerack","longitude":16.3439486,"latitude":48.1884347,"name":"Biciklitároló","city":"Vienna","address":null,"covered":false,"access":null,"website":null,"phone":null,"source":"OpenStreetMap/node/8491187633","sourceUpdatedAt":null,"verifiedAt":null}},{"type":"Feature","geometry":{"type":"Point","coordinates":[16.3376987,48.180745]},"properties":{"id":"bikerack:d680e98f-4c14-4673-8f68-ee645118d347","kind":"bikerack","longitude":16.3376987,"latitude":48.180745,"name":"Biciklitároló","city":"Vienna","address":null,"covered":false,"access":null,"website":null,"phone":null,"source":"OpenStreetMap/node/1957457339","sourceUpdatedAt":null,"verifiedAt":null}},{"type":"Feature","geometry":{"type":"Point","coordinates":[16.3424813,48.1879055]},"properties":{"id":"bikerack:d700c6b5-a61f-4288-b653-d19f2764da39","kind":"bikerack","longitude":16.3424813,"latitude":48.1879055,"name":"Biciklitároló","city":"Vienna","address":null,"covered":false,"access":null,"website":null,"phone":null,"source":"OpenStreetMap/node/11673680709","sourceUpdatedAt":null,"verifiedAt":null}},{"type":"Feature","geometry":{"type":"Point","coordinates":[16.3263054,48.1784221]},"properties":{"id":"bikerack:da301bd5-9fc1-41c3-b308-2006c7869348","kind":"bikerack","longitude":16.3263054,"latitude":48.1784221,"name":"Biciklitároló","city":"Vienna","address":null,"covered":false,"access":null,"website":null,"phone":null,"source":"OpenStreetMap/node/11224776890","sourceUpdatedAt":null,"verifiedAt":null}},{"type":"Feature","geometry":{"type":"Point","coordinates":[16.3314977,48.1749052]},"properties":{"id":"bikerack:daa0117d-821e-42d5-a17b-d943f40eaf55","kind":"bikerack","longitude":16.3314977,"latitude":48.1749052,"name":"Biciklitároló","city":"Vienna","address":null,"covered":true,"access":null,"website":null,"phone":null,"source":"OpenStreetMap/node/1957457320","sourceUpdatedAt":null,"verifiedAt":null}},{"type":"Feature","geometry":{"type":"Point","coordinates":[16.3401933,48.1926358]},"properties":{"id":"bikerack:dba62971-f51c-4844-b10f-1bb076e6f781","kind":"bikerack","longitude":16.3401933,"latitude":48.1926358,"name":"Biciklitároló","city":"Vienna","address":null,"covered":false,"access":null,"website":null,"phone":null,"source":"OpenStreetMap/node/13098585780","sourceUpdatedAt":null,"verifiedAt":null}},{"type":"Feature","geometry":{"type":"Point","coordinates":[16.3428452,48.185197]},"properties":{"id":"bikerack:dc1ee6f9-5fd5-4324-91d6-83a9cfa4a44e","kind":"bikerack","longitude":16.3428452,"latitude":48.185197,"name":"Biciklitároló","city":"Vienna","address":null,"covered":false,"access":null,"website":null,"phone":null,"source":"OpenStreetMap/node/11224783091","sourceUpdatedAt":null,"verifiedAt":null}},{"type":"Feature","geometry":{"type":"Point","coordinates":[16.3467808,48.1919562]},"properties":{"id":"bikerack:dc4a7e57-8430-4ca4-a034-2b5a2182e9b0","kind":"bikerack","longitude":16.3467808,"latitude":48.1919562,"name":"Biciklitároló","city":"Vienna","address":null,"covered":false,"access":null,"website":null,"phone":null,"source":"OpenStreetMap/node/8890919193","sourceUpdatedAt":null,"verifiedAt":null}},{"type":"Feature","geometry":{"type":"Point","coordinates":[16.3468479,48.1874439]},"properties":{"id":"bikerack:dcabf346-6259-438a-9725-7dbed6b34774","kind":"bikerack","longitude":16.3468479,"latitude":48.1874439,"name":"Biciklitároló","city":"Vienna","address":null,"covered":false,"access":null,"website":null,"phone":null,"source":"OpenStreetMap/node/11224771502","sourceUpdatedAt":null,"verifiedAt":null}},{"type":"Feature","geometry":{"type":"Point","coordinates":[16.3389158,48.1908106]},"properties":{"id":"bikerack:dcbf4e26-0b7b-4c98-ae26-29289d2d9605","kind":"bikerack","longitude":16.3389158,"latitude":48.1908106,"name":"Biciklitároló","city":"Vienna","address":null,"covered":false,"access":null,"website":null,"phone":null,"source":"OpenStreetMap/node/10106152900","sourceUpdatedAt":null,"verifiedAt":null}},{"type":"Feature","geometry":{"type":"Point","coordinates":[16.3331147,48.1758208]},"properties":{"id":"bikerack:dcbf78c9-fe85-4bcd-9e3c-1f6aed3c4780","kind":"bikerack","longitude":16.3331147,"latitude":48.1758208,"name":"Biciklitároló","city":"Vienna","address":null,"covered":false,"access":null,"website":null,"phone":null,"source":"OpenStreetMap/node/10574520570","sourceUpdatedAt":null,"verifiedAt":null}},{"type":"Feature","geometry":{"type":"Point","coordinates":[16.3301577,48.1788123]},"properties":{"id":"bikerack:dd2f6032-c88d-4ce5-aabb-b310d1dbabbe","kind":"bikerack","longitude":16.3301577,"latitude":48.1788123,"name":"Biciklitároló","city":"Vienna","address":null,"covered":false,"access":null,"website":null,"phone":null,"source":"OpenStreetMap/way/1106620120","sourceUpdatedAt":null,"verifiedAt":null}},{"type":"Feature","geometry":{"type":"Point","coordinates":[16.3130866,48.195349]},"properties":{"id":"bikerack:de11bf21-9808-4ece-9ef2-8b35abc91958","kind":"bikerack","longitude":16.3130866,"latitude":48.195349,"name":"Biciklitároló","city":"Vienna","address":null,"covered":false,"access":null,"website":null,"phone":null,"source":"OpenStreetMap/node/10248891562","sourceUpdatedAt":null,"verifiedAt":null}},{"type":"Feature","geometry":{"type":"Point","coordinates":[16.3247304,48.190456]},"properties":{"id":"bikerack:de8628f9-38cc-4297-b7b2-07dcb8386c65","kind":"bikerack","longitude":16.3247304,"latitude":48.190456,"name":"Biciklitároló","city":"Vienna","address":null,"covered":false,"access":null,"website":null,"phone":null,"source":"OpenStreetMap/node/11183165068","sourceUpdatedAt":null,"verifiedAt":null}},{"type":"Feature","geometry":{"type":"Point","coordinates":[16.3043201,48.1915187]},"properties":{"id":"bikerack:deb69eca-6e6d-4fd0-94c7-5fa10eb8f6c9","kind":"bikerack","longitude":16.3043201,"latitude":48.1915187,"name":"Biciklitároló","city":"Vienna","address":null,"covered":false,"access":null,"website":null,"phone":null,"source":"OpenStreetMap/node/13202607315","sourceUpdatedAt":null,"verifiedAt":null}},{"type":"Feature","geometry":{"type":"Point","coordinates":[16.324727,48.1670588]},"properties":{"id":"bikerack:ded198c8-2263-41ca-aa9e-6ce510c3ed87","kind":"bikerack","longitude":16.324727,"latitude":48.1670588,"name":"Biciklitároló","city":"Vosendorf","address":null,"covered":false,"access":null,"website":null,"phone":null,"source":"OpenStreetMap/node/9080118613","sourceUpdatedAt":null,"verifiedAt":null}},{"type":"Feature","geometry":{"type":"Point","coordinates":[16.3445706,48.1915742]},"properties":{"id":"bikerack:df536735-bbaf-4a8b-8a90-00baa70fb4c6","kind":"bikerack","longitude":16.3445706,"latitude":48.1915742,"name":"Biciklitároló","city":"Vienna","address":null,"covered":false,"access":null,"website":null,"phone":null,"source":"OpenStreetMap/node/9889395059","sourceUpdatedAt":null,"verifiedAt":null}},{"type":"Feature","geometry":{"type":"Point","coordinates":[16.3315106,48.1733273]},"properties":{"id":"bikerack:dfdc1fc4-1c11-4fda-a52a-02678c38d322","kind":"bikerack","longitude":16.3315106,"latitude":48.1733273,"name":"Biciklitároló","city":"Vosendorf","address":null,"covered":false,"access":null,"website":null,"phone":null,"source":"OpenStreetMap/node/1957457316","sourceUpdatedAt":null,"verifiedAt":null}},{"type":"Feature","geometry":{"type":"Point","coordinates":[16.3285648,48.1800229]},"properties":{"id":"bikerack:dfe69218-8cd4-43fc-b8af-0e39ef0b8ca8","kind":"bikerack","longitude":16.3285648,"latitude":48.1800229,"name":"Biciklitároló","city":"Vienna","address":null,"covered":false,"access":null,"website":null,"phone":null,"source":"OpenStreetMap/node/1957457332","sourceUpdatedAt":null,"verifiedAt":null}},{"type":"Feature","geometry":{"type":"Point","coordinates":[16.3426007,48.1925409]},"properties":{"id":"bikerack:e04f616a-c7ca-4404-93bb-820f8c633184","kind":"bikerack","longitude":16.3426007,"latitude":48.1925409,"name":"Biciklitároló","city":"Vienna","address":null,"covered":false,"access":null,"website":null,"phone":null,"source":"OpenStreetMap/node/13098511608","sourceUpdatedAt":null,"verifiedAt":null}},{"type":"Feature","geometry":{"type":"Point","coordinates":[16.3297958,48.1781903]},"properties":{"id":"bikerack:e104eee8-dd98-4057-a086-1c6d5141b3c3","kind":"bikerack","longitude":16.3297958,"latitude":48.1781903,"name":"Biciklitároló","city":"Vienna","address":null,"covered":false,"access":null,"website":null,"phone":null,"source":"OpenStreetMap/node/10563148015","sourceUpdatedAt":null,"verifiedAt":null}},{"type":"Feature","geometry":{"type":"Point","coordinates":[16.3409059,48.192196]},"properties":{"id":"bikerack:e2040aee-7599-4ade-b654-43006ebcf4b2","kind":"bikerack","longitude":16.3409059,"latitude":48.192196,"name":"Biciklitároló","city":"Vienna","address":null,"covered":false,"access":null,"website":null,"phone":null,"source":"OpenStreetMap/node/13098593414","sourceUpdatedAt":null,"verifiedAt":null}},{"type":"Feature","geometry":{"type":"Point","coordinates":[16.3281925,48.1819124]},"properties":{"id":"bikerack:e26a56e3-cf10-4822-a63a-0e1dd903d1d0","kind":"bikerack","longitude":16.3281925,"latitude":48.1819124,"name":"Biciklitároló","city":"Vienna","address":null,"covered":false,"access":null,"website":null,"phone":null,"source":"OpenStreetMap/node/1957457359","sourceUpdatedAt":null,"verifiedAt":null}},{"type":"Feature","geometry":{"type":"Point","coordinates":[16.3126145,48.1872134]},"properties":{"id":"bikerack:e28309c3-cf74-4041-9179-99d8cdc95311","kind":"bikerack","longitude":16.3126145,"latitude":48.1872134,"name":"Biciklitároló","city":"Vienna","address":null,"covered":false,"access":null,"website":null,"phone":null,"source":"OpenStreetMap/node/6105464783","sourceUpdatedAt":null,"verifiedAt":null}},{"type":"Feature","geometry":{"type":"Point","coordinates":[16.3083329,48.194732]},"properties":{"id":"bikerack:e2abcba0-e686-4f62-8ed2-b2007001f0cf","kind":"bikerack","longitude":16.3083329,"latitude":48.194732,"name":"Biciklitároló","city":"Vienna","address":null,"covered":false,"access":null,"website":null,"phone":null,"source":"OpenStreetMap/node/12235114232","sourceUpdatedAt":null,"verifiedAt":null}},{"type":"Feature","geometry":{"type":"Point","coordinates":[16.3415598,48.1923071]},"properties":{"id":"bikerack:e35e68d2-d2b3-4323-8ac9-db81e0b862ff","kind":"bikerack","longitude":16.3415598,"latitude":48.1923071,"name":"Biciklitároló","city":"Vienna","address":null,"covered":false,"access":null,"website":null,"phone":null,"source":"OpenStreetMap/node/9481542128","sourceUpdatedAt":null,"verifiedAt":null}},{"type":"Feature","geometry":{"type":"Point","coordinates":[16.3336042,48.1707213]},"properties":{"id":"bikerack:e8be1ade-a0b9-4fdf-a248-3bfb8ae02ee1","kind":"bikerack","longitude":16.3336042,"latitude":48.1707213,"name":"Biciklitároló","city":"Vosendorf","address":null,"covered":false,"access":null,"website":null,"phone":null,"source":"OpenStreetMap/node/5253717025","sourceUpdatedAt":null,"verifiedAt":null}},{"type":"Feature","geometry":{"type":"Point","coordinates":[16.3385569,48.1774876]},"properties":{"id":"bikerack:e8efc54a-4ed9-48fa-a217-5998e60ebea1","kind":"bikerack","longitude":16.3385569,"latitude":48.1774876,"name":"Biciklitároló","city":"Vienna","address":null,"covered":false,"access":null,"website":null,"phone":null,"source":"OpenStreetMap/node/13120034834","sourceUpdatedAt":null,"verifiedAt":null}},{"type":"Feature","geometry":{"type":"Point","coordinates":[16.3302833,48.1902056]},"properties":{"id":"bikerack:e8f47b8a-335f-4fba-acf9-fa6e151e47d7","kind":"bikerack","longitude":16.3302833,"latitude":48.1902056,"name":"Biciklitároló","city":"Vienna","address":null,"covered":false,"access":null,"website":null,"phone":null,"source":"OpenStreetMap/node/9140010175","sourceUpdatedAt":null,"verifiedAt":null}},{"type":"Feature","geometry":{"type":"Point","coordinates":[16.3232826,48.1901789]},"properties":{"id":"bikerack:e8ff80f5-c13a-411d-bc8e-820c0600d99e","kind":"bikerack","longitude":16.3232826,"latitude":48.1901789,"name":"Biciklitároló","city":"Vienna","address":null,"covered":false,"access":null,"website":null,"phone":null,"source":"OpenStreetMap/node/9889395778","sourceUpdatedAt":null,"verifiedAt":null}},{"type":"Feature","geometry":{"type":"Point","coordinates":[16.3411785,48.1906522]},"properties":{"id":"bikerack:e9770854-e1fd-4412-b434-28f3e9388b9a","kind":"bikerack","longitude":16.3411785,"latitude":48.1906522,"name":"Biciklitároló","city":"Vienna","address":null,"covered":false,"access":null,"website":null,"phone":null,"source":"OpenStreetMap/node/9084732184","sourceUpdatedAt":null,"verifiedAt":null}},{"type":"Feature","geometry":{"type":"Point","coordinates":[16.3448511,48.1924859]},"properties":{"id":"bikerack:eae2e897-4e83-48de-baaf-3cfc1aa7773a","kind":"bikerack","longitude":16.3448511,"latitude":48.1924859,"name":"Biciklitároló","city":"Vienna","address":null,"covered":false,"access":null,"website":null,"phone":null,"source":"OpenStreetMap/node/9084738304","sourceUpdatedAt":null,"verifiedAt":null}},{"type":"Feature","geometry":{"type":"Point","coordinates":[16.3447673,48.1924529]},"properties":{"id":"bikerack:eb6ee6d1-c292-4fe1-b761-a63b6b7beaec","kind":"bikerack","longitude":16.3447673,"latitude":48.1924529,"name":"Biciklitároló","city":"Vienna","address":null,"covered":false,"access":null,"website":null,"phone":null,"source":"OpenStreetMap/node/9084746800","sourceUpdatedAt":null,"verifiedAt":null}},{"type":"Feature","geometry":{"type":"Point","coordinates":[16.3444681,48.1927217]},"properties":{"id":"bikerack:ec7221c7-6c2a-4b87-9360-0651cc8574f4","kind":"bikerack","longitude":16.3444681,"latitude":48.1927217,"name":"Biciklitároló","city":"Vienna","address":null,"covered":false,"access":null,"website":null,"phone":null,"source":"OpenStreetMap/node/9889414863","sourceUpdatedAt":null,"verifiedAt":null}},{"type":"Feature","geometry":{"type":"Point","coordinates":[16.3341069,48.1844539]},"properties":{"id":"bikerack:ecb4fe52-a78b-48b7-94f7-c83b875ca6b4","kind":"bikerack","longitude":16.3341069,"latitude":48.1844539,"name":"Biciklitároló","city":"Vienna","address":null,"covered":true,"access":null,"website":null,"phone":null,"source":"OpenStreetMap/node/3390172292","sourceUpdatedAt":null,"verifiedAt":null}},{"type":"Feature","geometry":{"type":"Point","coordinates":[16.3286944,48.1849633]},"properties":{"id":"bikerack:ed4d3dcf-6bc4-431c-a95a-005945d6d564","kind":"bikerack","longitude":16.3286944,"latitude":48.1849633,"name":"Biciklitároló","city":"Vienna","address":null,"covered":false,"access":null,"website":null,"phone":null,"source":"OpenStreetMap/node/3365187139","sourceUpdatedAt":null,"verifiedAt":null}},{"type":"Feature","geometry":{"type":"Point","coordinates":[16.3412082,48.1896161]},"properties":{"id":"bikerack:ee707ce5-d1c0-4ace-b1d3-ecfe7e85c375","kind":"bikerack","longitude":16.3412082,"latitude":48.1896161,"name":"Biciklitároló","city":"Vienna","address":null,"covered":false,"access":null,"website":null,"phone":null,"source":"OpenStreetMap/node/9244614518","sourceUpdatedAt":null,"verifiedAt":null}},{"type":"Feature","geometry":{"type":"Point","coordinates":[16.3425043,48.1906566]},"properties":{"id":"bikerack:ef9ab3ac-f7fe-4304-86b0-e0df944cd005","kind":"bikerack","longitude":16.3425043,"latitude":48.1906566,"name":"Biciklitároló","city":"Vienna","address":null,"covered":false,"access":null,"website":null,"phone":null,"source":"OpenStreetMap/node/9084733687","sourceUpdatedAt":null,"verifiedAt":null}},{"type":"Feature","geometry":{"type":"Point","coordinates":[16.3401301,48.1919896]},"properties":{"id":"bikerack:f09acb25-ea92-4065-9665-a48456631e97","kind":"bikerack","longitude":16.3401301,"latitude":48.1919896,"name":"Biciklitároló","city":"Vienna","address":null,"covered":false,"access":null,"website":null,"phone":null,"source":"OpenStreetMap/node/13098593410","sourceUpdatedAt":null,"verifiedAt":null}},{"type":"Feature","geometry":{"type":"Point","coordinates":[16.3287114,48.1731458]},"properties":{"id":"bikerack:f10c80ac-923f-4676-9822-b2f18c63f355","kind":"bikerack","longitude":16.3287114,"latitude":48.1731458,"name":"Biciklitároló","city":"Vosendorf","address":null,"covered":false,"access":null,"website":null,"phone":null,"source":"OpenStreetMap/node/1957457311","sourceUpdatedAt":null,"verifiedAt":null}},{"type":"Feature","geometry":{"type":"Point","coordinates":[16.3351887,48.1882427]},"properties":{"id":"bikerack:f15ecd1b-6c53-49fc-b6a9-26cc2e2e3e3d","kind":"bikerack","longitude":16.3351887,"latitude":48.1882427,"name":"Biciklitároló","city":"Vienna","address":null,"covered":false,"access":null,"website":null,"phone":null,"source":"OpenStreetMap/node/12903197665","sourceUpdatedAt":null,"verifiedAt":null}},{"type":"Feature","geometry":{"type":"Point","coordinates":[16.330932,48.194477]},"properties":{"id":"bikerack:f27545a5-5ffb-408a-838f-7d74aebbd2ca","kind":"bikerack","longitude":16.330932,"latitude":48.194477,"name":"Biciklitároló","city":"Vienna","address":null,"covered":false,"access":null,"website":null,"phone":null,"source":"OpenStreetMap/node/13042805463","sourceUpdatedAt":null,"verifiedAt":null}},{"type":"Feature","geometry":{"type":"Point","coordinates":[16.3434979,48.1883935]},"properties":{"id":"bikerack:f38c510a-124e-4edf-a6ec-4c938407abc3","kind":"bikerack","longitude":16.3434979,"latitude":48.1883935,"name":"Biciklitároló","city":"Vienna","address":null,"covered":false,"access":null,"website":null,"phone":null,"source":"OpenStreetMap/node/654009347","sourceUpdatedAt":null,"verifiedAt":null}},{"type":"Feature","geometry":{"type":"Point","coordinates":[16.3048063,48.1907274]},"properties":{"id":"bikerack:f42d2692-c6cc-4c95-804a-8ff770710cb8","kind":"bikerack","longitude":16.3048063,"latitude":48.1907274,"name":"Biciklitároló","city":"Vienna","address":null,"covered":false,"access":null,"website":null,"phone":null,"source":"OpenStreetMap/node/13202554072","sourceUpdatedAt":null,"verifiedAt":null}},{"type":"Feature","geometry":{"type":"Point","coordinates":[16.344614,48.1895499]},"properties":{"id":"bikerack:f4419b4e-a976-4f4a-8bbc-e79c57073f1f","kind":"bikerack","longitude":16.344614,"latitude":48.1895499,"name":"Biciklitároló","city":"Vienna","address":null,"covered":false,"access":null,"website":null,"phone":null,"source":"OpenStreetMap/node/9244610226","sourceUpdatedAt":null,"verifiedAt":null}},{"type":"Feature","geometry":{"type":"Point","coordinates":[16.3069306,48.1674267]},"properties":{"id":"bikerack:f46d4af2-aa43-4508-8623-bf5e879e9f23","kind":"bikerack","longitude":16.3069306,"latitude":48.1674267,"name":"Biciklitároló","city":"Vosendorf","address":null,"covered":false,"access":null,"website":null,"phone":null,"source":"OpenStreetMap/node/1957471310","sourceUpdatedAt":null,"verifiedAt":null}},{"type":"Feature","geometry":{"type":"Point","coordinates":[16.3383329,48.1743462]},"properties":{"id":"bikerack:f503db3d-8fe3-47df-943c-844cbf7292ff","kind":"bikerack","longitude":16.3383329,"latitude":48.1743462,"name":"Biciklitároló","city":"Vienna","address":null,"covered":false,"access":null,"website":null,"phone":null,"source":"OpenStreetMap/node/6946278868","sourceUpdatedAt":null,"verifiedAt":null}},{"type":"Feature","geometry":{"type":"Point","coordinates":[16.3462192,48.1907019]},"properties":{"id":"bikerack:f587dc92-73fb-48af-aa0f-89d1a2d39701","kind":"bikerack","longitude":16.3462192,"latitude":48.1907019,"name":"Biciklitároló","city":"Vienna","address":null,"covered":false,"access":null,"website":null,"phone":null,"source":"OpenStreetMap/node/9084750863","sourceUpdatedAt":null,"verifiedAt":null}},{"type":"Feature","geometry":{"type":"Point","coordinates":[16.3407039,48.1704794]},"properties":{"id":"bikerack:f684e6eb-7c5e-4efb-a623-dd87943a9dbf","kind":"bikerack","longitude":16.3407039,"latitude":48.1704794,"name":"Biciklitároló","city":"Vienna","address":null,"covered":false,"access":null,"website":null,"phone":null,"source":"OpenStreetMap/node/13120009292","sourceUpdatedAt":null,"verifiedAt":null}},{"type":"Feature","geometry":{"type":"Point","coordinates":[16.329992,48.1823059]},"properties":{"id":"bikerack:f6caf404-b196-495c-96af-87821c053c58","kind":"bikerack","longitude":16.329992,"latitude":48.1823059,"name":"Biciklitároló","city":"Vienna","address":null,"covered":false,"access":null,"website":null,"phone":null,"source":"OpenStreetMap/node/1957457361","sourceUpdatedAt":null,"verifiedAt":null}},{"type":"Feature","geometry":{"type":"Point","coordinates":[16.3419733,48.1895533]},"properties":{"id":"bikerack:f87b9518-2c2d-4a16-a983-716f700ca784","kind":"bikerack","longitude":16.3419733,"latitude":48.1895533,"name":"Biciklitároló","city":"Vienna","address":null,"covered":false,"access":null,"website":null,"phone":null,"source":"OpenStreetMap/node/1674782733","sourceUpdatedAt":null,"verifiedAt":null}},{"type":"Feature","geometry":{"type":"Point","coordinates":[16.3468511,48.1885131]},"properties":{"id":"bikerack:f8e76bd2-ac77-4c43-af1e-321f2a286044","kind":"bikerack","longitude":16.3468511,"latitude":48.1885131,"name":"Biciklitároló","city":"Vienna","address":null,"covered":false,"access":null,"website":null,"phone":null,"source":"OpenStreetMap/node/9889395060","sourceUpdatedAt":null,"verifiedAt":null}},{"type":"Feature","geometry":{"type":"Point","coordinates":[16.3242181,48.1902277]},"properties":{"id":"bikerack:f9aac10d-dea2-40fe-9529-0f7fc15acd2d","kind":"bikerack","longitude":16.3242181,"latitude":48.1902277,"name":"Biciklitároló","city":"Vienna","address":null,"covered":false,"access":null,"website":null,"phone":null,"source":"OpenStreetMap/node/4904950504","sourceUpdatedAt":null,"verifiedAt":null}},{"type":"Feature","geometry":{"type":"Point","coordinates":[16.3339658,48.1905578]},"properties":{"id":"bikerack:fa585e3b-77cd-4aaf-ab7b-00f74f6b8471","kind":"bikerack","longitude":16.3339658,"latitude":48.1905578,"name":"Biciklitároló","city":"Vienna","address":null,"covered":false,"access":null,"website":null,"phone":null,"source":"OpenStreetMap/node/13195888461","sourceUpdatedAt":null,"verifiedAt":null}},{"type":"Feature","geometry":{"type":"Point","coordinates":[16.3084613,48.1881297]},"properties":{"id":"bikerack:fae8cee5-808c-4839-85a5-d548e7d764c8","kind":"bikerack","longitude":16.3084613,"latitude":48.1881297,"name":"Biciklitároló","city":"Vienna","address":null,"covered":false,"access":null,"website":null,"phone":null,"source":"OpenStreetMap/node/9961199554","sourceUpdatedAt":null,"verifiedAt":null}},{"type":"Feature","geometry":{"type":"Point","coordinates":[16.3195784,48.1944176]},"properties":{"id":"bikerack:fbcad705-f5d8-4a9f-80a1-888b0e2d4b32","kind":"bikerack","longitude":16.3195784,"latitude":48.1944176,"name":"Biciklitároló","city":"Vienna","address":null,"covered":false,"access":null,"website":null,"phone":null,"source":"OpenStreetMap/node/8572539890","sourceUpdatedAt":null,"verifiedAt":null}},{"type":"Feature","geometry":{"type":"Point","coordinates":[16.3400885,48.1805583]},"properties":{"id":"bikerack:fc16d6be-7064-4144-b30f-55ddc3929f66","kind":"bikerack","longitude":16.3400885,"latitude":48.1805583,"name":"Biciklitároló","city":"Vienna","address":null,"covered":true,"access":null,"website":null,"phone":null,"source":"OpenStreetMap/way/910065761","sourceUpdatedAt":null,"verifiedAt":null}},{"type":"Feature","geometry":{"type":"Point","coordinates":[16.3343297,48.1749617]},"properties":{"id":"bikerack:fcffadf2-1ef1-4472-8941-705b6dcdbee3","kind":"bikerack","longitude":16.3343297,"latitude":48.1749617,"name":"Biciklitároló","city":"Vienna","address":null,"covered":false,"access":null,"website":null,"phone":null,"source":"OpenStreetMap/node/606368836","sourceUpdatedAt":null,"verifiedAt":null}},{"type":"Feature","geometry":{"type":"Point","coordinates":[16.3316163,48.1867323]},"properties":{"id":"bikerack:fdd6ae9e-c4b8-45b7-8e32-56ccfa01067f","kind":"bikerack","longitude":16.3316163,"latitude":48.1867323,"name":"Biciklitároló","city":"Vienna","address":null,"covered":false,"access":null,"website":null,"phone":null,"source":"OpenStreetMap/node/3544724973","sourceUpdatedAt":null,"verifiedAt":null}},{"type":"Feature","geometry":{"type":"Point","coordinates":[16.3048347,48.1914734]},"properties":{"id":"bikerack:fec5958a-c952-463c-8847-e1b696471649","kind":"bikerack","longitude":16.3048347,"latitude":48.1914734,"name":"Biciklitároló","city":"Vienna","address":null,"covered":false,"access":null,"website":null,"phone":null,"source":"OpenStreetMap/node/13202596316","sourceUpdatedAt":null,"verifiedAt":null}},{"type":"Feature","geometry":{"type":"Point","coordinates":[16.3350876,48.1900192]},"properties":{"id":"bikerack:fed865f3-d3f9-4221-b095-154f5200fd98","kind":"bikerack","longitude":16.3350876,"latitude":48.1900192,"name":"Biciklitároló","city":"Vienna","address":null,"covered":false,"access":null,"website":null,"phone":null,"source":"OpenStreetMap/node/13195888467","sourceUpdatedAt":null,"verifiedAt":null}},{"type":"Feature","geometry":{"type":"Point","coordinates":[16.3329522,48.19041]},"properties":{"id":"bikerack:fefda044-c403-427e-a6a4-fc8c98ea654e","kind":"bikerack","longitude":16.3329522,"latitude":48.19041,"name":"Biciklitároló","city":"Vienna","address":null,"covered":false,"access":null,"website":null,"phone":null,"source":"OpenStreetMap/node/13195888474","sourceUpdatedAt":null,"verifiedAt":null}},{"type":"Feature","geometry":{"type":"Point","coordinates":[16.3188171,48.1930883]},"properties":{"id":"bikerack:ff1a80d7-5166-4eef-b61b-f34dcebb9c8f","kind":"bikerack","longitude":16.3188171,"latitude":48.1930883,"name":"Biciklitároló","city":"Vienna","address":null,"covered":false,"access":null,"website":null,"phone":null,"source":"OpenStreetMap/node/13078315787","sourceUpdatedAt":null,"verifiedAt":null}},{"type":"Feature","geometry":{"type":"Point","coordinates":[16.340072,48.1934685]},"properties":{"id":"bikerack:fff0addf-63c2-4cdc-84de-9d5f50ad3ff5","kind":"bikerack","longitude":16.340072,"latitude":48.1934685,"name":"Biciklitároló","city":"Vienna","address":null,"covered":false,"access":null,"website":null,"phone":null,"source":"OpenStreetMap/node/11777714871","sourceUpdatedAt":null,"verifiedAt":null}},{"type":"Feature","geometry":{"type":"Point","coordinates":[16.3307359,48.1802342]},"properties":{"id":"repair:0042181d-ddd5-4551-8ff4-05be005a91b0","kind":"repair","longitude":16.3307359,"latitude":48.1802342,"name":"Kerékpár szervizállomás","city":"Vienna","address":null,"covered":false,"access":null,"website":null,"phone":null,"source":"OpenStreetMap/node/9505160903","sourceUpdatedAt":null,"verifiedAt":null}},{"type":"Feature","geometry":{"type":"Point","coordinates":[16.3339141,48.1842339]},"properties":{"id":"repair:4036ce87-1b29-4e7a-ae36-2733ca5bd2f0","kind":"repair","longitude":16.3339141,"latitude":48.1842339,"name":"Kerékpár szervizállomás","city":"Vienna","address":null,"covered":false,"access":null,"website":null,"phone":null,"source":"OpenStreetMap/node/12176676346","sourceUpdatedAt":null,"verifiedAt":null}},{"type":"Feature","geometry":{"type":"Point","coordinates":[16.326613,48.1909545]},"properties":{"id":"repair:9ae20950-0dce-42a3-84dd-3ca406f99913","kind":"repair","longitude":16.326613,"latitude":48.1909545,"name":"Kerékpár szervizállomás","city":"Vienna","address":null,"covered":false,"access":null,"website":null,"phone":null,"source":"OpenStreetMap/node/11330028096","sourceUpdatedAt":null,"verifiedAt":null}},{"type":"Feature","geometry":{"type":"Point","coordinates":[16.3442244,48.1885109]},"properties":{"id":"repair:b0908cc3-6b9c-44ab-87a0-00b9bbd58253","kind":"repair","longitude":16.3442244,"latitude":48.1885109,"name":"Kerékpár szervizállomás","city":"Vienna","address":null,"covered":false,"access":null,"website":null,"phone":null,"source":"OpenStreetMap/node/3189236242","sourceUpdatedAt":null,"verifiedAt":null}},{"type":"Feature","geometry":{"type":"Point","coordinates":[16.3309998,48.1802148]},"properties":{"id":"repair:b14059b1-be21-4a60-be38-0cfaa88a4b2a","kind":"repair","longitude":16.3309998,"latitude":48.1802148,"name":"Kerékpár szervizállomás","city":"Vienna","address":null,"covered":false,"access":null,"website":null,"phone":null,"source":"OpenStreetMap/node/12862085001","sourceUpdatedAt":null,"verifiedAt":null}},{"type":"Feature","geometry":{"type":"Point","coordinates":[16.3467411,48.1873985]},"properties":{"id":"repair:ce2ebf8c-3838-490f-b188-c37b89038161","kind":"repair","longitude":16.3467411,"latitude":48.1873985,"name":"Kerékpár szervizállomás","city":"Vienna","address":null,"covered":false,"access":null,"website":null,"phone":null,"source":"OpenStreetMap/node/3909718748","sourceUpdatedAt":null,"verifiedAt":null}},{"type":"Feature","geometry":{"type":"Point","coordinates":[16.3129626,48.1679196]},"properties":{"id":"service:077b95da-3275-40c2-8b38-5163d24bcb06","kind":"service","longitude":16.3129626,"latitude":48.1679196,"name":"Waffenradspezialist","city":"Wien","address":null,"covered":null,"access":null,"website":null,"phone":null,"source":"OpenStreetMap/node/1253965643","sourceUpdatedAt":null,"verifiedAt":null}},{"type":"Feature","geometry":{"type":"Point","coordinates":[16.3083255,48.1672561]},"properties":{"id":"service:1eb49d23-dc83-4b66-b03f-a537586b6422","kind":"service","longitude":16.3083255,"latitude":48.1672561,"name":"Fahrradwerkstatt Flickschuh","city":"Wien","address":null,"covered":null,"access":null,"website":null,"phone":null,"source":"OpenStreetMap/node/7321540238","sourceUpdatedAt":null,"verifiedAt":null}},{"type":"Feature","geometry":{"type":"Point","coordinates":[16.3339228,48.1883654]},"properties":{"id":"service:488edd4c-a2fc-4753-929a-b97044e8f948","kind":"service","longitude":16.3339228,"latitude":48.1883654,"name":"radbar","city":"Vienna","address":null,"covered":null,"access":null,"website":null,"phone":null,"source":"OpenStreetMap/node/10723294509","sourceUpdatedAt":null,"verifiedAt":null}},{"type":"Feature","geometry":{"type":"Point","coordinates":[16.3305707,48.1884394]},"properties":{"id":"service:6002c11d-ba5d-47e6-844f-bf1d27a1bd9e","kind":"service","longitude":16.3305707,"latitude":48.1884394,"name":"Popsykkel","city":"Wien","address":null,"covered":null,"access":null,"website":null,"phone":null,"source":"OpenStreetMap/node/3759159535","sourceUpdatedAt":null,"verifiedAt":null}},{"type":"Feature","geometry":{"type":"Point","coordinates":[16.3404376,48.1779438]},"properties":{"id":"service:61a79971-d9c0-4aff-83b9-76b8d4f1906e","kind":"service","longitude":16.3404376,"latitude":48.1779438,"name":"26Zoll","city":"Wien","address":null,"covered":null,"access":null,"website":null,"phone":null,"source":"OpenStreetMap/node/13294461258","sourceUpdatedAt":null,"verifiedAt":null}},{"type":"Feature","geometry":{"type":"Point","coordinates":[16.3339053,48.1883412]},"properties":{"id":"service:74550049-b854-4a47-8202-05823758caf2","kind":"service","longitude":16.3339053,"latitude":48.1883412,"name":"Bicikli szervíz","city":"Vienna","address":null,"covered":null,"access":null,"website":null,"phone":null,"source":"OpenStreetMap/node/3754724140","sourceUpdatedAt":null,"verifiedAt":null}},{"type":"Feature","geometry":{"type":"Point","coordinates":[16.3449706,48.1857132]},"properties":{"id":"service:795bc1c3-113b-4923-9edc-49e1c57c4507","kind":"service","longitude":16.3449706,"latitude":48.1857132,"name":"Die Radwerkstatt","city":"Wien","address":null,"covered":null,"access":null,"website":null,"phone":null,"source":"OpenStreetMap/node/5610799188","sourceUpdatedAt":null,"verifiedAt":null}},{"type":"Feature","geometry":{"type":"Point","coordinates":[16.3443603,48.1941665]},"properties":{"id":"service:8cda0c58-d357-4b4e-a25a-b26c628eeaf9","kind":"service","longitude":16.3443603,"latitude":48.1941665,"name":"Bottega Veloce","city":"Wien","address":null,"covered":null,"access":null,"website":null,"phone":null,"source":"OpenStreetMap/node/7465008581","sourceUpdatedAt":null,"verifiedAt":null}},{"type":"Feature","geometry":{"type":"Point","coordinates":[16.3467644,48.1874419]},"properties":{"id":"service:971e98e1-33b9-4833-874d-f8898b09a2de","kind":"service","longitude":16.3467644,"latitude":48.1874419,"name":"Heavy Pedals","city":"Wien","address":null,"covered":null,"access":null,"website":null,"phone":null,"source":"OpenStreetMap/node/3527744085","sourceUpdatedAt":null,"verifiedAt":null}},{"type":"Feature","geometry":{"type":"Point","coordinates":[16.3162895,48.1926464]},"properties":{"id":"service:b01c9b84-f11a-41f8-af43-eef4a0e0e4a6","kind":"service","longitude":16.3162895,"latitude":48.1926464,"name":"Velobis","city":"Wien","address":null,"covered":null,"access":null,"website":null,"phone":null,"source":"OpenStreetMap/node/5152281601","sourceUpdatedAt":null,"verifiedAt":null}},{"type":"Feature","geometry":{"type":"Point","coordinates":[16.3469517,48.1909686]},"properties":{"id":"service:b245767d-713f-47be-94fe-dde627082426","kind":"service","longitude":16.3469517,"latitude":48.1909686,"name":"Cooperative Fahrrad","city":"Wien","address":null,"covered":null,"access":null,"website":null,"phone":null,"source":"OpenStreetMap/node/1256839759","sourceUpdatedAt":null,"verifiedAt":null}},{"type":"Feature","geometry":{"type":"Point","coordinates":[16.3209063,48.1852781]},"properties":{"id":"service:b7f24afa-52f6-4ef7-9f37-8c950f4da125","kind":"service","longitude":16.3209063,"latitude":48.1852781,"name":"Bikeservice","city":"Wien","address":null,"covered":null,"access":null,"website":null,"phone":null,"source":"OpenStreetMap/node/4881845348","sourceUpdatedAt":null,"verifiedAt":null}},{"type":"Feature","geometry":{"type":"Point","coordinates":[16.3377793,48.17249]},"properties":{"id":"service:cef92103-4fb4-4fbf-9917-95d0962934fe","kind":"service","longitude":16.3377793,"latitude":48.17249,"name":"Fahrradstation","city":"Wien","address":null,"covered":null,"access":null,"website":null,"phone":null,"source":"OpenStreetMap/node/5165452070","sourceUpdatedAt":null,"verifiedAt":null}},{"type":"Feature","geometry":{"type":"Point","coordinates":[16.3234667,48.1906384]},"properties":{"id":"service:d0740729-e2f9-4e05-8b36-0e60e0d6e30e","kind":"service","longitude":16.3234667,"latitude":48.1906384,"name":"Bike City","city":"Wien","address":null,"covered":null,"access":null,"website":null,"phone":null,"source":"OpenStreetMap/node/8758112046","sourceUpdatedAt":null,"verifiedAt":null}},{"type":"Feature","geometry":{"type":"Point","coordinates":[16.3365661,48.1852556]},"properties":{"id":"service:e59a3830-95cb-42b6-bda2-5b80e699e7d6","kind":"service","longitude":16.3365661,"latitude":48.1852556,"name":"Edis Fahrrad","city":"Wien","address":null,"covered":null,"access":null,"website":null,"phone":null,"source":"OpenStreetMap/node/10723344542","sourceUpdatedAt":null,"verifiedAt":null}},{"type":"Feature","geometry":{"type":"Point","coordinates":[16.3346939,48.1844786]},"properties":{"id":"water:00b7777e-63ac-4689-98b2-3e201835a954","kind":"water","longitude":16.3346939,"latitude":48.1844786,"name":"Ivókút","city":"Vienna","address":null,"covered":null,"access":null,"website":null,"phone":null,"source":"OpenStreetMap/node/12702183770","sourceUpdatedAt":null,"verifiedAt":null}},{"type":"Feature","geometry":{"type":"Point","coordinates":[16.3040776,48.1818435]},"properties":{"id":"water:00d81d8b-e71a-4755-8049-9d3bc11006a2","kind":"water","longitude":16.3040776,"latitude":48.1818435,"name":"Ivókút","city":"Vosendorf","address":null,"covered":null,"access":null,"website":null,"phone":null,"source":"OpenStreetMap/node/2715690458","sourceUpdatedAt":null,"verifiedAt":null}},{"type":"Feature","geometry":{"type":"Point","coordinates":[16.3415084,48.1728289]},"properties":{"id":"water:02615ae4-dcf5-47a8-9b9a-1b2a3fd77482","kind":"water","longitude":16.3415084,"latitude":48.1728289,"name":"Ivókút","city":"Vienna","address":null,"covered":null,"access":null,"website":null,"phone":null,"source":"OpenStreetMap/node/9919765314","sourceUpdatedAt":null,"verifiedAt":null}},{"type":"Feature","geometry":{"type":"Point","coordinates":[16.3331256,48.1809782]},"properties":{"id":"water:02d7ebe3-2866-4d30-a6f3-cc1a28630360","kind":"water","longitude":16.3331256,"latitude":48.1809782,"name":"Ivókút","city":"Vienna","address":null,"covered":null,"access":null,"website":null,"phone":null,"source":"OpenStreetMap/node/2476670261","sourceUpdatedAt":null,"verifiedAt":null}},{"type":"Feature","geometry":{"type":"Point","coordinates":[16.3382991,48.173513]},"properties":{"id":"water:051fa47e-5dd6-444c-8f1b-2c1e9542c974","kind":"water","longitude":16.3382991,"latitude":48.173513,"name":"Ivókút","city":"Vienna","address":null,"covered":null,"access":null,"website":null,"phone":null,"source":"OpenStreetMap/node/9925780475","sourceUpdatedAt":null,"verifiedAt":null}},{"type":"Feature","geometry":{"type":"Point","coordinates":[16.3423863,48.1878737]},"properties":{"id":"water:06b89de3-9f76-4fdc-bf79-9f39c7005823","kind":"water","longitude":16.3423863,"latitude":48.1878737,"name":"Ivókút","city":"Vienna","address":null,"covered":null,"access":null,"website":null,"phone":null,"source":"OpenStreetMap/node/1307584951","sourceUpdatedAt":null,"verifiedAt":null}},{"type":"Feature","geometry":{"type":"Point","coordinates":[16.3439387,48.193809]},"properties":{"id":"water:0928057d-6210-4d1f-a0ef-a553040969df","kind":"water","longitude":16.3439387,"latitude":48.193809,"name":"Ivókút","city":"Vienna","address":null,"covered":null,"access":null,"website":null,"phone":null,"source":"OpenStreetMap/node/5031620507","sourceUpdatedAt":null,"verifiedAt":null}},{"type":"Feature","geometry":{"type":"Point","coordinates":[16.3063587,48.1692571]},"properties":{"id":"water:0949a46f-f647-4dcf-a09b-83b86fa436d7","kind":"water","longitude":16.3063587,"latitude":48.1692571,"name":"Ivókút","city":"Vosendorf","address":null,"covered":null,"access":null,"website":null,"phone":null,"source":"OpenStreetMap/node/12003256317","sourceUpdatedAt":null,"verifiedAt":null}},{"type":"Feature","geometry":{"type":"Point","coordinates":[16.3445652,48.1803023]},"properties":{"id":"water:09a69ee9-aa33-40ee-91de-e1a4bbdd46b7","kind":"water","longitude":16.3445652,"latitude":48.1803023,"name":"Ivókút","city":"Vienna","address":null,"covered":null,"access":null,"website":null,"phone":null,"source":"OpenStreetMap/node/1559089408","sourceUpdatedAt":null,"verifiedAt":null}},{"type":"Feature","geometry":{"type":"Point","coordinates":[16.3342829,48.1731227]},"properties":{"id":"water:0bc52dae-ea70-4b85-9382-65729232d0c4","kind":"water","longitude":16.3342829,"latitude":48.1731227,"name":"Ivókút","city":"Vienna","address":null,"covered":null,"access":null,"website":null,"phone":null,"source":"OpenStreetMap/node/9929154861","sourceUpdatedAt":null,"verifiedAt":null}},{"type":"Feature","geometry":{"type":"Point","coordinates":[16.3301634,48.1758067]},"properties":{"id":"water:0c8bc538-29b8-4c5c-a7a6-0ecea47bbf9b","kind":"water","longitude":16.3301634,"latitude":48.1758067,"name":"Ivókút","city":"Vienna","address":null,"covered":null,"access":null,"website":null,"phone":null,"source":"OpenStreetMap/node/10171243990","sourceUpdatedAt":null,"verifiedAt":null}},{"type":"Feature","geometry":{"type":"Point","coordinates":[16.3160707,48.185832]},"properties":{"id":"water:0d807069-a16f-479f-858b-0d58a578a59c","kind":"water","longitude":16.3160707,"latitude":48.185832,"name":"Ivókút","city":"Vienna","address":null,"covered":null,"access":null,"website":null,"phone":null,"source":"OpenStreetMap/node/3006741687","sourceUpdatedAt":null,"verifiedAt":null}},{"type":"Feature","geometry":{"type":"Point","coordinates":[16.3360862,48.1945425]},"properties":{"id":"water:0e13381d-d216-455a-9375-9aafadbf173d","kind":"water","longitude":16.3360862,"latitude":48.1945425,"name":"Ivókút","city":"Vienna","address":null,"covered":null,"access":null,"website":null,"phone":null,"source":"OpenStreetMap/node/13281225637","sourceUpdatedAt":null,"verifiedAt":null}},{"type":"Feature","geometry":{"type":"Point","coordinates":[16.3152647,48.1912963]},"properties":{"id":"water:0ff5a254-bd8e-4544-bbb3-032ca3d0c6e7","kind":"water","longitude":16.3152647,"latitude":48.1912963,"name":"Ivókút","city":"Vienna","address":null,"covered":null,"access":null,"website":null,"phone":null,"source":"OpenStreetMap/node/3038952566","sourceUpdatedAt":null,"verifiedAt":null}},{"type":"Feature","geometry":{"type":"Point","coordinates":[16.3365452,48.1949633]},"properties":{"id":"water:103c8314-a91f-4d34-8d41-58c7a9c87625","kind":"water","longitude":16.3365452,"latitude":48.1949633,"name":"Ivókút","city":"Vienna","address":null,"covered":null,"access":null,"website":null,"phone":null,"source":"OpenStreetMap/node/13042805461","sourceUpdatedAt":null,"verifiedAt":null}},{"type":"Feature","geometry":{"type":"Point","coordinates":[16.3053429,48.1825147]},"properties":{"id":"water:1045dd5f-558c-48d7-bf8c-704a232ae52e","kind":"water","longitude":16.3053429,"latitude":48.1825147,"name":"Ivókút","city":"Vosendorf","address":null,"covered":null,"access":null,"website":null,"phone":null,"source":"OpenStreetMap/node/13140837357","sourceUpdatedAt":null,"verifiedAt":null}},{"type":"Feature","geometry":{"type":"Point","coordinates":[16.3234728,48.1887153]},"properties":{"id":"water:110ba575-d191-451c-8fd1-0c76dcc5e9f6","kind":"water","longitude":16.3234728,"latitude":48.1887153,"name":"Ivókút","city":"Vienna","address":null,"covered":null,"access":null,"website":null,"phone":null,"source":"OpenStreetMap/node/13052309315","sourceUpdatedAt":null,"verifiedAt":null}},{"type":"Feature","geometry":{"type":"Point","coordinates":[16.3177919,48.1792022]},"properties":{"id":"water:149eb667-c3ff-4cda-821e-a545615fe6f4","kind":"water","longitude":16.3177919,"latitude":48.1792022,"name":"Ivókút","city":"Vienna","address":null,"covered":null,"access":null,"website":null,"phone":null,"source":"OpenStreetMap/node/10137796562","sourceUpdatedAt":null,"verifiedAt":null}},{"type":"Feature","geometry":{"type":"Point","coordinates":[16.3208307,48.1708703]},"properties":{"id":"water:1573b7b8-150f-4cc7-b60b-ad015d9e0ec8","kind":"water","longitude":16.3208307,"latitude":48.1708703,"name":"Ivókút","city":"Vosendorf","address":null,"covered":null,"access":null,"website":null,"phone":null,"source":"OpenStreetMap/node/291571632","sourceUpdatedAt":null,"verifiedAt":null}},{"type":"Feature","geometry":{"type":"Point","coordinates":[16.3450268,48.1876993]},"properties":{"id":"water:1abcdf1f-51da-4e22-86b5-517a9a95e51c","kind":"water","longitude":16.3450268,"latitude":48.1876993,"name":"Ivókút","city":"Vienna","address":null,"covered":null,"access":null,"website":null,"phone":null,"source":"OpenStreetMap/node/13039261872","sourceUpdatedAt":null,"verifiedAt":null}},{"type":"Feature","geometry":{"type":"Point","coordinates":[16.3383559,48.1928818]},"properties":{"id":"water:26f581b9-9fbb-4de6-bc09-b65ca014a6c5","kind":"water","longitude":16.3383559,"latitude":48.1928818,"name":"Ivókút","city":"Vienna","address":null,"covered":null,"access":null,"website":null,"phone":null,"source":"OpenStreetMap/node/9165059666","sourceUpdatedAt":null,"verifiedAt":null}},{"type":"Feature","geometry":{"type":"Point","coordinates":[16.305214,48.18239]},"properties":{"id":"water:28f3ab5a-e587-47cd-96e8-b17230f72462","kind":"water","longitude":16.305214,"latitude":48.18239,"name":"Ivókút","city":"Vosendorf","address":null,"covered":null,"access":null,"website":null,"phone":null,"source":"OpenStreetMap/node/2773356957","sourceUpdatedAt":null,"verifiedAt":null}},{"type":"Feature","geometry":{"type":"Point","coordinates":[16.3177118,48.1902998]},"properties":{"id":"water:2910c31d-9586-41ed-9701-e0dbf974328a","kind":"water","longitude":16.3177118,"latitude":48.1902998,"name":"Brunnhilde","city":"Vienna","address":null,"covered":null,"access":null,"website":null,"phone":null,"source":"OpenStreetMap/node/13052257299","sourceUpdatedAt":null,"verifiedAt":null}},{"type":"Feature","geometry":{"type":"Point","coordinates":[16.3269184,48.1897684]},"properties":{"id":"water:2d9a5803-788f-499a-a462-c9b2b3995d58","kind":"water","longitude":16.3269184,"latitude":48.1897684,"name":"Ivókút","city":"Vienna","address":null,"covered":null,"access":null,"website":null,"phone":null,"source":"OpenStreetMap/node/3544724980","sourceUpdatedAt":null,"verifiedAt":null}},{"type":"Feature","geometry":{"type":"Point","coordinates":[16.339022,48.1888253]},"properties":{"id":"water:2f5b2baa-54ed-4df0-8d28-01857bcc7b8c","kind":"water","longitude":16.339022,"latitude":48.1888253,"name":"Ivókút","city":"Vienna","address":null,"covered":null,"access":null,"website":null,"phone":null,"source":"OpenStreetMap/node/8761768359","sourceUpdatedAt":null,"verifiedAt":null}},{"type":"Feature","geometry":{"type":"Point","coordinates":[16.3338019,48.1739095]},"properties":{"id":"water:2ff422d9-ec2d-45e6-9089-6cfcd2a13e27","kind":"water","longitude":16.3338019,"latitude":48.1739095,"name":"Ivókút","city":"Vienna","address":null,"covered":null,"access":null,"website":null,"phone":null,"source":"OpenStreetMap/node/9925773591","sourceUpdatedAt":null,"verifiedAt":null}},{"type":"Feature","geometry":{"type":"Point","coordinates":[16.316908,48.1887487]},"properties":{"id":"water:317ba404-0298-4f6c-9d8b-5368efd7be9d","kind":"water","longitude":16.316908,"latitude":48.1887487,"name":"Ivókút","city":"Vienna","address":null,"covered":null,"access":null,"website":null,"phone":null,"source":"OpenStreetMap/node/1841617479","sourceUpdatedAt":null,"verifiedAt":null}},{"type":"Feature","geometry":{"type":"Point","coordinates":[16.3055069,48.1825434]},"properties":{"id":"water:34b506e9-758f-46e2-9833-d074fbb51300","kind":"water","longitude":16.3055069,"latitude":48.1825434,"name":"Ivókút","city":"Vosendorf","address":null,"covered":null,"access":null,"website":null,"phone":null,"source":"OpenStreetMap/node/13140820025","sourceUpdatedAt":null,"verifiedAt":null}},{"type":"Feature","geometry":{"type":"Point","coordinates":[16.3341469,48.1898557]},"properties":{"id":"water:34ef7429-349d-48fb-9850-91b129247f1f","kind":"water","longitude":16.3341469,"latitude":48.1898557,"name":"Ivókút","city":"Vienna","address":null,"covered":null,"access":null,"website":null,"phone":null,"source":"OpenStreetMap/node/9165088314","sourceUpdatedAt":null,"verifiedAt":null}},{"type":"Feature","geometry":{"type":"Point","coordinates":[16.3360424,48.1731196]},"properties":{"id":"water:3640bd15-1e38-4889-9d1c-509237e0cc30","kind":"water","longitude":16.3360424,"latitude":48.1731196,"name":"Ivókút","city":"Vienna","address":null,"covered":null,"access":null,"website":null,"phone":null,"source":"OpenStreetMap/node/9953344094","sourceUpdatedAt":null,"verifiedAt":null}},{"type":"Feature","geometry":{"type":"Point","coordinates":[16.339847,48.191897]},"properties":{"id":"water:3a07e0ce-ddd4-4662-aa18-d7c3ea0cb77e","kind":"water","longitude":16.339847,"latitude":48.191897,"name":"Ivókút","city":"Vienna","address":null,"covered":null,"access":null,"website":null,"phone":null,"source":"OpenStreetMap/node/9084741649","sourceUpdatedAt":null,"verifiedAt":null}},{"type":"Feature","geometry":{"type":"Point","coordinates":[16.3300048,48.181345]},"properties":{"id":"water:3ded735a-3983-44a8-8080-db14f5c5cf60","kind":"water","longitude":16.3300048,"latitude":48.181345,"name":"Ivókút","city":"Vienna","address":null,"covered":null,"access":null,"website":null,"phone":null,"source":"OpenStreetMap/node/1768916414","sourceUpdatedAt":null,"verifiedAt":null}},{"type":"Feature","geometry":{"type":"Point","coordinates":[16.3283132,48.1806173]},"properties":{"id":"water:40ab3b64-5ca3-47b5-ab7d-411d00a7416b","kind":"water","longitude":16.3283132,"latitude":48.1806173,"name":"Ivókút","city":"Vienna","address":null,"covered":null,"access":null,"website":null,"phone":null,"source":"OpenStreetMap/node/6329666519","sourceUpdatedAt":null,"verifiedAt":null}},{"type":"Feature","geometry":{"type":"Point","coordinates":[16.3346709,48.1789035]},"properties":{"id":"water:4b2ad316-36ee-49b4-b9d6-2adcc1dfc2cf","kind":"water","longitude":16.3346709,"latitude":48.1789035,"name":"Ivókút","city":"Vienna","address":null,"covered":null,"access":null,"website":null,"phone":null,"source":"OpenStreetMap/node/10951497848","sourceUpdatedAt":null,"verifiedAt":null}},{"type":"Feature","geometry":{"type":"Point","coordinates":[16.3328698,48.1802624]},"properties":{"id":"water:4b583194-bf15-431f-bbf1-a400eb9771df","kind":"water","longitude":16.3328698,"latitude":48.1802624,"name":"Ivókút","city":"Vienna","address":null,"covered":null,"access":null,"website":null,"phone":null,"source":"OpenStreetMap/node/3427411219","sourceUpdatedAt":null,"verifiedAt":null}},{"type":"Feature","geometry":{"type":"Point","coordinates":[16.3406725,48.1738347]},"properties":{"id":"water:50be1a9d-e8c0-46df-b041-fad750604e3a","kind":"water","longitude":16.3406725,"latitude":48.1738347,"name":"Ivókút","city":"Vienna","address":null,"covered":null,"access":null,"website":null,"phone":null,"source":"OpenStreetMap/node/9919765305","sourceUpdatedAt":null,"verifiedAt":null}},{"type":"Feature","geometry":{"type":"Point","coordinates":[16.3049783,48.1879431]},"properties":{"id":"water:50eac8bd-f5d9-4d82-907f-2b20eb22a28a","kind":"water","longitude":16.3049783,"latitude":48.1879431,"name":"Ivókút","city":"Vienna","address":null,"covered":null,"access":null,"website":null,"phone":null,"source":"OpenStreetMap/node/10871221282","sourceUpdatedAt":null,"verifiedAt":null}},{"type":"Feature","geometry":{"type":"Point","coordinates":[16.3453641,48.1800925]},"properties":{"id":"water:56fdd3d6-e20b-4996-af1a-b558288d966f","kind":"water","longitude":16.3453641,"latitude":48.1800925,"name":"Ivókút","city":"Vienna","address":null,"covered":null,"access":null,"website":null,"phone":null,"source":"OpenStreetMap/node/11057253290","sourceUpdatedAt":null,"verifiedAt":null}},{"type":"Feature","geometry":{"type":"Point","coordinates":[16.3348881,48.1811993]},"properties":{"id":"water:5768cb82-a6d3-499f-8acf-72a15b76bb5b","kind":"water","longitude":16.3348881,"latitude":48.1811993,"name":"Ivókút","city":"Vienna","address":null,"covered":null,"access":null,"website":null,"phone":null,"source":"OpenStreetMap/node/2962259939","sourceUpdatedAt":null,"verifiedAt":null}},{"type":"Feature","geometry":{"type":"Point","coordinates":[16.3350659,48.1738569]},"properties":{"id":"water:57a2cf01-312f-4cb3-95b2-595858bd0c11","kind":"water","longitude":16.3350659,"latitude":48.1738569,"name":"Ivókút","city":"Vienna","address":null,"covered":null,"access":null,"website":null,"phone":null,"source":"OpenStreetMap/node/9929154859","sourceUpdatedAt":null,"verifiedAt":null}},{"type":"Feature","geometry":{"type":"Point","coordinates":[16.3330741,48.192303]},"properties":{"id":"water:5a28a0a7-bfb1-4bf9-a601-10604a0bb0b4","kind":"water","longitude":16.3330741,"latitude":48.192303,"name":"Ivókút","city":"Vienna","address":null,"covered":null,"access":null,"website":null,"phone":null,"source":"OpenStreetMap/node/13281201753","sourceUpdatedAt":null,"verifiedAt":null}},{"type":"Feature","geometry":{"type":"Point","coordinates":[16.347504,48.1876695]},"properties":{"id":"water:5b1f11cd-eadf-43b7-8633-4d95fddc99da","kind":"water","longitude":16.347504,"latitude":48.1876695,"name":"Ivókút","city":"Vienna","address":null,"covered":null,"access":null,"website":null,"phone":null,"source":"OpenStreetMap/node/1855008572","sourceUpdatedAt":null,"verifiedAt":null}},{"type":"Feature","geometry":{"type":"Point","coordinates":[16.3335733,48.1865175]},"properties":{"id":"water:6176923a-cc04-4984-ac3d-2005c8641557","kind":"water","longitude":16.3335733,"latitude":48.1865175,"name":"Ivókút","city":"Vienna","address":null,"covered":null,"access":null,"website":null,"phone":null,"source":"OpenStreetMap/node/904303260","sourceUpdatedAt":null,"verifiedAt":null}},{"type":"Feature","geometry":{"type":"Point","coordinates":[16.3316449,48.1737691]},"properties":{"id":"water:674ac073-bc20-4eeb-98ad-a08753d347a8","kind":"water","longitude":16.3316449,"latitude":48.1737691,"name":"Ivókút","city":"Vienna","address":null,"covered":null,"access":null,"website":null,"phone":null,"source":"OpenStreetMap/node/10857830351","sourceUpdatedAt":null,"verifiedAt":null}},{"type":"Feature","geometry":{"type":"Point","coordinates":[16.3399227,48.1725583]},"properties":{"id":"water:6b2ae933-d9f1-409a-acb4-144e7ff4a2cb","kind":"water","longitude":16.3399227,"latitude":48.1725583,"name":"Ivókút","city":"Vienna","address":null,"covered":null,"access":null,"website":null,"phone":null,"source":"OpenStreetMap/node/9919938266","sourceUpdatedAt":null,"verifiedAt":null}},{"type":"Feature","geometry":{"type":"Point","coordinates":[16.3313304,48.1821445]},"properties":{"id":"water:6d2e073d-c079-4199-a228-ade3740a0124","kind":"water","longitude":16.3313304,"latitude":48.1821445,"name":"Ivókút","city":"Vienna","address":null,"covered":null,"access":null,"website":null,"phone":null,"source":"OpenStreetMap/node/9609783437","sourceUpdatedAt":null,"verifiedAt":null}},{"type":"Feature","geometry":{"type":"Point","coordinates":[16.335173,48.187732]},"properties":{"id":"water:6e1450b5-da94-4e44-8dda-3680ece9de2e","kind":"water","longitude":16.335173,"latitude":48.187732,"name":"Ivókút","city":"Vienna","address":null,"covered":null,"access":null,"website":null,"phone":null,"source":"OpenStreetMap/node/872404428","sourceUpdatedAt":null,"verifiedAt":null}},{"type":"Feature","geometry":{"type":"Point","coordinates":[16.3101591,48.1831782]},"properties":{"id":"water:7139ce13-c668-4b5d-b43d-eaeec5704e76","kind":"water","longitude":16.3101591,"latitude":48.1831782,"name":"Ivókút","city":"Vienna","address":null,"covered":null,"access":null,"website":null,"phone":null,"source":"OpenStreetMap/node/1873009803","sourceUpdatedAt":null,"verifiedAt":null}},{"type":"Feature","geometry":{"type":"Point","coordinates":[16.3183639,48.1889173]},"properties":{"id":"water:71668d2c-bc5a-4cb5-9b2c-ccd7d59ae80b","kind":"water","longitude":16.3183639,"latitude":48.1889173,"name":"Ivókút","city":"Vienna","address":null,"covered":null,"access":null,"website":null,"phone":null,"source":"OpenStreetMap/node/3038952564","sourceUpdatedAt":null,"verifiedAt":null}},{"type":"Feature","geometry":{"type":"Point","coordinates":[16.3414569,48.1921444]},"properties":{"id":"water:74da4041-9f53-4723-b0ca-ca93bfd3456f","kind":"water","longitude":16.3414569,"latitude":48.1921444,"name":"Ivókút","city":"Vienna","address":null,"covered":null,"access":null,"website":null,"phone":null,"source":"OpenStreetMap/node/13098585772","sourceUpdatedAt":null,"verifiedAt":null}},{"type":"Feature","geometry":{"type":"Point","coordinates":[16.33771,48.1950738]},"properties":{"id":"water:7c5a5b04-53b7-441a-9da7-74f0e618eb80","kind":"water","longitude":16.33771,"latitude":48.1950738,"name":"Ivókút","city":"Vienna","address":null,"covered":null,"access":null,"website":null,"phone":null,"source":"OpenStreetMap/node/13281159545","sourceUpdatedAt":null,"verifiedAt":null}},{"type":"Feature","geometry":{"type":"Point","coordinates":[16.3403948,48.1927086]},"properties":{"id":"water:7ea4a77f-7f1e-4aa7-a05b-36a4cda67827","kind":"water","longitude":16.3403948,"latitude":48.1927086,"name":"Ivókút","city":"Vienna","address":null,"covered":null,"access":null,"website":null,"phone":null,"source":"OpenStreetMap/node/13098585781","sourceUpdatedAt":null,"verifiedAt":null}},{"type":"Feature","geometry":{"type":"Point","coordinates":[16.332461,48.1735029]},"properties":{"id":"water:800a99fa-3a49-44ab-9523-51dea7b9184e","kind":"water","longitude":16.332461,"latitude":48.1735029,"name":"Ivókút","city":"Vienna","address":null,"covered":null,"access":null,"website":null,"phone":null,"source":"OpenStreetMap/node/9925778554","sourceUpdatedAt":null,"verifiedAt":null}},{"type":"Feature","geometry":{"type":"Point","coordinates":[16.3433432,48.1883144]},"properties":{"id":"water:8521d81f-7dc5-49f4-b482-7422ab625344","kind":"water","longitude":16.3433432,"latitude":48.1883144,"name":"Ivókút","city":"Vienna","address":null,"covered":null,"access":null,"website":null,"phone":null,"source":"OpenStreetMap/node/291572059","sourceUpdatedAt":null,"verifiedAt":null}},{"type":"Feature","geometry":{"type":"Point","coordinates":[16.3436987,48.1936966]},"properties":{"id":"water:85d5b99c-2d81-4d94-b9c7-793ea99920c4","kind":"water","longitude":16.3436987,"latitude":48.1936966,"name":"Ivókút","city":"Vienna","address":null,"covered":null,"access":null,"website":null,"phone":null,"source":"OpenStreetMap/node/5031620506","sourceUpdatedAt":null,"verifiedAt":null}},{"type":"Feature","geometry":{"type":"Point","coordinates":[16.3377899,48.173543]},"properties":{"id":"water:863cc25b-ab47-41fc-9bd3-3ae6158c75fa","kind":"water","longitude":16.3377899,"latitude":48.173543,"name":"Ivókút","city":"Vienna","address":null,"covered":null,"access":null,"website":null,"phone":null,"source":"OpenStreetMap/node/9905477692","sourceUpdatedAt":null,"verifiedAt":null}},{"type":"Feature","geometry":{"type":"Point","coordinates":[16.3387007,48.1739486]},"properties":{"id":"water:866edde9-f926-433c-8b70-03d7bb1709d3","kind":"water","longitude":16.3387007,"latitude":48.1739486,"name":"Ivókút","city":"Vienna","address":null,"covered":null,"access":null,"website":null,"phone":null,"source":"OpenStreetMap/node/9929175915","sourceUpdatedAt":null,"verifiedAt":null}},{"type":"Feature","geometry":{"type":"Point","coordinates":[16.340737,48.1819151]},"properties":{"id":"water:89be3096-cc45-433d-9e21-61760f06cf4f","kind":"water","longitude":16.340737,"latitude":48.1819151,"name":"Ivókút","city":"Vienna","address":null,"covered":null,"access":null,"website":null,"phone":null,"source":"OpenStreetMap/node/2027181348","sourceUpdatedAt":null,"verifiedAt":null}},{"type":"Feature","geometry":{"type":"Point","coordinates":[16.3352688,48.1732431]},"properties":{"id":"water:8a33fc95-dd91-426d-87ea-507f19483331","kind":"water","longitude":16.3352688,"latitude":48.1732431,"name":"Ivókút","city":"Vienna","address":null,"covered":null,"access":null,"website":null,"phone":null,"source":"OpenStreetMap/node/9953344091","sourceUpdatedAt":null,"verifiedAt":null}},{"type":"Feature","geometry":{"type":"Point","coordinates":[16.3376516,48.1935323]},"properties":{"id":"water:8a627646-e698-4737-900e-f47d643837c9","kind":"water","longitude":16.3376516,"latitude":48.1935323,"name":"Ivókút","city":"Vienna","address":null,"covered":null,"access":null,"website":null,"phone":null,"source":"OpenStreetMap/node/12244275322","sourceUpdatedAt":null,"verifiedAt":null}},{"type":"Feature","geometry":{"type":"Point","coordinates":[16.3237751,48.1913778]},"properties":{"id":"water:8be78407-a78f-4e15-938a-dd6999239ef9","kind":"water","longitude":16.3237751,"latitude":48.1913778,"name":"Ivókút","city":"Vienna","address":null,"covered":null,"access":null,"website":null,"phone":null,"source":"OpenStreetMap/node/9164858772","sourceUpdatedAt":null,"verifiedAt":null}},{"type":"Feature","geometry":{"type":"Point","coordinates":[16.3277799,48.1822349]},"properties":{"id":"water:8cf7da16-21da-47c5-90e5-659aec376c06","kind":"water","longitude":16.3277799,"latitude":48.1822349,"name":"Ivókút","city":"Vienna","address":null,"covered":null,"access":null,"website":null,"phone":null,"source":"OpenStreetMap/node/7671125755","sourceUpdatedAt":null,"verifiedAt":null}},{"type":"Feature","geometry":{"type":"Point","coordinates":[16.3259687,48.1664617]},"properties":{"id":"water:8d406b60-d049-4086-939c-e72020703baf","kind":"water","longitude":16.3259687,"latitude":48.1664617,"name":"Ivókút","city":"Vosendorf","address":null,"covered":null,"access":null,"website":null,"phone":null,"source":"OpenStreetMap/node/741566872","sourceUpdatedAt":null,"verifiedAt":null}},{"type":"Feature","geometry":{"type":"Point","coordinates":[16.3427594,48.1736249]},"properties":{"id":"water:8e9255fc-69c1-45f6-b776-7917234b6673","kind":"water","longitude":16.3427594,"latitude":48.1736249,"name":"Ivókút","city":"Vienna","address":null,"covered":null,"access":null,"website":null,"phone":null,"source":"OpenStreetMap/node/742385783","sourceUpdatedAt":null,"verifiedAt":null}},{"type":"Feature","geometry":{"type":"Point","coordinates":[16.304673,48.185296]},"properties":{"id":"water:90f81efe-92bb-4cbe-b287-b3d831450276","kind":"water","longitude":16.304673,"latitude":48.185296,"name":"Ivókút","city":"Vienna","address":null,"covered":null,"access":null,"website":null,"phone":null,"source":"OpenStreetMap/node/1873010719","sourceUpdatedAt":null,"verifiedAt":null}},{"type":"Feature","geometry":{"type":"Point","coordinates":[16.3099444,48.1830062]},"properties":{"id":"water:9171398a-6db8-4c2c-b7c3-283927c75d00","kind":"water","longitude":16.3099444,"latitude":48.1830062,"name":"Ivókút","city":"Vienna","address":null,"covered":null,"access":null,"website":null,"phone":null,"source":"OpenStreetMap/node/4418521794","sourceUpdatedAt":null,"verifiedAt":null}},{"type":"Feature","geometry":{"type":"Point","coordinates":[16.3415303,48.1923905]},"properties":{"id":"water:91c1a967-1ee0-4156-bc8f-32a9df33aec4","kind":"water","longitude":16.3415303,"latitude":48.1923905,"name":"Ivókút","city":"Vienna","address":null,"covered":null,"access":null,"website":null,"phone":null,"source":"OpenStreetMap/node/13130750201","sourceUpdatedAt":null,"verifiedAt":null}},{"type":"Feature","geometry":{"type":"Point","coordinates":[16.3352949,48.1787597]},"properties":{"id":"water:91d8dec8-c05e-4386-b23f-3a86de994288","kind":"water","longitude":16.3352949,"latitude":48.1787597,"name":"Ivókút","city":"Vienna","address":null,"covered":null,"access":null,"website":null,"phone":null,"source":"OpenStreetMap/node/10951497849","sourceUpdatedAt":null,"verifiedAt":null}},{"type":"Feature","geometry":{"type":"Point","coordinates":[16.3056619,48.18988]},"properties":{"id":"water:9312556d-71c0-4e2b-b2a3-a7d8ed97e05f","kind":"water","longitude":16.3056619,"latitude":48.18988,"name":"Ivókút","city":"Vienna","address":null,"covered":null,"access":null,"website":null,"phone":null,"source":"OpenStreetMap/node/12823787740","sourceUpdatedAt":null,"verifiedAt":null}},{"type":"Feature","geometry":{"type":"Point","coordinates":[16.3315192,48.1931176]},"properties":{"id":"water:9412b6ce-7540-42ab-9a30-6cc692abbb21","kind":"water","longitude":16.3315192,"latitude":48.1931176,"name":"Ivókút","city":"Vienna","address":null,"covered":null,"access":null,"website":null,"phone":null,"source":"OpenStreetMap/node/12144666506","sourceUpdatedAt":null,"verifiedAt":null}},{"type":"Feature","geometry":{"type":"Point","coordinates":[16.3364558,48.1739658]},"properties":{"id":"water:96c0af11-2190-4168-9725-fb97b0fc88f1","kind":"water","longitude":16.3364558,"latitude":48.1739658,"name":"Ivókút","city":"Vienna","address":null,"covered":null,"access":null,"website":null,"phone":null,"source":"OpenStreetMap/node/9953344085","sourceUpdatedAt":null,"verifiedAt":null}},{"type":"Feature","geometry":{"type":"Point","coordinates":[16.3396797,48.1888872]},"properties":{"id":"water:9be13293-cdb5-4b53-a582-01aa24a0029c","kind":"water","longitude":16.3396797,"latitude":48.1888872,"name":"Ivókút","city":"Vienna","address":null,"covered":null,"access":null,"website":null,"phone":null,"source":"OpenStreetMap/node/904303251","sourceUpdatedAt":null,"verifiedAt":null}},{"type":"Feature","geometry":{"type":"Point","coordinates":[16.3370785,48.1866713]},"properties":{"id":"water:9c4b7f44-b203-49fb-8c4e-4cdd63d412c5","kind":"water","longitude":16.3370785,"latitude":48.1866713,"name":"Ivókút","city":"Vienna","address":null,"covered":null,"access":null,"website":null,"phone":null,"source":"OpenStreetMap/node/1307584952","sourceUpdatedAt":null,"verifiedAt":null}},{"type":"Feature","geometry":{"type":"Point","coordinates":[16.3344711,48.1945141]},"properties":{"id":"water:9d042e9a-5d55-4783-8bb2-c6fb76ee4ba3","kind":"water","longitude":16.3344711,"latitude":48.1945141,"name":"Ivókút","city":"Vienna","address":null,"covered":null,"access":null,"website":null,"phone":null,"source":"OpenStreetMap/node/9164847180","sourceUpdatedAt":null,"verifiedAt":null}},{"type":"Feature","geometry":{"type":"Point","coordinates":[16.3327377,48.1729907]},"properties":{"id":"water:9e2129e7-7413-4fc2-998c-3d47174898ff","kind":"water","longitude":16.3327377,"latitude":48.1729907,"name":"Ivókút","city":"Vosendorf","address":null,"covered":null,"access":null,"website":null,"phone":null,"source":"OpenStreetMap/node/9926648464","sourceUpdatedAt":null,"verifiedAt":null}},{"type":"Feature","geometry":{"type":"Point","coordinates":[16.3343395,48.1937221]},"properties":{"id":"water:a1469a22-5cd8-4cfd-a8e0-7675215a8aea","kind":"water","longitude":16.3343395,"latitude":48.1937221,"name":"Ivókút","city":"Vienna","address":null,"covered":null,"access":null,"website":null,"phone":null,"source":"OpenStreetMap/node/13281162003","sourceUpdatedAt":null,"verifiedAt":null}},{"type":"Feature","geometry":{"type":"Point","coordinates":[16.3464196,48.1663253]},"properties":{"id":"water:a34ac30c-5618-45b8-8c90-96c55415b6a5","kind":"water","longitude":16.3464196,"latitude":48.1663253,"name":"Ivókút","city":"Vosendorf","address":null,"covered":null,"access":null,"website":null,"phone":null,"source":"OpenStreetMap/node/13089133601","sourceUpdatedAt":null,"verifiedAt":null}},{"type":"Feature","geometry":{"type":"Point","coordinates":[16.3417363,48.1737312]},"properties":{"id":"water:a67ab5ba-9972-45d0-9b0e-fb53e90b7608","kind":"water","longitude":16.3417363,"latitude":48.1737312,"name":"Ivókút","city":"Vienna","address":null,"covered":null,"access":null,"website":null,"phone":null,"source":"OpenStreetMap/node/9919765308","sourceUpdatedAt":null,"verifiedAt":null}},{"type":"Feature","geometry":{"type":"Point","coordinates":[16.3306607,48.1734302]},"properties":{"id":"water:a6d3cb95-f63e-43e8-834b-02f179232645","kind":"water","longitude":16.3306607,"latitude":48.1734302,"name":"Ivókút","city":"Vosendorf","address":null,"covered":null,"access":null,"website":null,"phone":null,"source":"OpenStreetMap/node/13245898618","sourceUpdatedAt":null,"verifiedAt":null}},{"type":"Feature","geometry":{"type":"Point","coordinates":[16.3296295,48.180772]},"properties":{"id":"water:a74ee5f8-33ab-4e02-aed0-5b63921a170e","kind":"water","longitude":16.3296295,"latitude":48.180772,"name":"Ivókút","city":"Vienna","address":null,"covered":null,"access":null,"website":null,"phone":null,"source":"OpenStreetMap/node/9165059890","sourceUpdatedAt":null,"verifiedAt":null}},{"type":"Feature","geometry":{"type":"Point","coordinates":[16.3371642,48.193127]},"properties":{"id":"water:a9ab0b01-b118-4c5f-957c-61f1d1cb753f","kind":"water","longitude":16.3371642,"latitude":48.193127,"name":"Ivókút","city":"Vienna","address":null,"covered":null,"access":null,"website":null,"phone":null,"source":"OpenStreetMap/node/9164883329","sourceUpdatedAt":null,"verifiedAt":null}},{"type":"Feature","geometry":{"type":"Point","coordinates":[16.3303931,48.1893776]},"properties":{"id":"water:ac9ba009-57db-4b1d-909a-5367157bb458","kind":"water","longitude":16.3303931,"latitude":48.1893776,"name":"Ivókút","city":"Vienna","address":null,"covered":null,"access":null,"website":null,"phone":null,"source":"OpenStreetMap/node/8947339896","sourceUpdatedAt":null,"verifiedAt":null}},{"type":"Feature","geometry":{"type":"Point","coordinates":[16.3439543,48.1734902]},"properties":{"id":"water:acd53547-a3b8-4895-9a2f-a9e88e9bd5b7","kind":"water","longitude":16.3439543,"latitude":48.1734902,"name":"Ivókút","city":"Vienna","address":null,"covered":null,"access":null,"website":null,"phone":null,"source":"OpenStreetMap/node/742385787","sourceUpdatedAt":null,"verifiedAt":null}},{"type":"Feature","geometry":{"type":"Point","coordinates":[16.3423783,48.1941224]},"properties":{"id":"water:b0088421-cce6-4f30-892f-26efb9e740d4","kind":"water","longitude":16.3423783,"latitude":48.1941224,"name":"Ivókút","city":"Vienna","address":null,"covered":null,"access":null,"website":null,"phone":null,"source":"OpenStreetMap/node/872404492","sourceUpdatedAt":null,"verifiedAt":null}},{"type":"Feature","geometry":{"type":"Point","coordinates":[16.3117304,48.1914703]},"properties":{"id":"water:b1343036-4a7d-478e-8ae0-f92aca3cf720","kind":"water","longitude":16.3117304,"latitude":48.1914703,"name":"Ivókút","city":"Vienna","address":null,"covered":null,"access":null,"website":null,"phone":null,"source":"OpenStreetMap/node/12948978027","sourceUpdatedAt":null,"verifiedAt":null}},{"type":"Feature","geometry":{"type":"Point","coordinates":[16.3061179,48.181432]},"properties":{"id":"water:b14a6722-5233-4dc3-8fd4-57f49dcafb04","kind":"water","longitude":16.3061179,"latitude":48.181432,"name":"Ivókút","city":"Vosendorf","address":null,"covered":null,"access":null,"website":null,"phone":null,"source":"OpenStreetMap/node/2717576483","sourceUpdatedAt":null,"verifiedAt":null}},{"type":"Feature","geometry":{"type":"Point","coordinates":[16.3378627,48.1788346]},"properties":{"id":"water:b1f33689-0cfd-4cbf-8ad1-a002b54d28cd","kind":"water","longitude":16.3378627,"latitude":48.1788346,"name":"Ivókút","city":"Vienna","address":null,"covered":null,"access":null,"website":null,"phone":null,"source":"OpenStreetMap/node/10574520575","sourceUpdatedAt":null,"verifiedAt":null}},{"type":"Feature","geometry":{"type":"Point","coordinates":[16.3080322,48.1689454]},"properties":{"id":"water:b3c286a3-59b1-40ca-969e-a26e4c6110f9","kind":"water","longitude":16.3080322,"latitude":48.1689454,"name":"Ivókút","city":"Vosendorf","address":null,"covered":null,"access":null,"website":null,"phone":null,"source":"OpenStreetMap/node/8176228717","sourceUpdatedAt":null,"verifiedAt":null}},{"type":"Feature","geometry":{"type":"Point","coordinates":[16.3253895,48.1947799]},"properties":{"id":"water:b4cb37d4-d5e1-4c9f-9ddf-c73ef100e642","kind":"water","longitude":16.3253895,"latitude":48.1947799,"name":"Ivókút","city":"Vienna","address":null,"covered":null,"access":null,"website":null,"phone":null,"source":"OpenStreetMap/node/6335598771","sourceUpdatedAt":null,"verifiedAt":null}},{"type":"Feature","geometry":{"type":"Point","coordinates":[16.3299854,48.1912405]},"properties":{"id":"water:b5824e29-ff49-4b03-97ba-bff71400bde9","kind":"water","longitude":16.3299854,"latitude":48.1912405,"name":"Ivókút","city":"Vienna","address":null,"covered":null,"access":null,"website":null,"phone":null,"source":"OpenStreetMap/node/1772477578","sourceUpdatedAt":null,"verifiedAt":null}},{"type":"Feature","geometry":{"type":"Point","coordinates":[16.3329571,48.1952892]},"properties":{"id":"water:b6ca6960-91ee-43b1-a081-9e876ea83a90","kind":"water","longitude":16.3329571,"latitude":48.1952892,"name":"Ivókút","city":"Vienna","address":null,"covered":null,"access":null,"website":null,"phone":null,"source":"OpenStreetMap/node/13042805464","sourceUpdatedAt":null,"verifiedAt":null}},{"type":"Feature","geometry":{"type":"Point","coordinates":[16.3109651,48.1878692]},"properties":{"id":"water:b819c98c-c8b1-4c53-8692-0733e51dba62","kind":"water","longitude":16.3109651,"latitude":48.1878692,"name":"Ivókút","city":"Vienna","address":null,"covered":null,"access":null,"website":null,"phone":null,"source":"OpenStreetMap/node/3038952561","sourceUpdatedAt":null,"verifiedAt":null}},{"type":"Feature","geometry":{"type":"Point","coordinates":[16.3340492,48.1733584]},"properties":{"id":"water:b82c21bb-13a7-4c8a-a045-b863ef9ad837","kind":"water","longitude":16.3340492,"latitude":48.1733584,"name":"Ivókút","city":"Vienna","address":null,"covered":null,"access":null,"website":null,"phone":null,"source":"OpenStreetMap/node/9979721623","sourceUpdatedAt":null,"verifiedAt":null}},{"type":"Feature","geometry":{"type":"Point","coordinates":[16.3327777,48.189376]},"properties":{"id":"water:b86e633e-a470-4c3e-a930-d074f08bdbaf","kind":"water","longitude":16.3327777,"latitude":48.189376,"name":"Ivókút","city":"Vienna","address":null,"covered":null,"access":null,"website":null,"phone":null,"source":"OpenStreetMap/node/9164898257","sourceUpdatedAt":null,"verifiedAt":null}},{"type":"Feature","geometry":{"type":"Point","coordinates":[16.3155383,48.1765886]},"properties":{"id":"water:ba29b567-b346-4cfd-b4cd-09f39c57cd96","kind":"water","longitude":16.3155383,"latitude":48.1765886,"name":"Ivókút","city":"Vosendorf","address":null,"covered":null,"access":null,"website":null,"phone":null,"source":"OpenStreetMap/node/9467319554","sourceUpdatedAt":null,"verifiedAt":null}},{"type":"Feature","geometry":{"type":"Point","coordinates":[16.3469005,48.1817115]},"properties":{"id":"water:bb271e0c-f5e1-46e3-9525-2f8d26682ffc","kind":"water","longitude":16.3469005,"latitude":48.1817115,"name":"Ivókút","city":"Vienna","address":null,"covered":null,"access":null,"website":null,"phone":null,"source":"OpenStreetMap/node/9609786184","sourceUpdatedAt":null,"verifiedAt":null}},{"type":"Feature","geometry":{"type":"Point","coordinates":[16.3448861,48.1895832]},"properties":{"id":"water:bd358cd4-4aad-4634-85d5-32e73d9a54f5","kind":"water","longitude":16.3448861,"latitude":48.1895832,"name":"Ivókút","city":"Vienna","address":null,"covered":null,"access":null,"website":null,"phone":null,"source":"OpenStreetMap/node/1642136756","sourceUpdatedAt":null,"verifiedAt":null}},{"type":"Feature","geometry":{"type":"Point","coordinates":[16.3466153,48.1922658]},"properties":{"id":"water:bfcb879c-ba74-49b3-87e3-882849283c73","kind":"water","longitude":16.3466153,"latitude":48.1922658,"name":"Ivókút","city":"Vienna","address":null,"covered":null,"access":null,"website":null,"phone":null,"source":"OpenStreetMap/node/8890892104","sourceUpdatedAt":null,"verifiedAt":null}},{"type":"Feature","geometry":{"type":"Point","coordinates":[16.3332585,48.1893801]},"properties":{"id":"water:c3e2d097-1637-4c27-987a-71c2eef2230c","kind":"water","longitude":16.3332585,"latitude":48.1893801,"name":"Ivókút","city":"Vienna","address":null,"covered":null,"access":null,"website":null,"phone":null,"source":"OpenStreetMap/node/9164865471","sourceUpdatedAt":null,"verifiedAt":null}},{"type":"Feature","geometry":{"type":"Point","coordinates":[16.3419607,48.1733035]},"properties":{"id":"water:c6453bf7-0cb5-4e9c-ba84-2149c934eeb9","kind":"water","longitude":16.3419607,"latitude":48.1733035,"name":"Ivókút","city":"Vienna","address":null,"covered":null,"access":null,"website":null,"phone":null,"source":"OpenStreetMap/node/9929175908","sourceUpdatedAt":null,"verifiedAt":null}},{"type":"Feature","geometry":{"type":"Point","coordinates":[16.3152654,48.1947714]},"properties":{"id":"water:c7858b89-4e26-42a5-9664-f161e9a0f53f","kind":"water","longitude":16.3152654,"latitude":48.1947714,"name":"Ivókút","city":"Vienna","address":null,"covered":null,"access":null,"website":null,"phone":null,"source":"OpenStreetMap/node/13078397857","sourceUpdatedAt":null,"verifiedAt":null}},{"type":"Feature","geometry":{"type":"Point","coordinates":[16.3286198,48.1730503]},"properties":{"id":"water:c80e5ebb-7044-4b51-93ad-b5f131b9e978","kind":"water","longitude":16.3286198,"latitude":48.1730503,"name":"Ivókút","city":"Vosendorf","address":null,"covered":null,"access":null,"website":null,"phone":null,"source":"OpenStreetMap/node/740776360","sourceUpdatedAt":null,"verifiedAt":null}},{"type":"Feature","geometry":{"type":"Point","coordinates":[16.3300115,48.178898]},"properties":{"id":"water:cc866365-5fc2-4fb8-8e22-bd60fb5e8eb7","kind":"water","longitude":16.3300115,"latitude":48.178898,"name":"Ivókút","city":"Vienna","address":null,"covered":null,"access":null,"website":null,"phone":null,"source":"OpenStreetMap/node/6828033581","sourceUpdatedAt":null,"verifiedAt":null}},{"type":"Feature","geometry":{"type":"Point","coordinates":[16.3322801,48.1902262]},"properties":{"id":"water:ce07170b-52eb-4c53-ad08-938faf4def84","kind":"water","longitude":16.3322801,"latitude":48.1902262,"name":"Ivókút","city":"Vienna","address":null,"covered":null,"access":null,"website":null,"phone":null,"source":"OpenStreetMap/node/9164907768","sourceUpdatedAt":null,"verifiedAt":null}},{"type":"Feature","geometry":{"type":"Point","coordinates":[16.3458713,48.181884]},"properties":{"id":"water:cf5b10f5-1993-4e5a-913b-7a80a1a24e09","kind":"water","longitude":16.3458713,"latitude":48.181884,"name":"Ivókút","city":"Vienna","address":null,"covered":null,"access":null,"website":null,"phone":null,"source":"OpenStreetMap/node/9743675617","sourceUpdatedAt":null,"verifiedAt":null}},{"type":"Feature","geometry":{"type":"Point","coordinates":[16.3401675,48.1735574]},"properties":{"id":"water:d29acd0c-488e-4f23-b4a4-549f48372125","kind":"water","longitude":16.3401675,"latitude":48.1735574,"name":"Ivókút","city":"Vienna","address":null,"covered":null,"access":null,"website":null,"phone":null,"source":"OpenStreetMap/node/9288954705","sourceUpdatedAt":null,"verifiedAt":null}},{"type":"Feature","geometry":{"type":"Point","coordinates":[16.3382258,48.1730318]},"properties":{"id":"water:d3019fa4-b3de-4b24-a50f-7811ebbeec43","kind":"water","longitude":16.3382258,"latitude":48.1730318,"name":"Ivókút","city":"Vienna","address":null,"covered":null,"access":null,"website":null,"phone":null,"source":"OpenStreetMap/node/9977834983","sourceUpdatedAt":null,"verifiedAt":null}},{"type":"Feature","geometry":{"type":"Point","coordinates":[16.3385494,48.1787887]},"properties":{"id":"water:d3551b9f-9120-41a4-9742-350b665b6756","kind":"water","longitude":16.3385494,"latitude":48.1787887,"name":"Ivókút","city":"Vienna","address":null,"covered":null,"access":null,"website":null,"phone":null,"source":"OpenStreetMap/node/6699302748","sourceUpdatedAt":null,"verifiedAt":null}},{"type":"Feature","geometry":{"type":"Point","coordinates":[16.3472776,48.1823988]},"properties":{"id":"water:d56ee46d-0158-4cb1-86d3-83daf6d5caa2","kind":"water","longitude":16.3472776,"latitude":48.1823988,"name":"Ivókút","city":"Vienna","address":null,"covered":null,"access":null,"website":null,"phone":null,"source":"OpenStreetMap/node/1067943761","sourceUpdatedAt":null,"verifiedAt":null}},{"type":"Feature","geometry":{"type":"Point","coordinates":[16.3456667,48.1794298]},"properties":{"id":"water:d65cb387-7c87-4d99-bf16-7c495c19658f","kind":"water","longitude":16.3456667,"latitude":48.1794298,"name":"Ivókút","city":"Vienna","address":null,"covered":null,"access":null,"website":null,"phone":null,"source":"OpenStreetMap/node/11057253264","sourceUpdatedAt":null,"verifiedAt":null}},{"type":"Feature","geometry":{"type":"Point","coordinates":[16.3445761,48.1879312]},"properties":{"id":"water:d7ae5278-6d80-4869-8ee0-ed367d25f10a","kind":"water","longitude":16.3445761,"latitude":48.1879312,"name":"Ivókút","city":"Vienna","address":null,"covered":null,"access":null,"website":null,"phone":null,"source":"OpenStreetMap/node/3038952562","sourceUpdatedAt":null,"verifiedAt":null}},{"type":"Feature","geometry":{"type":"Point","coordinates":[16.3429852,48.1936084]},"properties":{"id":"water:dc504ea9-fdcb-443a-b833-8412d759422b","kind":"water","longitude":16.3429852,"latitude":48.1936084,"name":"Ivókút","city":"Vienna","address":null,"covered":null,"access":null,"website":null,"phone":null,"source":"OpenStreetMap/node/5031603735","sourceUpdatedAt":null,"verifiedAt":null}},{"type":"Feature","geometry":{"type":"Point","coordinates":[16.3086386,48.1781034]},"properties":{"id":"water:e108a57f-cff7-4b7c-a79d-2e194aa4b11c","kind":"water","longitude":16.3086386,"latitude":48.1781034,"name":"Ivókút","city":"Vosendorf","address":null,"covered":null,"access":null,"website":null,"phone":null,"source":"OpenStreetMap/node/2295171250","sourceUpdatedAt":null,"verifiedAt":null}},{"type":"Feature","geometry":{"type":"Point","coordinates":[16.3474446,48.1871317]},"properties":{"id":"water:e3510763-cd29-4685-8670-e31d07bc8798","kind":"water","longitude":16.3474446,"latitude":48.1871317,"name":"Ivókút","city":"Vienna","address":null,"covered":null,"access":null,"website":null,"phone":null,"source":"OpenStreetMap/node/1318617123","sourceUpdatedAt":null,"verifiedAt":null}},{"type":"Feature","geometry":{"type":"Point","coordinates":[16.339418,48.1895264]},"properties":{"id":"water:e5c8f223-5b29-4b8f-a75b-ee33f98d149a","kind":"water","longitude":16.339418,"latitude":48.1895264,"name":"Ivókút","city":"Vienna","address":null,"covered":null,"access":null,"website":null,"phone":null,"source":"OpenStreetMap/node/904303300","sourceUpdatedAt":null,"verifiedAt":null}},{"type":"Feature","geometry":{"type":"Point","coordinates":[16.3330432,48.1815009]},"properties":{"id":"water:e8015b66-1a28-4541-a52b-10831f1a6517","kind":"water","longitude":16.3330432,"latitude":48.1815009,"name":"Ivókút","city":"Vienna","address":null,"covered":null,"access":null,"website":null,"phone":null,"source":"OpenStreetMap/node/4603998635","sourceUpdatedAt":null,"verifiedAt":null}},{"type":"Feature","geometry":{"type":"Point","coordinates":[16.3300866,48.1779451]},"properties":{"id":"water:eb279603-90c1-4911-8f08-32ef894955da","kind":"water","longitude":16.3300866,"latitude":48.1779451,"name":"Ivókút","city":"Vienna","address":null,"covered":null,"access":null,"website":null,"phone":null,"source":"OpenStreetMap/node/6828033583","sourceUpdatedAt":null,"verifiedAt":null}},{"type":"Feature","geometry":{"type":"Point","coordinates":[16.3407002,48.1726542]},"properties":{"id":"water:ec5d9339-3f0c-4aec-bc7d-ef5ab7ab8cb9","kind":"water","longitude":16.3407002,"latitude":48.1726542,"name":"Ivókút","city":"Vienna","address":null,"covered":null,"access":null,"website":null,"phone":null,"source":"OpenStreetMap/node/9919938261","sourceUpdatedAt":null,"verifiedAt":null}},{"type":"Feature","geometry":{"type":"Point","coordinates":[16.3373657,48.1739406]},"properties":{"id":"water:ec9669b8-41de-4309-9acf-208640a154c8","kind":"water","longitude":16.3373657,"latitude":48.1739406,"name":"Ivókút","city":"Vienna","address":null,"covered":null,"access":null,"website":null,"phone":null,"source":"OpenStreetMap/node/9957636350","sourceUpdatedAt":null,"verifiedAt":null}},{"type":"Feature","geometry":{"type":"Point","coordinates":[16.34209,48.1934669]},"properties":{"id":"water:eda98fef-c653-4236-9c27-581ae6a3c159","kind":"water","longitude":16.34209,"latitude":48.1934669,"name":"Ivókút","city":"Vienna","address":null,"covered":null,"access":null,"website":null,"phone":null,"source":"OpenStreetMap/node/5031632921","sourceUpdatedAt":null,"verifiedAt":null}},{"type":"Feature","geometry":{"type":"Point","coordinates":[16.3057585,48.1918491]},"properties":{"id":"water:eed31475-4132-4cb9-b8a5-a25803369d67","kind":"water","longitude":16.3057585,"latitude":48.1918491,"name":"Ivókút","city":"Vienna","address":null,"covered":null,"access":null,"website":null,"phone":null,"source":"OpenStreetMap/node/12215943744","sourceUpdatedAt":null,"verifiedAt":null}},{"type":"Feature","geometry":{"type":"Point","coordinates":[16.3373157,48.1730719]},"properties":{"id":"water:ef8ad976-83a4-4a99-b6bf-b8759b3a33fa","kind":"water","longitude":16.3373157,"latitude":48.1730719,"name":"Ivókút","city":"Vienna","address":null,"covered":null,"access":null,"website":null,"phone":null,"source":"OpenStreetMap/node/9953344084","sourceUpdatedAt":null,"verifiedAt":null}},{"type":"Feature","geometry":{"type":"Point","coordinates":[16.3189246,48.1941147]},"properties":{"id":"water:f2aca848-6bfd-4e78-9c01-ebdd25d783dd","kind":"water","longitude":16.3189246,"latitude":48.1941147,"name":"Ivókút","city":"Vienna","address":null,"covered":null,"access":null,"website":null,"phone":null,"source":"OpenStreetMap/node/8464459832","sourceUpdatedAt":null,"verifiedAt":null}},{"type":"Feature","geometry":{"type":"Point","coordinates":[16.3211133,48.1903079]},"properties":{"id":"water:f4cbd715-5251-461a-b8f7-e2b27292c824","kind":"water","longitude":16.3211133,"latitude":48.1903079,"name":"Ivókút","city":"Vienna","address":null,"covered":null,"access":null,"website":null,"phone":null,"source":"OpenStreetMap/node/3038952565","sourceUpdatedAt":null,"verifiedAt":null}},{"type":"Feature","geometry":{"type":"Point","coordinates":[16.3174615,48.182268]},"properties":{"id":"water:f7c5c9c2-58aa-4b68-9bb6-541d0e4cd0af","kind":"water","longitude":16.3174615,"latitude":48.182268,"name":"Ivókút","city":"Vienna","address":null,"covered":null,"access":null,"website":null,"phone":null,"source":"OpenStreetMap/node/4881858173","sourceUpdatedAt":null,"verifiedAt":null}},{"type":"Feature","geometry":{"type":"Point","coordinates":[16.318877,48.1888634]},"properties":{"id":"water:fa7d3363-b0ed-4559-8bea-65e394d4e86e","kind":"water","longitude":16.318877,"latitude":48.1888634,"name":"Ivókút","city":"Vienna","address":null,"covered":null,"access":null,"website":null,"phone":null,"source":"OpenStreetMap/node/3038952563","sourceUpdatedAt":null,"verifiedAt":null}},{"type":"Feature","geometry":{"type":"Point","coordinates":[16.3099344,48.1684835]},"properties":{"id":"water:fc263592-f789-4c91-8b6b-3e2c5fa847dc","kind":"water","longitude":16.3099344,"latitude":48.1684835,"name":"Ivókút","city":"Vosendorf","address":null,"covered":null,"access":null,"website":null,"phone":null,"source":"OpenStreetMap/node/9141408495","sourceUpdatedAt":null,"verifiedAt":null}},{"type":"Feature","geometry":{"type":"Point","coordinates":[16.3207578,48.1709214]},"properties":{"id":"water:ff7bab90-2cd9-4074-b5ee-05edbe532328","kind":"water","longitude":16.3207578,"latitude":48.1709214,"name":"Ivókút","city":"Vosendorf","address":null,"covered":null,"access":null,"website":null,"phone":null,"source":"OpenStreetMap/node/2106446698","sourceUpdatedAt":null,"verifiedAt":null}},{"type":"Feature","geometry":{"type":"Point","coordinates":[16.3274527,48.1822598]},"properties":{"id":"water:ffe93e6e-fa32-40ea-a022-4716d88f56fd","kind":"water","longitude":16.3274527,"latitude":48.1822598,"name":"Ivókút","city":"Vienna","address":null,"covered":null,"access":null,"website":null,"phone":null,"source":"OpenStreetMap/node/2531582147","sourceUpdatedAt":null,"verifiedAt":null}}]}