{"type":"FeatureCollection","features":[{"type":"Feature","geometry":{"type":"Point","coordinates":[15.0441144,50.1873021]},"properties":{"id":"bikerack:010d600c-ea0b-4f7d-8d2a-0374d490c8ee","kind":"bikerack","longitude":15.0441144,"latitude":50.1873021,"name":"Bicycle Parking","city":"Nymburk","address":null,"covered":false,"access":null,"website":null,"phone":null,"source":"OpenStreetMap/node/13685719732","sourceUpdatedAt":null,"verifiedAt":null}},{"type":"Feature","geometry":{"type":"Point","coordinates":[15.0316039,50.19092]},"properties":{"id":"bikerack:029d364d-fad0-45e9-823b-cfbf15621ced","kind":"bikerack","longitude":15.0316039,"latitude":50.19092,"name":"Bicycle Parking","city":"Nymburk","address":null,"covered":false,"access":null,"website":null,"phone":null,"source":"OpenStreetMap/node/13724451984","sourceUpdatedAt":null,"verifiedAt":null}},{"type":"Feature","geometry":{"type":"Point","coordinates":[15.0453301,50.1821105]},"properties":{"id":"bikerack:02db1640-e844-44bc-9fac-86d223d7e108","kind":"bikerack","longitude":15.0453301,"latitude":50.1821105,"name":"Bicycle Parking","city":"Nymburk","address":null,"covered":false,"access":null,"website":null,"phone":null,"source":"OpenStreetMap/node/13680644414","sourceUpdatedAt":null,"verifiedAt":null}},{"type":"Feature","geometry":{"type":"Point","coordinates":[15.0456136,50.1924298]},"properties":{"id":"bikerack:03665bb5-4780-4654-9ff9-123519e84547","kind":"bikerack","longitude":15.0456136,"latitude":50.1924298,"name":"Bicycle Parking","city":"Nymburk","address":null,"covered":false,"access":null,"website":null,"phone":null,"source":"OpenStreetMap/node/13683582999","sourceUpdatedAt":null,"verifiedAt":null}},{"type":"Feature","geometry":{"type":"Point","coordinates":[15.0446829,50.1775076]},"properties":{"id":"bikerack:041adaeb-d974-4e06-ac60-48bff3338848","kind":"bikerack","longitude":15.0446829,"latitude":50.1775076,"name":"Bicycle Parking","city":"Nymburk","address":null,"covered":true,"access":null,"website":null,"phone":null,"source":"OpenStreetMap/node/13680610510","sourceUpdatedAt":null,"verifiedAt":null}},{"type":"Feature","geometry":{"type":"Point","coordinates":[15.0398327,50.1842397]},"properties":{"id":"bikerack:0487f502-14a5-49d9-9974-6e84edaa1d61","kind":"bikerack","longitude":15.0398327,"latitude":50.1842397,"name":"Bicycle Parking","city":"Nymburk","address":null,"covered":true,"access":null,"website":null,"phone":null,"source":"OpenStreetMap/node/13683580162","sourceUpdatedAt":null,"verifiedAt":null}},{"type":"Feature","geometry":{"type":"Point","coordinates":[15.0305152,50.1860635]},"properties":{"id":"bikerack:04bcaf68-a057-420d-943a-aa8e463405cc","kind":"bikerack","longitude":15.0305152,"latitude":50.1860635,"name":"Bicycle Parking","city":"Nymburk","address":null,"covered":false,"access":null,"website":null,"phone":null,"source":"OpenStreetMap/node/13699897579","sourceUpdatedAt":null,"verifiedAt":null}},{"type":"Feature","geometry":{"type":"Point","coordinates":[15.0298707,50.1870178]},"properties":{"id":"bikerack:051dd9e3-9f89-4251-a6e1-81a8e6b2e967","kind":"bikerack","longitude":15.0298707,"latitude":50.1870178,"name":"Bicycle Parking","city":"Nymburk","address":null,"covered":true,"access":null,"website":null,"phone":null,"source":"OpenStreetMap/node/13699920364","sourceUpdatedAt":null,"verifiedAt":null}},{"type":"Feature","geometry":{"type":"Point","coordinates":[15.0434281,50.1868786]},"properties":{"id":"bikerack:066bbf03-6955-4cbb-a34a-63e2c881e5b8","kind":"bikerack","longitude":15.0434281,"latitude":50.1868786,"name":"Bicycle Parking","city":"Nymburk","address":null,"covered":false,"access":null,"website":null,"phone":null,"source":"OpenStreetMap/node/13685719721","sourceUpdatedAt":null,"verifiedAt":null}},{"type":"Feature","geometry":{"type":"Point","coordinates":[15.0394619,50.193125]},"properties":{"id":"bikerack:06ae13f1-d9cc-4ff5-bf75-2d5e7a7e2a90","kind":"bikerack","longitude":15.0394619,"latitude":50.193125,"name":"Bicycle Parking","city":"Nymburk","address":null,"covered":false,"access":null,"website":null,"phone":null,"source":"OpenStreetMap/node/13685719994","sourceUpdatedAt":null,"verifiedAt":null}},{"type":"Feature","geometry":{"type":"Point","coordinates":[15.0392969,50.1885073]},"properties":{"id":"bikerack:06b5d13b-d951-4f1b-9aa4-84cae8cbe677","kind":"bikerack","longitude":15.0392969,"latitude":50.1885073,"name":"Bicycle Parking","city":"Nymburk","address":null,"covered":false,"access":null,"website":null,"phone":null,"source":"OpenStreetMap/node/13683583012","sourceUpdatedAt":null,"verifiedAt":null}},{"type":"Feature","geometry":{"type":"Point","coordinates":[15.0441158,50.1822411]},"properties":{"id":"bikerack:08aa75d3-51ce-48d6-867a-976e97ce1a4a","kind":"bikerack","longitude":15.0441158,"latitude":50.1822411,"name":"Bicycle Parking","city":"Nymburk","address":null,"covered":false,"access":null,"website":null,"phone":null,"source":"OpenStreetMap/node/13680644432","sourceUpdatedAt":null,"verifiedAt":null}},{"type":"Feature","geometry":{"type":"Point","coordinates":[15.0298231,50.1874172]},"properties":{"id":"bikerack:095d4d14-0bd2-4847-ba27-75b839f58415","kind":"bikerack","longitude":15.0298231,"latitude":50.1874172,"name":"Bicycle Parking","city":"Nymburk","address":null,"covered":false,"access":null,"website":null,"phone":null,"source":"OpenStreetMap/node/13699920365","sourceUpdatedAt":null,"verifiedAt":null}},{"type":"Feature","geometry":{"type":"Point","coordinates":[15.0313942,50.1911181]},"properties":{"id":"bikerack:09743951-2f7c-4b78-9ece-c6583623074d","kind":"bikerack","longitude":15.0313942,"latitude":50.1911181,"name":"Bicycle Parking","city":"Nymburk","address":null,"covered":false,"access":null,"website":null,"phone":null,"source":"OpenStreetMap/node/13724452034","sourceUpdatedAt":null,"verifiedAt":null}},{"type":"Feature","geometry":{"type":"Point","coordinates":[15.0319713,50.1907178]},"properties":{"id":"bikerack:0a398bbf-c6d1-4636-94a2-b93b92e4335a","kind":"bikerack","longitude":15.0319713,"latitude":50.1907178,"name":"Bicycle Parking","city":"Nymburk","address":null,"covered":false,"access":null,"website":null,"phone":null,"source":"OpenStreetMap/node/13724451989","sourceUpdatedAt":null,"verifiedAt":null}},{"type":"Feature","geometry":{"type":"Point","coordinates":[15.0306259,50.1868167]},"properties":{"id":"bikerack:0abd5bf0-471e-43ad-a592-f5af4b2e4d20","kind":"bikerack","longitude":15.0306259,"latitude":50.1868167,"name":"Bicycle Parking","city":"Nymburk","address":null,"covered":false,"access":null,"website":null,"phone":null,"source":"OpenStreetMap/node/13699920392","sourceUpdatedAt":null,"verifiedAt":null}},{"type":"Feature","geometry":{"type":"Point","coordinates":[15.0298067,50.1839004]},"properties":{"id":"bikerack:0b6ba9d8-4b6a-491a-8af9-3bf5f9bcba03","kind":"bikerack","longitude":15.0298067,"latitude":50.1839004,"name":"Bicycle Parking","city":"Nymburk","address":null,"covered":false,"access":null,"website":null,"phone":null,"source":"OpenStreetMap/node/13426297936","sourceUpdatedAt":null,"verifiedAt":null}},{"type":"Feature","geometry":{"type":"Point","coordinates":[15.0304847,50.1902022]},"properties":{"id":"bikerack:0c4f0836-81e0-45b5-91b9-0b0a4f5f4829","kind":"bikerack","longitude":15.0304847,"latitude":50.1902022,"name":"Bicycle Parking","city":"Nymburk","address":null,"covered":false,"access":null,"website":null,"phone":null,"source":"OpenStreetMap/node/13728522781","sourceUpdatedAt":null,"verifiedAt":null}},{"type":"Feature","geometry":{"type":"Point","coordinates":[15.0405829,50.19017]},"properties":{"id":"bikerack:0d9386bb-974f-47c1-b32c-27f51b2171e2","kind":"bikerack","longitude":15.0405829,"latitude":50.19017,"name":"Bicycle Parking","city":"Nymburk","address":null,"covered":false,"access":null,"website":null,"phone":null,"source":"OpenStreetMap/node/13683583011","sourceUpdatedAt":null,"verifiedAt":null}},{"type":"Feature","geometry":{"type":"Point","coordinates":[15.0401401,50.1842909]},"properties":{"id":"bikerack:0e3e944a-bd21-4d52-8c28-3021852fd80a","kind":"bikerack","longitude":15.0401401,"latitude":50.1842909,"name":"Bicycle Parking","city":"Nymburk","address":null,"covered":false,"access":null,"website":null,"phone":null,"source":"OpenStreetMap/node/13667947151","sourceUpdatedAt":null,"verifiedAt":null}},{"type":"Feature","geometry":{"type":"Point","coordinates":[15.0308466,50.1915103]},"properties":{"id":"bikerack:0fb30908-4355-4b22-b165-e8bd23523be9","kind":"bikerack","longitude":15.0308466,"latitude":50.1915103,"name":"Bicycle Parking","city":"Nymburk","address":null,"covered":false,"access":null,"website":null,"phone":null,"source":"OpenStreetMap/node/13724452053","sourceUpdatedAt":null,"verifiedAt":null}},{"type":"Feature","geometry":{"type":"Point","coordinates":[15.0415691,50.1928723]},"properties":{"id":"bikerack:1008aac2-ff63-4256-8e4c-f7c84271c52b","kind":"bikerack","longitude":15.0415691,"latitude":50.1928723,"name":"Bicycle Parking","city":"Nymburk","address":null,"covered":false,"access":null,"website":null,"phone":null,"source":"OpenStreetMap/node/13685719871","sourceUpdatedAt":null,"verifiedAt":null}},{"type":"Feature","geometry":{"type":"Point","coordinates":[15.0513219,50.1881067]},"properties":{"id":"bikerack:106673d5-89ce-4cb6-a704-2e01e97e6c02","kind":"bikerack","longitude":15.0513219,"latitude":50.1881067,"name":"Bicycle Parking","city":"Nymburk","address":null,"covered":false,"access":null,"website":null,"phone":null,"source":"OpenStreetMap/node/13683582916","sourceUpdatedAt":null,"verifiedAt":null}},{"type":"Feature","geometry":{"type":"Point","coordinates":[15.0438817,50.186954]},"properties":{"id":"bikerack:11642c80-78d9-45e9-875b-71760efc09f2","kind":"bikerack","longitude":15.0438817,"latitude":50.186954,"name":"Bicycle Parking","city":"Nymburk","address":null,"covered":false,"access":null,"website":null,"phone":null,"source":"OpenStreetMap/node/13685719727","sourceUpdatedAt":null,"verifiedAt":null}},{"type":"Feature","geometry":{"type":"Point","coordinates":[15.0303873,50.1923626]},"properties":{"id":"bikerack:123f4c67-8ca2-459c-8d4a-40abd22b71e2","kind":"bikerack","longitude":15.0303873,"latitude":50.1923626,"name":"Bicycle Parking","city":"Nymburk","address":null,"covered":false,"access":null,"website":null,"phone":null,"source":"OpenStreetMap/node/13728522734","sourceUpdatedAt":null,"verifiedAt":null}},{"type":"Feature","geometry":{"type":"Point","coordinates":[15.0400732,50.1863993]},"properties":{"id":"bikerack:13b2d3e9-a6ca-4a4b-a241-a89bd511ed70","kind":"bikerack","longitude":15.0400732,"latitude":50.1863993,"name":"Bicycle Parking","city":"Nymburk","address":null,"covered":false,"access":null,"website":null,"phone":null,"source":"OpenStreetMap/node/13680644530","sourceUpdatedAt":null,"verifiedAt":null}},{"type":"Feature","geometry":{"type":"Point","coordinates":[15.0633214,50.1850318]},"properties":{"id":"bikerack:13cee2bc-81d7-4c86-a6e7-a9af7b74d552","kind":"bikerack","longitude":15.0633214,"latitude":50.1850318,"name":"Bicycle Parking","city":"Nymburk","address":null,"covered":false,"access":null,"website":null,"phone":null,"source":"OpenStreetMap/node/13673085257","sourceUpdatedAt":null,"verifiedAt":null}},{"type":"Feature","geometry":{"type":"Point","coordinates":[15.0310979,50.1908851]},"properties":{"id":"bikerack:14053231-be26-4790-b022-58040af35002","kind":"bikerack","longitude":15.0310979,"latitude":50.1908851,"name":"Bicycle Parking","city":"Nymburk","address":null,"covered":false,"access":null,"website":null,"phone":null,"source":"OpenStreetMap/node/13724451987","sourceUpdatedAt":null,"verifiedAt":null}},{"type":"Feature","geometry":{"type":"Point","coordinates":[15.0357398,50.1880977]},"properties":{"id":"bikerack:1448b9f0-ee0e-4d71-b960-f12cd4ce1070","kind":"bikerack","longitude":15.0357398,"latitude":50.1880977,"name":"Bicycle Parking","city":"Nymburk","address":null,"covered":false,"access":null,"website":null,"phone":null,"source":"OpenStreetMap/node/13685720065","sourceUpdatedAt":null,"verifiedAt":null}},{"type":"Feature","geometry":{"type":"Point","coordinates":[15.0467575,50.1883673]},"properties":{"id":"bikerack:15d065dc-fbf7-4a50-ae6a-94ec6bdcccd7","kind":"bikerack","longitude":15.0467575,"latitude":50.1883673,"name":"Bicycle Parking","city":"Nymburk","address":null,"covered":false,"access":null,"website":null,"phone":null,"source":"OpenStreetMap/node/13683582990","sourceUpdatedAt":null,"verifiedAt":null}},{"type":"Feature","geometry":{"type":"Point","coordinates":[15.0302951,50.1907262]},"properties":{"id":"bikerack:15deb0fb-ee74-4a13-a361-db64dbb0cf80","kind":"bikerack","longitude":15.0302951,"latitude":50.1907262,"name":"Bicycle Parking","city":"Nymburk","address":null,"covered":false,"access":null,"website":null,"phone":null,"source":"OpenStreetMap/node/13728522788","sourceUpdatedAt":null,"verifiedAt":null}},{"type":"Feature","geometry":{"type":"Point","coordinates":[15.0496896,50.191395]},"properties":{"id":"bikerack:17136396-ff93-49cd-8942-c7de8b78e53e","kind":"bikerack","longitude":15.0496896,"latitude":50.191395,"name":"Bicycle Parking","city":"Nymburk","address":null,"covered":false,"access":null,"website":null,"phone":null,"source":"OpenStreetMap/node/13683582921","sourceUpdatedAt":null,"verifiedAt":null}},{"type":"Feature","geometry":{"type":"Point","coordinates":[15.0444017,50.1795209]},"properties":{"id":"bikerack:173af4c5-0be3-4309-8077-7ea11fded806","kind":"bikerack","longitude":15.0444017,"latitude":50.1795209,"name":"Bicycle Parking","city":"Nymburk","address":null,"covered":false,"access":null,"website":null,"phone":null,"source":"OpenStreetMap/node/13680610597","sourceUpdatedAt":null,"verifiedAt":null}},{"type":"Feature","geometry":{"type":"Point","coordinates":[15.0437274,50.1818675]},"properties":{"id":"bikerack:17d0f865-c5a8-4315-931c-fefd65797c35","kind":"bikerack","longitude":15.0437274,"latitude":50.1818675,"name":"Bicycle Parking","city":"Nymburk","address":null,"covered":false,"access":null,"website":null,"phone":null,"source":"OpenStreetMap/node/13667947159","sourceUpdatedAt":null,"verifiedAt":null}},{"type":"Feature","geometry":{"type":"Point","coordinates":[15.0311715,50.1925416]},"properties":{"id":"bikerack:19b95409-e785-4501-a176-b255561ba71b","kind":"bikerack","longitude":15.0311715,"latitude":50.1925416,"name":"Bicycle Parking","city":"Nymburk","address":null,"covered":false,"access":null,"website":null,"phone":null,"source":"OpenStreetMap/node/13724452121","sourceUpdatedAt":null,"verifiedAt":null}},{"type":"Feature","geometry":{"type":"Point","coordinates":[15.0405325,50.193588]},"properties":{"id":"bikerack:1c180300-23a4-4102-be0a-218a7bad6ccf","kind":"bikerack","longitude":15.0405325,"latitude":50.193588,"name":"Bicycle Parking","city":"Nymburk","address":null,"covered":false,"access":null,"website":null,"phone":null,"source":"OpenStreetMap/node/13685719973","sourceUpdatedAt":null,"verifiedAt":null}},{"type":"Feature","geometry":{"type":"Point","coordinates":[15.0306642,50.1864901]},"properties":{"id":"bikerack:1c204231-7f66-4b46-ab85-04edee083c3f","kind":"bikerack","longitude":15.0306642,"latitude":50.1864901,"name":"Bicycle Parking","city":"Nymburk","address":null,"covered":false,"access":null,"website":null,"phone":null,"source":"OpenStreetMap/node/13699920394","sourceUpdatedAt":null,"verifiedAt":null}},{"type":"Feature","geometry":{"type":"Point","coordinates":[15.0316265,50.1908984]},"properties":{"id":"bikerack:1c6bcc2b-096f-4e32-8b79-3f27f32a759e","kind":"bikerack","longitude":15.0316265,"latitude":50.1908984,"name":"Bicycle Parking","city":"Nymburk","address":null,"covered":false,"access":null,"website":null,"phone":null,"source":"OpenStreetMap/node/13724451983","sourceUpdatedAt":null,"verifiedAt":null}},{"type":"Feature","geometry":{"type":"Point","coordinates":[15.0391148,50.1949882]},"properties":{"id":"bikerack:1d3d8edc-14c3-409b-b395-240bc13ce1c2","kind":"bikerack","longitude":15.0391148,"latitude":50.1949882,"name":"Bicycle Parking","city":"Nymburk","address":null,"covered":false,"access":null,"website":null,"phone":null,"source":"OpenStreetMap/node/13685719857","sourceUpdatedAt":null,"verifiedAt":null}},{"type":"Feature","geometry":{"type":"Point","coordinates":[15.0423204,50.1829012]},"properties":{"id":"bikerack:1d9c7bdf-bc42-41d4-a41c-031e37718b63","kind":"bikerack","longitude":15.0423204,"latitude":50.1829012,"name":"Bicycle Parking","city":"Nymburk","address":null,"covered":false,"access":null,"website":null,"phone":null,"source":"OpenStreetMap/node/13680644435","sourceUpdatedAt":null,"verifiedAt":null}},{"type":"Feature","geometry":{"type":"Point","coordinates":[15.0436696,50.1781767]},"properties":{"id":"bikerack:20400546-29ed-49f4-b0a0-ec1fc233208b","kind":"bikerack","longitude":15.0436696,"latitude":50.1781767,"name":"Bicycle Parking","city":"Nymburk","address":null,"covered":false,"access":null,"website":null,"phone":null,"source":"OpenStreetMap/node/13687464372","sourceUpdatedAt":null,"verifiedAt":null}},{"type":"Feature","geometry":{"type":"Point","coordinates":[15.0439741,50.1914371]},"properties":{"id":"bikerack:22eae211-e042-4eac-b26c-f22b9cc8f961","kind":"bikerack","longitude":15.0439741,"latitude":50.1914371,"name":"Bicycle Parking","city":"Nymburk","address":null,"covered":false,"access":null,"website":null,"phone":null,"source":"OpenStreetMap/node/13685719842","sourceUpdatedAt":null,"verifiedAt":null}},{"type":"Feature","geometry":{"type":"Point","coordinates":[15.0428096,50.1918239]},"properties":{"id":"bikerack:230a2df6-d07b-47db-9dcf-34240e8c73b7","kind":"bikerack","longitude":15.0428096,"latitude":50.1918239,"name":"Bicycle Parking","city":"Nymburk","address":null,"covered":false,"access":null,"website":null,"phone":null,"source":"OpenStreetMap/node/13685719865","sourceUpdatedAt":null,"verifiedAt":null}},{"type":"Feature","geometry":{"type":"Point","coordinates":[15.038582,50.1877023]},"properties":{"id":"bikerack:2329fa7c-b2ca-44b4-bb3d-9691adfa96a1","kind":"bikerack","longitude":15.038582,"latitude":50.1877023,"name":"Bicycle Parking","city":"Nymburk","address":null,"covered":false,"access":null,"website":null,"phone":null,"source":"OpenStreetMap/node/13683583015","sourceUpdatedAt":null,"verifiedAt":null}},{"type":"Feature","geometry":{"type":"Point","coordinates":[15.0303754,50.1866051]},"properties":{"id":"bikerack:235ea5f6-503d-463e-b760-23b419aada41","kind":"bikerack","longitude":15.0303754,"latitude":50.1866051,"name":"Bicycle Parking","city":"Nymburk","address":null,"covered":false,"access":null,"website":null,"phone":null,"source":"OpenStreetMap/node/13699920335","sourceUpdatedAt":null,"verifiedAt":null}},{"type":"Feature","geometry":{"type":"Point","coordinates":[15.0494042,50.1914426]},"properties":{"id":"bikerack:253d15a0-1d9a-44cf-b39a-c4d74830d2e4","kind":"bikerack","longitude":15.0494042,"latitude":50.1914426,"name":"Bicycle Parking","city":"Nymburk","address":null,"covered":false,"access":null,"website":null,"phone":null,"source":"OpenStreetMap/node/13683582920","sourceUpdatedAt":null,"verifiedAt":null}},{"type":"Feature","geometry":{"type":"Point","coordinates":[15.0439387,50.1868694]},"properties":{"id":"bikerack:286164cb-a5aa-4b1b-a668-cb64a5aab0df","kind":"bikerack","longitude":15.0439387,"latitude":50.1868694,"name":"Bicycle Parking","city":"Nymburk","address":null,"covered":false,"access":null,"website":null,"phone":null,"source":"OpenStreetMap/node/13685719728","sourceUpdatedAt":null,"verifiedAt":null}},{"type":"Feature","geometry":{"type":"Point","coordinates":[15.0303553,50.1925418]},"properties":{"id":"bikerack:28ccfacc-fbbc-4eb9-8e9a-d235b7b8132c","kind":"bikerack","longitude":15.0303553,"latitude":50.1925418,"name":"Bicycle Parking","city":"Nymburk","address":null,"covered":false,"access":null,"website":null,"phone":null,"source":"OpenStreetMap/node/13728522725","sourceUpdatedAt":null,"verifiedAt":null}},{"type":"Feature","geometry":{"type":"Point","coordinates":[15.030757,50.1905522]},"properties":{"id":"bikerack:2992c30d-f0a2-4313-8496-a242d76dcd4e","kind":"bikerack","longitude":15.030757,"latitude":50.1905522,"name":"Bicycle Parking","city":"Nymburk","address":null,"covered":false,"access":null,"website":null,"phone":null,"source":"OpenStreetMap/node/13728522747","sourceUpdatedAt":null,"verifiedAt":null}},{"type":"Feature","geometry":{"type":"Point","coordinates":[15.0315086,50.1918509]},"properties":{"id":"bikerack:2aa1e3b8-a5fe-4408-8135-fd49d8adc291","kind":"bikerack","longitude":15.0315086,"latitude":50.1918509,"name":"Bicycle Parking","city":"Nymburk","address":null,"covered":false,"access":null,"website":null,"phone":null,"source":"OpenStreetMap/node/13724452076","sourceUpdatedAt":null,"verifiedAt":null}},{"type":"Feature","geometry":{"type":"Point","coordinates":[15.044904,50.1806904]},"properties":{"id":"bikerack:2b3348c4-b9a6-420b-83da-677b32f1d7fe","kind":"bikerack","longitude":15.044904,"latitude":50.1806904,"name":"Bicycle Parking","city":"Nymburk","address":null,"covered":false,"access":null,"website":null,"phone":null,"source":"OpenStreetMap/node/13667947161","sourceUpdatedAt":null,"verifiedAt":null}},{"type":"Feature","geometry":{"type":"Point","coordinates":[15.031967,50.1925976]},"properties":{"id":"bikerack:2b740f60-e0b1-4230-abcc-a50437156813","kind":"bikerack","longitude":15.031967,"latitude":50.1925976,"name":"Bicycle Parking","city":"Nymburk","address":null,"covered":false,"access":null,"website":null,"phone":null,"source":"OpenStreetMap/node/13724452165","sourceUpdatedAt":null,"verifiedAt":null}},{"type":"Feature","geometry":{"type":"Point","coordinates":[15.0318518,50.19094]},"properties":{"id":"bikerack:2c5e352e-0909-4d28-b8f1-671e03c5b50c","kind":"bikerack","longitude":15.0318518,"latitude":50.19094,"name":"Bicycle Parking","city":"Nymburk","address":null,"covered":false,"access":null,"website":null,"phone":null,"source":"OpenStreetMap/node/13724451982","sourceUpdatedAt":null,"verifiedAt":null}},{"type":"Feature","geometry":{"type":"Point","coordinates":[15.0452265,50.1855405]},"properties":{"id":"bikerack:2daafa68-4245-4417-be45-e5995c0b7685","kind":"bikerack","longitude":15.0452265,"latitude":50.1855405,"name":"Bicycle Parking","city":"Nymburk","address":null,"covered":false,"access":null,"website":null,"phone":null,"source":"OpenStreetMap/node/13683582905","sourceUpdatedAt":null,"verifiedAt":null}},{"type":"Feature","geometry":{"type":"Point","coordinates":[15.036344,50.1879535]},"properties":{"id":"bikerack:2ec6786e-c9d1-4226-b57a-80320351c191","kind":"bikerack","longitude":15.036344,"latitude":50.1879535,"name":"Bicycle Parking","city":"Nymburk","address":null,"covered":false,"access":null,"website":null,"phone":null,"source":"OpenStreetMap/node/13685720059","sourceUpdatedAt":null,"verifiedAt":null}},{"type":"Feature","geometry":{"type":"Point","coordinates":[15.0296467,50.186662]},"properties":{"id":"bikerack:2ee1cdb4-d9dc-40dc-8f61-c363c3116492","kind":"bikerack","longitude":15.0296467,"latitude":50.186662,"name":"Bicycle Parking","city":"Nymburk","address":null,"covered":false,"access":null,"website":null,"phone":null,"source":"OpenStreetMap/node/13699920340","sourceUpdatedAt":null,"verifiedAt":null}},{"type":"Feature","geometry":{"type":"Point","coordinates":[15.0389819,50.1932186]},"properties":{"id":"bikerack:2ee8da38-730a-4ed7-89a0-f99f234e51b9","kind":"bikerack","longitude":15.0389819,"latitude":50.1932186,"name":"Bicycle Parking","city":"Nymburk","address":null,"covered":false,"access":null,"website":null,"phone":null,"source":"OpenStreetMap/node/13685719996","sourceUpdatedAt":null,"verifiedAt":null}},{"type":"Feature","geometry":{"type":"Point","coordinates":[15.0362375,50.1818707]},"properties":{"id":"bikerack:2f449e6b-ea52-4e2a-a7dd-ccb320ecfb87","kind":"bikerack","longitude":15.0362375,"latitude":50.1818707,"name":"Bicycle Parking","city":"Nymburk","address":null,"covered":false,"access":null,"website":null,"phone":null,"source":"OpenStreetMap/node/13651103552","sourceUpdatedAt":null,"verifiedAt":null}},{"type":"Feature","geometry":{"type":"Point","coordinates":[15.0457491,50.1909279]},"properties":{"id":"bikerack:307b8d41-917b-4276-a962-ba798bbb66f2","kind":"bikerack","longitude":15.0457491,"latitude":50.1909279,"name":"Bicycle Parking","city":"Nymburk","address":null,"covered":false,"access":null,"website":null,"phone":null,"source":"OpenStreetMap/node/13683582998","sourceUpdatedAt":null,"verifiedAt":null}},{"type":"Feature","geometry":{"type":"Point","coordinates":[15.0305719,50.1873053]},"properties":{"id":"bikerack:3265e45e-8aef-414b-9f15-30f52d3c28d4","kind":"bikerack","longitude":15.0305719,"latitude":50.1873053,"name":"Bicycle Parking","city":"Nymburk","address":null,"covered":false,"access":null,"website":null,"phone":null,"source":"OpenStreetMap/node/13699920389","sourceUpdatedAt":null,"verifiedAt":null}},{"type":"Feature","geometry":{"type":"Point","coordinates":[15.0293154,50.1873657]},"properties":{"id":"bikerack:3331a398-4a1c-4126-9ebd-1e9b5ad9b497","kind":"bikerack","longitude":15.0293154,"latitude":50.1873657,"name":"Bicycle Parking","city":"Nymburk","address":null,"covered":false,"access":null,"website":null,"phone":null,"source":"OpenStreetMap/node/13699920368","sourceUpdatedAt":null,"verifiedAt":null}},{"type":"Feature","geometry":{"type":"Point","coordinates":[15.0438843,50.1891745]},"properties":{"id":"bikerack:3336c5ba-07a0-4e24-a032-1930e0c129e9","kind":"bikerack","longitude":15.0438843,"latitude":50.1891745,"name":"Bicycle Parking","city":"Nymburk","address":null,"covered":false,"access":null,"website":null,"phone":null,"source":"OpenStreetMap/node/13685719828","sourceUpdatedAt":null,"verifiedAt":null}},{"type":"Feature","geometry":{"type":"Point","coordinates":[15.0313827,50.1857577]},"properties":{"id":"bikerack:3417d3b1-3699-4ffd-80c2-ea09d3e9b55f","kind":"bikerack","longitude":15.0313827,"latitude":50.1857577,"name":"Bicycle Parking","city":"Nymburk","address":null,"covered":false,"access":null,"website":null,"phone":null,"source":"OpenStreetMap/node/13699897575","sourceUpdatedAt":null,"verifiedAt":null}},{"type":"Feature","geometry":{"type":"Point","coordinates":[15.0390798,50.1949957]},"properties":{"id":"bikerack:3502ea0c-5fe7-4736-8613-724187d15f58","kind":"bikerack","longitude":15.0390798,"latitude":50.1949957,"name":"Bicycle Parking","city":"Nymburk","address":null,"covered":false,"access":null,"website":null,"phone":null,"source":"OpenStreetMap/node/13685719858","sourceUpdatedAt":null,"verifiedAt":null}},{"type":"Feature","geometry":{"type":"Point","coordinates":[15.0407874,50.1851462]},"properties":{"id":"bikerack:35c3e074-0165-4d62-b16d-78cd52ca0f74","kind":"bikerack","longitude":15.0407874,"latitude":50.1851462,"name":"Bicycle Parking","city":"Nymburk","address":null,"covered":false,"access":null,"website":null,"phone":null,"source":"OpenStreetMap/node/13680644518","sourceUpdatedAt":null,"verifiedAt":null}},{"type":"Feature","geometry":{"type":"Point","coordinates":[15.0311256,50.1926331]},"properties":{"id":"bikerack:35cec0fb-b861-4fef-87da-21e22672bb40","kind":"bikerack","longitude":15.0311256,"latitude":50.1926331,"name":"Bicycle Parking","city":"Nymburk","address":null,"covered":false,"access":null,"website":null,"phone":null,"source":"OpenStreetMap/node/13724452123","sourceUpdatedAt":null,"verifiedAt":null}},{"type":"Feature","geometry":{"type":"Point","coordinates":[15.0386495,50.1868613]},"properties":{"id":"bikerack:35d868e1-fa49-4fc5-8b43-52eb3bdf13d4","kind":"bikerack","longitude":15.0386495,"latitude":50.1868613,"name":"Bicycle Parking","city":"Nymburk","address":null,"covered":false,"access":null,"website":null,"phone":null,"source":"OpenStreetMap/node/13685719774","sourceUpdatedAt":null,"verifiedAt":null}},{"type":"Feature","geometry":{"type":"Point","coordinates":[15.0305908,50.1871363]},"properties":{"id":"bikerack:3609ffbb-11d0-410f-9de7-584039079c6d","kind":"bikerack","longitude":15.0305908,"latitude":50.1871363,"name":"Bicycle Parking","city":"Nymburk","address":null,"covered":false,"access":null,"website":null,"phone":null,"source":"OpenStreetMap/node/13699920390","sourceUpdatedAt":null,"verifiedAt":null}},{"type":"Feature","geometry":{"type":"Point","coordinates":[15.0319583,50.192936]},"properties":{"id":"bikerack:36df42f0-6e00-43d6-b5b2-51cfbb7f9ff1","kind":"bikerack","longitude":15.0319583,"latitude":50.192936,"name":"Bicycle Parking","city":"Nymburk","address":null,"covered":false,"access":null,"website":null,"phone":null,"source":"OpenStreetMap/node/13724452168","sourceUpdatedAt":null,"verifiedAt":null}},{"type":"Feature","geometry":{"type":"Point","coordinates":[15.0293478,50.1872227]},"properties":{"id":"bikerack:37956463-e4db-4328-9bbc-d97466ea364d","kind":"bikerack","longitude":15.0293478,"latitude":50.1872227,"name":"Bicycle Parking","city":"Nymburk","address":null,"covered":false,"access":null,"website":null,"phone":null,"source":"OpenStreetMap/node/13699920357","sourceUpdatedAt":null,"verifiedAt":null}},{"type":"Feature","geometry":{"type":"Point","coordinates":[15.0432172,50.1918831]},"properties":{"id":"bikerack:37b4fd97-1d76-4b44-bcf0-a4cb24d7d58a","kind":"bikerack","longitude":15.0432172,"latitude":50.1918831,"name":"Bicycle Parking","city":"Nymburk","address":null,"covered":false,"access":null,"website":null,"phone":null,"source":"OpenStreetMap/node/13685719864","sourceUpdatedAt":null,"verifiedAt":null}},{"type":"Feature","geometry":{"type":"Point","coordinates":[15.0410738,50.1911766]},"properties":{"id":"bikerack:38211e83-54b6-4324-8fe3-431305e464fb","kind":"bikerack","longitude":15.0410738,"latitude":50.1911766,"name":"Bicycle Parking","city":"Nymburk","address":null,"covered":true,"access":null,"website":null,"phone":null,"source":"OpenStreetMap/node/8397870259","sourceUpdatedAt":null,"verifiedAt":null}},{"type":"Feature","geometry":{"type":"Point","coordinates":[15.0452861,50.1877412]},"properties":{"id":"bikerack:39887a73-5e99-4bd5-927f-6e6b057408df","kind":"bikerack","longitude":15.0452861,"latitude":50.1877412,"name":"Bicycle Parking","city":"Nymburk","address":null,"covered":false,"access":null,"website":null,"phone":null,"source":"OpenStreetMap/node/13702630136","sourceUpdatedAt":null,"verifiedAt":null}},{"type":"Feature","geometry":{"type":"Point","coordinates":[15.0458962,50.1927593]},"properties":{"id":"bikerack:3a8dff3f-622d-49d9-bd78-23f3ea672c2a","kind":"bikerack","longitude":15.0458962,"latitude":50.1927593,"name":"Bicycle Parking","city":"Nymburk","address":null,"covered":false,"access":null,"website":null,"phone":null,"source":"OpenStreetMap/node/13683583004","sourceUpdatedAt":null,"verifiedAt":null}},{"type":"Feature","geometry":{"type":"Point","coordinates":[15.0297692,50.188103]},"properties":{"id":"bikerack:3b0ab2ec-33b0-48d5-9c8f-d19e36f52561","kind":"bikerack","longitude":15.0297692,"latitude":50.188103,"name":"Bicycle Parking","city":"Nymburk","address":null,"covered":false,"access":null,"website":null,"phone":null,"source":"OpenStreetMap/node/12944458235","sourceUpdatedAt":null,"verifiedAt":null}},{"type":"Feature","geometry":{"type":"Point","coordinates":[15.0411451,50.1922714]},"properties":{"id":"bikerack:3dcc1dcb-de08-4833-8605-0d785402caa1","kind":"bikerack","longitude":15.0411451,"latitude":50.1922714,"name":"Bicycle Parking","city":"Nymburk","address":null,"covered":false,"access":null,"website":null,"phone":null,"source":"OpenStreetMap/node/13685719870","sourceUpdatedAt":null,"verifiedAt":null}},{"type":"Feature","geometry":{"type":"Point","coordinates":[15.0298305,50.1873833]},"properties":{"id":"bikerack:3dd78068-1284-48dd-a7be-09ab4996e257","kind":"bikerack","longitude":15.0298305,"latitude":50.1873833,"name":"Bicycle Parking","city":"Nymburk","address":null,"covered":true,"access":null,"website":null,"phone":null,"source":"OpenStreetMap/node/13699920366","sourceUpdatedAt":null,"verifiedAt":null}},{"type":"Feature","geometry":{"type":"Point","coordinates":[15.0312877,50.1913295]},"properties":{"id":"bikerack:3deafe24-03cd-472a-8cc2-39fb82aa9156","kind":"bikerack","longitude":15.0312877,"latitude":50.1913295,"name":"Bicycle Parking","city":"Nymburk","address":null,"covered":false,"access":null,"website":null,"phone":null,"source":"OpenStreetMap/node/13724452049","sourceUpdatedAt":null,"verifiedAt":null}},{"type":"Feature","geometry":{"type":"Point","coordinates":[15.036033,50.1880983]},"properties":{"id":"bikerack:3e5a2178-3674-4e0c-a025-2177a8797129","kind":"bikerack","longitude":15.036033,"latitude":50.1880983,"name":"Bicycle Parking","city":"Nymburk","address":null,"covered":false,"access":null,"website":null,"phone":null,"source":"OpenStreetMap/node/13685720063","sourceUpdatedAt":null,"verifiedAt":null}},{"type":"Feature","geometry":{"type":"Point","coordinates":[15.0406088,50.1873022]},"properties":{"id":"bikerack:401de1bc-a07e-4a47-b741-75b9bbaa393a","kind":"bikerack","longitude":15.0406088,"latitude":50.1873022,"name":"Bicycle Parking","city":"Nymburk","address":null,"covered":false,"access":null,"website":null,"phone":null,"source":"OpenStreetMap/node/13724451923","sourceUpdatedAt":null,"verifiedAt":null}},{"type":"Feature","geometry":{"type":"Point","coordinates":[15.0384888,50.1849332]},"properties":{"id":"bikerack:4084df17-bd1d-4ce5-9c8e-591fde7f2c00","kind":"bikerack","longitude":15.0384888,"latitude":50.1849332,"name":"Bicycle Parking","city":"Nymburk","address":null,"covered":false,"access":null,"website":null,"phone":null,"source":"OpenStreetMap/node/13683580175","sourceUpdatedAt":null,"verifiedAt":null}},{"type":"Feature","geometry":{"type":"Point","coordinates":[15.0450145,50.1819685]},"properties":{"id":"bikerack:40cc9d32-6854-4fdc-a890-c5f8e387fcb0","kind":"bikerack","longitude":15.0450145,"latitude":50.1819685,"name":"Bicycle Parking","city":"Nymburk","address":null,"covered":false,"access":null,"website":null,"phone":null,"source":"OpenStreetMap/node/13680644420","sourceUpdatedAt":null,"verifiedAt":null}},{"type":"Feature","geometry":{"type":"Point","coordinates":[15.0491696,50.1905809]},"properties":{"id":"bikerack:41b9d555-1eae-4541-90d7-45e77737403e","kind":"bikerack","longitude":15.0491696,"latitude":50.1905809,"name":"Bicycle Parking","city":"Nymburk","address":null,"covered":false,"access":null,"website":null,"phone":null,"source":"OpenStreetMap/node/13683582937","sourceUpdatedAt":null,"verifiedAt":null}},{"type":"Feature","geometry":{"type":"Point","coordinates":[15.0325088,50.1922824]},"properties":{"id":"bikerack:424ee255-98bd-4c2a-a567-dbc819076fa4","kind":"bikerack","longitude":15.0325088,"latitude":50.1922824,"name":"Bicycle Parking","city":"Nymburk","address":null,"covered":false,"access":null,"website":null,"phone":null,"source":"OpenStreetMap/node/13724452082","sourceUpdatedAt":null,"verifiedAt":null}},{"type":"Feature","geometry":{"type":"Point","coordinates":[15.0421576,50.1928373]},"properties":{"id":"bikerack:425d6ab9-6fb2-4bc4-ac72-e5394ae28303","kind":"bikerack","longitude":15.0421576,"latitude":50.1928373,"name":"Bicycle Parking","city":"Nymburk","address":null,"covered":false,"access":null,"website":null,"phone":null,"source":"OpenStreetMap/node/13685719895","sourceUpdatedAt":null,"verifiedAt":null}},{"type":"Feature","geometry":{"type":"Point","coordinates":[15.038298,50.1851146]},"properties":{"id":"bikerack:4389cb72-2cd4-4385-9deb-7c6eeb08ab37","kind":"bikerack","longitude":15.038298,"latitude":50.1851146,"name":"Bicycle Parking","city":"Nymburk","address":null,"covered":false,"access":null,"website":null,"phone":null,"source":"OpenStreetMap/node/13683580173","sourceUpdatedAt":null,"verifiedAt":null}},{"type":"Feature","geometry":{"type":"Point","coordinates":[15.0314062,50.1855951]},"properties":{"id":"bikerack:43c30cc1-9b02-4863-997f-3c8612b0ad64","kind":"bikerack","longitude":15.0314062,"latitude":50.1855951,"name":"Bicycle Parking","city":"Nymburk","address":null,"covered":false,"access":null,"website":null,"phone":null,"source":"OpenStreetMap/node/13699897571","sourceUpdatedAt":null,"verifiedAt":null}},{"type":"Feature","geometry":{"type":"Point","coordinates":[15.0468341,50.1814385]},"properties":{"id":"bikerack:448da8f7-cf2b-435b-b532-b36683ca88da","kind":"bikerack","longitude":15.0468341,"latitude":50.1814385,"name":"Bicycle Parking","city":"Nymburk","address":null,"covered":false,"access":null,"website":null,"phone":null,"source":"OpenStreetMap/node/13680644375","sourceUpdatedAt":null,"verifiedAt":null}},{"type":"Feature","geometry":{"type":"Point","coordinates":[15.0376394,50.193731]},"properties":{"id":"bikerack:44a43fa8-f2fc-4c88-90e1-b3b8982b9519","kind":"bikerack","longitude":15.0376394,"latitude":50.193731,"name":"Bicycle Parking","city":"Nymburk","address":null,"covered":false,"access":null,"website":null,"phone":null,"source":"OpenStreetMap/node/13685720029","sourceUpdatedAt":null,"verifiedAt":null}},{"type":"Feature","geometry":{"type":"Point","coordinates":[15.0456899,50.1808316]},"properties":{"id":"bikerack:44b0531d-0716-4337-87e8-b885e5e5f1ba","kind":"bikerack","longitude":15.0456899,"latitude":50.1808316,"name":"Bicycle Parking","city":"Nymburk","address":null,"covered":false,"access":null,"website":null,"phone":null,"source":"OpenStreetMap/node/13680644325","sourceUpdatedAt":null,"verifiedAt":null}},{"type":"Feature","geometry":{"type":"Point","coordinates":[15.0415989,50.1860107]},"properties":{"id":"bikerack:45dc565d-1533-4867-8d1c-60eaddd1987f","kind":"bikerack","longitude":15.0415989,"latitude":50.1860107,"name":"Bicycle Parking","city":"Nymburk","address":null,"covered":true,"access":null,"website":null,"phone":null,"source":"OpenStreetMap/node/13685711395","sourceUpdatedAt":null,"verifiedAt":null}},{"type":"Feature","geometry":{"type":"Point","coordinates":[15.0402748,50.1904586]},"properties":{"id":"bikerack:4603b265-b1be-480f-a56f-e300af985109","kind":"bikerack","longitude":15.0402748,"latitude":50.1904586,"name":"Bicycle Parking","city":"Nymburk","address":null,"covered":false,"access":null,"website":null,"phone":null,"source":"OpenStreetMap/node/13683583010","sourceUpdatedAt":null,"verifiedAt":null}},{"type":"Feature","geometry":{"type":"Point","coordinates":[15.0318301,50.192941]},"properties":{"id":"bikerack:4652f189-6872-4cac-9839-10819e675158","kind":"bikerack","longitude":15.0318301,"latitude":50.192941,"name":"Bicycle Parking","city":"Nymburk","address":null,"covered":false,"access":null,"website":null,"phone":null,"source":"OpenStreetMap/node/13724452169","sourceUpdatedAt":null,"verifiedAt":null}},{"type":"Feature","geometry":{"type":"Point","coordinates":[15.0313509,50.1909012]},"properties":{"id":"bikerack:46bf94dc-2456-4606-a39b-5ef0ba19c981","kind":"bikerack","longitude":15.0313509,"latitude":50.1909012,"name":"Bicycle Parking","city":"Nymburk","address":null,"covered":false,"access":null,"website":null,"phone":null,"source":"OpenStreetMap/node/13724451985","sourceUpdatedAt":null,"verifiedAt":null}},{"type":"Feature","geometry":{"type":"Point","coordinates":[15.042772,50.1916727]},"properties":{"id":"bikerack:46ea2a4b-689e-488c-8ca2-6f0e006b413b","kind":"bikerack","longitude":15.042772,"latitude":50.1916727,"name":"Bicycle Parking","city":"Nymburk","address":null,"covered":false,"access":null,"website":null,"phone":null,"source":"OpenStreetMap/node/13685719866","sourceUpdatedAt":null,"verifiedAt":null}},{"type":"Feature","geometry":{"type":"Point","coordinates":[15.0310026,50.1918171]},"properties":{"id":"bikerack:47ee0004-a7c0-4fa3-882b-2ab984337a86","kind":"bikerack","longitude":15.0310026,"latitude":50.1918171,"name":"Bicycle Parking","city":"Nymburk","address":null,"covered":false,"access":null,"website":null,"phone":null,"source":"OpenStreetMap/node/13724452074","sourceUpdatedAt":null,"verifiedAt":null}},{"type":"Feature","geometry":{"type":"Point","coordinates":[15.030219,50.1877362]},"properties":{"id":"bikerack:480a947f-56b6-443c-8eed-d5404a766608","kind":"bikerack","longitude":15.030219,"latitude":50.1877362,"name":"Bicycle Parking","city":"Nymburk","address":null,"covered":false,"access":null,"website":null,"phone":null,"source":"OpenStreetMap/node/13699920388","sourceUpdatedAt":null,"verifiedAt":null}},{"type":"Feature","geometry":{"type":"Point","coordinates":[15.0435127,50.1868029]},"properties":{"id":"bikerack:4847f8a7-ebe0-4f91-a67e-2c84e8e0133d","kind":"bikerack","longitude":15.0435127,"latitude":50.1868029,"name":"Bicycle Parking","city":"Nymburk","address":null,"covered":false,"access":null,"website":null,"phone":null,"source":"OpenStreetMap/node/13685719724","sourceUpdatedAt":null,"verifiedAt":null}},{"type":"Feature","geometry":{"type":"Point","coordinates":[15.0444303,50.1824242]},"properties":{"id":"bikerack:498100dc-d7c6-420c-bd37-80bc3aa4b9ab","kind":"bikerack","longitude":15.0444303,"latitude":50.1824242,"name":"Bicycle Parking","city":"Nymburk","address":null,"covered":false,"access":null,"website":null,"phone":null,"source":"OpenStreetMap/node/13680644433","sourceUpdatedAt":null,"verifiedAt":null}},{"type":"Feature","geometry":{"type":"Point","coordinates":[15.0432759,50.1785384]},"properties":{"id":"bikerack:4e2415f5-d45c-4436-9151-d5a47c8223d5","kind":"bikerack","longitude":15.0432759,"latitude":50.1785384,"name":"Bicycle Parking","city":"Nymburk","address":null,"covered":false,"access":null,"website":null,"phone":null,"source":"OpenStreetMap/node/13680610514","sourceUpdatedAt":null,"verifiedAt":null}},{"type":"Feature","geometry":{"type":"Point","coordinates":[15.0293953,50.1868566]},"properties":{"id":"bikerack:4e7d61f6-ab97-4e06-9d71-6aa88f269b75","kind":"bikerack","longitude":15.0293953,"latitude":50.1868566,"name":"Bicycle Parking","city":"Nymburk","address":null,"covered":false,"access":null,"website":null,"phone":null,"source":"OpenStreetMap/node/13699920346","sourceUpdatedAt":null,"verifiedAt":null}},{"type":"Feature","geometry":{"type":"Point","coordinates":[15.0521548,50.1883214]},"properties":{"id":"bikerack:4eab5d5f-c663-4d5c-8c81-d3db2208454a","kind":"bikerack","longitude":15.0521548,"latitude":50.1883214,"name":"Bicycle Parking","city":"Nymburk","address":null,"covered":false,"access":null,"website":null,"phone":null,"source":"OpenStreetMap/node/13683582915","sourceUpdatedAt":null,"verifiedAt":null}},{"type":"Feature","geometry":{"type":"Point","coordinates":[15.0316923,50.1927346]},"properties":{"id":"bikerack:5074a93a-f87f-427f-8c64-5faf1e229614","kind":"bikerack","longitude":15.0316923,"latitude":50.1927346,"name":"Bicycle Parking","city":"Nymburk","address":null,"covered":false,"access":null,"website":null,"phone":null,"source":"OpenStreetMap/node/13724452162","sourceUpdatedAt":null,"verifiedAt":null}},{"type":"Feature","geometry":{"type":"Point","coordinates":[15.0315398,50.1913489]},"properties":{"id":"bikerack:52b5deed-3246-47b8-a2ae-19fdd78237ad","kind":"bikerack","longitude":15.0315398,"latitude":50.1913489,"name":"Bicycle Parking","city":"Nymburk","address":null,"covered":false,"access":null,"website":null,"phone":null,"source":"OpenStreetMap/node/13724452048","sourceUpdatedAt":null,"verifiedAt":null}},{"type":"Feature","geometry":{"type":"Point","coordinates":[15.0632335,50.1855301]},"properties":{"id":"bikerack:548717b1-c22a-4af9-9cbd-d5d7f43aed81","kind":"bikerack","longitude":15.0632335,"latitude":50.1855301,"name":"Bicycle Parking","city":"Nymburk","address":null,"covered":false,"access":null,"website":null,"phone":null,"source":"OpenStreetMap/node/13673085260","sourceUpdatedAt":null,"verifiedAt":null}},{"type":"Feature","geometry":{"type":"Point","coordinates":[15.0624484,50.1853271]},"properties":{"id":"bikerack:55f3abd0-1eea-4cc0-a6be-9a3a401be32e","kind":"bikerack","longitude":15.0624484,"latitude":50.1853271,"name":"Bicycle Parking","city":"Nymburk","address":null,"covered":false,"access":null,"website":null,"phone":null,"source":"OpenStreetMap/node/13673084895","sourceUpdatedAt":null,"verifiedAt":null}},{"type":"Feature","geometry":{"type":"Point","coordinates":[15.0433759,50.191854]},"properties":{"id":"bikerack:568ce52a-fb22-4ee4-9e9c-fbf5ebec9b4a","kind":"bikerack","longitude":15.0433759,"latitude":50.191854,"name":"Bicycle Parking","city":"Nymburk","address":null,"covered":false,"access":null,"website":null,"phone":null,"source":"OpenStreetMap/node/13685719859","sourceUpdatedAt":null,"verifiedAt":null}},{"type":"Feature","geometry":{"type":"Point","coordinates":[15.0417004,50.1852047]},"properties":{"id":"bikerack:576d2b88-5ca2-4291-8eb0-6c66f915f5c4","kind":"bikerack","longitude":15.0417004,"latitude":50.1852047,"name":"Bicycle Parking","city":"Nymburk","address":null,"covered":true,"access":null,"website":null,"phone":null,"source":"OpenStreetMap/node/13685711356","sourceUpdatedAt":null,"verifiedAt":null}},{"type":"Feature","geometry":{"type":"Point","coordinates":[15.0385554,50.1847139]},"properties":{"id":"bikerack:59ab4bc0-0f0e-47cd-826a-ade526d621ea","kind":"bikerack","longitude":15.0385554,"latitude":50.1847139,"name":"Bicycle Parking","city":"Nymburk","address":null,"covered":false,"access":null,"website":null,"phone":null,"source":"OpenStreetMap/node/13683580166","sourceUpdatedAt":null,"verifiedAt":null}},{"type":"Feature","geometry":{"type":"Point","coordinates":[15.0317599,50.191867]},"properties":{"id":"bikerack:5a5b3484-278a-4df1-a2f2-b98c0b0fe88d","kind":"bikerack","longitude":15.0317599,"latitude":50.191867,"name":"Bicycle Parking","city":"Nymburk","address":null,"covered":false,"access":null,"website":null,"phone":null,"source":"OpenStreetMap/node/13724452077","sourceUpdatedAt":null,"verifiedAt":null}},{"type":"Feature","geometry":{"type":"Point","coordinates":[15.0298541,50.1872672]},"properties":{"id":"bikerack:5ac11337-fac4-4d0f-a60a-ee90cabe063b","kind":"bikerack","longitude":15.0298541,"latitude":50.1872672,"name":"Bicycle Parking","city":"Nymburk","address":null,"covered":false,"access":null,"website":null,"phone":null,"source":"OpenStreetMap/node/13699920359","sourceUpdatedAt":null,"verifiedAt":null}},{"type":"Feature","geometry":{"type":"Point","coordinates":[15.0442137,50.1882655]},"properties":{"id":"bikerack:5ada58de-9ca3-40c9-9bd2-759fdcce4acc","kind":"bikerack","longitude":15.0442137,"latitude":50.1882655,"name":"Bicycle Parking","city":"Nymburk","address":null,"covered":false,"access":null,"website":null,"phone":null,"source":"OpenStreetMap/node/13685719737","sourceUpdatedAt":null,"verifiedAt":null}},{"type":"Feature","geometry":{"type":"Point","coordinates":[15.0314649,50.1906843]},"properties":{"id":"bikerack:5af05d79-a4b8-4487-96dd-0fbcc1e85e78","kind":"bikerack","longitude":15.0314649,"latitude":50.1906843,"name":"Bicycle Parking","city":"Nymburk","address":null,"covered":false,"access":null,"website":null,"phone":null,"source":"OpenStreetMap/node/13724451991","sourceUpdatedAt":null,"verifiedAt":null}},{"type":"Feature","geometry":{"type":"Point","coordinates":[15.0442523,50.1898458]},"properties":{"id":"bikerack:5b6dfd97-37e9-4050-9cc6-c7d2c6995a13","kind":"bikerack","longitude":15.0442523,"latitude":50.1898458,"name":"Bicycle Parking","city":"Nymburk","address":null,"covered":false,"access":null,"website":null,"phone":null,"source":"OpenStreetMap/node/13683582984","sourceUpdatedAt":null,"verifiedAt":null}},{"type":"Feature","geometry":{"type":"Point","coordinates":[15.031785,50.1913663]},"properties":{"id":"bikerack:5bd88fa9-f60b-43df-9a31-6418c96d3158","kind":"bikerack","longitude":15.031785,"latitude":50.1913663,"name":"Bicycle Parking","city":"Nymburk","address":null,"covered":false,"access":null,"website":null,"phone":null,"source":"OpenStreetMap/node/13724452042","sourceUpdatedAt":null,"verifiedAt":null}},{"type":"Feature","geometry":{"type":"Point","coordinates":[15.0432855,50.1815293]},"properties":{"id":"bikerack:5cb7131e-dd4d-4898-ac34-2d98a3fe3369","kind":"bikerack","longitude":15.0432855,"latitude":50.1815293,"name":"Bicycle Parking","city":"Nymburk","address":null,"covered":false,"access":null,"website":null,"phone":null,"source":"OpenStreetMap/node/13667947158","sourceUpdatedAt":null,"verifiedAt":null}},{"type":"Feature","geometry":{"type":"Point","coordinates":[15.0406906,50.1850903]},"properties":{"id":"bikerack:5d47573c-87ca-4549-a4ce-c566c089470c","kind":"bikerack","longitude":15.0406906,"latitude":50.1850903,"name":"Bicycle Parking","city":"Nymburk","address":null,"covered":true,"access":null,"website":null,"phone":null,"source":"OpenStreetMap/node/13680644517","sourceUpdatedAt":null,"verifiedAt":null}},{"type":"Feature","geometry":{"type":"Point","coordinates":[15.0439369,50.1882083]},"properties":{"id":"bikerack:5e8f41d0-b7d9-4be7-a679-b93ea204c1d7","kind":"bikerack","longitude":15.0439369,"latitude":50.1882083,"name":"Bicycle Parking","city":"Nymburk","address":null,"covered":false,"access":null,"website":null,"phone":null,"source":"OpenStreetMap/node/13685719734","sourceUpdatedAt":null,"verifiedAt":null}},{"type":"Feature","geometry":{"type":"Point","coordinates":[15.0364685,50.1904163]},"properties":{"id":"bikerack:5e9764fd-56be-4557-82dc-454dda674d4b","kind":"bikerack","longitude":15.0364685,"latitude":50.1904163,"name":"Bicycle Parking","city":"Nymburk","address":null,"covered":false,"access":null,"website":null,"phone":null,"source":"OpenStreetMap/node/13685720070","sourceUpdatedAt":null,"verifiedAt":null}},{"type":"Feature","geometry":{"type":"Point","coordinates":[15.0399359,50.1930218]},"properties":{"id":"bikerack:5e9927b7-a2d1-43d8-bb4f-8814e670c02e","kind":"bikerack","longitude":15.0399359,"latitude":50.1930218,"name":"Bicycle Parking","city":"Nymburk","address":null,"covered":false,"access":null,"website":null,"phone":null,"source":"OpenStreetMap/node/13685719995","sourceUpdatedAt":null,"verifiedAt":null}},{"type":"Feature","geometry":{"type":"Point","coordinates":[15.02971,50.1842319]},"properties":{"id":"bikerack:5f1feb7f-4d01-4d5f-ba36-9357318b6144","kind":"bikerack","longitude":15.02971,"latitude":50.1842319,"name":"Bicycle Parking","city":"Nymburk","address":null,"covered":false,"access":null,"website":null,"phone":null,"source":"OpenStreetMap/node/13699897587","sourceUpdatedAt":null,"verifiedAt":null}},{"type":"Feature","geometry":{"type":"Point","coordinates":[15.0625169,50.1854716]},"properties":{"id":"bikerack:5fbf8c3d-024c-4ed1-a073-cd219a563473","kind":"bikerack","longitude":15.0625169,"latitude":50.1854716,"name":"Bicycle Parking","city":"Nymburk","address":null,"covered":false,"access":null,"website":null,"phone":null,"source":"OpenStreetMap/node/13673084894","sourceUpdatedAt":null,"verifiedAt":null}},{"type":"Feature","geometry":{"type":"Point","coordinates":[15.0424089,50.1827592]},"properties":{"id":"bikerack:61476abc-ae1b-4ec2-b572-77e824a02cd6","kind":"bikerack","longitude":15.0424089,"latitude":50.1827592,"name":"Bicycle Parking","city":"Nymburk","address":null,"covered":false,"access":null,"website":null,"phone":null,"source":"OpenStreetMap/node/13680644436","sourceUpdatedAt":null,"verifiedAt":null}},{"type":"Feature","geometry":{"type":"Point","coordinates":[15.0442084,50.1908833]},"properties":{"id":"bikerack:618bb223-1345-44f7-850a-e425b1b66a03","kind":"bikerack","longitude":15.0442084,"latitude":50.1908833,"name":"Bicycle Parking","city":"Nymburk","address":null,"covered":false,"access":null,"website":null,"phone":null,"source":"OpenStreetMap/node/13685719840","sourceUpdatedAt":null,"verifiedAt":null}},{"type":"Feature","geometry":{"type":"Point","coordinates":[15.0381902,50.187878]},"properties":{"id":"bikerack:61912569-2a13-467e-8477-5a5f342e0832","kind":"bikerack","longitude":15.0381902,"latitude":50.187878,"name":"Bicycle Parking","city":"Nymburk","address":null,"covered":false,"access":null,"website":null,"phone":null,"source":"OpenStreetMap/node/13683583016","sourceUpdatedAt":null,"verifiedAt":null}},{"type":"Feature","geometry":{"type":"Point","coordinates":[15.0446834,50.1799085]},"properties":{"id":"bikerack:623063a2-07bf-40b1-aacb-76add6111aba","kind":"bikerack","longitude":15.0446834,"latitude":50.1799085,"name":"Bicycle Parking","city":"Nymburk","address":null,"covered":false,"access":null,"website":null,"phone":null,"source":"OpenStreetMap/node/13667947189","sourceUpdatedAt":null,"verifiedAt":null}},{"type":"Feature","geometry":{"type":"Point","coordinates":[15.0298626,50.1870484]},"properties":{"id":"bikerack:62308262-6a9f-474f-a04f-55bcb4047872","kind":"bikerack","longitude":15.0298626,"latitude":50.1870484,"name":"Bicycle Parking","city":"Nymburk","address":null,"covered":false,"access":null,"website":null,"phone":null,"source":"OpenStreetMap/node/13699920363","sourceUpdatedAt":null,"verifiedAt":null}},{"type":"Feature","geometry":{"type":"Point","coordinates":[15.0404407,50.1846598]},"properties":{"id":"bikerack:62412825-8ead-4b20-b1f4-1fbf5e0c40ba","kind":"bikerack","longitude":15.0404407,"latitude":50.1846598,"name":"Bicycle Parking","city":"Nymburk","address":null,"covered":false,"access":null,"website":null,"phone":null,"source":"OpenStreetMap/node/13680644513","sourceUpdatedAt":null,"verifiedAt":null}},{"type":"Feature","geometry":{"type":"Point","coordinates":[15.0380039,50.1885838]},"properties":{"id":"bikerack:6275ee1a-deb3-4162-983e-4915e3ff64d1","kind":"bikerack","longitude":15.0380039,"latitude":50.1885838,"name":"Bicycle Parking","city":"Nymburk","address":null,"covered":false,"access":null,"website":null,"phone":null,"source":"OpenStreetMap/node/13685720040","sourceUpdatedAt":null,"verifiedAt":null}},{"type":"Feature","geometry":{"type":"Point","coordinates":[15.0398767,50.1841797]},"properties":{"id":"bikerack:62f43c63-3c85-4c91-8890-1415543c5ddb","kind":"bikerack","longitude":15.0398767,"latitude":50.1841797,"name":"Bicycle Parking","city":"Nymburk","address":null,"covered":false,"access":null,"website":null,"phone":null,"source":"OpenStreetMap/node/13683580165","sourceUpdatedAt":null,"verifiedAt":null}},{"type":"Feature","geometry":{"type":"Point","coordinates":[15.0320419,50.1902224]},"properties":{"id":"bikerack:63eb4fce-3bfa-42b5-9350-8ac20bd0579d","kind":"bikerack","longitude":15.0320419,"latitude":50.1902224,"name":"Bicycle Parking","city":"Nymburk","address":null,"covered":false,"access":null,"website":null,"phone":null,"source":"OpenStreetMap/node/13724452023","sourceUpdatedAt":null,"verifiedAt":null}},{"type":"Feature","geometry":{"type":"Point","coordinates":[15.0309364,50.1860681]},"properties":{"id":"bikerack:641a09fe-9d9b-41d2-8b34-f4fe0b096c98","kind":"bikerack","longitude":15.0309364,"latitude":50.1860681,"name":"Bicycle Parking","city":"Nymburk","address":null,"covered":false,"access":null,"website":null,"phone":null,"source":"OpenStreetMap/node/13699897578","sourceUpdatedAt":null,"verifiedAt":null}},{"type":"Feature","geometry":{"type":"Point","coordinates":[15.0420414,50.1822314]},"properties":{"id":"bikerack:6500bed8-8cb1-4d53-a871-62f1d6e9c460","kind":"bikerack","longitude":15.0420414,"latitude":50.1822314,"name":"Bicycle Parking","city":"Nymburk","address":null,"covered":false,"access":null,"website":null,"phone":null,"source":"OpenStreetMap/node/13680610578","sourceUpdatedAt":null,"verifiedAt":null}},{"type":"Feature","geometry":{"type":"Point","coordinates":[15.0324618,50.1906476]},"properties":{"id":"bikerack:656e9eeb-27ca-4830-b255-ec0edb4cc2da","kind":"bikerack","longitude":15.0324618,"latitude":50.1906476,"name":"Bicycle Parking","city":"Nymburk","address":null,"covered":false,"access":null,"website":null,"phone":null,"source":"OpenStreetMap/node/13724452028","sourceUpdatedAt":null,"verifiedAt":null}},{"type":"Feature","geometry":{"type":"Point","coordinates":[15.0315433,50.1901922]},"properties":{"id":"bikerack:65f736d4-c98b-40a9-b4c4-fbf111804687","kind":"bikerack","longitude":15.0315433,"latitude":50.1901922,"name":"Bicycle Parking","city":"Nymburk","address":null,"covered":false,"access":null,"website":null,"phone":null,"source":"OpenStreetMap/node/13724452021","sourceUpdatedAt":null,"verifiedAt":null}},{"type":"Feature","geometry":{"type":"Point","coordinates":[15.0358429,50.1816674]},"properties":{"id":"bikerack:669eb1f8-6af3-4b63-8350-dd98a3f17097","kind":"bikerack","longitude":15.0358429,"latitude":50.1816674,"name":"Bicycle Parking","city":"Nymburk","address":null,"covered":true,"access":null,"website":null,"phone":null,"source":"OpenStreetMap/node/13651103550","sourceUpdatedAt":null,"verifiedAt":null}},{"type":"Feature","geometry":{"type":"Point","coordinates":[15.0416099,50.1851867]},"properties":{"id":"bikerack:678028b2-ab66-486b-9f0b-542c0edb7edb","kind":"bikerack","longitude":15.0416099,"latitude":50.1851867,"name":"Bicycle Parking","city":"Nymburk","address":null,"covered":true,"access":null,"website":null,"phone":null,"source":"OpenStreetMap/node/13685711355","sourceUpdatedAt":null,"verifiedAt":null}},{"type":"Feature","geometry":{"type":"Point","coordinates":[15.0306591,50.192503]},"properties":{"id":"bikerack:68593248-cea8-4482-bb48-cfe86838ef9f","kind":"bikerack","longitude":15.0306591,"latitude":50.192503,"name":"Bicycle Parking","city":"Nymburk","address":null,"covered":false,"access":null,"website":null,"phone":null,"source":"OpenStreetMap/node/13728526637","sourceUpdatedAt":null,"verifiedAt":null}},{"type":"Feature","geometry":{"type":"Point","coordinates":[15.0441892,50.1869216]},"properties":{"id":"bikerack:68fe7f32-a5cb-4322-ba2d-556248ff556b","kind":"bikerack","longitude":15.0441892,"latitude":50.1869216,"name":"Bicycle Parking","city":"Nymburk","address":null,"covered":false,"access":null,"website":null,"phone":null,"source":"OpenStreetMap/node/13685719729","sourceUpdatedAt":null,"verifiedAt":null}},{"type":"Feature","geometry":{"type":"Point","coordinates":[15.0298883,50.1868957]},"properties":{"id":"bikerack:693ea049-fa85-47e7-8bb4-b126e6e63f85","kind":"bikerack","longitude":15.0298883,"latitude":50.1868957,"name":"Bicycle Parking","city":"Nymburk","address":null,"covered":false,"access":null,"website":null,"phone":null,"source":"OpenStreetMap/node/13699920338","sourceUpdatedAt":null,"verifiedAt":null}},{"type":"Feature","geometry":{"type":"Point","coordinates":[15.0296009,50.1872416]},"properties":{"id":"bikerack:6aa06dbf-2822-4563-af05-b2d935971447","kind":"bikerack","longitude":15.0296009,"latitude":50.1872416,"name":"Bicycle Parking","city":"Nymburk","address":null,"covered":false,"access":null,"website":null,"phone":null,"source":"OpenStreetMap/node/13699920358","sourceUpdatedAt":null,"verifiedAt":null}},{"type":"Feature","geometry":{"type":"Point","coordinates":[15.0425478,50.1887574]},"properties":{"id":"bikerack:6aba3268-4601-4d83-8e9c-41e6128ac814","kind":"bikerack","longitude":15.0425478,"latitude":50.1887574,"name":"Bicycle Parking","city":"Nymburk","address":null,"covered":false,"access":null,"website":null,"phone":null,"source":"OpenStreetMap/node/13685719818","sourceUpdatedAt":null,"verifiedAt":null}},{"type":"Feature","geometry":{"type":"Point","coordinates":[15.0464297,50.1812548]},"properties":{"id":"bikerack:6bea906d-0be0-41a3-860e-645f5129dc25","kind":"bikerack","longitude":15.0464297,"latitude":50.1812548,"name":"Bicycle Parking","city":"Nymburk","address":null,"covered":false,"access":null,"website":null,"phone":null,"source":"OpenStreetMap/node/13680644372","sourceUpdatedAt":null,"verifiedAt":null}},{"type":"Feature","geometry":{"type":"Point","coordinates":[15.0453244,50.1902843]},"properties":{"id":"bikerack:6c7fd5ef-bb73-4985-b10b-cfc9c77ed5cb","kind":"bikerack","longitude":15.0453244,"latitude":50.1902843,"name":"Bicycle Parking","city":"Nymburk","address":null,"covered":false,"access":null,"website":null,"phone":null,"source":"OpenStreetMap/node/13683582997","sourceUpdatedAt":null,"verifiedAt":null}},{"type":"Feature","geometry":{"type":"Point","coordinates":[15.0367225,50.1864103]},"properties":{"id":"bikerack:6ce8f6cc-c246-4354-9212-f1fc092acf6a","kind":"bikerack","longitude":15.0367225,"latitude":50.1864103,"name":"Bicycle Parking","city":"Nymburk","address":null,"covered":false,"access":null,"website":null,"phone":null,"source":"OpenStreetMap/node/13687464361","sourceUpdatedAt":null,"verifiedAt":null}},{"type":"Feature","geometry":{"type":"Point","coordinates":[15.0296752,50.1865082]},"properties":{"id":"bikerack:6d9fae84-4ef5-4a62-9491-c1aad343dd48","kind":"bikerack","longitude":15.0296752,"latitude":50.1865082,"name":"Bicycle Parking","city":"Nymburk","address":null,"covered":false,"access":null,"website":null,"phone":null,"source":"OpenStreetMap/node/13699920333","sourceUpdatedAt":null,"verifiedAt":null}},{"type":"Feature","geometry":{"type":"Point","coordinates":[15.030796,50.1853241]},"properties":{"id":"bikerack:6e8bfe27-fc65-4724-8e18-b7dfb745da9b","kind":"bikerack","longitude":15.030796,"latitude":50.1853241,"name":"Bicycle Parking","city":"Nymburk","address":null,"covered":true,"access":null,"website":null,"phone":null,"source":"OpenStreetMap/node/13699897569","sourceUpdatedAt":null,"verifiedAt":null}},{"type":"Feature","geometry":{"type":"Point","coordinates":[15.0388879,50.1840156]},"properties":{"id":"bikerack:6f007fe3-5de3-437d-aeab-96ddfc5c3020","kind":"bikerack","longitude":15.0388879,"latitude":50.1840156,"name":"Bicycle Parking","city":"Nymburk","address":null,"covered":false,"access":null,"website":null,"phone":null,"source":"OpenStreetMap/node/13683580187","sourceUpdatedAt":null,"verifiedAt":null}},{"type":"Feature","geometry":{"type":"Point","coordinates":[15.0420069,50.1916707]},"properties":{"id":"bikerack:6f1820e1-2482-44d4-a7ec-d37d5d23898d","kind":"bikerack","longitude":15.0420069,"latitude":50.1916707,"name":"Bicycle Parking","city":"Nymburk","address":null,"covered":false,"access":null,"website":null,"phone":null,"source":"OpenStreetMap/node/13724394685","sourceUpdatedAt":null,"verifiedAt":null}},{"type":"Feature","geometry":{"type":"Point","coordinates":[15.0438691,50.1893246]},"properties":{"id":"bikerack:70adda04-71e6-4893-b8b7-f2296ea228d1","kind":"bikerack","longitude":15.0438691,"latitude":50.1893246,"name":"Bicycle Parking","city":"Nymburk","address":null,"covered":false,"access":null,"website":null,"phone":null,"source":"OpenStreetMap/node/13685719827","sourceUpdatedAt":null,"verifiedAt":null}},{"type":"Feature","geometry":{"type":"Point","coordinates":[15.0324956,50.190484]},"properties":{"id":"bikerack:71e9fadf-a28e-4202-a643-0dff5f535d2e","kind":"bikerack","longitude":15.0324956,"latitude":50.190484,"name":"Bicycle Parking","city":"Nymburk","address":null,"covered":false,"access":null,"website":null,"phone":null,"source":"OpenStreetMap/node/13724452027","sourceUpdatedAt":null,"verifiedAt":null}},{"type":"Feature","geometry":{"type":"Point","coordinates":[15.0401718,50.1863637]},"properties":{"id":"bikerack:72613e4e-4684-4e9f-8aa8-54142840a587","kind":"bikerack","longitude":15.0401718,"latitude":50.1863637,"name":"Bicycle Parking","city":"Nymburk","address":null,"covered":false,"access":null,"website":null,"phone":null,"source":"OpenStreetMap/node/13680644529","sourceUpdatedAt":null,"verifiedAt":null}},{"type":"Feature","geometry":{"type":"Point","coordinates":[15.0430339,50.1866538]},"properties":{"id":"bikerack:7263a105-ffb3-443c-adaf-da22f091b8f8","kind":"bikerack","longitude":15.0430339,"latitude":50.1866538,"name":"Bicycle Parking","city":"Nymburk","address":null,"covered":false,"access":null,"website":null,"phone":null,"source":"OpenStreetMap/node/13685719713","sourceUpdatedAt":null,"verifiedAt":null}},{"type":"Feature","geometry":{"type":"Point","coordinates":[15.0296169,50.1869938]},"properties":{"id":"bikerack:76d22fa5-98f3-4ad8-8fe5-63816bb05db1","kind":"bikerack","longitude":15.0296169,"latitude":50.1869938,"name":"Bicycle Parking","city":"Nymburk","address":null,"covered":true,"access":null,"website":null,"phone":null,"source":"OpenStreetMap/node/13699920362","sourceUpdatedAt":null,"verifiedAt":null}},{"type":"Feature","geometry":{"type":"Point","coordinates":[15.0634941,50.1853888]},"properties":{"id":"bikerack:76f5cd09-912e-4003-b5b3-8f96281248ab","kind":"bikerack","longitude":15.0634941,"latitude":50.1853888,"name":"Bicycle Parking","city":"Nymburk","address":null,"covered":false,"access":null,"website":null,"phone":null,"source":"OpenStreetMap/node/13673085258","sourceUpdatedAt":null,"verifiedAt":null}},{"type":"Feature","geometry":{"type":"Point","coordinates":[15.0312946,50.1926414]},"properties":{"id":"bikerack:77ad3dc7-e5ab-47e9-a645-cebed2a92366","kind":"bikerack","longitude":15.0312946,"latitude":50.1926414,"name":"Bicycle Parking","city":"Nymburk","address":null,"covered":false,"access":null,"website":null,"phone":null,"source":"OpenStreetMap/node/13724452122","sourceUpdatedAt":null,"verifiedAt":null}},{"type":"Feature","geometry":{"type":"Point","coordinates":[15.046061,50.1812601]},"properties":{"id":"bikerack:77c22145-fb2d-41ab-a8ee-92b40601a1c8","kind":"bikerack","longitude":15.046061,"latitude":50.1812601,"name":"Bicycle Parking","city":"Nymburk","address":null,"covered":false,"access":null,"website":null,"phone":null,"source":"OpenStreetMap/node/13680644373","sourceUpdatedAt":null,"verifiedAt":null}},{"type":"Feature","geometry":{"type":"Point","coordinates":[15.0308657,50.1914038]},"properties":{"id":"bikerack:77ca9e9a-3ae9-4acc-9c22-bc0b31ccf249","kind":"bikerack","longitude":15.0308657,"latitude":50.1914038,"name":"Bicycle Parking","city":"Nymburk","address":null,"covered":false,"access":null,"website":null,"phone":null,"source":"OpenStreetMap/node/13724452052","sourceUpdatedAt":null,"verifiedAt":null}},{"type":"Feature","geometry":{"type":"Point","coordinates":[15.0320173,50.1922731]},"properties":{"id":"bikerack:78035b6d-68ce-48de-a0e6-ec870738abcf","kind":"bikerack","longitude":15.0320173,"latitude":50.1922731,"name":"Bicycle Parking","city":"Nymburk","address":null,"covered":false,"access":null,"website":null,"phone":null,"source":"OpenStreetMap/node/13724452090","sourceUpdatedAt":null,"verifiedAt":null}},{"type":"Feature","geometry":{"type":"Point","coordinates":[15.0627676,50.1859692]},"properties":{"id":"bikerack:7830d221-2dc5-4869-80fc-bea0d8cab7db","kind":"bikerack","longitude":15.0627676,"latitude":50.1859692,"name":"Bicycle Parking","city":"Nymburk","address":null,"covered":false,"access":null,"website":null,"phone":null,"source":"OpenStreetMap/node/13673084892","sourceUpdatedAt":null,"verifiedAt":null}},{"type":"Feature","geometry":{"type":"Point","coordinates":[15.0306095,50.18698]},"properties":{"id":"bikerack:78a91037-4e0e-4432-8eca-1f0c2a9d9bfb","kind":"bikerack","longitude":15.0306095,"latitude":50.18698,"name":"Bicycle Parking","city":"Nymburk","address":null,"covered":false,"access":null,"website":null,"phone":null,"source":"OpenStreetMap/node/13699920391","sourceUpdatedAt":null,"verifiedAt":null}},{"type":"Feature","geometry":{"type":"Point","coordinates":[15.0630231,50.1851145]},"properties":{"id":"bikerack:78ce51bf-abb1-40c1-96fe-3919048e7d55","kind":"bikerack","longitude":15.0630231,"latitude":50.1851145,"name":"Bicycle Parking","city":"Nymburk","address":null,"covered":false,"access":null,"website":null,"phone":null,"source":"OpenStreetMap/node/13673085256","sourceUpdatedAt":null,"verifiedAt":null}},{"type":"Feature","geometry":{"type":"Point","coordinates":[15.0318015,50.1902049]},"properties":{"id":"bikerack:7994ccfb-d172-49e6-bd44-fad18b4f2f0f","kind":"bikerack","longitude":15.0318015,"latitude":50.1902049,"name":"Bicycle Parking","city":"Nymburk","address":null,"covered":false,"access":null,"website":null,"phone":null,"source":"OpenStreetMap/node/13724452022","sourceUpdatedAt":null,"verifiedAt":null}},{"type":"Feature","geometry":{"type":"Point","coordinates":[15.0398821,50.1874189]},"properties":{"id":"bikerack:7a1fef33-977e-4c7d-af44-eae98a3c9d67","kind":"bikerack","longitude":15.0398821,"latitude":50.1874189,"name":"Bicycle Parking","city":"Nymburk","address":null,"covered":false,"access":null,"website":null,"phone":null,"source":"OpenStreetMap/node/13685719776","sourceUpdatedAt":null,"verifiedAt":null}},{"type":"Feature","geometry":{"type":"Point","coordinates":[15.0408481,50.1858156]},"properties":{"id":"bikerack:7c3a01d2-34dd-456b-b160-7da9ccaf64f3","kind":"bikerack","longitude":15.0408481,"latitude":50.1858156,"name":"Bicycle Parking","city":"Nymburk","address":null,"covered":false,"access":null,"website":null,"phone":null,"source":"OpenStreetMap/node/13680644522","sourceUpdatedAt":null,"verifiedAt":null}},{"type":"Feature","geometry":{"type":"Point","coordinates":[15.0376371,50.1882339]},"properties":{"id":"bikerack:7c67bc5c-d647-4285-84fc-8fed52780aa6","kind":"bikerack","longitude":15.0376371,"latitude":50.1882339,"name":"Bicycle Parking","city":"Nymburk","address":null,"covered":false,"access":null,"website":null,"phone":null,"source":"OpenStreetMap/node/13685720042","sourceUpdatedAt":null,"verifiedAt":null}},{"type":"Feature","geometry":{"type":"Point","coordinates":[15.0298971,50.18667]},"properties":{"id":"bikerack:7e1ea94a-fc6e-4916-803c-bccda6fd4853","kind":"bikerack","longitude":15.0298971,"latitude":50.18667,"name":"Bicycle Parking","city":"Nymburk","address":null,"covered":false,"access":null,"website":null,"phone":null,"source":"OpenStreetMap/node/13699920336","sourceUpdatedAt":null,"verifiedAt":null}},{"type":"Feature","geometry":{"type":"Point","coordinates":[15.0318101,50.1932698]},"properties":{"id":"bikerack:7e687a7d-c33f-405e-9c1f-0c6c697ac6a8","kind":"bikerack","longitude":15.0318101,"latitude":50.1932698,"name":"Bicycle Parking","city":"Nymburk","address":null,"covered":false,"access":null,"website":null,"phone":null,"source":"OpenStreetMap/node/13724452204","sourceUpdatedAt":null,"verifiedAt":null}},{"type":"Feature","geometry":{"type":"Point","coordinates":[15.0384259,50.1934846]},"properties":{"id":"bikerack:7e9b5714-e942-4bb5-9535-a52c69471ff0","kind":"bikerack","longitude":15.0384259,"latitude":50.1934846,"name":"Bicycle Parking","city":"Nymburk","address":null,"covered":false,"access":null,"website":null,"phone":null,"source":"OpenStreetMap/node/13685720008","sourceUpdatedAt":null,"verifiedAt":null}},{"type":"Feature","geometry":{"type":"Point","coordinates":[15.037599,50.1883219]},"properties":{"id":"bikerack:7eaab52d-1878-4437-b141-2f387640e585","kind":"bikerack","longitude":15.037599,"latitude":50.1883219,"name":"Bicycle Parking","city":"Nymburk","address":null,"covered":false,"access":null,"website":null,"phone":null,"source":"OpenStreetMap/node/13685720041","sourceUpdatedAt":null,"verifiedAt":null}},{"type":"Feature","geometry":{"type":"Point","coordinates":[15.0397511,50.1873657]},"properties":{"id":"bikerack:7edd1aca-93eb-426c-b401-636b0a3f1217","kind":"bikerack","longitude":15.0397511,"latitude":50.1873657,"name":"Bicycle Parking","city":"Nymburk","address":null,"covered":false,"access":null,"website":null,"phone":null,"source":"OpenStreetMap/node/13685719775","sourceUpdatedAt":null,"verifiedAt":null}},{"type":"Feature","geometry":{"type":"Point","coordinates":[15.0364216,50.1844949]},"properties":{"id":"bikerack:7fa711c3-436d-417e-ba5e-f202795e382d","kind":"bikerack","longitude":15.0364216,"latitude":50.1844949,"name":"Bicycle Parking","city":"Nymburk","address":null,"covered":false,"access":null,"website":null,"phone":null,"source":"OpenStreetMap/node/13687464369","sourceUpdatedAt":null,"verifiedAt":null}},{"type":"Feature","geometry":{"type":"Point","coordinates":[15.0342252,50.1838597]},"properties":{"id":"bikerack:7fab53e4-6cef-4ee4-99f2-ee4e93940341","kind":"bikerack","longitude":15.0342252,"latitude":50.1838597,"name":"Bicycle Parking","city":"Nymburk","address":null,"covered":false,"access":null,"website":null,"phone":null,"source":"OpenStreetMap/node/13687464371","sourceUpdatedAt":null,"verifiedAt":null}},{"type":"Feature","geometry":{"type":"Point","coordinates":[15.0419167,50.1854174]},"properties":{"id":"bikerack:7fb01641-9d6f-46ea-8769-53eb4809e13d","kind":"bikerack","longitude":15.0419167,"latitude":50.1854174,"name":"Bicycle Parking","city":"Nymburk","address":null,"covered":false,"access":null,"website":null,"phone":null,"source":"OpenStreetMap/node/13685711381","sourceUpdatedAt":null,"verifiedAt":null}},{"type":"Feature","geometry":{"type":"Point","coordinates":[15.0370431,50.1881372]},"properties":{"id":"bikerack:7fc1fad9-f5be-477b-81ec-bf29f3eb8b41","kind":"bikerack","longitude":15.0370431,"latitude":50.1881372,"name":"Bicycle Parking","city":"Nymburk","address":null,"covered":false,"access":null,"website":null,"phone":null,"source":"OpenStreetMap/node/13685720073","sourceUpdatedAt":null,"verifiedAt":null}},{"type":"Feature","geometry":{"type":"Point","coordinates":[15.0296635,50.1880966]},"properties":{"id":"bikerack:80635a5c-f1cb-462a-874d-06c4ef4a306c","kind":"bikerack","longitude":15.0296635,"latitude":50.1880966,"name":"Bicycle Parking","city":"Nymburk","address":null,"covered":false,"access":null,"website":null,"phone":null,"source":"OpenStreetMap/node/13699920380","sourceUpdatedAt":null,"verifiedAt":null}},{"type":"Feature","geometry":{"type":"Point","coordinates":[15.0427756,50.1866588]},"properties":{"id":"bikerack:826664ce-5a36-478d-9428-0b52f5aedc8a","kind":"bikerack","longitude":15.0427756,"latitude":50.1866588,"name":"Bicycle Parking","city":"Nymburk","address":null,"covered":false,"access":null,"website":null,"phone":null,"source":"OpenStreetMap/node/13685719711","sourceUpdatedAt":null,"verifiedAt":null}},{"type":"Feature","geometry":{"type":"Point","coordinates":[15.036174,50.1881082]},"properties":{"id":"bikerack:8278a489-9003-41b9-82b0-ebbe337cc3ba","kind":"bikerack","longitude":15.036174,"latitude":50.1881082,"name":"Bicycle Parking","city":"Nymburk","address":null,"covered":false,"access":null,"website":null,"phone":null,"source":"OpenStreetMap/node/13685720064","sourceUpdatedAt":null,"verifiedAt":null}},{"type":"Feature","geometry":{"type":"Point","coordinates":[15.0302718,50.1915968]},"properties":{"id":"bikerack:832a19c8-ed6c-46c0-a900-e97aa2ef8a87","kind":"bikerack","longitude":15.0302718,"latitude":50.1915968,"name":"Bicycle Parking","city":"Nymburk","address":null,"covered":false,"access":null,"website":null,"phone":null,"source":"OpenStreetMap/node/13728522741","sourceUpdatedAt":null,"verifiedAt":null}},{"type":"Feature","geometry":{"type":"Point","coordinates":[15.0311378,50.1911026]},"properties":{"id":"bikerack:84504f59-4fd1-44a5-873a-de8fe88769b2","kind":"bikerack","longitude":15.0311378,"latitude":50.1911026,"name":"Bicycle Parking","city":"Nymburk","address":null,"covered":false,"access":null,"website":null,"phone":null,"source":"OpenStreetMap/node/13724452035","sourceUpdatedAt":null,"verifiedAt":null}},{"type":"Feature","geometry":{"type":"Point","coordinates":[15.0456388,50.1818804]},"properties":{"id":"bikerack:84c811b4-09b3-43c2-a82d-51579bae22f8","kind":"bikerack","longitude":15.0456388,"latitude":50.1818804,"name":"Bicycle Parking","city":"Nymburk","address":null,"covered":false,"access":null,"website":null,"phone":null,"source":"OpenStreetMap/node/13680644413","sourceUpdatedAt":null,"verifiedAt":null}},{"type":"Feature","geometry":{"type":"Point","coordinates":[15.0440208,50.1904031]},"properties":{"id":"bikerack:85dd797a-adf2-4770-b0a3-7f8e46673012","kind":"bikerack","longitude":15.0440208,"latitude":50.1904031,"name":"Bicycle Parking","city":"Nymburk","address":null,"covered":false,"access":null,"website":null,"phone":null,"source":"OpenStreetMap/node/13685719833","sourceUpdatedAt":null,"verifiedAt":null}},{"type":"Feature","geometry":{"type":"Point","coordinates":[15.0338928,50.1846808]},"properties":{"id":"bikerack:8718a046-f847-4cb5-a314-87f64354621f","kind":"bikerack","longitude":15.0338928,"latitude":50.1846808,"name":"Bicycle Parking","city":"Nymburk","address":null,"covered":false,"access":null,"website":null,"phone":null,"source":"OpenStreetMap/node/13687464370","sourceUpdatedAt":null,"verifiedAt":null}},{"type":"Feature","geometry":{"type":"Point","coordinates":[15.038851,50.18553]},"properties":{"id":"bikerack:87d8e2fd-57de-4f7a-9949-7cfa722b0f2c","kind":"bikerack","longitude":15.038851,"latitude":50.18553,"name":"Bicycle Parking","city":"Nymburk","address":null,"covered":false,"access":null,"website":null,"phone":null,"source":"OpenStreetMap/node/13683580158","sourceUpdatedAt":null,"verifiedAt":null}},{"type":"Feature","geometry":{"type":"Point","coordinates":[15.0310364,50.1913123]},"properties":{"id":"bikerack:88405f38-975b-4c7b-b07d-e84220cbab53","kind":"bikerack","longitude":15.0310364,"latitude":50.1913123,"name":"Bicycle Parking","city":"Nymburk","address":null,"covered":false,"access":null,"website":null,"phone":null,"source":"OpenStreetMap/node/13724452050","sourceUpdatedAt":null,"verifiedAt":null}},{"type":"Feature","geometry":{"type":"Point","coordinates":[15.0415757,50.1911882]},"properties":{"id":"bikerack:8b18c06c-1b06-401a-aeba-d362f5f4c1df","kind":"bikerack","longitude":15.0415757,"latitude":50.1911882,"name":"Bicycle Parking","city":"Nymburk","address":null,"covered":false,"access":null,"website":null,"phone":null,"source":"OpenStreetMap/node/13683583006","sourceUpdatedAt":null,"verifiedAt":null}},{"type":"Feature","geometry":{"type":"Point","coordinates":[15.0310463,50.191616]},"properties":{"id":"bikerack:8b26aedc-8dbe-41f8-839a-791c145d3cd0","kind":"bikerack","longitude":15.0310463,"latitude":50.191616,"name":"Bicycle Parking","city":"Nymburk","address":null,"covered":false,"access":null,"website":null,"phone":null,"source":"OpenStreetMap/node/13724452051","sourceUpdatedAt":null,"verifiedAt":null}},{"type":"Feature","geometry":{"type":"Point","coordinates":[15.0448774,50.1786691]},"properties":{"id":"bikerack:8b875d68-9898-45d2-9693-1679ea892bca","kind":"bikerack","longitude":15.0448774,"latitude":50.1786691,"name":"Bicycle Parking","city":"Nymburk","address":null,"covered":false,"access":null,"website":null,"phone":null,"source":"OpenStreetMap/node/13667947178","sourceUpdatedAt":null,"verifiedAt":null}},{"type":"Feature","geometry":{"type":"Point","coordinates":[15.0371756,50.1869944]},"properties":{"id":"bikerack:8c711e6b-4cae-4736-928d-5d7afee7cc71","kind":"bikerack","longitude":15.0371756,"latitude":50.1869944,"name":"Bicycle Parking","city":"Nymburk","address":null,"covered":false,"access":null,"website":null,"phone":null,"source":"OpenStreetMap/node/13712652337","sourceUpdatedAt":null,"verifiedAt":null}},{"type":"Feature","geometry":{"type":"Point","coordinates":[15.041615,50.1921475]},"properties":{"id":"bikerack:8c959455-a0ae-4d7f-8f81-03f8f3a525a1","kind":"bikerack","longitude":15.041615,"latitude":50.1921475,"name":"Bicycle Parking","city":"Nymburk","address":null,"covered":false,"access":null,"website":null,"phone":null,"source":"OpenStreetMap/node/13685719868","sourceUpdatedAt":null,"verifiedAt":null}},{"type":"Feature","geometry":{"type":"Point","coordinates":[15.0415195,50.1924468]},"properties":{"id":"bikerack:8ca4e294-6d5d-4517-9fdb-81a3f6113150","kind":"bikerack","longitude":15.0415195,"latitude":50.1924468,"name":"Bicycle Parking","city":"Nymburk","address":null,"covered":false,"access":null,"website":null,"phone":null,"source":"OpenStreetMap/node/13685719869","sourceUpdatedAt":null,"verifiedAt":null}},{"type":"Feature","geometry":{"type":"Point","coordinates":[15.0294322,50.1836401]},"properties":{"id":"bikerack:8d1e8932-fa08-4887-a6c3-ffc376088969","kind":"bikerack","longitude":15.0294322,"latitude":50.1836401,"name":"Bicycle Parking","city":"Nymburk","address":null,"covered":false,"access":null,"website":null,"phone":null,"source":"OpenStreetMap/node/13426297934","sourceUpdatedAt":null,"verifiedAt":null}},{"type":"Feature","geometry":{"type":"Point","coordinates":[15.0293675,50.1869772]},"properties":{"id":"bikerack:8dfc4318-b3a7-4b97-9512-b28abc3ab92c","kind":"bikerack","longitude":15.0293675,"latitude":50.1869772,"name":"Bicycle Parking","city":"Nymburk","address":null,"covered":true,"access":null,"website":null,"phone":null,"source":"OpenStreetMap/node/13699920356","sourceUpdatedAt":null,"verifiedAt":null}},{"type":"Feature","geometry":{"type":"Point","coordinates":[15.0304813,50.1919952]},"properties":{"id":"bikerack:8dfcf17a-b638-488c-bfc3-852efcda6eae","kind":"bikerack","longitude":15.0304813,"latitude":50.1919952,"name":"Bicycle Parking","city":"Nymburk","address":null,"covered":false,"access":null,"website":null,"phone":null,"source":"OpenStreetMap/node/13728522743","sourceUpdatedAt":null,"verifiedAt":null}},{"type":"Feature","geometry":{"type":"Point","coordinates":[15.0441201,50.1879847]},"properties":{"id":"bikerack:8eb05d26-611c-4ae0-9e7a-a2e9ed814e61","kind":"bikerack","longitude":15.0441201,"latitude":50.1879847,"name":"Bicycle Parking","city":"Nymburk","address":null,"covered":false,"access":null,"website":null,"phone":null,"source":"OpenStreetMap/node/13685719733","sourceUpdatedAt":null,"verifiedAt":null}},{"type":"Feature","geometry":{"type":"Point","coordinates":[15.0441553,50.1871083]},"properties":{"id":"bikerack:8eb197b9-df06-4135-8d33-016891d7494b","kind":"bikerack","longitude":15.0441553,"latitude":50.1871083,"name":"Bicycle Parking","city":"Nymburk","address":null,"covered":false,"access":null,"website":null,"phone":null,"source":"OpenStreetMap/node/13685719730","sourceUpdatedAt":null,"verifiedAt":null}},{"type":"Feature","geometry":{"type":"Point","coordinates":[15.0304842,50.1842115]},"properties":{"id":"bikerack:8ed78fad-2e72-408d-b25b-57573c876a1b","kind":"bikerack","longitude":15.0304842,"latitude":50.1842115,"name":"Bicycle Parking","city":"Nymburk","address":null,"covered":false,"access":null,"website":null,"phone":null,"source":"OpenStreetMap/node/13430921147","sourceUpdatedAt":null,"verifiedAt":null}},{"type":"Feature","geometry":{"type":"Point","coordinates":[15.0410874,50.1781897]},"properties":{"id":"bikerack:8eebfb50-7003-4b41-8b51-548e8fd01d23","kind":"bikerack","longitude":15.0410874,"latitude":50.1781897,"name":"Bicycle Parking","city":"Nymburk","address":null,"covered":true,"access":null,"website":null,"phone":null,"source":"OpenStreetMap/node/13680610515","sourceUpdatedAt":null,"verifiedAt":null}},{"type":"Feature","geometry":{"type":"Point","coordinates":[15.04401,50.1910623]},"properties":{"id":"bikerack:8f77b497-f2e0-4046-89c7-7b93aeec0cc9","kind":"bikerack","longitude":15.04401,"latitude":50.1910623,"name":"Bicycle Parking","city":"Nymburk","address":null,"covered":false,"access":null,"website":null,"phone":null,"source":"OpenStreetMap/node/13685719841","sourceUpdatedAt":null,"verifiedAt":null}},{"type":"Feature","geometry":{"type":"Point","coordinates":[15.0304581,50.1921319]},"properties":{"id":"bikerack:8f7c1661-8bed-4b12-bca8-3fc230be7be3","kind":"bikerack","longitude":15.0304581,"latitude":50.1921319,"name":"Bicycle Parking","city":"Nymburk","address":null,"covered":false,"access":null,"website":null,"phone":null,"source":"OpenStreetMap/node/13728522744","sourceUpdatedAt":null,"verifiedAt":null}},{"type":"Feature","geometry":{"type":"Point","coordinates":[15.0431418,50.1868108]},"properties":{"id":"bikerack:90d36e99-18f6-4ce1-81fc-410e0874c5f3","kind":"bikerack","longitude":15.0431418,"latitude":50.1868108,"name":"Bicycle Parking","city":"Nymburk","address":null,"covered":false,"access":null,"website":null,"phone":null,"source":"OpenStreetMap/node/13685719714","sourceUpdatedAt":null,"verifiedAt":null}},{"type":"Feature","geometry":{"type":"Point","coordinates":[15.0306465,50.1866533]},"properties":{"id":"bikerack:913e2ac8-1e11-4f9f-8635-3b38b3e7ded8","kind":"bikerack","longitude":15.0306465,"latitude":50.1866533,"name":"Bicycle Parking","city":"Nymburk","address":null,"covered":false,"access":null,"website":null,"phone":null,"source":"OpenStreetMap/node/13699920393","sourceUpdatedAt":null,"verifiedAt":null}},{"type":"Feature","geometry":{"type":"Point","coordinates":[15.0412289,50.1841872]},"properties":{"id":"bikerack:92119cbb-9816-4283-a25e-ecb1c4dd8238","kind":"bikerack","longitude":15.0412289,"latitude":50.1841872,"name":"Bicycle Parking","city":"Nymburk","address":null,"covered":false,"access":null,"website":null,"phone":null,"source":"OpenStreetMap/node/13683580190","sourceUpdatedAt":null,"verifiedAt":null}},{"type":"Feature","geometry":{"type":"Point","coordinates":[15.0410879,50.1865713]},"properties":{"id":"bikerack:932c8430-4a72-4367-8103-27cd374b2d14","kind":"bikerack","longitude":15.0410879,"latitude":50.1865713,"name":"Bicycle Parking","city":"Nymburk","address":null,"covered":false,"access":null,"website":null,"phone":null,"source":"OpenStreetMap/node/13685719766","sourceUpdatedAt":null,"verifiedAt":null}},{"type":"Feature","geometry":{"type":"Point","coordinates":[15.044336,50.1902575]},"properties":{"id":"bikerack:941a018f-70f7-4285-a8ac-c9c28a619a18","kind":"bikerack","longitude":15.044336,"latitude":50.1902575,"name":"Bicycle Parking","city":"Nymburk","address":null,"covered":false,"access":null,"website":null,"phone":null,"source":"OpenStreetMap/node/13683582986","sourceUpdatedAt":null,"verifiedAt":null}},{"type":"Feature","geometry":{"type":"Point","coordinates":[15.0306775,50.1923705]},"properties":{"id":"bikerack:94471881-3dc4-4bf8-8f9e-37a7035bc05a","kind":"bikerack","longitude":15.0306775,"latitude":50.1923705,"name":"Bicycle Parking","city":"Nymburk","address":null,"covered":false,"access":null,"website":null,"phone":null,"source":"OpenStreetMap/node/13728526636","sourceUpdatedAt":null,"verifiedAt":null}},{"type":"Feature","geometry":{"type":"Point","coordinates":[15.0320145,50.1932529]},"properties":{"id":"bikerack:95c51cf1-88ab-4564-b3d8-7215f0e4ef87","kind":"bikerack","longitude":15.0320145,"latitude":50.1932529,"name":"Bicycle Parking","city":"Nymburk","address":null,"covered":false,"access":null,"website":null,"phone":null,"source":"OpenStreetMap/node/13724452205","sourceUpdatedAt":null,"verifiedAt":null}},{"type":"Feature","geometry":{"type":"Point","coordinates":[15.0426296,50.1864369]},"properties":{"id":"bikerack:979de10e-6804-466a-a317-fdcaac4f59e6","kind":"bikerack","longitude":15.0426296,"latitude":50.1864369,"name":"Bicycle Parking","city":"Nymburk","address":null,"covered":false,"access":null,"website":null,"phone":null,"source":"OpenStreetMap/node/13685719709","sourceUpdatedAt":null,"verifiedAt":null}},{"type":"Feature","geometry":{"type":"Point","coordinates":[15.0409551,50.185969]},"properties":{"id":"bikerack:97d8dc0a-abec-4795-901b-9b737421034a","kind":"bikerack","longitude":15.0409551,"latitude":50.185969,"name":"Bicycle Parking","city":"Nymburk","address":null,"covered":false,"access":null,"website":null,"phone":null,"source":"OpenStreetMap/node/13680644525","sourceUpdatedAt":null,"verifiedAt":null}},{"type":"Feature","geometry":{"type":"Point","coordinates":[15.0296741,50.1844025]},"properties":{"id":"bikerack:97e67b80-8762-4066-bb90-25754be09961","kind":"bikerack","longitude":15.0296741,"latitude":50.1844025,"name":"Bicycle Parking","city":"Nymburk","address":null,"covered":false,"access":null,"website":null,"phone":null,"source":"OpenStreetMap/node/13699897585","sourceUpdatedAt":null,"verifiedAt":null}},{"type":"Feature","geometry":{"type":"Point","coordinates":[15.0302708,50.1908621]},"properties":{"id":"bikerack:987ed03e-b6cd-4c97-876b-6fb7cacd027d","kind":"bikerack","longitude":15.0302708,"latitude":50.1908621,"name":"Bicycle Parking","city":"Nymburk","address":null,"covered":false,"access":null,"website":null,"phone":null,"source":"OpenStreetMap/node/13728522789","sourceUpdatedAt":null,"verifiedAt":null}},{"type":"Feature","geometry":{"type":"Point","coordinates":[15.0436106,50.1785485]},"properties":{"id":"bikerack:98b8ac3a-647c-4faf-804f-d0e322fe5353","kind":"bikerack","longitude":15.0436106,"latitude":50.1785485,"name":"Bicycle Parking","city":"Nymburk","address":null,"covered":false,"access":null,"website":null,"phone":null,"source":"OpenStreetMap/node/13667947166","sourceUpdatedAt":null,"verifiedAt":null}},{"type":"Feature","geometry":{"type":"Point","coordinates":[15.0304405,50.1844326]},"properties":{"id":"bikerack:9974b241-0249-46a1-8047-943b4e73f628","kind":"bikerack","longitude":15.0304405,"latitude":50.1844326,"name":"Bicycle Parking","city":"Nymburk","address":null,"covered":false,"access":null,"website":null,"phone":null,"source":"OpenStreetMap/node/13699897565","sourceUpdatedAt":null,"verifiedAt":null}},{"type":"Feature","geometry":{"type":"Point","coordinates":[15.0377857,50.1893403]},"properties":{"id":"bikerack:99ae91a4-03d5-4be5-b1a3-7c6e5b32dd7c","kind":"bikerack","longitude":15.0377857,"latitude":50.1893403,"name":"Bicycle Parking","city":"Nymburk","address":null,"covered":false,"access":null,"website":null,"phone":null,"source":"OpenStreetMap/node/13685720039","sourceUpdatedAt":null,"verifiedAt":null}},{"type":"Feature","geometry":{"type":"Point","coordinates":[15.0428199,50.1865478]},"properties":{"id":"bikerack:99b8b5ee-5bf2-4704-9809-0525d366424e","kind":"bikerack","longitude":15.0428199,"latitude":50.1865478,"name":"Bicycle Parking","city":"Nymburk","address":null,"covered":false,"access":null,"website":null,"phone":null,"source":"OpenStreetMap/node/13685719710","sourceUpdatedAt":null,"verifiedAt":null}},{"type":"Feature","geometry":{"type":"Point","coordinates":[15.0307908,50.1903877]},"properties":{"id":"bikerack:9a379974-afde-4bd1-a671-05a6f9ccf5c2","kind":"bikerack","longitude":15.0307908,"latitude":50.1903877,"name":"Bicycle Parking","city":"Nymburk","address":null,"covered":false,"access":null,"website":null,"phone":null,"source":"OpenStreetMap/node/13728522748","sourceUpdatedAt":null,"verifiedAt":null}},{"type":"Feature","geometry":{"type":"Point","coordinates":[15.0320164,50.1930905]},"properties":{"id":"bikerack:9a5658d2-b479-4fa7-9317-a72c06a47f25","kind":"bikerack","longitude":15.0320164,"latitude":50.1930905,"name":"Bicycle Parking","city":"Nymburk","address":null,"covered":false,"access":null,"website":null,"phone":null,"source":"OpenStreetMap/node/13724452167","sourceUpdatedAt":null,"verifiedAt":null}},{"type":"Feature","geometry":{"type":"Point","coordinates":[15.0296017,50.1870449]},"properties":{"id":"bikerack:9b73b4c5-027c-4faf-9ffe-f5182921c3e5","kind":"bikerack","longitude":15.0296017,"latitude":50.1870449,"name":"Bicycle Parking","city":"Nymburk","address":null,"covered":false,"access":null,"website":null,"phone":null,"source":"OpenStreetMap/node/13699920361","sourceUpdatedAt":null,"verifiedAt":null}},{"type":"Feature","geometry":{"type":"Point","coordinates":[15.0367113,50.1871647]},"properties":{"id":"bikerack:9b7fadbe-eff1-4bc8-ab89-776c210094e6","kind":"bikerack","longitude":15.0367113,"latitude":50.1871647,"name":"Bicycle Parking","city":"Nymburk","address":null,"covered":true,"access":null,"website":null,"phone":null,"source":"OpenStreetMap/node/13687464356","sourceUpdatedAt":null,"verifiedAt":null}},{"type":"Feature","geometry":{"type":"Point","coordinates":[15.0312521,50.1918343]},"properties":{"id":"bikerack:9c717d08-37ce-4ac3-903f-fe1f4cbf9b4e","kind":"bikerack","longitude":15.0312521,"latitude":50.1918343,"name":"Bicycle Parking","city":"Nymburk","address":null,"covered":false,"access":null,"website":null,"phone":null,"source":"OpenStreetMap/node/13724452075","sourceUpdatedAt":null,"verifiedAt":null}},{"type":"Feature","geometry":{"type":"Point","coordinates":[15.0324782,50.1899337]},"properties":{"id":"bikerack:9cb44522-0bf7-4f4c-8e75-227d84a0b280","kind":"bikerack","longitude":15.0324782,"latitude":50.1899337,"name":"Bicycle Parking","city":"Nymburk","address":null,"covered":true,"access":null,"website":null,"phone":null,"source":"OpenStreetMap/node/13724452024","sourceUpdatedAt":null,"verifiedAt":null}},{"type":"Feature","geometry":{"type":"Point","coordinates":[15.0299325,50.1865299]},"properties":{"id":"bikerack:9da1376f-f9fa-4ea9-8349-713bacac7092","kind":"bikerack","longitude":15.0299325,"latitude":50.1865299,"name":"Bicycle Parking","city":"Nymburk","address":null,"covered":false,"access":null,"website":null,"phone":null,"source":"OpenStreetMap/node/13699920334","sourceUpdatedAt":null,"verifiedAt":null}},{"type":"Feature","geometry":{"type":"Point","coordinates":[15.0374732,50.1934045]},"properties":{"id":"bikerack:9fe52800-d004-4808-a787-53428f8ae562","kind":"bikerack","longitude":15.0374732,"latitude":50.1934045,"name":"Bicycle Parking","city":"Nymburk","address":null,"covered":false,"access":null,"website":null,"phone":null,"source":"OpenStreetMap/node/13685720031","sourceUpdatedAt":null,"verifiedAt":null}},{"type":"Feature","geometry":{"type":"Point","coordinates":[15.0309873,50.1894774]},"properties":{"id":"bikerack:a07183ad-0615-4d2c-971f-8003dc3e3ff5","kind":"bikerack","longitude":15.0309873,"latitude":50.1894774,"name":"Bicycle Parking","city":"Nymburk","address":null,"covered":false,"access":null,"website":null,"phone":null,"source":"OpenStreetMap/node/13728522771","sourceUpdatedAt":null,"verifiedAt":null}},{"type":"Feature","geometry":{"type":"Point","coordinates":[15.0438531,50.1894854]},"properties":{"id":"bikerack:a25d5df2-435d-42d3-843a-29b1cd398205","kind":"bikerack","longitude":15.0438531,"latitude":50.1894854,"name":"Bicycle Parking","city":"Nymburk","address":null,"covered":false,"access":null,"website":null,"phone":null,"source":"OpenStreetMap/node/13685719826","sourceUpdatedAt":null,"verifiedAt":null}},{"type":"Feature","geometry":{"type":"Point","coordinates":[15.0471608,50.1816442]},"properties":{"id":"bikerack:a285e77b-a939-41ba-83f7-21a5c903727d","kind":"bikerack","longitude":15.0471608,"latitude":50.1816442,"name":"Bicycle Parking","city":"Nymburk","address":null,"covered":false,"access":null,"website":null,"phone":null,"source":"OpenStreetMap/node/13680644376","sourceUpdatedAt":null,"verifiedAt":null}},{"type":"Feature","geometry":{"type":"Point","coordinates":[15.035905,50.1815812]},"properties":{"id":"bikerack:a2c0aa5a-8724-4c7b-9b6a-20e10f20dbca","kind":"bikerack","longitude":15.035905,"latitude":50.1815812,"name":"Bicycle Parking","city":"Nymburk","address":null,"covered":true,"access":null,"website":null,"phone":null,"source":"OpenStreetMap/node/13651103551","sourceUpdatedAt":null,"verifiedAt":null}},{"type":"Feature","geometry":{"type":"Point","coordinates":[15.0378316,50.192286]},"properties":{"id":"bikerack:a43cc59d-6bba-4313-81cc-eefabfb3438f","kind":"bikerack","longitude":15.0378316,"latitude":50.192286,"name":"Bicycle Parking","city":"Nymburk","address":null,"covered":false,"access":null,"website":null,"phone":null,"source":"OpenStreetMap/node/13685720037","sourceUpdatedAt":null,"verifiedAt":null}},{"type":"Feature","geometry":{"type":"Point","coordinates":[15.0375534,50.1935658]},"properties":{"id":"bikerack:a49a4283-29be-41cd-826b-6b517cb2e043","kind":"bikerack","longitude":15.0375534,"latitude":50.1935658,"name":"Bicycle Parking","city":"Nymburk","address":null,"covered":false,"access":null,"website":null,"phone":null,"source":"OpenStreetMap/node/13685720030","sourceUpdatedAt":null,"verifiedAt":null}},{"type":"Feature","geometry":{"type":"Point","coordinates":[15.0374573,50.1927886]},"properties":{"id":"bikerack:a55071f7-f7fd-4f92-bce7-ffcc7f9c7eed","kind":"bikerack","longitude":15.0374573,"latitude":50.1927886,"name":"Bicycle Parking","city":"Nymburk","address":null,"covered":false,"access":null,"website":null,"phone":null,"source":"OpenStreetMap/node/13685720034","sourceUpdatedAt":null,"verifiedAt":null}},{"type":"Feature","geometry":{"type":"Point","coordinates":[15.0408079,50.1854276]},"properties":{"id":"bikerack:a5a7b401-9375-44c5-aea7-a5e87826d093","kind":"bikerack","longitude":15.0408079,"latitude":50.1854276,"name":"Bicycle Parking","city":"Nymburk","address":null,"covered":false,"access":null,"website":null,"phone":null,"source":"OpenStreetMap/node/13680644520","sourceUpdatedAt":null,"verifiedAt":null}},{"type":"Feature","geometry":{"type":"Point","coordinates":[15.0349811,50.1882143]},"properties":{"id":"bikerack:a5ee3631-23e2-4bb8-810e-c894a989ea27","kind":"bikerack","longitude":15.0349811,"latitude":50.1882143,"name":"Bicycle Parking","city":"Nymburk","address":null,"covered":false,"access":null,"website":null,"phone":null,"source":"OpenStreetMap/node/13685720068","sourceUpdatedAt":null,"verifiedAt":null}},{"type":"Feature","geometry":{"type":"Point","coordinates":[15.0434139,50.1857192]},"properties":{"id":"bikerack:a62290ee-21f5-4391-9901-13a5da713458","kind":"bikerack","longitude":15.0434139,"latitude":50.1857192,"name":"Bicycle Parking","city":"Nymburk","address":null,"covered":false,"access":null,"website":null,"phone":null,"source":"OpenStreetMap/node/9777681164","sourceUpdatedAt":null,"verifiedAt":null}},{"type":"Feature","geometry":{"type":"Point","coordinates":[15.0304433,50.191156]},"properties":{"id":"bikerack:a67a6db5-c320-4ed5-a491-425397d28bf2","kind":"bikerack","longitude":15.0304433,"latitude":50.191156,"name":"Bicycle Parking","city":"Nymburk","address":null,"covered":true,"access":null,"website":null,"phone":null,"source":"OpenStreetMap/node/13092013087","sourceUpdatedAt":null,"verifiedAt":null}},{"type":"Feature","geometry":{"type":"Point","coordinates":[15.0407912,50.1852339]},"properties":{"id":"bikerack:a7fdd5d5-60b7-4457-b868-1dbd082b4256","kind":"bikerack","longitude":15.0407912,"latitude":50.1852339,"name":"Bicycle Parking","city":"Nymburk","address":null,"covered":false,"access":null,"website":null,"phone":null,"source":"OpenStreetMap/node/13680644519","sourceUpdatedAt":null,"verifiedAt":null}},{"type":"Feature","geometry":{"type":"Point","coordinates":[15.0318301,50.1925893]},"properties":{"id":"bikerack:a814836b-9ae3-405e-95a3-85f996c9a950","kind":"bikerack","longitude":15.0318301,"latitude":50.1925893,"name":"Bicycle Parking","city":"Nymburk","address":null,"covered":false,"access":null,"website":null,"phone":null,"source":"OpenStreetMap/node/13724452164","sourceUpdatedAt":null,"verifiedAt":null}},{"type":"Feature","geometry":{"type":"Point","coordinates":[15.0440352,50.1815755]},"properties":{"id":"bikerack:a976878f-3723-425e-af25-f73b0ffb8c35","kind":"bikerack","longitude":15.0440352,"latitude":50.1815755,"name":"Bicycle Parking","city":"Nymburk","address":null,"covered":false,"access":null,"website":null,"phone":null,"source":"OpenStreetMap/node/13667947160","sourceUpdatedAt":null,"verifiedAt":null}},{"type":"Feature","geometry":{"type":"Point","coordinates":[15.043074,50.1810505]},"properties":{"id":"bikerack:a9934059-e43e-4534-8895-c99447dd5725","kind":"bikerack","longitude":15.043074,"latitude":50.1810505,"name":"Bicycle Parking","city":"Nymburk","address":null,"covered":false,"access":null,"website":null,"phone":null,"source":"OpenStreetMap/node/13667947156","sourceUpdatedAt":null,"verifiedAt":null}},{"type":"Feature","geometry":{"type":"Point","coordinates":[15.0297551,50.18505]},"properties":{"id":"bikerack:a9999293-58f5-4e0e-a7c6-be354367ed54","kind":"bikerack","longitude":15.0297551,"latitude":50.18505,"name":"Bicycle Parking","city":"Nymburk","address":null,"covered":false,"access":null,"website":null,"phone":null,"source":"OpenStreetMap/node/13699920321","sourceUpdatedAt":null,"verifiedAt":null}},{"type":"Feature","geometry":{"type":"Point","coordinates":[15.0363999,50.1864932]},"properties":{"id":"bikerack:ac14e6ef-3594-4c46-b96b-a00f45fd156a","kind":"bikerack","longitude":15.0363999,"latitude":50.1864932,"name":"Bicycle Parking","city":"Nymburk","address":null,"covered":false,"access":null,"website":null,"phone":null,"source":"OpenStreetMap/node/13687464362","sourceUpdatedAt":null,"verifiedAt":null}},{"type":"Feature","geometry":{"type":"Point","coordinates":[15.0350702,50.1878566]},"properties":{"id":"bikerack:ad2f05d6-c69a-4442-9390-ef324811d457","kind":"bikerack","longitude":15.0350702,"latitude":50.1878566,"name":"Bicycle Parking","city":"Nymburk","address":null,"covered":false,"access":null,"website":null,"phone":null,"source":"OpenStreetMap/node/13685720067","sourceUpdatedAt":null,"verifiedAt":null}},{"type":"Feature","geometry":{"type":"Point","coordinates":[15.0433304,50.191816]},"properties":{"id":"bikerack:af248991-84f9-4a40-9d5e-b775fa6cf853","kind":"bikerack","longitude":15.0433304,"latitude":50.191816,"name":"Bicycle Parking","city":"Nymburk","address":null,"covered":false,"access":null,"website":null,"phone":null,"source":"OpenStreetMap/node/13685719860","sourceUpdatedAt":null,"verifiedAt":null}},{"type":"Feature","geometry":{"type":"Point","coordinates":[15.0451638,50.1786527]},"properties":{"id":"bikerack:afb7dd56-dcaa-42b4-9c72-a7696bda1010","kind":"bikerack","longitude":15.0451638,"latitude":50.1786527,"name":"Bicycle Parking","city":"Nymburk","address":null,"covered":false,"access":null,"website":null,"phone":null,"source":"OpenStreetMap/node/13667947179","sourceUpdatedAt":null,"verifiedAt":null}},{"type":"Feature","geometry":{"type":"Point","coordinates":[15.0297049,50.1841714]},"properties":{"id":"bikerack:afe6cd1a-5736-4d5f-90e3-03307613cd40","kind":"bikerack","longitude":15.0297049,"latitude":50.1841714,"name":"Bicycle Parking","city":"Nymburk","address":null,"covered":false,"access":null,"website":null,"phone":null,"source":"OpenStreetMap/node/13699897586","sourceUpdatedAt":null,"verifiedAt":null}},{"type":"Feature","geometry":{"type":"Point","coordinates":[15.0418971,50.1871178]},"properties":{"id":"bikerack:b0aeb430-fffa-48de-83de-a86319114cd0","kind":"bikerack","longitude":15.0418971,"latitude":50.1871178,"name":"Bicycle Parking","city":"Nymburk","address":null,"covered":false,"access":null,"website":null,"phone":null,"source":"OpenStreetMap/node/13685719761","sourceUpdatedAt":null,"verifiedAt":null}},{"type":"Feature","geometry":{"type":"Point","coordinates":[15.0394014,50.1812922]},"properties":{"id":"bikerack:b1d7b905-cf44-41b2-bc29-6608299a10eb","kind":"bikerack","longitude":15.0394014,"latitude":50.1812922,"name":"Bicycle Parking","city":"Nymburk","address":null,"covered":false,"access":null,"website":null,"phone":null,"source":"OpenStreetMap/node/4042290325","sourceUpdatedAt":null,"verifiedAt":null}},{"type":"Feature","geometry":{"type":"Point","coordinates":[15.0317365,50.1916656]},"properties":{"id":"bikerack:b292081a-8da3-4b13-8d55-4853c7dba7df","kind":"bikerack","longitude":15.0317365,"latitude":50.1916656,"name":"Bicycle Parking","city":"Nymburk","address":null,"covered":false,"access":null,"website":null,"phone":null,"source":"OpenStreetMap/node/13724452045","sourceUpdatedAt":null,"verifiedAt":null}},{"type":"Feature","geometry":{"type":"Point","coordinates":[15.0305641,50.1849505]},"properties":{"id":"bikerack:b2b5bed3-b38b-405f-85c4-8944073790d2","kind":"bikerack","longitude":15.0305641,"latitude":50.1849505,"name":"Bicycle Parking","city":"Nymburk","address":null,"covered":false,"access":null,"website":null,"phone":null,"source":"OpenStreetMap/node/13699897568","sourceUpdatedAt":null,"verifiedAt":null}},{"type":"Feature","geometry":{"type":"Point","coordinates":[15.0440334,50.190317]},"properties":{"id":"bikerack:b3674a5a-cc1a-47be-bcde-3e03305660bd","kind":"bikerack","longitude":15.0440334,"latitude":50.190317,"name":"Bicycle Parking","city":"Nymburk","address":null,"covered":false,"access":null,"website":null,"phone":null,"source":"OpenStreetMap/node/13685719832","sourceUpdatedAt":null,"verifiedAt":null}},{"type":"Feature","geometry":{"type":"Point","coordinates":[15.0364553,50.1843082]},"properties":{"id":"bikerack:b3a873ee-1520-434c-b999-07421da4d023","kind":"bikerack","longitude":15.0364553,"latitude":50.1843082,"name":"Bicycle Parking","city":"Nymburk","address":null,"covered":false,"access":null,"website":null,"phone":null,"source":"OpenStreetMap/node/13687464368","sourceUpdatedAt":null,"verifiedAt":null}},{"type":"Feature","geometry":{"type":"Point","coordinates":[15.041247,50.1842478]},"properties":{"id":"bikerack:b3ac987a-5710-496e-94a8-61110d41bff8","kind":"bikerack","longitude":15.041247,"latitude":50.1842478,"name":"Bicycle Parking","city":"Nymburk","address":null,"covered":false,"access":null,"website":null,"phone":null,"source":"OpenStreetMap/node/13683580191","sourceUpdatedAt":null,"verifiedAt":null}},{"type":"Feature","geometry":{"type":"Point","coordinates":[15.0312721,50.1934796]},"properties":{"id":"bikerack:b47d5a59-d20a-477f-a4f1-7079b31a13d1","kind":"bikerack","longitude":15.0312721,"latitude":50.1934796,"name":"Bicycle Parking","city":"Nymburk","address":null,"covered":false,"access":null,"website":null,"phone":null,"source":"OpenStreetMap/node/13724452184","sourceUpdatedAt":null,"verifiedAt":null}},{"type":"Feature","geometry":{"type":"Point","coordinates":[15.0296064,50.1870189]},"properties":{"id":"bikerack:b50909e9-d35e-4535-a64c-c4ec404c5c00","kind":"bikerack","longitude":15.0296064,"latitude":50.1870189,"name":"Bicycle Parking","city":"Nymburk","address":null,"covered":false,"access":null,"website":null,"phone":null,"source":"OpenStreetMap/node/13699920360","sourceUpdatedAt":null,"verifiedAt":null}},{"type":"Feature","geometry":{"type":"Point","coordinates":[15.0403535,50.1846678]},"properties":{"id":"bikerack:b5676581-684b-4450-b111-973da7ef7366","kind":"bikerack","longitude":15.0403535,"latitude":50.1846678,"name":"Bicycle Parking","city":"Nymburk","address":null,"covered":false,"access":null,"website":null,"phone":null,"source":"OpenStreetMap/node/13667947152","sourceUpdatedAt":null,"verifiedAt":null}},{"type":"Feature","geometry":{"type":"Point","coordinates":[15.0311767,50.1908698]},"properties":{"id":"bikerack:b57b798a-3392-429e-a83d-469042f5c682","kind":"bikerack","longitude":15.0311767,"latitude":50.1908698,"name":"Bicycle Parking","city":"Nymburk","address":null,"covered":false,"access":null,"website":null,"phone":null,"source":"OpenStreetMap/node/13724451986","sourceUpdatedAt":null,"verifiedAt":null}},{"type":"Feature","geometry":{"type":"Point","coordinates":[15.0296507,50.1866268]},"properties":{"id":"bikerack:b6427b13-dc82-4ef6-995c-f0b57e0fc31d","kind":"bikerack","longitude":15.0296507,"latitude":50.1866268,"name":"Bicycle Parking","city":"Nymburk","address":null,"covered":true,"access":null,"website":null,"phone":null,"source":"OpenStreetMap/node/13699920341","sourceUpdatedAt":null,"verifiedAt":null}},{"type":"Feature","geometry":{"type":"Point","coordinates":[15.0442687,50.1896581]},"properties":{"id":"bikerack:b6d15017-7b27-49e5-baba-2d659ed6aebc","kind":"bikerack","longitude":15.0442687,"latitude":50.1896581,"name":"Bicycle Parking","city":"Nymburk","address":null,"covered":false,"access":null,"website":null,"phone":null,"source":"OpenStreetMap/node/13685719829","sourceUpdatedAt":null,"verifiedAt":null}},{"type":"Feature","geometry":{"type":"Point","coordinates":[15.03117,50.1853424]},"properties":{"id":"bikerack:b8006837-dc22-4376-b31f-43f2c4165d70","kind":"bikerack","longitude":15.03117,"latitude":50.1853424,"name":"Bicycle Parking","city":"Nymburk","address":null,"covered":true,"access":null,"website":null,"phone":null,"source":"OpenStreetMap/node/13699897570","sourceUpdatedAt":null,"verifiedAt":null}},{"type":"Feature","geometry":{"type":"Point","coordinates":[15.0395218,50.1811755]},"properties":{"id":"bikerack:b965156d-8169-4ac7-9cbf-662ee3c2effd","kind":"bikerack","longitude":15.0395218,"latitude":50.1811755,"name":"Bicycle Parking","city":"Nymburk","address":null,"covered":false,"access":null,"website":null,"phone":null,"source":"OpenStreetMap/node/13680610572","sourceUpdatedAt":null,"verifiedAt":null}},{"type":"Feature","geometry":{"type":"Point","coordinates":[15.0430936,50.1843731]},"properties":{"id":"bikerack:ba81e1ac-bc1d-4b75-9d11-07c086b75a56","kind":"bikerack","longitude":15.0430936,"latitude":50.1843731,"name":"Bicycle Parking","city":"Nymburk","address":null,"covered":false,"access":null,"website":null,"phone":null,"source":"OpenStreetMap/node/13683580195","sourceUpdatedAt":null,"verifiedAt":null}},{"type":"Feature","geometry":{"type":"Point","coordinates":[15.0317185,50.1907016]},"properties":{"id":"bikerack:bad9092a-0db4-4db6-9c99-f7b4ee227e60","kind":"bikerack","longitude":15.0317185,"latitude":50.1907016,"name":"Bicycle Parking","city":"Nymburk","address":null,"covered":false,"access":null,"website":null,"phone":null,"source":"OpenStreetMap/node/13724451990","sourceUpdatedAt":null,"verifiedAt":null}},{"type":"Feature","geometry":{"type":"Point","coordinates":[15.0310738,50.1928998]},"properties":{"id":"bikerack:bbb3dc51-fc50-4ef5-babe-b06633300194","kind":"bikerack","longitude":15.0310738,"latitude":50.1928998,"name":"Bicycle Parking","city":"Nymburk","address":null,"covered":false,"access":null,"website":null,"phone":null,"source":"OpenStreetMap/node/13724452120","sourceUpdatedAt":null,"verifiedAt":null}},{"type":"Feature","geometry":{"type":"Point","coordinates":[15.0498102,50.1913749]},"properties":{"id":"bikerack:bc1b5eb3-7a10-42fe-b10d-b77bd335d904","kind":"bikerack","longitude":15.0498102,"latitude":50.1913749,"name":"Bicycle Parking","city":"Nymburk","address":null,"covered":false,"access":null,"website":null,"phone":null,"source":"OpenStreetMap/node/13683582922","sourceUpdatedAt":null,"verifiedAt":null}},{"type":"Feature","geometry":{"type":"Point","coordinates":[15.0400931,50.1875016]},"properties":{"id":"bikerack:bca98a81-de99-47b6-bdbd-f502cc7965ed","kind":"bikerack","longitude":15.0400931,"latitude":50.1875016,"name":"Bicycle Parking","city":"Nymburk","address":null,"covered":false,"access":null,"website":null,"phone":null,"source":"OpenStreetMap/node/13685719777","sourceUpdatedAt":null,"verifiedAt":null}},{"type":"Feature","geometry":{"type":"Point","coordinates":[15.0415098,50.1851735]},"properties":{"id":"bikerack:bd291f96-9d63-4657-a17d-aef8c98c8c43","kind":"bikerack","longitude":15.0415098,"latitude":50.1851735,"name":"Bicycle Parking","city":"Nymburk","address":null,"covered":true,"access":null,"website":null,"phone":null,"source":"OpenStreetMap/node/13685711354","sourceUpdatedAt":null,"verifiedAt":null}},{"type":"Feature","geometry":{"type":"Point","coordinates":[15.0312357,50.1916307]},"properties":{"id":"bikerack:bd30bf1d-affb-409b-ae92-64c324b2faa0","kind":"bikerack","longitude":15.0312357,"latitude":50.1916307,"name":"Bicycle Parking","city":"Nymburk","address":null,"covered":false,"access":null,"website":null,"phone":null,"source":"OpenStreetMap/node/13724452047","sourceUpdatedAt":null,"verifiedAt":null}},{"type":"Feature","geometry":{"type":"Point","coordinates":[15.036849,50.1860508]},"properties":{"id":"bikerack:bf69da0b-2bd8-40f5-98a8-65d4d776e48b","kind":"bikerack","longitude":15.036849,"latitude":50.1860508,"name":"Bicycle Parking","city":"Nymburk","address":null,"covered":false,"access":null,"website":null,"phone":null,"source":"OpenStreetMap/node/13687464363","sourceUpdatedAt":null,"verifiedAt":null}},{"type":"Feature","geometry":{"type":"Point","coordinates":[15.0493751,50.186845]},"properties":{"id":"bikerack:c01d7442-85a9-4666-8675-ba6189ea0cc2","kind":"bikerack","longitude":15.0493751,"latitude":50.186845,"name":"Bicycle Parking","city":"Nymburk","address":null,"covered":false,"access":null,"website":null,"phone":null,"source":"OpenStreetMap/node/13683582911","sourceUpdatedAt":null,"verifiedAt":null}},{"type":"Feature","geometry":{"type":"Point","coordinates":[15.039456,50.1868754]},"properties":{"id":"bikerack:c0648b15-d124-4c5f-a99b-11d00202e48a","kind":"bikerack","longitude":15.039456,"latitude":50.1868754,"name":"Bicycle Parking","city":"Nymburk","address":null,"covered":false,"access":null,"website":null,"phone":null,"source":"OpenStreetMap/node/13685719773","sourceUpdatedAt":null,"verifiedAt":null}},{"type":"Feature","geometry":{"type":"Point","coordinates":[15.0412287,50.1861225]},"properties":{"id":"bikerack:c0689c0c-a285-4bbe-aa24-8a1f32b7b3a1","kind":"bikerack","longitude":15.0412287,"latitude":50.1861225,"name":"Bicycle Parking","city":"Nymburk","address":null,"covered":true,"access":null,"website":null,"phone":null,"source":"OpenStreetMap/node/13680644527","sourceUpdatedAt":null,"verifiedAt":null}},{"type":"Feature","geometry":{"type":"Point","coordinates":[15.0416274,50.1873128]},"properties":{"id":"bikerack:c0e1abcc-d2d6-4128-92f0-f28c16075387","kind":"bikerack","longitude":15.0416274,"latitude":50.1873128,"name":"Bicycle Parking","city":"Nymburk","address":null,"covered":false,"access":null,"website":null,"phone":null,"source":"OpenStreetMap/node/13685719760","sourceUpdatedAt":null,"verifiedAt":null}},{"type":"Feature","geometry":{"type":"Point","coordinates":[15.0323062,50.1916351]},"properties":{"id":"bikerack:c148362c-15de-46b7-9002-61ba0d1d2070","kind":"bikerack","longitude":15.0323062,"latitude":50.1916351,"name":"Bicycle Parking","city":"Nymburk","address":null,"covered":false,"access":null,"website":null,"phone":null,"source":"OpenStreetMap/node/13724452080","sourceUpdatedAt":null,"verifiedAt":null}},{"type":"Feature","geometry":{"type":"Point","coordinates":[15.0299341,50.1882556]},"properties":{"id":"bikerack:c29cb7d2-a779-469e-834e-3e7a923d6ea3","kind":"bikerack","longitude":15.0299341,"latitude":50.1882556,"name":"Bicycle Parking","city":"Nymburk","address":null,"covered":false,"access":null,"website":null,"phone":null,"source":"OpenStreetMap/node/13699920387","sourceUpdatedAt":null,"verifiedAt":null}},{"type":"Feature","geometry":{"type":"Point","coordinates":[15.0443332,50.1902966]},"properties":{"id":"bikerack:c2ff6412-a815-48f2-a4f5-c4aa4fe14b27","kind":"bikerack","longitude":15.0443332,"latitude":50.1902966,"name":"Bicycle Parking","city":"Nymburk","address":null,"covered":false,"access":null,"website":null,"phone":null,"source":"OpenStreetMap/node/13683582987","sourceUpdatedAt":null,"verifiedAt":null}},{"type":"Feature","geometry":{"type":"Point","coordinates":[15.0459176,50.1929728]},"properties":{"id":"bikerack:c405900d-2127-48e0-bc45-774d972062c2","kind":"bikerack","longitude":15.0459176,"latitude":50.1929728,"name":"Bicycle Parking","city":"Nymburk","address":null,"covered":false,"access":null,"website":null,"phone":null,"source":"OpenStreetMap/node/5952297581","sourceUpdatedAt":null,"verifiedAt":null}},{"type":"Feature","geometry":{"type":"Point","coordinates":[15.0640316,50.1850672]},"properties":{"id":"bikerack:c43f2869-3fdc-4f19-b9f0-b3a02ad40ee7","kind":"bikerack","longitude":15.0640316,"latitude":50.1850672,"name":"Bicycle Parking","city":"Nymburk","address":null,"covered":false,"access":null,"website":null,"phone":null,"source":"OpenStreetMap/node/13673085259","sourceUpdatedAt":null,"verifiedAt":null}},{"type":"Feature","geometry":{"type":"Point","coordinates":[15.0461316,50.181085]},"properties":{"id":"bikerack:c5ec7272-0ce3-4bde-894e-2d706a2c60fe","kind":"bikerack","longitude":15.0461316,"latitude":50.181085,"name":"Bicycle Parking","city":"Nymburk","address":null,"covered":false,"access":null,"website":null,"phone":null,"source":"OpenStreetMap/node/13680644371","sourceUpdatedAt":null,"verifiedAt":null}},{"type":"Feature","geometry":{"type":"Point","coordinates":[15.0642411,50.1848049]},"properties":{"id":"bikerack:c5fdf78e-28c1-4615-9afb-6614b9d4a633","kind":"bikerack","longitude":15.0642411,"latitude":50.1848049,"name":"Bicycle Parking","city":"Nymburk","address":null,"covered":false,"access":null,"website":null,"phone":null,"source":"OpenStreetMap/node/13673084890","sourceUpdatedAt":null,"verifiedAt":null}},{"type":"Feature","geometry":{"type":"Point","coordinates":[15.0312946,50.1901733]},"properties":{"id":"bikerack:c61c730a-78d8-45a0-8494-abda097119d9","kind":"bikerack","longitude":15.0312946,"latitude":50.1901733,"name":"Bicycle Parking","city":"Nymburk","address":null,"covered":false,"access":null,"website":null,"phone":null,"source":"OpenStreetMap/node/13724452020","sourceUpdatedAt":null,"verifiedAt":null}},{"type":"Feature","geometry":{"type":"Point","coordinates":[15.0430341,50.1919187]},"properties":{"id":"bikerack:c6577ce0-f935-4dc1-b9a2-d2ad8af5faac","kind":"bikerack","longitude":15.0430341,"latitude":50.1919187,"name":"Bicycle Parking","city":"Nymburk","address":null,"covered":false,"access":null,"website":null,"phone":null,"source":"OpenStreetMap/node/13685719863","sourceUpdatedAt":null,"verifiedAt":null}},{"type":"Feature","geometry":{"type":"Point","coordinates":[15.0352351,50.1814853]},"properties":{"id":"bikerack:c8195982-62bc-4a1e-adfd-8e65be1237a0","kind":"bikerack","longitude":15.0352351,"latitude":50.1814853,"name":"Bicycle Parking","city":"Nymburk","address":null,"covered":false,"access":null,"website":null,"phone":null,"source":"OpenStreetMap/node/13699897558","sourceUpdatedAt":null,"verifiedAt":null}},{"type":"Feature","geometry":{"type":"Point","coordinates":[15.0424909,50.1864876]},"properties":{"id":"bikerack:c925e1fe-628e-46b0-b450-deb28336c854","kind":"bikerack","longitude":15.0424909,"latitude":50.1864876,"name":"Bicycle Parking","city":"Nymburk","address":null,"covered":false,"access":null,"website":null,"phone":null,"source":"OpenStreetMap/node/13685719704","sourceUpdatedAt":null,"verifiedAt":null}},{"type":"Feature","geometry":{"type":"Point","coordinates":[15.036564,50.1886124]},"properties":{"id":"bikerack:c98badd8-cab5-49a9-aacc-2903f0e9da36","kind":"bikerack","longitude":15.036564,"latitude":50.1886124,"name":"Bicycle Parking","city":"Nymburk","address":null,"covered":true,"access":null,"website":null,"phone":null,"source":"OpenStreetMap/node/13685720052","sourceUpdatedAt":null,"verifiedAt":null}},{"type":"Feature","geometry":{"type":"Point","coordinates":[15.0423029,50.1863391]},"properties":{"id":"bikerack:c9aaa2d7-2070-454a-b7a7-79254af92d14","kind":"bikerack","longitude":15.0423029,"latitude":50.1863391,"name":"Bicycle Parking","city":"Nymburk","address":null,"covered":false,"access":null,"website":null,"phone":null,"source":"OpenStreetMap/node/13685719702","sourceUpdatedAt":null,"verifiedAt":null}},{"type":"Feature","geometry":{"type":"Point","coordinates":[15.0448666,50.1932006]},"properties":{"id":"bikerack:cae2843d-1a4e-4bcf-9fa8-ca20028f17ca","kind":"bikerack","longitude":15.0448666,"latitude":50.1932006,"name":"Bicycle Parking","city":"Nymburk","address":null,"covered":false,"access":null,"website":null,"phone":null,"source":"OpenStreetMap/node/13683583005","sourceUpdatedAt":null,"verifiedAt":null}},{"type":"Feature","geometry":{"type":"Point","coordinates":[15.0445806,50.1777763]},"properties":{"id":"bikerack:cb3c4648-7dbc-4b59-babb-3cabfb9bfe2d","kind":"bikerack","longitude":15.0445806,"latitude":50.1777763,"name":"Bicycle Parking","city":"Nymburk","address":null,"covered":false,"access":null,"website":null,"phone":null,"source":"OpenStreetMap/node/13667947177","sourceUpdatedAt":null,"verifiedAt":null}},{"type":"Feature","geometry":{"type":"Point","coordinates":[15.0315589,50.1916534]},"properties":{"id":"bikerack:cb752f50-7d8e-48a7-a94d-931b0ada6815","kind":"bikerack","longitude":15.0315589,"latitude":50.1916534,"name":"Bicycle Parking","city":"Nymburk","address":null,"covered":false,"access":null,"website":null,"phone":null,"source":"OpenStreetMap/node/13724452046","sourceUpdatedAt":null,"verifiedAt":null}},{"type":"Feature","geometry":{"type":"Point","coordinates":[15.0446463,50.1800229]},"properties":{"id":"bikerack:cbbeab8a-8461-47df-987a-863fb843d6f2","kind":"bikerack","longitude":15.0446463,"latitude":50.1800229,"name":"Bicycle Parking","city":"Nymburk","address":null,"covered":false,"access":null,"website":null,"phone":null,"source":"OpenStreetMap/node/13667947190","sourceUpdatedAt":null,"verifiedAt":null}},{"type":"Feature","geometry":{"type":"Point","coordinates":[15.0442825,50.1932155]},"properties":{"id":"bikerack:cc36ab00-8211-44c9-aeb6-ff5d50cb7314","kind":"bikerack","longitude":15.0442825,"latitude":50.1932155,"name":"BikeTower","city":"Nymburk","address":null,"covered":true,"access":null,"website":null,"phone":null,"source":"OpenStreetMap/way/1489966464","sourceUpdatedAt":null,"verifiedAt":null}},{"type":"Feature","geometry":{"type":"Point","coordinates":[15.0377961,50.1932098]},"properties":{"id":"bikerack:cc6b9ed6-9500-4cb3-b3ba-6f22d72a2a37","kind":"bikerack","longitude":15.0377961,"latitude":50.1932098,"name":"Bicycle Parking","city":"Nymburk","address":null,"covered":false,"access":null,"website":null,"phone":null,"source":"OpenStreetMap/node/13685720033","sourceUpdatedAt":null,"verifiedAt":null}},{"type":"Feature","geometry":{"type":"Point","coordinates":[15.029428,50.1864875]},"properties":{"id":"bikerack:cd0a1148-c37a-4804-966a-76e214949d11","kind":"bikerack","longitude":15.029428,"latitude":50.1864875,"name":"Bicycle Parking","city":"Nymburk","address":null,"covered":false,"access":null,"website":null,"phone":null,"source":"OpenStreetMap/node/13699920332","sourceUpdatedAt":null,"verifiedAt":null}},{"type":"Feature","geometry":{"type":"Point","coordinates":[15.0304406,50.1904681]},"properties":{"id":"bikerack:cd78a4cd-31fd-437b-83ac-f8c787e17036","kind":"bikerack","longitude":15.0304406,"latitude":50.1904681,"name":"Bicycle Parking","city":"Nymburk","address":null,"covered":false,"access":null,"website":null,"phone":null,"source":"OpenStreetMap/node/13728522783","sourceUpdatedAt":null,"verifiedAt":null}},{"type":"Feature","geometry":{"type":"Point","coordinates":[15.0295673,50.1873856]},"properties":{"id":"bikerack:cf151239-85ca-4bae-ba90-8fed9b45d861","kind":"bikerack","longitude":15.0295673,"latitude":50.1873856,"name":"Bicycle Parking","city":"Nymburk","address":null,"covered":false,"access":null,"website":null,"phone":null,"source":"OpenStreetMap/node/13699920367","sourceUpdatedAt":null,"verifiedAt":null}},{"type":"Feature","geometry":{"type":"Point","coordinates":[15.0299012,50.1866473]},"properties":{"id":"bikerack:d066acae-39a7-4a6e-a265-93a5e9351f9a","kind":"bikerack","longitude":15.0299012,"latitude":50.1866473,"name":"Bicycle Parking","city":"Nymburk","address":null,"covered":true,"access":null,"website":null,"phone":null,"source":"OpenStreetMap/node/13699920337","sourceUpdatedAt":null,"verifiedAt":null}},{"type":"Feature","geometry":{"type":"Point","coordinates":[15.0437811,50.186941]},"properties":{"id":"bikerack:d0a9b9a3-2d26-4a13-bb91-d75c86deaed2","kind":"bikerack","longitude":15.0437811,"latitude":50.186941,"name":"Bicycle Parking","city":"Nymburk","address":null,"covered":false,"access":null,"website":null,"phone":null,"source":"OpenStreetMap/node/13685719726","sourceUpdatedAt":null,"verifiedAt":null}},{"type":"Feature","geometry":{"type":"Point","coordinates":[15.0639974,50.1849989]},"properties":{"id":"bikerack:d2345b4f-ca8f-456c-bb32-7f184d7f547f","kind":"bikerack","longitude":15.0639974,"latitude":50.1849989,"name":"Bicycle Parking","city":"Nymburk","address":null,"covered":false,"access":null,"website":null,"phone":null,"source":"OpenStreetMap/node/13673085261","sourceUpdatedAt":null,"verifiedAt":null}},{"type":"Feature","geometry":{"type":"Point","coordinates":[15.0354492,50.1880956]},"properties":{"id":"bikerack:d31ee8bb-8e1f-4fa2-b38b-6d8426af0d34","kind":"bikerack","longitude":15.0354492,"latitude":50.1880956,"name":"Bicycle Parking","city":"Nymburk","address":null,"covered":false,"access":null,"website":null,"phone":null,"source":"OpenStreetMap/node/13685720066","sourceUpdatedAt":null,"verifiedAt":null}},{"type":"Feature","geometry":{"type":"Point","coordinates":[15.044494,50.179867]},"properties":{"id":"bikerack:d378c608-f858-482c-b40d-f7a07aaf92fc","kind":"bikerack","longitude":15.044494,"latitude":50.179867,"name":"Bicycle Parking","city":"Nymburk","address":null,"covered":false,"access":null,"website":null,"phone":null,"source":"OpenStreetMap/node/13680610582","sourceUpdatedAt":null,"verifiedAt":null}},{"type":"Feature","geometry":{"type":"Point","coordinates":[15.0425044,50.1863431]},"properties":{"id":"bikerack:d37faffa-4f4a-48e1-a257-96464f8dbd63","kind":"bikerack","longitude":15.0425044,"latitude":50.1863431,"name":"Bicycle Parking","city":"Nymburk","address":null,"covered":false,"access":null,"website":null,"phone":null,"source":"OpenStreetMap/node/13685719708","sourceUpdatedAt":null,"verifiedAt":null}},{"type":"Feature","geometry":{"type":"Point","coordinates":[15.0539019,50.1879077]},"properties":{"id":"bikerack:d416a14a-a450-4bfd-adea-0eb752d4f72c","kind":"bikerack","longitude":15.0539019,"latitude":50.1879077,"name":"Bicycle Parking","city":"Nymburk","address":null,"covered":false,"access":null,"website":null,"phone":null,"source":"OpenStreetMap/node/13651103580","sourceUpdatedAt":null,"verifiedAt":null}},{"type":"Feature","geometry":{"type":"Point","coordinates":[15.0318899,50.1922648]},"properties":{"id":"bikerack:d4db4916-23a9-40d8-b0b1-66ccd9aa53ce","kind":"bikerack","longitude":15.0318899,"latitude":50.1922648,"name":"Bicycle Parking","city":"Nymburk","address":null,"covered":false,"access":null,"website":null,"phone":null,"source":"OpenStreetMap/node/13724452091","sourceUpdatedAt":null,"verifiedAt":null}},{"type":"Feature","geometry":{"type":"Point","coordinates":[15.0296449,50.186876]},"properties":{"id":"bikerack:d5dffa47-4e01-41ce-a712-575067a10035","kind":"bikerack","longitude":15.0296449,"latitude":50.186876,"name":"Bicycle Parking","city":"Nymburk","address":null,"covered":false,"access":null,"website":null,"phone":null,"source":"OpenStreetMap/node/13699920339","sourceUpdatedAt":null,"verifiedAt":null}},{"type":"Feature","geometry":{"type":"Point","coordinates":[15.0626742,50.1857845]},"properties":{"id":"bikerack:d6351a7e-3044-4093-a56e-f13212ea5992","kind":"bikerack","longitude":15.0626742,"latitude":50.1857845,"name":"Bicycle Parking","city":"Nymburk","address":null,"covered":false,"access":null,"website":null,"phone":null,"source":"OpenStreetMap/node/13673084893","sourceUpdatedAt":null,"verifiedAt":null}},{"type":"Feature","geometry":{"type":"Point","coordinates":[15.0306494,50.1897648]},"properties":{"id":"bikerack:d69b1256-6851-449f-aff1-146d18a58dca","kind":"bikerack","longitude":15.0306494,"latitude":50.1897648,"name":"Bicycle Parking","city":"Nymburk","address":null,"covered":false,"access":null,"website":null,"phone":null,"source":"OpenStreetMap/node/13728522778","sourceUpdatedAt":null,"verifiedAt":null}},{"type":"Feature","geometry":{"type":"Point","coordinates":[15.0307499,50.1856325]},"properties":{"id":"bikerack:d6bd8e0d-38e4-4f63-8ec9-a9782d6b9622","kind":"bikerack","longitude":15.0307499,"latitude":50.1856325,"name":"Bicycle Parking","city":"Nymburk","address":null,"covered":false,"access":null,"website":null,"phone":null,"source":"OpenStreetMap/node/13699897576","sourceUpdatedAt":null,"verifiedAt":null}},{"type":"Feature","geometry":{"type":"Point","coordinates":[15.0300524,50.1854629]},"properties":{"id":"bikerack:d6fb2d1f-25df-4769-833e-ccfab3179893","kind":"bikerack","longitude":15.0300524,"latitude":50.1854629,"name":"Bicycle Parking","city":"Nymburk","address":null,"covered":false,"access":null,"website":null,"phone":null,"source":"OpenStreetMap/node/13699897584","sourceUpdatedAt":null,"verifiedAt":null}},{"type":"Feature","geometry":{"type":"Point","coordinates":[15.0380684,50.1847219]},"properties":{"id":"bikerack:d8aafa77-1f0a-47c5-ba70-8c6153400f9a","kind":"bikerack","longitude":15.0380684,"latitude":50.1847219,"name":"Bicycle Parking","city":"Nymburk","address":null,"covered":true,"access":null,"website":null,"phone":null,"source":"OpenStreetMap/node/13683580176","sourceUpdatedAt":null,"verifiedAt":null}},{"type":"Feature","geometry":{"type":"Point","coordinates":[15.0382188,50.1937772]},"properties":{"id":"bikerack:d911d9c7-0a43-42b2-ae43-38a116c7e7c0","kind":"bikerack","longitude":15.0382188,"latitude":50.1937772,"name":"Bicycle Parking","city":"Nymburk","address":null,"covered":false,"access":null,"website":null,"phone":null,"source":"OpenStreetMap/node/13685720009","sourceUpdatedAt":null,"verifiedAt":null}},{"type":"Feature","geometry":{"type":"Point","coordinates":[15.0319011,50.1911564]},"properties":{"id":"bikerack:dad85764-fc3b-43a1-ad34-733214e6449e","kind":"bikerack","longitude":15.0319011,"latitude":50.1911564,"name":"Bicycle Parking","city":"Nymburk","address":null,"covered":false,"access":null,"website":null,"phone":null,"source":"OpenStreetMap/node/13724452032","sourceUpdatedAt":null,"verifiedAt":null}},{"type":"Feature","geometry":{"type":"Point","coordinates":[15.0452517,50.1868014]},"properties":{"id":"bikerack:dbd3e686-95fa-40ac-a5b2-7fb55ef65f53","kind":"bikerack","longitude":15.0452517,"latitude":50.1868014,"name":"Bicycle Parking","city":"Nymburk","address":null,"covered":false,"access":null,"website":null,"phone":null,"source":"OpenStreetMap/node/12903245006","sourceUpdatedAt":null,"verifiedAt":null}},{"type":"Feature","geometry":{"type":"Point","coordinates":[15.0328987,50.1830914]},"properties":{"id":"bikerack:dc6f7adb-439f-4a68-9c83-bd28b429ebb0","kind":"bikerack","longitude":15.0328987,"latitude":50.1830914,"name":"Bicycle Parking","city":"Nymburk","address":null,"covered":false,"access":null,"website":null,"phone":null,"source":"OpenStreetMap/node/13699920496","sourceUpdatedAt":null,"verifiedAt":null}},{"type":"Feature","geometry":{"type":"Point","coordinates":[15.041925,50.1853413]},"properties":{"id":"bikerack:dc8bcce7-f36c-42fb-8cba-42241311debe","kind":"bikerack","longitude":15.041925,"latitude":50.1853413,"name":"Bicycle Parking","city":"Nymburk","address":null,"covered":false,"access":null,"website":null,"phone":null,"source":"OpenStreetMap/node/13685711379","sourceUpdatedAt":null,"verifiedAt":null}},{"type":"Feature","geometry":{"type":"Point","coordinates":[15.0309711,50.1895652]},"properties":{"id":"bikerack:dca7bf72-1c8d-4838-abde-9f5981d3bb72","kind":"bikerack","longitude":15.0309711,"latitude":50.1895652,"name":"Bicycle Parking","city":"Nymburk","address":null,"covered":false,"access":null,"website":null,"phone":null,"source":"OpenStreetMap/node/13728522772","sourceUpdatedAt":null,"verifiedAt":null}},{"type":"Feature","geometry":{"type":"Point","coordinates":[15.0418965,50.1856842]},"properties":{"id":"bikerack:dcb53eae-5058-4945-b5b8-5a216e9afad7","kind":"bikerack","longitude":15.0418965,"latitude":50.1856842,"name":"Bicycle Parking","city":"Nymburk","address":null,"covered":false,"access":null,"website":null,"phone":null,"source":"OpenStreetMap/node/13685711384","sourceUpdatedAt":null,"verifiedAt":null}},{"type":"Feature","geometry":{"type":"Point","coordinates":[15.0527147,50.1880721]},"properties":{"id":"bikerack:dcea7146-ce1b-45f4-b2de-2e8c4f308b0b","kind":"bikerack","longitude":15.0527147,"latitude":50.1880721,"name":"Bicycle Parking","city":"Nymburk","address":null,"covered":true,"access":null,"website":null,"phone":null,"source":"OpenStreetMap/node/13683582914","sourceUpdatedAt":null,"verifiedAt":null}},{"type":"Feature","geometry":{"type":"Point","coordinates":[15.0323309,50.1914734]},"properties":{"id":"bikerack:dd1c2696-3c0c-4c1d-960a-589e900d3d7a","kind":"bikerack","longitude":15.0323309,"latitude":50.1914734,"name":"Bicycle Parking","city":"Nymburk","address":null,"covered":false,"access":null,"website":null,"phone":null,"source":"OpenStreetMap/node/13724452079","sourceUpdatedAt":null,"verifiedAt":null}},{"type":"Feature","geometry":{"type":"Point","coordinates":[15.0421899,50.1822858]},"properties":{"id":"bikerack:dd27a0b5-5732-46b1-9196-ef05accadecf","kind":"bikerack","longitude":15.0421899,"latitude":50.1822858,"name":"Bicycle Parking","city":"Nymburk","address":null,"covered":false,"access":null,"website":null,"phone":null,"source":"OpenStreetMap/node/13680610581","sourceUpdatedAt":null,"verifiedAt":null}},{"type":"Feature","geometry":{"type":"Point","coordinates":[15.0650676,50.1787845]},"properties":{"id":"bikerack:ddd137ac-2489-4bd6-8c5e-8ef607f25bfe","kind":"bikerack","longitude":15.0650676,"latitude":50.1787845,"name":"Bicycle Parking","city":"Nymburk","address":null,"covered":false,"access":null,"website":null,"phone":null,"source":"OpenStreetMap/node/8069674566","sourceUpdatedAt":null,"verifiedAt":null}},{"type":"Feature","geometry":{"type":"Point","coordinates":[15.0316477,50.1911339]},"properties":{"id":"bikerack:ddf91b45-27b0-4fe6-995d-7bfab69bba13","kind":"bikerack","longitude":15.0316477,"latitude":50.1911339,"name":"Bicycle Parking","city":"Nymburk","address":null,"covered":false,"access":null,"website":null,"phone":null,"source":"OpenStreetMap/node/13724452033","sourceUpdatedAt":null,"verifiedAt":null}},{"type":"Feature","geometry":{"type":"Point","coordinates":[15.0440113,50.1906623]},"properties":{"id":"bikerack:df2f1cdb-a47d-48f1-8d01-61487e6f099c","kind":"bikerack","longitude":15.0440113,"latitude":50.1906623,"name":"Bicycle Parking","city":"Nymburk","address":null,"covered":false,"access":null,"website":null,"phone":null,"source":"OpenStreetMap/node/13685719839","sourceUpdatedAt":null,"verifiedAt":null}},{"type":"Feature","geometry":{"type":"Point","coordinates":[15.029404,50.1866293]},"properties":{"id":"bikerack:dfc1088a-960f-4de7-a7f7-46392ec5cfd5","kind":"bikerack","longitude":15.029404,"latitude":50.1866293,"name":"Bicycle Parking","city":"Nymburk","address":null,"covered":false,"access":null,"website":null,"phone":null,"source":"OpenStreetMap/node/13699920342","sourceUpdatedAt":null,"verifiedAt":null}},{"type":"Feature","geometry":{"type":"Point","coordinates":[15.0452526,50.1855961]},"properties":{"id":"bikerack:e03a6673-c475-4ca2-82a2-783ec4781eca","kind":"bikerack","longitude":15.0452526,"latitude":50.1855961,"name":"Bicycle Parking","city":"Nymburk","address":null,"covered":false,"access":null,"website":null,"phone":null,"source":"OpenStreetMap/node/13683582907","sourceUpdatedAt":null,"verifiedAt":null}},{"type":"Feature","geometry":{"type":"Point","coordinates":[15.0447643,50.1797407]},"properties":{"id":"bikerack:e11319ee-f3a5-4526-8582-bde62d8d106e","kind":"bikerack","longitude":15.0447643,"latitude":50.1797407,"name":"Bicycle Parking","city":"Nymburk","address":null,"covered":false,"access":null,"website":null,"phone":null,"source":"OpenStreetMap/node/13667947188","sourceUpdatedAt":null,"verifiedAt":null}},{"type":"Feature","geometry":{"type":"Point","coordinates":[15.0420716,50.186798]},"properties":{"id":"bikerack:e2508507-e4de-4107-ae1d-0c892f195035","kind":"bikerack","longitude":15.0420716,"latitude":50.186798,"name":"Bicycle Parking","city":"Nymburk","address":null,"covered":false,"access":null,"website":null,"phone":null,"source":"OpenStreetMap/node/13685719764","sourceUpdatedAt":null,"verifiedAt":null}},{"type":"Feature","geometry":{"type":"Point","coordinates":[15.0301969,50.1904897]},"properties":{"id":"bikerack:e400ef3a-270d-4805-8cec-50d117d2ee2f","kind":"bikerack","longitude":15.0301969,"latitude":50.1904897,"name":"Bicycle Parking","city":"Nymburk","address":null,"covered":false,"access":null,"website":null,"phone":null,"source":"OpenStreetMap/node/13728522791","sourceUpdatedAt":null,"verifiedAt":null}},{"type":"Feature","geometry":{"type":"Point","coordinates":[15.0632692,50.1856025]},"properties":{"id":"bikerack:e6ea13b6-1e34-45b3-86f8-1897c8d33edb","kind":"bikerack","longitude":15.0632692,"latitude":50.1856025,"name":"Bicycle Parking","city":"Nymburk","address":null,"covered":false,"access":null,"website":null,"phone":null,"source":"OpenStreetMap/node/13673084891","sourceUpdatedAt":null,"verifiedAt":null}},{"type":"Feature","geometry":{"type":"Point","coordinates":[15.0379608,50.1904832]},"properties":{"id":"bikerack:e7b8b8ee-0056-49bb-a9a5-ba057a385362","kind":"bikerack","longitude":15.0379608,"latitude":50.1904832,"name":"Bicycle Parking","city":"Nymburk","address":null,"covered":false,"access":null,"website":null,"phone":null,"source":"OpenStreetMap/node/13685720038","sourceUpdatedAt":null,"verifiedAt":null}},{"type":"Feature","geometry":{"type":"Point","coordinates":[15.0394431,50.1889255]},"properties":{"id":"bikerack:e7f6640e-c1d3-4546-b98c-2c85fcb8a03a","kind":"bikerack","longitude":15.0394431,"latitude":50.1889255,"name":"Bicycle Parking","city":"Nymburk","address":null,"covered":false,"access":null,"website":null,"phone":null,"source":"OpenStreetMap/node/13712652392","sourceUpdatedAt":null,"verifiedAt":null}},{"type":"Feature","geometry":{"type":"Point","coordinates":[15.0463156,50.1815992]},"properties":{"id":"bikerack:e8b69f88-9513-4ab3-8c91-6049dcecb9c1","kind":"bikerack","longitude":15.0463156,"latitude":50.1815992,"name":"Bicycle Parking","city":"Nymburk","address":null,"covered":false,"access":null,"website":null,"phone":null,"source":"OpenStreetMap/node/13680644378","sourceUpdatedAt":null,"verifiedAt":null}},{"type":"Feature","geometry":{"type":"Point","coordinates":[15.0362136,50.1878473]},"properties":{"id":"bikerack:e9f7d85d-309b-4af7-96a4-8c3f31a7ae08","kind":"bikerack","longitude":15.0362136,"latitude":50.1878473,"name":"Bicycle Parking","city":"Nymburk","address":null,"covered":false,"access":null,"website":null,"phone":null,"source":"OpenStreetMap/node/13685720061","sourceUpdatedAt":null,"verifiedAt":null}},{"type":"Feature","geometry":{"type":"Point","coordinates":[15.0433864,50.1813803]},"properties":{"id":"bikerack:edf0f440-d0e1-4ec9-b9d3-8cd11c60e189","kind":"bikerack","longitude":15.0433864,"latitude":50.1813803,"name":"Bicycle Parking","city":"Nymburk","address":null,"covered":false,"access":null,"website":null,"phone":null,"source":"OpenStreetMap/node/13667947157","sourceUpdatedAt":null,"verifiedAt":null}},{"type":"Feature","geometry":{"type":"Point","coordinates":[15.0415041,50.1906495]},"properties":{"id":"bikerack:ee110e6a-cd97-41ec-b585-527ae2ee9f72","kind":"bikerack","longitude":15.0415041,"latitude":50.1906495,"name":"Bicycle Parking","city":"Nymburk","address":null,"covered":false,"access":null,"website":null,"phone":null,"source":"OpenStreetMap/node/13683583007","sourceUpdatedAt":null,"verifiedAt":null}},{"type":"Feature","geometry":{"type":"Point","coordinates":[15.0306337,50.1846366]},"properties":{"id":"bikerack:eec8fb03-d06f-4def-b863-97b487904e2a","kind":"bikerack","longitude":15.0306337,"latitude":50.1846366,"name":"Bicycle Parking","city":"Nymburk","address":null,"covered":false,"access":null,"website":null,"phone":null,"source":"OpenStreetMap/node/13699897567","sourceUpdatedAt":null,"verifiedAt":null}},{"type":"Feature","geometry":{"type":"Point","coordinates":[15.0309553,50.185909]},"properties":{"id":"bikerack:ef0211e9-f1da-4dce-818c-d13ebe722914","kind":"bikerack","longitude":15.0309553,"latitude":50.185909,"name":"Bicycle Parking","city":"Nymburk","address":null,"covered":false,"access":null,"website":null,"phone":null,"source":"OpenStreetMap/node/13699897577","sourceUpdatedAt":null,"verifiedAt":null}},{"type":"Feature","geometry":{"type":"Point","coordinates":[15.0376797,50.1932717]},"properties":{"id":"bikerack:f0491227-466d-4a99-b609-3fefdf651018","kind":"bikerack","longitude":15.0376797,"latitude":50.1932717,"name":"Bicycle Parking","city":"Nymburk","address":null,"covered":false,"access":null,"website":null,"phone":null,"source":"OpenStreetMap/node/13685720032","sourceUpdatedAt":null,"verifiedAt":null}},{"type":"Feature","geometry":{"type":"Point","coordinates":[15.0511177,50.1905841]},"properties":{"id":"bikerack:f0ab3ff7-d117-49bf-ba63-725563384646","kind":"bikerack","longitude":15.0511177,"latitude":50.1905841,"name":"Bicycle Parking","city":"Nymburk","address":null,"covered":false,"access":null,"website":null,"phone":null,"source":"OpenStreetMap/node/13683582917","sourceUpdatedAt":null,"verifiedAt":null}},{"type":"Feature","geometry":{"type":"Point","coordinates":[15.0407656,50.1868711]},"properties":{"id":"bikerack:f0c64a5c-36e6-465d-9dad-884083fdb54d","kind":"bikerack","longitude":15.0407656,"latitude":50.1868711,"name":"Bicycle Parking","city":"Nymburk","address":null,"covered":false,"access":null,"website":null,"phone":null,"source":"OpenStreetMap/node/13685719765","sourceUpdatedAt":null,"verifiedAt":null}},{"type":"Feature","geometry":{"type":"Point","coordinates":[15.0310107,50.1893482]},"properties":{"id":"bikerack:f12bafe9-e516-408a-9e54-fc8a8742396d","kind":"bikerack","longitude":15.0310107,"latitude":50.1893482,"name":"Bicycle Parking","city":"Nymburk","address":null,"covered":false,"access":null,"website":null,"phone":null,"source":"OpenStreetMap/node/13728522770","sourceUpdatedAt":null,"verifiedAt":null}},{"type":"Feature","geometry":{"type":"Point","coordinates":[15.042132,50.1822641]},"properties":{"id":"bikerack:f1615cbd-fb23-477d-8199-6e05b5846164","kind":"bikerack","longitude":15.042132,"latitude":50.1822641,"name":"Bicycle Parking","city":"Nymburk","address":null,"covered":false,"access":null,"website":null,"phone":null,"source":"OpenStreetMap/node/13680610579","sourceUpdatedAt":null,"verifiedAt":null}},{"type":"Feature","geometry":{"type":"Point","coordinates":[15.0436145,50.1869176]},"properties":{"id":"bikerack:f200a466-d45d-4f5c-8822-ebb56b104d4e","kind":"bikerack","longitude":15.0436145,"latitude":50.1869176,"name":"Bicycle Parking","city":"Nymburk","address":null,"covered":false,"access":null,"website":null,"phone":null,"source":"OpenStreetMap/node/13685719722","sourceUpdatedAt":null,"verifiedAt":null}},{"type":"Feature","geometry":{"type":"Point","coordinates":[15.0352111,50.1887722]},"properties":{"id":"bikerack:f2a0351c-0d35-43ac-8412-836e8172e01f","kind":"bikerack","longitude":15.0352111,"latitude":50.1887722,"name":"Bicycle Parking","city":"Nymburk","address":null,"covered":false,"access":null,"website":null,"phone":null,"source":"OpenStreetMap/node/13685720069","sourceUpdatedAt":null,"verifiedAt":null}},{"type":"Feature","geometry":{"type":"Point","coordinates":[15.0407048,50.1850036]},"properties":{"id":"bikerack:f2b3280d-70df-4037-87c9-c2f187f3827e","kind":"bikerack","longitude":15.0407048,"latitude":50.1850036,"name":"Bicycle Parking","city":"Nymburk","address":null,"covered":true,"access":null,"website":null,"phone":null,"source":"OpenStreetMap/node/13680644516","sourceUpdatedAt":null,"verifiedAt":null}},{"type":"Feature","geometry":{"type":"Point","coordinates":[15.0302444,50.191742]},"properties":{"id":"bikerack:f3d9ce10-339d-4943-a6d3-d39f97698e62","kind":"bikerack","longitude":15.0302444,"latitude":50.191742,"name":"Bicycle Parking","city":"Nymburk","address":null,"covered":false,"access":null,"website":null,"phone":null,"source":"OpenStreetMap/node/13728522742","sourceUpdatedAt":null,"verifiedAt":null}},{"type":"Feature","geometry":{"type":"Point","coordinates":[15.0366421,50.190582]},"properties":{"id":"bikerack:f4568612-ed80-48c1-a6f8-75dd1f84a240","kind":"bikerack","longitude":15.0366421,"latitude":50.190582,"name":"Bicycle Parking","city":"Nymburk","address":null,"covered":false,"access":null,"website":null,"phone":null,"source":"OpenStreetMap/node/13685720071","sourceUpdatedAt":null,"verifiedAt":null}},{"type":"Feature","geometry":{"type":"Point","coordinates":[15.0293551,50.1870146]},"properties":{"id":"bikerack:f45dc6cc-4bd8-4ea6-824b-79f16c5ca396","kind":"bikerack","longitude":15.0293551,"latitude":50.1870146,"name":"Bicycle Parking","city":"Nymburk","address":null,"covered":false,"access":null,"website":null,"phone":null,"source":"OpenStreetMap/node/13699920355","sourceUpdatedAt":null,"verifiedAt":null}},{"type":"Feature","geometry":{"type":"Point","coordinates":[15.0365932,50.1891151]},"properties":{"id":"bikerack:f49fd744-0c11-4aa4-a6b6-f59f4d023ed7","kind":"bikerack","longitude":15.0365932,"latitude":50.1891151,"name":"Bicycle Parking","city":"Nymburk","address":null,"covered":false,"access":null,"website":null,"phone":null,"source":"OpenStreetMap/node/13685720072","sourceUpdatedAt":null,"verifiedAt":null}},{"type":"Feature","geometry":{"type":"Point","coordinates":[15.0411169,50.1935603]},"properties":{"id":"bikerack:f5e4c9a1-aea6-40e0-b808-4a783c67470e","kind":"bikerack","longitude":15.0411169,"latitude":50.1935603,"name":"Bicycle Parking","city":"Nymburk","address":null,"covered":false,"access":null,"website":null,"phone":null,"source":"OpenStreetMap/node/13685719933","sourceUpdatedAt":null,"verifiedAt":null}},{"type":"Feature","geometry":{"type":"Point","coordinates":[15.0364785,50.1871537]},"properties":{"id":"bikerack:f633deaa-2f01-45a8-bdcf-29d743cb37c9","kind":"bikerack","longitude":15.0364785,"latitude":50.1871537,"name":"Bicycle Parking","city":"Nymburk","address":null,"covered":true,"access":null,"website":null,"phone":null,"source":"OpenStreetMap/node/13687464355","sourceUpdatedAt":null,"verifiedAt":null}},{"type":"Feature","geometry":{"type":"Point","coordinates":[15.0306284,50.1898987]},"properties":{"id":"bikerack:f6a54e86-4bc9-44ed-aa6c-4c582267412f","kind":"bikerack","longitude":15.0306284,"latitude":50.1898987,"name":"Bicycle Parking","city":"Nymburk","address":null,"covered":false,"access":null,"website":null,"phone":null,"source":"OpenStreetMap/node/13728522779","sourceUpdatedAt":null,"verifiedAt":null}},{"type":"Feature","geometry":{"type":"Point","coordinates":[15.0311274,50.1906618]},"properties":{"id":"bikerack:f8179204-4cdf-4a5d-83f7-eee79d68e4fd","kind":"bikerack","longitude":15.0311274,"latitude":50.1906618,"name":"Bicycle Parking","city":"Nymburk","address":null,"covered":false,"access":null,"website":null,"phone":null,"source":"OpenStreetMap/node/13724451992","sourceUpdatedAt":null,"verifiedAt":null}},{"type":"Feature","geometry":{"type":"Point","coordinates":[15.03735,50.1924261]},"properties":{"id":"bikerack:f930ffae-e2e7-4903-b014-aa652a331403","kind":"bikerack","longitude":15.03735,"latitude":50.1924261,"name":"Bicycle Parking","city":"Nymburk","address":null,"covered":false,"access":null,"website":null,"phone":null,"source":"OpenStreetMap/node/13685720036","sourceUpdatedAt":null,"verifiedAt":null}},{"type":"Feature","geometry":{"type":"Point","coordinates":[15.0460387,50.1814247]},"properties":{"id":"bikerack:fad1794b-fc7c-4069-81d4-ced40501831f","kind":"bikerack","longitude":15.0460387,"latitude":50.1814247,"name":"Bicycle Parking","city":"Nymburk","address":null,"covered":false,"access":null,"website":null,"phone":null,"source":"OpenStreetMap/node/13680644374","sourceUpdatedAt":null,"verifiedAt":null}},{"type":"Feature","geometry":{"type":"Point","coordinates":[15.0304577,50.1903357]},"properties":{"id":"bikerack:fbb13161-72d0-40ca-b2a4-643b3c756e37","kind":"bikerack","longitude":15.0304577,"latitude":50.1903357,"name":"Bicycle Parking","city":"Nymburk","address":null,"covered":false,"access":null,"website":null,"phone":null,"source":"OpenStreetMap/node/13728522782","sourceUpdatedAt":null,"verifiedAt":null}},{"type":"Feature","geometry":{"type":"Point","coordinates":[15.0460311,50.1815881]},"properties":{"id":"bikerack:fbdf0b2a-f254-4127-bb11-b03f3db354bf","kind":"bikerack","longitude":15.0460311,"latitude":50.1815881,"name":"Bicycle Parking","city":"Nymburk","address":null,"covered":false,"access":null,"website":null,"phone":null,"source":"OpenStreetMap/node/13680644377","sourceUpdatedAt":null,"verifiedAt":null}},{"type":"Feature","geometry":{"type":"Point","coordinates":[15.0427558,50.1916157]},"properties":{"id":"bikerack:fd21dca4-2c28-4ca4-b7b9-8692f9130e4e","kind":"bikerack","longitude":15.0427558,"latitude":50.1916157,"name":"Bicycle Parking","city":"Nymburk","address":null,"covered":false,"access":null,"website":null,"phone":null,"source":"OpenStreetMap/node/13685719867","sourceUpdatedAt":null,"verifiedAt":null}},{"type":"Feature","geometry":{"type":"Point","coordinates":[15.0399639,50.1941319]},"properties":{"id":"bikerack:fe6b177c-7ff3-4f8c-a287-c5d07790d82a","kind":"bikerack","longitude":15.0399639,"latitude":50.1941319,"name":"Bicycle Parking","city":"Nymburk","address":null,"covered":true,"access":null,"website":null,"phone":null,"source":"OpenStreetMap/node/13685719997","sourceUpdatedAt":null,"verifiedAt":null}},{"type":"Feature","geometry":{"type":"Point","coordinates":[15.0417777,50.1859349]},"properties":{"id":"bikerack:fef8c02e-d865-4ada-a627-6f2425dd3fe0","kind":"bikerack","longitude":15.0417777,"latitude":50.1859349,"name":"Bicycle Parking","city":"Nymburk","address":null,"covered":false,"access":null,"website":null,"phone":null,"source":"OpenStreetMap/node/13685711388","sourceUpdatedAt":null,"verifiedAt":null}},{"type":"Feature","geometry":{"type":"Point","coordinates":[15.0358597,50.1880958]},"properties":{"id":"bikerack:ff251d05-a3e3-46db-9cba-b3cbf547c0a5","kind":"bikerack","longitude":15.0358597,"latitude":50.1880958,"name":"Bicycle Parking","city":"Nymburk","address":null,"covered":false,"access":null,"website":null,"phone":null,"source":"OpenStreetMap/node/13685720062","sourceUpdatedAt":null,"verifiedAt":null}},{"type":"Feature","geometry":{"type":"Point","coordinates":[15.0442399,50.19325]},"properties":{"id":"repair:36952210-b212-4dc5-bade-40105def2129","kind":"repair","longitude":15.0442399,"latitude":50.19325,"name":"Bicycle Repair Station","city":"Nymburk","address":null,"covered":false,"access":null,"website":null,"phone":null,"source":"OpenStreetMap/node/13724452207","sourceUpdatedAt":null,"verifiedAt":null}},{"type":"Feature","geometry":{"type":"Point","coordinates":[15.0442845,50.1917081]},"properties":{"id":"service:583e26a1-ed24-417b-b444-719433f4d69e","kind":"service","longitude":15.0442845,"latitude":50.1917081,"name":"Bicycle Shop","city":"Nymburk","address":null,"covered":null,"access":null,"website":null,"phone":null,"source":"OpenStreetMap/node/2954905463","sourceUpdatedAt":null,"verifiedAt":null}},{"type":"Feature","geometry":{"type":"Point","coordinates":[15.0424219,50.1922983]},"properties":{"id":"service:8bbef7dc-8c4c-4e8a-85ac-eab1d43db9e7","kind":"service","longitude":15.0424219,"latitude":50.1922983,"name":"Bicycle Shop","city":"Nymburk","address":null,"covered":null,"access":null,"website":null,"phone":null,"source":"OpenStreetMap/node/679998411","sourceUpdatedAt":null,"verifiedAt":null}},{"type":"Feature","geometry":{"type":"Point","coordinates":[15.0437368,50.1819604]},"properties":{"id":"service:8eb7f1ea-7bdf-4a61-9c8e-d36dcc5b0c17","kind":"service","longitude":15.0437368,"latitude":50.1819604,"name":"Cyklo-house","city":"Nymburk","address":null,"covered":null,"access":null,"website":null,"phone":null,"source":"OpenStreetMap/node/13662143993","sourceUpdatedAt":null,"verifiedAt":null}},{"type":"Feature","geometry":{"type":"Point","coordinates":[15.0363576,50.1894955]},"properties":{"id":"service:bea48bdd-b704-400c-93f3-fbce7b6ec2ee","kind":"service","longitude":15.0363576,"latitude":50.1894955,"name":"MTB shop","city":"Nymburk","address":null,"covered":null,"access":null,"website":null,"phone":null,"source":"OpenStreetMap/node/13662154909","sourceUpdatedAt":null,"verifiedAt":null}},{"type":"Feature","geometry":{"type":"Point","coordinates":[15.0380289,50.1878894]},"properties":{"id":"water:16ec9777-82bb-42d5-ab0f-9d28c51ef853","kind":"water","longitude":15.0380289,"latitude":50.1878894,"name":"Drinking Fountain","city":"Nymburk","address":null,"covered":null,"access":null,"website":null,"phone":null,"source":"OpenStreetMap/node/13667883479","sourceUpdatedAt":null,"verifiedAt":null}},{"type":"Feature","geometry":{"type":"Point","coordinates":[15.0421296,50.1878872]},"properties":{"id":"water:2013b9c1-15d5-4a19-bb0f-7ec8c02f9035","kind":"water","longitude":15.0421296,"latitude":50.1878872,"name":"Drinking Fountain","city":"Nymburk","address":null,"covered":null,"access":null,"website":null,"phone":null,"source":"OpenStreetMap/node/12903238387","sourceUpdatedAt":null,"verifiedAt":null}},{"type":"Feature","geometry":{"type":"Point","coordinates":[15.0440459,50.1893777]},"properties":{"id":"water:33388071-2a9b-4396-8d17-7f86db6e6b6c","kind":"water","longitude":15.0440459,"latitude":50.1893777,"name":"Drinking Fountain","city":"Nymburk","address":null,"covered":null,"access":null,"website":null,"phone":null,"source":"OpenStreetMap/node/3383537250","sourceUpdatedAt":null,"verifiedAt":null}},{"type":"Feature","geometry":{"type":"Point","coordinates":[15.0311018,50.1924745]},"properties":{"id":"water:3a5795ec-18a1-4b5b-a8d5-c5d31d44dcfc","kind":"water","longitude":15.0311018,"latitude":50.1924745,"name":"Drinking Fountain","city":"Nymburk","address":null,"covered":null,"access":null,"website":null,"phone":null,"source":"OpenStreetMap/node/13724452100","sourceUpdatedAt":null,"verifiedAt":null}},{"type":"Feature","geometry":{"type":"Point","coordinates":[15.0402513,50.1844804]},"properties":{"id":"water:4b145bc9-4310-4023-aa29-1bf8ba82f49e","kind":"water","longitude":15.0402513,"latitude":50.1844804,"name":"Drinking Fountain","city":"Nymburk","address":null,"covered":null,"access":null,"website":null,"phone":null,"source":"OpenStreetMap/node/13667883480","sourceUpdatedAt":null,"verifiedAt":null}},{"type":"Feature","geometry":{"type":"Point","coordinates":[15.0426074,50.1865553]},"properties":{"id":"water:59c4bcfe-e357-4ef4-8cee-d4784f0819d3","kind":"water","longitude":15.0426074,"latitude":50.1865553,"name":"Drinking Fountain","city":"Nymburk","address":null,"covered":null,"access":null,"website":null,"phone":null,"source":"OpenStreetMap/node/13667883478","sourceUpdatedAt":null,"verifiedAt":null}},{"type":"Feature","geometry":{"type":"Point","coordinates":[15.0302437,50.1853413]},"properties":{"id":"water:5fc761d9-e6f1-408e-a7ba-3f677d7fc626","kind":"water","longitude":15.0302437,"latitude":50.1853413,"name":"Drinking Fountain","city":"Nymburk","address":null,"covered":null,"access":null,"website":null,"phone":null,"source":"OpenStreetMap/node/13685720074","sourceUpdatedAt":null,"verifiedAt":null}},{"type":"Feature","geometry":{"type":"Point","coordinates":[15.0419261,50.1854586]},"properties":{"id":"water:98baae0c-8d0a-4706-a55e-e5d393bd0a09","kind":"water","longitude":15.0419261,"latitude":50.1854586,"name":"Drinking Fountain","city":"Nymburk","address":null,"covered":null,"access":null,"website":null,"phone":null,"source":"OpenStreetMap/node/13667883477","sourceUpdatedAt":null,"verifiedAt":null}},{"type":"Feature","geometry":{"type":"Point","coordinates":[15.0312049,50.1923538]},"properties":{"id":"water:e438d1fd-a656-4b99-b635-68792c9a2c98","kind":"water","longitude":15.0312049,"latitude":50.1923538,"name":"Drinking Fountain","city":"Nymburk","address":null,"covered":null,"access":null,"website":null,"phone":null,"source":"OpenStreetMap/node/13724452099","sourceUpdatedAt":null,"verifiedAt":null}}]}