{"type":"FeatureCollection","features":[{"type":"Feature","geometry":{"type":"Point","coordinates":[11.1049931,49.4623576]},"properties":{"id":"bikerack:00435b03-4da5-4919-8918-09814b4db4a7","kind":"bikerack","longitude":11.1049931,"latitude":49.4623576,"name":"Fahrradabstellplatz","city":"Nuernberg","address":null,"covered":false,"access":null,"website":null,"phone":null,"source":"OpenStreetMap/node/10919946984","sourceUpdatedAt":null,"verifiedAt":null}},{"type":"Feature","geometry":{"type":"Point","coordinates":[11.084187,49.4632895]},"properties":{"id":"bikerack:0072e6c0-7a9d-42c3-be0d-d051b288ddd5","kind":"bikerack","longitude":11.084187,"latitude":49.4632895,"name":"Fahrradabstellplatz","city":"Nuernberg","address":null,"covered":false,"access":null,"website":null,"phone":null,"source":"OpenStreetMap/node/8952968420","sourceUpdatedAt":null,"verifiedAt":null}},{"type":"Feature","geometry":{"type":"Point","coordinates":[11.1023468,49.458245]},"properties":{"id":"bikerack:007512f5-f546-4335-aaef-1077de115832","kind":"bikerack","longitude":11.1023468,"latitude":49.458245,"name":"Technische Hochschule Nürnberg Georg Simon Ohm | Fahrrad Parkplatz H","city":"Nuernberg","address":null,"covered":false,"access":null,"website":null,"phone":null,"source":"OpenStreetMap/way/369920176","sourceUpdatedAt":null,"verifiedAt":null}},{"type":"Feature","geometry":{"type":"Point","coordinates":[11.081912,49.4498025]},"properties":{"id":"bikerack:0143cebe-92e0-4d01-93fe-145a8927bc5e","kind":"bikerack","longitude":11.081912,"latitude":49.4498025,"name":"Fahrradabstellplatz","city":"Nuernberg","address":null,"covered":false,"access":null,"website":null,"phone":null,"source":"OpenStreetMap/node/3782110762","sourceUpdatedAt":null,"verifiedAt":null}},{"type":"Feature","geometry":{"type":"Point","coordinates":[11.0949305,49.4432691]},"properties":{"id":"bikerack:01baadd6-1c10-48f7-a178-346e68de8346","kind":"bikerack","longitude":11.0949305,"latitude":49.4432691,"name":"Fahrradabstellplatz","city":"Nuernberg","address":null,"covered":false,"access":null,"website":null,"phone":null,"source":"OpenStreetMap/node/8952637120","sourceUpdatedAt":null,"verifiedAt":null}},{"type":"Feature","geometry":{"type":"Point","coordinates":[11.075177,49.4493679]},"properties":{"id":"bikerack:022912bd-c943-4f5e-928f-1ff669aa3b31","kind":"bikerack","longitude":11.075177,"latitude":49.4493679,"name":"Fahrradabstellplatz","city":"Nuernberg","address":null,"covered":false,"access":null,"website":null,"phone":null,"source":"OpenStreetMap/node/6635531415","sourceUpdatedAt":null,"verifiedAt":null}},{"type":"Feature","geometry":{"type":"Point","coordinates":[11.0782839,49.4557681]},"properties":{"id":"bikerack:02713834-c682-47cb-bb4f-48aee0b40097","kind":"bikerack","longitude":11.0782839,"latitude":49.4557681,"name":"Fahrradabstellplatz","city":"Nuernberg","address":null,"covered":false,"access":null,"website":null,"phone":null,"source":"OpenStreetMap/way/68324502","sourceUpdatedAt":null,"verifiedAt":null}},{"type":"Feature","geometry":{"type":"Point","coordinates":[11.0865743,49.4398642]},"properties":{"id":"bikerack:0273559d-d8a0-4818-b00e-06787a7adc4d","kind":"bikerack","longitude":11.0865743,"latitude":49.4398642,"name":"Fahrradabstellplatz","city":"Nuernberg","address":null,"covered":false,"access":null,"website":null,"phone":null,"source":"OpenStreetMap/node/8996690019","sourceUpdatedAt":null,"verifiedAt":null}},{"type":"Feature","geometry":{"type":"Point","coordinates":[11.0857516,49.4630632]},"properties":{"id":"bikerack:033c838b-4d96-4126-a512-0ffdc07a8057","kind":"bikerack","longitude":11.0857516,"latitude":49.4630632,"name":"Fahrradabstellplatz","city":"Nuernberg","address":null,"covered":false,"access":null,"website":null,"phone":null,"source":"OpenStreetMap/node/6799255988","sourceUpdatedAt":null,"verifiedAt":null}},{"type":"Feature","geometry":{"type":"Point","coordinates":[11.0796477,49.4489728]},"properties":{"id":"bikerack:04845eb2-e588-41d6-bbcc-6206d0ecbcf6","kind":"bikerack","longitude":11.0796477,"latitude":49.4489728,"name":"Fahrradabstellplatz","city":"Nuernberg","address":null,"covered":false,"access":null,"website":null,"phone":null,"source":"OpenStreetMap/node/9205032041","sourceUpdatedAt":null,"verifiedAt":null}},{"type":"Feature","geometry":{"type":"Point","coordinates":[11.0920993,49.4432947]},"properties":{"id":"bikerack:04a9ac95-a6ab-4513-9ce4-f7dc5081c6c0","kind":"bikerack","longitude":11.0920993,"latitude":49.4432947,"name":"Fahrradabstellplatz","city":"Nuernberg","address":null,"covered":false,"access":null,"website":null,"phone":null,"source":"OpenStreetMap/node/13205463743","sourceUpdatedAt":null,"verifiedAt":null}},{"type":"Feature","geometry":{"type":"Point","coordinates":[11.1160466,49.464876]},"properties":{"id":"bikerack:050ed10d-1413-40ba-8fc2-0b8dc7967319","kind":"bikerack","longitude":11.1160466,"latitude":49.464876,"name":"Fahrradabstellplatz","city":"Nuernberg","address":null,"covered":false,"access":null,"website":null,"phone":null,"source":"OpenStreetMap/node/2373044309","sourceUpdatedAt":null,"verifiedAt":null}},{"type":"Feature","geometry":{"type":"Point","coordinates":[11.0908371,49.4594947]},"properties":{"id":"bikerack:058394a5-ac60-4e0c-9f89-3c65ec5d1c56","kind":"bikerack","longitude":11.0908371,"latitude":49.4594947,"name":"Fahrradabstellplatz","city":"Nuernberg","address":null,"covered":false,"access":null,"website":null,"phone":null,"source":"OpenStreetMap/node/3956329456","sourceUpdatedAt":null,"verifiedAt":null}},{"type":"Feature","geometry":{"type":"Point","coordinates":[11.0881729,49.4531039]},"properties":{"id":"bikerack:05ca6a39-a01c-41f1-9ad0-14e796977f70","kind":"bikerack","longitude":11.0881729,"latitude":49.4531039,"name":"Fahrradabstellplatz","city":"Nuernberg","address":null,"covered":false,"access":null,"website":null,"phone":null,"source":"OpenStreetMap/node/12887660034","sourceUpdatedAt":null,"verifiedAt":null}},{"type":"Feature","geometry":{"type":"Point","coordinates":[11.0764515,49.4533572]},"properties":{"id":"bikerack:0620889c-8bbc-49b2-9797-6c4a541236f1","kind":"bikerack","longitude":11.0764515,"latitude":49.4533572,"name":"Fahrradabstellplatz","city":"Nuernberg","address":null,"covered":false,"access":null,"website":null,"phone":null,"source":"OpenStreetMap/node/8183890323","sourceUpdatedAt":null,"verifiedAt":null}},{"type":"Feature","geometry":{"type":"Point","coordinates":[11.0801887,49.4463681]},"properties":{"id":"bikerack:06fd8494-ba78-4786-b58a-6ca19b2533d3","kind":"bikerack","longitude":11.0801887,"latitude":49.4463681,"name":"Fahrradabstellplatz","city":"Nuernberg","address":null,"covered":false,"access":null,"website":null,"phone":null,"source":"OpenStreetMap/node/12231645601","sourceUpdatedAt":null,"verifiedAt":null}},{"type":"Feature","geometry":{"type":"Point","coordinates":[11.0962254,49.4542406]},"properties":{"id":"bikerack:074e05d0-f93c-47be-9cd2-e582317ee80b","kind":"bikerack","longitude":11.0962254,"latitude":49.4542406,"name":"Fahrradabstellplatz","city":"Nuernberg","address":null,"covered":false,"access":null,"website":null,"phone":null,"source":"OpenStreetMap/node/11093228105","sourceUpdatedAt":null,"verifiedAt":null}},{"type":"Feature","geometry":{"type":"Point","coordinates":[11.0844831,49.4514537]},"properties":{"id":"bikerack:0820407b-c3fc-4d76-92f6-ae1816fb7cb9","kind":"bikerack","longitude":11.0844831,"latitude":49.4514537,"name":"Fahrradabstellplatz","city":"Nuernberg","address":null,"covered":true,"access":null,"website":null,"phone":null,"source":"OpenStreetMap/node/13200829936","sourceUpdatedAt":null,"verifiedAt":null}},{"type":"Feature","geometry":{"type":"Point","coordinates":[11.0827924,49.4516116]},"properties":{"id":"bikerack:08cee0bd-f16a-4ab3-8c5a-e6664b9f41aa","kind":"bikerack","longitude":11.0827924,"latitude":49.4516116,"name":"Fahrradabstellplatz","city":"Nuernberg","address":null,"covered":false,"access":null,"website":null,"phone":null,"source":"OpenStreetMap/node/6409861395","sourceUpdatedAt":null,"verifiedAt":null}},{"type":"Feature","geometry":{"type":"Point","coordinates":[11.0756839,49.4625471]},"properties":{"id":"bikerack:097fcb39-bb05-4c5e-888b-e55d4258e4cc","kind":"bikerack","longitude":11.0756839,"latitude":49.4625471,"name":"Fahrradabstellplatz","city":"Nuernberg","address":null,"covered":false,"access":null,"website":null,"phone":null,"source":"OpenStreetMap/node/8905039917","sourceUpdatedAt":null,"verifiedAt":null}},{"type":"Feature","geometry":{"type":"Point","coordinates":[11.1100183,49.4645147]},"properties":{"id":"bikerack:0a16c13c-f1a7-4eb6-a3e0-1a134ca047f5","kind":"bikerack","longitude":11.1100183,"latitude":49.4645147,"name":"Fahrradabstellplatz","city":"Nuernberg","address":null,"covered":false,"access":null,"website":null,"phone":null,"source":"OpenStreetMap/node/13441881117","sourceUpdatedAt":null,"verifiedAt":null}},{"type":"Feature","geometry":{"type":"Point","coordinates":[11.0751848,49.4553205]},"properties":{"id":"bikerack:0a55706f-34f2-48cc-9f35-16f130a41e96","kind":"bikerack","longitude":11.0751848,"latitude":49.4553205,"name":"Fahrradabstellplatz","city":"Nuernberg","address":null,"covered":false,"access":null,"website":null,"phone":null,"source":"OpenStreetMap/node/13108942025","sourceUpdatedAt":null,"verifiedAt":null}},{"type":"Feature","geometry":{"type":"Point","coordinates":[11.0863632,49.4534441]},"properties":{"id":"bikerack:0a585451-9664-48c8-b97a-437764ea7e1e","kind":"bikerack","longitude":11.0863632,"latitude":49.4534441,"name":"Fahrradabstellplatz","city":"Nuernberg","address":null,"covered":false,"access":null,"website":null,"phone":null,"source":"OpenStreetMap/node/12248072831","sourceUpdatedAt":null,"verifiedAt":null}},{"type":"Feature","geometry":{"type":"Point","coordinates":[11.0992773,49.4641531]},"properties":{"id":"bikerack:0ab1ea62-574e-41b6-873b-d2dff632fce0","kind":"bikerack","longitude":11.0992773,"latitude":49.4641531,"name":"Fahrradabstellplatz","city":"Nuernberg","address":null,"covered":false,"access":null,"website":null,"phone":null,"source":"OpenStreetMap/way/255026949","sourceUpdatedAt":null,"verifiedAt":null}},{"type":"Feature","geometry":{"type":"Point","coordinates":[11.1077953,49.4434072]},"properties":{"id":"bikerack:0b1250c7-3f59-4108-9eae-eeb5778eeb7a","kind":"bikerack","longitude":11.1077953,"latitude":49.4434072,"name":"Fahrradabstellplatz","city":"Nuernberg","address":null,"covered":false,"access":null,"website":null,"phone":null,"source":"OpenStreetMap/node/13522286992","sourceUpdatedAt":null,"verifiedAt":null}},{"type":"Feature","geometry":{"type":"Point","coordinates":[11.1028484,49.4571545]},"properties":{"id":"bikerack:0caaff00-63e1-4d2e-aad5-ed91fb291ab8","kind":"bikerack","longitude":11.1028484,"latitude":49.4571545,"name":"Fahrradabstellplatz","city":"Nuernberg","address":null,"covered":false,"access":null,"website":null,"phone":null,"source":"OpenStreetMap/node/3524052489","sourceUpdatedAt":null,"verifiedAt":null}},{"type":"Feature","geometry":{"type":"Point","coordinates":[11.0835207,49.4583719]},"properties":{"id":"bikerack:0d36e009-7338-4f1f-9cea-a0ea30b1e073","kind":"bikerack","longitude":11.0835207,"latitude":49.4583719,"name":"Fahrradabstellplatz","city":"Nuernberg","address":null,"covered":false,"access":null,"website":null,"phone":null,"source":"OpenStreetMap/node/6811517490","sourceUpdatedAt":null,"verifiedAt":null}},{"type":"Feature","geometry":{"type":"Point","coordinates":[11.0837922,49.4441184]},"properties":{"id":"bikerack:0e77311f-0de5-4dfc-a854-47d292ce589b","kind":"bikerack","longitude":11.0837922,"latitude":49.4441184,"name":"Fahrradabstellplatz","city":"Nuernberg","address":null,"covered":false,"access":null,"website":null,"phone":null,"source":"OpenStreetMap/node/13202499909","sourceUpdatedAt":null,"verifiedAt":null}},{"type":"Feature","geometry":{"type":"Point","coordinates":[11.0751964,49.455368]},"properties":{"id":"bikerack:0fa37c23-9f84-4c13-b945-098ff38a7f02","kind":"bikerack","longitude":11.0751964,"latitude":49.455368,"name":"Fahrradabstellplatz","city":"Nuernberg","address":null,"covered":false,"access":null,"website":null,"phone":null,"source":"OpenStreetMap/node/13108942024","sourceUpdatedAt":null,"verifiedAt":null}},{"type":"Feature","geometry":{"type":"Point","coordinates":[11.0756508,49.4587337]},"properties":{"id":"bikerack:112c8909-5776-4668-9467-48f2fa576649","kind":"bikerack","longitude":11.0756508,"latitude":49.4587337,"name":"Fahrradabstellplatz","city":"Nuernberg","address":null,"covered":false,"access":null,"website":null,"phone":null,"source":"OpenStreetMap/way/69281716","sourceUpdatedAt":null,"verifiedAt":null}},{"type":"Feature","geometry":{"type":"Point","coordinates":[11.0944192,49.4613927]},"properties":{"id":"bikerack:11777fa0-53ce-4cf7-b87d-f10c73b1384b","kind":"bikerack","longitude":11.0944192,"latitude":49.4613927,"name":"Fahrradabstellplatz","city":"Nuernberg","address":null,"covered":false,"access":null,"website":null,"phone":null,"source":"OpenStreetMap/node/3688048255","sourceUpdatedAt":null,"verifiedAt":null}},{"type":"Feature","geometry":{"type":"Point","coordinates":[11.0906317,49.444301]},"properties":{"id":"bikerack:131d8301-b7a3-4b4b-a654-9827993d97d8","kind":"bikerack","longitude":11.0906317,"latitude":49.444301,"name":"Fahrradabstellplatz","city":"Nuernberg","address":null,"covered":false,"access":null,"website":null,"phone":null,"source":"OpenStreetMap/node/7615982588","sourceUpdatedAt":null,"verifiedAt":null}},{"type":"Feature","geometry":{"type":"Point","coordinates":[11.0836019,49.4405345]},"properties":{"id":"bikerack:139617c3-3f76-45d9-afa5-6760c381a070","kind":"bikerack","longitude":11.0836019,"latitude":49.4405345,"name":"Fahrradabstellplatz","city":"Nuernberg","address":null,"covered":false,"access":null,"website":null,"phone":null,"source":"OpenStreetMap/node/9312918818","sourceUpdatedAt":null,"verifiedAt":null}},{"type":"Feature","geometry":{"type":"Point","coordinates":[11.0872759,49.4491196]},"properties":{"id":"bikerack:13f1aa25-3a4f-4add-9768-e4eff0be0c94","kind":"bikerack","longitude":11.0872759,"latitude":49.4491196,"name":"Fahrradabstellplatz","city":"Nuernberg","address":null,"covered":false,"access":null,"website":null,"phone":null,"source":"OpenStreetMap/node/12093548039","sourceUpdatedAt":null,"verifiedAt":null}},{"type":"Feature","geometry":{"type":"Point","coordinates":[11.0839389,49.4517502]},"properties":{"id":"bikerack:142c9c22-9ede-4aa0-b4c4-59d9d67f7a6e","kind":"bikerack","longitude":11.0839389,"latitude":49.4517502,"name":"Fahrradabstellplatz","city":"Nuernberg","address":null,"covered":false,"access":null,"website":null,"phone":null,"source":"OpenStreetMap/way/68324499","sourceUpdatedAt":null,"verifiedAt":null}},{"type":"Feature","geometry":{"type":"Point","coordinates":[11.0758538,49.4632157]},"properties":{"id":"bikerack:14505c9f-0446-40ac-b132-653643f81c10","kind":"bikerack","longitude":11.0758538,"latitude":49.4632157,"name":"Fahrradabstellplatz","city":"Nuernberg","address":null,"covered":false,"access":null,"website":null,"phone":null,"source":"OpenStreetMap/node/9529600073","sourceUpdatedAt":null,"verifiedAt":null}},{"type":"Feature","geometry":{"type":"Point","coordinates":[11.1006368,49.4571794]},"properties":{"id":"bikerack:14c1dee8-7e50-49e0-8921-6283b0ad0c59","kind":"bikerack","longitude":11.1006368,"latitude":49.4571794,"name":"Fahrradabstellplatz","city":"Nuernberg","address":null,"covered":false,"access":null,"website":null,"phone":null,"source":"OpenStreetMap/node/4704336236","sourceUpdatedAt":null,"verifiedAt":null}},{"type":"Feature","geometry":{"type":"Point","coordinates":[11.1015164,49.4567459]},"properties":{"id":"bikerack:15acfb1c-16c4-4aa5-94cc-0f085e602e3c","kind":"bikerack","longitude":11.1015164,"latitude":49.4567459,"name":"Fahrradabstellplatz","city":"Nuernberg","address":null,"covered":false,"access":null,"website":null,"phone":null,"source":"OpenStreetMap/node/11093295205","sourceUpdatedAt":null,"verifiedAt":null}},{"type":"Feature","geometry":{"type":"Point","coordinates":[11.0788855,49.4523917]},"properties":{"id":"bikerack:15b9f818-3122-42d9-a2fb-86e95334238f","kind":"bikerack","longitude":11.0788855,"latitude":49.4523917,"name":"Fahrradabstellplatz","city":"Nuernberg","address":null,"covered":false,"access":null,"website":null,"phone":null,"source":"OpenStreetMap/node/1994499774","sourceUpdatedAt":null,"verifiedAt":null}},{"type":"Feature","geometry":{"type":"Point","coordinates":[11.0874522,49.4399777]},"properties":{"id":"bikerack:15df3860-cf7d-4aed-b91c-f586d0935c6a","kind":"bikerack","longitude":11.0874522,"latitude":49.4399777,"name":"Fahrradabstellplatz","city":"Nuernberg","address":null,"covered":false,"access":null,"website":null,"phone":null,"source":"OpenStreetMap/node/8996689817","sourceUpdatedAt":null,"verifiedAt":null}},{"type":"Feature","geometry":{"type":"Point","coordinates":[11.0813893,49.4674164]},"properties":{"id":"bikerack:16b1f825-e3a4-418e-8d0b-2e33c1148348","kind":"bikerack","longitude":11.0813893,"latitude":49.4674164,"name":"Fahrradabstellplatz","city":"Nuernberg","address":null,"covered":false,"access":null,"website":null,"phone":null,"source":"OpenStreetMap/node/7545510786","sourceUpdatedAt":null,"verifiedAt":null}},{"type":"Feature","geometry":{"type":"Point","coordinates":[11.081935,49.4643614]},"properties":{"id":"bikerack:17cd9f6c-7243-4f11-9f4d-3292a31e24e7","kind":"bikerack","longitude":11.081935,"latitude":49.4643614,"name":"Fahrradabstellplatz","city":"Nuernberg","address":null,"covered":false,"access":null,"website":null,"phone":null,"source":"OpenStreetMap/node/7545507986","sourceUpdatedAt":null,"verifiedAt":null}},{"type":"Feature","geometry":{"type":"Point","coordinates":[11.0838939,49.4504338]},"properties":{"id":"bikerack:181d2469-7b3b-4664-8a6e-e7d840fff7a6","kind":"bikerack","longitude":11.0838939,"latitude":49.4504338,"name":"Fahrradabstellplatz","city":"Nuernberg","address":null,"covered":false,"access":null,"website":null,"phone":null,"source":"OpenStreetMap/node/13633184181","sourceUpdatedAt":null,"verifiedAt":null}},{"type":"Feature","geometry":{"type":"Point","coordinates":[11.0830277,49.4436496]},"properties":{"id":"bikerack:182a6ff5-9cc1-4df7-9235-a163daff3d3b","kind":"bikerack","longitude":11.0830277,"latitude":49.4436496,"name":"Fahrradabstellplatz","city":"Nuernberg","address":null,"covered":false,"access":null,"website":null,"phone":null,"source":"OpenStreetMap/node/13202506301","sourceUpdatedAt":null,"verifiedAt":null}},{"type":"Feature","geometry":{"type":"Point","coordinates":[11.0814434,49.4414386]},"properties":{"id":"bikerack:182d0a65-bef9-4fb8-9b6e-8e04a24431e7","kind":"bikerack","longitude":11.0814434,"latitude":49.4414386,"name":"Fahrradabstellplatz","city":"Nuernberg","address":null,"covered":false,"access":null,"website":null,"phone":null,"source":"OpenStreetMap/node/6800298787","sourceUpdatedAt":null,"verifiedAt":null}},{"type":"Feature","geometry":{"type":"Point","coordinates":[11.0985404,49.440443]},"properties":{"id":"bikerack:187e0780-667f-4ffc-8799-d5a7d15f40b6","kind":"bikerack","longitude":11.0985404,"latitude":49.440443,"name":"Fahrradabstellplatz","city":"Nuernberg","address":null,"covered":false,"access":null,"website":null,"phone":null,"source":"OpenStreetMap/node/6576509127","sourceUpdatedAt":null,"verifiedAt":null}},{"type":"Feature","geometry":{"type":"Point","coordinates":[11.0952079,49.4411807]},"properties":{"id":"bikerack:18a1caa9-f7c2-4bd7-af9c-77be90ea20f2","kind":"bikerack","longitude":11.0952079,"latitude":49.4411807,"name":"Fahrradabstellplatz","city":"Nuernberg","address":null,"covered":false,"access":null,"website":null,"phone":null,"source":"OpenStreetMap/node/11815998910","sourceUpdatedAt":null,"verifiedAt":null}},{"type":"Feature","geometry":{"type":"Point","coordinates":[11.0850399,49.4410521]},"properties":{"id":"bikerack:18b2bf91-dfba-4957-b6af-e1e69517b152","kind":"bikerack","longitude":11.0850399,"latitude":49.4410521,"name":"Fahrradabstellplatz","city":"Nuernberg","address":null,"covered":false,"access":null,"website":null,"phone":null,"source":"OpenStreetMap/node/3527538548","sourceUpdatedAt":null,"verifiedAt":null}},{"type":"Feature","geometry":{"type":"Point","coordinates":[11.0775568,49.4633601]},"properties":{"id":"bikerack:19182781-d0e7-447d-b33b-d7965e67e620","kind":"bikerack","longitude":11.0775568,"latitude":49.4633601,"name":"Fahrradabstellplatz","city":"Nuernberg","address":null,"covered":false,"access":null,"website":null,"phone":null,"source":"OpenStreetMap/node/8920589517","sourceUpdatedAt":null,"verifiedAt":null}},{"type":"Feature","geometry":{"type":"Point","coordinates":[11.0789118,49.4454278]},"properties":{"id":"bikerack:19d76787-174b-40a1-9689-e81ff290cfc3","kind":"bikerack","longitude":11.0789118,"latitude":49.4454278,"name":"Fahrradabstellplatz","city":"Nuernberg","address":null,"covered":false,"access":null,"website":null,"phone":null,"source":"OpenStreetMap/node/1305553519","sourceUpdatedAt":null,"verifiedAt":null}},{"type":"Feature","geometry":{"type":"Point","coordinates":[11.0895785,49.4561164]},"properties":{"id":"bikerack:1ab53b1b-40af-44d0-bea8-822e84773e6a","kind":"bikerack","longitude":11.0895785,"latitude":49.4561164,"name":"Fahrradabstellplatz","city":"Nuernberg","address":null,"covered":false,"access":null,"website":null,"phone":null,"source":"OpenStreetMap/node/1994499799","sourceUpdatedAt":null,"verifiedAt":null}},{"type":"Feature","geometry":{"type":"Point","coordinates":[11.0784219,49.4595777]},"properties":{"id":"bikerack:1ae14a4b-cf75-4063-a812-a742591e7eab","kind":"bikerack","longitude":11.0784219,"latitude":49.4595777,"name":"Fahrradabstellplatz","city":"Nuernberg","address":null,"covered":false,"access":null,"website":null,"phone":null,"source":"OpenStreetMap/node/7545515234","sourceUpdatedAt":null,"verifiedAt":null}},{"type":"Feature","geometry":{"type":"Point","coordinates":[11.0899681,49.4409629]},"properties":{"id":"bikerack:1afde1ac-827a-4db3-a8a9-a7a5c3a23932","kind":"bikerack","longitude":11.0899681,"latitude":49.4409629,"name":"Fahrradabstellplatz","city":"Nuernberg","address":null,"covered":false,"access":null,"website":null,"phone":null,"source":"OpenStreetMap/node/3527538546","sourceUpdatedAt":null,"verifiedAt":null}},{"type":"Feature","geometry":{"type":"Point","coordinates":[11.0871798,49.4612395]},"properties":{"id":"bikerack:1bd23e9e-c53b-47bd-a52d-d71e0ef258cc","kind":"bikerack","longitude":11.0871798,"latitude":49.4612395,"name":"Fahrradabstellplatz","city":"Nuernberg","address":null,"covered":false,"access":null,"website":null,"phone":null,"source":"OpenStreetMap/node/13383617049","sourceUpdatedAt":null,"verifiedAt":null}},{"type":"Feature","geometry":{"type":"Point","coordinates":[11.1105782,49.4557095]},"properties":{"id":"bikerack:1c61a514-e826-4985-b4c7-8be7515add9a","kind":"bikerack","longitude":11.1105782,"latitude":49.4557095,"name":"Fahrradabstellplatz","city":"Nuernberg","address":null,"covered":false,"access":null,"website":null,"phone":null,"source":"OpenStreetMap/node/88957872","sourceUpdatedAt":null,"verifiedAt":null}},{"type":"Feature","geometry":{"type":"Point","coordinates":[11.1004008,49.457698]},"properties":{"id":"bikerack:1d9f3f56-19bd-40a3-ae43-fa7ac8aebabf","kind":"bikerack","longitude":11.1004008,"latitude":49.457698,"name":"Fahrradabstellplatz","city":"Nuernberg","address":null,"covered":false,"access":null,"website":null,"phone":null,"source":"OpenStreetMap/node/8729339118","sourceUpdatedAt":null,"verifiedAt":null}},{"type":"Feature","geometry":{"type":"Point","coordinates":[11.0881953,49.4428623]},"properties":{"id":"bikerack:1da53837-b1cd-434a-8d04-5b8312d9c443","kind":"bikerack","longitude":11.0881953,"latitude":49.4428623,"name":"Fahrradabstellplatz","city":"Nuernberg","address":null,"covered":false,"access":null,"website":null,"phone":null,"source":"OpenStreetMap/node/3527538559","sourceUpdatedAt":null,"verifiedAt":null}},{"type":"Feature","geometry":{"type":"Point","coordinates":[11.0754019,49.4514515]},"properties":{"id":"bikerack:1f2f07ac-1365-4d3a-a7c9-a59254c707d0","kind":"bikerack","longitude":11.0754019,"latitude":49.4514515,"name":"Fahrradabstellplatz","city":"Nuernberg","address":null,"covered":false,"access":null,"website":null,"phone":null,"source":"OpenStreetMap/node/9074471817","sourceUpdatedAt":null,"verifiedAt":null}},{"type":"Feature","geometry":{"type":"Point","coordinates":[11.0877453,49.4542352]},"properties":{"id":"bikerack:1f4de448-e214-47ea-8be3-0cd45a035e9f","kind":"bikerack","longitude":11.0877453,"latitude":49.4542352,"name":"Fahrradabstellplatz","city":"Nuernberg","address":null,"covered":false,"access":null,"website":null,"phone":null,"source":"OpenStreetMap/node/13633187064","sourceUpdatedAt":null,"verifiedAt":null}},{"type":"Feature","geometry":{"type":"Point","coordinates":[11.0915694,49.4677936]},"properties":{"id":"bikerack:207dfc50-3804-4893-945c-56eff9efb038","kind":"bikerack","longitude":11.0915694,"latitude":49.4677936,"name":"Fahrradabstellplatz","city":"Nuernberg","address":null,"covered":false,"access":null,"website":null,"phone":null,"source":"OpenStreetMap/node/12666643278","sourceUpdatedAt":null,"verifiedAt":null}},{"type":"Feature","geometry":{"type":"Point","coordinates":[11.114213,49.4611019]},"properties":{"id":"bikerack:2104a7ce-c5cb-4cbd-85fc-f8c882a4751e","kind":"bikerack","longitude":11.114213,"latitude":49.4611019,"name":"Fahrradabstellplatz","city":"Nuernberg","address":null,"covered":true,"access":null,"website":null,"phone":null,"source":"OpenStreetMap/way/1273616566","sourceUpdatedAt":null,"verifiedAt":null}},{"type":"Feature","geometry":{"type":"Point","coordinates":[11.0826058,49.4597332]},"properties":{"id":"bikerack:21217ca3-7cef-4682-abba-53dfc2432d24","kind":"bikerack","longitude":11.0826058,"latitude":49.4597332,"name":"Fahrradabstellplatz","city":"Nuernberg","address":null,"covered":false,"access":null,"website":null,"phone":null,"source":"OpenStreetMap/node/6462522385","sourceUpdatedAt":null,"verifiedAt":null}},{"type":"Feature","geometry":{"type":"Point","coordinates":[11.0773892,49.4557384]},"properties":{"id":"bikerack:2165534e-3681-44bd-825a-d8ed862f4f63","kind":"bikerack","longitude":11.0773892,"latitude":49.4557384,"name":"Fahrradabstellplatz","city":"Nuernberg","address":null,"covered":false,"access":null,"website":null,"phone":null,"source":"OpenStreetMap/node/13319689122","sourceUpdatedAt":null,"verifiedAt":null}},{"type":"Feature","geometry":{"type":"Point","coordinates":[11.0813926,49.4672395]},"properties":{"id":"bikerack:22f77828-1ad5-4989-9258-222d3e0ba88c","kind":"bikerack","longitude":11.0813926,"latitude":49.4672395,"name":"Fahrradabstellplatz","city":"Nuernberg","address":null,"covered":false,"access":null,"website":null,"phone":null,"source":"OpenStreetMap/node/7545499505","sourceUpdatedAt":null,"verifiedAt":null}},{"type":"Feature","geometry":{"type":"Point","coordinates":[11.08582,49.4642985]},"properties":{"id":"bikerack:231282b7-0d91-4c00-a28a-25ee1d28ee01","kind":"bikerack","longitude":11.08582,"latitude":49.4642985,"name":"Fahrradabstellplatz","city":"Nuernberg","address":null,"covered":false,"access":null,"website":null,"phone":null,"source":"OpenStreetMap/node/12666643254","sourceUpdatedAt":null,"verifiedAt":null}},{"type":"Feature","geometry":{"type":"Point","coordinates":[11.0856669,49.4397103]},"properties":{"id":"bikerack:2457b841-dc3c-41da-9788-f5c3d7103cd7","kind":"bikerack","longitude":11.0856669,"latitude":49.4397103,"name":"Fahrradabstellplatz","city":"Nuernberg","address":null,"covered":false,"access":null,"website":null,"phone":null,"source":"OpenStreetMap/node/9247411320","sourceUpdatedAt":null,"verifiedAt":null}},{"type":"Feature","geometry":{"type":"Point","coordinates":[11.0881539,49.4420481]},"properties":{"id":"bikerack:24623a97-844c-488e-99d5-7b8ce31d3697","kind":"bikerack","longitude":11.0881539,"latitude":49.4420481,"name":"Fahrradabstellplatz","city":"Nuernberg","address":null,"covered":false,"access":null,"website":null,"phone":null,"source":"OpenStreetMap/node/4748280398","sourceUpdatedAt":null,"verifiedAt":null}},{"type":"Feature","geometry":{"type":"Point","coordinates":[11.0942846,49.4525052]},"properties":{"id":"bikerack:2551656d-bd1a-4504-9a1c-5da9029e9d34","kind":"bikerack","longitude":11.0942846,"latitude":49.4525052,"name":"Fahrradabstellplatz","city":"Nuernberg","address":null,"covered":false,"access":null,"website":null,"phone":null,"source":"OpenStreetMap/node/12213678648","sourceUpdatedAt":null,"verifiedAt":null}},{"type":"Feature","geometry":{"type":"Point","coordinates":[11.0760025,49.462496]},"properties":{"id":"bikerack:2778b664-18e2-493c-b25b-dfd47afd7caa","kind":"bikerack","longitude":11.0760025,"latitude":49.462496,"name":"Fahrradabstellplatz","city":"Nuernberg","address":null,"covered":false,"access":null,"website":null,"phone":null,"source":"OpenStreetMap/node/8905039818","sourceUpdatedAt":null,"verifiedAt":null}},{"type":"Feature","geometry":{"type":"Point","coordinates":[11.0845062,49.4616763]},"properties":{"id":"bikerack:27d24f00-1a0c-49d8-ad1a-2341b5f6c39c","kind":"bikerack","longitude":11.0845062,"latitude":49.4616763,"name":"Fahrradabstellplatz","city":"Nuernberg","address":null,"covered":false,"access":null,"website":null,"phone":null,"source":"OpenStreetMap/way/227193856","sourceUpdatedAt":null,"verifiedAt":null}},{"type":"Feature","geometry":{"type":"Point","coordinates":[11.0814492,49.441412]},"properties":{"id":"bikerack:29aa9813-8bf4-4cd3-96fd-b19ab85df9e9","kind":"bikerack","longitude":11.0814492,"latitude":49.441412,"name":"Fahrradabstellplatz","city":"Nuernberg","address":null,"covered":false,"access":null,"website":null,"phone":null,"source":"OpenStreetMap/node/6800298788","sourceUpdatedAt":null,"verifiedAt":null}},{"type":"Feature","geometry":{"type":"Point","coordinates":[11.0856756,49.4399424]},"properties":{"id":"bikerack:29d6b7bb-fd9c-47a0-a158-3d08a86dd3b3","kind":"bikerack","longitude":11.0856756,"latitude":49.4399424,"name":"Fahrradabstellplatz","city":"Nuernberg","address":null,"covered":false,"access":null,"website":null,"phone":null,"source":"OpenStreetMap/node/3527538544","sourceUpdatedAt":null,"verifiedAt":null}},{"type":"Feature","geometry":{"type":"Point","coordinates":[11.0766791,49.4395792]},"properties":{"id":"bikerack:2a69a0d0-3bd5-43cf-a66a-514fc646432d","kind":"bikerack","longitude":11.0766791,"latitude":49.4395792,"name":"Fahrradabstellplatz","city":"Nuernberg","address":null,"covered":false,"access":null,"website":null,"phone":null,"source":"OpenStreetMap/node/6800298900","sourceUpdatedAt":null,"verifiedAt":null}},{"type":"Feature","geometry":{"type":"Point","coordinates":[11.0951521,49.4436947]},"properties":{"id":"bikerack:2be9ed12-ae83-417a-accf-8bfbea287787","kind":"bikerack","longitude":11.0951521,"latitude":49.4436947,"name":"Fahrradabstellplatz","city":"Nuernberg","address":null,"covered":false,"access":null,"website":null,"phone":null,"source":"OpenStreetMap/node/11815981495","sourceUpdatedAt":null,"verifiedAt":null}},{"type":"Feature","geometry":{"type":"Point","coordinates":[11.0851559,49.4616589]},"properties":{"id":"bikerack:2c082ce1-3827-49f2-b72d-006256d14777","kind":"bikerack","longitude":11.0851559,"latitude":49.4616589,"name":"Fahrradabstellplatz","city":"Nuernberg","address":null,"covered":false,"access":null,"website":null,"phone":null,"source":"OpenStreetMap/node/7235290788","sourceUpdatedAt":null,"verifiedAt":null}},{"type":"Feature","geometry":{"type":"Point","coordinates":[11.0881119,49.4578878]},"properties":{"id":"bikerack:2c6e6d58-5a70-4351-b58f-e98ef38221ff","kind":"bikerack","longitude":11.0881119,"latitude":49.4578878,"name":"Fahrradabstellplatz","city":"Nuernberg","address":null,"covered":false,"access":null,"website":null,"phone":null,"source":"OpenStreetMap/node/6547387406","sourceUpdatedAt":null,"verifiedAt":null}},{"type":"Feature","geometry":{"type":"Point","coordinates":[11.0922958,49.4527601]},"properties":{"id":"bikerack:2c6fed4e-3494-4b9b-90f1-d4c6b2f87adb","kind":"bikerack","longitude":11.0922958,"latitude":49.4527601,"name":"Fahrradabstellplatz","city":"Nuernberg","address":null,"covered":false,"access":null,"website":null,"phone":null,"source":"OpenStreetMap/node/94734633","sourceUpdatedAt":null,"verifiedAt":null}},{"type":"Feature","geometry":{"type":"Point","coordinates":[11.0763689,49.4607826]},"properties":{"id":"bikerack:2caa4a92-11d8-474b-97b5-e2f06c72ed15","kind":"bikerack","longitude":11.0763689,"latitude":49.4607826,"name":"Fahrradabstellplatz","city":"Nuernberg","address":null,"covered":false,"access":null,"website":null,"phone":null,"source":"OpenStreetMap/node/3956326017","sourceUpdatedAt":null,"verifiedAt":null}},{"type":"Feature","geometry":{"type":"Point","coordinates":[11.1022832,49.4615288]},"properties":{"id":"bikerack:2cd4378c-02c5-4a1f-8035-d0ee9626cd98","kind":"bikerack","longitude":11.1022832,"latitude":49.4615288,"name":"Fahrradabstellplatz","city":"Nuernberg","address":null,"covered":false,"access":null,"website":null,"phone":null,"source":"OpenStreetMap/node/7030687487","sourceUpdatedAt":null,"verifiedAt":null}},{"type":"Feature","geometry":{"type":"Point","coordinates":[11.0808093,49.4556904]},"properties":{"id":"bikerack:2d0e5491-e3cf-4362-b893-8290d9e36ffe","kind":"bikerack","longitude":11.0808093,"latitude":49.4556904,"name":"Fahrradabstellplatz","city":"Nuernberg","address":null,"covered":false,"access":null,"website":null,"phone":null,"source":"OpenStreetMap/node/3396911889","sourceUpdatedAt":null,"verifiedAt":null}},{"type":"Feature","geometry":{"type":"Point","coordinates":[11.0859683,49.462878]},"properties":{"id":"bikerack:2ea04dbd-2292-4e7a-8ae2-5bfe6fe5904e","kind":"bikerack","longitude":11.0859683,"latitude":49.462878,"name":"Fahrradabstellplatz","city":"Nuernberg","address":null,"covered":false,"access":null,"website":null,"phone":null,"source":"OpenStreetMap/node/1448016107","sourceUpdatedAt":null,"verifiedAt":null}},{"type":"Feature","geometry":{"type":"Point","coordinates":[11.0858764,49.4630275]},"properties":{"id":"bikerack:2ea5982a-cec8-4832-a1d6-e297588b232d","kind":"bikerack","longitude":11.0858764,"latitude":49.4630275,"name":"Fahrradabstellplatz","city":"Nuernberg","address":null,"covered":false,"access":null,"website":null,"phone":null,"source":"OpenStreetMap/node/6799293287","sourceUpdatedAt":null,"verifiedAt":null}},{"type":"Feature","geometry":{"type":"Point","coordinates":[11.0817343,49.4516334]},"properties":{"id":"bikerack:2ff6d129-402c-4d13-9c4d-e0d3afcc3d8a","kind":"bikerack","longitude":11.0817343,"latitude":49.4516334,"name":"Fahrradabstellplatz","city":"Nuernberg","address":null,"covered":false,"access":null,"website":null,"phone":null,"source":"OpenStreetMap/node/6635532939","sourceUpdatedAt":null,"verifiedAt":null}},{"type":"Feature","geometry":{"type":"Point","coordinates":[11.0951918,49.4438255]},"properties":{"id":"bikerack:302dcce8-e97b-4156-8762-8423c0d1c784","kind":"bikerack","longitude":11.0951918,"latitude":49.4438255,"name":"Fahrradabstellplatz","city":"Nuernberg","address":null,"covered":false,"access":null,"website":null,"phone":null,"source":"OpenStreetMap/node/8952636719","sourceUpdatedAt":null,"verifiedAt":null}},{"type":"Feature","geometry":{"type":"Point","coordinates":[11.0793147,49.4641005]},"properties":{"id":"bikerack:30364c1a-3350-4826-998e-acf18c90f8f0","kind":"bikerack","longitude":11.0793147,"latitude":49.4641005,"name":"Fahrradabstellplatz","city":"Nuernberg","address":null,"covered":false,"access":null,"website":null,"phone":null,"source":"OpenStreetMap/node/7545499119","sourceUpdatedAt":null,"verifiedAt":null}},{"type":"Feature","geometry":{"type":"Point","coordinates":[11.0991007,49.461513]},"properties":{"id":"bikerack:309e12fa-b1e9-456a-94c6-4ea970cb5ec5","kind":"bikerack","longitude":11.0991007,"latitude":49.461513,"name":"Fahrradabstellplatz","city":"Nuernberg","address":null,"covered":false,"access":null,"website":null,"phone":null,"source":"OpenStreetMap/node/765801515","sourceUpdatedAt":null,"verifiedAt":null}},{"type":"Feature","geometry":{"type":"Point","coordinates":[11.0772995,49.4622048]},"properties":{"id":"bikerack:30ab528a-af8b-40ba-b633-598e1b5c9572","kind":"bikerack","longitude":11.0772995,"latitude":49.4622048,"name":"Fahrradabstellplatz","city":"Nuernberg","address":null,"covered":false,"access":null,"website":null,"phone":null,"source":"OpenStreetMap/node/9529634389","sourceUpdatedAt":null,"verifiedAt":null}},{"type":"Feature","geometry":{"type":"Point","coordinates":[11.0827555,49.446817]},"properties":{"id":"bikerack:30e58e8e-b026-45e2-b3e1-28db8ead87d6","kind":"bikerack","longitude":11.0827555,"latitude":49.446817,"name":"Fahrradabstellplatz","city":"Nuernberg","address":null,"covered":false,"access":null,"website":null,"phone":null,"source":"OpenStreetMap/way/433288192","sourceUpdatedAt":null,"verifiedAt":null}},{"type":"Feature","geometry":{"type":"Point","coordinates":[11.0874208,49.4649583]},"properties":{"id":"bikerack:31211666-363a-4fd3-ac3f-d68ce49901de","kind":"bikerack","longitude":11.0874208,"latitude":49.4649583,"name":"Fahrradabstellplatz","city":"Nuernberg","address":null,"covered":false,"access":null,"website":null,"phone":null,"source":"OpenStreetMap/node/10699666172","sourceUpdatedAt":null,"verifiedAt":null}},{"type":"Feature","geometry":{"type":"Point","coordinates":[11.0788533,49.4514881]},"properties":{"id":"bikerack:314593af-b83e-46fe-bb11-0810e4a33e0f","kind":"bikerack","longitude":11.0788533,"latitude":49.4514881,"name":"Fahrradabstellplatz","city":"Nuernberg","address":null,"covered":false,"access":null,"website":null,"phone":null,"source":"OpenStreetMap/node/700175732","sourceUpdatedAt":null,"verifiedAt":null}},{"type":"Feature","geometry":{"type":"Point","coordinates":[11.0853102,49.4480702]},"properties":{"id":"bikerack:326ebd18-a969-46af-89a0-0bdae3bf6d1b","kind":"bikerack","longitude":11.0853102,"latitude":49.4480702,"name":"Fahrradabstellplatz","city":"Nuernberg","address":null,"covered":false,"access":null,"website":null,"phone":null,"source":"OpenStreetMap/node/9859711925","sourceUpdatedAt":null,"verifiedAt":null}},{"type":"Feature","geometry":{"type":"Point","coordinates":[11.1132899,49.440468]},"properties":{"id":"bikerack:32937512-0d2a-437b-8c91-b18fe4e59eba","kind":"bikerack","longitude":11.1132899,"latitude":49.440468,"name":"Fahrradabstellplatz","city":"Nuernberg","address":null,"covered":false,"access":null,"website":null,"phone":null,"source":"OpenStreetMap/way/764232796","sourceUpdatedAt":null,"verifiedAt":null}},{"type":"Feature","geometry":{"type":"Point","coordinates":[11.0861952,49.4641692]},"properties":{"id":"bikerack:32d77f1f-2eba-46df-830a-6642e444c2f7","kind":"bikerack","longitude":11.0861952,"latitude":49.4641692,"name":"Fahrradabstellplatz","city":"Nuernberg","address":null,"covered":false,"access":null,"website":null,"phone":null,"source":"OpenStreetMap/node/8980073520","sourceUpdatedAt":null,"verifiedAt":null}},{"type":"Feature","geometry":{"type":"Point","coordinates":[11.0929717,49.4568024]},"properties":{"id":"bikerack:33a9b27e-c35f-4cc6-8133-6a2413370211","kind":"bikerack","longitude":11.0929717,"latitude":49.4568024,"name":"Fahrradabstellplatz","city":"Nuernberg","address":null,"covered":false,"access":null,"website":null,"phone":null,"source":"OpenStreetMap/node/13319689114","sourceUpdatedAt":null,"verifiedAt":null}},{"type":"Feature","geometry":{"type":"Point","coordinates":[11.0903488,49.4400369]},"properties":{"id":"bikerack:34411148-c71e-4135-a528-6e95fac62b60","kind":"bikerack","longitude":11.0903488,"latitude":49.4400369,"name":"Fahrradabstellplatz","city":"Nuernberg","address":null,"covered":false,"access":null,"website":null,"phone":null,"source":"OpenStreetMap/node/4133984102","sourceUpdatedAt":null,"verifiedAt":null}},{"type":"Feature","geometry":{"type":"Point","coordinates":[11.0851413,49.4579473]},"properties":{"id":"bikerack:34513a2e-a194-4d93-96fa-09c59a04458d","kind":"bikerack","longitude":11.0851413,"latitude":49.4579473,"name":"Fahrradabstellplatz","city":"Nuernberg","address":null,"covered":true,"access":null,"website":null,"phone":null,"source":"OpenStreetMap/node/11442936503","sourceUpdatedAt":null,"verifiedAt":null}},{"type":"Feature","geometry":{"type":"Point","coordinates":[11.0870923,49.4532062]},"properties":{"id":"bikerack:34990cc1-900b-4f86-ba5c-9656298dce14","kind":"bikerack","longitude":11.0870923,"latitude":49.4532062,"name":"Fahrradabstellplatz","city":"Nuernberg","address":null,"covered":false,"access":null,"website":null,"phone":null,"source":"OpenStreetMap/node/2545604617","sourceUpdatedAt":null,"verifiedAt":null}},{"type":"Feature","geometry":{"type":"Point","coordinates":[11.0820937,49.4493121]},"properties":{"id":"bikerack:364bc86a-2a44-40fb-8203-1b31c662d58c","kind":"bikerack","longitude":11.0820937,"latitude":49.4493121,"name":"Fahrradabstellplatz","city":"Nuernberg","address":null,"covered":false,"access":null,"website":null,"phone":null,"source":"OpenStreetMap/node/11819909487","sourceUpdatedAt":null,"verifiedAt":null}},{"type":"Feature","geometry":{"type":"Point","coordinates":[11.0806583,49.4464372]},"properties":{"id":"bikerack:36a1b4fb-97fb-4366-9e66-9b0c81ee5140","kind":"bikerack","longitude":11.0806583,"latitude":49.4464372,"name":"Fahrradabstellplatz","city":"Nuernberg","address":null,"covered":false,"access":null,"website":null,"phone":null,"source":"OpenStreetMap/node/1305553518","sourceUpdatedAt":null,"verifiedAt":null}},{"type":"Feature","geometry":{"type":"Point","coordinates":[11.0784689,49.4640794]},"properties":{"id":"bikerack:372829a3-1c9c-4bba-804a-01640c80d08e","kind":"bikerack","longitude":11.0784689,"latitude":49.4640794,"name":"Fahrradabstellplatz","city":"Nuernberg","address":null,"covered":false,"access":null,"website":null,"phone":null,"source":"OpenStreetMap/node/13101278378","sourceUpdatedAt":null,"verifiedAt":null}},{"type":"Feature","geometry":{"type":"Point","coordinates":[11.0772581,49.4517309]},"properties":{"id":"bikerack:38b4ae47-0252-4dcb-aee4-389bdddce39b","kind":"bikerack","longitude":11.0772581,"latitude":49.4517309,"name":"Fahrradabstellplatz","city":"Nuernberg","address":null,"covered":false,"access":null,"website":null,"phone":null,"source":"OpenStreetMap/way/68324511","sourceUpdatedAt":null,"verifiedAt":null}},{"type":"Feature","geometry":{"type":"Point","coordinates":[11.1005213,49.4647959]},"properties":{"id":"bikerack:38c8ff77-cb30-4486-b648-f6e81ec9814e","kind":"bikerack","longitude":11.1005213,"latitude":49.4647959,"name":"Fahrradabstellplatz","city":"Nuernberg","address":null,"covered":false,"access":null,"website":null,"phone":null,"source":"OpenStreetMap/node/7030687687","sourceUpdatedAt":null,"verifiedAt":null}},{"type":"Feature","geometry":{"type":"Point","coordinates":[11.1092323,49.4590334]},"properties":{"id":"bikerack:39df60ed-9264-44c4-93a9-e7712ac3f6d8","kind":"bikerack","longitude":11.1092323,"latitude":49.4590334,"name":"Fahrradabstellplatz","city":"Nuernberg","address":null,"covered":true,"access":null,"website":null,"phone":null,"source":"OpenStreetMap/node/12451613163","sourceUpdatedAt":null,"verifiedAt":null}},{"type":"Feature","geometry":{"type":"Point","coordinates":[11.0798155,49.4642909]},"properties":{"id":"bikerack:3a416988-8b2d-4886-acb8-13b0b93c2fc7","kind":"bikerack","longitude":11.0798155,"latitude":49.4642909,"name":"Fahrradabstellplatz","city":"Nuernberg","address":null,"covered":false,"access":null,"website":null,"phone":null,"source":"OpenStreetMap/node/7545510907","sourceUpdatedAt":null,"verifiedAt":null}},{"type":"Feature","geometry":{"type":"Point","coordinates":[11.1144267,49.4612678]},"properties":{"id":"bikerack:3be4240d-1484-4232-b5b3-91b0d4a99307","kind":"bikerack","longitude":11.1144267,"latitude":49.4612678,"name":"Fahrradabstellplatz","city":"Nuernberg","address":null,"covered":false,"access":null,"website":null,"phone":null,"source":"OpenStreetMap/way/1273616565","sourceUpdatedAt":null,"verifiedAt":null}},{"type":"Feature","geometry":{"type":"Point","coordinates":[11.0830714,49.4518261]},"properties":{"id":"bikerack:3c2117d9-3bdd-4881-bcdb-73e8b23f8dc8","kind":"bikerack","longitude":11.0830714,"latitude":49.4518261,"name":"Fahrradabstellplatz","city":"Nuernberg","address":null,"covered":false,"access":null,"website":null,"phone":null,"source":"OpenStreetMap/node/6409861397","sourceUpdatedAt":null,"verifiedAt":null}},{"type":"Feature","geometry":{"type":"Point","coordinates":[11.1022074,49.4571511]},"properties":{"id":"bikerack:3d2e1b1a-edf8-4c1c-a7cf-c122d55e6d98","kind":"bikerack","longitude":11.1022074,"latitude":49.4571511,"name":"Fahrradabstellplatz","city":"Nuernberg","address":null,"covered":false,"access":null,"website":null,"phone":null,"source":"OpenStreetMap/node/11093294605","sourceUpdatedAt":null,"verifiedAt":null}},{"type":"Feature","geometry":{"type":"Point","coordinates":[11.0816735,49.4498684]},"properties":{"id":"bikerack:3d7a0172-2277-452a-8ca1-80c7bd6e39a0","kind":"bikerack","longitude":11.0816735,"latitude":49.4498684,"name":"Fahrradabstellplatz","city":"Nuernberg","address":null,"covered":true,"access":null,"website":null,"phone":null,"source":"OpenStreetMap/node/2470537065","sourceUpdatedAt":null,"verifiedAt":null}},{"type":"Feature","geometry":{"type":"Point","coordinates":[11.0820555,49.4480132]},"properties":{"id":"bikerack:3e6b172a-ed83-47d5-b219-b5531c13ac98","kind":"bikerack","longitude":11.0820555,"latitude":49.4480132,"name":"Fahrradabstellplatz","city":"Nuernberg","address":null,"covered":false,"access":null,"website":null,"phone":null,"source":"OpenStreetMap/way/68324516","sourceUpdatedAt":null,"verifiedAt":null}},{"type":"Feature","geometry":{"type":"Point","coordinates":[11.0889213,49.4648952]},"properties":{"id":"bikerack:3ead6f0b-8e3e-4450-a034-9f513c859826","kind":"bikerack","longitude":11.0889213,"latitude":49.4648952,"name":"Fahrradabstellplatz","city":"Nuernberg","address":null,"covered":false,"access":null,"website":null,"phone":null,"source":"OpenStreetMap/node/10697384304","sourceUpdatedAt":null,"verifiedAt":null}},{"type":"Feature","geometry":{"type":"Point","coordinates":[11.0813843,49.4422533]},"properties":{"id":"bikerack:3eb853fa-8a3b-4f2c-9160-c04e4cbdd267","kind":"bikerack","longitude":11.0813843,"latitude":49.4422533,"name":"Fahrradabstellplatz","city":"Nuernberg","address":null,"covered":false,"access":null,"website":null,"phone":null,"source":"OpenStreetMap/node/10674827444","sourceUpdatedAt":null,"verifiedAt":null}},{"type":"Feature","geometry":{"type":"Point","coordinates":[11.0851178,49.4567305]},"properties":{"id":"bikerack:3f47b90c-514c-419e-b03d-36a4eed9b864","kind":"bikerack","longitude":11.0851178,"latitude":49.4567305,"name":"Fahrradabstellplatz","city":"Nuernberg","address":null,"covered":false,"access":null,"website":null,"phone":null,"source":"OpenStreetMap/node/1994499806","sourceUpdatedAt":null,"verifiedAt":null}},{"type":"Feature","geometry":{"type":"Point","coordinates":[11.0921389,49.444385]},"properties":{"id":"bikerack:3f6b1ca5-79fb-4018-8645-1b22602221b9","kind":"bikerack","longitude":11.0921389,"latitude":49.444385,"name":"Fahrradabstellplatz","city":"Nuernberg","address":null,"covered":false,"access":null,"website":null,"phone":null,"source":"OpenStreetMap/node/11480653699","sourceUpdatedAt":null,"verifiedAt":null}},{"type":"Feature","geometry":{"type":"Point","coordinates":[11.0830975,49.4438861]},"properties":{"id":"bikerack:3f8b499c-87a8-443f-b5b8-61a8234c156c","kind":"bikerack","longitude":11.0830975,"latitude":49.4438861,"name":"Fahrradabstellplatz","city":"Nuernberg","address":null,"covered":false,"access":null,"website":null,"phone":null,"source":"OpenStreetMap/node/6810310490","sourceUpdatedAt":null,"verifiedAt":null}},{"type":"Feature","geometry":{"type":"Point","coordinates":[11.0892823,49.4539219]},"properties":{"id":"bikerack:3fe02afc-5863-461e-b190-5512bb24efb3","kind":"bikerack","longitude":11.0892823,"latitude":49.4539219,"name":"Fahrradabstellplatz","city":"Nuernberg","address":null,"covered":false,"access":null,"website":null,"phone":null,"source":"OpenStreetMap/node/13633156899","sourceUpdatedAt":null,"verifiedAt":null}},{"type":"Feature","geometry":{"type":"Point","coordinates":[11.0873284,49.4648987]},"properties":{"id":"bikerack:404d7c88-31eb-4521-af17-ea370355e618","kind":"bikerack","longitude":11.0873284,"latitude":49.4648987,"name":"Fahrradabstellplatz","city":"Nuernberg","address":null,"covered":false,"access":null,"website":null,"phone":null,"source":"OpenStreetMap/node/10699668852","sourceUpdatedAt":null,"verifiedAt":null}},{"type":"Feature","geometry":{"type":"Point","coordinates":[11.0923237,49.4533295]},"properties":{"id":"bikerack:410384ae-dba9-48e3-932f-ad593da84850","kind":"bikerack","longitude":11.0923237,"latitude":49.4533295,"name":"Fahrradabstellplatz","city":"Nuernberg","address":null,"covered":false,"access":null,"website":null,"phone":null,"source":"OpenStreetMap/node/13633187073","sourceUpdatedAt":null,"verifiedAt":null}},{"type":"Feature","geometry":{"type":"Point","coordinates":[11.0849038,49.4574106]},"properties":{"id":"bikerack:4267b8e6-b372-40a7-bc44-8931f906da0e","kind":"bikerack","longitude":11.0849038,"latitude":49.4574106,"name":"Fahrradabstellplatz","city":"Nuernberg","address":null,"covered":false,"access":null,"website":null,"phone":null,"source":"OpenStreetMap/node/767323644","sourceUpdatedAt":null,"verifiedAt":null}},{"type":"Feature","geometry":{"type":"Point","coordinates":[11.1112001,49.4524243]},"properties":{"id":"bikerack:4301df25-50f2-4f4c-b5b1-b4987dc14e65","kind":"bikerack","longitude":11.1112001,"latitude":49.4524243,"name":"Fahrradabstellplatz","city":"Nuernberg","address":null,"covered":false,"access":null,"website":null,"phone":null,"source":"OpenStreetMap/way/1334546185","sourceUpdatedAt":null,"verifiedAt":null}},{"type":"Feature","geometry":{"type":"Point","coordinates":[11.08401,49.4642945]},"properties":{"id":"bikerack:43499c9a-7d99-472d-963f-507dceab72b8","kind":"bikerack","longitude":11.08401,"latitude":49.4642945,"name":"Fahrradabstellplatz","city":"Nuernberg","address":null,"covered":false,"access":null,"website":null,"phone":null,"source":"OpenStreetMap/node/10699677920","sourceUpdatedAt":null,"verifiedAt":null}},{"type":"Feature","geometry":{"type":"Point","coordinates":[11.1024314,49.4572521]},"properties":{"id":"bikerack:43af6f5d-1e07-47dd-9bcf-bc4a80337d0d","kind":"bikerack","longitude":11.1024314,"latitude":49.4572521,"name":"Fahrradabstellplatz","city":"Nuernberg","address":null,"covered":false,"access":null,"website":null,"phone":null,"source":"OpenStreetMap/node/11093293306","sourceUpdatedAt":null,"verifiedAt":null}},{"type":"Feature","geometry":{"type":"Point","coordinates":[11.0757946,49.4653592]},"properties":{"id":"bikerack:43b6c43a-681a-4b32-ac74-60bd43473b86","kind":"bikerack","longitude":11.0757946,"latitude":49.4653592,"name":"Fahrradabstellplatz","city":"Nuernberg","address":null,"covered":false,"access":null,"website":null,"phone":null,"source":"OpenStreetMap/way/69271029","sourceUpdatedAt":null,"verifiedAt":null}},{"type":"Feature","geometry":{"type":"Point","coordinates":[11.0896411,49.457293]},"properties":{"id":"bikerack:43f9f6f9-4dca-472b-bfe8-3f952a359cf2","kind":"bikerack","longitude":11.0896411,"latitude":49.457293,"name":"Fahrradabstellplatz","city":"Nuernberg","address":null,"covered":false,"access":null,"website":null,"phone":null,"source":"OpenStreetMap/node/12231645614","sourceUpdatedAt":null,"verifiedAt":null}},{"type":"Feature","geometry":{"type":"Point","coordinates":[11.0879567,49.442096]},"properties":{"id":"bikerack:444b430b-2f0c-4ec8-80aa-a7486e3276b9","kind":"bikerack","longitude":11.0879567,"latitude":49.442096,"name":"Fahrradabstellplatz","city":"Nuernberg","address":null,"covered":false,"access":null,"website":null,"phone":null,"source":"OpenStreetMap/node/4748280397","sourceUpdatedAt":null,"verifiedAt":null}},{"type":"Feature","geometry":{"type":"Point","coordinates":[11.0793534,49.4417973]},"properties":{"id":"bikerack:444be20d-2b06-40b0-8154-ea6f97ef3646","kind":"bikerack","longitude":11.0793534,"latitude":49.4417973,"name":"Fahrradabstellplatz","city":"Nuernberg","address":null,"covered":false,"access":null,"website":null,"phone":null,"source":"OpenStreetMap/node/10671132483","sourceUpdatedAt":null,"verifiedAt":null}},{"type":"Feature","geometry":{"type":"Point","coordinates":[11.089245,49.4666604]},"properties":{"id":"bikerack:4550e9e4-b9e6-4258-b7b2-d5e4b31f682f","kind":"bikerack","longitude":11.089245,"latitude":49.4666604,"name":"Fahrradabstellplatz","city":"Nuernberg","address":null,"covered":false,"access":null,"website":null,"phone":null,"source":"OpenStreetMap/node/12666643258","sourceUpdatedAt":null,"verifiedAt":null}},{"type":"Feature","geometry":{"type":"Point","coordinates":[11.090598,49.4535886]},"properties":{"id":"bikerack:45ddd464-7a7f-435a-a2e6-929d4e197434","kind":"bikerack","longitude":11.090598,"latitude":49.4535886,"name":"Fahrradabstellplatz","city":"Nuernberg","address":null,"covered":false,"access":null,"website":null,"phone":null,"source":"OpenStreetMap/node/13633207959","sourceUpdatedAt":null,"verifiedAt":null}},{"type":"Feature","geometry":{"type":"Point","coordinates":[11.08949,49.4565575]},"properties":{"id":"bikerack:473ad538-cd71-4eb5-8e9b-b6bf3c61ded1","kind":"bikerack","longitude":11.08949,"latitude":49.4565575,"name":"Fahrradabstellplatz","city":"Nuernberg","address":null,"covered":false,"access":null,"website":null,"phone":null,"source":"OpenStreetMap/node/13319689117","sourceUpdatedAt":null,"verifiedAt":null}},{"type":"Feature","geometry":{"type":"Point","coordinates":[11.0996139,49.4536272]},"properties":{"id":"bikerack:4872dc52-b431-44cb-9e1e-3ceacfc842c7","kind":"bikerack","longitude":11.0996139,"latitude":49.4536272,"name":"Fahrradabstellplatz","city":"Nuernberg","address":null,"covered":false,"access":null,"website":null,"phone":null,"source":"OpenStreetMap/node/7967495518","sourceUpdatedAt":null,"verifiedAt":null}},{"type":"Feature","geometry":{"type":"Point","coordinates":[11.0843499,49.448932]},"properties":{"id":"bikerack:4a6d2e81-4e4b-462b-aede-9a80ef17ead7","kind":"bikerack","longitude":11.0843499,"latitude":49.448932,"name":"Fahrradabstellplatz","city":"Nuernberg","address":null,"covered":false,"access":null,"website":null,"phone":null,"source":"OpenStreetMap/node/9205038422","sourceUpdatedAt":null,"verifiedAt":null}},{"type":"Feature","geometry":{"type":"Point","coordinates":[11.0984725,49.4595473]},"properties":{"id":"bikerack:4b138213-006a-43d4-afa3-db7bb4d101ee","kind":"bikerack","longitude":11.0984725,"latitude":49.4595473,"name":"Fahrradabstellplatz","city":"Nuernberg","address":null,"covered":true,"access":null,"website":null,"phone":null,"source":"OpenStreetMap/node/119181891","sourceUpdatedAt":null,"verifiedAt":null}},{"type":"Feature","geometry":{"type":"Point","coordinates":[11.0815409,49.447096]},"properties":{"id":"bikerack:4c28607d-8b7b-4d5d-a688-6e010579fb2c","kind":"bikerack","longitude":11.0815409,"latitude":49.447096,"name":"Fahrradabstellplatz","city":"Nuernberg","address":null,"covered":false,"access":null,"website":null,"phone":null,"source":"OpenStreetMap/node/1994499750","sourceUpdatedAt":null,"verifiedAt":null}},{"type":"Feature","geometry":{"type":"Point","coordinates":[11.0799341,49.4634115]},"properties":{"id":"bikerack:4c4d567f-af9d-4b50-b3d3-ab6a5e308ae1","kind":"bikerack","longitude":11.0799341,"latitude":49.4634115,"name":"Fahrradabstellplatz","city":"Nuernberg","address":null,"covered":false,"access":null,"website":null,"phone":null,"source":"OpenStreetMap/node/7545502516","sourceUpdatedAt":null,"verifiedAt":null}},{"type":"Feature","geometry":{"type":"Point","coordinates":[11.0768952,49.4578726]},"properties":{"id":"bikerack:4c5f4e8f-6b71-4dc4-b90d-fc9c20b83c21","kind":"bikerack","longitude":11.0768952,"latitude":49.4578726,"name":"Fahrradabstellplatz","city":"Nuernberg","address":null,"covered":false,"access":null,"website":null,"phone":null,"source":"OpenStreetMap/node/12894664530","sourceUpdatedAt":null,"verifiedAt":null}},{"type":"Feature","geometry":{"type":"Point","coordinates":[11.0849556,49.4526116]},"properties":{"id":"bikerack:4cfe10e3-9613-4428-8792-eae749e1dd34","kind":"bikerack","longitude":11.0849556,"latitude":49.4526116,"name":"Fahrradabstellplatz","city":"Nuernberg","address":null,"covered":false,"access":null,"website":null,"phone":null,"source":"OpenStreetMap/node/6635534334","sourceUpdatedAt":null,"verifiedAt":null}},{"type":"Feature","geometry":{"type":"Point","coordinates":[11.081401,49.4411833]},"properties":{"id":"bikerack:4f0b7dc3-ab81-4215-8417-11f56e4d68d7","kind":"bikerack","longitude":11.081401,"latitude":49.4411833,"name":"Fahrradabstellplatz","city":"Nuernberg","address":null,"covered":false,"access":null,"website":null,"phone":null,"source":"OpenStreetMap/node/6800298789","sourceUpdatedAt":null,"verifiedAt":null}},{"type":"Feature","geometry":{"type":"Point","coordinates":[11.0746345,49.4530601]},"properties":{"id":"bikerack:4f202043-80f6-41b1-9938-fa8c8114003a","kind":"bikerack","longitude":11.0746345,"latitude":49.4530601,"name":"Fahrradabstellplatz","city":"Nuernberg","address":null,"covered":false,"access":null,"website":null,"phone":null,"source":"OpenStreetMap/node/13252941828","sourceUpdatedAt":null,"verifiedAt":null}},{"type":"Feature","geometry":{"type":"Point","coordinates":[11.0959106,49.4403614]},"properties":{"id":"bikerack:4fde2b37-88ba-4c82-ba56-6ccf5e30d08d","kind":"bikerack","longitude":11.0959106,"latitude":49.4403614,"name":"Fahrradabstellplatz","city":"Nuernberg","address":null,"covered":false,"access":null,"website":null,"phone":null,"source":"OpenStreetMap/node/11816011178","sourceUpdatedAt":null,"verifiedAt":null}},{"type":"Feature","geometry":{"type":"Point","coordinates":[11.0825582,49.4620873]},"properties":{"id":"bikerack:50202224-cb6b-428f-819d-c754136a1cea","kind":"bikerack","longitude":11.0825582,"latitude":49.4620873,"name":"Fahrradabstellplatz","city":"Nuernberg","address":null,"covered":false,"access":null,"website":null,"phone":null,"source":"OpenStreetMap/node/6755559397","sourceUpdatedAt":null,"verifiedAt":null}},{"type":"Feature","geometry":{"type":"Point","coordinates":[11.0959708,49.4528418]},"properties":{"id":"bikerack:50272046-cb44-455c-91f9-d5cf3330e3bd","kind":"bikerack","longitude":11.0959708,"latitude":49.4528418,"name":"Fahrradabstellplatz","city":"Nuernberg","address":null,"covered":false,"access":null,"website":null,"phone":null,"source":"OpenStreetMap/node/13019804309","sourceUpdatedAt":null,"verifiedAt":null}},{"type":"Feature","geometry":{"type":"Point","coordinates":[11.1057829,49.458404]},"properties":{"id":"bikerack:50fec6e1-a020-4cdc-98b1-d91094197ae0","kind":"bikerack","longitude":11.1057829,"latitude":49.458404,"name":"Fahrradabstellplatz","city":"Nuernberg","address":null,"covered":false,"access":null,"website":null,"phone":null,"source":"OpenStreetMap/node/11093284505","sourceUpdatedAt":null,"verifiedAt":null}},{"type":"Feature","geometry":{"type":"Point","coordinates":[11.0887865,49.4659191]},"properties":{"id":"bikerack:5125694c-99f5-4ec5-a990-8ab5e1dba8d0","kind":"bikerack","longitude":11.0887865,"latitude":49.4659191,"name":"Fahrradabstellplatz","city":"Nuernberg","address":null,"covered":false,"access":null,"website":null,"phone":null,"source":"OpenStreetMap/node/10692657460","sourceUpdatedAt":null,"verifiedAt":null}},{"type":"Feature","geometry":{"type":"Point","coordinates":[11.0959035,49.4536228]},"properties":{"id":"bikerack:51d3ba9d-e57c-40b1-863a-e197c1590c7a","kind":"bikerack","longitude":11.0959035,"latitude":49.4536228,"name":"Fahrradabstellplatz","city":"Nuernberg","address":null,"covered":false,"access":null,"website":null,"phone":null,"source":"OpenStreetMap/node/11093194205","sourceUpdatedAt":null,"verifiedAt":null}},{"type":"Feature","geometry":{"type":"Point","coordinates":[11.1109674,49.4641523]},"properties":{"id":"bikerack:530be15a-6a67-4e21-8634-f6eced4c407b","kind":"bikerack","longitude":11.1109674,"latitude":49.4641523,"name":"Fahrradabstellplatz","city":"Nuernberg","address":null,"covered":false,"access":null,"website":null,"phone":null,"source":"OpenStreetMap/node/12997603463","sourceUpdatedAt":null,"verifiedAt":null}},{"type":"Feature","geometry":{"type":"Point","coordinates":[11.0888576,49.4648453]},"properties":{"id":"bikerack:530d3bc1-adb1-4b8e-b36c-beb94bbf173d","kind":"bikerack","longitude":11.0888576,"latitude":49.4648453,"name":"Fahrradabstellplatz","city":"Nuernberg","address":null,"covered":false,"access":null,"website":null,"phone":null,"source":"OpenStreetMap/node/10697394405","sourceUpdatedAt":null,"verifiedAt":null}},{"type":"Feature","geometry":{"type":"Point","coordinates":[11.0977048,49.4463326]},"properties":{"id":"bikerack:54549dca-35c3-4ee1-8c7e-7f91ef3fbc35","kind":"bikerack","longitude":11.0977048,"latitude":49.4463326,"name":"Fahrradabstellplatz","city":"Nuernberg","address":null,"covered":false,"access":null,"website":null,"phone":null,"source":"OpenStreetMap/node/11815983206","sourceUpdatedAt":null,"verifiedAt":null}},{"type":"Feature","geometry":{"type":"Point","coordinates":[11.1053504,49.4661954]},"properties":{"id":"bikerack:54954d3c-e328-4ae4-a787-368e6f49868e","kind":"bikerack","longitude":11.1053504,"latitude":49.4661954,"name":"Fahrradabstellplatz","city":"Nuernberg","address":null,"covered":false,"access":null,"website":null,"phone":null,"source":"OpenStreetMap/node/12857022451","sourceUpdatedAt":null,"verifiedAt":null}},{"type":"Feature","geometry":{"type":"Point","coordinates":[11.0986332,49.4404114]},"properties":{"id":"bikerack:549af729-28de-4238-a020-b985d5636ba8","kind":"bikerack","longitude":11.0986332,"latitude":49.4404114,"name":"Fahrradabstellplatz","city":"Nuernberg","address":null,"covered":false,"access":null,"website":null,"phone":null,"source":"OpenStreetMap/node/6576509126","sourceUpdatedAt":null,"verifiedAt":null}},{"type":"Feature","geometry":{"type":"Point","coordinates":[11.0760477,49.4535153]},"properties":{"id":"bikerack:55775755-fbf3-428d-81de-d53c37c4c3c7","kind":"bikerack","longitude":11.0760477,"latitude":49.4535153,"name":"Fahrradabstellplatz","city":"Nuernberg","address":null,"covered":false,"access":null,"website":null,"phone":null,"source":"OpenStreetMap/node/9770667151","sourceUpdatedAt":null,"verifiedAt":null}},{"type":"Feature","geometry":{"type":"Point","coordinates":[11.0822667,49.4632477]},"properties":{"id":"bikerack:55c6805e-c326-4e35-b05b-579b7ccb1bf6","kind":"bikerack","longitude":11.0822667,"latitude":49.4632477,"name":"Fahrradabstellplatz","city":"Nuernberg","address":null,"covered":false,"access":null,"website":null,"phone":null,"source":"OpenStreetMap/node/7281248786","sourceUpdatedAt":null,"verifiedAt":null}},{"type":"Feature","geometry":{"type":"Point","coordinates":[11.085855,49.4397471]},"properties":{"id":"bikerack:56d18a36-a17d-4b3d-8879-a9739607711b","kind":"bikerack","longitude":11.085855,"latitude":49.4397471,"name":"Fahrradabstellplatz","city":"Nuernberg","address":null,"covered":false,"access":null,"website":null,"phone":null,"source":"OpenStreetMap/node/7301998485","sourceUpdatedAt":null,"verifiedAt":null}},{"type":"Feature","geometry":{"type":"Point","coordinates":[11.0849294,49.4494504]},"properties":{"id":"bikerack:56e74d07-3697-43c3-a6df-079e29f1be4d","kind":"bikerack","longitude":11.0849294,"latitude":49.4494504,"name":"Fahrradabstellplatz","city":"Nuernberg","address":null,"covered":false,"access":null,"website":null,"phone":null,"source":"OpenStreetMap/node/12083519437","sourceUpdatedAt":null,"verifiedAt":null}},{"type":"Feature","geometry":{"type":"Point","coordinates":[11.0957704,49.4492087]},"properties":{"id":"bikerack:58c31b8e-7051-4210-b5c7-94081710a429","kind":"bikerack","longitude":11.0957704,"latitude":49.4492087,"name":"Fahrradabstellplatz","city":"Nuernberg","address":null,"covered":true,"access":null,"website":null,"phone":null,"source":"OpenStreetMap/way/1333312222","sourceUpdatedAt":null,"verifiedAt":null}},{"type":"Feature","geometry":{"type":"Point","coordinates":[11.0894804,49.4493895]},"properties":{"id":"bikerack:591adfcb-3b47-41cc-8b77-b407e06694a2","kind":"bikerack","longitude":11.0894804,"latitude":49.4493895,"name":"Fahrradabstellplatz","city":"Nuernberg","address":null,"covered":false,"access":null,"website":null,"phone":null,"source":"OpenStreetMap/node/12093547930","sourceUpdatedAt":null,"verifiedAt":null}},{"type":"Feature","geometry":{"type":"Point","coordinates":[11.0806983,49.4473521]},"properties":{"id":"bikerack:594944bc-bcf9-4519-b6cd-9590cad39ec7","kind":"bikerack","longitude":11.0806983,"latitude":49.4473521,"name":"Fahrradabstellplatz","city":"Nuernberg","address":null,"covered":false,"access":null,"website":null,"phone":null,"source":"OpenStreetMap/node/6635520953","sourceUpdatedAt":null,"verifiedAt":null}},{"type":"Feature","geometry":{"type":"Point","coordinates":[11.0747165,49.463205]},"properties":{"id":"bikerack:5a3cdeec-1b2e-43ac-a46a-549c5a5eda0b","kind":"bikerack","longitude":11.0747165,"latitude":49.463205,"name":"Fahrradabstellplatz","city":"Nuernberg","address":null,"covered":false,"access":null,"website":null,"phone":null,"source":"OpenStreetMap/node/10693019579","sourceUpdatedAt":null,"verifiedAt":null}},{"type":"Feature","geometry":{"type":"Point","coordinates":[11.0922826,49.4522726]},"properties":{"id":"bikerack:5c57ed1e-0a97-4d4c-a5ed-98174bbd2a93","kind":"bikerack","longitude":11.0922826,"latitude":49.4522726,"name":"Fahrradabstellplatz","city":"Nuernberg","address":null,"covered":false,"access":null,"website":null,"phone":null,"source":"OpenStreetMap/way/10691339","sourceUpdatedAt":null,"verifiedAt":null}},{"type":"Feature","geometry":{"type":"Point","coordinates":[11.0756188,49.4633123]},"properties":{"id":"bikerack:5c5c5d79-385d-4be6-8eb0-0734a154b236","kind":"bikerack","longitude":11.0756188,"latitude":49.4633123,"name":"Fahrradabstellplatz","city":"Nuernberg","address":null,"covered":false,"access":null,"website":null,"phone":null,"source":"OpenStreetMap/node/9534467402","sourceUpdatedAt":null,"verifiedAt":null}},{"type":"Feature","geometry":{"type":"Point","coordinates":[11.0787827,49.4531631]},"properties":{"id":"bikerack:5c5cec11-508a-4c84-b852-1e82df1acc43","kind":"bikerack","longitude":11.0787827,"latitude":49.4531631,"name":"Fahrradabstellplatz","city":"Nuernberg","address":null,"covered":false,"access":null,"website":null,"phone":null,"source":"OpenStreetMap/way/68324512","sourceUpdatedAt":null,"verifiedAt":null}},{"type":"Feature","geometry":{"type":"Point","coordinates":[11.0966784,49.4459587]},"properties":{"id":"bikerack:5ce93444-6766-4d28-aa15-3b28000db49d","kind":"bikerack","longitude":11.0966784,"latitude":49.4459587,"name":"Fahrradabstellplatz","city":"Nuernberg","address":null,"covered":false,"access":null,"website":null,"phone":null,"source":"OpenStreetMap/node/11815816644","sourceUpdatedAt":null,"verifiedAt":null}},{"type":"Feature","geometry":{"type":"Point","coordinates":[11.0823663,49.4624443]},"properties":{"id":"bikerack:5da8b3f4-18b9-4b0c-93a7-8f96aff38d19","kind":"bikerack","longitude":11.0823663,"latitude":49.4624443,"name":"Fahrradabstellplatz","city":"Nuernberg","address":null,"covered":false,"access":null,"website":null,"phone":null,"source":"OpenStreetMap/node/8953083119","sourceUpdatedAt":null,"verifiedAt":null}},{"type":"Feature","geometry":{"type":"Point","coordinates":[11.0807571,49.4481574]},"properties":{"id":"bikerack:5e139176-770f-4639-8ca9-d8eb9152df9c","kind":"bikerack","longitude":11.0807571,"latitude":49.4481574,"name":"Fahrradabstellplatz","city":"Nuernberg","address":null,"covered":false,"access":null,"website":null,"phone":null,"source":"OpenStreetMap/node/13609595934","sourceUpdatedAt":null,"verifiedAt":null}},{"type":"Feature","geometry":{"type":"Point","coordinates":[11.08217,49.4623981]},"properties":{"id":"bikerack:5e790fc1-1aaf-452b-85da-b16d23733230","kind":"bikerack","longitude":11.08217,"latitude":49.4623981,"name":"Fahrradabstellplatz","city":"Nuernberg","address":null,"covered":false,"access":null,"website":null,"phone":null,"source":"OpenStreetMap/node/8953118618","sourceUpdatedAt":null,"verifiedAt":null}},{"type":"Feature","geometry":{"type":"Point","coordinates":[11.0894479,49.4667293]},"properties":{"id":"bikerack:5e8c299e-47c3-4429-bc13-1da297cfc59b","kind":"bikerack","longitude":11.0894479,"latitude":49.4667293,"name":"Fahrradabstellplatz","city":"Nuernberg","address":null,"covered":false,"access":null,"website":null,"phone":null,"source":"OpenStreetMap/node/12666643264","sourceUpdatedAt":null,"verifiedAt":null}},{"type":"Feature","geometry":{"type":"Point","coordinates":[11.0800028,49.4481879]},"properties":{"id":"bikerack:5edd19c2-8c7f-4178-90ca-39dae0d1f1e1","kind":"bikerack","longitude":11.0800028,"latitude":49.4481879,"name":"Fahrradabstellplatz","city":"Nuernberg","address":null,"covered":false,"access":null,"website":null,"phone":null,"source":"OpenStreetMap/node/11813635505","sourceUpdatedAt":null,"verifiedAt":null}},{"type":"Feature","geometry":{"type":"Point","coordinates":[11.0889146,49.4424081]},"properties":{"id":"bikerack:617e2238-173f-407f-be55-f2e28b5ce1c1","kind":"bikerack","longitude":11.0889146,"latitude":49.4424081,"name":"Fahrradabstellplatz","city":"Nuernberg","address":null,"covered":false,"access":null,"website":null,"phone":null,"source":"OpenStreetMap/node/3527538555","sourceUpdatedAt":null,"verifiedAt":null}},{"type":"Feature","geometry":{"type":"Point","coordinates":[11.0941929,49.4419287]},"properties":{"id":"bikerack:61a865d9-38c9-48b9-81c2-142272332f99","kind":"bikerack","longitude":11.0941929,"latitude":49.4419287,"name":"Fahrradabstellplatz","city":"Nuernberg","address":null,"covered":false,"access":null,"website":null,"phone":null,"source":"OpenStreetMap/node/8952640218","sourceUpdatedAt":null,"verifiedAt":null}},{"type":"Feature","geometry":{"type":"Point","coordinates":[11.0814292,49.4491446]},"properties":{"id":"bikerack:61b3de59-e807-4cca-8cd4-a1fd5c337417","kind":"bikerack","longitude":11.0814292,"latitude":49.4491446,"name":"Fahrradabstellplatz","city":"Nuernberg","address":null,"covered":false,"access":null,"website":null,"phone":null,"source":"OpenStreetMap/node/9765031025","sourceUpdatedAt":null,"verifiedAt":null}},{"type":"Feature","geometry":{"type":"Point","coordinates":[11.0842237,49.4588828]},"properties":{"id":"bikerack:61bb6df2-bb21-4b96-b9c4-c35c0d63cfd8","kind":"bikerack","longitude":11.0842237,"latitude":49.4588828,"name":"Fahrradabstellplatz","city":"Nuernberg","address":null,"covered":false,"access":null,"website":null,"phone":null,"source":"OpenStreetMap/way/188828398","sourceUpdatedAt":null,"verifiedAt":null}},{"type":"Feature","geometry":{"type":"Point","coordinates":[11.116237,49.4546129]},"properties":{"id":"bikerack:625169cb-6fe3-43cb-909a-1d9f79e6d253","kind":"bikerack","longitude":11.116237,"latitude":49.4546129,"name":"Fahrradabstellplatz","city":"Nuernberg","address":null,"covered":false,"access":null,"website":null,"phone":null,"source":"OpenStreetMap/node/2634787527","sourceUpdatedAt":null,"verifiedAt":null}},{"type":"Feature","geometry":{"type":"Point","coordinates":[11.0842061,49.4607581]},"properties":{"id":"bikerack:62e2abf0-a208-409f-b011-49f9854d8a9f","kind":"bikerack","longitude":11.0842061,"latitude":49.4607581,"name":"Fahrradabstellplatz","city":"Nuernberg","address":null,"covered":false,"access":null,"website":null,"phone":null,"source":"OpenStreetMap/node/6620379745","sourceUpdatedAt":null,"verifiedAt":null}},{"type":"Feature","geometry":{"type":"Point","coordinates":[11.0911406,49.4567462]},"properties":{"id":"bikerack:6317abf7-988b-4ff3-b08f-1785c5d55e6d","kind":"bikerack","longitude":11.0911406,"latitude":49.4567462,"name":"Fahrradabstellplatz","city":"Nuernberg","address":null,"covered":false,"access":null,"website":null,"phone":null,"source":"OpenStreetMap/node/13319689116","sourceUpdatedAt":null,"verifiedAt":null}},{"type":"Feature","geometry":{"type":"Point","coordinates":[11.1103924,49.4444929]},"properties":{"id":"bikerack:635fcc53-4911-40c9-8228-d1ffbb587306","kind":"bikerack","longitude":11.1103924,"latitude":49.4444929,"name":"Fahrradabstellplatz","city":"Nuernberg","address":null,"covered":false,"access":null,"website":null,"phone":null,"source":"OpenStreetMap/node/2617466382","sourceUpdatedAt":null,"verifiedAt":null}},{"type":"Feature","geometry":{"type":"Point","coordinates":[11.0801924,49.446347]},"properties":{"id":"bikerack:63e56d8c-9ebb-44ff-b5db-730a793cc414","kind":"bikerack","longitude":11.0801924,"latitude":49.446347,"name":"Fahrradabstellplatz","city":"Nuernberg","address":null,"covered":false,"access":null,"website":null,"phone":null,"source":"OpenStreetMap/way/68324496","sourceUpdatedAt":null,"verifiedAt":null}},{"type":"Feature","geometry":{"type":"Point","coordinates":[11.0973107,49.4585934]},"properties":{"id":"bikerack:6400c1f6-d148-47a8-bb18-70ba61f5bf83","kind":"bikerack","longitude":11.0973107,"latitude":49.4585934,"name":"Fahrradabstellplatz","city":"Nuernberg","address":null,"covered":false,"access":null,"website":null,"phone":null,"source":"OpenStreetMap/node/1476875936","sourceUpdatedAt":null,"verifiedAt":null}},{"type":"Feature","geometry":{"type":"Point","coordinates":[11.0806831,49.4556896]},"properties":{"id":"bikerack:64b7eafe-9319-438d-9572-25c951b752bf","kind":"bikerack","longitude":11.0806831,"latitude":49.4556896,"name":"Fahrradabstellplatz","city":"Nuernberg","address":null,"covered":false,"access":null,"website":null,"phone":null,"source":"OpenStreetMap/node/3396911888","sourceUpdatedAt":null,"verifiedAt":null}},{"type":"Feature","geometry":{"type":"Point","coordinates":[11.0774742,49.4556492]},"properties":{"id":"bikerack:64cd80c4-ea14-4507-b423-fb28d5ad94f6","kind":"bikerack","longitude":11.0774742,"latitude":49.4556492,"name":"Fahrradabstellplatz","city":"Nuernberg","address":null,"covered":false,"access":null,"website":null,"phone":null,"source":"OpenStreetMap/node/3129830382","sourceUpdatedAt":null,"verifiedAt":null}},{"type":"Feature","geometry":{"type":"Point","coordinates":[11.0860854,49.4627742]},"properties":{"id":"bikerack:655bb26b-e716-43e9-b7ac-e9afca3eefc7","kind":"bikerack","longitude":11.0860854,"latitude":49.4627742,"name":"Fahrradabstellplatz","city":"Nuernberg","address":null,"covered":false,"access":null,"website":null,"phone":null,"source":"OpenStreetMap/node/6799293289","sourceUpdatedAt":null,"verifiedAt":null}},{"type":"Feature","geometry":{"type":"Point","coordinates":[11.0845718,49.4543517]},"properties":{"id":"bikerack:6630bf30-cc7d-4a30-b49e-c6202eb75c59","kind":"bikerack","longitude":11.0845718,"latitude":49.4543517,"name":"Fahrradabstellplatz","city":"Nuernberg","address":null,"covered":false,"access":null,"website":null,"phone":null,"source":"OpenStreetMap/way/424143528","sourceUpdatedAt":null,"verifiedAt":null}},{"type":"Feature","geometry":{"type":"Point","coordinates":[11.0829648,49.4517428]},"properties":{"id":"bikerack:66844dda-dd2c-4512-ac36-3927282005a3","kind":"bikerack","longitude":11.0829648,"latitude":49.4517428,"name":"Fahrradabstellplatz","city":"Nuernberg","address":null,"covered":false,"access":null,"website":null,"phone":null,"source":"OpenStreetMap/node/6409861396","sourceUpdatedAt":null,"verifiedAt":null}},{"type":"Feature","geometry":{"type":"Point","coordinates":[11.0827242,49.4586932]},"properties":{"id":"bikerack:66cfc612-5cad-495a-b2b7-281c6832a639","kind":"bikerack","longitude":11.0827242,"latitude":49.4586932,"name":"Fahrradabstellplatz","city":"Nuernberg","address":null,"covered":false,"access":null,"website":null,"phone":null,"source":"OpenStreetMap/node/6807575694","sourceUpdatedAt":null,"verifiedAt":null}},{"type":"Feature","geometry":{"type":"Point","coordinates":[11.0811077,49.4480197]},"properties":{"id":"bikerack:6738a2af-9c89-46bc-ab1b-820ebffcf860","kind":"bikerack","longitude":11.0811077,"latitude":49.4480197,"name":"Fahrradabstellplatz","city":"Nuernberg","address":null,"covered":false,"access":null,"website":null,"phone":null,"source":"OpenStreetMap/node/13609613307","sourceUpdatedAt":null,"verifiedAt":null}},{"type":"Feature","geometry":{"type":"Point","coordinates":[11.0768049,49.4426007]},"properties":{"id":"bikerack:6861b9ca-5436-42e1-9e4b-e204cd36d31c","kind":"bikerack","longitude":11.0768049,"latitude":49.4426007,"name":"Fahrradabstellplatz","city":"Nuernberg","address":null,"covered":false,"access":null,"website":null,"phone":null,"source":"OpenStreetMap/node/10671132494","sourceUpdatedAt":null,"verifiedAt":null}},{"type":"Feature","geometry":{"type":"Point","coordinates":[11.0973371,49.4408035]},"properties":{"id":"bikerack:688cf19e-a8c0-4613-9d83-a2d9180218ad","kind":"bikerack","longitude":11.0973371,"latitude":49.4408035,"name":"Fahrradabstellplatz","city":"Nuernberg","address":null,"covered":false,"access":null,"website":null,"phone":null,"source":"OpenStreetMap/node/6576509118","sourceUpdatedAt":null,"verifiedAt":null}},{"type":"Feature","geometry":{"type":"Point","coordinates":[11.0950195,49.4429484]},"properties":{"id":"bikerack:694bb79b-b2f3-4314-9b8e-2fedfcdb2b9b","kind":"bikerack","longitude":11.0950195,"latitude":49.4429484,"name":"Fahrradabstellplatz","city":"Nuernberg","address":null,"covered":false,"access":null,"website":null,"phone":null,"source":"OpenStreetMap/node/11815977187","sourceUpdatedAt":null,"verifiedAt":null}},{"type":"Feature","geometry":{"type":"Point","coordinates":[11.0842204,49.4610022]},"properties":{"id":"bikerack:69b4605b-8084-48ad-967e-18f335df1f0e","kind":"bikerack","longitude":11.0842204,"latitude":49.4610022,"name":"Fahrradabstellplatz","city":"Nuernberg","address":null,"covered":false,"access":null,"website":null,"phone":null,"source":"OpenStreetMap/node/9247407119","sourceUpdatedAt":null,"verifiedAt":null}},{"type":"Feature","geometry":{"type":"Point","coordinates":[11.0792956,49.4559123]},"properties":{"id":"bikerack:6a442b11-84b7-45b9-84e1-ef2739f06e66","kind":"bikerack","longitude":11.0792956,"latitude":49.4559123,"name":"Fahrradabstellplatz","city":"Nuernberg","address":null,"covered":false,"access":null,"website":null,"phone":null,"source":"OpenStreetMap/node/12666643279","sourceUpdatedAt":null,"verifiedAt":null}},{"type":"Feature","geometry":{"type":"Point","coordinates":[11.0978504,49.4468497]},"properties":{"id":"bikerack:6b130419-6df1-4778-8cf3-e6954d88b2f9","kind":"bikerack","longitude":11.0978504,"latitude":49.4468497,"name":"Fahrradabstellplatz","city":"Nuernberg","address":null,"covered":false,"access":null,"website":null,"phone":null,"source":"OpenStreetMap/node/11815983207","sourceUpdatedAt":null,"verifiedAt":null}},{"type":"Feature","geometry":{"type":"Point","coordinates":[11.0762877,49.4457845]},"properties":{"id":"bikerack:6c5764a9-9791-4659-ba55-02f315fbe543","kind":"bikerack","longitude":11.0762877,"latitude":49.4457845,"name":"Fahrradabstellplatz","city":"Nuernberg","address":null,"covered":false,"access":null,"website":null,"phone":null,"source":"OpenStreetMap/node/1305553863","sourceUpdatedAt":null,"verifiedAt":null}},{"type":"Feature","geometry":{"type":"Point","coordinates":[11.0859454,49.4531748]},"properties":{"id":"bikerack:6cc40b87-3e18-461e-95f9-a649b7bd45c1","kind":"bikerack","longitude":11.0859454,"latitude":49.4531748,"name":"Fahrradabstellplatz","city":"Nuernberg","address":null,"covered":false,"access":null,"website":null,"phone":null,"source":"OpenStreetMap/node/6635534333","sourceUpdatedAt":null,"verifiedAt":null}},{"type":"Feature","geometry":{"type":"Point","coordinates":[11.0788999,49.4455174]},"properties":{"id":"bikerack:6d29ce10-aec3-4bde-9e9a-9d8ed9b252aa","kind":"bikerack","longitude":11.0788999,"latitude":49.4455174,"name":"Fahrradabstellplatz","city":"Nuernberg","address":null,"covered":false,"access":null,"website":null,"phone":null,"source":"OpenStreetMap/node/3956329446","sourceUpdatedAt":null,"verifiedAt":null}},{"type":"Feature","geometry":{"type":"Point","coordinates":[11.0883434,49.4644717]},"properties":{"id":"bikerack:6d495e0f-14bc-4e8f-b390-2c73d607295e","kind":"bikerack","longitude":11.0883434,"latitude":49.4644717,"name":"Fahrradabstellplatz","city":"Nuernberg","address":null,"covered":false,"access":null,"website":null,"phone":null,"source":"OpenStreetMap/node/10699648141","sourceUpdatedAt":null,"verifiedAt":null}},{"type":"Feature","geometry":{"type":"Point","coordinates":[11.0880394,49.4623912]},"properties":{"id":"bikerack:6d64871c-369a-4753-a064-a92eab73ebad","kind":"bikerack","longitude":11.0880394,"latitude":49.4623912,"name":"Fahrradabstellplatz","city":"Nuernberg","address":null,"covered":false,"access":null,"website":null,"phone":null,"source":"OpenStreetMap/node/8980070521","sourceUpdatedAt":null,"verifiedAt":null}},{"type":"Feature","geometry":{"type":"Point","coordinates":[11.0865294,49.4645187]},"properties":{"id":"bikerack:6d7b8996-fc7e-4ccc-804a-dc79278c6867","kind":"bikerack","longitude":11.0865294,"latitude":49.4645187,"name":"Fahrradabstellplatz","city":"Nuernberg","address":null,"covered":false,"access":null,"website":null,"phone":null,"source":"OpenStreetMap/node/12551318801","sourceUpdatedAt":null,"verifiedAt":null}},{"type":"Feature","geometry":{"type":"Point","coordinates":[11.0874089,49.4539272]},"properties":{"id":"bikerack:6e4184b0-01b9-4841-8c84-69eda4d1fb34","kind":"bikerack","longitude":11.0874089,"latitude":49.4539272,"name":"Fahrradabstellplatz","city":"Nuernberg","address":null,"covered":false,"access":null,"website":null,"phone":null,"source":"OpenStreetMap/node/13633240297","sourceUpdatedAt":null,"verifiedAt":null}},{"type":"Feature","geometry":{"type":"Point","coordinates":[11.0867773,49.454934]},"properties":{"id":"bikerack:70b43459-9eb1-4dc6-bd4b-f5c5090632c9","kind":"bikerack","longitude":11.0867773,"latitude":49.454934,"name":"Fahrradabstellplatz","city":"Nuernberg","address":null,"covered":false,"access":null,"website":null,"phone":null,"source":"OpenStreetMap/node/11442936502","sourceUpdatedAt":null,"verifiedAt":null}},{"type":"Feature","geometry":{"type":"Point","coordinates":[11.0784744,49.4607979]},"properties":{"id":"bikerack:71366b1d-17b9-49c1-966d-4f64ecf0ba23","kind":"bikerack","longitude":11.0784744,"latitude":49.4607979,"name":"Fahrradabstellplatz","city":"Nuernberg","address":null,"covered":false,"access":null,"website":null,"phone":null,"source":"OpenStreetMap/node/7545492038","sourceUpdatedAt":null,"verifiedAt":null}},{"type":"Feature","geometry":{"type":"Point","coordinates":[11.075279,49.4591316]},"properties":{"id":"bikerack:7163ee94-14cd-47ae-bcf6-159ff4945dc7","kind":"bikerack","longitude":11.075279,"latitude":49.4591316,"name":"Fahrradabstellplatz","city":"Nuernberg","address":null,"covered":false,"access":null,"website":null,"phone":null,"source":"OpenStreetMap/node/3956329454","sourceUpdatedAt":null,"verifiedAt":null}},{"type":"Feature","geometry":{"type":"Point","coordinates":[11.0858226,49.459762]},"properties":{"id":"bikerack:718413b8-040c-4c16-9411-bce1f1f1b6a1","kind":"bikerack","longitude":11.0858226,"latitude":49.459762,"name":"Fahrradabstellplatz","city":"Nuernberg","address":null,"covered":false,"access":null,"website":null,"phone":null,"source":"OpenStreetMap/node/6540320572","sourceUpdatedAt":null,"verifiedAt":null}},{"type":"Feature","geometry":{"type":"Point","coordinates":[11.0829728,49.460816]},"properties":{"id":"bikerack:71d7c030-e0b8-4887-bc89-70137f5c59a4","kind":"bikerack","longitude":11.0829728,"latitude":49.460816,"name":"Fahrradabstellplatz","city":"Nuernberg","address":null,"covered":false,"access":null,"website":null,"phone":null,"source":"OpenStreetMap/node/8953130719","sourceUpdatedAt":null,"verifiedAt":null}},{"type":"Feature","geometry":{"type":"Point","coordinates":[11.0803092,49.4506902]},"properties":{"id":"bikerack:71e8285a-aa48-49a1-81b9-3db52fae37ce","kind":"bikerack","longitude":11.0803092,"latitude":49.4506902,"name":"Fahrradabstellplatz","city":"Nuernberg","address":null,"covered":false,"access":null,"website":null,"phone":null,"source":"OpenStreetMap/way/68324503","sourceUpdatedAt":null,"verifiedAt":null}},{"type":"Feature","geometry":{"type":"Point","coordinates":[11.0852342,49.4574014]},"properties":{"id":"bikerack:72207ebf-1d82-4e96-b48f-a0e00e0c9da7","kind":"bikerack","longitude":11.0852342,"latitude":49.4574014,"name":"Fahrradabstellplatz","city":"Nuernberg","address":null,"covered":false,"access":null,"website":null,"phone":null,"source":"OpenStreetMap/node/767323646","sourceUpdatedAt":null,"verifiedAt":null}},{"type":"Feature","geometry":{"type":"Point","coordinates":[11.078595,49.4621741]},"properties":{"id":"bikerack:731ca69f-a539-4e84-b252-701d93809121","kind":"bikerack","longitude":11.078595,"latitude":49.4621741,"name":"Fahrradabstellplatz","city":"Nuernberg","address":null,"covered":false,"access":null,"website":null,"phone":null,"source":"OpenStreetMap/node/7545502461","sourceUpdatedAt":null,"verifiedAt":null}},{"type":"Feature","geometry":{"type":"Point","coordinates":[11.0886224,49.4577]},"properties":{"id":"bikerack:7401ccad-183c-4b34-92f2-4cc6f702a6e1","kind":"bikerack","longitude":11.0886224,"latitude":49.4577,"name":"Fahrradabstellplatz","city":"Nuernberg","address":null,"covered":false,"access":null,"website":null,"phone":null,"source":"OpenStreetMap/node/767907442","sourceUpdatedAt":null,"verifiedAt":null}},{"type":"Feature","geometry":{"type":"Point","coordinates":[11.0796076,49.4621772]},"properties":{"id":"bikerack:743dc1ae-ac3e-4ac1-af43-947e864904d3","kind":"bikerack","longitude":11.0796076,"latitude":49.4621772,"name":"Fahrradabstellplatz","city":"Nuernberg","address":null,"covered":false,"access":null,"website":null,"phone":null,"source":"OpenStreetMap/node/7545469570","sourceUpdatedAt":null,"verifiedAt":null}},{"type":"Feature","geometry":{"type":"Point","coordinates":[11.0843724,49.4608191]},"properties":{"id":"bikerack:748c5a4e-a7b3-4bae-af8a-3449700882c4","kind":"bikerack","longitude":11.0843724,"latitude":49.4608191,"name":"Fahrradabstellplatz","city":"Nuernberg","address":null,"covered":false,"access":null,"website":null,"phone":null,"source":"OpenStreetMap/node/6620379746","sourceUpdatedAt":null,"verifiedAt":null}},{"type":"Feature","geometry":{"type":"Point","coordinates":[11.0846006,49.461618]},"properties":{"id":"bikerack:74fedf8b-cad3-4de3-99e2-4c245901fae9","kind":"bikerack","longitude":11.0846006,"latitude":49.461618,"name":"Fahrradabstellplatz","city":"Nuernberg","address":null,"covered":false,"access":null,"website":null,"phone":null,"source":"OpenStreetMap/way/227193855","sourceUpdatedAt":null,"verifiedAt":null}},{"type":"Feature","geometry":{"type":"Point","coordinates":[11.0821964,49.4584048]},"properties":{"id":"bikerack:7548b4ec-cb1f-42f5-8983-9637019c0114","kind":"bikerack","longitude":11.0821964,"latitude":49.4584048,"name":"Fahrradabstellplatz","city":"Nuernberg","address":null,"covered":false,"access":null,"website":null,"phone":null,"source":"OpenStreetMap/node/12666643268","sourceUpdatedAt":null,"verifiedAt":null}},{"type":"Feature","geometry":{"type":"Point","coordinates":[11.0902148,49.4593298]},"properties":{"id":"bikerack:759a97ea-8776-4935-897e-0a4a10723b59","kind":"bikerack","longitude":11.0902148,"latitude":49.4593298,"name":"Fahrradabstellplatz","city":"Nuernberg","address":null,"covered":false,"access":null,"website":null,"phone":null,"source":"OpenStreetMap/node/6620379750","sourceUpdatedAt":null,"verifiedAt":null}},{"type":"Feature","geometry":{"type":"Point","coordinates":[11.0901954,49.4594706]},"properties":{"id":"bikerack:75e75df7-ffe9-4906-9502-4c2243c44ee2","kind":"bikerack","longitude":11.0901954,"latitude":49.4594706,"name":"Fahrradabstellplatz","city":"Nuernberg","address":null,"covered":false,"access":null,"website":null,"phone":null,"source":"OpenStreetMap/node/6620379749","sourceUpdatedAt":null,"verifiedAt":null}},{"type":"Feature","geometry":{"type":"Point","coordinates":[11.0884657,49.4612421]},"properties":{"id":"bikerack:769000bf-97c9-4c25-920f-7245c5ca0a06","kind":"bikerack","longitude":11.0884657,"latitude":49.4612421,"name":"Fahrradabstellplatz","city":"Nuernberg","address":null,"covered":false,"access":null,"website":null,"phone":null,"source":"OpenStreetMap/node/6547934523","sourceUpdatedAt":null,"verifiedAt":null}},{"type":"Feature","geometry":{"type":"Point","coordinates":[11.0773261,49.4623968]},"properties":{"id":"bikerack:7715b4b3-bc8d-458d-a4e5-53015995d93e","kind":"bikerack","longitude":11.0773261,"latitude":49.4623968,"name":"Fahrradabstellplatz","city":"Nuernberg","address":null,"covered":false,"access":null,"website":null,"phone":null,"source":"OpenStreetMap/node/9529634390","sourceUpdatedAt":null,"verifiedAt":null}},{"type":"Feature","geometry":{"type":"Point","coordinates":[11.1053287,49.4624235]},"properties":{"id":"bikerack:7730cbaf-07fe-4289-a257-313ef47a86b6","kind":"bikerack","longitude":11.1053287,"latitude":49.4624235,"name":"Fahrradabstellplatz","city":"Nuernberg","address":null,"covered":false,"access":null,"website":null,"phone":null,"source":"OpenStreetMap/node/10919946981","sourceUpdatedAt":null,"verifiedAt":null}},{"type":"Feature","geometry":{"type":"Point","coordinates":[11.0811218,49.4568593]},"properties":{"id":"bikerack:778c1a6e-e3b5-4007-b038-170094d3394a","kind":"bikerack","longitude":11.0811218,"latitude":49.4568593,"name":"Fahrradabstellplatz","city":"Nuernberg","address":null,"covered":false,"access":null,"website":null,"phone":null,"source":"OpenStreetMap/node/60010626","sourceUpdatedAt":null,"verifiedAt":null}},{"type":"Feature","geometry":{"type":"Point","coordinates":[11.1156866,49.4545517]},"properties":{"id":"bikerack:77b09c0c-9445-4b6a-880a-63965ddedd9f","kind":"bikerack","longitude":11.1156866,"latitude":49.4545517,"name":"Fahrradabstellplatz","city":"Nuernberg","address":null,"covered":false,"access":null,"website":null,"phone":null,"source":"OpenStreetMap/node/2634787526","sourceUpdatedAt":null,"verifiedAt":null}},{"type":"Feature","geometry":{"type":"Point","coordinates":[11.0793499,49.4492426]},"properties":{"id":"bikerack:78e52e0b-b758-44d0-892f-698f62629422","kind":"bikerack","longitude":11.0793499,"latitude":49.4492426,"name":"Fahrradabstellplatz","city":"Nuernberg","address":null,"covered":false,"access":null,"website":null,"phone":null,"source":"OpenStreetMap/node/972312538","sourceUpdatedAt":null,"verifiedAt":null}},{"type":"Feature","geometry":{"type":"Point","coordinates":[11.0864847,49.4573174]},"properties":{"id":"bikerack:7b94b709-0a38-46c9-b42f-65d2d42f22e6","kind":"bikerack","longitude":11.0864847,"latitude":49.4573174,"name":"Fahrradabstellplatz","city":"Nuernberg","address":null,"covered":false,"access":null,"website":null,"phone":null,"source":"OpenStreetMap/node/6544308130","sourceUpdatedAt":null,"verifiedAt":null}},{"type":"Feature","geometry":{"type":"Point","coordinates":[11.0948459,49.4414891]},"properties":{"id":"bikerack:7b9af143-867b-470d-b232-0dfb19938ddc","kind":"bikerack","longitude":11.0948459,"latitude":49.4414891,"name":"Fahrradabstellplatz","city":"Nuernberg","address":null,"covered":false,"access":null,"website":null,"phone":null,"source":"OpenStreetMap/node/11815850439","sourceUpdatedAt":null,"verifiedAt":null}},{"type":"Feature","geometry":{"type":"Point","coordinates":[11.0920191,49.453351]},"properties":{"id":"bikerack:7dae8078-f11c-4a4a-ac4c-e261d20873d6","kind":"bikerack","longitude":11.0920191,"latitude":49.453351,"name":"Fahrradabstellplatz","city":"Nuernberg","address":null,"covered":false,"access":null,"website":null,"phone":null,"source":"OpenStreetMap/node/13633256633","sourceUpdatedAt":null,"verifiedAt":null}},{"type":"Feature","geometry":{"type":"Point","coordinates":[11.0839434,49.446876]},"properties":{"id":"bikerack:7e2bc6cf-c19e-4719-bfca-9bcdd5080519","kind":"bikerack","longitude":11.0839434,"latitude":49.446876,"name":"Fahrradabstellplatz","city":"Nuernberg","address":null,"covered":false,"access":null,"website":null,"phone":null,"source":"OpenStreetMap/node/9770667145","sourceUpdatedAt":null,"verifiedAt":null}},{"type":"Feature","geometry":{"type":"Point","coordinates":[11.1027066,49.4680168]},"properties":{"id":"bikerack:7e3fa0aa-25d3-4b5a-bef7-1126058cf2ac","kind":"bikerack","longitude":11.1027066,"latitude":49.4680168,"name":"Fahrradabstellplatz","city":"Nuernberg","address":null,"covered":false,"access":null,"website":null,"phone":null,"source":"OpenStreetMap/node/2608759945","sourceUpdatedAt":null,"verifiedAt":null}},{"type":"Feature","geometry":{"type":"Point","coordinates":[11.0769169,49.4622609]},"properties":{"id":"bikerack:7e4b5f53-dbaa-472a-a962-6620a4c031ef","kind":"bikerack","longitude":11.0769169,"latitude":49.4622609,"name":"Fahrradabstellplatz","city":"Nuernberg","address":null,"covered":false,"access":null,"website":null,"phone":null,"source":"OpenStreetMap/node/8905040022","sourceUpdatedAt":null,"verifiedAt":null}},{"type":"Feature","geometry":{"type":"Point","coordinates":[11.0841757,49.4484929]},"properties":{"id":"bikerack:7f599b0e-b4f2-43da-866f-b0834b1ab825","kind":"bikerack","longitude":11.0841757,"latitude":49.4484929,"name":"Fahrradabstellplatz","city":"Nuernberg","address":null,"covered":false,"access":null,"website":null,"phone":null,"source":"OpenStreetMap/node/9205011041","sourceUpdatedAt":null,"verifiedAt":null}},{"type":"Feature","geometry":{"type":"Point","coordinates":[11.0951762,49.4430289]},"properties":{"id":"bikerack:812a74c5-608c-432b-9513-4f033785e56a","kind":"bikerack","longitude":11.0951762,"latitude":49.4430289,"name":"Fahrradabstellplatz","city":"Nuernberg","address":null,"covered":false,"access":null,"website":null,"phone":null,"source":"OpenStreetMap/node/11815997898","sourceUpdatedAt":null,"verifiedAt":null}},{"type":"Feature","geometry":{"type":"Point","coordinates":[11.0864505,49.4470524]},"properties":{"id":"bikerack:812f1c36-73bf-4ef8-a09e-240e0179af3f","kind":"bikerack","longitude":11.0864505,"latitude":49.4470524,"name":"Fahrradabstellplatz","city":"Nuernberg","address":null,"covered":true,"access":null,"website":null,"phone":null,"source":"OpenStreetMap/node/6760361055","sourceUpdatedAt":null,"verifiedAt":null}},{"type":"Feature","geometry":{"type":"Point","coordinates":[11.0846177,49.4418254]},"properties":{"id":"bikerack:81a73f38-6ce8-4d58-9b93-56e8cdab1ac9","kind":"bikerack","longitude":11.0846177,"latitude":49.4418254,"name":"Fahrradabstellplatz","city":"Nuernberg","address":null,"covered":false,"access":null,"website":null,"phone":null,"source":"OpenStreetMap/node/3527538550","sourceUpdatedAt":null,"verifiedAt":null}},{"type":"Feature","geometry":{"type":"Point","coordinates":[11.0822395,49.4465571]},"properties":{"id":"bikerack:82b84ca0-f802-4411-a4da-cf33ec08eea6","kind":"bikerack","longitude":11.0822395,"latitude":49.4465571,"name":"Fahrradabstellplatz","city":"Nuernberg","address":null,"covered":false,"access":null,"website":null,"phone":null,"source":"OpenStreetMap/node/759998183","sourceUpdatedAt":null,"verifiedAt":null}},{"type":"Feature","geometry":{"type":"Point","coordinates":[11.083264,49.4585333]},"properties":{"id":"bikerack:83c490df-3ab1-4890-9340-b630bb659b4d","kind":"bikerack","longitude":11.083264,"latitude":49.4585333,"name":"Fahrradabstellplatz","city":"Nuernberg","address":null,"covered":false,"access":null,"website":null,"phone":null,"source":"OpenStreetMap/node/6811517387","sourceUpdatedAt":null,"verifiedAt":null}},{"type":"Feature","geometry":{"type":"Point","coordinates":[11.0899942,49.4404071]},"properties":{"id":"bikerack:847f3054-ca22-4710-bdf7-11a98ec21754","kind":"bikerack","longitude":11.0899942,"latitude":49.4404071,"name":"Fahrradabstellplatz","city":"Nuernberg","address":null,"covered":false,"access":null,"website":null,"phone":null,"source":"OpenStreetMap/node/3527538545","sourceUpdatedAt":null,"verifiedAt":null}},{"type":"Feature","geometry":{"type":"Point","coordinates":[11.0887464,49.4540494]},"properties":{"id":"bikerack:848d7159-c02c-4b3d-9c99-9b9d92d3c6ba","kind":"bikerack","longitude":11.0887464,"latitude":49.4540494,"name":"Fahrradabstellplatz","city":"Nuernberg","address":null,"covered":false,"access":null,"website":null,"phone":null,"source":"OpenStreetMap/node/13633183754","sourceUpdatedAt":null,"verifiedAt":null}},{"type":"Feature","geometry":{"type":"Point","coordinates":[11.0934655,49.4568245]},"properties":{"id":"bikerack:84903ad9-695a-4923-b003-bb3226918761","kind":"bikerack","longitude":11.0934655,"latitude":49.4568245,"name":"Fahrradabstellplatz","city":"Nuernberg","address":null,"covered":false,"access":null,"website":null,"phone":null,"source":"OpenStreetMap/node/13319689112","sourceUpdatedAt":null,"verifiedAt":null}},{"type":"Feature","geometry":{"type":"Point","coordinates":[11.0960544,49.4459616]},"properties":{"id":"bikerack:855235ab-4028-42d2-9cde-f5728ca1aea3","kind":"bikerack","longitude":11.0960544,"latitude":49.4459616,"name":"Fahrradabstellplatz","city":"Nuernberg","address":null,"covered":false,"access":null,"website":null,"phone":null,"source":"OpenStreetMap/node/13310907289","sourceUpdatedAt":null,"verifiedAt":null}},{"type":"Feature","geometry":{"type":"Point","coordinates":[11.0750762,49.4452164]},"properties":{"id":"bikerack:85abeb61-03c5-4584-a7f6-32f10db354b6","kind":"bikerack","longitude":11.0750762,"latitude":49.4452164,"name":"Fahrradabstellplatz","city":"Nuernberg","address":null,"covered":false,"access":null,"website":null,"phone":null,"source":"OpenStreetMap/node/1305553524","sourceUpdatedAt":null,"verifiedAt":null}},{"type":"Feature","geometry":{"type":"Point","coordinates":[11.0821201,49.4481319]},"properties":{"id":"bikerack:85d1611e-5c15-4e62-a523-58fbe821735d","kind":"bikerack","longitude":11.0821201,"latitude":49.4481319,"name":"Fahrradabstellplatz","city":"Nuernberg","address":null,"covered":false,"access":null,"website":null,"phone":null,"source":"OpenStreetMap/way/96335014","sourceUpdatedAt":null,"verifiedAt":null}},{"type":"Feature","geometry":{"type":"Point","coordinates":[11.0821715,49.4585377]},"properties":{"id":"bikerack:86095fd0-eb1b-48fb-a566-4607614e676d","kind":"bikerack","longitude":11.0821715,"latitude":49.4585377,"name":"Fahrradabstellplatz","city":"Nuernberg","address":null,"covered":false,"access":null,"website":null,"phone":null,"source":"OpenStreetMap/node/10690955369","sourceUpdatedAt":null,"verifiedAt":null}},{"type":"Feature","geometry":{"type":"Point","coordinates":[11.0994563,49.4401478]},"properties":{"id":"bikerack:8834ebf0-a8f8-4523-bac7-2d81bba2d449","kind":"bikerack","longitude":11.0994563,"latitude":49.4401478,"name":"Fahrradabstellplatz","city":"Nuernberg","address":null,"covered":false,"access":null,"website":null,"phone":null,"source":"OpenStreetMap/node/6576509128","sourceUpdatedAt":null,"verifiedAt":null}},{"type":"Feature","geometry":{"type":"Point","coordinates":[11.0928243,49.4567997]},"properties":{"id":"bikerack:89b6e324-7e0d-43c5-bba4-61370479afcd","kind":"bikerack","longitude":11.0928243,"latitude":49.4567997,"name":"Fahrradabstellplatz","city":"Nuernberg","address":null,"covered":false,"access":null,"website":null,"phone":null,"source":"OpenStreetMap/node/13319689115","sourceUpdatedAt":null,"verifiedAt":null}},{"type":"Feature","geometry":{"type":"Point","coordinates":[11.102182,49.4403194]},"properties":{"id":"bikerack:89bd662e-3944-4800-9b55-ecd2f3576c7d","kind":"bikerack","longitude":11.102182,"latitude":49.4403194,"name":"Fahrradabstellplatz","city":"Nuernberg","address":null,"covered":false,"access":null,"website":null,"phone":null,"source":"OpenStreetMap/node/11480653709","sourceUpdatedAt":null,"verifiedAt":null}},{"type":"Feature","geometry":{"type":"Point","coordinates":[11.082923,49.4482041]},"properties":{"id":"bikerack:8b0cc1e3-994c-4a96-b50a-5b90b42bc474","kind":"bikerack","longitude":11.082923,"latitude":49.4482041,"name":"Fahrradabstellplatz","city":"Nuernberg","address":null,"covered":false,"access":null,"website":null,"phone":null,"source":"OpenStreetMap/node/2101287620","sourceUpdatedAt":null,"verifiedAt":null}},{"type":"Feature","geometry":{"type":"Point","coordinates":[11.0840441,49.4485496]},"properties":{"id":"bikerack:8b458c85-68e7-4c92-be39-69412cf18365","kind":"bikerack","longitude":11.0840441,"latitude":49.4485496,"name":"Fahrradabstellplatz","city":"Nuernberg","address":null,"covered":false,"access":null,"website":null,"phone":null,"source":"OpenStreetMap/node/9205041593","sourceUpdatedAt":null,"verifiedAt":null}},{"type":"Feature","geometry":{"type":"Point","coordinates":[11.0828169,49.4499796]},"properties":{"id":"bikerack:8b5a3c23-d4fa-473a-b830-30169c0048ec","kind":"bikerack","longitude":11.0828169,"latitude":49.4499796,"name":"Fahrradabstellplatz","city":"Nuernberg","address":null,"covered":false,"access":null,"website":null,"phone":null,"source":"OpenStreetMap/node/9205042316","sourceUpdatedAt":null,"verifiedAt":null}},{"type":"Feature","geometry":{"type":"Point","coordinates":[11.086706,49.4471589]},"properties":{"id":"bikerack:8cac3761-88f7-4d8a-8b5b-c53734ef4bf0","kind":"bikerack","longitude":11.086706,"latitude":49.4471589,"name":"Fahrradabstellplatz","city":"Nuernberg","address":null,"covered":false,"access":null,"website":null,"phone":null,"source":"OpenStreetMap/node/9859653044","sourceUpdatedAt":null,"verifiedAt":null}},{"type":"Feature","geometry":{"type":"Point","coordinates":[11.09026,49.4590081]},"properties":{"id":"bikerack:8f4a0d7c-7013-451a-99fb-dc530df2caa4","kind":"bikerack","longitude":11.09026,"latitude":49.4590081,"name":"Fahrradabstellplatz","city":"Nuernberg","address":null,"covered":false,"access":null,"website":null,"phone":null,"source":"OpenStreetMap/node/11383605132","sourceUpdatedAt":null,"verifiedAt":null}},{"type":"Feature","geometry":{"type":"Point","coordinates":[11.0877918,49.443155]},"properties":{"id":"bikerack:8f53bb6b-8894-4c02-8bf6-edf10a69ba5c","kind":"bikerack","longitude":11.0877918,"latitude":49.443155,"name":"Fahrradabstellplatz","city":"Nuernberg","address":null,"covered":false,"access":null,"website":null,"phone":null,"source":"OpenStreetMap/node/12245804623","sourceUpdatedAt":null,"verifiedAt":null}},{"type":"Feature","geometry":{"type":"Point","coordinates":[11.0791774,49.4640597]},"properties":{"id":"bikerack:8f5766de-1973-4785-a988-eca515d7e48f","kind":"bikerack","longitude":11.0791774,"latitude":49.4640597,"name":"Fahrradabstellplatz","city":"Nuernberg","address":null,"covered":false,"access":null,"website":null,"phone":null,"source":"OpenStreetMap/node/7545506355","sourceUpdatedAt":null,"verifiedAt":null}},{"type":"Feature","geometry":{"type":"Point","coordinates":[11.0802523,49.4574433]},"properties":{"id":"bikerack:900642cd-cbd6-4335-84c6-3c540fccf1c0","kind":"bikerack","longitude":11.0802523,"latitude":49.4574433,"name":"Fahrradabstellplatz","city":"Nuernberg","address":null,"covered":false,"access":null,"website":null,"phone":null,"source":"OpenStreetMap/node/12666643260","sourceUpdatedAt":null,"verifiedAt":null}},{"type":"Feature","geometry":{"type":"Point","coordinates":[11.0765732,49.4398591]},"properties":{"id":"bikerack:9160b0c8-bcbb-4a59-8a99-5137ab233324","kind":"bikerack","longitude":11.0765732,"latitude":49.4398591,"name":"Fahrradabstellplatz","city":"Nuernberg","address":null,"covered":false,"access":null,"website":null,"phone":null,"source":"OpenStreetMap/node/6800298907","sourceUpdatedAt":null,"verifiedAt":null}},{"type":"Feature","geometry":{"type":"Point","coordinates":[11.0857074,49.4643569]},"properties":{"id":"bikerack:91849cc8-7f8c-4383-8b5a-2b25087a68ac","kind":"bikerack","longitude":11.0857074,"latitude":49.4643569,"name":"Fahrradabstellplatz","city":"Nuernberg","address":null,"covered":false,"access":null,"website":null,"phone":null,"source":"OpenStreetMap/node/12666643267","sourceUpdatedAt":null,"verifiedAt":null}},{"type":"Feature","geometry":{"type":"Point","coordinates":[11.094059,49.4520083]},"properties":{"id":"bikerack:919fe863-96ea-4400-892b-dc34e65db405","kind":"bikerack","longitude":11.094059,"latitude":49.4520083,"name":"Fahrradabstellplatz","city":"Nuernberg","address":null,"covered":false,"access":null,"website":null,"phone":null,"source":"OpenStreetMap/node/7888014761","sourceUpdatedAt":null,"verifiedAt":null}},{"type":"Feature","geometry":{"type":"Point","coordinates":[11.0861297,49.4569674]},"properties":{"id":"bikerack:91d137de-895e-4757-8a15-d0e34f8caa2c","kind":"bikerack","longitude":11.0861297,"latitude":49.4569674,"name":"Fahrradabstellplatz","city":"Nuernberg","address":null,"covered":false,"access":null,"website":null,"phone":null,"source":"OpenStreetMap/node/13319689119","sourceUpdatedAt":null,"verifiedAt":null}},{"type":"Feature","geometry":{"type":"Point","coordinates":[11.0759184,49.4644137]},"properties":{"id":"bikerack:91f6e87b-0843-450e-bb02-34b02722284d","kind":"bikerack","longitude":11.0759184,"latitude":49.4644137,"name":"Fahrradabstellplatz","city":"Nuernberg","address":null,"covered":false,"access":null,"website":null,"phone":null,"source":"OpenStreetMap/node/9527100593","sourceUpdatedAt":null,"verifiedAt":null}},{"type":"Feature","geometry":{"type":"Point","coordinates":[11.1001168,49.453976]},"properties":{"id":"bikerack:91f9e122-9109-48ed-9473-0ffa42f7a949","kind":"bikerack","longitude":11.1001168,"latitude":49.453976,"name":"Fahrradabstellplatz","city":"Nuernberg","address":null,"covered":false,"access":null,"website":null,"phone":null,"source":"OpenStreetMap/node/7967495519","sourceUpdatedAt":null,"verifiedAt":null}},{"type":"Feature","geometry":{"type":"Point","coordinates":[11.0823033,49.4642612]},"properties":{"id":"bikerack:92182c28-4df8-4430-af4d-1bfe3e32ec5a","kind":"bikerack","longitude":11.0823033,"latitude":49.4642612,"name":"Fahrradabstellplatz","city":"Nuernberg","address":null,"covered":false,"access":null,"website":null,"phone":null,"source":"OpenStreetMap/node/850628579","sourceUpdatedAt":null,"verifiedAt":null}},{"type":"Feature","geometry":{"type":"Point","coordinates":[11.0823278,49.4635036]},"properties":{"id":"bikerack:921fb412-84b8-42f9-aeb7-992f672f3962","kind":"bikerack","longitude":11.0823278,"latitude":49.4635036,"name":"Fahrradabstellplatz","city":"Nuernberg","address":null,"covered":false,"access":null,"website":null,"phone":null,"source":"OpenStreetMap/node/8953069521","sourceUpdatedAt":null,"verifiedAt":null}},{"type":"Feature","geometry":{"type":"Point","coordinates":[11.080467,49.4401334]},"properties":{"id":"bikerack:932ed07b-9f2d-4872-ac79-a5a226d6f5d0","kind":"bikerack","longitude":11.080467,"latitude":49.4401334,"name":"Fahrradabstellplatz","city":"Nuernberg","address":null,"covered":false,"access":null,"website":null,"phone":null,"source":"OpenStreetMap/node/6800298890","sourceUpdatedAt":null,"verifiedAt":null}},{"type":"Feature","geometry":{"type":"Point","coordinates":[11.0811724,49.4436541]},"properties":{"id":"bikerack:937c5203-8552-4676-9bcc-ea2ea15ec73e","kind":"bikerack","longitude":11.0811724,"latitude":49.4436541,"name":"Fahrradabstellplatz","city":"Nuernberg","address":null,"covered":false,"access":null,"website":null,"phone":null,"source":"OpenStreetMap/node/7774183641","sourceUpdatedAt":null,"verifiedAt":null}},{"type":"Feature","geometry":{"type":"Point","coordinates":[11.0781416,49.4555971]},"properties":{"id":"bikerack:943ff398-6075-4ba5-b624-877595c6e202","kind":"bikerack","longitude":11.0781416,"latitude":49.4555971,"name":"Fahrradabstellplatz","city":"Nuernberg","address":null,"covered":false,"access":null,"website":null,"phone":null,"source":"OpenStreetMap/node/13319689121","sourceUpdatedAt":null,"verifiedAt":null}},{"type":"Feature","geometry":{"type":"Point","coordinates":[11.0783541,49.4517307]},"properties":{"id":"bikerack:94a90267-242b-4679-a34c-e3243eb98573","kind":"bikerack","longitude":11.0783541,"latitude":49.4517307,"name":"Fahrradabstellplatz","city":"Nuernberg","address":null,"covered":false,"access":null,"website":null,"phone":null,"source":"OpenStreetMap/node/13009420194","sourceUpdatedAt":null,"verifiedAt":null}},{"type":"Feature","geometry":{"type":"Point","coordinates":[11.0818188,49.465368]},"properties":{"id":"bikerack:94e4a70b-3cc2-4c08-9fb3-3b364a6714fc","kind":"bikerack","longitude":11.0818188,"latitude":49.465368,"name":"Fahrradabstellplatz","city":"Nuernberg","address":null,"covered":false,"access":null,"website":null,"phone":null,"source":"OpenStreetMap/node/850624004","sourceUpdatedAt":null,"verifiedAt":null}},{"type":"Feature","geometry":{"type":"Point","coordinates":[11.0818287,49.4501699]},"properties":{"id":"bikerack:94f58086-a825-4a33-98d7-dc08656d4368","kind":"bikerack","longitude":11.0818287,"latitude":49.4501699,"name":"Fahrradabstellplatz","city":"Nuernberg","address":null,"covered":false,"access":null,"website":null,"phone":null,"source":"OpenStreetMap/node/9204983114","sourceUpdatedAt":null,"verifiedAt":null}},{"type":"Feature","geometry":{"type":"Point","coordinates":[11.0748122,49.4633373]},"properties":{"id":"bikerack:951cd1cd-7275-4dda-9921-60bb7bf56de1","kind":"bikerack","longitude":11.0748122,"latitude":49.4633373,"name":"Fahrradabstellplatz","city":"Nuernberg","address":null,"covered":false,"access":null,"website":null,"phone":null,"source":"OpenStreetMap/node/3956330072","sourceUpdatedAt":null,"verifiedAt":null}},{"type":"Feature","geometry":{"type":"Point","coordinates":[11.0770612,49.4634041]},"properties":{"id":"bikerack:9529a589-fea6-4d95-89a3-ad3c6c57b509","kind":"bikerack","longitude":11.0770612,"latitude":49.4634041,"name":"Fahrradabstellplatz","city":"Nuernberg","address":null,"covered":false,"access":null,"website":null,"phone":null,"source":"OpenStreetMap/node/9529630401","sourceUpdatedAt":null,"verifiedAt":null}},{"type":"Feature","geometry":{"type":"Point","coordinates":[11.1029299,49.4513164]},"properties":{"id":"bikerack:96fa95d3-10bc-49c8-bb54-bd1100396e59","kind":"bikerack","longitude":11.1029299,"latitude":49.4513164,"name":"Fahrradabstellplatz","city":"Nuernberg","address":null,"covered":false,"access":null,"website":null,"phone":null,"source":"OpenStreetMap/node/13059404411","sourceUpdatedAt":null,"verifiedAt":null}},{"type":"Feature","geometry":{"type":"Point","coordinates":[11.0761877,49.4466127]},"properties":{"id":"bikerack:9700a12c-044f-4420-be45-802bf49195b0","kind":"bikerack","longitude":11.0761877,"latitude":49.4466127,"name":"Fahrradabstellplatz","city":"Nuernberg","address":null,"covered":false,"access":null,"website":null,"phone":null,"source":"OpenStreetMap/node/1583525355","sourceUpdatedAt":null,"verifiedAt":null}},{"type":"Feature","geometry":{"type":"Point","coordinates":[11.0951993,49.4446458]},"properties":{"id":"bikerack:9744a7b9-a414-48f2-b2de-59c23b64f3a6","kind":"bikerack","longitude":11.0951993,"latitude":49.4446458,"name":"Fahrradabstellplatz","city":"Nuernberg","address":null,"covered":false,"access":null,"website":null,"phone":null,"source":"OpenStreetMap/node/8952639219","sourceUpdatedAt":null,"verifiedAt":null}},{"type":"Feature","geometry":{"type":"Point","coordinates":[11.088042,49.4542463]},"properties":{"id":"bikerack:9796b83e-1079-43ad-bf06-61091b61c134","kind":"bikerack","longitude":11.088042,"latitude":49.4542463,"name":"Fahrradabstellplatz","city":"Nuernberg","address":null,"covered":false,"access":null,"website":null,"phone":null,"source":"OpenStreetMap/node/13633160674","sourceUpdatedAt":null,"verifiedAt":null}},{"type":"Feature","geometry":{"type":"Point","coordinates":[11.1057044,49.4460129]},"properties":{"id":"bikerack:98a3c484-aa20-403b-bc95-76c306cc5774","kind":"bikerack","longitude":11.1057044,"latitude":49.4460129,"name":"Fahrradabstellplatz","city":"Nuernberg","address":null,"covered":false,"access":null,"website":null,"phone":null,"source":"OpenStreetMap/node/13569914222","sourceUpdatedAt":null,"verifiedAt":null}},{"type":"Feature","geometry":{"type":"Point","coordinates":[11.1004823,49.4576794]},"properties":{"id":"bikerack:98b62731-f3da-42d8-a026-b9a110a2f230","kind":"bikerack","longitude":11.1004823,"latitude":49.4576794,"name":"Fahrradabstellplatz","city":"Nuernberg","address":null,"covered":false,"access":null,"website":null,"phone":null,"source":"OpenStreetMap/node/8729339217","sourceUpdatedAt":null,"verifiedAt":null}},{"type":"Feature","geometry":{"type":"Point","coordinates":[11.0810412,49.4481236]},"properties":{"id":"bikerack:9a00ac76-36e0-4283-810d-19f0ccae1bbd","kind":"bikerack","longitude":11.0810412,"latitude":49.4481236,"name":"Fahrradabstellplatz","city":"Nuernberg","address":null,"covered":false,"access":null,"website":null,"phone":null,"source":"OpenStreetMap/way/1386294904","sourceUpdatedAt":null,"verifiedAt":null}},{"type":"Feature","geometry":{"type":"Point","coordinates":[11.0822353,49.4622703]},"properties":{"id":"bikerack:9a00e19a-9b45-460b-951b-745c312368aa","kind":"bikerack","longitude":11.0822353,"latitude":49.4622703,"name":"Fahrradabstellplatz","city":"Nuernberg","address":null,"covered":false,"access":null,"website":null,"phone":null,"source":"OpenStreetMap/node/7281249185","sourceUpdatedAt":null,"verifiedAt":null}},{"type":"Feature","geometry":{"type":"Point","coordinates":[11.0753876,49.449127]},"properties":{"id":"bikerack:9a28421a-7ee9-411d-b646-386f7818b99e","kind":"bikerack","longitude":11.0753876,"latitude":49.449127,"name":"Fahrradabstellplatz","city":"Nuernberg","address":null,"covered":false,"access":null,"website":null,"phone":null,"source":"OpenStreetMap/node/685483202","sourceUpdatedAt":null,"verifiedAt":null}},{"type":"Feature","geometry":{"type":"Point","coordinates":[11.0799318,49.4567778]},"properties":{"id":"bikerack:9af1b812-461d-4ca4-916a-4c2dfc21cf17","kind":"bikerack","longitude":11.0799318,"latitude":49.4567778,"name":"Fahrradabstellplatz","city":"Nuernberg","address":null,"covered":false,"access":null,"website":null,"phone":null,"source":"OpenStreetMap/node/12666643275","sourceUpdatedAt":null,"verifiedAt":null}},{"type":"Feature","geometry":{"type":"Point","coordinates":[11.0951131,49.4441245]},"properties":{"id":"bikerack:9b8ca6b0-5dce-4c68-b087-8d978b2b4d05","kind":"bikerack","longitude":11.0951131,"latitude":49.4441245,"name":"Fahrradabstellplatz","city":"Nuernberg","address":null,"covered":false,"access":null,"website":null,"phone":null,"source":"OpenStreetMap/node/8952637320","sourceUpdatedAt":null,"verifiedAt":null}},{"type":"Feature","geometry":{"type":"Point","coordinates":[11.0750109,49.4493214]},"properties":{"id":"bikerack:9c4d3484-5f04-4876-a0bf-1d75d73715ed","kind":"bikerack","longitude":11.0750109,"latitude":49.4493214,"name":"Fahrradabstellplatz","city":"Nuernberg","address":null,"covered":false,"access":null,"website":null,"phone":null,"source":"OpenStreetMap/node/685483201","sourceUpdatedAt":null,"verifiedAt":null}},{"type":"Feature","geometry":{"type":"Point","coordinates":[11.099417,49.4640956]},"properties":{"id":"bikerack:9d2dc247-094d-456e-a2c8-90b9bf3de030","kind":"bikerack","longitude":11.099417,"latitude":49.4640956,"name":"Fahrradabstellplatz","city":"Nuernberg","address":null,"covered":false,"access":null,"website":null,"phone":null,"source":"OpenStreetMap/way/255026950","sourceUpdatedAt":null,"verifiedAt":null}},{"type":"Feature","geometry":{"type":"Point","coordinates":[11.0950908,49.4440201]},"properties":{"id":"bikerack:9d455194-8ed7-467f-873f-6541824fd625","kind":"bikerack","longitude":11.0950908,"latitude":49.4440201,"name":"Fahrradabstellplatz","city":"Nuernberg","address":null,"covered":false,"access":null,"website":null,"phone":null,"source":"OpenStreetMap/node/8952637319","sourceUpdatedAt":null,"verifiedAt":null}},{"type":"Feature","geometry":{"type":"Point","coordinates":[11.1105965,49.4640599]},"properties":{"id":"bikerack:9d5c62af-d561-4aa0-8d71-235a82e6b03e","kind":"bikerack","longitude":11.1105965,"latitude":49.4640599,"name":"Fahrradabstellplatz","city":"Nuernberg","address":null,"covered":false,"access":null,"website":null,"phone":null,"source":"OpenStreetMap/node/12997603464","sourceUpdatedAt":null,"verifiedAt":null}},{"type":"Feature","geometry":{"type":"Point","coordinates":[11.0794221,49.4557535]},"properties":{"id":"bikerack:9d646708-aca8-46ef-98bc-85929fccf132","kind":"bikerack","longitude":11.0794221,"latitude":49.4557535,"name":"Fahrradabstellplatz","city":"Nuernberg","address":null,"covered":false,"access":null,"website":null,"phone":null,"source":"OpenStreetMap/node/12666643266","sourceUpdatedAt":null,"verifiedAt":null}},{"type":"Feature","geometry":{"type":"Point","coordinates":[11.1037672,49.4572828]},"properties":{"id":"bikerack:9dff3cd8-54fc-4d1e-9e0c-f7e7739971dc","kind":"bikerack","longitude":11.1037672,"latitude":49.4572828,"name":"Fahrradabstellplatz","city":"Nuernberg","address":null,"covered":false,"access":null,"website":null,"phone":null,"source":"OpenStreetMap/node/11093293305","sourceUpdatedAt":null,"verifiedAt":null}},{"type":"Feature","geometry":{"type":"Point","coordinates":[11.0962426,49.4396667]},"properties":{"id":"bikerack:9e935d87-0a02-4850-8689-9190fd2050d7","kind":"bikerack","longitude":11.0962426,"latitude":49.4396667,"name":"Fahrradabstellplatz","city":"Nuernberg","address":null,"covered":false,"access":null,"website":null,"phone":null,"source":"OpenStreetMap/node/11815998909","sourceUpdatedAt":null,"verifiedAt":null}},{"type":"Feature","geometry":{"type":"Point","coordinates":[11.0807894,49.450419]},"properties":{"id":"bikerack:9f4c4bb8-186a-4ad2-b4d5-4d406c5bcac7","kind":"bikerack","longitude":11.0807894,"latitude":49.450419,"name":"Fahrradabstellplatz","city":"Nuernberg","address":null,"covered":false,"access":null,"website":null,"phone":null,"source":"OpenStreetMap/node/9205038423","sourceUpdatedAt":null,"verifiedAt":null}},{"type":"Feature","geometry":{"type":"Point","coordinates":[11.0947214,49.4414617]},"properties":{"id":"bikerack:9fb79a3f-d885-4bbc-b6cc-959ffa6808ce","kind":"bikerack","longitude":11.0947214,"latitude":49.4414617,"name":"Fahrradabstellplatz","city":"Nuernberg","address":null,"covered":false,"access":null,"website":null,"phone":null,"source":"OpenStreetMap/node/11815998563","sourceUpdatedAt":null,"verifiedAt":null}},{"type":"Feature","geometry":{"type":"Point","coordinates":[11.0813677,49.4485858]},"properties":{"id":"bikerack:a1790ce4-575d-4f9d-8d67-75d3153fc948","kind":"bikerack","longitude":11.0813677,"latitude":49.4485858,"name":"Fahrradabstellplatz","city":"Nuernberg","address":null,"covered":false,"access":null,"website":null,"phone":null,"source":"OpenStreetMap/node/13019161718","sourceUpdatedAt":null,"verifiedAt":null}},{"type":"Feature","geometry":{"type":"Point","coordinates":[11.0874236,49.440198]},"properties":{"id":"bikerack:a31b962f-05a9-478b-8f53-0378b871ad2f","kind":"bikerack","longitude":11.0874236,"latitude":49.440198,"name":"Fahrradabstellplatz","city":"Nuernberg","address":null,"covered":false,"access":null,"website":null,"phone":null,"source":"OpenStreetMap/node/11302514988","sourceUpdatedAt":null,"verifiedAt":null}},{"type":"Feature","geometry":{"type":"Point","coordinates":[11.0832821,49.4470234]},"properties":{"id":"bikerack:a4ea4f5d-afa8-47ae-aef5-0f382135bb61","kind":"bikerack","longitude":11.0832821,"latitude":49.4470234,"name":"Fahrradabstellplatz","city":"Nuernberg","address":null,"covered":false,"access":null,"website":null,"phone":null,"source":"OpenStreetMap/node/9205010525","sourceUpdatedAt":null,"verifiedAt":null}},{"type":"Feature","geometry":{"type":"Point","coordinates":[11.1112868,49.4558589]},"properties":{"id":"bikerack:a560f1bd-61b3-46cf-9f0f-9190ee4ddc2f","kind":"bikerack","longitude":11.1112868,"latitude":49.4558589,"name":"Fahrradabstellplatz","city":"Nuernberg","address":null,"covered":false,"access":null,"website":null,"phone":null,"source":"OpenStreetMap/node/2779924506","sourceUpdatedAt":null,"verifiedAt":null}},{"type":"Feature","geometry":{"type":"Point","coordinates":[11.0825069,49.4616017]},"properties":{"id":"bikerack:a58d0af0-e316-4fe0-b6ff-e9478c807c16","kind":"bikerack","longitude":11.0825069,"latitude":49.4616017,"name":"Fahrradabstellplatz","city":"Nuernberg","address":null,"covered":false,"access":null,"website":null,"phone":null,"source":"OpenStreetMap/node/6755558705","sourceUpdatedAt":null,"verifiedAt":null}},{"type":"Feature","geometry":{"type":"Point","coordinates":[11.0775848,49.4440577]},"properties":{"id":"bikerack:a5e41934-4692-4dea-801d-5231bccb9ef7","kind":"bikerack","longitude":11.0775848,"latitude":49.4440577,"name":"Fahrradabstellplatz","city":"Nuernberg","address":null,"covered":false,"access":null,"website":null,"phone":null,"source":"OpenStreetMap/node/3911006124","sourceUpdatedAt":null,"verifiedAt":null}},{"type":"Feature","geometry":{"type":"Point","coordinates":[11.0936837,49.4446749]},"properties":{"id":"bikerack:a6904b1f-2b7f-4b47-9c2c-b6f884e7a303","kind":"bikerack","longitude":11.0936837,"latitude":49.4446749,"name":"Fahrradabstellplatz","city":"Nuernberg","address":null,"covered":false,"access":null,"website":null,"phone":null,"source":"OpenStreetMap/node/7615982590","sourceUpdatedAt":null,"verifiedAt":null}},{"type":"Feature","geometry":{"type":"Point","coordinates":[11.088975,49.4596585]},"properties":{"id":"bikerack:a73c2884-d9c5-42f8-b538-645837529642","kind":"bikerack","longitude":11.088975,"latitude":49.4596585,"name":"Fahrradabstellplatz","city":"Nuernberg","address":null,"covered":false,"access":null,"website":null,"phone":null,"source":"OpenStreetMap/node/6620379748","sourceUpdatedAt":null,"verifiedAt":null}},{"type":"Feature","geometry":{"type":"Point","coordinates":[11.08398,49.4557783]},"properties":{"id":"bikerack:a7683e2e-51d0-4dcd-bb41-622c3f8951e6","kind":"bikerack","longitude":11.08398,"latitude":49.4557783,"name":"Fahrradabstellplatz","city":"Nuernberg","address":null,"covered":false,"access":null,"website":null,"phone":null,"source":"OpenStreetMap/way/69283974","sourceUpdatedAt":null,"verifiedAt":null}},{"type":"Feature","geometry":{"type":"Point","coordinates":[11.0822736,49.449665]},"properties":{"id":"bikerack:a7aebc1e-daf9-4f95-9b5e-a56aca937f14","kind":"bikerack","longitude":11.0822736,"latitude":49.449665,"name":"Fahrradabstellplatz","city":"Nuernberg","address":null,"covered":false,"access":null,"website":null,"phone":null,"source":"OpenStreetMap/node/2470537064","sourceUpdatedAt":null,"verifiedAt":null}},{"type":"Feature","geometry":{"type":"Point","coordinates":[11.0820296,49.4651891]},"properties":{"id":"bikerack:a7e20387-5ef0-475e-9bc3-0d68d5c1acd6","kind":"bikerack","longitude":11.0820296,"latitude":49.4651891,"name":"Fahrradabstellplatz","city":"Nuernberg","address":null,"covered":false,"access":null,"website":null,"phone":null,"source":"OpenStreetMap/node/7545511096","sourceUpdatedAt":null,"verifiedAt":null}},{"type":"Feature","geometry":{"type":"Point","coordinates":[11.1007525,49.4656238]},"properties":{"id":"bikerack:a9ace22d-f462-47a8-8ce8-408a766b14af","kind":"bikerack","longitude":11.1007525,"latitude":49.4656238,"name":"Fahrradabstellplatz","city":"Nuernberg","address":null,"covered":false,"access":null,"website":null,"phone":null,"source":"OpenStreetMap/node/1517556731","sourceUpdatedAt":null,"verifiedAt":null}},{"type":"Feature","geometry":{"type":"Point","coordinates":[11.0816485,49.4497903]},"properties":{"id":"bikerack:aa74f8cb-87df-4477-8355-f59194c0357d","kind":"bikerack","longitude":11.0816485,"latitude":49.4497903,"name":"Fahrradabstellplatz","city":"Nuernberg","address":null,"covered":false,"access":null,"website":null,"phone":null,"source":"OpenStreetMap/node/6235072285","sourceUpdatedAt":null,"verifiedAt":null}},{"type":"Feature","geometry":{"type":"Point","coordinates":[11.0835226,49.4583023]},"properties":{"id":"bikerack:aac241a1-8ea4-4fbe-af09-3e6f211536c9","kind":"bikerack","longitude":11.0835226,"latitude":49.4583023,"name":"Fahrradabstellplatz","city":"Nuernberg","address":null,"covered":false,"access":null,"website":null,"phone":null,"source":"OpenStreetMap/node/6811517588","sourceUpdatedAt":null,"verifiedAt":null}},{"type":"Feature","geometry":{"type":"Point","coordinates":[11.0829333,49.4646449]},"properties":{"id":"bikerack:ab9f047c-3571-48fb-b253-d17714039486","kind":"bikerack","longitude":11.0829333,"latitude":49.4646449,"name":"Fahrradabstellplatz","city":"Nuernberg","address":null,"covered":false,"access":null,"website":null,"phone":null,"source":"OpenStreetMap/node/2625766714","sourceUpdatedAt":null,"verifiedAt":null}},{"type":"Feature","geometry":{"type":"Point","coordinates":[11.0811361,49.4440006]},"properties":{"id":"bikerack:abd0b31d-3502-4552-81fd-29fad9eb2325","kind":"bikerack","longitude":11.0811361,"latitude":49.4440006,"name":"Fahrradabstellplatz","city":"Nuernberg","address":null,"covered":false,"access":null,"website":null,"phone":null,"source":"OpenStreetMap/node/6800298785","sourceUpdatedAt":null,"verifiedAt":null}},{"type":"Feature","geometry":{"type":"Point","coordinates":[11.0802282,49.4485912]},"properties":{"id":"bikerack:ac259f7c-49a9-4938-88fd-af898f061b9a","kind":"bikerack","longitude":11.0802282,"latitude":49.4485912,"name":"Fahrradabstellplatz","city":"Nuernberg","address":null,"covered":false,"access":null,"website":null,"phone":null,"source":"OpenStreetMap/node/9205013978","sourceUpdatedAt":null,"verifiedAt":null}},{"type":"Feature","geometry":{"type":"Point","coordinates":[11.0943915,49.4419826]},"properties":{"id":"bikerack:ad427efe-df68-4450-8442-edef3603a2cb","kind":"bikerack","longitude":11.0943915,"latitude":49.4419826,"name":"Fahrradabstellplatz","city":"Nuernberg","address":null,"covered":false,"access":null,"website":null,"phone":null,"source":"OpenStreetMap/node/8952637718","sourceUpdatedAt":null,"verifiedAt":null}},{"type":"Feature","geometry":{"type":"Point","coordinates":[11.1064468,49.4541665]},"properties":{"id":"bikerack:ad803457-14e2-4433-bf34-6b0df34ca880","kind":"bikerack","longitude":11.1064468,"latitude":49.4541665,"name":"Fahrradabstellplatz","city":"Nuernberg","address":null,"covered":false,"access":null,"website":null,"phone":null,"source":"OpenStreetMap/node/5012361357","sourceUpdatedAt":null,"verifiedAt":null}},{"type":"Feature","geometry":{"type":"Point","coordinates":[11.0975923,49.4436887]},"properties":{"id":"bikerack:ae0b3d20-1037-471b-be9d-be193b1b30ef","kind":"bikerack","longitude":11.0975923,"latitude":49.4436887,"name":"Fahrradabstellplatz","city":"Nuernberg","address":null,"covered":false,"access":null,"website":null,"phone":null,"source":"OpenStreetMap/node/11480653704","sourceUpdatedAt":null,"verifiedAt":null}},{"type":"Feature","geometry":{"type":"Point","coordinates":[11.1052009,49.4621196]},"properties":{"id":"bikerack:b0bcb176-11c3-499b-9d9e-9b58c41b79b9","kind":"bikerack","longitude":11.1052009,"latitude":49.4621196,"name":"Fahrradabstellplatz","city":"Nuernberg","address":null,"covered":false,"access":null,"website":null,"phone":null,"source":"OpenStreetMap/node/10919946985","sourceUpdatedAt":null,"verifiedAt":null}},{"type":"Feature","geometry":{"type":"Point","coordinates":[11.1180563,49.4535022]},"properties":{"id":"bikerack:b3114ed5-4765-4aaf-965b-a2929d913fa2","kind":"bikerack","longitude":11.1180563,"latitude":49.4535022,"name":"Fahrradabstellplatz","city":"Nuernberg","address":null,"covered":true,"access":null,"website":null,"phone":null,"source":"OpenStreetMap/node/2399054951","sourceUpdatedAt":null,"verifiedAt":null}},{"type":"Feature","geometry":{"type":"Point","coordinates":[11.0956351,49.458519]},"properties":{"id":"bikerack:b52c9893-bd33-4fab-aaba-65de2caaae79","kind":"bikerack","longitude":11.0956351,"latitude":49.458519,"name":"Fahrradabstellplatz","city":"Nuernberg","address":null,"covered":false,"access":null,"website":null,"phone":null,"source":"OpenStreetMap/node/1975708992","sourceUpdatedAt":null,"verifiedAt":null}},{"type":"Feature","geometry":{"type":"Point","coordinates":[11.089987,49.4412623]},"properties":{"id":"bikerack:b6004359-c2b6-4086-b090-3942d4f4c2ae","kind":"bikerack","longitude":11.089987,"latitude":49.4412623,"name":"Fahrradabstellplatz","city":"Nuernberg","address":null,"covered":false,"access":null,"website":null,"phone":null,"source":"OpenStreetMap/node/3527538549","sourceUpdatedAt":null,"verifiedAt":null}},{"type":"Feature","geometry":{"type":"Point","coordinates":[11.0887574,49.4405686]},"properties":{"id":"bikerack:b60e8de2-08e9-4dba-a469-e3dd0d065f6b","kind":"bikerack","longitude":11.0887574,"latitude":49.4405686,"name":"Fahrradabstellplatz","city":"Nuernberg","address":null,"covered":false,"access":null,"website":null,"phone":null,"source":"OpenStreetMap/node/12184957144","sourceUpdatedAt":null,"verifiedAt":null}},{"type":"Feature","geometry":{"type":"Point","coordinates":[11.0828683,49.444204]},"properties":{"id":"bikerack:b62147df-9c2d-4241-886a-7abee0f44a72","kind":"bikerack","longitude":11.0828683,"latitude":49.444204,"name":"Fahrradspeicher","city":"Nuernberg","address":null,"covered":false,"access":null,"website":null,"phone":null,"source":"OpenStreetMap/way/772933092","sourceUpdatedAt":null,"verifiedAt":null}},{"type":"Feature","geometry":{"type":"Point","coordinates":[11.0865995,49.4425922]},"properties":{"id":"bikerack:b6ebd66d-acb6-42ec-b052-e908bc5283cd","kind":"bikerack","longitude":11.0865995,"latitude":49.4425922,"name":"Fahrradabstellplatz","city":"Nuernberg","address":null,"covered":false,"access":null,"website":null,"phone":null,"source":"OpenStreetMap/node/4748280394","sourceUpdatedAt":null,"verifiedAt":null}},{"type":"Feature","geometry":{"type":"Point","coordinates":[11.080802,49.4434324]},"properties":{"id":"bikerack:b7a314f3-2b38-4096-9559-e9c8b9fd497b","kind":"bikerack","longitude":11.080802,"latitude":49.4434324,"name":"Fahrradabstellplatz","city":"Nuernberg","address":null,"covered":false,"access":null,"website":null,"phone":null,"source":"OpenStreetMap/node/6800298886","sourceUpdatedAt":null,"verifiedAt":null}},{"type":"Feature","geometry":{"type":"Point","coordinates":[11.0805564,49.4403772]},"properties":{"id":"bikerack:b7c5d062-d0a4-44f4-9b76-c12b8410b1cb","kind":"bikerack","longitude":11.0805564,"latitude":49.4403772,"name":"Fahrradabstellplatz","city":"Nuernberg","address":null,"covered":false,"access":null,"website":null,"phone":null,"source":"OpenStreetMap/node/6800298889","sourceUpdatedAt":null,"verifiedAt":null}},{"type":"Feature","geometry":{"type":"Point","coordinates":[11.0828992,49.4435547]},"properties":{"id":"bikerack:b810fcc9-7627-47f8-be91-25f155ee78ae","kind":"bikerack","longitude":11.0828992,"latitude":49.4435547,"name":"Fahrradabstellplatz","city":"Nuernberg","address":null,"covered":false,"access":null,"website":null,"phone":null,"source":"OpenStreetMap/node/6264815050","sourceUpdatedAt":null,"verifiedAt":null}},{"type":"Feature","geometry":{"type":"Point","coordinates":[11.0960738,49.4399325]},"properties":{"id":"bikerack:b8faa5a1-f52c-4d0f-b696-9ebf72555940","kind":"bikerack","longitude":11.0960738,"latitude":49.4399325,"name":"Fahrradabstellplatz","city":"Nuernberg","address":null,"covered":false,"access":null,"website":null,"phone":null,"source":"OpenStreetMap/node/11816012230","sourceUpdatedAt":null,"verifiedAt":null}},{"type":"Feature","geometry":{"type":"Point","coordinates":[11.0784896,49.4438139]},"properties":{"id":"bikerack:b8fc9624-b6a6-46b5-8c03-d88fd4e8f11d","kind":"bikerack","longitude":11.0784896,"latitude":49.4438139,"name":"Fahrradabstellplatz","city":"Nuernberg","address":null,"covered":false,"access":null,"website":null,"phone":null,"source":"OpenStreetMap/node/3973025697","sourceUpdatedAt":null,"verifiedAt":null}},{"type":"Feature","geometry":{"type":"Point","coordinates":[11.0815895,49.466787]},"properties":{"id":"bikerack:ba3d6599-833b-49a6-9681-8b901904db35","kind":"bikerack","longitude":11.0815895,"latitude":49.466787,"name":"Fahrradabstellplatz","city":"Nuernberg","address":null,"covered":false,"access":null,"website":null,"phone":null,"source":"OpenStreetMap/node/12944727408","sourceUpdatedAt":null,"verifiedAt":null}},{"type":"Feature","geometry":{"type":"Point","coordinates":[11.0853406,49.4467402]},"properties":{"id":"bikerack:ba6b0225-0685-4b23-84d9-8aa82ea66dac","kind":"bikerack","longitude":11.0853406,"latitude":49.4467402,"name":"Fahrradabstellplatz","city":"Nuernberg","address":null,"covered":false,"access":null,"website":null,"phone":null,"source":"OpenStreetMap/way/1316475285","sourceUpdatedAt":null,"verifiedAt":null}},{"type":"Feature","geometry":{"type":"Point","coordinates":[11.0958894,49.4535056]},"properties":{"id":"bikerack:baa0e6a0-8a84-4036-99b6-98f654611c1a","kind":"bikerack","longitude":11.0958894,"latitude":49.4535056,"name":"Fahrradabstellplatz","city":"Nuernberg","address":null,"covered":false,"access":null,"website":null,"phone":null,"source":"OpenStreetMap/node/11093194305","sourceUpdatedAt":null,"verifiedAt":null}},{"type":"Feature","geometry":{"type":"Point","coordinates":[11.0803036,49.4460305]},"properties":{"id":"bikerack:bb6d2904-79ab-4614-819f-0fb13c04722c","kind":"bikerack","longitude":11.0803036,"latitude":49.4460305,"name":"Fahrradabstellplatz","city":"Nuernberg","address":null,"covered":false,"access":null,"website":null,"phone":null,"source":"OpenStreetMap/node/9247411417","sourceUpdatedAt":null,"verifiedAt":null}},{"type":"Feature","geometry":{"type":"Point","coordinates":[11.0809703,49.457847]},"properties":{"id":"bikerack:bb859906-8463-46bb-a863-2604f450d84c","kind":"bikerack","longitude":11.0809703,"latitude":49.457847,"name":"Fahrradabstellplatz","city":"Nuernberg","address":null,"covered":false,"access":null,"website":null,"phone":null,"source":"OpenStreetMap/node/12666643255","sourceUpdatedAt":null,"verifiedAt":null}},{"type":"Feature","geometry":{"type":"Point","coordinates":[11.0879107,49.4580382]},"properties":{"id":"bikerack:bdc6c4d2-1ca5-45a2-9a29-6b1c471fbc49","kind":"bikerack","longitude":11.0879107,"latitude":49.4580382,"name":"Fahrradabstellplatz","city":"Nuernberg","address":null,"covered":false,"access":null,"website":null,"phone":null,"source":"OpenStreetMap/node/1994499814","sourceUpdatedAt":null,"verifiedAt":null}},{"type":"Feature","geometry":{"type":"Point","coordinates":[11.0866199,49.4519924]},"properties":{"id":"bikerack:be5eaac5-6ef2-4bd2-b9ca-3a3124fe5cbd","kind":"bikerack","longitude":11.0866199,"latitude":49.4519924,"name":"Fahrradabstellplatz","city":"Nuernberg","address":null,"covered":false,"access":null,"website":null,"phone":null,"source":"OpenStreetMap/node/12231645612","sourceUpdatedAt":null,"verifiedAt":null}},{"type":"Feature","geometry":{"type":"Point","coordinates":[11.1024477,49.4516796]},"properties":{"id":"bikerack:be60ce7a-2b6f-4358-9b23-e2bbf831e544","kind":"bikerack","longitude":11.1024477,"latitude":49.4516796,"name":"Fahrradabstellplatz","city":"Nuernberg","address":null,"covered":false,"access":null,"website":null,"phone":null,"source":"OpenStreetMap/node/5694722829","sourceUpdatedAt":null,"verifiedAt":null}},{"type":"Feature","geometry":{"type":"Point","coordinates":[11.0885446,49.461309]},"properties":{"id":"bikerack:bea5791d-e54b-4867-b3ae-e19f2cfe0fd0","kind":"bikerack","longitude":11.0885446,"latitude":49.461309,"name":"Fahrradabstellplatz","city":"Nuernberg","address":null,"covered":false,"access":null,"website":null,"phone":null,"source":"OpenStreetMap/node/6620379747","sourceUpdatedAt":null,"verifiedAt":null}},{"type":"Feature","geometry":{"type":"Point","coordinates":[11.0802303,49.4569557]},"properties":{"id":"bikerack:bfbfce0b-c4f5-45a2-9fdd-83323aea805d","kind":"bikerack","longitude":11.0802303,"latitude":49.4569557,"name":"Fahrradabstellplatz","city":"Nuernberg","address":null,"covered":false,"access":null,"website":null,"phone":null,"source":"OpenStreetMap/node/12666643271","sourceUpdatedAt":null,"verifiedAt":null}},{"type":"Feature","geometry":{"type":"Point","coordinates":[11.079168,49.4559028]},"properties":{"id":"bikerack:bfe75416-9c34-4089-8750-28e0c70bf031","kind":"bikerack","longitude":11.079168,"latitude":49.4559028,"name":"Fahrradabstellplatz","city":"Nuernberg","address":null,"covered":false,"access":null,"website":null,"phone":null,"source":"OpenStreetMap/node/12666643270","sourceUpdatedAt":null,"verifiedAt":null}},{"type":"Feature","geometry":{"type":"Point","coordinates":[11.1014574,49.4611965]},"properties":{"id":"bikerack:c08958c9-d8ec-40f8-9f68-a31497a1a56f","kind":"bikerack","longitude":11.1014574,"latitude":49.4611965,"name":"Fahrradabstellplatz","city":"Nuernberg","address":null,"covered":false,"access":null,"website":null,"phone":null,"source":"OpenStreetMap/node/7030687585","sourceUpdatedAt":null,"verifiedAt":null}},{"type":"Feature","geometry":{"type":"Point","coordinates":[11.1018809,49.4578853]},"properties":{"id":"bikerack:c0a14a04-3614-4cba-b4b1-83201ffa1a23","kind":"bikerack","longitude":11.1018809,"latitude":49.4578853,"name":"Fahrradabstellplatz","city":"Nuernberg","address":null,"covered":false,"access":null,"website":null,"phone":null,"source":"OpenStreetMap/node/8729339017","sourceUpdatedAt":null,"verifiedAt":null}},{"type":"Feature","geometry":{"type":"Point","coordinates":[11.0775265,49.4491203]},"properties":{"id":"bikerack:c11bacc1-f813-43ec-93df-66af56b8fce7","kind":"bikerack","longitude":11.0775265,"latitude":49.4491203,"name":"Fahrradabstellplatz","city":"Nuernberg","address":null,"covered":true,"access":null,"website":null,"phone":null,"source":"OpenStreetMap/way/365837872","sourceUpdatedAt":null,"verifiedAt":null}},{"type":"Feature","geometry":{"type":"Point","coordinates":[11.0834196,49.4427111]},"properties":{"id":"bikerack:c167c0e2-dd40-4c28-928a-83853274ede0","kind":"bikerack","longitude":11.0834196,"latitude":49.4427111,"name":"Fahrradabstellplatz","city":"Nuernberg","address":null,"covered":false,"access":null,"website":null,"phone":null,"source":"OpenStreetMap/node/3527538558","sourceUpdatedAt":null,"verifiedAt":null}},{"type":"Feature","geometry":{"type":"Point","coordinates":[11.0837533,49.4468407]},"properties":{"id":"bikerack:c1ffb682-c844-4039-8372-1c2ee12cf5fd","kind":"bikerack","longitude":11.0837533,"latitude":49.4468407,"name":"Fahrradabstellplatz","city":"Nuernberg","address":null,"covered":false,"access":null,"website":null,"phone":null,"source":"OpenStreetMap/node/9770667144","sourceUpdatedAt":null,"verifiedAt":null}},{"type":"Feature","geometry":{"type":"Point","coordinates":[11.0813759,49.4659965]},"properties":{"id":"bikerack:c210ffa0-2113-4561-a2d2-50cf2c9bf431","kind":"bikerack","longitude":11.0813759,"latitude":49.4659965,"name":"Fahrradabstellplatz","city":"Nuernberg","address":null,"covered":false,"access":null,"website":null,"phone":null,"source":"OpenStreetMap/way/1217558769","sourceUpdatedAt":null,"verifiedAt":null}},{"type":"Feature","geometry":{"type":"Point","coordinates":[11.100871,49.4416484]},"properties":{"id":"bikerack:c2d9ec88-74cd-45c6-9264-d3c08fb33661","kind":"bikerack","longitude":11.100871,"latitude":49.4416484,"name":"Fahrradabstellplatz","city":"Nuernberg","address":null,"covered":false,"access":null,"website":null,"phone":null,"source":"OpenStreetMap/node/11480653708","sourceUpdatedAt":null,"verifiedAt":null}},{"type":"Feature","geometry":{"type":"Point","coordinates":[11.0881804,49.457284]},"properties":{"id":"bikerack:c30f9192-2c49-47a1-98b3-9e6353fb5afb","kind":"bikerack","longitude":11.0881804,"latitude":49.457284,"name":"Fahrradabstellplatz","city":"Nuernberg","address":null,"covered":false,"access":null,"website":null,"phone":null,"source":"OpenStreetMap/node/12231645613","sourceUpdatedAt":null,"verifiedAt":null}},{"type":"Feature","geometry":{"type":"Point","coordinates":[11.0842578,49.455643]},"properties":{"id":"bikerack:c3556d9b-72f1-4403-8729-41a8491b047d","kind":"bikerack","longitude":11.0842578,"latitude":49.455643,"name":"Fahrradabstellplatz","city":"Nuernberg","address":null,"covered":false,"access":null,"website":null,"phone":null,"source":"OpenStreetMap/node/3683844037","sourceUpdatedAt":null,"verifiedAt":null}},{"type":"Feature","geometry":{"type":"Point","coordinates":[11.096982,49.44378]},"properties":{"id":"bikerack:c35e4533-b93e-433b-8384-ad770819c83f","kind":"bikerack","longitude":11.096982,"latitude":49.44378,"name":"Fahrradabstellplatz","city":"Nuernberg","address":null,"covered":false,"access":null,"website":null,"phone":null,"source":"OpenStreetMap/node/11480653703","sourceUpdatedAt":null,"verifiedAt":null}},{"type":"Feature","geometry":{"type":"Point","coordinates":[11.0933457,49.4438998]},"properties":{"id":"bikerack:c3cf94ed-aa86-4af9-8ab1-18d033e6deb2","kind":"bikerack","longitude":11.0933457,"latitude":49.4438998,"name":"Fahrradabstellplatz","city":"Nuernberg","address":null,"covered":false,"access":null,"website":null,"phone":null,"source":"OpenStreetMap/node/11480653700","sourceUpdatedAt":null,"verifiedAt":null}},{"type":"Feature","geometry":{"type":"Point","coordinates":[11.0816222,49.4478466]},"properties":{"id":"bikerack:c6516976-71af-4e8e-94c4-2f79aa2aff51","kind":"bikerack","longitude":11.0816222,"latitude":49.4478466,"name":"Fahrradabstellplatz","city":"Nuernberg","address":null,"covered":false,"access":null,"website":null,"phone":null,"source":"OpenStreetMap/node/1994499753","sourceUpdatedAt":null,"verifiedAt":null}},{"type":"Feature","geometry":{"type":"Point","coordinates":[11.0844856,49.44644]},"properties":{"id":"bikerack:c6d085f7-c7f7-4747-894c-7b855fcc97b4","kind":"bikerack","longitude":11.0844856,"latitude":49.44644,"name":"Fahrradabstellplatz","city":"Nuernberg","address":null,"covered":false,"access":null,"website":null,"phone":null,"source":"OpenStreetMap/node/9845157989","sourceUpdatedAt":null,"verifiedAt":null}},{"type":"Feature","geometry":{"type":"Point","coordinates":[11.0904117,49.4402626]},"properties":{"id":"bikerack:c7858db2-07e0-4845-9069-e5223d25a60a","kind":"bikerack","longitude":11.0904117,"latitude":49.4402626,"name":"Fahrradabstellplatz","city":"Nuernberg","address":null,"covered":false,"access":null,"website":null,"phone":null,"source":"OpenStreetMap/node/4133984103","sourceUpdatedAt":null,"verifiedAt":null}},{"type":"Feature","geometry":{"type":"Point","coordinates":[11.0823075,49.4633496]},"properties":{"id":"bikerack:c79c2019-29b1-4b48-9865-3d1397162427","kind":"bikerack","longitude":11.0823075,"latitude":49.4633496,"name":"Fahrradabstellplatz","city":"Nuernberg","address":null,"covered":false,"access":null,"website":null,"phone":null,"source":"OpenStreetMap/node/850628582","sourceUpdatedAt":null,"verifiedAt":null}},{"type":"Feature","geometry":{"type":"Point","coordinates":[11.0951575,49.4528119]},"properties":{"id":"bikerack:c81b859d-1cfe-4f5a-8300-7307a8edc2cb","kind":"bikerack","longitude":11.0951575,"latitude":49.4528119,"name":"Fahrradabstellplatz","city":"Nuernberg","address":null,"covered":false,"access":null,"website":null,"phone":null,"source":"OpenStreetMap/node/1994499778","sourceUpdatedAt":null,"verifiedAt":null}},{"type":"Feature","geometry":{"type":"Point","coordinates":[11.0967197,49.4542473]},"properties":{"id":"bikerack:c85b183d-3167-49f3-8a8c-8b0d25546a2d","kind":"bikerack","longitude":11.0967197,"latitude":49.4542473,"name":"Fahrradabstellplatz","city":"Nuernberg","address":null,"covered":false,"access":null,"website":null,"phone":null,"source":"OpenStreetMap/node/11093227106","sourceUpdatedAt":null,"verifiedAt":null}},{"type":"Feature","geometry":{"type":"Point","coordinates":[11.0807276,49.4622791]},"properties":{"id":"bikerack:ca11be3c-9da9-4e8d-880f-00b9d081374f","kind":"bikerack","longitude":11.0807276,"latitude":49.4622791,"name":"Fahrradabstellplatz","city":"Nuernberg","address":null,"covered":false,"access":null,"website":null,"phone":null,"source":"OpenStreetMap/node/7545503607","sourceUpdatedAt":null,"verifiedAt":null}},{"type":"Feature","geometry":{"type":"Point","coordinates":[11.0950318,49.4416729]},"properties":{"id":"bikerack:ca78b2ea-3271-4fa5-b1b3-9fa3438a0b4d","kind":"bikerack","longitude":11.0950318,"latitude":49.4416729,"name":"Fahrradabstellplatz","city":"Nuernberg","address":null,"covered":false,"access":null,"website":null,"phone":null,"source":"OpenStreetMap/node/8952640418","sourceUpdatedAt":null,"verifiedAt":null}},{"type":"Feature","geometry":{"type":"Point","coordinates":[11.0860967,49.4632881]},"properties":{"id":"bikerack:cabdd380-9587-407f-8649-bab36a697abe","kind":"bikerack","longitude":11.0860967,"latitude":49.4632881,"name":"Fahrradabstellplatz","city":"Nuernberg","address":null,"covered":false,"access":null,"website":null,"phone":null,"source":"OpenStreetMap/node/1448016106","sourceUpdatedAt":null,"verifiedAt":null}},{"type":"Feature","geometry":{"type":"Point","coordinates":[11.0808626,49.458044]},"properties":{"id":"bikerack:caeec8c1-f331-4b31-8d87-1ed330ed2a3b","kind":"bikerack","longitude":11.0808626,"latitude":49.458044,"name":"Fahrradabstellplatz","city":"Nuernberg","address":null,"covered":false,"access":null,"website":null,"phone":null,"source":"OpenStreetMap/node/35676049","sourceUpdatedAt":null,"verifiedAt":null}},{"type":"Feature","geometry":{"type":"Point","coordinates":[11.0823807,49.4605332]},"properties":{"id":"bikerack:cba0fb3d-7517-42aa-a37f-a3987d3efab4","kind":"bikerack","longitude":11.0823807,"latitude":49.4605332,"name":"Fahrradabstellplatz","city":"Nuernberg","address":null,"covered":false,"access":null,"website":null,"phone":null,"source":"OpenStreetMap/node/6620379744","sourceUpdatedAt":null,"verifiedAt":null}},{"type":"Feature","geometry":{"type":"Point","coordinates":[11.0837089,49.4563185]},"properties":{"id":"bikerack:cbe33eeb-2ff5-4254-bf96-03b49a09cf7a","kind":"bikerack","longitude":11.0837089,"latitude":49.4563185,"name":"Fahrradabstellplatz","city":"Nuernberg","address":null,"covered":false,"access":null,"website":null,"phone":null,"source":"OpenStreetMap/node/1994499803","sourceUpdatedAt":null,"verifiedAt":null}},{"type":"Feature","geometry":{"type":"Point","coordinates":[11.0859437,49.4455362]},"properties":{"id":"bikerack:cbf72426-005d-4a3b-b961-ebe8733f94f3","kind":"bikerack","longitude":11.0859437,"latitude":49.4455362,"name":"Fahrradabstellplatz","city":"Nuernberg","address":null,"covered":false,"access":null,"website":null,"phone":null,"source":"OpenStreetMap/node/949697326","sourceUpdatedAt":null,"verifiedAt":null}},{"type":"Feature","geometry":{"type":"Point","coordinates":[11.0899789,49.4532399]},"properties":{"id":"bikerack:ccc74ae5-c36f-4cb8-b159-259787466231","kind":"bikerack","longitude":11.0899789,"latitude":49.4532399,"name":"Fahrradabstellplatz","city":"Nuernberg","address":null,"covered":false,"access":null,"website":null,"phone":null,"source":"OpenStreetMap/node/12393578038","sourceUpdatedAt":null,"verifiedAt":null}},{"type":"Feature","geometry":{"type":"Point","coordinates":[11.0971273,49.4482409]},"properties":{"id":"bikerack:cda24c90-be7e-490b-b888-3d2cc4ac43f5","kind":"bikerack","longitude":11.0971273,"latitude":49.4482409,"name":"Fahrradabstellplatz","city":"Nuernberg","address":null,"covered":false,"access":null,"website":null,"phone":null,"source":"OpenStreetMap/node/2545604609","sourceUpdatedAt":null,"verifiedAt":null}},{"type":"Feature","geometry":{"type":"Point","coordinates":[11.0879832,49.4573727]},"properties":{"id":"bikerack:ce403fe1-dee9-4ac2-8b06-2446f7b12d13","kind":"bikerack","longitude":11.0879832,"latitude":49.4573727,"name":"Fahrradabstellplatz","city":"Nuernberg","address":null,"covered":false,"access":null,"website":null,"phone":null,"source":"OpenStreetMap/node/2672185708","sourceUpdatedAt":null,"verifiedAt":null}},{"type":"Feature","geometry":{"type":"Point","coordinates":[11.0836611,49.4623413]},"properties":{"id":"bikerack:cf24a9d4-661d-4424-bf9a-f8e8faf43fbd","kind":"bikerack","longitude":11.0836611,"latitude":49.4623413,"name":"Fahrradabstellplatz","city":"Nuernberg","address":null,"covered":false,"access":null,"website":null,"phone":null,"source":"OpenStreetMap/node/8999391918","sourceUpdatedAt":null,"verifiedAt":null}},{"type":"Feature","geometry":{"type":"Point","coordinates":[11.0850744,49.4407138]},"properties":{"id":"bikerack:cf426697-c949-4e0d-bc86-2f6d8937867e","kind":"bikerack","longitude":11.0850744,"latitude":49.4407138,"name":"Fahrradabstellplatz","city":"Nuernberg","address":null,"covered":false,"access":null,"website":null,"phone":null,"source":"OpenStreetMap/node/9247411421","sourceUpdatedAt":null,"verifiedAt":null}},{"type":"Feature","geometry":{"type":"Point","coordinates":[11.0967795,49.4438045]},"properties":{"id":"bikerack:d0f92b34-0200-466b-9b73-3bbe772eaaea","kind":"bikerack","longitude":11.0967795,"latitude":49.4438045,"name":"Fahrradabstellplatz","city":"Nuernberg","address":null,"covered":false,"access":null,"website":null,"phone":null,"source":"OpenStreetMap/node/11383605124","sourceUpdatedAt":null,"verifiedAt":null}},{"type":"Feature","geometry":{"type":"Point","coordinates":[11.0804486,49.453453]},"properties":{"id":"bikerack:d150feec-6293-49a8-97bd-9b1863d0b36a","kind":"bikerack","longitude":11.0804486,"latitude":49.453453,"name":"Fahrradabstellplatz","city":"Nuernberg","address":null,"covered":false,"access":null,"website":null,"phone":null,"source":"OpenStreetMap/node/2672185696","sourceUpdatedAt":null,"verifiedAt":null}},{"type":"Feature","geometry":{"type":"Point","coordinates":[11.0877644,49.4529631]},"properties":{"id":"bikerack:d27d7562-a68a-4c32-b762-ccb56c8a15f0","kind":"bikerack","longitude":11.0877644,"latitude":49.4529631,"name":"Fahrradabstellplatz","city":"Nuernberg","address":null,"covered":false,"access":null,"website":null,"phone":null,"source":"OpenStreetMap/node/13637590802","sourceUpdatedAt":null,"verifiedAt":null}},{"type":"Feature","geometry":{"type":"Point","coordinates":[11.0829976,49.451923]},"properties":{"id":"bikerack:d32e4552-e92c-42bc-9f92-507e7942b4fb","kind":"bikerack","longitude":11.0829976,"latitude":49.451923,"name":"Fahrradabstellplatz","city":"Nuernberg","address":null,"covered":false,"access":null,"website":null,"phone":null,"source":"OpenStreetMap/node/7534087685","sourceUpdatedAt":null,"verifiedAt":null}},{"type":"Feature","geometry":{"type":"Point","coordinates":[11.0856196,49.4443919]},"properties":{"id":"bikerack:d3c08c98-0e66-4394-8492-9378cb690b1e","kind":"bikerack","longitude":11.0856196,"latitude":49.4443919,"name":"Fahrradabstellplatz","city":"Nuernberg","address":null,"covered":false,"access":null,"website":null,"phone":null,"source":"OpenStreetMap/node/12245790146","sourceUpdatedAt":null,"verifiedAt":null}},{"type":"Feature","geometry":{"type":"Point","coordinates":[11.0822957,49.4601816]},"properties":{"id":"bikerack:d48638f8-64a8-42cb-b612-fd9d1cb94190","kind":"bikerack","longitude":11.0822957,"latitude":49.4601816,"name":"Fahrradabstellplatz","city":"Nuernberg","address":null,"covered":false,"access":null,"website":null,"phone":null,"source":"OpenStreetMap/node/6620379743","sourceUpdatedAt":null,"verifiedAt":null}},{"type":"Feature","geometry":{"type":"Point","coordinates":[11.1005941,49.4466215]},"properties":{"id":"bikerack:d5352051-d52c-44ee-bb85-0771bad97492","kind":"bikerack","longitude":11.1005941,"latitude":49.4466215,"name":"Fahrradabstellplatz","city":"Nuernberg","address":null,"covered":false,"access":null,"website":null,"phone":null,"source":"OpenStreetMap/node/3896880801","sourceUpdatedAt":null,"verifiedAt":null}},{"type":"Feature","geometry":{"type":"Point","coordinates":[11.0785755,49.4595441]},"properties":{"id":"bikerack:d71d3e5d-ec99-4d5f-87d7-2aa526a0d110","kind":"bikerack","longitude":11.0785755,"latitude":49.4595441,"name":"Fahrradabstellplatz","city":"Nuernberg","address":null,"covered":false,"access":null,"website":null,"phone":null,"source":"OpenStreetMap/node/7545518810","sourceUpdatedAt":null,"verifiedAt":null}},{"type":"Feature","geometry":{"type":"Point","coordinates":[11.0884878,49.4658905]},"properties":{"id":"bikerack:d772d780-1dfa-40e7-b47a-17f1e3085d97","kind":"bikerack","longitude":11.0884878,"latitude":49.4658905,"name":"Fahrradabstellplatz","city":"Nuernberg","address":null,"covered":false,"access":null,"website":null,"phone":null,"source":"OpenStreetMap/node/12666643273","sourceUpdatedAt":null,"verifiedAt":null}},{"type":"Feature","geometry":{"type":"Point","coordinates":[11.0865593,49.4420341]},"properties":{"id":"bikerack:d7783e0f-1cbb-461c-ba91-81b9dab43bfa","kind":"bikerack","longitude":11.0865593,"latitude":49.4420341,"name":"Fahrradabstellplatz","city":"Nuernberg","address":null,"covered":false,"access":null,"website":null,"phone":null,"source":"OpenStreetMap/node/4748280395","sourceUpdatedAt":null,"verifiedAt":null}},{"type":"Feature","geometry":{"type":"Point","coordinates":[11.0923667,49.4620589]},"properties":{"id":"bikerack:d7fdec5f-9b17-46cd-ad90-76e0ba22cadb","kind":"bikerack","longitude":11.0923667,"latitude":49.4620589,"name":"Fahrradabstellplatz","city":"Nuernberg","address":null,"covered":false,"access":null,"website":null,"phone":null,"source":"OpenStreetMap/node/4789718834","sourceUpdatedAt":null,"verifiedAt":null}},{"type":"Feature","geometry":{"type":"Point","coordinates":[11.0933032,49.4527235]},"properties":{"id":"bikerack:da54083e-abc3-439a-a354-305604336739","kind":"bikerack","longitude":11.0933032,"latitude":49.4527235,"name":"Fahrradabstellplatz","city":"Nuernberg","address":null,"covered":false,"access":null,"website":null,"phone":null,"source":"OpenStreetMap/way/1416803820","sourceUpdatedAt":null,"verifiedAt":null}},{"type":"Feature","geometry":{"type":"Point","coordinates":[11.085614,49.4643128]},"properties":{"id":"bikerack:da9526bf-f57d-41a7-a2b8-05b46e2842e0","kind":"bikerack","longitude":11.085614,"latitude":49.4643128,"name":"Fahrradabstellplatz","city":"Nuernberg","address":null,"covered":false,"access":null,"website":null,"phone":null,"source":"OpenStreetMap/node/12666643269","sourceUpdatedAt":null,"verifiedAt":null}},{"type":"Feature","geometry":{"type":"Point","coordinates":[11.0759809,49.4564331]},"properties":{"id":"bikerack:db6548cf-8cd5-42ca-8c7c-5d10cc568054","kind":"bikerack","longitude":11.0759809,"latitude":49.4564331,"name":"Fahrradabstellplatz","city":"Nuernberg","address":null,"covered":false,"access":null,"website":null,"phone":null,"source":"OpenStreetMap/node/4411382971","sourceUpdatedAt":null,"verifiedAt":null}},{"type":"Feature","geometry":{"type":"Point","coordinates":[11.0777123,49.4594192]},"properties":{"id":"bikerack:db7bf792-cb34-47fd-aba9-9099069dabb5","kind":"bikerack","longitude":11.0777123,"latitude":49.4594192,"name":"Fahrradabstellplatz","city":"Nuernberg","address":null,"covered":false,"access":null,"website":null,"phone":null,"source":"OpenStreetMap/node/3956329455","sourceUpdatedAt":null,"verifiedAt":null}},{"type":"Feature","geometry":{"type":"Point","coordinates":[11.0783401,49.4621829]},"properties":{"id":"bikerack:dbe9e16f-7b6f-4874-92bb-d5506752a8ac","kind":"bikerack","longitude":11.0783401,"latitude":49.4621829,"name":"Fahrradabstellplatz","city":"Nuernberg","address":null,"covered":false,"access":null,"website":null,"phone":null,"source":"OpenStreetMap/node/9529642807","sourceUpdatedAt":null,"verifiedAt":null}},{"type":"Feature","geometry":{"type":"Point","coordinates":[11.0981896,49.4437752]},"properties":{"id":"bikerack:dc215b03-7c5f-495c-8ebd-4236b14f8f8f","kind":"bikerack","longitude":11.0981896,"latitude":49.4437752,"name":"Fahrradabstellplatz","city":"Nuernberg","address":null,"covered":false,"access":null,"website":null,"phone":null,"source":"OpenStreetMap/node/11383605128","sourceUpdatedAt":null,"verifiedAt":null}},{"type":"Feature","geometry":{"type":"Point","coordinates":[11.1114233,49.4614251]},"properties":{"id":"bikerack:dce9a016-7871-4132-a744-2d66b0ffc24a","kind":"bikerack","longitude":11.1114233,"latitude":49.4614251,"name":"Fahrradabstellplatz","city":"Nuernberg","address":null,"covered":false,"access":null,"website":null,"phone":null,"source":"OpenStreetMap/node/972266119","sourceUpdatedAt":null,"verifiedAt":null}},{"type":"Feature","geometry":{"type":"Point","coordinates":[11.0776526,49.4634943]},"properties":{"id":"bikerack:dcfb6aca-dc9b-44f6-8ce9-cb10f1449fea","kind":"bikerack","longitude":11.0776526,"latitude":49.4634943,"name":"Fahrradabstellplatz","city":"Nuernberg","address":null,"covered":false,"access":null,"website":null,"phone":null,"source":"OpenStreetMap/node/8920589617","sourceUpdatedAt":null,"verifiedAt":null}},{"type":"Feature","geometry":{"type":"Point","coordinates":[11.0873543,49.4575757]},"properties":{"id":"bikerack:df0e0e91-a5da-4536-a808-d6c9d6ff5f46","kind":"bikerack","longitude":11.0873543,"latitude":49.4575757,"name":"Fahrradabstellplatz","city":"Nuernberg","address":null,"covered":false,"access":null,"website":null,"phone":null,"source":"OpenStreetMap/node/13319689118","sourceUpdatedAt":null,"verifiedAt":null}},{"type":"Feature","geometry":{"type":"Point","coordinates":[11.088606,49.4540836]},"properties":{"id":"bikerack:dfa5454b-9b03-4f48-b7ce-823bf59b5e72","kind":"bikerack","longitude":11.088606,"latitude":49.4540836,"name":"Fahrradabstellplatz","city":"Nuernberg","address":null,"covered":false,"access":null,"website":null,"phone":null,"source":"OpenStreetMap/node/13633259985","sourceUpdatedAt":null,"verifiedAt":null}},{"type":"Feature","geometry":{"type":"Point","coordinates":[11.0853124,49.4610402]},"properties":{"id":"bikerack:dfce4f4d-c1c7-45c8-b89c-d4bfe708ec37","kind":"bikerack","longitude":11.0853124,"latitude":49.4610402,"name":"Fahrradabstellplatz","city":"Nuernberg","address":null,"covered":false,"access":null,"website":null,"phone":null,"source":"OpenStreetMap/node/8274713628","sourceUpdatedAt":null,"verifiedAt":null}},{"type":"Feature","geometry":{"type":"Point","coordinates":[11.0817088,49.4519656]},"properties":{"id":"bikerack:e0565d21-cfe4-41d0-a9f9-f76e24cf6481","kind":"bikerack","longitude":11.0817088,"latitude":49.4519656,"name":"Fahrradabstellplatz","city":"Nuernberg","address":null,"covered":false,"access":null,"website":null,"phone":null,"source":"OpenStreetMap/node/6635532938","sourceUpdatedAt":null,"verifiedAt":null}},{"type":"Feature","geometry":{"type":"Point","coordinates":[11.0744658,49.4454292]},"properties":{"id":"bikerack:e07c3c3e-91ed-47d0-8980-cbeb530df680","kind":"bikerack","longitude":11.0744658,"latitude":49.4454292,"name":"Fahrradabstellplatz","city":"Nuernberg","address":null,"covered":false,"access":null,"website":null,"phone":null,"source":"OpenStreetMap/node/2174595177","sourceUpdatedAt":null,"verifiedAt":null}},{"type":"Feature","geometry":{"type":"Point","coordinates":[11.1009725,49.4654206]},"properties":{"id":"bikerack:e1024199-6c3d-426e-a490-d8e16a09fea8","kind":"bikerack","longitude":11.1009725,"latitude":49.4654206,"name":"Fahrradabstellplatz","city":"Nuernberg","address":null,"covered":false,"access":null,"website":null,"phone":null,"source":"OpenStreetMap/node/1517556730","sourceUpdatedAt":null,"verifiedAt":null}},{"type":"Feature","geometry":{"type":"Point","coordinates":[11.111488,49.4447581]},"properties":{"id":"bikerack:e2765b46-3d68-4578-8fee-e2b688ee5795","kind":"bikerack","longitude":11.111488,"latitude":49.4447581,"name":"Fahrradabstellplatz","city":"Nuernberg","address":null,"covered":true,"access":null,"website":null,"phone":null,"source":"OpenStreetMap/way/188416999","sourceUpdatedAt":null,"verifiedAt":null}},{"type":"Feature","geometry":{"type":"Point","coordinates":[11.0776011,49.4632996]},"properties":{"id":"bikerack:e2c121bb-aba9-41a3-a8c8-62f9e1007a7e","kind":"bikerack","longitude":11.0776011,"latitude":49.4632996,"name":"Fahrradabstellplatz","city":"Nuernberg","address":null,"covered":false,"access":null,"website":null,"phone":null,"source":"OpenStreetMap/node/8952638119","sourceUpdatedAt":null,"verifiedAt":null}},{"type":"Feature","geometry":{"type":"Point","coordinates":[11.0825138,49.4468666]},"properties":{"id":"bikerack:e4216af8-a826-40cf-90ff-3105b23c31e2","kind":"bikerack","longitude":11.0825138,"latitude":49.4468666,"name":"Fahrradabstellplatz","city":"Nuernberg","address":null,"covered":true,"access":null,"website":null,"phone":null,"source":"OpenStreetMap/node/11420568027","sourceUpdatedAt":null,"verifiedAt":null}},{"type":"Feature","geometry":{"type":"Point","coordinates":[11.089765,49.4574697]},"properties":{"id":"bikerack:e4510469-876a-41b8-a072-486bd575ce1a","kind":"bikerack","longitude":11.089765,"latitude":49.4574697,"name":"Fahrradabstellplatz","city":"Nuernberg","address":null,"covered":false,"access":null,"website":null,"phone":null,"source":"OpenStreetMap/node/12231645615","sourceUpdatedAt":null,"verifiedAt":null}},{"type":"Feature","geometry":{"type":"Point","coordinates":[11.0806801,49.4463289]},"properties":{"id":"bikerack:e4795624-1ab3-4b58-bd44-ffa7d1224d66","kind":"bikerack","longitude":11.0806801,"latitude":49.4463289,"name":"Fahrradabstellplatz","city":"Nuernberg","address":null,"covered":true,"access":null,"website":null,"phone":null,"source":"OpenStreetMap/way/562002777","sourceUpdatedAt":null,"verifiedAt":null}},{"type":"Feature","geometry":{"type":"Point","coordinates":[11.0845485,49.4565533]},"properties":{"id":"bikerack:e49ea007-2a7e-40a1-af95-773dae1ab3cc","kind":"bikerack","longitude":11.0845485,"latitude":49.4565533,"name":"Fahrradabstellplatz","city":"Nuernberg","address":null,"covered":false,"access":null,"website":null,"phone":null,"source":"OpenStreetMap/node/13319689120","sourceUpdatedAt":null,"verifiedAt":null}},{"type":"Feature","geometry":{"type":"Point","coordinates":[11.0878187,49.4543035]},"properties":{"id":"bikerack:e631589a-76aa-4f92-9292-0a8227ba89cf","kind":"bikerack","longitude":11.0878187,"latitude":49.4543035,"name":"Fahrradabstellplatz","city":"Nuernberg","address":null,"covered":false,"access":null,"website":null,"phone":null,"source":"OpenStreetMap/node/13633207916","sourceUpdatedAt":null,"verifiedAt":null}},{"type":"Feature","geometry":{"type":"Point","coordinates":[11.0887327,49.4570891]},"properties":{"id":"bikerack:e6ed2add-cd8a-4c4d-86d7-d29fd29605d0","kind":"bikerack","longitude":11.0887327,"latitude":49.4570891,"name":"Fahrradabstellplatz","city":"Nuernberg","address":null,"covered":false,"access":null,"website":null,"phone":null,"source":"OpenStreetMap/node/2545604623","sourceUpdatedAt":null,"verifiedAt":null}},{"type":"Feature","geometry":{"type":"Point","coordinates":[11.0805206,49.4482886]},"properties":{"id":"bikerack:e756c1ee-fb92-4cfb-9cf1-15b35bbca1e6","kind":"bikerack","longitude":11.0805206,"latitude":49.4482886,"name":"Fahrradabstellplatz","city":"Nuernberg","address":null,"covered":false,"access":null,"website":null,"phone":null,"source":"OpenStreetMap/node/13609602520","sourceUpdatedAt":null,"verifiedAt":null}},{"type":"Feature","geometry":{"type":"Point","coordinates":[11.0846842,49.4537651]},"properties":{"id":"bikerack:e765b2ec-9482-449d-8a4e-afd9284c1206","kind":"bikerack","longitude":11.0846842,"latitude":49.4537651,"name":"Fahrradabstellplatz","city":"Nuernberg","address":null,"covered":false,"access":null,"website":null,"phone":null,"source":"OpenStreetMap/node/95031130","sourceUpdatedAt":null,"verifiedAt":null}},{"type":"Feature","geometry":{"type":"Point","coordinates":[11.0799694,49.4521574]},"properties":{"id":"bikerack:e8b9ac94-d066-4923-9bd9-3dc58f29f228","kind":"bikerack","longitude":11.0799694,"latitude":49.4521574,"name":"Fahrradabstellplatz","city":"Nuernberg","address":null,"covered":false,"access":null,"website":null,"phone":null,"source":"OpenStreetMap/node/1499694639","sourceUpdatedAt":null,"verifiedAt":null}},{"type":"Feature","geometry":{"type":"Point","coordinates":[11.0844667,49.4407254]},"properties":{"id":"bikerack:eb4dcdb2-498c-497b-bbd4-5659b10a9a45","kind":"bikerack","longitude":11.0844667,"latitude":49.4407254,"name":"Fahrradabstellplatz","city":"Nuernberg","address":null,"covered":false,"access":null,"website":null,"phone":null,"source":"OpenStreetMap/node/10961101686","sourceUpdatedAt":null,"verifiedAt":null}},{"type":"Feature","geometry":{"type":"Point","coordinates":[11.0847812,49.449089]},"properties":{"id":"bikerack:eb5b47b3-78e6-485f-bc36-c0f2280fcf21","kind":"bikerack","longitude":11.0847812,"latitude":49.449089,"name":"Fahrradabstellplatz","city":"Nuernberg","address":null,"covered":true,"access":null,"website":null,"phone":null,"source":"OpenStreetMap/node/9205025725","sourceUpdatedAt":null,"verifiedAt":null}},{"type":"Feature","geometry":{"type":"Point","coordinates":[11.0861798,49.462804]},"properties":{"id":"bikerack:ec626bfd-bf08-44a8-aeb7-a7444560a065","kind":"bikerack","longitude":11.0861798,"latitude":49.462804,"name":"Fahrradabstellplatz","city":"Nuernberg","address":null,"covered":false,"access":null,"website":null,"phone":null,"source":"OpenStreetMap/node/6799255990","sourceUpdatedAt":null,"verifiedAt":null}},{"type":"Feature","geometry":{"type":"Point","coordinates":[11.1006564,49.4577314]},"properties":{"id":"bikerack:ecd2f64f-a82f-42b2-b31b-80136002aa42","kind":"bikerack","longitude":11.1006564,"latitude":49.4577314,"name":"Fahrradabstellplatz","city":"Nuernberg","address":null,"covered":false,"access":null,"website":null,"phone":null,"source":"OpenStreetMap/node/8729339218","sourceUpdatedAt":null,"verifiedAt":null}},{"type":"Feature","geometry":{"type":"Point","coordinates":[11.1001203,49.4399975]},"properties":{"id":"bikerack:ed593e1a-80a7-4a10-aeb1-dc0f1b42f4fe","kind":"bikerack","longitude":11.1001203,"latitude":49.4399975,"name":"Fahrradabstellplatz","city":"Nuernberg","address":null,"covered":false,"access":null,"website":null,"phone":null,"source":"OpenStreetMap/node/6576509129","sourceUpdatedAt":null,"verifiedAt":null}},{"type":"Feature","geometry":{"type":"Point","coordinates":[11.08333,49.4607329]},"properties":{"id":"bikerack:efe7ff82-aed4-4bf9-a33f-c66d12e7b211","kind":"bikerack","longitude":11.08333,"latitude":49.4607329,"name":"Fahrradabstellplatz","city":"Nuernberg","address":null,"covered":true,"access":null,"website":null,"phone":null,"source":"OpenStreetMap/node/6789862787","sourceUpdatedAt":null,"verifiedAt":null}},{"type":"Feature","geometry":{"type":"Point","coordinates":[11.0948822,49.4429882]},"properties":{"id":"bikerack:eff1691a-4259-4296-acab-b9561660d7e0","kind":"bikerack","longitude":11.0948822,"latitude":49.4429882,"name":"Fahrradabstellplatz","city":"Nuernberg","address":null,"covered":false,"access":null,"website":null,"phone":null,"source":"OpenStreetMap/node/13205463744","sourceUpdatedAt":null,"verifiedAt":null}},{"type":"Feature","geometry":{"type":"Point","coordinates":[11.0996603,49.4427199]},"properties":{"id":"bikerack:f01c337b-6188-4c2f-90bc-dd6378b798cd","kind":"bikerack","longitude":11.0996603,"latitude":49.4427199,"name":"Fahrradabstellplatz","city":"Nuernberg","address":null,"covered":false,"access":null,"website":null,"phone":null,"source":"OpenStreetMap/node/11480653707","sourceUpdatedAt":null,"verifiedAt":null}},{"type":"Feature","geometry":{"type":"Point","coordinates":[11.1011832,49.4435529]},"properties":{"id":"bikerack:f06a94f7-cc8b-4e58-b79b-66d83ed3b3a3","kind":"bikerack","longitude":11.1011832,"latitude":49.4435529,"name":"Fahrradabstellplatz","city":"Nuernberg","address":null,"covered":false,"access":null,"website":null,"phone":null,"source":"OpenStreetMap/node/12585834297","sourceUpdatedAt":null,"verifiedAt":null}},{"type":"Feature","geometry":{"type":"Point","coordinates":[11.081513,49.4491216]},"properties":{"id":"bikerack:f263ebd3-89b5-4252-b833-8ff02db93709","kind":"bikerack","longitude":11.081513,"latitude":49.4491216,"name":"Fahrradabstellplatz","city":"Nuernberg","address":null,"covered":false,"access":null,"website":null,"phone":null,"source":"OpenStreetMap/node/9765031024","sourceUpdatedAt":null,"verifiedAt":null}},{"type":"Feature","geometry":{"type":"Point","coordinates":[11.0799781,49.4498264]},"properties":{"id":"bikerack:f2e42442-ed77-48bd-bbbe-16245e7e86eb","kind":"bikerack","longitude":11.0799781,"latitude":49.4498264,"name":"Fahrradabstellplatz","city":"Nuernberg","address":null,"covered":false,"access":null,"website":null,"phone":null,"source":"OpenStreetMap/node/13017620778","sourceUpdatedAt":null,"verifiedAt":null}},{"type":"Feature","geometry":{"type":"Point","coordinates":[11.0776081,49.4493874]},"properties":{"id":"bikerack:f2fd60c2-5acb-44f5-aab2-1521103e943e","kind":"bikerack","longitude":11.0776081,"latitude":49.4493874,"name":"Fahrradabstellplatz","city":"Nuernberg","address":null,"covered":false,"access":null,"website":null,"phone":null,"source":"OpenStreetMap/way/365837874","sourceUpdatedAt":null,"verifiedAt":null}},{"type":"Feature","geometry":{"type":"Point","coordinates":[11.0756226,49.4552949]},"properties":{"id":"bikerack:f3d9ac17-43c9-4d54-ad29-8aa95fe75b4e","kind":"bikerack","longitude":11.0756226,"latitude":49.4552949,"name":"Fahrradabstellplatz","city":"Nuernberg","address":null,"covered":false,"access":null,"website":null,"phone":null,"source":"OpenStreetMap/node/13108942026","sourceUpdatedAt":null,"verifiedAt":null}},{"type":"Feature","geometry":{"type":"Point","coordinates":[11.0793397,49.4490492]},"properties":{"id":"bikerack:f49b76a4-dff6-4761-babc-39af3978a016","kind":"bikerack","longitude":11.0793397,"latitude":49.4490492,"name":"Fahrradabstellplatz","city":"Nuernberg","address":null,"covered":false,"access":null,"website":null,"phone":null,"source":"OpenStreetMap/node/972312560","sourceUpdatedAt":null,"verifiedAt":null}},{"type":"Feature","geometry":{"type":"Point","coordinates":[11.0801234,49.4534162]},"properties":{"id":"bikerack:f4d47b82-58b6-4541-bd87-3ba35f21eb51","kind":"bikerack","longitude":11.0801234,"latitude":49.4534162,"name":"Fahrradabstellplatz","city":"Nuernberg","address":null,"covered":false,"access":null,"website":null,"phone":null,"source":"OpenStreetMap/node/2672185693","sourceUpdatedAt":null,"verifiedAt":null}},{"type":"Feature","geometry":{"type":"Point","coordinates":[11.085973,49.4633145]},"properties":{"id":"bikerack:f4e4cc4c-9ffd-49f4-8992-f7bf2e14ebbf","kind":"bikerack","longitude":11.085973,"latitude":49.4633145,"name":"Fahrradabstellplatz","city":"Nuernberg","address":null,"covered":false,"access":null,"website":null,"phone":null,"source":"OpenStreetMap/node/6799293585","sourceUpdatedAt":null,"verifiedAt":null}},{"type":"Feature","geometry":{"type":"Point","coordinates":[11.0958171,49.4398204]},"properties":{"id":"bikerack:f5789619-d7b5-401f-9cc7-dd7221000757","kind":"bikerack","longitude":11.0958171,"latitude":49.4398204,"name":"Fahrradabstellplatz","city":"Nuernberg","address":null,"covered":false,"access":null,"website":null,"phone":null,"source":"OpenStreetMap/node/11816012229","sourceUpdatedAt":null,"verifiedAt":null}},{"type":"Feature","geometry":{"type":"Point","coordinates":[11.0836676,49.4475992]},"properties":{"id":"bikerack:f60e6593-3d9d-4603-b1fc-e58d7677ce2b","kind":"bikerack","longitude":11.0836676,"latitude":49.4475992,"name":"Fahrradabstellplatz","city":"Nuernberg","address":null,"covered":false,"access":null,"website":null,"phone":null,"source":"OpenStreetMap/node/9205025215","sourceUpdatedAt":null,"verifiedAt":null}},{"type":"Feature","geometry":{"type":"Point","coordinates":[11.0798933,49.4522306]},"properties":{"id":"bikerack:f615bd69-6711-45ad-b601-5cc5ccd4c109","kind":"bikerack","longitude":11.0798933,"latitude":49.4522306,"name":"Fahrradabstellplatz","city":"Nuernberg","address":null,"covered":true,"access":null,"website":null,"phone":null,"source":"OpenStreetMap/node/9897568271","sourceUpdatedAt":null,"verifiedAt":null}},{"type":"Feature","geometry":{"type":"Point","coordinates":[11.0749039,49.4517391]},"properties":{"id":"bikerack:f648082d-878f-4abc-9cdc-e172ad34e8e6","kind":"bikerack","longitude":11.0749039,"latitude":49.4517391,"name":"Fahrradabstellplatz","city":"Nuernberg","address":null,"covered":true,"access":null,"website":null,"phone":null,"source":"OpenStreetMap/way/242547444","sourceUpdatedAt":null,"verifiedAt":null}},{"type":"Feature","geometry":{"type":"Point","coordinates":[11.0764603,49.4623043]},"properties":{"id":"bikerack:f79e1f9f-d4de-4941-ba9a-c88fdbba8f63","kind":"bikerack","longitude":11.0764603,"latitude":49.4623043,"name":"Fahrradabstellplatz","city":"Nuernberg","address":null,"covered":false,"access":null,"website":null,"phone":null,"source":"OpenStreetMap/node/8905040021","sourceUpdatedAt":null,"verifiedAt":null}},{"type":"Feature","geometry":{"type":"Point","coordinates":[11.087675,49.4529235]},"properties":{"id":"bikerack:f7d7fe6c-121e-4d8d-9a50-ec12201cd2af","kind":"bikerack","longitude":11.087675,"latitude":49.4529235,"name":"Fahrradabstellplatz","city":"Nuernberg","address":null,"covered":false,"access":null,"website":null,"phone":null,"source":"OpenStreetMap/node/13637595139","sourceUpdatedAt":null,"verifiedAt":null}},{"type":"Feature","geometry":{"type":"Point","coordinates":[11.082949,49.4569299]},"properties":{"id":"bikerack:f8b46d1c-5326-46cf-9de5-90f50cfcb426","kind":"bikerack","longitude":11.082949,"latitude":49.4569299,"name":"Fahrradabstellplatz","city":"Nuernberg","address":null,"covered":false,"access":null,"website":null,"phone":null,"source":"OpenStreetMap/node/1497316306","sourceUpdatedAt":null,"verifiedAt":null}},{"type":"Feature","geometry":{"type":"Point","coordinates":[11.0910794,49.4678894]},"properties":{"id":"bikerack:f9b79b0d-6b57-486c-85f0-01fa4943d201","kind":"bikerack","longitude":11.0910794,"latitude":49.4678894,"name":"Fahrradabstellplatz","city":"Nuernberg","address":null,"covered":false,"access":null,"website":null,"phone":null,"source":"OpenStreetMap/node/12666643263","sourceUpdatedAt":null,"verifiedAt":null}},{"type":"Feature","geometry":{"type":"Point","coordinates":[11.0953799,49.448665]},"properties":{"id":"bikerack:fa199658-efa2-4dc4-a706-804564d60d87","kind":"bikerack","longitude":11.0953799,"latitude":49.448665,"name":"Fahrradabstellplatz","city":"Nuernberg","address":null,"covered":false,"access":null,"website":null,"phone":null,"source":"OpenStreetMap/node/12093548278","sourceUpdatedAt":null,"verifiedAt":null}},{"type":"Feature","geometry":{"type":"Point","coordinates":[11.0855739,49.4397445]},"properties":{"id":"bikerack:faa20af0-c8e7-4499-8c87-41eb4e375bd0","kind":"bikerack","longitude":11.0855739,"latitude":49.4397445,"name":"Fahrradabstellplatz","city":"Nuernberg","address":null,"covered":false,"access":null,"website":null,"phone":null,"source":"OpenStreetMap/node/9312911520","sourceUpdatedAt":null,"verifiedAt":null}},{"type":"Feature","geometry":{"type":"Point","coordinates":[11.0799608,49.4633594]},"properties":{"id":"bikerack:fac5397f-1855-4ea7-904b-df435946e85a","kind":"bikerack","longitude":11.0799608,"latitude":49.4633594,"name":"Fahrradabstellplatz","city":"Nuernberg","address":null,"covered":false,"access":null,"website":null,"phone":null,"source":"OpenStreetMap/node/7545502037","sourceUpdatedAt":null,"verifiedAt":null}},{"type":"Feature","geometry":{"type":"Point","coordinates":[11.0876621,49.4529522]},"properties":{"id":"bikerack:fb0c0262-1665-46db-9c39-99d658886359","kind":"bikerack","longitude":11.0876621,"latitude":49.4529522,"name":"Fahrradabstellplatz","city":"Nuernberg","address":null,"covered":false,"access":null,"website":null,"phone":null,"source":"OpenStreetMap/node/13637595138","sourceUpdatedAt":null,"verifiedAt":null}},{"type":"Feature","geometry":{"type":"Point","coordinates":[11.1060007,49.4440788]},"properties":{"id":"bikerack:fcb6f25a-7a62-4fc7-b0f4-8eb857addaa0","kind":"bikerack","longitude":11.1060007,"latitude":49.4440788,"name":"Fahrradabstellplatz","city":"Nuernberg","address":null,"covered":false,"access":null,"website":null,"phone":null,"source":"OpenStreetMap/node/12806062010","sourceUpdatedAt":null,"verifiedAt":null}},{"type":"Feature","geometry":{"type":"Point","coordinates":[11.1050896,49.4522472]},"properties":{"id":"bikerack:fd8a7d37-846c-485a-b937-27b56c09ffb3","kind":"bikerack","longitude":11.1050896,"latitude":49.4522472,"name":"Fahrradabstellplatz","city":"Nuernberg","address":null,"covered":false,"access":null,"website":null,"phone":null,"source":"OpenStreetMap/node/5694722716","sourceUpdatedAt":null,"verifiedAt":null}},{"type":"Feature","geometry":{"type":"Point","coordinates":[11.085762,49.4632406]},"properties":{"id":"bikerack:fdd0f0e7-e4e9-4ae2-b5f4-eee54c687721","kind":"bikerack","longitude":11.085762,"latitude":49.4632406,"name":"Fahrradabstellplatz","city":"Nuernberg","address":null,"covered":false,"access":null,"website":null,"phone":null,"source":"OpenStreetMap/node/1448016108","sourceUpdatedAt":null,"verifiedAt":null}},{"type":"Feature","geometry":{"type":"Point","coordinates":[11.0810553,49.4469241]},"properties":{"id":"bikerack:feb00ca2-a046-4bbb-b418-da0f8bce4508","kind":"bikerack","longitude":11.0810553,"latitude":49.4469241,"name":"Fahrradabstellplatz","city":"Nuernberg","address":null,"covered":false,"access":null,"website":null,"phone":null,"source":"OpenStreetMap/way/68324507","sourceUpdatedAt":null,"verifiedAt":null}},{"type":"Feature","geometry":{"type":"Point","coordinates":[11.0754065,49.4515193]},"properties":{"id":"bikerack:fedb044b-cb8a-41e5-8054-582cc7f24689","kind":"bikerack","longitude":11.0754065,"latitude":49.4515193,"name":"Fahrradabstellplatz","city":"Nuernberg","address":null,"covered":false,"access":null,"website":null,"phone":null,"source":"OpenStreetMap/node/9074471717","sourceUpdatedAt":null,"verifiedAt":null}},{"type":"Feature","geometry":{"type":"Point","coordinates":[11.0813482,49.4580535]},"properties":{"id":"bikerack:fede9178-75ac-4d5b-a9c0-93ce4faecf95","kind":"bikerack","longitude":11.0813482,"latitude":49.4580535,"name":"Fahrradabstellplatz","city":"Nuernberg","address":null,"covered":false,"access":null,"website":null,"phone":null,"source":"OpenStreetMap/node/12666643259","sourceUpdatedAt":null,"verifiedAt":null}},{"type":"Feature","geometry":{"type":"Point","coordinates":[11.0803661,49.4460422]},"properties":{"id":"bikerack:ff555054-df53-4f2f-b004-86b1c6d3073f","kind":"bikerack","longitude":11.0803661,"latitude":49.4460422,"name":"Fahrradabstellplatz","city":"Nuernberg","address":null,"covered":false,"access":null,"website":null,"phone":null,"source":"OpenStreetMap/node/9247411318","sourceUpdatedAt":null,"verifiedAt":null}},{"type":"Feature","geometry":{"type":"Point","coordinates":[11.0882779,49.4451384]},"properties":{"id":"repair:023f0611-7c91-429e-8de1-edd1188d95f9","kind":"repair","longitude":11.0882779,"latitude":49.4451384,"name":"IJZ-Radservice Station","city":"Nuernberg","address":null,"covered":false,"access":null,"website":null,"phone":null,"source":"OpenStreetMap/node/11298616096","sourceUpdatedAt":null,"verifiedAt":null}},{"type":"Feature","geometry":{"type":"Point","coordinates":[11.0931349,49.4525507]},"properties":{"id":"repair:f1fb855d-4b7d-4ab3-b158-561176070e07","kind":"repair","longitude":11.0931349,"latitude":49.4525507,"name":"Fahrradreparaturstation","city":"Nuernberg","address":null,"covered":false,"access":null,"website":null,"phone":null,"source":"OpenStreetMap/node/12213891732","sourceUpdatedAt":null,"verifiedAt":null}},{"type":"Feature","geometry":{"type":"Point","coordinates":[11.0985883,49.4441079]},"properties":{"id":"service:11f30785-7076-4a35-9d24-555cb8dd2cfe","kind":"service","longitude":11.0985883,"latitude":49.4441079,"name":"Pedelec Schmidt","city":"Nürnberg","address":null,"covered":null,"access":null,"website":null,"phone":null,"source":"OpenStreetMap/node/2302866673","sourceUpdatedAt":null,"verifiedAt":null}},{"type":"Feature","geometry":{"type":"Point","coordinates":[11.0918141,49.4414334]},"properties":{"id":"service:3e9efb93-2fa6-45a5-8f4f-57bc0c0844f8","kind":"service","longitude":11.0918141,"latitude":49.4414334,"name":"VELO Radsport","city":"Nürnberg","address":null,"covered":null,"access":null,"website":null,"phone":null,"source":"OpenStreetMap/node/1539302109","sourceUpdatedAt":null,"verifiedAt":null}},{"type":"Feature","geometry":{"type":"Point","coordinates":[11.0910837,49.4481418]},"properties":{"id":"service:597c0d66-c1f0-403a-8bce-139efdaaf57f","kind":"service","longitude":11.0910837,"latitude":49.4481418,"name":"e-motion","city":"Nuernberg","address":null,"covered":null,"access":null,"website":null,"phone":null,"source":"OpenStreetMap/node/305159330","sourceUpdatedAt":null,"verifiedAt":null}},{"type":"Feature","geometry":{"type":"Point","coordinates":[11.107785,49.4663284]},"properties":{"id":"service:6b3c9ec4-769b-4ad5-8132-49b3ed1faa8e","kind":"service","longitude":11.107785,"latitude":49.4663284,"name":"Radsport Burkhardt","city":"Nürnberg","address":null,"covered":null,"access":null,"website":null,"phone":null,"source":"OpenStreetMap/node/89226655","sourceUpdatedAt":null,"verifiedAt":null}},{"type":"Feature","geometry":{"type":"Point","coordinates":[11.078517,49.4470669]},"properties":{"id":"service:72b0e1b1-155c-42ec-98b6-cd00fd4d1dfd","kind":"service","longitude":11.078517,"latitude":49.4470669,"name":"Eddy would attack","city":"Nürnberg","address":null,"covered":null,"access":null,"website":null,"phone":null,"source":"OpenStreetMap/node/5211043039","sourceUpdatedAt":null,"verifiedAt":null}},{"type":"Feature","geometry":{"type":"Point","coordinates":[11.0926889,49.4609449]},"properties":{"id":"service:80105525-fd62-4850-95a5-7c8fcfd861c0","kind":"service","longitude":11.0926889,"latitude":49.4609449,"name":"Partner of Sports","city":"Nürnberg","address":null,"covered":null,"access":null,"website":null,"phone":null,"source":"OpenStreetMap/node/1527199889","sourceUpdatedAt":null,"verifiedAt":null}},{"type":"Feature","geometry":{"type":"Point","coordinates":[11.0742469,49.4415456]},"properties":{"id":"service:8c058c3a-ed5f-4527-8bff-9fbf650b7f70","kind":"service","longitude":11.0742469,"latitude":49.4415456,"name":"Trek","city":"Nürnberg","address":null,"covered":null,"access":null,"website":null,"phone":null,"source":"OpenStreetMap/node/11409610564","sourceUpdatedAt":null,"verifiedAt":null}},{"type":"Feature","geometry":{"type":"Point","coordinates":[11.0969766,49.4447301]},"properties":{"id":"service:a284bbf5-9825-4a70-8ee3-24e09f696e2c","kind":"service","longitude":11.0969766,"latitude":49.4447301,"name":"Veloloft","city":"Nürnberg","address":null,"covered":null,"access":null,"website":null,"phone":null,"source":"OpenStreetMap/node/4850524078","sourceUpdatedAt":null,"verifiedAt":null}},{"type":"Feature","geometry":{"type":"Point","coordinates":[11.1007923,49.4594838]},"properties":{"id":"service:ab7829ef-eb77-443a-96bb-55fb431190bd","kind":"service","longitude":11.1007923,"latitude":49.4594838,"name":"Hugo Cycles & Arts","city":"Nürnberg","address":null,"covered":null,"access":null,"website":null,"phone":null,"source":"OpenStreetMap/node/1175726653","sourceUpdatedAt":null,"verifiedAt":null}},{"type":"Feature","geometry":{"type":"Point","coordinates":[11.0872342,49.4482257]},"properties":{"id":"service:ae079f1a-16b9-4a30-936a-80a7e4ececa4","kind":"service","longitude":11.0872342,"latitude":49.4482257,"name":"m-way","city":"Nuernberg","address":null,"covered":null,"access":null,"website":null,"phone":null,"source":"OpenStreetMap/node/1539339109","sourceUpdatedAt":null,"verifiedAt":null}},{"type":"Feature","geometry":{"type":"Point","coordinates":[11.0972803,49.4562797]},"properties":{"id":"service:c2c22c19-72c3-44d1-80a8-affc4991048a","kind":"service","longitude":11.0972803,"latitude":49.4562797,"name":"SALA","city":"Nuernberg","address":null,"covered":null,"access":null,"website":null,"phone":null,"source":"OpenStreetMap/node/4936488971","sourceUpdatedAt":null,"verifiedAt":null}},{"type":"Feature","geometry":{"type":"Point","coordinates":[11.0748289,49.4521997]},"properties":{"id":"service:c7295711-b013-4554-96a0-c4cc34a6d7ae","kind":"service","longitude":11.0748289,"latitude":49.4521997,"name":"Juizz","city":"Nürnberg","address":null,"covered":null,"access":null,"website":null,"phone":null,"source":"OpenStreetMap/node/2052761408","sourceUpdatedAt":null,"verifiedAt":null}},{"type":"Feature","geometry":{"type":"Point","coordinates":[11.078362,49.4428081]},"properties":{"id":"service:d5a48c16-9ae8-432d-be36-f8b90e892edc","kind":"service","longitude":11.078362,"latitude":49.4428081,"name":"SAYA Fahrräder","city":"Nürnberg","address":null,"covered":null,"access":null,"website":null,"phone":null,"source":"OpenStreetMap/node/2104886701","sourceUpdatedAt":null,"verifiedAt":null}},{"type":"Feature","geometry":{"type":"Point","coordinates":[11.0951626,49.4431946]},"properties":{"id":"service:dfddcca6-49b9-483d-912d-b316404dc41e","kind":"service","longitude":11.0951626,"latitude":49.4431946,"name":"Fahrrad Herbst","city":"Nürnberg","address":null,"covered":null,"access":null,"website":null,"phone":null,"source":"OpenStreetMap/node/1565168771","sourceUpdatedAt":null,"verifiedAt":null}},{"type":"Feature","geometry":{"type":"Point","coordinates":[11.1034307,49.4580832]},"properties":{"id":"water:262765a1-99ac-4440-bdbb-7aeff4baa872","kind":"water","longitude":11.1034307,"latitude":49.4580832,"name":"Trinkwasser","city":"Nuernberg","address":null,"covered":null,"access":null,"website":null,"phone":null,"source":"OpenStreetMap/node/684325232","sourceUpdatedAt":null,"verifiedAt":null}},{"type":"Feature","geometry":{"type":"Point","coordinates":[11.0793532,49.4419154]},"properties":{"id":"water:332f0796-00b7-4e1d-8138-e14ab68473a7","kind":"water","longitude":11.0793532,"latitude":49.4419154,"name":"Trinkwasser","city":"Nuernberg","address":null,"covered":null,"access":null,"website":null,"phone":null,"source":"OpenStreetMap/node/6918341846","sourceUpdatedAt":null,"verifiedAt":null}},{"type":"Feature","geometry":{"type":"Point","coordinates":[11.1085765,49.4631895]},"properties":{"id":"water:48a404cc-d7cb-4882-b51f-8d02a8be0ba6","kind":"water","longitude":11.1085765,"latitude":49.4631895,"name":"Trinkwasser","city":"Nuernberg","address":null,"covered":null,"access":null,"website":null,"phone":null,"source":"OpenStreetMap/node/9692959843","sourceUpdatedAt":null,"verifiedAt":null}},{"type":"Feature","geometry":{"type":"Point","coordinates":[11.0796705,49.4508188]},"properties":{"id":"water:577bdc74-3dc7-4006-a66f-b9ff2c9c9e6e","kind":"water","longitude":11.0796705,"latitude":49.4508188,"name":"Trinkwasser","city":"Nuernberg","address":null,"covered":null,"access":null,"website":null,"phone":null,"source":"OpenStreetMap/node/13168145648","sourceUpdatedAt":null,"verifiedAt":null}},{"type":"Feature","geometry":{"type":"Point","coordinates":[11.0769077,49.4535599]},"properties":{"id":"water:8a2f3dbf-6085-47b1-9c7b-8f98f0014a6e","kind":"water","longitude":11.0769077,"latitude":49.4535599,"name":"Yoshimi-Hashimoto-Brunnen","city":"Nuernberg","address":null,"covered":null,"access":null,"website":null,"phone":null,"source":"OpenStreetMap/node/4319762326","sourceUpdatedAt":null,"verifiedAt":null}},{"type":"Feature","geometry":{"type":"Point","coordinates":[11.0820617,49.4436616]},"properties":{"id":"water:a3c21d85-d3ec-4089-a59e-d946641c9611","kind":"water","longitude":11.0820617,"latitude":49.4436616,"name":"Trinkwasser","city":"Nuernberg","address":null,"covered":null,"access":null,"website":null,"phone":null,"source":"OpenStreetMap/node/12076880286","sourceUpdatedAt":null,"verifiedAt":null}},{"type":"Feature","geometry":{"type":"Point","coordinates":[11.1035987,49.4519142]},"properties":{"id":"water:b71c0248-6b76-475d-8329-58185b2a7052","kind":"water","longitude":11.1035987,"latitude":49.4519142,"name":"Trinkwasser","city":"Nuernberg","address":null,"covered":null,"access":null,"website":null,"phone":null,"source":"OpenStreetMap/node/11207594473","sourceUpdatedAt":null,"verifiedAt":null}},{"type":"Feature","geometry":{"type":"Point","coordinates":[11.0778806,49.448889]},"properties":{"id":"water:d88c4e63-6b71-4a6a-a3ed-33a2e13dbbc4","kind":"water","longitude":11.0778806,"latitude":49.448889,"name":"Trinkwasser","city":"Nuernberg","address":null,"covered":null,"access":null,"website":null,"phone":null,"source":"OpenStreetMap/node/1097624576","sourceUpdatedAt":null,"verifiedAt":null}}]}