{"type":"FeatureCollection","features":[{"type":"Feature","geometry":{"type":"Point","coordinates":[11.0081847,49.5711336]},"properties":{"id":"bikerack:016f8474-18ca-4637-9d0d-aa83826f1f31","kind":"bikerack","longitude":11.0081847,"latitude":49.5711336,"name":"Fahrradabstellplatz","city":"Erlangen","address":null,"covered":true,"access":null,"website":null,"phone":null,"source":"OpenStreetMap/way/353832825","sourceUpdatedAt":null,"verifiedAt":null}},{"type":"Feature","geometry":{"type":"Point","coordinates":[11.0158936,49.5733665]},"properties":{"id":"bikerack:02787eac-de2e-47d4-ae41-f461c740d665","kind":"bikerack","longitude":11.0158936,"latitude":49.5733665,"name":"Fahrradabstellplatz","city":"Erlangen","address":null,"covered":false,"access":null,"website":null,"phone":null,"source":"OpenStreetMap/node/4969060426","sourceUpdatedAt":null,"verifiedAt":null}},{"type":"Feature","geometry":{"type":"Point","coordinates":[11.03017,49.5791675]},"properties":{"id":"bikerack:02a6802f-be62-4f5e-bbe0-4ee623f193bc","kind":"bikerack","longitude":11.03017,"latitude":49.5791675,"name":"Fahrradabstellplatz","city":"Buckenhof","address":null,"covered":false,"access":null,"website":null,"phone":null,"source":"OpenStreetMap/node/4332951148","sourceUpdatedAt":null,"verifiedAt":null}},{"type":"Feature","geometry":{"type":"Point","coordinates":[11.0082241,49.5711862]},"properties":{"id":"bikerack:043710d6-15c6-49b5-a6e1-ee20ede45abf","kind":"bikerack","longitude":11.0082241,"latitude":49.5711862,"name":"Fahrradabstellplatz","city":"Erlangen","address":null,"covered":true,"access":null,"website":null,"phone":null,"source":"OpenStreetMap/way/353832816","sourceUpdatedAt":null,"verifiedAt":null}},{"type":"Feature","geometry":{"type":"Point","coordinates":[11.0287199,49.5788171]},"properties":{"id":"bikerack:04601e8e-ca0a-4bd1-a424-c75ff92da617","kind":"bikerack","longitude":11.0287199,"latitude":49.5788171,"name":"Fahrradabstellplatz","city":"Erlangen","address":null,"covered":false,"access":null,"website":null,"phone":null,"source":"OpenStreetMap/node/4972541222","sourceUpdatedAt":null,"verifiedAt":null}},{"type":"Feature","geometry":{"type":"Point","coordinates":[11.0204044,49.5729133]},"properties":{"id":"bikerack:050cc6b8-f8c4-4e62-a7a8-5420cfa308dc","kind":"bikerack","longitude":11.0204044,"latitude":49.5729133,"name":"Fahrradabstellplatz","city":"Erlangen","address":null,"covered":false,"access":null,"website":null,"phone":null,"source":"OpenStreetMap/node/5020574622","sourceUpdatedAt":null,"verifiedAt":null}},{"type":"Feature","geometry":{"type":"Point","coordinates":[11.0273232,49.5744124]},"properties":{"id":"bikerack:0575a540-64ec-4e8b-8d78-1139d7b759bc","kind":"bikerack","longitude":11.0273232,"latitude":49.5744124,"name":"Fahrradabstellplatz","city":"Erlangen","address":null,"covered":false,"access":null,"website":null,"phone":null,"source":"OpenStreetMap/node/4911653597","sourceUpdatedAt":null,"verifiedAt":null}},{"type":"Feature","geometry":{"type":"Point","coordinates":[11.0135804,49.5783072]},"properties":{"id":"bikerack:073be1ac-0622-4b0d-bc87-8bc186db14cf","kind":"bikerack","longitude":11.0135804,"latitude":49.5783072,"name":"Fahrradabstellplatz","city":"Erlangen","address":null,"covered":false,"access":null,"website":null,"phone":null,"source":"OpenStreetMap/way/945738033","sourceUpdatedAt":null,"verifiedAt":null}},{"type":"Feature","geometry":{"type":"Point","coordinates":[11.0180121,49.573398]},"properties":{"id":"bikerack:09ab9d43-5137-4385-b2f0-618cc13a3c5e","kind":"bikerack","longitude":11.0180121,"latitude":49.573398,"name":"Fahrradabstellplatz","city":"Erlangen","address":null,"covered":false,"access":null,"website":null,"phone":null,"source":"OpenStreetMap/node/7765341887","sourceUpdatedAt":null,"verifiedAt":null}},{"type":"Feature","geometry":{"type":"Point","coordinates":[11.0020114,49.5622635]},"properties":{"id":"bikerack:0a095fd4-0b3c-46a0-9d38-d425dfca26a5","kind":"bikerack","longitude":11.0020114,"latitude":49.5622635,"name":"Fahrradabstellplatz","city":"Erlangen","address":null,"covered":false,"access":null,"website":null,"phone":null,"source":"OpenStreetMap/node/7762401474","sourceUpdatedAt":null,"verifiedAt":null}},{"type":"Feature","geometry":{"type":"Point","coordinates":[11.0296067,49.5762208]},"properties":{"id":"bikerack:0b414851-6fd9-4490-9f33-292a427fd51a","kind":"bikerack","longitude":11.0296067,"latitude":49.5762208,"name":"Fahrradabstellplatz","city":"Erlangen","address":null,"covered":false,"access":null,"website":null,"phone":null,"source":"OpenStreetMap/way/608721952","sourceUpdatedAt":null,"verifiedAt":null}},{"type":"Feature","geometry":{"type":"Point","coordinates":[11.0003512,49.5772891]},"properties":{"id":"bikerack:0c178237-e4e7-4d05-8821-66fbdeb7fa9f","kind":"bikerack","longitude":11.0003512,"latitude":49.5772891,"name":"Fahrradabstellplatz","city":"Erlangen","address":null,"covered":false,"access":null,"website":null,"phone":null,"source":"OpenStreetMap/node/10690511079","sourceUpdatedAt":null,"verifiedAt":null}},{"type":"Feature","geometry":{"type":"Point","coordinates":[11.0139143,49.574395]},"properties":{"id":"bikerack:0ca3383f-2600-4d62-9392-408c4209036d","kind":"bikerack","longitude":11.0139143,"latitude":49.574395,"name":"Fahrradabstellplatz","city":"Erlangen","address":null,"covered":false,"access":null,"website":null,"phone":null,"source":"OpenStreetMap/node/12612777034","sourceUpdatedAt":null,"verifiedAt":null}},{"type":"Feature","geometry":{"type":"Point","coordinates":[11.0073852,49.5812842]},"properties":{"id":"bikerack:0e17ce4c-ff65-4050-9c29-8f9b4f97e97e","kind":"bikerack","longitude":11.0073852,"latitude":49.5812842,"name":"Fahrradabstellplatz","city":"Erlangen","address":null,"covered":false,"access":null,"website":null,"phone":null,"source":"OpenStreetMap/way/1109601306","sourceUpdatedAt":null,"verifiedAt":null}},{"type":"Feature","geometry":{"type":"Point","coordinates":[11.0019346,49.5778234]},"properties":{"id":"bikerack:0f517faf-17d5-43a6-a35b-e36ed2cc4f6e","kind":"bikerack","longitude":11.0019346,"latitude":49.5778234,"name":"Fahrradabstellplatz","city":"Erlangen","address":null,"covered":false,"access":null,"website":null,"phone":null,"source":"OpenStreetMap/node/10696413021","sourceUpdatedAt":null,"verifiedAt":null}},{"type":"Feature","geometry":{"type":"Point","coordinates":[11.0011878,49.5781958]},"properties":{"id":"bikerack:105d02b7-ace9-4450-ba05-555df1470245","kind":"bikerack","longitude":11.0011878,"latitude":49.5781958,"name":"Fahrradabstellplatz","city":"Erlangen","address":null,"covered":false,"access":null,"website":null,"phone":null,"source":"OpenStreetMap/node/10696413016","sourceUpdatedAt":null,"verifiedAt":null}},{"type":"Feature","geometry":{"type":"Point","coordinates":[11.0014187,49.5769448]},"properties":{"id":"bikerack:11dc5c7f-6029-41fc-83e0-ca02d3fe1c45","kind":"bikerack","longitude":11.0014187,"latitude":49.5769448,"name":"Fahrradabstellplatz","city":"Erlangen","address":null,"covered":false,"access":null,"website":null,"phone":null,"source":"OpenStreetMap/node/10690511086","sourceUpdatedAt":null,"verifiedAt":null}},{"type":"Feature","geometry":{"type":"Point","coordinates":[11.0026524,49.575535]},"properties":{"id":"bikerack:11eb535a-3dbb-4299-9292-bd3de4831432","kind":"bikerack","longitude":11.0026524,"latitude":49.575535,"name":"Fahrradabstellplatz","city":"Erlangen","address":null,"covered":false,"access":null,"website":null,"phone":null,"source":"OpenStreetMap/node/8988540987","sourceUpdatedAt":null,"verifiedAt":null}},{"type":"Feature","geometry":{"type":"Point","coordinates":[11.0267781,49.5748081]},"properties":{"id":"bikerack:120845e8-c413-43c6-9b8c-ebd1a9828002","kind":"bikerack","longitude":11.0267781,"latitude":49.5748081,"name":"Fahrradabstellplatz","city":"Erlangen","address":null,"covered":false,"access":null,"website":null,"phone":null,"source":"OpenStreetMap/way/330992556","sourceUpdatedAt":null,"verifiedAt":null}},{"type":"Feature","geometry":{"type":"Point","coordinates":[10.9962392,49.5765187]},"properties":{"id":"bikerack:136a96a2-2c42-4438-8ee8-24739875c738","kind":"bikerack","longitude":10.9962392,"latitude":49.5765187,"name":"Fahrradabstellplatz","city":"Erlangen","address":null,"covered":false,"access":null,"website":null,"phone":null,"source":"OpenStreetMap/way/1456634160","sourceUpdatedAt":null,"verifiedAt":null}},{"type":"Feature","geometry":{"type":"Point","coordinates":[11.0300606,49.5739942]},"properties":{"id":"bikerack:13706a24-99b1-482f-bfa9-7ca92e9ebced","kind":"bikerack","longitude":11.0300606,"latitude":49.5739942,"name":"Fahrradabstellplatz","city":"Erlangen","address":null,"covered":true,"access":null,"website":null,"phone":null,"source":"OpenStreetMap/way/499994875","sourceUpdatedAt":null,"verifiedAt":null}},{"type":"Feature","geometry":{"type":"Point","coordinates":[11.0291941,49.5739273]},"properties":{"id":"bikerack:13903c9f-d2dd-477c-9592-f690041646f2","kind":"bikerack","longitude":11.0291941,"latitude":49.5739273,"name":"Fahrradabstellplatz","city":"Erlangen","address":null,"covered":false,"access":null,"website":null,"phone":null,"source":"OpenStreetMap/way/500227956","sourceUpdatedAt":null,"verifiedAt":null}},{"type":"Feature","geometry":{"type":"Point","coordinates":[11.0300143,49.5763206]},"properties":{"id":"bikerack:161a7f3d-497f-4a71-9b95-c6822b52d076","kind":"bikerack","longitude":11.0300143,"latitude":49.5763206,"name":"Fahrradabstellplatz","city":"Buckenhof","address":null,"covered":false,"access":null,"website":null,"phone":null,"source":"OpenStreetMap/way/689330970","sourceUpdatedAt":null,"verifiedAt":null}},{"type":"Feature","geometry":{"type":"Point","coordinates":[11.0226385,49.5780379]},"properties":{"id":"bikerack:171db96b-af7a-4de2-89ca-91c12b1b3b8e","kind":"bikerack","longitude":11.0226385,"latitude":49.5780379,"name":"Fahrradabstellplatz","city":"Erlangen","address":null,"covered":false,"access":null,"website":null,"phone":null,"source":"OpenStreetMap/node/10697625857","sourceUpdatedAt":null,"verifiedAt":null}},{"type":"Feature","geometry":{"type":"Point","coordinates":[11.0018516,49.5761656]},"properties":{"id":"bikerack:17df4097-ef89-4712-a05d-f38fd76d71a0","kind":"bikerack","longitude":11.0018516,"latitude":49.5761656,"name":"Fahrradabstellplatz","city":"Erlangen","address":null,"covered":false,"access":null,"website":null,"phone":null,"source":"OpenStreetMap/node/11415092496","sourceUpdatedAt":null,"verifiedAt":null}},{"type":"Feature","geometry":{"type":"Point","coordinates":[11.0113313,49.5713607]},"properties":{"id":"bikerack:1923330e-8a77-425f-b35e-d750b731e199","kind":"bikerack","longitude":11.0113313,"latitude":49.5713607,"name":"Fahrradabstellplatz","city":"Erlangen","address":null,"covered":false,"access":null,"website":null,"phone":null,"source":"OpenStreetMap/way/353832817","sourceUpdatedAt":null,"verifiedAt":null}},{"type":"Feature","geometry":{"type":"Point","coordinates":[11.0118398,49.5743346]},"properties":{"id":"bikerack:1937b041-94a1-42c9-b906-a8c80f36c6bf","kind":"bikerack","longitude":11.0118398,"latitude":49.5743346,"name":"Fahrradabstellplatz","city":"Erlangen","address":null,"covered":true,"access":null,"website":null,"phone":null,"source":"OpenStreetMap/node/12612777035","sourceUpdatedAt":null,"verifiedAt":null}},{"type":"Feature","geometry":{"type":"Point","coordinates":[11.0295736,49.5737855]},"properties":{"id":"bikerack:1a6c8c20-5a2c-4b82-9d13-da7ee9edbf77","kind":"bikerack","longitude":11.0295736,"latitude":49.5737855,"name":"Fahrradabstellplatz","city":"Erlangen","address":null,"covered":false,"access":null,"website":null,"phone":null,"source":"OpenStreetMap/way/500227957","sourceUpdatedAt":null,"verifiedAt":null}},{"type":"Feature","geometry":{"type":"Point","coordinates":[11.0022138,49.5780002]},"properties":{"id":"bikerack:1b80c559-a741-40bd-979b-953be068438a","kind":"bikerack","longitude":11.0022138,"latitude":49.5780002,"name":"Fahrradabstellplatz","city":"Erlangen","address":null,"covered":false,"access":null,"website":null,"phone":null,"source":"OpenStreetMap/node/10696413024","sourceUpdatedAt":null,"verifiedAt":null}},{"type":"Feature","geometry":{"type":"Point","coordinates":[11.0177908,49.5734598]},"properties":{"id":"bikerack:1bdd8f94-57f2-4024-8b57-20d792dc79e3","kind":"bikerack","longitude":11.0177908,"latitude":49.5734598,"name":"Fahrradabstellplatz","city":"Erlangen","address":null,"covered":false,"access":null,"website":null,"phone":null,"source":"OpenStreetMap/node/7765341886","sourceUpdatedAt":null,"verifiedAt":null}},{"type":"Feature","geometry":{"type":"Point","coordinates":[11.0229749,49.5727761]},"properties":{"id":"bikerack:1cca44d1-9135-4e52-861b-d21c5e9ba2d3","kind":"bikerack","longitude":11.0229749,"latitude":49.5727761,"name":"Fahrradabstellplatz","city":"Erlangen","address":null,"covered":false,"access":null,"website":null,"phone":null,"source":"OpenStreetMap/node/10731000583","sourceUpdatedAt":null,"verifiedAt":null}},{"type":"Feature","geometry":{"type":"Point","coordinates":[11.0292567,49.5809268]},"properties":{"id":"bikerack:1ced2aa7-eff7-4361-aec9-26d50993296c","kind":"bikerack","longitude":11.0292567,"latitude":49.5809268,"name":"Fahrradabstellplatz","city":"Erlangen","address":null,"covered":true,"access":null,"website":null,"phone":null,"source":"OpenStreetMap/node/10717362839","sourceUpdatedAt":null,"verifiedAt":null}},{"type":"Feature","geometry":{"type":"Point","coordinates":[11.027244,49.5704255]},"properties":{"id":"bikerack:1d59bdb6-b955-48bf-b398-f9c1248a9aab","kind":"bikerack","longitude":11.027244,"latitude":49.5704255,"name":"Fahrradabstellplatz","city":"Erlangen","address":null,"covered":false,"access":null,"website":null,"phone":null,"source":"OpenStreetMap/node/11287086905","sourceUpdatedAt":null,"verifiedAt":null}},{"type":"Feature","geometry":{"type":"Point","coordinates":[10.9999601,49.5718745]},"properties":{"id":"bikerack:1dbf03d2-8882-4005-b077-9d7d0bd97940","kind":"bikerack","longitude":10.9999601,"latitude":49.5718745,"name":"Fahrradabstellplatz","city":"Erlangen","address":null,"covered":true,"access":null,"website":null,"phone":null,"source":"OpenStreetMap/way/78456545","sourceUpdatedAt":null,"verifiedAt":null}},{"type":"Feature","geometry":{"type":"Point","coordinates":[11.0302359,49.576459]},"properties":{"id":"bikerack:1dbffb73-0157-4370-9488-63cde0347dcf","kind":"bikerack","longitude":11.0302359,"latitude":49.576459,"name":"Fahrradabstellplatz","city":"Buckenhof","address":null,"covered":false,"access":null,"website":null,"phone":null,"source":"OpenStreetMap/way/608721959","sourceUpdatedAt":null,"verifiedAt":null}},{"type":"Feature","geometry":{"type":"Point","coordinates":[11.0294038,49.5799066]},"properties":{"id":"bikerack:1e024d8d-5196-4f75-b8f7-5de41a7b55e8","kind":"bikerack","longitude":11.0294038,"latitude":49.5799066,"name":"Fahrradabstellplatz","city":"Erlangen","address":null,"covered":true,"access":null,"website":null,"phone":null,"source":"OpenStreetMap/node/4957393322","sourceUpdatedAt":null,"verifiedAt":null}},{"type":"Feature","geometry":{"type":"Point","coordinates":[11.0291853,49.5809237]},"properties":{"id":"bikerack:1f95a6d3-4446-426d-8979-51e1e34abbdc","kind":"bikerack","longitude":11.0291853,"latitude":49.5809237,"name":"Fahrradabstellplatz","city":"Erlangen","address":null,"covered":false,"access":null,"website":null,"phone":null,"source":"OpenStreetMap/node/10717362857","sourceUpdatedAt":null,"verifiedAt":null}},{"type":"Feature","geometry":{"type":"Point","coordinates":[10.9907362,49.5790884]},"properties":{"id":"bikerack:2083cb9a-e728-418e-8973-7c9d298b2806","kind":"bikerack","longitude":10.9907362,"latitude":49.5790884,"name":"Fahrradabstellplatz","city":"Erlangen","address":null,"covered":false,"access":null,"website":null,"phone":null,"source":"OpenStreetMap/node/13384169382","sourceUpdatedAt":null,"verifiedAt":null}},{"type":"Feature","geometry":{"type":"Point","coordinates":[11.0250631,49.5737936]},"properties":{"id":"bikerack:20d71085-0d44-4c7c-892b-740ab1f26aad","kind":"bikerack","longitude":11.0250631,"latitude":49.5737936,"name":"Fahrradabstellplatz","city":"Erlangen","address":null,"covered":false,"access":null,"website":null,"phone":null,"source":"OpenStreetMap/node/11064649285","sourceUpdatedAt":null,"verifiedAt":null}},{"type":"Feature","geometry":{"type":"Point","coordinates":[11.0302426,49.5742181]},"properties":{"id":"bikerack:20fa8327-57d4-4825-afa3-c5d6d6ad7090","kind":"bikerack","longitude":11.0302426,"latitude":49.5742181,"name":"Fahrradabstellplatz","city":"Buckenhof","address":null,"covered":false,"access":null,"website":null,"phone":null,"source":"OpenStreetMap/way/499994876","sourceUpdatedAt":null,"verifiedAt":null}},{"type":"Feature","geometry":{"type":"Point","coordinates":[11.0275811,49.5812483]},"properties":{"id":"bikerack:2116d347-674b-4c1f-bddc-db8dfa5263d5","kind":"bikerack","longitude":11.0275811,"latitude":49.5812483,"name":"Fahrradabstellplatz","city":"Erlangen","address":null,"covered":false,"access":null,"website":null,"phone":null,"source":"OpenStreetMap/node/10717333887","sourceUpdatedAt":null,"verifiedAt":null}},{"type":"Feature","geometry":{"type":"Point","coordinates":[10.9996052,49.5777576]},"properties":{"id":"bikerack:214d0f08-7169-4fd5-a46c-c21c10da7d72","kind":"bikerack","longitude":10.9996052,"latitude":49.5777576,"name":"Fahrradabstellplatz","city":"Erlangen","address":null,"covered":false,"access":null,"website":null,"phone":null,"source":"OpenStreetMap/node/10698784385","sourceUpdatedAt":null,"verifiedAt":null}},{"type":"Feature","geometry":{"type":"Point","coordinates":[11.0125468,49.5794348]},"properties":{"id":"bikerack:21cd915e-bf83-4b53-a760-49747b3510c9","kind":"bikerack","longitude":11.0125468,"latitude":49.5794348,"name":"Fahrradabstellplatz","city":"Erlangen","address":null,"covered":false,"access":null,"website":null,"phone":null,"source":"OpenStreetMap/way/950315532","sourceUpdatedAt":null,"verifiedAt":null}},{"type":"Feature","geometry":{"type":"Point","coordinates":[11.0220031,49.5773803]},"properties":{"id":"bikerack:24a1ade0-633c-44d5-b6c3-e93af5e136ad","kind":"bikerack","longitude":11.0220031,"latitude":49.5773803,"name":"Fahrradabstellplatz","city":"Erlangen","address":null,"covered":false,"access":null,"website":null,"phone":null,"source":"OpenStreetMap/node/10697625875","sourceUpdatedAt":null,"verifiedAt":null}},{"type":"Feature","geometry":{"type":"Point","coordinates":[11.0114525,49.5786934]},"properties":{"id":"bikerack:25a6210e-a233-423f-bb46-f0d84d862e03","kind":"bikerack","longitude":11.0114525,"latitude":49.5786934,"name":"Fahrradabstellplatz","city":"Erlangen","address":null,"covered":false,"access":null,"website":null,"phone":null,"source":"OpenStreetMap/way/1175905375","sourceUpdatedAt":null,"verifiedAt":null}},{"type":"Feature","geometry":{"type":"Point","coordinates":[10.9901822,49.5812273]},"properties":{"id":"bikerack:2718a225-834e-4d96-9b3f-d2def4f1067b","kind":"bikerack","longitude":10.9901822,"latitude":49.5812273,"name":"Fahrradabstellplatz","city":"Erlangen","address":null,"covered":false,"access":null,"website":null,"phone":null,"source":"OpenStreetMap/node/1053325955","sourceUpdatedAt":null,"verifiedAt":null}},{"type":"Feature","geometry":{"type":"Point","coordinates":[11.0061531,49.5652276]},"properties":{"id":"bikerack:27a3768e-0a12-45cd-a1a5-2333feaba4af","kind":"bikerack","longitude":11.0061531,"latitude":49.5652276,"name":"Fahrradabstellplatz","city":"Erlangen","address":null,"covered":false,"access":null,"website":null,"phone":null,"source":"OpenStreetMap/node/7105862166","sourceUpdatedAt":null,"verifiedAt":null}},{"type":"Feature","geometry":{"type":"Point","coordinates":[11.0015698,49.5783064]},"properties":{"id":"bikerack:28250a10-ec22-480c-80bd-93168ec3caaf","kind":"bikerack","longitude":11.0015698,"latitude":49.5783064,"name":"Fahrradabstellplatz","city":"Erlangen","address":null,"covered":false,"access":null,"website":null,"phone":null,"source":"OpenStreetMap/node/10696569611","sourceUpdatedAt":null,"verifiedAt":null}},{"type":"Feature","geometry":{"type":"Point","coordinates":[11.0019344,49.5781949]},"properties":{"id":"bikerack:28a7f7da-3bfc-4d9a-ae50-3ef2e96d8e95","kind":"bikerack","longitude":11.0019344,"latitude":49.5781949,"name":"Fahrradabstellplatz","city":"Erlangen","address":null,"covered":false,"access":null,"website":null,"phone":null,"source":"OpenStreetMap/node/10696569610","sourceUpdatedAt":null,"verifiedAt":null}},{"type":"Feature","geometry":{"type":"Point","coordinates":[11.0199021,49.5775028]},"properties":{"id":"bikerack:2901556e-5ca8-4659-a5e6-c68487140c60","kind":"bikerack","longitude":11.0199021,"latitude":49.5775028,"name":"Fahrradabstellplatz","city":"Erlangen","address":null,"covered":false,"access":null,"website":null,"phone":null,"source":"OpenStreetMap/node/10697625835","sourceUpdatedAt":null,"verifiedAt":null}},{"type":"Feature","geometry":{"type":"Point","coordinates":[11.0003968,49.5771465]},"properties":{"id":"bikerack:29233fb5-1ea5-4b78-b688-90789979c12f","kind":"bikerack","longitude":11.0003968,"latitude":49.5771465,"name":"Fahrradabstellplatz","city":"Erlangen","address":null,"covered":false,"access":null,"website":null,"phone":null,"source":"OpenStreetMap/node/10690511080","sourceUpdatedAt":null,"verifiedAt":null}},{"type":"Feature","geometry":{"type":"Point","coordinates":[11.0002815,49.5771813]},"properties":{"id":"bikerack:2a00f53d-4a72-42c7-81c7-8de61b141349","kind":"bikerack","longitude":11.0002815,"latitude":49.5771813,"name":"Fahrradabstellplatz","city":"Erlangen","address":null,"covered":false,"access":null,"website":null,"phone":null,"source":"OpenStreetMap/node/10690511081","sourceUpdatedAt":null,"verifiedAt":null}},{"type":"Feature","geometry":{"type":"Point","coordinates":[11.0062936,49.5713361]},"properties":{"id":"bikerack:2a3a6f1a-99e6-4afe-8482-7e8bac0f2e5e","kind":"bikerack","longitude":11.0062936,"latitude":49.5713361,"name":"Fahrradabstellplatz","city":"Erlangen","address":null,"covered":false,"access":null,"website":null,"phone":null,"source":"OpenStreetMap/way/1109601304","sourceUpdatedAt":null,"verifiedAt":null}},{"type":"Feature","geometry":{"type":"Point","coordinates":[11.0029234,49.5774013]},"properties":{"id":"bikerack:2bbfd312-3084-4005-b93c-5aa327a53f2c","kind":"bikerack","longitude":11.0029234,"latitude":49.5774013,"name":"Fahrradabstellplatz","city":"Erlangen","address":null,"covered":false,"access":null,"website":null,"phone":null,"source":"OpenStreetMap/node/10696413027","sourceUpdatedAt":null,"verifiedAt":null}},{"type":"Feature","geometry":{"type":"Point","coordinates":[11.0068606,49.5762269]},"properties":{"id":"bikerack:2bec439e-bd70-4f38-b1e0-2fa110dd4c63","kind":"bikerack","longitude":11.0068606,"latitude":49.5762269,"name":"Fahrradabstellplatz","city":"Erlangen","address":null,"covered":true,"access":null,"website":null,"phone":null,"source":"OpenStreetMap/node/9563056654","sourceUpdatedAt":null,"verifiedAt":null}},{"type":"Feature","geometry":{"type":"Point","coordinates":[11.0127209,49.5791627]},"properties":{"id":"bikerack:2d376e34-82a9-4939-8c4d-3a71d009e4c4","kind":"bikerack","longitude":11.0127209,"latitude":49.5791627,"name":"Fahrradabstellplatz","city":"Erlangen","address":null,"covered":false,"access":null,"website":null,"phone":null,"source":"OpenStreetMap/way/945738034","sourceUpdatedAt":null,"verifiedAt":null}},{"type":"Feature","geometry":{"type":"Point","coordinates":[11.0274667,49.5794374]},"properties":{"id":"bikerack:2d75eb64-f310-4144-b8d8-6be5a145c8c4","kind":"bikerack","longitude":11.0274667,"latitude":49.5794374,"name":"Fahrradabstellplatz","city":"Erlangen","address":null,"covered":false,"access":null,"website":null,"phone":null,"source":"OpenStreetMap/node/10716291560","sourceUpdatedAt":null,"verifiedAt":null}},{"type":"Feature","geometry":{"type":"Point","coordinates":[10.9936821,49.5699411]},"properties":{"id":"bikerack:2dbb2a31-4335-4041-9c88-cde7d68b64ee","kind":"bikerack","longitude":10.9936821,"latitude":49.5699411,"name":"Fahrradabstellplatz","city":"Erlangen","address":null,"covered":false,"access":null,"website":null,"phone":null,"source":"OpenStreetMap/node/13353115264","sourceUpdatedAt":null,"verifiedAt":null}},{"type":"Feature","geometry":{"type":"Point","coordinates":[11.0191757,49.5727853]},"properties":{"id":"bikerack:2de388b5-f88d-4edb-9c2d-1be13201eec9","kind":"bikerack","longitude":11.0191757,"latitude":49.5727853,"name":"Fahrradabstellplatz","city":"Erlangen","address":null,"covered":false,"access":null,"website":null,"phone":null,"source":"OpenStreetMap/node/4923001310","sourceUpdatedAt":null,"verifiedAt":null}},{"type":"Feature","geometry":{"type":"Point","coordinates":[11.0008968,49.5780336]},"properties":{"id":"bikerack:2e55cc7e-b169-47f9-953a-5ec99fd0786e","kind":"bikerack","longitude":11.0008968,"latitude":49.5780336,"name":"Fahrradabstellplatz","city":"Erlangen","address":null,"covered":false,"access":null,"website":null,"phone":null,"source":"OpenStreetMap/node/10696413011","sourceUpdatedAt":null,"verifiedAt":null}},{"type":"Feature","geometry":{"type":"Point","coordinates":[10.9995285,49.5774635]},"properties":{"id":"bikerack:2f4fbc96-2898-4a23-8999-fe5d6986ec59","kind":"bikerack","longitude":10.9995285,"latitude":49.5774635,"name":"Fahrradabstellplatz","city":"Erlangen","address":null,"covered":false,"access":null,"website":null,"phone":null,"source":"OpenStreetMap/node/10698784387","sourceUpdatedAt":null,"verifiedAt":null}},{"type":"Feature","geometry":{"type":"Point","coordinates":[11.0295584,49.5732982]},"properties":{"id":"bikerack:30bd1623-31e3-4c9d-a209-bfd5c992ff40","kind":"bikerack","longitude":11.0295584,"latitude":49.5732982,"name":"Fahrradabstellplatz","city":"Erlangen","address":null,"covered":true,"access":null,"website":null,"phone":null,"source":"OpenStreetMap/node/1669063571","sourceUpdatedAt":null,"verifiedAt":null}},{"type":"Feature","geometry":{"type":"Point","coordinates":[11.0083099,49.5713008]},"properties":{"id":"bikerack:30dcf0b5-eccf-4807-8958-2202585a4357","kind":"bikerack","longitude":11.0083099,"latitude":49.5713008,"name":"Fahrradabstellplatz","city":"Erlangen","address":null,"covered":true,"access":null,"website":null,"phone":null,"source":"OpenStreetMap/way/353832821","sourceUpdatedAt":null,"verifiedAt":null}},{"type":"Feature","geometry":{"type":"Point","coordinates":[11.0275151,49.5744133]},"properties":{"id":"bikerack:31130b3b-956e-4aa9-acaa-821862e7320b","kind":"bikerack","longitude":11.0275151,"latitude":49.5744133,"name":"Fahrradabstellplatz","city":"Erlangen","address":null,"covered":false,"access":null,"website":null,"phone":null,"source":"OpenStreetMap/node/4911653598","sourceUpdatedAt":null,"verifiedAt":null}},{"type":"Feature","geometry":{"type":"Point","coordinates":[11.0286864,49.5815146]},"properties":{"id":"bikerack:34422615-dc43-4be7-b45a-793aa99b94aa","kind":"bikerack","longitude":11.0286864,"latitude":49.5815146,"name":"Fahrradabstellplatz","city":"Erlangen","address":null,"covered":false,"access":null,"website":null,"phone":null,"source":"OpenStreetMap/node/10717361438","sourceUpdatedAt":null,"verifiedAt":null}},{"type":"Feature","geometry":{"type":"Point","coordinates":[10.9973456,49.5744342]},"properties":{"id":"bikerack:35142a7b-8c34-4336-9364-7afe1bbcfed3","kind":"bikerack","longitude":10.9973456,"latitude":49.5744342,"name":"Fahrradabstellplatz","city":"Erlangen","address":null,"covered":false,"access":null,"website":null,"phone":null,"source":"OpenStreetMap/way/1137051797","sourceUpdatedAt":null,"verifiedAt":null}},{"type":"Feature","geometry":{"type":"Point","coordinates":[11.0001419,49.5766787]},"properties":{"id":"bikerack:35269ccc-1d89-4e24-bd93-bd2874325833","kind":"bikerack","longitude":11.0001419,"latitude":49.5766787,"name":"Fahrradabstellplatz","city":"Erlangen","address":null,"covered":true,"access":null,"website":null,"phone":null,"source":"OpenStreetMap/node/6010220867","sourceUpdatedAt":null,"verifiedAt":null}},{"type":"Feature","geometry":{"type":"Point","coordinates":[10.9971844,49.5744768]},"properties":{"id":"bikerack:3544e3be-53c8-4ad7-8a0d-025cb51f98d4","kind":"bikerack","longitude":10.9971844,"latitude":49.5744768,"name":"Fahrradabstellplatz","city":"Erlangen","address":null,"covered":false,"access":null,"website":null,"phone":null,"source":"OpenStreetMap/way/1137051796","sourceUpdatedAt":null,"verifiedAt":null}},{"type":"Feature","geometry":{"type":"Point","coordinates":[11.0239123,49.5750221]},"properties":{"id":"bikerack:3545a7cb-0a98-429d-baf2-b337674e88cc","kind":"bikerack","longitude":11.0239123,"latitude":49.5750221,"name":"Fahrradabstellplatz","city":"Erlangen","address":null,"covered":false,"access":null,"website":null,"phone":null,"source":"OpenStreetMap/node/10699694087","sourceUpdatedAt":null,"verifiedAt":null}},{"type":"Feature","geometry":{"type":"Point","coordinates":[11.0030734,49.5775815]},"properties":{"id":"bikerack:35566626-f32d-4ef3-952d-dc0d57bcb99c","kind":"bikerack","longitude":11.0030734,"latitude":49.5775815,"name":"Fahrradabstellplatz","city":"Erlangen","address":null,"covered":false,"access":null,"website":null,"phone":null,"source":"OpenStreetMap/node/10696413031","sourceUpdatedAt":null,"verifiedAt":null}},{"type":"Feature","geometry":{"type":"Point","coordinates":[11.0004102,49.577383]},"properties":{"id":"bikerack:3c433a60-7e3e-45f4-9f37-26a8f3aac278","kind":"bikerack","longitude":11.0004102,"latitude":49.577383,"name":"Fahrradabstellplatz","city":"Erlangen","address":null,"covered":false,"access":null,"website":null,"phone":null,"source":"OpenStreetMap/node/10690511077","sourceUpdatedAt":null,"verifiedAt":null}},{"type":"Feature","geometry":{"type":"Point","coordinates":[11.0045746,49.5746056]},"properties":{"id":"bikerack:3c6b1203-8fde-4da5-97d3-d9eff0ce0064","kind":"bikerack","longitude":11.0045746,"latitude":49.5746056,"name":"Fahrradabstellplatz","city":"Erlangen","address":null,"covered":false,"access":null,"website":null,"phone":null,"source":"OpenStreetMap/node/10821487535","sourceUpdatedAt":null,"verifiedAt":null}},{"type":"Feature","geometry":{"type":"Point","coordinates":[11.0111898,49.5711742]},"properties":{"id":"bikerack:3cbbf95f-db11-491d-b8f0-5fafd177dd23","kind":"bikerack","longitude":11.0111898,"latitude":49.5711742,"name":"Fahrradabstellplatz","city":"Erlangen","address":null,"covered":false,"access":null,"website":null,"phone":null,"source":"OpenStreetMap/way/353832828","sourceUpdatedAt":null,"verifiedAt":null}},{"type":"Feature","geometry":{"type":"Point","coordinates":[11.0053759,49.5656359]},"properties":{"id":"bikerack:3cd5147e-d2af-4fed-98c4-e6308d69d17c","kind":"bikerack","longitude":11.0053759,"latitude":49.5656359,"name":"Fahrradabstellplatz","city":"Erlangen","address":null,"covered":false,"access":null,"website":null,"phone":null,"source":"OpenStreetMap/node/7105863754","sourceUpdatedAt":null,"verifiedAt":null}},{"type":"Feature","geometry":{"type":"Point","coordinates":[11.0208365,49.5769912]},"properties":{"id":"bikerack:3d23f398-b762-42d7-b1ed-0eda0001e198","kind":"bikerack","longitude":11.0208365,"latitude":49.5769912,"name":"Fahrradabstellplatz","city":"Erlangen","address":null,"covered":false,"access":null,"website":null,"phone":null,"source":"OpenStreetMap/node/3688972231","sourceUpdatedAt":null,"verifiedAt":null}},{"type":"Feature","geometry":{"type":"Point","coordinates":[11.0010565,49.578237]},"properties":{"id":"bikerack:3e6c4b29-9894-4951-9c86-309beb21e40c","kind":"bikerack","longitude":11.0010565,"latitude":49.578237,"name":"Fahrradabstellplatz","city":"Erlangen","address":null,"covered":false,"access":null,"website":null,"phone":null,"source":"OpenStreetMap/node/10696413017","sourceUpdatedAt":null,"verifiedAt":null}},{"type":"Feature","geometry":{"type":"Point","coordinates":[10.9930186,49.5803361]},"properties":{"id":"bikerack:3f6a8cee-7027-4b83-8f39-d449a34d91e9","kind":"bikerack","longitude":10.9930186,"latitude":49.5803361,"name":"Fahrradabstellplatz","city":"Erlangen","address":null,"covered":false,"access":null,"website":null,"phone":null,"source":"OpenStreetMap/node/13452986300","sourceUpdatedAt":null,"verifiedAt":null}},{"type":"Feature","geometry":{"type":"Point","coordinates":[11.010865,49.5807055]},"properties":{"id":"bikerack:3f991d93-94b1-46e4-a8c3-6cd6be0e285f","kind":"bikerack","longitude":11.010865,"latitude":49.5807055,"name":"Fahrradabstellplatz","city":"Erlangen","address":null,"covered":false,"access":null,"website":null,"phone":null,"source":"OpenStreetMap/node/11146482607","sourceUpdatedAt":null,"verifiedAt":null}},{"type":"Feature","geometry":{"type":"Point","coordinates":[11.0112228,49.5773915]},"properties":{"id":"bikerack:41083c13-e054-495a-9252-a553195c2185","kind":"bikerack","longitude":11.0112228,"latitude":49.5773915,"name":"Fahrradabstellplatz","city":"Erlangen","address":null,"covered":false,"access":null,"website":null,"phone":null,"source":"OpenStreetMap/way/1367649606","sourceUpdatedAt":null,"verifiedAt":null}},{"type":"Feature","geometry":{"type":"Point","coordinates":[11.0249482,49.5767683]},"properties":{"id":"bikerack:410fbd71-b434-477c-9498-668656f07afb","kind":"bikerack","longitude":11.0249482,"latitude":49.5767683,"name":"Fahrradabstellplatz","city":"Erlangen","address":null,"covered":false,"access":null,"website":null,"phone":null,"source":"OpenStreetMap/way/1362338768","sourceUpdatedAt":null,"verifiedAt":null}},{"type":"Feature","geometry":{"type":"Point","coordinates":[11.0028238,49.5779096]},"properties":{"id":"bikerack:41b0c07e-01c3-4f23-b923-b5ffa7ea2fdc","kind":"bikerack","longitude":11.0028238,"latitude":49.5779096,"name":"Fahrradabstellplatz","city":"Erlangen","address":null,"covered":false,"access":null,"website":null,"phone":null,"source":"OpenStreetMap/node/10696569615","sourceUpdatedAt":null,"verifiedAt":null}},{"type":"Feature","geometry":{"type":"Point","coordinates":[11.0115884,49.5805242]},"properties":{"id":"bikerack:44ad1c16-595f-4984-8061-de8e79c84a3b","kind":"bikerack","longitude":11.0115884,"latitude":49.5805242,"name":"Fahrradabstellplatz","city":"Erlangen","address":null,"covered":false,"access":null,"website":null,"phone":null,"source":"OpenStreetMap/way/950315535","sourceUpdatedAt":null,"verifiedAt":null}},{"type":"Feature","geometry":{"type":"Point","coordinates":[10.9915719,49.5793888]},"properties":{"id":"bikerack:44e02023-675d-4bce-8f9f-58b7d316e450","kind":"bikerack","longitude":10.9915719,"latitude":49.5793888,"name":"Fahrradabstellplatz","city":"Erlangen","address":null,"covered":false,"access":null,"website":null,"phone":null,"source":"OpenStreetMap/node/13381702040","sourceUpdatedAt":null,"verifiedAt":null}},{"type":"Feature","geometry":{"type":"Point","coordinates":[11.0024602,49.5755988]},"properties":{"id":"bikerack:44fe39ee-d074-42cd-b35c-db51c8688ce6","kind":"bikerack","longitude":11.0024602,"latitude":49.5755988,"name":"Fahrradabstellplatz","city":"Erlangen","address":null,"covered":false,"access":null,"website":null,"phone":null,"source":"OpenStreetMap/node/8988541000","sourceUpdatedAt":null,"verifiedAt":null}},{"type":"Feature","geometry":{"type":"Point","coordinates":[10.9925818,49.5802586]},"properties":{"id":"bikerack:468a5dc8-f281-43d5-af66-48e99c29d249","kind":"bikerack","longitude":10.9925818,"latitude":49.5802586,"name":"Fahrradabstellplatz","city":"Erlangen","address":null,"covered":false,"access":null,"website":null,"phone":null,"source":"OpenStreetMap/node/13452996275","sourceUpdatedAt":null,"verifiedAt":null}},{"type":"Feature","geometry":{"type":"Point","coordinates":[11.0192677,49.5797671]},"properties":{"id":"bikerack:49b17511-7dca-4082-a727-e07ba036384e","kind":"bikerack","longitude":11.0192677,"latitude":49.5797671,"name":"Fahrradabstellplatz","city":"Erlangen","address":null,"covered":false,"access":null,"website":null,"phone":null,"source":"OpenStreetMap/way/185319352","sourceUpdatedAt":null,"verifiedAt":null}},{"type":"Feature","geometry":{"type":"Point","coordinates":[11.0028099,49.5774419]},"properties":{"id":"bikerack:4a199ddb-6e5c-4df2-89b5-5ee1639ade58","kind":"bikerack","longitude":11.0028099,"latitude":49.5774419,"name":"Fahrradabstellplatz","city":"Erlangen","address":null,"covered":false,"access":null,"website":null,"phone":null,"source":"OpenStreetMap/node/10696413026","sourceUpdatedAt":null,"verifiedAt":null}},{"type":"Feature","geometry":{"type":"Point","coordinates":[11.0020938,49.5780416]},"properties":{"id":"bikerack:4aadea7b-3ca7-4cbd-b77a-c948ea2f3c40","kind":"bikerack","longitude":11.0020938,"latitude":49.5780416,"name":"Fahrradabstellplatz","city":"Erlangen","address":null,"covered":false,"access":null,"website":null,"phone":null,"source":"OpenStreetMap/node/10696413025","sourceUpdatedAt":null,"verifiedAt":null}},{"type":"Feature","geometry":{"type":"Point","coordinates":[11.0300365,49.5769418]},"properties":{"id":"bikerack:4b37810d-e5dc-4345-be79-d799c6b4c27f","kind":"bikerack","longitude":11.0300365,"latitude":49.5769418,"name":"Fahrradabstellplatz","city":"Buckenhof","address":null,"covered":false,"access":null,"website":null,"phone":null,"source":"OpenStreetMap/way/610643473","sourceUpdatedAt":null,"verifiedAt":null}},{"type":"Feature","geometry":{"type":"Point","coordinates":[11.0007894,49.5779108]},"properties":{"id":"bikerack:4c485f6b-94fd-49b8-80af-c25fd4abc51c","kind":"bikerack","longitude":11.0007894,"latitude":49.5779108,"name":"Fahrradabstellplatz","city":"Erlangen","address":null,"covered":false,"access":null,"website":null,"phone":null,"source":"OpenStreetMap/node/10690427029","sourceUpdatedAt":null,"verifiedAt":null}},{"type":"Feature","geometry":{"type":"Point","coordinates":[11.0285129,49.5741909]},"properties":{"id":"bikerack:4edfed79-7509-40d5-9021-de56c53d73f7","kind":"bikerack","longitude":11.0285129,"latitude":49.5741909,"name":"Fahrradabstellplatz","city":"Erlangen","address":null,"covered":false,"access":null,"website":null,"phone":null,"source":"OpenStreetMap/way/330992564","sourceUpdatedAt":null,"verifiedAt":null}},{"type":"Feature","geometry":{"type":"Point","coordinates":[11.0020456,49.576231]},"properties":{"id":"bikerack:4f536a3a-7ddf-440a-8181-b4725a43ab11","kind":"bikerack","longitude":11.0020456,"latitude":49.576231,"name":"Fahrradabstellplatz","city":"Erlangen","address":null,"covered":false,"access":null,"website":null,"phone":null,"source":"OpenStreetMap/node/11415092494","sourceUpdatedAt":null,"verifiedAt":null}},{"type":"Feature","geometry":{"type":"Point","coordinates":[11.001348,49.5783882]},"properties":{"id":"bikerack:4f6e0b06-9b5e-4268-8af0-06ea2f35f9cf","kind":"bikerack","longitude":11.001348,"latitude":49.5783882,"name":"Fahrradabstellplatz","city":"Erlangen","address":null,"covered":false,"access":null,"website":null,"phone":null,"source":"OpenStreetMap/node/10696569612","sourceUpdatedAt":null,"verifiedAt":null}},{"type":"Feature","geometry":{"type":"Point","coordinates":[11.0297989,49.5762379]},"properties":{"id":"bikerack:4fc672dc-a98d-4e91-a8e5-17749c16ac23","kind":"bikerack","longitude":11.0297989,"latitude":49.5762379,"name":"Fahrradabstellplatz","city":"Erlangen","address":null,"covered":false,"access":null,"website":null,"phone":null,"source":"OpenStreetMap/way/1149948618","sourceUpdatedAt":null,"verifiedAt":null}},{"type":"Feature","geometry":{"type":"Point","coordinates":[11.00223,49.5787685]},"properties":{"id":"bikerack:50045e20-e539-4592-87d6-6e1edc7fe086","kind":"bikerack","longitude":11.00223,"latitude":49.5787685,"name":"Fahrradabstellplatz","city":"Erlangen","address":null,"covered":false,"access":null,"website":null,"phone":null,"source":"OpenStreetMap/node/10775612626","sourceUpdatedAt":null,"verifiedAt":null}},{"type":"Feature","geometry":{"type":"Point","coordinates":[11.0102261,49.5761001]},"properties":{"id":"bikerack:50acb480-4a43-4d9e-a00f-5f800495c453","kind":"bikerack","longitude":11.0102261,"latitude":49.5761001,"name":"Fahrradabstellplatz","city":"Erlangen","address":null,"covered":true,"access":null,"website":null,"phone":null,"source":"OpenStreetMap/way/1176242781","sourceUpdatedAt":null,"verifiedAt":null}},{"type":"Feature","geometry":{"type":"Point","coordinates":[11.0177843,49.5805663]},"properties":{"id":"bikerack:5151ff3b-88ee-4a1e-bbbb-01b3f6c7c34c","kind":"bikerack","longitude":11.0177843,"latitude":49.5805663,"name":"Fahrradabstellplatz","city":"Erlangen","address":null,"covered":false,"access":null,"website":null,"phone":null,"source":"OpenStreetMap/way/491865011","sourceUpdatedAt":null,"verifiedAt":null}},{"type":"Feature","geometry":{"type":"Point","coordinates":[10.9902332,49.5775306]},"properties":{"id":"bikerack:5190c159-6160-4b0f-aa29-4d9a2b832a6b","kind":"bikerack","longitude":10.9902332,"latitude":49.5775306,"name":"Fahrradabstellplatz","city":"Erlangen","address":null,"covered":false,"access":null,"website":null,"phone":null,"source":"OpenStreetMap/node/13389887046","sourceUpdatedAt":null,"verifiedAt":null}},{"type":"Feature","geometry":{"type":"Point","coordinates":[11.029782,49.5764115]},"properties":{"id":"bikerack:529a6ede-0c15-4a78-8429-e257152c4544","kind":"bikerack","longitude":11.029782,"latitude":49.5764115,"name":"Fahrradabstellplatz","city":"Erlangen","address":null,"covered":false,"access":null,"website":null,"phone":null,"source":"OpenStreetMap/way/689330962","sourceUpdatedAt":null,"verifiedAt":null}},{"type":"Feature","geometry":{"type":"Point","coordinates":[11.0293377,49.5767063]},"properties":{"id":"bikerack:537f66ab-be0c-419f-a314-67f452201f0d","kind":"bikerack","longitude":11.0293377,"latitude":49.5767063,"name":"Fahrradabstellplatz","city":"Erlangen","address":null,"covered":true,"access":null,"website":null,"phone":null,"source":"OpenStreetMap/way/608178025","sourceUpdatedAt":null,"verifiedAt":null}},{"type":"Feature","geometry":{"type":"Point","coordinates":[11.0022931,49.5765378]},"properties":{"id":"bikerack:538895c4-7e0b-45b6-9f71-e0356d9fac70","kind":"bikerack","longitude":11.0022931,"latitude":49.5765378,"name":"Fahrradabstellplatz","city":"Erlangen","address":null,"covered":false,"access":null,"website":null,"phone":null,"source":"OpenStreetMap/node/10690511093","sourceUpdatedAt":null,"verifiedAt":null}},{"type":"Feature","geometry":{"type":"Point","coordinates":[11.0298447,49.5761815]},"properties":{"id":"bikerack:53b133f9-2bf8-4a69-bf87-ae016ddcb485","kind":"bikerack","longitude":11.0298447,"latitude":49.5761815,"name":"Fahrradabstellplatz","city":"Erlangen","address":null,"covered":false,"access":null,"website":null,"phone":null,"source":"OpenStreetMap/way/689330969","sourceUpdatedAt":null,"verifiedAt":null}},{"type":"Feature","geometry":{"type":"Point","coordinates":[11.0004665,49.5772648]},"properties":{"id":"bikerack:5504f8b3-f4af-4f77-a5df-12f51b57bae2","kind":"bikerack","longitude":11.0004665,"latitude":49.5772648,"name":"Fahrradabstellplatz","city":"Erlangen","address":null,"covered":false,"access":null,"website":null,"phone":null,"source":"OpenStreetMap/node/10690511078","sourceUpdatedAt":null,"verifiedAt":null}},{"type":"Feature","geometry":{"type":"Point","coordinates":[11.0111682,49.5790726]},"properties":{"id":"bikerack:563f8682-6509-4cd5-b1c3-0abd8d0a76b7","kind":"bikerack","longitude":11.0111682,"latitude":49.5790726,"name":"Fahrradabstellplatz","city":"Erlangen","address":null,"covered":false,"access":null,"website":null,"phone":null,"source":"OpenStreetMap/way/1175905376","sourceUpdatedAt":null,"verifiedAt":null}},{"type":"Feature","geometry":{"type":"Point","coordinates":[11.0239615,49.5751731]},"properties":{"id":"bikerack:57d38f8f-728b-42cc-82ed-be8e7cc11ed2","kind":"bikerack","longitude":11.0239615,"latitude":49.5751731,"name":"Fahrradabstellplatz","city":"Erlangen","address":null,"covered":false,"access":null,"website":null,"phone":null,"source":"OpenStreetMap/node/10699712365","sourceUpdatedAt":null,"verifiedAt":null}},{"type":"Feature","geometry":{"type":"Point","coordinates":[11.02239,49.5551627]},"properties":{"id":"bikerack:58abc7e8-9f0e-4721-803f-652a8b4621b2","kind":"bikerack","longitude":11.02239,"latitude":49.5551627,"name":"Fahrradabstellplatz","city":"Erlangen","address":null,"covered":true,"access":null,"website":null,"phone":null,"source":"OpenStreetMap/way/1415949864","sourceUpdatedAt":null,"verifiedAt":null}},{"type":"Feature","geometry":{"type":"Point","coordinates":[11.0294845,49.5768572]},"properties":{"id":"bikerack:58f66835-bac2-40f8-8413-7739025ac459","kind":"bikerack","longitude":11.0294845,"latitude":49.5768572,"name":"Fahrradabstellplatz","city":"Erlangen","address":null,"covered":false,"access":null,"website":null,"phone":null,"source":"OpenStreetMap/way/608721957","sourceUpdatedAt":null,"verifiedAt":null}},{"type":"Feature","geometry":{"type":"Point","coordinates":[11.0020573,49.5777913]},"properties":{"id":"bikerack:5a680235-e5ac-421d-be8e-88529fdab32e","kind":"bikerack","longitude":11.0020573,"latitude":49.5777913,"name":"Fahrradabstellplatz","city":"Erlangen","address":null,"covered":false,"access":null,"website":null,"phone":null,"source":"OpenStreetMap/node/10696413020","sourceUpdatedAt":null,"verifiedAt":null}},{"type":"Feature","geometry":{"type":"Point","coordinates":[11.0019686,49.5776889]},"properties":{"id":"bikerack:5b1ed7ee-b067-4ccf-83d1-cdd28bdfc3f1","kind":"bikerack","longitude":11.0019686,"latitude":49.5776889,"name":"Fahrradabstellplatz","city":"Erlangen","address":null,"covered":false,"access":null,"website":null,"phone":null,"source":"OpenStreetMap/node/10696413019","sourceUpdatedAt":null,"verifiedAt":null}},{"type":"Feature","geometry":{"type":"Point","coordinates":[11.0142142,49.5782438]},"properties":{"id":"bikerack:5c4357ac-43cb-4bc0-823a-25b3ed79868e","kind":"bikerack","longitude":11.0142142,"latitude":49.5782438,"name":"Fahrradabstellplatz","city":"Erlangen","address":null,"covered":false,"access":null,"website":null,"phone":null,"source":"OpenStreetMap/node/4091406713","sourceUpdatedAt":null,"verifiedAt":null}},{"type":"Feature","geometry":{"type":"Point","coordinates":[10.9902792,49.577721]},"properties":{"id":"bikerack:5d29e69d-8247-47d1-bb30-db05d68c9da9","kind":"bikerack","longitude":10.9902792,"latitude":49.577721,"name":"Fahrradabstellplatz","city":"Erlangen","address":null,"covered":false,"access":null,"website":null,"phone":null,"source":"OpenStreetMap/node/13389844795","sourceUpdatedAt":null,"verifiedAt":null}},{"type":"Feature","geometry":{"type":"Point","coordinates":[11.0144873,49.5817103]},"properties":{"id":"bikerack:5d4f0b28-447b-48cf-a900-50b24b7fb8a3","kind":"bikerack","longitude":11.0144873,"latitude":49.5817103,"name":"Fahrradabstellplatz","city":"Erlangen","address":null,"covered":true,"access":null,"website":null,"phone":null,"source":"OpenStreetMap/way/364865088","sourceUpdatedAt":null,"verifiedAt":null}},{"type":"Feature","geometry":{"type":"Point","coordinates":[11.0278176,49.5812348]},"properties":{"id":"bikerack:5d6c5410-ad0e-4b7f-a030-eab56cf6f650","kind":"bikerack","longitude":11.0278176,"latitude":49.5812348,"name":"Fahrradabstellplatz","city":"Erlangen","address":null,"covered":false,"access":null,"website":null,"phone":null,"source":"OpenStreetMap/node/10717362824","sourceUpdatedAt":null,"verifiedAt":null}},{"type":"Feature","geometry":{"type":"Point","coordinates":[11.0012927,49.5769813]},"properties":{"id":"bikerack:5d8ae4c8-6bbd-48f9-86fa-b968867e21d2","kind":"bikerack","longitude":11.0012927,"latitude":49.5769813,"name":"Fahrradabstellplatz","city":"Erlangen","address":null,"covered":false,"access":null,"website":null,"phone":null,"source":"OpenStreetMap/node/10690511083","sourceUpdatedAt":null,"verifiedAt":null}},{"type":"Feature","geometry":{"type":"Point","coordinates":[10.9999196,49.5789518]},"properties":{"id":"bikerack:5f9f8521-e24a-4a3c-99e2-94b3ef4a4510","kind":"bikerack","longitude":10.9999196,"latitude":49.5789518,"name":"Fahrradabstellplatz","city":"Erlangen","address":null,"covered":false,"access":null,"website":null,"phone":null,"source":"OpenStreetMap/node/3950818836","sourceUpdatedAt":null,"verifiedAt":null}},{"type":"Feature","geometry":{"type":"Point","coordinates":[11.0038179,49.5757121]},"properties":{"id":"bikerack:60b4350c-3e02-4273-a5d0-e96e178be843","kind":"bikerack","longitude":11.0038179,"latitude":49.5757121,"name":"Fahrradabstellplatz","city":"Erlangen","address":null,"covered":false,"access":null,"website":null,"phone":null,"source":"OpenStreetMap/way/1116614507","sourceUpdatedAt":null,"verifiedAt":null}},{"type":"Feature","geometry":{"type":"Point","coordinates":[11.023879,49.5749308]},"properties":{"id":"bikerack:60c1c3f4-89b7-4e46-8d62-c6922926e44f","kind":"bikerack","longitude":11.023879,"latitude":49.5749308,"name":"Fahrradabstellplatz","city":"Erlangen","address":null,"covered":false,"access":null,"website":null,"phone":null,"source":"OpenStreetMap/node/10699712383","sourceUpdatedAt":null,"verifiedAt":null}},{"type":"Feature","geometry":{"type":"Point","coordinates":[10.9933337,49.5796999]},"properties":{"id":"bikerack:61bcd3e1-f1dd-4597-a73f-be69d65065b8","kind":"bikerack","longitude":10.9933337,"latitude":49.5796999,"name":"Fahrradabstellplatz","city":"Erlangen","address":null,"covered":false,"access":null,"website":null,"phone":null,"source":"OpenStreetMap/node/13452973618","sourceUpdatedAt":null,"verifiedAt":null}},{"type":"Feature","geometry":{"type":"Point","coordinates":[11.0274685,49.5801969]},"properties":{"id":"bikerack:62eaf94e-a7a5-4f78-8f5e-4fa835592840","kind":"bikerack","longitude":11.0274685,"latitude":49.5801969,"name":"Fahrradabstellplatz","city":"Erlangen","address":null,"covered":false,"access":null,"website":null,"phone":null,"source":"OpenStreetMap/node/10699694096","sourceUpdatedAt":null,"verifiedAt":null}},{"type":"Feature","geometry":{"type":"Point","coordinates":[11.0239032,49.5745534]},"properties":{"id":"bikerack:63993b9c-78d9-43d3-b4e6-83a818782c0c","kind":"bikerack","longitude":11.0239032,"latitude":49.5745534,"name":"Fahrradabstellplatz","city":"Erlangen","address":null,"covered":false,"access":null,"website":null,"phone":null,"source":"OpenStreetMap/node/10699712413","sourceUpdatedAt":null,"verifiedAt":null}},{"type":"Feature","geometry":{"type":"Point","coordinates":[11.0024406,49.5767395]},"properties":{"id":"bikerack:6587c82a-9d96-4ba8-830b-9c67f5cf0348","kind":"bikerack","longitude":11.0024406,"latitude":49.5767395,"name":"Fahrradabstellplatz","city":"Erlangen","address":null,"covered":false,"access":null,"website":null,"phone":null,"source":"OpenStreetMap/node/10690511091","sourceUpdatedAt":null,"verifiedAt":null}},{"type":"Feature","geometry":{"type":"Point","coordinates":[11.0117386,49.5782481]},"properties":{"id":"bikerack:66f5cdfd-48a0-4fdc-9b8f-f73c4092a5f2","kind":"bikerack","longitude":11.0117386,"latitude":49.5782481,"name":"Fahrradabstellplatz","city":"Erlangen","address":null,"covered":false,"access":null,"website":null,"phone":null,"source":"OpenStreetMap/way/1175960630","sourceUpdatedAt":null,"verifiedAt":null}},{"type":"Feature","geometry":{"type":"Point","coordinates":[11.001458,49.5603597]},"properties":{"id":"bikerack:67ea1f49-5007-4bce-9d62-e59f21eb9fdc","kind":"bikerack","longitude":11.001458,"latitude":49.5603597,"name":"Fahrradabstellplatz","city":"Erlangen","address":null,"covered":false,"access":null,"website":null,"phone":null,"source":"OpenStreetMap/way/1385194523","sourceUpdatedAt":null,"verifiedAt":null}},{"type":"Feature","geometry":{"type":"Point","coordinates":[11.0083525,49.5713577]},"properties":{"id":"bikerack:67fc1305-2f15-48f6-b988-1684dec470ce","kind":"bikerack","longitude":11.0083525,"latitude":49.5713577,"name":"Fahrradabstellplatz","city":"Erlangen","address":null,"covered":true,"access":null,"website":null,"phone":null,"source":"OpenStreetMap/way/222996961","sourceUpdatedAt":null,"verifiedAt":null}},{"type":"Feature","geometry":{"type":"Point","coordinates":[11.0021407,49.5779004]},"properties":{"id":"bikerack:6a331c13-6c2a-41d3-acfc-3fb8082f28f0","kind":"bikerack","longitude":11.0021407,"latitude":49.5779004,"name":"Fahrradabstellplatz","city":"Erlangen","address":null,"covered":false,"access":null,"website":null,"phone":null,"source":"OpenStreetMap/node/10696413023","sourceUpdatedAt":null,"verifiedAt":null}},{"type":"Feature","geometry":{"type":"Point","coordinates":[11.0041843,49.5755909]},"properties":{"id":"bikerack:6af4baa5-ab04-4b82-bdb9-dc643363b6ee","kind":"bikerack","longitude":11.0041843,"latitude":49.5755909,"name":"Fahrradabstellplatz","city":"Erlangen","address":null,"covered":false,"access":null,"website":null,"phone":null,"source":"OpenStreetMap/way/1116614508","sourceUpdatedAt":null,"verifiedAt":null}},{"type":"Feature","geometry":{"type":"Point","coordinates":[11.005098,49.5656917]},"properties":{"id":"bikerack:6cd87ab9-cb75-4702-81ad-497a5dbbe60b","kind":"bikerack","longitude":11.005098,"latitude":49.5656917,"name":"Fahrradabstellplatz","city":"Erlangen","address":null,"covered":false,"access":null,"website":null,"phone":null,"source":"OpenStreetMap/node/7105863661","sourceUpdatedAt":null,"verifiedAt":null}},{"type":"Feature","geometry":{"type":"Point","coordinates":[11.0276179,49.5740203]},"properties":{"id":"bikerack:6e199092-96ba-4fe1-a952-f85e25cd4fec","kind":"bikerack","longitude":11.0276179,"latitude":49.5740203,"name":"Fahrradabstellplatz","city":"Erlangen","address":null,"covered":true,"access":null,"website":null,"phone":null,"source":"OpenStreetMap/way/330992562","sourceUpdatedAt":null,"verifiedAt":null}},{"type":"Feature","geometry":{"type":"Point","coordinates":[11.0019283,49.576267]},"properties":{"id":"bikerack:715102b7-2e34-4d1c-9f6e-77881c78c3be","kind":"bikerack","longitude":11.0019283,"latitude":49.576267,"name":"Fahrradabstellplatz","city":"Erlangen","address":null,"covered":false,"access":null,"website":null,"phone":null,"source":"OpenStreetMap/node/11415092495","sourceUpdatedAt":null,"verifiedAt":null}},{"type":"Feature","geometry":{"type":"Point","coordinates":[11.0017348,49.5756804]},"properties":{"id":"bikerack:7280349e-bfce-463c-b41d-eb5873f21964","kind":"bikerack","longitude":11.0017348,"latitude":49.5756804,"name":"Fahrradabstellplatz","city":"Erlangen","address":null,"covered":false,"access":null,"website":null,"phone":null,"source":"OpenStreetMap/way/518334811","sourceUpdatedAt":null,"verifiedAt":null}},{"type":"Feature","geometry":{"type":"Point","coordinates":[11.0082667,49.5712431]},"properties":{"id":"bikerack:7282b6ea-1d81-4163-b6c1-0eb74840b2ec","kind":"bikerack","longitude":11.0082667,"latitude":49.5712431,"name":"Fahrradabstellplatz","city":"Erlangen","address":null,"covered":true,"access":null,"website":null,"phone":null,"source":"OpenStreetMap/way/353832829","sourceUpdatedAt":null,"verifiedAt":null}},{"type":"Feature","geometry":{"type":"Point","coordinates":[11.0239046,49.5732833]},"properties":{"id":"bikerack:745e1460-be78-4f0b-8c81-14e9a5dabea0","kind":"bikerack","longitude":11.0239046,"latitude":49.5732833,"name":"Fahrradabstellplatz","city":"Erlangen","address":null,"covered":false,"access":null,"website":null,"phone":null,"source":"OpenStreetMap/node/4923004634","sourceUpdatedAt":null,"verifiedAt":null}},{"type":"Feature","geometry":{"type":"Point","coordinates":[11.0290976,49.5764723]},"properties":{"id":"bikerack:75c8f032-c9c7-4b85-a86c-47c2c9cede50","kind":"bikerack","longitude":11.0290976,"latitude":49.5764723,"name":"Fahrradabstellplatz","city":"Erlangen","address":null,"covered":false,"access":null,"website":null,"phone":null,"source":"OpenStreetMap/node/10753229913","sourceUpdatedAt":null,"verifiedAt":null}},{"type":"Feature","geometry":{"type":"Point","coordinates":[10.9920136,49.5814226]},"properties":{"id":"bikerack:76294c6f-4997-4c44-8cc0-cde3615e533d","kind":"bikerack","longitude":10.9920136,"latitude":49.5814226,"name":"Fahrradabstellplatz","city":"Erlangen","address":null,"covered":false,"access":null,"website":null,"phone":null,"source":"OpenStreetMap/node/6564747819","sourceUpdatedAt":null,"verifiedAt":null}},{"type":"Feature","geometry":{"type":"Point","coordinates":[11.0043796,49.574661]},"properties":{"id":"bikerack:770db346-16a6-4722-bd05-a15ea69fdca0","kind":"bikerack","longitude":11.0043796,"latitude":49.574661,"name":"Fahrradabstellplatz","city":"Erlangen","address":null,"covered":false,"access":null,"website":null,"phone":null,"source":"OpenStreetMap/node/10821487534","sourceUpdatedAt":null,"verifiedAt":null}},{"type":"Feature","geometry":{"type":"Point","coordinates":[11.0018498,49.577727]},"properties":{"id":"bikerack:79e871e4-9da4-4967-a206-1381f6db0bcc","kind":"bikerack","longitude":11.0018498,"latitude":49.577727,"name":"Fahrradabstellplatz","city":"Erlangen","address":null,"covered":false,"access":null,"website":null,"phone":null,"source":"OpenStreetMap/node/10696413018","sourceUpdatedAt":null,"verifiedAt":null}},{"type":"Feature","geometry":{"type":"Point","coordinates":[11.0301833,49.5760106]},"properties":{"id":"bikerack:7a3245f4-546d-4cf3-9710-9e5f912b52d6","kind":"bikerack","longitude":11.0301833,"latitude":49.5760106,"name":"Fahrradabstellplatz","city":"Buckenhof","address":null,"covered":false,"access":null,"website":null,"phone":null,"source":"OpenStreetMap/way/689330968","sourceUpdatedAt":null,"verifiedAt":null}},{"type":"Feature","geometry":{"type":"Point","coordinates":[11.0299734,49.5761597]},"properties":{"id":"bikerack:7ace8a57-6847-4563-b900-45a12e1b0910","kind":"bikerack","longitude":11.0299734,"latitude":49.5761597,"name":"Fahrradabstellplatz","city":"Erlangen","address":null,"covered":false,"access":null,"website":null,"phone":null,"source":"OpenStreetMap/way/608721954","sourceUpdatedAt":null,"verifiedAt":null}},{"type":"Feature","geometry":{"type":"Point","coordinates":[11.0019699,49.5761301]},"properties":{"id":"bikerack:7c704af8-ae59-47ed-b69c-40176591fdb6","kind":"bikerack","longitude":11.0019699,"latitude":49.5761301,"name":"Fahrradabstellplatz","city":"Erlangen","address":null,"covered":false,"access":null,"website":null,"phone":null,"source":"OpenStreetMap/node/11415092497","sourceUpdatedAt":null,"verifiedAt":null}},{"type":"Feature","geometry":{"type":"Point","coordinates":[11.024314,49.5734144]},"properties":{"id":"bikerack:7d4f5b63-29f1-456e-adb7-5e21d5e61b47","kind":"bikerack","longitude":11.024314,"latitude":49.5734144,"name":"Fahrradabstellplatz","city":"Erlangen","address":null,"covered":false,"access":null,"website":null,"phone":null,"source":"OpenStreetMap/node/10699694069","sourceUpdatedAt":null,"verifiedAt":null}},{"type":"Feature","geometry":{"type":"Point","coordinates":[10.9989131,49.5797577]},"properties":{"id":"bikerack:80f88f80-476f-4441-a08c-46c8afe65e54","kind":"bikerack","longitude":10.9989131,"latitude":49.5797577,"name":"Fahrradabstellplatz","city":"Erlangen","address":null,"covered":true,"access":null,"website":null,"phone":null,"source":"OpenStreetMap/way/386654701","sourceUpdatedAt":null,"verifiedAt":null}},{"type":"Feature","geometry":{"type":"Point","coordinates":[11.0152733,49.5771131]},"properties":{"id":"bikerack:81647b91-5142-4880-8dd5-ef09036d7a3a","kind":"bikerack","longitude":11.0152733,"latitude":49.5771131,"name":"Fahrradabstellplatz","city":"Erlangen","address":null,"covered":false,"access":null,"website":null,"phone":null,"source":"OpenStreetMap/node/12458965746","sourceUpdatedAt":null,"verifiedAt":null}},{"type":"Feature","geometry":{"type":"Point","coordinates":[10.9920213,49.5693109]},"properties":{"id":"bikerack:81fd4248-5c83-4819-b50d-774c0d2774a1","kind":"bikerack","longitude":10.9920213,"latitude":49.5693109,"name":"Fahrradabstellplatz","city":"Erlangen","address":null,"covered":false,"access":null,"website":null,"phone":null,"source":"OpenStreetMap/way/1352922341","sourceUpdatedAt":null,"verifiedAt":null}},{"type":"Feature","geometry":{"type":"Point","coordinates":[11.0278867,49.5740781]},"properties":{"id":"bikerack:84c84184-02d3-4cae-95c0-439cb0145519","kind":"bikerack","longitude":11.0278867,"latitude":49.5740781,"name":"Fahrradabstellplatz","city":"Erlangen","address":null,"covered":false,"access":null,"website":null,"phone":null,"source":"OpenStreetMap/node/10699712313","sourceUpdatedAt":null,"verifiedAt":null}},{"type":"Feature","geometry":{"type":"Point","coordinates":[11.0013704,49.5770839]},"properties":{"id":"bikerack:87c6e6ae-0331-4f19-b733-fde6b256e5f7","kind":"bikerack","longitude":11.0013704,"latitude":49.5770839,"name":"Fahrradabstellplatz","city":"Erlangen","address":null,"covered":false,"access":null,"website":null,"phone":null,"source":"OpenStreetMap/node/10690511082","sourceUpdatedAt":null,"verifiedAt":null}},{"type":"Feature","geometry":{"type":"Point","coordinates":[11.0009353,49.5778772]},"properties":{"id":"bikerack:89b9532a-db1a-4d8f-8372-56e64c2e6611","kind":"bikerack","longitude":11.0009353,"latitude":49.5778772,"name":"Fahrradabstellplatz","city":"Erlangen","address":null,"covered":false,"access":null,"website":null,"phone":null,"source":"OpenStreetMap/node/10696413013","sourceUpdatedAt":null,"verifiedAt":null}},{"type":"Feature","geometry":{"type":"Point","coordinates":[11.003003,49.5774724]},"properties":{"id":"bikerack:8b128283-1ad5-442c-adfc-a8f315a9241a","kind":"bikerack","longitude":11.003003,"latitude":49.5774724,"name":"Fahrradabstellplatz","city":"Erlangen","address":null,"covered":false,"access":null,"website":null,"phone":null,"source":"OpenStreetMap/node/10696413028","sourceUpdatedAt":null,"verifiedAt":null}},{"type":"Feature","geometry":{"type":"Point","coordinates":[11.0295821,49.5764444]},"properties":{"id":"bikerack:8b5778ff-b345-423b-bdb3-b51f70885929","kind":"bikerack","longitude":11.0295821,"latitude":49.5764444,"name":"Fahrradabstellplatz","city":"Erlangen","address":null,"covered":false,"access":null,"website":null,"phone":null,"source":"OpenStreetMap/way/608178023","sourceUpdatedAt":null,"verifiedAt":null}},{"type":"Feature","geometry":{"type":"Point","coordinates":[11.0179155,49.5807]},"properties":{"id":"bikerack:8bcef473-5572-4bfb-b354-191d9f1b29b7","kind":"bikerack","longitude":11.0179155,"latitude":49.5807,"name":"Fahrradabstellplatz","city":"Erlangen","address":null,"covered":false,"access":null,"website":null,"phone":null,"source":"OpenStreetMap/way/491865012","sourceUpdatedAt":null,"verifiedAt":null}},{"type":"Feature","geometry":{"type":"Point","coordinates":[11.012487,49.5741281]},"properties":{"id":"bikerack:8f647615-5875-4545-83ea-1531592f33a3","kind":"bikerack","longitude":11.012487,"latitude":49.5741281,"name":"Fahrradabstellplatz","city":"Erlangen","address":null,"covered":true,"access":null,"website":null,"phone":null,"source":"OpenStreetMap/node/12612777036","sourceUpdatedAt":null,"verifiedAt":null}},{"type":"Feature","geometry":{"type":"Point","coordinates":[11.0152851,49.5777434]},"properties":{"id":"bikerack:907a1164-03d1-4a05-abd4-dd6ddae7c55d","kind":"bikerack","longitude":11.0152851,"latitude":49.5777434,"name":"Fahrradabstellplatz","city":"Erlangen","address":null,"covered":false,"access":null,"website":null,"phone":null,"source":"OpenStreetMap/node/4091406712","sourceUpdatedAt":null,"verifiedAt":null}},{"type":"Feature","geometry":{"type":"Point","coordinates":[11.0275592,49.5742709]},"properties":{"id":"bikerack:90d461ce-74c4-470a-8907-361b7a851e64","kind":"bikerack","longitude":11.0275592,"latitude":49.5742709,"name":"Fahrradabstellplatz","city":"Erlangen","address":null,"covered":false,"access":null,"website":null,"phone":null,"source":"OpenStreetMap/node/10699712323","sourceUpdatedAt":null,"verifiedAt":null}},{"type":"Feature","geometry":{"type":"Point","coordinates":[11.001349,49.5768474]},"properties":{"id":"bikerack:92392ea5-a083-46bc-83dd-1bcc05c50d7f","kind":"bikerack","longitude":11.001349,"latitude":49.5768474,"name":"Fahrradabstellplatz","city":"Erlangen","address":null,"covered":false,"access":null,"website":null,"phone":null,"source":"OpenStreetMap/node/10690511087","sourceUpdatedAt":null,"verifiedAt":null}},{"type":"Feature","geometry":{"type":"Point","coordinates":[11.0030225,49.5777278]},"properties":{"id":"bikerack:92f30d80-e8fc-49f7-ba31-ba577c9f1700","kind":"bikerack","longitude":11.0030225,"latitude":49.5777278,"name":"Fahrradabstellplatz","city":"Erlangen","address":null,"covered":false,"access":null,"website":null,"phone":null,"source":"OpenStreetMap/node/10696413032","sourceUpdatedAt":null,"verifiedAt":null}},{"type":"Feature","geometry":{"type":"Point","coordinates":[11.0114032,49.5711719]},"properties":{"id":"bikerack:92f4a8db-b316-4945-9fee-975d3b089be7","kind":"bikerack","longitude":11.0114032,"latitude":49.5711719,"name":"Fahrradabstellplatz","city":"Erlangen","address":null,"covered":false,"access":null,"website":null,"phone":null,"source":"OpenStreetMap/way/353832822","sourceUpdatedAt":null,"verifiedAt":null}},{"type":"Feature","geometry":{"type":"Point","coordinates":[11.0294535,49.5767245]},"properties":{"id":"bikerack:9622ed7b-62b4-4a33-8fdf-a9a591d5dddd","kind":"bikerack","longitude":11.0294535,"latitude":49.5767245,"name":"Fahrradabstellplatz","city":"Erlangen","address":null,"covered":false,"access":null,"website":null,"phone":null,"source":"OpenStreetMap/way/1151022499","sourceUpdatedAt":null,"verifiedAt":null}},{"type":"Feature","geometry":{"type":"Point","coordinates":[10.9975337,49.5707444]},"properties":{"id":"bikerack:989cf73a-0538-468a-87db-6337a6b2ac71","kind":"bikerack","longitude":10.9975337,"latitude":49.5707444,"name":"Fahrradabstellplatz","city":"Erlangen","address":null,"covered":true,"access":null,"website":null,"phone":null,"source":"OpenStreetMap/way/550452444","sourceUpdatedAt":null,"verifiedAt":null}},{"type":"Feature","geometry":{"type":"Point","coordinates":[11.0274855,49.5813209]},"properties":{"id":"bikerack:9a848cbc-7b54-432f-993a-77d422f11c63","kind":"bikerack","longitude":11.0274855,"latitude":49.5813209,"name":"Fahrradabstellplatz","city":"Erlangen","address":null,"covered":false,"access":null,"website":null,"phone":null,"source":"OpenStreetMap/node/10717333902","sourceUpdatedAt":null,"verifiedAt":null}},{"type":"Feature","geometry":{"type":"Point","coordinates":[11.0199177,49.5730461]},"properties":{"id":"bikerack:9a889f71-e777-4403-9dad-32dd4a609029","kind":"bikerack","longitude":11.0199177,"latitude":49.5730461,"name":"Fahrradabstellplatz","city":"Erlangen","address":null,"covered":false,"access":null,"website":null,"phone":null,"source":"OpenStreetMap/node/5020571124","sourceUpdatedAt":null,"verifiedAt":null}},{"type":"Feature","geometry":{"type":"Point","coordinates":[11.0029521,49.5776272]},"properties":{"id":"bikerack:9ea62b1f-85a7-45c3-887f-22edfc3b47ff","kind":"bikerack","longitude":11.0029521,"latitude":49.5776272,"name":"Fahrradabstellplatz","city":"Erlangen","address":null,"covered":false,"access":null,"website":null,"phone":null,"source":"OpenStreetMap/node/10696413030","sourceUpdatedAt":null,"verifiedAt":null}},{"type":"Feature","geometry":{"type":"Point","coordinates":[11.0198292,49.5776826]},"properties":{"id":"bikerack:9f1b9b1e-4555-4874-a759-412bfaeee06f","kind":"bikerack","longitude":11.0198292,"latitude":49.5776826,"name":"Fahrradabstellplatz","city":"Erlangen","address":null,"covered":false,"access":null,"website":null,"phone":null,"source":"OpenStreetMap/node/10697598503","sourceUpdatedAt":null,"verifiedAt":null}},{"type":"Feature","geometry":{"type":"Point","coordinates":[11.0007277,49.5739752]},"properties":{"id":"bikerack:a1884a05-5d08-4a4a-a4c0-fe26410de048","kind":"bikerack","longitude":11.0007277,"latitude":49.5739752,"name":"Fahrradabstellplatz","city":"Erlangen","address":null,"covered":false,"access":null,"website":null,"phone":null,"source":"OpenStreetMap/node/826520087","sourceUpdatedAt":null,"verifiedAt":null}},{"type":"Feature","geometry":{"type":"Point","coordinates":[11.0023602,49.5766334]},"properties":{"id":"bikerack:a48aca01-840d-4375-b2cd-6b176f1fdeb8","kind":"bikerack","longitude":11.0023602,"latitude":49.5766334,"name":"Fahrradabstellplatz","city":"Erlangen","address":null,"covered":false,"access":null,"website":null,"phone":null,"source":"OpenStreetMap/node/10690511092","sourceUpdatedAt":null,"verifiedAt":null}},{"type":"Feature","geometry":{"type":"Point","coordinates":[11.0204865,49.5773015]},"properties":{"id":"bikerack:a51fda13-842d-479b-ac4e-7a9664dfd98f","kind":"bikerack","longitude":11.0204865,"latitude":49.5773015,"name":"Fahrradabstellplatz","city":"Erlangen","address":null,"covered":false,"access":null,"website":null,"phone":null,"source":"OpenStreetMap/node/3688972230","sourceUpdatedAt":null,"verifiedAt":null}},{"type":"Feature","geometry":{"type":"Point","coordinates":[10.9925507,49.5802782]},"properties":{"id":"bikerack:a759026d-3885-43a2-aa52-92440a052eff","kind":"bikerack","longitude":10.9925507,"latitude":49.5802782,"name":"Fahrradabstellplatz","city":"Erlangen","address":null,"covered":false,"access":null,"website":null,"phone":null,"source":"OpenStreetMap/node/13453008031","sourceUpdatedAt":null,"verifiedAt":null}},{"type":"Feature","geometry":{"type":"Point","coordinates":[11.0279056,49.5740105]},"properties":{"id":"bikerack:a8abf827-5b2c-4282-83d9-6c4b3968c1ae","kind":"bikerack","longitude":11.0279056,"latitude":49.5740105,"name":"Fahrradabstellplatz","city":"Erlangen","address":null,"covered":false,"access":null,"website":null,"phone":null,"source":"OpenStreetMap/node/10699694071","sourceUpdatedAt":null,"verifiedAt":null}},{"type":"Feature","geometry":{"type":"Point","coordinates":[11.025614,49.5734381]},"properties":{"id":"bikerack:a96204ce-1680-4003-92c7-686fdfe5de99","kind":"bikerack","longitude":11.025614,"latitude":49.5734381,"name":"Fahrradabstellplatz","city":"Erlangen","address":null,"covered":false,"access":null,"website":null,"phone":null,"source":"OpenStreetMap/node/10699694101","sourceUpdatedAt":null,"verifiedAt":null}},{"type":"Feature","geometry":{"type":"Point","coordinates":[11.0189535,49.5728469]},"properties":{"id":"bikerack:abdfdb18-461a-4b8f-a311-6e9c7fa69730","kind":"bikerack","longitude":11.0189535,"latitude":49.5728469,"name":"Fahrradabstellplatz","city":"Erlangen","address":null,"covered":false,"access":null,"website":null,"phone":null,"source":"OpenStreetMap/node/4923001309","sourceUpdatedAt":null,"verifiedAt":null}},{"type":"Feature","geometry":{"type":"Point","coordinates":[11.0119749,49.5800767]},"properties":{"id":"bikerack:ac7a1649-7eb1-4d56-b214-0de967180f46","kind":"bikerack","longitude":11.0119749,"latitude":49.5800767,"name":"Fahrradabstellplatz","city":"Erlangen","address":null,"covered":false,"access":null,"website":null,"phone":null,"source":"OpenStreetMap/way/950315533","sourceUpdatedAt":null,"verifiedAt":null}},{"type":"Feature","geometry":{"type":"Point","coordinates":[11.028611,49.5808542]},"properties":{"id":"bikerack:af737f10-e84d-4604-9ef9-c626d356ad4a","kind":"bikerack","longitude":11.028611,"latitude":49.5808542,"name":"Fahrradabstellplatz","city":"Erlangen","address":null,"covered":false,"access":null,"website":null,"phone":null,"source":"OpenStreetMap/node/10717333896","sourceUpdatedAt":null,"verifiedAt":null}},{"type":"Feature","geometry":{"type":"Point","coordinates":[11.0015609,49.5751583]},"properties":{"id":"bikerack:afe31de1-8021-4e44-a019-0a7b2643d110","kind":"bikerack","longitude":11.0015609,"latitude":49.5751583,"name":"Fahrradabstellplatz","city":"Erlangen","address":null,"covered":true,"access":null,"website":null,"phone":null,"source":"OpenStreetMap/node/4969061224","sourceUpdatedAt":null,"verifiedAt":null}},{"type":"Feature","geometry":{"type":"Point","coordinates":[11.0096572,49.5801388]},"properties":{"id":"bikerack:aff693a3-1c45-42a0-9a7d-8ba012eaa7f5","kind":"bikerack","longitude":11.0096572,"latitude":49.5801388,"name":"Fahrradabstellplatz","city":"Erlangen","address":null,"covered":false,"access":null,"website":null,"phone":null,"source":"OpenStreetMap/way/1289374998","sourceUpdatedAt":null,"verifiedAt":null}},{"type":"Feature","geometry":{"type":"Point","coordinates":[11.0289429,49.5787569]},"properties":{"id":"bikerack:b1c2cb16-fad4-4c8b-9c72-1bfce664c95b","kind":"bikerack","longitude":11.0289429,"latitude":49.5787569,"name":"Fahrradabstellplatz","city":"Erlangen","address":null,"covered":false,"access":null,"website":null,"phone":null,"source":"OpenStreetMap/node/4972539323","sourceUpdatedAt":null,"verifiedAt":null}},{"type":"Feature","geometry":{"type":"Point","coordinates":[11.0021805,49.5724801]},"properties":{"id":"bikerack:b1cbeb1a-639a-4b7c-a30f-9bdb84d208fb","kind":"bikerack","longitude":11.0021805,"latitude":49.5724801,"name":"Fahrradabstellplatz","city":"Erlangen","address":null,"covered":false,"access":null,"website":null,"phone":null,"source":"OpenStreetMap/way/1106573169","sourceUpdatedAt":null,"verifiedAt":null}},{"type":"Feature","geometry":{"type":"Point","coordinates":[10.9913008,49.5818716]},"properties":{"id":"bikerack:b274c50f-91a2-4d37-a4a2-d19ea7520a77","kind":"bikerack","longitude":10.9913008,"latitude":49.5818716,"name":"Fahrradabstellplatz","city":"Erlangen","address":null,"covered":false,"access":null,"website":null,"phone":null,"source":"OpenStreetMap/node/13460382245","sourceUpdatedAt":null,"verifiedAt":null}},{"type":"Feature","geometry":{"type":"Point","coordinates":[11.0030792,49.562119]},"properties":{"id":"bikerack:b2ec0347-8936-4a27-855f-9b236fde594f","kind":"bikerack","longitude":11.0030792,"latitude":49.562119,"name":"Fahrradabstellplatz","city":"Erlangen","address":null,"covered":false,"access":null,"website":null,"phone":null,"source":"OpenStreetMap/node/13085102360","sourceUpdatedAt":null,"verifiedAt":null}},{"type":"Feature","geometry":{"type":"Point","coordinates":[11.0273592,49.5811256]},"properties":{"id":"bikerack:b47ed737-2035-43d6-932d-b55fb47c7cd4","kind":"bikerack","longitude":11.0273592,"latitude":49.5811256,"name":"Fahrradabstellplatz","city":"Erlangen","address":null,"covered":false,"access":null,"website":null,"phone":null,"source":"OpenStreetMap/node/10717362840","sourceUpdatedAt":null,"verifiedAt":null}},{"type":"Feature","geometry":{"type":"Point","coordinates":[11.0055332,49.5654738]},"properties":{"id":"bikerack:b52646cb-c9d4-4a59-9a2f-f4dc13ee8768","kind":"bikerack","longitude":11.0055332,"latitude":49.5654738,"name":"Fahrradabstellplatz","city":"Erlangen","address":null,"covered":false,"access":null,"website":null,"phone":null,"source":"OpenStreetMap/node/7105862156","sourceUpdatedAt":null,"verifiedAt":null}},{"type":"Feature","geometry":{"type":"Point","coordinates":[11.0300485,49.5792]},"properties":{"id":"bikerack:b6ccdfbf-9b33-429c-a430-7b41b2f698a4","kind":"bikerack","longitude":11.0300485,"latitude":49.5792,"name":"Fahrradabstellplatz","city":"Buckenhof","address":null,"covered":false,"access":null,"website":null,"phone":null,"source":"OpenStreetMap/node/10733321735","sourceUpdatedAt":null,"verifiedAt":null}},{"type":"Feature","geometry":{"type":"Point","coordinates":[11.0008627,49.5785455]},"properties":{"id":"bikerack:b9d4bdc0-23b5-4a3f-be03-5273affb0f76","kind":"bikerack","longitude":11.0008627,"latitude":49.5785455,"name":"Fahrradabstellplatz","city":"Erlangen","address":null,"covered":false,"access":null,"website":null,"phone":null,"source":"OpenStreetMap/node/10696569614","sourceUpdatedAt":null,"verifiedAt":null}},{"type":"Feature","geometry":{"type":"Point","coordinates":[11.0251392,49.5762701]},"properties":{"id":"bikerack:bd7ce40f-94fd-4dc7-8fb7-e28529087ad9","kind":"bikerack","longitude":11.0251392,"latitude":49.5762701,"name":"Fahrradabstellplatz","city":"Erlangen","address":null,"covered":false,"access":null,"website":null,"phone":null,"source":"OpenStreetMap/way/1362338766","sourceUpdatedAt":null,"verifiedAt":null}},{"type":"Feature","geometry":{"type":"Point","coordinates":[11.0233475,49.5780865]},"properties":{"id":"bikerack:bdcefe73-653f-4680-a3fa-60ec84e29295","kind":"bikerack","longitude":11.0233475,"latitude":49.5780865,"name":"Fahrradabstellplatz","city":"Erlangen","address":null,"covered":false,"access":null,"website":null,"phone":null,"source":"OpenStreetMap/node/10697625861","sourceUpdatedAt":null,"verifiedAt":null}},{"type":"Feature","geometry":{"type":"Point","coordinates":[11.009644,49.5803496]},"properties":{"id":"bikerack:be175401-5be8-418a-a924-d3e2acbac6c2","kind":"bikerack","longitude":11.009644,"latitude":49.5803496,"name":"Fahrradabstellplatz","city":"Erlangen","address":null,"covered":false,"access":null,"website":null,"phone":null,"source":"OpenStreetMap/way/1289374997","sourceUpdatedAt":null,"verifiedAt":null}},{"type":"Feature","geometry":{"type":"Point","coordinates":[10.9928383,49.5796146]},"properties":{"id":"bikerack:bf16fe27-482b-4942-8d8a-8480705e2cc4","kind":"bikerack","longitude":10.9928383,"latitude":49.5796146,"name":"Fahrradabstellplatz","city":"Erlangen","address":null,"covered":false,"access":null,"website":null,"phone":null,"source":"OpenStreetMap/node/13452986565","sourceUpdatedAt":null,"verifiedAt":null}},{"type":"Feature","geometry":{"type":"Point","coordinates":[11.0111497,49.5791256]},"properties":{"id":"bikerack:c12c8805-230f-45bb-ba9d-368a25d87bd5","kind":"bikerack","longitude":11.0111497,"latitude":49.5791256,"name":"Fahrradabstellplatz","city":"Erlangen","address":null,"covered":false,"access":null,"website":null,"phone":null,"source":"OpenStreetMap/way/1175905362","sourceUpdatedAt":null,"verifiedAt":null}},{"type":"Feature","geometry":{"type":"Point","coordinates":[11.0241525,49.5731308]},"properties":{"id":"bikerack:c1d08ecd-3c57-43e3-a7b0-5ac1619121fe","kind":"bikerack","longitude":11.0241525,"latitude":49.5731308,"name":"Fahrradabstellplatz","city":"Erlangen","address":null,"covered":false,"access":null,"website":null,"phone":null,"source":"OpenStreetMap/way/448960126","sourceUpdatedAt":null,"verifiedAt":null}},{"type":"Feature","geometry":{"type":"Point","coordinates":[11.0054219,49.5743717]},"properties":{"id":"bikerack:c684baff-87f2-489a-b784-435a8b6caea6","kind":"bikerack","longitude":11.0054219,"latitude":49.5743717,"name":"Fahrradabstellplatz","city":"Erlangen","address":null,"covered":false,"access":null,"website":null,"phone":null,"source":"OpenStreetMap/way/1157986183","sourceUpdatedAt":null,"verifiedAt":null}},{"type":"Feature","geometry":{"type":"Point","coordinates":[11.0159321,49.5790661]},"properties":{"id":"bikerack:c70f0b7b-12b9-4faf-907b-cc6656dcfaeb","kind":"bikerack","longitude":11.0159321,"latitude":49.5790661,"name":"Fahrradabstellplatz","city":"Erlangen","address":null,"covered":false,"access":null,"website":null,"phone":null,"source":"OpenStreetMap/way/945444258","sourceUpdatedAt":null,"verifiedAt":null}},{"type":"Feature","geometry":{"type":"Point","coordinates":[11.0277638,49.5733981]},"properties":{"id":"bikerack:c807e369-8e29-42d9-9dab-3194f1191f52","kind":"bikerack","longitude":11.0277638,"latitude":49.5733981,"name":"Fahrradabstellplatz","city":"Erlangen","address":null,"covered":false,"access":null,"website":null,"phone":null,"source":"OpenStreetMap/way/1245014672","sourceUpdatedAt":null,"verifiedAt":null}},{"type":"Feature","geometry":{"type":"Point","coordinates":[11.0013174,49.5758261]},"properties":{"id":"bikerack:c875b18b-1133-4c9e-b33b-2a297ccde93f","kind":"bikerack","longitude":11.0013174,"latitude":49.5758261,"name":"Fahrradabstellplatz","city":"Erlangen","address":null,"covered":false,"access":null,"website":null,"phone":null,"source":"OpenStreetMap/node/6815917704","sourceUpdatedAt":null,"verifiedAt":null}},{"type":"Feature","geometry":{"type":"Point","coordinates":[10.9995682,49.5776136]},"properties":{"id":"bikerack:c880105e-4e31-48a0-8ae3-61394551d022","kind":"bikerack","longitude":10.9995682,"latitude":49.5776136,"name":"Fahrradabstellplatz","city":"Erlangen","address":null,"covered":false,"access":null,"website":null,"phone":null,"source":"OpenStreetMap/node/10698784386","sourceUpdatedAt":null,"verifiedAt":null}},{"type":"Feature","geometry":{"type":"Point","coordinates":[11.016142,49.5736507]},"properties":{"id":"bikerack:c9814b96-9644-4f1e-8424-496b41f5bd02","kind":"bikerack","longitude":11.016142,"latitude":49.5736507,"name":"Fahrradabstellplatz","city":"Erlangen","address":null,"covered":false,"access":null,"website":null,"phone":null,"source":"OpenStreetMap/node/7761762680","sourceUpdatedAt":null,"verifiedAt":null}},{"type":"Feature","geometry":{"type":"Point","coordinates":[11.0010236,49.5779829]},"properties":{"id":"bikerack:ca09428e-c604-4adb-ab1c-0e3ce2f9c789","kind":"bikerack","longitude":11.0010236,"latitude":49.5779829,"name":"Fahrradabstellplatz","city":"Erlangen","address":null,"covered":false,"access":null,"website":null,"phone":null,"source":"OpenStreetMap/node/10696413014","sourceUpdatedAt":null,"verifiedAt":null}},{"type":"Feature","geometry":{"type":"Point","coordinates":[11.028764,49.5815015]},"properties":{"id":"bikerack:cb4be802-7aa3-4ea8-a2a6-3a6e347b13b4","kind":"bikerack","longitude":11.028764,"latitude":49.5815015,"name":"Fahrradabstellplatz","city":"Erlangen","address":null,"covered":false,"access":null,"website":null,"phone":null,"source":"OpenStreetMap/node/10717333890","sourceUpdatedAt":null,"verifiedAt":null}},{"type":"Feature","geometry":{"type":"Point","coordinates":[11.0201581,49.57298]},"properties":{"id":"bikerack:cba6a8f7-8f9e-458c-9f7e-c3326edfcd1d","kind":"bikerack","longitude":11.0201581,"latitude":49.57298,"name":"Fahrradabstellplatz","city":"Erlangen","address":null,"covered":false,"access":null,"website":null,"phone":null,"source":"OpenStreetMap/node/5020571123","sourceUpdatedAt":null,"verifiedAt":null}},{"type":"Feature","geometry":{"type":"Point","coordinates":[11.0276511,49.5801834]},"properties":{"id":"bikerack:ccb16a53-1c6d-49d9-afb6-c958d2ff9fba","kind":"bikerack","longitude":11.0276511,"latitude":49.5801834,"name":"Fahrradabstellplatz","city":"Erlangen","address":null,"covered":false,"access":null,"website":null,"phone":null,"source":"OpenStreetMap/node/10699712381","sourceUpdatedAt":null,"verifiedAt":null}},{"type":"Feature","geometry":{"type":"Point","coordinates":[11.0228736,49.5780578]},"properties":{"id":"bikerack:cd0e16d7-e4a4-4801-9279-d7810a731c2c","kind":"bikerack","longitude":11.0228736,"latitude":49.5780578,"name":"Fahrradabstellplatz","city":"Erlangen","address":null,"covered":false,"access":null,"website":null,"phone":null,"source":"OpenStreetMap/node/10697625865","sourceUpdatedAt":null,"verifiedAt":null}},{"type":"Feature","geometry":{"type":"Point","coordinates":[10.9914265,49.5793797]},"properties":{"id":"bikerack:cd456cae-e9af-4065-9a89-dbe998d96e68","kind":"bikerack","longitude":10.9914265,"latitude":49.5793797,"name":"Fahrradabstellplatz","city":"Erlangen","address":null,"covered":false,"access":null,"website":null,"phone":null,"source":"OpenStreetMap/node/13381701112","sourceUpdatedAt":null,"verifiedAt":null}},{"type":"Feature","geometry":{"type":"Point","coordinates":[11.005901,49.5652688]},"properties":{"id":"bikerack:cfec8ae8-1701-49ad-be03-47a5a03b9ca4","kind":"bikerack","longitude":11.005901,"latitude":49.5652688,"name":"Fahrradabstellplatz","city":"Erlangen","address":null,"covered":false,"access":null,"website":null,"phone":null,"source":"OpenStreetMap/node/7105863765","sourceUpdatedAt":null,"verifiedAt":null}},{"type":"Feature","geometry":{"type":"Point","coordinates":[11.0271322,49.574007]},"properties":{"id":"bikerack:cff50156-7cb3-4fff-a458-364e0e8bfbc7","kind":"bikerack","longitude":11.0271322,"latitude":49.574007,"name":"Fahrradabstellplatz","city":"Erlangen","address":null,"covered":true,"access":null,"website":null,"phone":null,"source":"OpenStreetMap/node/5849328208","sourceUpdatedAt":null,"verifiedAt":null}},{"type":"Feature","geometry":{"type":"Point","coordinates":[11.0299338,49.576117]},"properties":{"id":"bikerack:d0d7dee0-f465-4786-abf8-127fd642bbab","kind":"bikerack","longitude":11.0299338,"latitude":49.576117,"name":"Fahrradabstellplatz","city":"Erlangen","address":null,"covered":false,"access":null,"website":null,"phone":null,"source":"OpenStreetMap/way/608721953","sourceUpdatedAt":null,"verifiedAt":null}},{"type":"Feature","geometry":{"type":"Point","coordinates":[11.0098726,49.5756143]},"properties":{"id":"bikerack:d1482da0-ec35-43b7-8214-789b4025f587","kind":"bikerack","longitude":11.0098726,"latitude":49.5756143,"name":"Fahrradabstellplatz","city":"Erlangen","address":null,"covered":true,"access":null,"website":null,"phone":null,"source":"OpenStreetMap/way/78084089","sourceUpdatedAt":null,"verifiedAt":null}},{"type":"Feature","geometry":{"type":"Point","coordinates":[11.0218816,49.5779419]},"properties":{"id":"bikerack:d1bfb015-a54c-4b67-80fc-e5174ccfbe62","kind":"bikerack","longitude":11.0218816,"latitude":49.5779419,"name":"Fahrradabstellplatz","city":"Erlangen","address":null,"covered":false,"access":null,"website":null,"phone":null,"source":"OpenStreetMap/node/12873243061","sourceUpdatedAt":null,"verifiedAt":null}},{"type":"Feature","geometry":{"type":"Point","coordinates":[11.0259581,49.5736443]},"properties":{"id":"bikerack:d22ed829-915a-423a-8212-77d8725112f6","kind":"bikerack","longitude":11.0259581,"latitude":49.5736443,"name":"Fahrradabstellplatz","city":"Erlangen","address":null,"covered":false,"access":null,"website":null,"phone":null,"source":"OpenStreetMap/node/10699712373","sourceUpdatedAt":null,"verifiedAt":null}},{"type":"Feature","geometry":{"type":"Point","coordinates":[11.0219385,49.5776188]},"properties":{"id":"bikerack:d28ed9f8-0f95-464f-9225-96a1bf117e39","kind":"bikerack","longitude":11.0219385,"latitude":49.5776188,"name":"Fahrradabstellplatz","city":"Erlangen","address":null,"covered":false,"access":null,"website":null,"phone":null,"source":"OpenStreetMap/node/13138514506","sourceUpdatedAt":null,"verifiedAt":null}},{"type":"Feature","geometry":{"type":"Point","coordinates":[11.001122,49.5784574]},"properties":{"id":"bikerack:d3d4f00f-ca33-449c-9157-f6922d239f23","kind":"bikerack","longitude":11.001122,"latitude":49.5784574,"name":"Fahrradabstellplatz","city":"Erlangen","address":null,"covered":false,"access":null,"website":null,"phone":null,"source":"OpenStreetMap/node/10696569613","sourceUpdatedAt":null,"verifiedAt":null}},{"type":"Feature","geometry":{"type":"Point","coordinates":[11.0295144,49.5788053]},"properties":{"id":"bikerack:d435d6e4-e13c-4725-82ce-540ad5e9a299","kind":"bikerack","longitude":11.0295144,"latitude":49.5788053,"name":"Fahrradabstellplatz","city":"Erlangen","address":null,"covered":false,"access":null,"website":null,"phone":null,"source":"OpenStreetMap/node/8465486658","sourceUpdatedAt":null,"verifiedAt":null}},{"type":"Feature","geometry":{"type":"Point","coordinates":[11.0300787,49.5762778]},"properties":{"id":"bikerack:d457f4e9-39ff-4214-9d1b-59350bdb3f81","kind":"bikerack","longitude":11.0300787,"latitude":49.5762778,"name":"Fahrradabstellplatz","city":"Buckenhof","address":null,"covered":false,"access":null,"website":null,"phone":null,"source":"OpenStreetMap/way/608721955","sourceUpdatedAt":null,"verifiedAt":null}},{"type":"Feature","geometry":{"type":"Point","coordinates":[11.0008225,49.5752211]},"properties":{"id":"bikerack:d4b553b7-c137-4052-a879-329469d8f8a7","kind":"bikerack","longitude":11.0008225,"latitude":49.5752211,"name":"Fahrradabstellplatz","city":"Erlangen","address":null,"covered":true,"access":null,"website":null,"phone":null,"source":"OpenStreetMap/node/4969060425","sourceUpdatedAt":null,"verifiedAt":null}},{"type":"Feature","geometry":{"type":"Point","coordinates":[11.0142919,49.5780336]},"properties":{"id":"bikerack:d7a62767-34a6-4687-abf8-83237127b92d","kind":"bikerack","longitude":11.0142919,"latitude":49.5780336,"name":"Fahrradabstellplatz","city":"Erlangen","address":null,"covered":false,"access":null,"website":null,"phone":null,"source":"OpenStreetMap/way/973136245","sourceUpdatedAt":null,"verifiedAt":null}},{"type":"Feature","geometry":{"type":"Point","coordinates":[11.0290757,49.5776026]},"properties":{"id":"bikerack:da755353-afa6-4fd9-9301-15aaf005751e","kind":"bikerack","longitude":11.0290757,"latitude":49.5776026,"name":"Fahrradabstellplatz","city":"Erlangen","address":null,"covered":false,"access":null,"website":null,"phone":null,"source":"OpenStreetMap/way/1151022498","sourceUpdatedAt":null,"verifiedAt":null}},{"type":"Feature","geometry":{"type":"Point","coordinates":[11.0151628,49.5793004]},"properties":{"id":"bikerack:dab2ef62-7fdd-4f4a-8f10-2370a88f624a","kind":"bikerack","longitude":11.0151628,"latitude":49.5793004,"name":"Fahrradabstellplatz","city":"Erlangen","address":null,"covered":false,"access":null,"website":null,"phone":null,"source":"OpenStreetMap/way/945444259","sourceUpdatedAt":null,"verifiedAt":null}},{"type":"Feature","geometry":{"type":"Point","coordinates":[11.0201904,49.5768335]},"properties":{"id":"bikerack:dc7cdb36-5e79-49af-971e-cc98c5f59b8c","kind":"bikerack","longitude":11.0201904,"latitude":49.5768335,"name":"Fahrradabstellplatz","city":"Erlangen","address":null,"covered":false,"access":null,"website":null,"phone":null,"source":"OpenStreetMap/node/10697625827","sourceUpdatedAt":null,"verifiedAt":null}},{"type":"Feature","geometry":{"type":"Point","coordinates":[11.0273367,49.5809826]},"properties":{"id":"bikerack:dcd39b75-392d-445c-90c8-c3de434628da","kind":"bikerack","longitude":11.0273367,"latitude":49.5809826,"name":"Fahrradabstellplatz","city":"Erlangen","address":null,"covered":false,"access":null,"website":null,"phone":null,"source":"OpenStreetMap/node/10717362809","sourceUpdatedAt":null,"verifiedAt":null}},{"type":"Feature","geometry":{"type":"Point","coordinates":[11.0097904,49.5751916]},"properties":{"id":"bikerack:df861f78-2cb8-4d6c-869e-b547ce3542b1","kind":"bikerack","longitude":11.0097904,"latitude":49.5751916,"name":"Fahrradabstellplatz","city":"Erlangen","address":null,"covered":false,"access":null,"website":null,"phone":null,"source":"OpenStreetMap/way/683499631","sourceUpdatedAt":null,"verifiedAt":null}},{"type":"Feature","geometry":{"type":"Point","coordinates":[11.0051809,49.5744464]},"properties":{"id":"bikerack:e03e74f8-9bb0-4cb8-ba56-2465f041ba53","kind":"bikerack","longitude":11.0051809,"latitude":49.5744464,"name":"Fahrradabstellplatz","city":"Erlangen","address":null,"covered":false,"access":null,"website":null,"phone":null,"source":"OpenStreetMap/way/1157986184","sourceUpdatedAt":null,"verifiedAt":null}},{"type":"Feature","geometry":{"type":"Point","coordinates":[11.0028712,49.5775248]},"properties":{"id":"bikerack:e095b1a4-357a-4987-8998-1c8390451ccf","kind":"bikerack","longitude":11.0028712,"latitude":49.5775248,"name":"Fahrradabstellplatz","city":"Erlangen","address":null,"covered":false,"access":null,"website":null,"phone":null,"source":"OpenStreetMap/node/10696413029","sourceUpdatedAt":null,"verifiedAt":null}},{"type":"Feature","geometry":{"type":"Point","coordinates":[10.9929723,49.5803558]},"properties":{"id":"bikerack:e1230399-5432-48cd-9532-f3dff322e9e9","kind":"bikerack","longitude":10.9929723,"latitude":49.5803558,"name":"Fahrradabstellplatz","city":"Erlangen","address":null,"covered":false,"access":null,"website":null,"phone":null,"source":"OpenStreetMap/node/13452978546","sourceUpdatedAt":null,"verifiedAt":null}},{"type":"Feature","geometry":{"type":"Point","coordinates":[10.9909422,49.5791314]},"properties":{"id":"bikerack:e3aac1fd-7b77-4f06-8372-e815feae0900","kind":"bikerack","longitude":10.9909422,"latitude":49.5791314,"name":"Fahrradabstellplatz","city":"Erlangen","address":null,"covered":false,"access":null,"website":null,"phone":null,"source":"OpenStreetMap/node/13356495964","sourceUpdatedAt":null,"verifiedAt":null}},{"type":"Feature","geometry":{"type":"Point","coordinates":[11.0283888,49.5742136]},"properties":{"id":"bikerack:e489c1c7-cdd2-4032-8da4-58057c5d3161","kind":"bikerack","longitude":11.0283888,"latitude":49.5742136,"name":"Fahrradabstellplatz","city":"Erlangen","address":null,"covered":false,"access":null,"website":null,"phone":null,"source":"OpenStreetMap/way/330992555","sourceUpdatedAt":null,"verifiedAt":null}},{"type":"Feature","geometry":{"type":"Point","coordinates":[11.0200817,49.5770486]},"properties":{"id":"bikerack:e6963697-6047-408e-82e9-6111dc8b611a","kind":"bikerack","longitude":11.0200817,"latitude":49.5770486,"name":"Fahrradabstellplatz","city":"Erlangen","address":null,"covered":false,"access":null,"website":null,"phone":null,"source":"OpenStreetMap/node/10697625829","sourceUpdatedAt":null,"verifiedAt":null}},{"type":"Feature","geometry":{"type":"Point","coordinates":[11.0133407,49.5786387]},"properties":{"id":"bikerack:e729cc1d-4486-4671-ba3b-ed61f40822ef","kind":"bikerack","longitude":11.0133407,"latitude":49.5786387,"name":"Fahrradabstellplatz","city":"Erlangen","address":null,"covered":false,"access":null,"website":null,"phone":null,"source":"OpenStreetMap/way/945738032","sourceUpdatedAt":null,"verifiedAt":null}},{"type":"Feature","geometry":{"type":"Point","coordinates":[11.0286435,49.5773679]},"properties":{"id":"bikerack:eae98303-b9c5-4468-a965-05a5e3699176","kind":"bikerack","longitude":11.0286435,"latitude":49.5773679,"name":"Fahrradabstellplatz","city":"Erlangen","address":null,"covered":false,"access":null,"website":null,"phone":null,"source":"OpenStreetMap/way/608174933","sourceUpdatedAt":null,"verifiedAt":null}},{"type":"Feature","geometry":{"type":"Point","coordinates":[11.0149584,49.5776045]},"properties":{"id":"bikerack:ec3fd21f-f392-4303-9f28-229010925ba0","kind":"bikerack","longitude":11.0149584,"latitude":49.5776045,"name":"Fahrradabstellplatz","city":"Erlangen","address":null,"covered":false,"access":null,"website":null,"phone":null,"source":"OpenStreetMap/way/1175905360","sourceUpdatedAt":null,"verifiedAt":null}},{"type":"Feature","geometry":{"type":"Point","coordinates":[11.0285009,49.5739579]},"properties":{"id":"bikerack:ec556c66-e759-47ac-8bef-3802c8ca7ddf","kind":"bikerack","longitude":11.0285009,"latitude":49.5739579,"name":"Fahrradabstellplatz","city":"Erlangen","address":null,"covered":true,"access":null,"website":null,"phone":null,"source":"OpenStreetMap/way/330992557","sourceUpdatedAt":null,"verifiedAt":null}},{"type":"Feature","geometry":{"type":"Point","coordinates":[10.9978816,49.5708382]},"properties":{"id":"bikerack:ee07e3d5-309f-42f3-b54b-cdce4de4ddf6","kind":"bikerack","longitude":10.9978816,"latitude":49.5708382,"name":"Fahrradabstellplatz","city":"Erlangen","address":null,"covered":true,"access":null,"website":null,"phone":null,"source":"OpenStreetMap/way/550452445","sourceUpdatedAt":null,"verifiedAt":null}},{"type":"Feature","geometry":{"type":"Point","coordinates":[11.0301235,49.5707734]},"properties":{"id":"bikerack:ee11f924-b890-4c45-8c12-69e8f11ec27e","kind":"bikerack","longitude":11.0301235,"latitude":49.5707734,"name":"Fahrradabstellplatz","city":"Erlangen","address":null,"covered":false,"access":null,"website":null,"phone":null,"source":"OpenStreetMap/node/2514295615","sourceUpdatedAt":null,"verifiedAt":null}},{"type":"Feature","geometry":{"type":"Point","coordinates":[11.029533,49.5768721]},"properties":{"id":"bikerack:ef6f001b-ce7d-41bc-95b8-340f4651676c","kind":"bikerack","longitude":11.029533,"latitude":49.5768721,"name":"Fahrradabstellplatz","city":"Erlangen","address":null,"covered":false,"access":null,"website":null,"phone":null,"source":"OpenStreetMap/way/608721958","sourceUpdatedAt":null,"verifiedAt":null}},{"type":"Feature","geometry":{"type":"Point","coordinates":[11.0057757,49.5748728]},"properties":{"id":"bikerack:f039a16a-8476-405c-92fe-8e2d7afb9f1e","kind":"bikerack","longitude":11.0057757,"latitude":49.5748728,"name":"Fahrradabstellplatz","city":"Erlangen","address":null,"covered":true,"access":null,"website":null,"phone":null,"source":"OpenStreetMap/node/10759753730","sourceUpdatedAt":null,"verifiedAt":null}},{"type":"Feature","geometry":{"type":"Point","coordinates":[10.9924423,49.5691975]},"properties":{"id":"bikerack:f10580a8-9364-4b8e-a8af-01215ef852f5","kind":"bikerack","longitude":10.9924423,"latitude":49.5691975,"name":"Fahrradabstellplatz","city":"Erlangen","address":null,"covered":false,"access":null,"website":null,"phone":null,"source":"OpenStreetMap/way/1352922342","sourceUpdatedAt":null,"verifiedAt":null}},{"type":"Feature","geometry":{"type":"Point","coordinates":[11.0282051,49.5736552]},"properties":{"id":"bikerack:f2199108-1b1b-4ad4-8c6c-5cafa73bf9ba","kind":"bikerack","longitude":11.0282051,"latitude":49.5736552,"name":"Fahrradabstellplatz","city":"Erlangen","address":null,"covered":false,"access":null,"website":null,"phone":null,"source":"OpenStreetMap/way/1245014671","sourceUpdatedAt":null,"verifiedAt":null}},{"type":"Feature","geometry":{"type":"Point","coordinates":[10.9931978,49.5815671]},"properties":{"id":"bikerack:f267985d-fd06-4400-a40d-e7f690cf217f","kind":"bikerack","longitude":10.9931978,"latitude":49.5815671,"name":"Fahrradabstellplatz","city":"Erlangen","address":null,"covered":false,"access":null,"website":null,"phone":null,"source":"OpenStreetMap/node/6449198228","sourceUpdatedAt":null,"verifiedAt":null}},{"type":"Feature","geometry":{"type":"Point","coordinates":[11.026567,49.574014]},"properties":{"id":"bikerack:f33d96f1-cf98-4528-84b1-a85017053789","kind":"bikerack","longitude":11.026567,"latitude":49.574014,"name":"Fahrradabstellplatz","city":"Erlangen","address":null,"covered":false,"access":null,"website":null,"phone":null,"source":"OpenStreetMap/node/10699712318","sourceUpdatedAt":null,"verifiedAt":null}},{"type":"Feature","geometry":{"type":"Point","coordinates":[10.9969335,49.5706811]},"properties":{"id":"bikerack:f36b3124-3e12-43e5-9ff3-08e192f77d7e","kind":"bikerack","longitude":10.9969335,"latitude":49.5706811,"name":"Fahrradabstellplatz","city":"Erlangen","address":null,"covered":true,"access":null,"website":null,"phone":null,"source":"OpenStreetMap/way/1109653025","sourceUpdatedAt":null,"verifiedAt":null}},{"type":"Feature","geometry":{"type":"Point","coordinates":[11.0263368,49.5738818]},"properties":{"id":"bikerack:f374411d-0bbc-4ef3-bd25-02514f49d531","kind":"bikerack","longitude":11.0263368,"latitude":49.5738818,"name":"Fahrradabstellplatz","city":"Erlangen","address":null,"covered":false,"access":null,"website":null,"phone":null,"source":"OpenStreetMap/node/10699694065","sourceUpdatedAt":null,"verifiedAt":null}},{"type":"Feature","geometry":{"type":"Point","coordinates":[11.0274607,49.5740562]},"properties":{"id":"bikerack:f4391470-0102-46f9-815d-85384cb81cd2","kind":"bikerack","longitude":11.0274607,"latitude":49.5740562,"name":"Fahrradabstellplatz","city":"Erlangen","address":null,"covered":true,"access":null,"website":null,"phone":null,"source":"OpenStreetMap/way/330992552","sourceUpdatedAt":null,"verifiedAt":null}},{"type":"Feature","geometry":{"type":"Point","coordinates":[11.0291983,49.5765349]},"properties":{"id":"bikerack:f48e01db-8f63-4c1a-a04d-5d86541e19ab","kind":"bikerack","longitude":11.0291983,"latitude":49.5765349,"name":"Fahrradabstellplatz","city":"Erlangen","address":null,"covered":false,"access":null,"website":null,"phone":null,"source":"OpenStreetMap/node/10753229915","sourceUpdatedAt":null,"verifiedAt":null}},{"type":"Feature","geometry":{"type":"Point","coordinates":[11.0153015,49.5773133]},"properties":{"id":"bikerack:f677d2cb-34db-45a3-ad93-3f6b168acdd5","kind":"bikerack","longitude":11.0153015,"latitude":49.5773133,"name":"Fahrradabstellplatz","city":"Erlangen","address":null,"covered":false,"access":null,"website":null,"phone":null,"source":"OpenStreetMap/way/1175905361","sourceUpdatedAt":null,"verifiedAt":null}},{"type":"Feature","geometry":{"type":"Point","coordinates":[11.0024522,49.5759081]},"properties":{"id":"bikerack:f68d2264-4764-4576-949f-bf742225327c","kind":"bikerack","longitude":11.0024522,"latitude":49.5759081,"name":"Fahrradabstellplatz","city":"Erlangen","address":null,"covered":true,"access":null,"website":null,"phone":null,"source":"OpenStreetMap/node/6010220868","sourceUpdatedAt":null,"verifiedAt":null}},{"type":"Feature","geometry":{"type":"Point","coordinates":[11.0239943,49.5752951]},"properties":{"id":"bikerack:f7044e17-8da0-4d59-ba4e-52f7395c9440","kind":"bikerack","longitude":11.0239943,"latitude":49.5752951,"name":"Fahrradabstellplatz","city":"Erlangen","address":null,"covered":false,"access":null,"website":null,"phone":null,"source":"OpenStreetMap/node/10699694049","sourceUpdatedAt":null,"verifiedAt":null}},{"type":"Feature","geometry":{"type":"Point","coordinates":[11.0253129,49.5732592]},"properties":{"id":"bikerack:f74b5ad6-8f04-452e-be7b-aea92bd73fd3","kind":"bikerack","longitude":11.0253129,"latitude":49.5732592,"name":"Fahrradabstellplatz","city":"Erlangen","address":null,"covered":false,"access":null,"website":null,"phone":null,"source":"OpenStreetMap/node/10699694056","sourceUpdatedAt":null,"verifiedAt":null}},{"type":"Feature","geometry":{"type":"Point","coordinates":[11.0020155,49.577935]},"properties":{"id":"bikerack:f8b9eb04-5b57-4ccc-b93f-9729d361ccb8","kind":"bikerack","longitude":11.0020155,"latitude":49.577935,"name":"Fahrradabstellplatz","city":"Erlangen","address":null,"covered":false,"access":null,"website":null,"phone":null,"source":"OpenStreetMap/node/10696413022","sourceUpdatedAt":null,"verifiedAt":null}},{"type":"Feature","geometry":{"type":"Point","coordinates":[10.9935349,49.5753865]},"properties":{"id":"bikerack:f8da7779-7a20-4092-bdd1-6ca0b872e939","kind":"bikerack","longitude":10.9935349,"latitude":49.5753865,"name":"Fahrradabstellplatz","city":"Erlangen","address":null,"covered":false,"access":null,"website":null,"phone":null,"source":"OpenStreetMap/node/1053325956","sourceUpdatedAt":null,"verifiedAt":null}},{"type":"Feature","geometry":{"type":"Point","coordinates":[10.9920373,49.5775714]},"properties":{"id":"bikerack:fa3c1ae5-d04e-4a26-9a2b-fe15c92dab91","kind":"bikerack","longitude":10.9920373,"latitude":49.5775714,"name":"Fahrradabstellplatz","city":"Erlangen","address":null,"covered":false,"access":null,"website":null,"phone":null,"source":"OpenStreetMap/node/13381624874","sourceUpdatedAt":null,"verifiedAt":null}},{"type":"Feature","geometry":{"type":"Point","coordinates":[11.0062293,49.5713623]},"properties":{"id":"bikerack:fb61e2f4-5a5c-4ec3-98e9-287af49f1f2e","kind":"bikerack","longitude":11.0062293,"latitude":49.5713623,"name":"Fahrradabstellplatz","city":"Erlangen","address":null,"covered":false,"access":null,"website":null,"phone":null,"source":"OpenStreetMap/way/353832823","sourceUpdatedAt":null,"verifiedAt":null}},{"type":"Feature","geometry":{"type":"Point","coordinates":[11.0112958,49.5711736]},"properties":{"id":"bikerack:fb841ce4-5a22-485e-98f9-9d98f97c6933","kind":"bikerack","longitude":11.0112958,"latitude":49.5711736,"name":"Fahrradabstellplatz","city":"Erlangen","address":null,"covered":false,"access":null,"website":null,"phone":null,"source":"OpenStreetMap/way/353832818","sourceUpdatedAt":null,"verifiedAt":null}},{"type":"Feature","geometry":{"type":"Point","coordinates":[11.0231083,49.5780736]},"properties":{"id":"bikerack:fbe9f396-5adb-452d-8c2e-df647b194c8e","kind":"bikerack","longitude":11.0231083,"latitude":49.5780736,"name":"Fahrradabstellplatz","city":"Erlangen","address":null,"covered":false,"access":null,"website":null,"phone":null,"source":"OpenStreetMap/node/10697625878","sourceUpdatedAt":null,"verifiedAt":null}},{"type":"Feature","geometry":{"type":"Point","coordinates":[11.0009772,49.5781276]},"properties":{"id":"bikerack:fd2d43df-83ee-4834-b3d2-4c0af499b2ff","kind":"bikerack","longitude":11.0009772,"latitude":49.5781276,"name":"Fahrradabstellplatz","city":"Erlangen","address":null,"covered":false,"access":null,"website":null,"phone":null,"source":"OpenStreetMap/node/10696413012","sourceUpdatedAt":null,"verifiedAt":null}},{"type":"Feature","geometry":{"type":"Point","coordinates":[11.0206607,49.5767006]},"properties":{"id":"bikerack:fd531af2-a0cd-416e-8957-d75c36a0770d","kind":"bikerack","longitude":11.0206607,"latitude":49.5767006,"name":"Fahrradabstellplatz","city":"Erlangen","address":null,"covered":false,"access":null,"website":null,"phone":null,"source":"OpenStreetMap/node/10697625877","sourceUpdatedAt":null,"verifiedAt":null}},{"type":"Feature","geometry":{"type":"Point","coordinates":[11.0005309,49.5773587]},"properties":{"id":"bikerack:fde09891-b10a-40a9-b34c-f99fd71a0250","kind":"bikerack","longitude":11.0005309,"latitude":49.5773587,"name":"Fahrradabstellplatz","city":"Erlangen","address":null,"covered":false,"access":null,"website":null,"phone":null,"source":"OpenStreetMap/node/10690511076","sourceUpdatedAt":null,"verifiedAt":null}},{"type":"Feature","geometry":{"type":"Point","coordinates":[11.017994,49.5804776]},"properties":{"id":"repair:03c62581-6207-43b2-bb70-32012eee62c3","kind":"repair","longitude":11.017994,"latitude":49.5804776,"name":"Fahrradreparaturstation","city":"Erlangen","address":null,"covered":false,"access":null,"website":null,"phone":null,"source":"OpenStreetMap/node/9925314349","sourceUpdatedAt":null,"verifiedAt":null}},{"type":"Feature","geometry":{"type":"Point","coordinates":[11.0255926,49.5730954]},"properties":{"id":"repair:3af5e3e9-b5e1-4d78-ad31-3e671f98db58","kind":"repair","longitude":11.0255926,"latitude":49.5730954,"name":"Fahrradreparaturstation","city":"Erlangen","address":null,"covered":false,"access":null,"website":null,"phone":null,"source":"OpenStreetMap/node/12998807966","sourceUpdatedAt":null,"verifiedAt":null}},{"type":"Feature","geometry":{"type":"Point","coordinates":[11.0300491,49.5711372]},"properties":{"id":"repair:5122eca0-ba46-4532-b4f3-3fd221b2b096","kind":"repair","longitude":11.0300491,"latitude":49.5711372,"name":"Fahrradreparaturstation","city":"Erlangen","address":null,"covered":false,"access":null,"website":null,"phone":null,"source":"OpenStreetMap/node/12192979956","sourceUpdatedAt":null,"verifiedAt":null}},{"type":"Feature","geometry":{"type":"Point","coordinates":[11.0280585,49.5740811]},"properties":{"id":"repair:63b598c8-3f54-46e1-a68e-2b8b33b334fc","kind":"repair","longitude":11.0280585,"latitude":49.5740811,"name":"Fahrradreparaturstation","city":"Erlangen","address":null,"covered":false,"access":null,"website":null,"phone":null,"source":"OpenStreetMap/node/9322111704","sourceUpdatedAt":null,"verifiedAt":null}},{"type":"Feature","geometry":{"type":"Point","coordinates":[11.0295584,49.5768862]},"properties":{"id":"repair:c864d965-28ba-49fc-83ec-4f660211724f","kind":"repair","longitude":11.0295584,"latitude":49.5768862,"name":"Fahrradreparaturstation","city":"Erlangen","address":null,"covered":false,"access":null,"website":null,"phone":null,"source":"OpenStreetMap/node/10707478344","sourceUpdatedAt":null,"verifiedAt":null}}]}