{"type":"FeatureCollection","features":[{"type":"Feature","geometry":{"type":"Point","coordinates":[19.8822343,50.0791737]},"properties":{"id":"bikerack:00021416-8d82-4fa0-9065-c2b6746e4122","kind":"bikerack","longitude":19.8822343,"latitude":50.0791737,"name":"Biciklitároló","city":"Rzaska","address":null,"covered":false,"access":null,"website":null,"phone":null,"source":"OpenStreetMap/node/12905379524","sourceUpdatedAt":null,"verifiedAt":null}},{"type":"Feature","geometry":{"type":"Point","coordinates":[19.9025111,50.0793108]},"properties":{"id":"bikerack:00b450c2-d4e2-4fd4-881e-a62471f66912","kind":"bikerack","longitude":19.9025111,"latitude":50.0793108,"name":"Biciklitároló","city":"Krakow","address":null,"covered":false,"access":null,"website":null,"phone":null,"source":"OpenStreetMap/node/10675919942","sourceUpdatedAt":null,"verifiedAt":null}},{"type":"Feature","geometry":{"type":"Point","coordinates":[19.899614,50.069073]},"properties":{"id":"bikerack:0113ff6c-aaa5-4f7c-bd23-77454c27156f","kind":"bikerack","longitude":19.899614,"latitude":50.069073,"name":"Biciklitároló","city":"Krakow","address":null,"covered":false,"access":null,"website":null,"phone":null,"source":"OpenStreetMap/node/5050413678","sourceUpdatedAt":null,"verifiedAt":null}},{"type":"Feature","geometry":{"type":"Point","coordinates":[19.9051286,50.068025]},"properties":{"id":"bikerack:015dfc09-0999-4b10-9b26-e2346a500a79","kind":"bikerack","longitude":19.9051286,"latitude":50.068025,"name":"Biciklitároló","city":"Krakow","address":null,"covered":true,"access":null,"website":null,"phone":null,"source":"OpenStreetMap/node/2520230194","sourceUpdatedAt":null,"verifiedAt":null}},{"type":"Feature","geometry":{"type":"Point","coordinates":[19.885273,50.0788726]},"properties":{"id":"bikerack:01c997f0-04da-439d-906b-f9b6e4f9d88b","kind":"bikerack","longitude":19.885273,"latitude":50.0788726,"name":"Biciklitároló","city":"Rzaska","address":null,"covered":false,"access":null,"website":null,"phone":null,"source":"OpenStreetMap/node/3741534882","sourceUpdatedAt":null,"verifiedAt":null}},{"type":"Feature","geometry":{"type":"Point","coordinates":[19.8959786,50.0723946]},"properties":{"id":"bikerack:025cc376-b0ca-466a-9803-51b899002895","kind":"bikerack","longitude":19.8959786,"latitude":50.0723946,"name":"Biciklitároló","city":"Krakow","address":null,"covered":false,"access":null,"website":null,"phone":null,"source":"OpenStreetMap/node/5829262306","sourceUpdatedAt":null,"verifiedAt":null}},{"type":"Feature","geometry":{"type":"Point","coordinates":[19.905305,50.0876371]},"properties":{"id":"bikerack:02ec794d-8d6e-4d56-be06-c092087ffaad","kind":"bikerack","longitude":19.905305,"latitude":50.0876371,"name":"Biciklitároló","city":"Zielonki","address":null,"covered":false,"access":null,"website":null,"phone":null,"source":"OpenStreetMap/node/10688263367","sourceUpdatedAt":null,"verifiedAt":null}},{"type":"Feature","geometry":{"type":"Point","coordinates":[19.8813355,50.0793704]},"properties":{"id":"bikerack:034313a3-7fd6-4242-8dbc-dd880aa9aee3","kind":"bikerack","longitude":19.8813355,"latitude":50.0793704,"name":"Biciklitároló","city":"Rzaska","address":null,"covered":false,"access":null,"website":null,"phone":null,"source":"OpenStreetMap/node/11932648787","sourceUpdatedAt":null,"verifiedAt":null}},{"type":"Feature","geometry":{"type":"Point","coordinates":[19.8763491,50.0656176]},"properties":{"id":"bikerack:0380c612-681a-4013-9147-4fd9e3c5b7c9","kind":"bikerack","longitude":19.8763491,"latitude":50.0656176,"name":"Biciklitároló","city":"Rzaska","address":null,"covered":false,"access":null,"website":null,"phone":null,"source":"OpenStreetMap/node/4489288129","sourceUpdatedAt":null,"verifiedAt":null}},{"type":"Feature","geometry":{"type":"Point","coordinates":[19.8981381,50.0788946]},"properties":{"id":"bikerack:03a544f5-87a8-4e65-9a6c-9f4bc3bbb2cc","kind":"bikerack","longitude":19.8981381,"latitude":50.0788946,"name":"Biciklitároló","city":"Krakow","address":null,"covered":false,"access":null,"website":null,"phone":null,"source":"OpenStreetMap/node/10658255626","sourceUpdatedAt":null,"verifiedAt":null}},{"type":"Feature","geometry":{"type":"Point","coordinates":[19.8953143,50.0718225]},"properties":{"id":"bikerack:04bbfa3e-8f4d-40f0-ae1e-adb7af5922e3","kind":"bikerack","longitude":19.8953143,"latitude":50.0718225,"name":"Biciklitároló","city":"Krakow","address":null,"covered":false,"access":null,"website":null,"phone":null,"source":"OpenStreetMap/node/4526287534","sourceUpdatedAt":null,"verifiedAt":null}},{"type":"Feature","geometry":{"type":"Point","coordinates":[19.8899693,50.0815804]},"properties":{"id":"bikerack:065f6974-7e8c-46c8-8fda-5b646f578f9a","kind":"bikerack","longitude":19.8899693,"latitude":50.0815804,"name":"Biciklitároló","city":"Rzaska","address":null,"covered":false,"access":null,"website":null,"phone":null,"source":"OpenStreetMap/node/11932657612","sourceUpdatedAt":null,"verifiedAt":null}},{"type":"Feature","geometry":{"type":"Point","coordinates":[19.8951066,50.0814609]},"properties":{"id":"bikerack:067c74d4-6312-40dd-8848-1bb80055e15c","kind":"bikerack","longitude":19.8951066,"latitude":50.0814609,"name":"Biciklitároló","city":"Krakow","address":null,"covered":false,"access":null,"website":null,"phone":null,"source":"OpenStreetMap/node/10676616155","sourceUpdatedAt":null,"verifiedAt":null}},{"type":"Feature","geometry":{"type":"Point","coordinates":[19.8931526,50.0710496]},"properties":{"id":"bikerack:067e369d-307c-4396-9915-59441fe1c019","kind":"bikerack","longitude":19.8931526,"latitude":50.0710496,"name":"Biciklitároló","city":"Krakow","address":null,"covered":false,"access":null,"website":null,"phone":null,"source":"OpenStreetMap/node/3021353665","sourceUpdatedAt":null,"verifiedAt":null}},{"type":"Feature","geometry":{"type":"Point","coordinates":[19.9007762,50.0688523]},"properties":{"id":"bikerack:068899db-9cb2-4cba-9a43-0d8a1aac1472","kind":"bikerack","longitude":19.9007762,"latitude":50.0688523,"name":"Biciklitároló","city":"Krakow","address":null,"covered":false,"access":null,"website":null,"phone":null,"source":"OpenStreetMap/node/2585033054","sourceUpdatedAt":null,"verifiedAt":null}},{"type":"Feature","geometry":{"type":"Point","coordinates":[19.8921979,50.0777732]},"properties":{"id":"bikerack:06f9560c-d413-4ff2-87b6-e9d38c37dc02","kind":"bikerack","longitude":19.8921979,"latitude":50.0777732,"name":"Biciklitároló","city":"Krakow","address":null,"covered":false,"access":null,"website":null,"phone":null,"source":"OpenStreetMap/node/2578163316","sourceUpdatedAt":null,"verifiedAt":null}},{"type":"Feature","geometry":{"type":"Point","coordinates":[19.887136,50.0777657]},"properties":{"id":"bikerack:08a8da02-515f-4427-804c-2891672fe025","kind":"bikerack","longitude":19.887136,"latitude":50.0777657,"name":"Biciklitároló","city":"Rzaska","address":null,"covered":false,"access":null,"website":null,"phone":null,"source":"OpenStreetMap/node/4909437371","sourceUpdatedAt":null,"verifiedAt":null}},{"type":"Feature","geometry":{"type":"Point","coordinates":[19.9000901,50.0732651]},"properties":{"id":"bikerack:08d07086-d663-4b9b-ba4e-edea48d69a68","kind":"bikerack","longitude":19.9000901,"latitude":50.0732651,"name":"Biciklitároló","city":"Krakow","address":null,"covered":true,"access":null,"website":null,"phone":null,"source":"OpenStreetMap/node/3757425144","sourceUpdatedAt":null,"verifiedAt":null}},{"type":"Feature","geometry":{"type":"Point","coordinates":[19.8808734,50.0783433]},"properties":{"id":"bikerack:094946df-9b0d-4947-bd60-e7a5bd512117","kind":"bikerack","longitude":19.8808734,"latitude":50.0783433,"name":"Biciklitároló","city":"Rzaska","address":null,"covered":false,"access":null,"website":null,"phone":null,"source":"OpenStreetMap/node/12186388791","sourceUpdatedAt":null,"verifiedAt":null}},{"type":"Feature","geometry":{"type":"Point","coordinates":[19.8940361,50.0710804]},"properties":{"id":"bikerack:0962d8f7-ae27-4316-8ec6-a01fa935bf12","kind":"bikerack","longitude":19.8940361,"latitude":50.0710804,"name":"Biciklitároló","city":"Krakow","address":null,"covered":false,"access":null,"website":null,"phone":null,"source":"OpenStreetMap/node/12032833417","sourceUpdatedAt":null,"verifiedAt":null}},{"type":"Feature","geometry":{"type":"Point","coordinates":[19.8862473,50.07799]},"properties":{"id":"bikerack:098ee5b0-89ef-496f-85b3-784bf476c596","kind":"bikerack","longitude":19.8862473,"latitude":50.07799,"name":"Biciklitároló","city":"Rzaska","address":null,"covered":false,"access":null,"website":null,"phone":null,"source":"OpenStreetMap/node/11811102802","sourceUpdatedAt":null,"verifiedAt":null}},{"type":"Feature","geometry":{"type":"Point","coordinates":[19.9069156,50.0684552]},"properties":{"id":"bikerack:0a4abde7-a400-437e-a3bf-8d1f54309280","kind":"bikerack","longitude":19.9069156,"latitude":50.0684552,"name":"Biciklitároló","city":"Krakow","address":null,"covered":true,"access":null,"website":null,"phone":null,"source":"OpenStreetMap/way/1246419097","sourceUpdatedAt":null,"verifiedAt":null}},{"type":"Feature","geometry":{"type":"Point","coordinates":[19.9006056,50.0747315]},"properties":{"id":"bikerack:0c0ca28b-d922-4e90-afc7-aebb02b70ca2","kind":"bikerack","longitude":19.9006056,"latitude":50.0747315,"name":"Biciklitároló","city":"Krakow","address":null,"covered":false,"access":null,"website":null,"phone":null,"source":"OpenStreetMap/way/372204659","sourceUpdatedAt":null,"verifiedAt":null}},{"type":"Feature","geometry":{"type":"Point","coordinates":[19.9001735,50.0732304]},"properties":{"id":"bikerack:0cfb4071-3d29-4e4a-bc24-1d9437480625","kind":"bikerack","longitude":19.9001735,"latitude":50.0732304,"name":"Biciklitároló","city":"Krakow","address":null,"covered":false,"access":null,"website":null,"phone":null,"source":"OpenStreetMap/node/5147246497","sourceUpdatedAt":null,"verifiedAt":null}},{"type":"Feature","geometry":{"type":"Point","coordinates":[19.9023236,50.0698732]},"properties":{"id":"bikerack:0d089e61-7dac-44d9-842f-a3d7e32e0cdf","kind":"bikerack","longitude":19.9023236,"latitude":50.0698732,"name":"Biciklitároló","city":"Krakow","address":null,"covered":true,"access":null,"website":null,"phone":null,"source":"OpenStreetMap/way/1096846830","sourceUpdatedAt":null,"verifiedAt":null}},{"type":"Feature","geometry":{"type":"Point","coordinates":[19.9007057,50.0779712]},"properties":{"id":"bikerack:0dd45f30-a98d-4109-bd8d-2cdf163db230","kind":"bikerack","longitude":19.9007057,"latitude":50.0779712,"name":"Biciklitároló","city":"Krakow","address":null,"covered":false,"access":null,"website":null,"phone":null,"source":"OpenStreetMap/node/8575656533","sourceUpdatedAt":null,"verifiedAt":null}},{"type":"Feature","geometry":{"type":"Point","coordinates":[19.8858622,50.0856267]},"properties":{"id":"bikerack:0e5db6b1-fe07-4516-8868-440ce9ee9386","kind":"bikerack","longitude":19.8858622,"latitude":50.0856267,"name":"Biciklitároló","city":"Rzaska","address":null,"covered":true,"access":null,"website":null,"phone":null,"source":"OpenStreetMap/node/6691390359","sourceUpdatedAt":null,"verifiedAt":null}},{"type":"Feature","geometry":{"type":"Point","coordinates":[19.8814512,50.0642823]},"properties":{"id":"bikerack:0f382697-5a13-4712-8876-a61a0754fa38","kind":"bikerack","longitude":19.8814512,"latitude":50.0642823,"name":"Biciklitároló","city":"Rzaska","address":null,"covered":false,"access":null,"website":null,"phone":null,"source":"OpenStreetMap/way/1317429186","sourceUpdatedAt":null,"verifiedAt":null}},{"type":"Feature","geometry":{"type":"Point","coordinates":[19.8885285,50.0848679]},"properties":{"id":"bikerack:0f7bf097-da51-4f1b-abf2-a660c0b10e70","kind":"bikerack","longitude":19.8885285,"latitude":50.0848679,"name":"Biciklitároló","city":"Rzaska","address":null,"covered":false,"access":null,"website":null,"phone":null,"source":"OpenStreetMap/node/10829016468","sourceUpdatedAt":null,"verifiedAt":null}},{"type":"Feature","geometry":{"type":"Point","coordinates":[19.9024431,50.0688051]},"properties":{"id":"bikerack:10d6a94a-0454-4f64-b29e-253759aecc06","kind":"bikerack","longitude":19.9024431,"latitude":50.0688051,"name":"Biciklitároló","city":"Krakow","address":null,"covered":false,"access":null,"website":null,"phone":null,"source":"OpenStreetMap/way/1487728780","sourceUpdatedAt":null,"verifiedAt":null}},{"type":"Feature","geometry":{"type":"Point","coordinates":[19.8843226,50.0811216]},"properties":{"id":"bikerack:1120379c-b064-4b82-a28f-38402bdbfc19","kind":"bikerack","longitude":19.8843226,"latitude":50.0811216,"name":"Biciklitároló","city":"Rzaska","address":null,"covered":false,"access":null,"website":null,"phone":null,"source":"OpenStreetMap/node/2694917316","sourceUpdatedAt":null,"verifiedAt":null}},{"type":"Feature","geometry":{"type":"Point","coordinates":[19.887195,50.0786226]},"properties":{"id":"bikerack:114e4310-481f-44cc-b46b-af7ba5d4511c","kind":"bikerack","longitude":19.887195,"latitude":50.0786226,"name":"Biciklitároló","city":"Rzaska","address":null,"covered":false,"access":null,"website":null,"phone":null,"source":"OpenStreetMap/node/3755909907","sourceUpdatedAt":null,"verifiedAt":null}},{"type":"Feature","geometry":{"type":"Point","coordinates":[19.8820308,50.0801368]},"properties":{"id":"bikerack:1191951d-8ae1-4c4b-819d-84d837d7693e","kind":"bikerack","longitude":19.8820308,"latitude":50.0801368,"name":"Biciklitároló","city":"Rzaska","address":null,"covered":false,"access":null,"website":null,"phone":null,"source":"OpenStreetMap/node/3741534890","sourceUpdatedAt":null,"verifiedAt":null}},{"type":"Feature","geometry":{"type":"Point","coordinates":[19.9009149,50.078673]},"properties":{"id":"bikerack:1201c980-cb6f-4659-9f47-0094436e2ea9","kind":"bikerack","longitude":19.9009149,"latitude":50.078673,"name":"Biciklitároló","city":"Krakow","address":null,"covered":false,"access":null,"website":null,"phone":null,"source":"OpenStreetMap/node/8196161575","sourceUpdatedAt":null,"verifiedAt":null}},{"type":"Feature","geometry":{"type":"Point","coordinates":[19.8854772,50.0806209]},"properties":{"id":"bikerack:120eba77-2bde-4b48-afd1-5043c67ff40c","kind":"bikerack","longitude":19.8854772,"latitude":50.0806209,"name":"Biciklitároló","city":"Rzaska","address":null,"covered":false,"access":null,"website":null,"phone":null,"source":"OpenStreetMap/node/3745919662","sourceUpdatedAt":null,"verifiedAt":null}},{"type":"Feature","geometry":{"type":"Point","coordinates":[19.8750709,50.0643334]},"properties":{"id":"bikerack:1253c7da-b8a4-43b1-bd56-165410c9ec19","kind":"bikerack","longitude":19.8750709,"latitude":50.0643334,"name":"Biciklitároló","city":"Rzaska","address":null,"covered":false,"access":null,"website":null,"phone":null,"source":"OpenStreetMap/node/4488992773","sourceUpdatedAt":null,"verifiedAt":null}},{"type":"Feature","geometry":{"type":"Point","coordinates":[19.8836241,50.0791497]},"properties":{"id":"bikerack:135ff4f3-35b6-40f0-b9e8-f44a9a8c01a6","kind":"bikerack","longitude":19.8836241,"latitude":50.0791497,"name":"Biciklitároló","city":"Rzaska","address":null,"covered":false,"access":null,"website":null,"phone":null,"source":"OpenStreetMap/node/12974778320","sourceUpdatedAt":null,"verifiedAt":null}},{"type":"Feature","geometry":{"type":"Point","coordinates":[19.8921479,50.0777761]},"properties":{"id":"bikerack:1424187c-2cff-45d4-9c4e-f67bf9d59654","kind":"bikerack","longitude":19.8921479,"latitude":50.0777761,"name":"Biciklitároló","city":"Krakow","address":null,"covered":false,"access":null,"website":null,"phone":null,"source":"OpenStreetMap/node/2578163317","sourceUpdatedAt":null,"verifiedAt":null}},{"type":"Feature","geometry":{"type":"Point","coordinates":[19.8825899,50.0790927]},"properties":{"id":"bikerack:148e65c7-4323-4e1f-b08c-f05d03d93a4e","kind":"bikerack","longitude":19.8825899,"latitude":50.0790927,"name":"Biciklitároló","city":"Rzaska","address":null,"covered":false,"access":null,"website":null,"phone":null,"source":"OpenStreetMap/node/5953271509","sourceUpdatedAt":null,"verifiedAt":null}},{"type":"Feature","geometry":{"type":"Point","coordinates":[19.8998691,50.0801981]},"properties":{"id":"bikerack:1597f2b6-95c2-4ae8-bd2f-ebec5283ca16","kind":"bikerack","longitude":19.8998691,"latitude":50.0801981,"name":"Biciklitároló","city":"Krakow","address":null,"covered":false,"access":null,"website":null,"phone":null,"source":"OpenStreetMap/node/13363832165","sourceUpdatedAt":null,"verifiedAt":null}},{"type":"Feature","geometry":{"type":"Point","coordinates":[19.904186,50.0756397]},"properties":{"id":"bikerack:160398e3-0ce2-4ea6-85fd-3ee540c21893","kind":"bikerack","longitude":19.904186,"latitude":50.0756397,"name":"Biciklitároló","city":"Krakow","address":null,"covered":false,"access":null,"website":null,"phone":null,"source":"OpenStreetMap/node/12618448265","sourceUpdatedAt":null,"verifiedAt":null}},{"type":"Feature","geometry":{"type":"Point","coordinates":[19.8923544,50.0712988]},"properties":{"id":"bikerack:161c4cfa-2c24-4dc5-8845-495ddb39694e","kind":"bikerack","longitude":19.8923544,"latitude":50.0712988,"name":"Biciklitároló","city":"Krakow","address":null,"covered":false,"access":null,"website":null,"phone":null,"source":"OpenStreetMap/node/13681772477","sourceUpdatedAt":null,"verifiedAt":null}},{"type":"Feature","geometry":{"type":"Point","coordinates":[19.9040326,50.0842039]},"properties":{"id":"bikerack:17583928-7641-4b21-95e2-51cfecec18f2","kind":"bikerack","longitude":19.9040326,"latitude":50.0842039,"name":"Biciklitároló","city":"Krakow","address":null,"covered":false,"access":null,"website":null,"phone":null,"source":"OpenStreetMap/node/10688381705","sourceUpdatedAt":null,"verifiedAt":null}},{"type":"Feature","geometry":{"type":"Point","coordinates":[19.888621,50.0796179]},"properties":{"id":"bikerack:1845c937-79d1-45b3-a4c8-195614ea4326","kind":"bikerack","longitude":19.888621,"latitude":50.0796179,"name":"Biciklitároló","city":"Rzaska","address":null,"covered":false,"access":null,"website":null,"phone":null,"source":"OpenStreetMap/node/7767136985","sourceUpdatedAt":null,"verifiedAt":null}},{"type":"Feature","geometry":{"type":"Point","coordinates":[19.9016038,50.0785566]},"properties":{"id":"bikerack:184f6a40-90d3-4da7-8a70-cc96d3e3c662","kind":"bikerack","longitude":19.9016038,"latitude":50.0785566,"name":"Biciklitároló","city":"Krakow","address":null,"covered":false,"access":null,"website":null,"phone":null,"source":"OpenStreetMap/node/10675892159","sourceUpdatedAt":null,"verifiedAt":null}},{"type":"Feature","geometry":{"type":"Point","coordinates":[19.9071019,50.0690737]},"properties":{"id":"bikerack:186dfb58-9e61-4145-aea4-566689f7f0f9","kind":"bikerack","longitude":19.9071019,"latitude":50.0690737,"name":"Biciklitároló","city":"Krakow","address":null,"covered":true,"access":null,"website":null,"phone":null,"source":"OpenStreetMap/way/997360455","sourceUpdatedAt":null,"verifiedAt":null}},{"type":"Feature","geometry":{"type":"Point","coordinates":[19.9019344,50.0691316]},"properties":{"id":"bikerack:18fb22f8-614a-4503-85ec-daeae7a7e231","kind":"bikerack","longitude":19.9019344,"latitude":50.0691316,"name":"Biciklitároló","city":"Krakow","address":null,"covered":true,"access":null,"website":null,"phone":null,"source":"OpenStreetMap/way/1487728781","sourceUpdatedAt":null,"verifiedAt":null}},{"type":"Feature","geometry":{"type":"Point","coordinates":[19.8866024,50.0809401]},"properties":{"id":"bikerack:191f88b0-ca84-4992-b72a-95d5e612a8d5","kind":"bikerack","longitude":19.8866024,"latitude":50.0809401,"name":"Biciklitároló","city":"Rzaska","address":null,"covered":false,"access":null,"website":null,"phone":null,"source":"OpenStreetMap/node/3743947735","sourceUpdatedAt":null,"verifiedAt":null}},{"type":"Feature","geometry":{"type":"Point","coordinates":[19.8841193,50.0815878]},"properties":{"id":"bikerack:19e2058f-b10a-47f1-8fb2-601c3b08d0f5","kind":"bikerack","longitude":19.8841193,"latitude":50.0815878,"name":"Biciklitároló","city":"Rzaska","address":null,"covered":false,"access":null,"website":null,"phone":null,"source":"OpenStreetMap/node/4910564844","sourceUpdatedAt":null,"verifiedAt":null}},{"type":"Feature","geometry":{"type":"Point","coordinates":[19.901245,50.0666355]},"properties":{"id":"bikerack:1b9f1159-d1f7-4e5e-877f-e8211ad7ec4c","kind":"bikerack","longitude":19.901245,"latitude":50.0666355,"name":"Biciklitároló","city":"Krakow","address":null,"covered":false,"access":null,"website":null,"phone":null,"source":"OpenStreetMap/node/2489527705","sourceUpdatedAt":null,"verifiedAt":null}},{"type":"Feature","geometry":{"type":"Point","coordinates":[19.88152,50.0793299]},"properties":{"id":"bikerack:1c6197f6-85a6-4a8b-bacd-49644db0ca5a","kind":"bikerack","longitude":19.88152,"latitude":50.0793299,"name":"Biciklitároló","city":"Rzaska","address":null,"covered":false,"access":null,"website":null,"phone":null,"source":"OpenStreetMap/node/12905379522","sourceUpdatedAt":null,"verifiedAt":null}},{"type":"Feature","geometry":{"type":"Point","coordinates":[19.8922297,50.0705934]},"properties":{"id":"bikerack:1cd911a7-7513-40b8-a3b2-ec4e68da5592","kind":"bikerack","longitude":19.8922297,"latitude":50.0705934,"name":"Biciklitároló","city":"Krakow","address":null,"covered":false,"access":null,"website":null,"phone":null,"source":"OpenStreetMap/node/13141143873","sourceUpdatedAt":null,"verifiedAt":null}},{"type":"Feature","geometry":{"type":"Point","coordinates":[19.9011179,50.0766314]},"properties":{"id":"bikerack:1d19aa48-80e7-4606-9d3d-489ba3ea0fa3","kind":"bikerack","longitude":19.9011179,"latitude":50.0766314,"name":"Biciklitároló","city":"Krakow","address":null,"covered":false,"access":null,"website":null,"phone":null,"source":"OpenStreetMap/node/8196167926","sourceUpdatedAt":null,"verifiedAt":null}},{"type":"Feature","geometry":{"type":"Point","coordinates":[19.8865399,50.084689]},"properties":{"id":"bikerack:1d4fe9cb-3e02-43a6-893f-88e30db22882","kind":"bikerack","longitude":19.8865399,"latitude":50.084689,"name":"Biciklitároló","city":"Rzaska","address":null,"covered":false,"access":null,"website":null,"phone":null,"source":"OpenStreetMap/node/10723976033","sourceUpdatedAt":null,"verifiedAt":null}},{"type":"Feature","geometry":{"type":"Point","coordinates":[19.9000861,50.0732337]},"properties":{"id":"bikerack:1d72be11-57a0-4ae0-bc2f-9dd8e0c77f38","kind":"bikerack","longitude":19.9000861,"latitude":50.0732337,"name":"Biciklitároló","city":"Krakow","address":null,"covered":true,"access":null,"website":null,"phone":null,"source":"OpenStreetMap/node/3757425142","sourceUpdatedAt":null,"verifiedAt":null}},{"type":"Feature","geometry":{"type":"Point","coordinates":[19.8881122,50.0849481]},"properties":{"id":"bikerack:1d7e5629-2d95-45c2-bff4-fdf8b9a5e244","kind":"bikerack","longitude":19.8881122,"latitude":50.0849481,"name":"Biciklitároló","city":"Rzaska","address":null,"covered":false,"access":null,"website":null,"phone":null,"source":"OpenStreetMap/node/10829016467","sourceUpdatedAt":null,"verifiedAt":null}},{"type":"Feature","geometry":{"type":"Point","coordinates":[19.884578,50.0850826]},"properties":{"id":"bikerack:1df22248-851c-4547-9c3c-df1745c7fd76","kind":"bikerack","longitude":19.884578,"latitude":50.0850826,"name":"Biciklitároló","city":"Rzaska","address":null,"covered":false,"access":null,"website":null,"phone":null,"source":"OpenStreetMap/node/6684875397","sourceUpdatedAt":null,"verifiedAt":null}},{"type":"Feature","geometry":{"type":"Point","coordinates":[19.8984863,50.0889167]},"properties":{"id":"bikerack:1e6daf50-5b33-44b7-bba1-1c595369798e","kind":"bikerack","longitude":19.8984863,"latitude":50.0889167,"name":"Biciklitároló","city":"Zielonki","address":null,"covered":true,"access":null,"website":null,"phone":null,"source":"OpenStreetMap/way/1427167897","sourceUpdatedAt":null,"verifiedAt":null}},{"type":"Feature","geometry":{"type":"Point","coordinates":[19.8886007,50.0846658]},"properties":{"id":"bikerack:2077a56a-1621-43cc-b748-a6cc33809e80","kind":"bikerack","longitude":19.8886007,"latitude":50.0846658,"name":"Biciklitároló","city":"Rzaska","address":null,"covered":false,"access":null,"website":null,"phone":null,"source":"OpenStreetMap/node/10829016489","sourceUpdatedAt":null,"verifiedAt":null}},{"type":"Feature","geometry":{"type":"Point","coordinates":[19.8848705,50.0784857]},"properties":{"id":"bikerack:2147e91f-b35f-40c1-b5db-8047646a8b80","kind":"bikerack","longitude":19.8848705,"latitude":50.0784857,"name":"Biciklitároló","city":"Rzaska","address":null,"covered":false,"access":null,"website":null,"phone":null,"source":"OpenStreetMap/node/5953292905","sourceUpdatedAt":null,"verifiedAt":null}},{"type":"Feature","geometry":{"type":"Point","coordinates":[19.8878351,50.079743]},"properties":{"id":"bikerack:24d0f163-aac7-4e44-a406-8eb91def6815","kind":"bikerack","longitude":19.8878351,"latitude":50.079743,"name":"Biciklitároló","city":"Rzaska","address":null,"covered":false,"access":null,"website":null,"phone":null,"source":"OpenStreetMap/node/3743947734","sourceUpdatedAt":null,"verifiedAt":null}},{"type":"Feature","geometry":{"type":"Point","coordinates":[19.9042689,50.0715359]},"properties":{"id":"bikerack:25e39b15-5d53-41ec-90a0-19ed7b7fbefd","kind":"bikerack","longitude":19.9042689,"latitude":50.0715359,"name":"Biciklitároló","city":"Krakow","address":null,"covered":false,"access":null,"website":null,"phone":null,"source":"OpenStreetMap/node/9186766577","sourceUpdatedAt":null,"verifiedAt":null}},{"type":"Feature","geometry":{"type":"Point","coordinates":[19.8918027,50.0824849]},"properties":{"id":"bikerack:260fde27-b2b3-4913-b997-66d246c79ae7","kind":"bikerack","longitude":19.8918027,"latitude":50.0824849,"name":"Biciklitároló","city":"Zielonki","address":null,"covered":false,"access":null,"website":null,"phone":null,"source":"OpenStreetMap/way/945604349","sourceUpdatedAt":null,"verifiedAt":null}},{"type":"Feature","geometry":{"type":"Point","coordinates":[19.8813087,50.0789803]},"properties":{"id":"bikerack:2692fb8d-cd7b-4dbe-9067-fbf9cab41d0d","kind":"bikerack","longitude":19.8813087,"latitude":50.0789803,"name":"Biciklitároló","city":"Rzaska","address":null,"covered":false,"access":null,"website":null,"phone":null,"source":"OpenStreetMap/node/5953262176","sourceUpdatedAt":null,"verifiedAt":null}},{"type":"Feature","geometry":{"type":"Point","coordinates":[19.8852288,50.0799549]},"properties":{"id":"bikerack:27350499-a64e-4176-b61a-db16e36c829a","kind":"bikerack","longitude":19.8852288,"latitude":50.0799549,"name":"Biciklitároló","city":"Rzaska","address":null,"covered":false,"access":null,"website":null,"phone":null,"source":"OpenStreetMap/node/4906197162","sourceUpdatedAt":null,"verifiedAt":null}},{"type":"Feature","geometry":{"type":"Point","coordinates":[19.8853506,50.0844064]},"properties":{"id":"bikerack:280ca5be-5fdd-4eed-be66-4e7b5b60ee3c","kind":"bikerack","longitude":19.8853506,"latitude":50.0844064,"name":"Biciklitároló","city":"Rzaska","address":null,"covered":false,"access":null,"website":null,"phone":null,"source":"OpenStreetMap/node/6684875440","sourceUpdatedAt":null,"verifiedAt":null}},{"type":"Feature","geometry":{"type":"Point","coordinates":[19.9001581,50.069098]},"properties":{"id":"bikerack:28561380-6032-4aba-bdde-b74f9b27369d","kind":"bikerack","longitude":19.9001581,"latitude":50.069098,"name":"Biciklitároló","city":"Krakow","address":null,"covered":false,"access":null,"website":null,"phone":null,"source":"OpenStreetMap/node/11301119484","sourceUpdatedAt":null,"verifiedAt":null}},{"type":"Feature","geometry":{"type":"Point","coordinates":[19.8818727,50.0792528]},"properties":{"id":"bikerack:293aadb4-592f-47e4-90ea-420e8ba52b78","kind":"bikerack","longitude":19.8818727,"latitude":50.0792528,"name":"Biciklitároló","city":"Rzaska","address":null,"covered":false,"access":null,"website":null,"phone":null,"source":"OpenStreetMap/node/12905379523","sourceUpdatedAt":null,"verifiedAt":null}},{"type":"Feature","geometry":{"type":"Point","coordinates":[19.9002044,50.0770157]},"properties":{"id":"bikerack:2988bba0-4100-4f03-83cc-a3b5d90712d6","kind":"bikerack","longitude":19.9002044,"latitude":50.0770157,"name":"Biciklitároló","city":"Krakow","address":null,"covered":false,"access":null,"website":null,"phone":null,"source":"OpenStreetMap/node/10848383254","sourceUpdatedAt":null,"verifiedAt":null}},{"type":"Feature","geometry":{"type":"Point","coordinates":[19.8853958,50.0787542]},"properties":{"id":"bikerack:2a63e2b7-a623-4bff-8023-0b6f98258f6f","kind":"bikerack","longitude":19.8853958,"latitude":50.0787542,"name":"Biciklitároló","city":"Rzaska","address":null,"covered":false,"access":null,"website":null,"phone":null,"source":"OpenStreetMap/node/3741534881","sourceUpdatedAt":null,"verifiedAt":null}},{"type":"Feature","geometry":{"type":"Point","coordinates":[19.882048,50.0792115]},"properties":{"id":"bikerack:2ad0c3ab-e106-4f5b-a1c7-4241474b9791","kind":"bikerack","longitude":19.882048,"latitude":50.0792115,"name":"Biciklitároló","city":"Rzaska","address":null,"covered":false,"access":null,"website":null,"phone":null,"source":"OpenStreetMap/node/5953266649","sourceUpdatedAt":null,"verifiedAt":null}},{"type":"Feature","geometry":{"type":"Point","coordinates":[19.892666,50.0812623]},"properties":{"id":"bikerack:2ad8c9dd-cebd-4bc9-b054-892724144628","kind":"bikerack","longitude":19.892666,"latitude":50.0812623,"name":"Biciklitároló","city":"Krakow","address":null,"covered":false,"access":null,"website":null,"phone":null,"source":"OpenStreetMap/way/1145165082","sourceUpdatedAt":null,"verifiedAt":null}},{"type":"Feature","geometry":{"type":"Point","coordinates":[19.8920971,50.0704326]},"properties":{"id":"bikerack:2afa99d6-1dae-42b7-ba59-20d2c7c4efa8","kind":"bikerack","longitude":19.8920971,"latitude":50.0704326,"name":"Biciklitároló","city":"Krakow","address":null,"covered":true,"access":null,"website":null,"phone":null,"source":"OpenStreetMap/node/3743038144","sourceUpdatedAt":null,"verifiedAt":null}},{"type":"Feature","geometry":{"type":"Point","coordinates":[19.8925426,50.0713962]},"properties":{"id":"bikerack:2b7eba20-bb01-48df-a245-ce34a23a5c6d","kind":"bikerack","longitude":19.8925426,"latitude":50.0713962,"name":"Biciklitároló","city":"Krakow","address":null,"covered":false,"access":null,"website":null,"phone":null,"source":"OpenStreetMap/node/11255430257","sourceUpdatedAt":null,"verifiedAt":null}},{"type":"Feature","geometry":{"type":"Point","coordinates":[19.8857685,50.0864003]},"properties":{"id":"bikerack:2c335dd1-4e19-46ce-9f77-1fa9e610c711","kind":"bikerack","longitude":19.8857685,"latitude":50.0864003,"name":"Biciklitároló","city":"Rzaska","address":null,"covered":false,"access":null,"website":null,"phone":null,"source":"OpenStreetMap/node/11492346063","sourceUpdatedAt":null,"verifiedAt":null}},{"type":"Feature","geometry":{"type":"Point","coordinates":[19.9019701,50.0785003]},"properties":{"id":"bikerack:2c6174b7-c8b2-4379-9859-16a8a3aabb16","kind":"bikerack","longitude":19.9019701,"latitude":50.0785003,"name":"Biciklitároló","city":"Krakow","address":null,"covered":false,"access":null,"website":null,"phone":null,"source":"OpenStreetMap/node/10675892156","sourceUpdatedAt":null,"verifiedAt":null}},{"type":"Feature","geometry":{"type":"Point","coordinates":[19.8868631,50.0845643]},"properties":{"id":"bikerack:2caae5e0-ba80-4a4a-b040-0f6163af88ea","kind":"bikerack","longitude":19.8868631,"latitude":50.0845643,"name":"Biciklitároló","city":"Rzaska","address":null,"covered":true,"access":null,"website":null,"phone":null,"source":"OpenStreetMap/node/7319828975","sourceUpdatedAt":null,"verifiedAt":null}},{"type":"Feature","geometry":{"type":"Point","coordinates":[19.8822242,50.0809996]},"properties":{"id":"bikerack:2d036831-46cc-475e-8126-b3c9d334e70d","kind":"bikerack","longitude":19.8822242,"latitude":50.0809996,"name":"Biciklitároló","city":"Rzaska","address":null,"covered":false,"access":null,"website":null,"phone":null,"source":"OpenStreetMap/node/3741534896","sourceUpdatedAt":null,"verifiedAt":null}},{"type":"Feature","geometry":{"type":"Point","coordinates":[19.8878147,50.0774865]},"properties":{"id":"bikerack:2d1e9a6d-38b6-46a7-b4c2-2dac220eb1ac","kind":"bikerack","longitude":19.8878147,"latitude":50.0774865,"name":"Biciklitároló","city":"Rzaska","address":null,"covered":false,"access":null,"website":null,"phone":null,"source":"OpenStreetMap/node/12607153034","sourceUpdatedAt":null,"verifiedAt":null}},{"type":"Feature","geometry":{"type":"Point","coordinates":[19.902021,50.0763155]},"properties":{"id":"bikerack:2dc6cd6f-c09b-4bd2-99f6-8b9cb8c7a7e6","kind":"bikerack","longitude":19.902021,"latitude":50.0763155,"name":"Biciklitároló","city":"Krakow","address":null,"covered":false,"access":null,"website":null,"phone":null,"source":"OpenStreetMap/node/4839887280","sourceUpdatedAt":null,"verifiedAt":null}},{"type":"Feature","geometry":{"type":"Point","coordinates":[19.8927017,50.0785499]},"properties":{"id":"bikerack:2e1faf33-107d-4e98-a4a5-0b6f5e5444ef","kind":"bikerack","longitude":19.8927017,"latitude":50.0785499,"name":"Biciklitároló","city":"Krakow","address":null,"covered":false,"access":null,"website":null,"phone":null,"source":"OpenStreetMap/node/5173176701","sourceUpdatedAt":null,"verifiedAt":null}},{"type":"Feature","geometry":{"type":"Point","coordinates":[19.8834274,50.0791806]},"properties":{"id":"bikerack:2e2875cf-ef5d-4491-85ee-f9c0c6f28ea7","kind":"bikerack","longitude":19.8834274,"latitude":50.0791806,"name":"Biciklitároló","city":"Rzaska","address":null,"covered":false,"access":null,"website":null,"phone":null,"source":"OpenStreetMap/node/10723940606","sourceUpdatedAt":null,"verifiedAt":null}},{"type":"Feature","geometry":{"type":"Point","coordinates":[19.88207,50.0762996]},"properties":{"id":"bikerack:2ec55a92-bfed-4f2e-8dc1-305a49ffe81a","kind":"bikerack","longitude":19.88207,"latitude":50.0762996,"name":"Biciklitároló","city":"Rzaska","address":null,"covered":false,"access":null,"website":null,"phone":null,"source":"OpenStreetMap/node/12952490845","sourceUpdatedAt":null,"verifiedAt":null}},{"type":"Feature","geometry":{"type":"Point","coordinates":[19.8680888,50.0776539]},"properties":{"id":"bikerack:2ee75c34-f379-41b4-971e-11003ac11c69","kind":"bikerack","longitude":19.8680888,"latitude":50.0776539,"name":"Biciklitároló","city":"Rzaska","address":null,"covered":false,"access":null,"website":null,"phone":null,"source":"OpenStreetMap/node/2968458330","sourceUpdatedAt":null,"verifiedAt":null}},{"type":"Feature","geometry":{"type":"Point","coordinates":[19.8845773,50.0797779]},"properties":{"id":"bikerack:2fe8e4f0-e105-421f-bb7b-31855e0d3d0a","kind":"bikerack","longitude":19.8845773,"latitude":50.0797779,"name":"Biciklitároló","city":"Rzaska","address":null,"covered":false,"access":null,"website":null,"phone":null,"source":"OpenStreetMap/node/7660863821","sourceUpdatedAt":null,"verifiedAt":null}},{"type":"Feature","geometry":{"type":"Point","coordinates":[19.8764881,50.0873952]},"properties":{"id":"bikerack:2feae488-d7a4-4b44-9775-230e3272e1d3","kind":"bikerack","longitude":19.8764881,"latitude":50.0873952,"name":"Biciklitároló","city":"Rzaska","address":null,"covered":false,"access":null,"website":null,"phone":null,"source":"OpenStreetMap/node/10848282212","sourceUpdatedAt":null,"verifiedAt":null}},{"type":"Feature","geometry":{"type":"Point","coordinates":[19.9027639,50.0846791]},"properties":{"id":"bikerack:309f6783-d8d3-4cb9-80c6-722e2f0ff9af","kind":"bikerack","longitude":19.9027639,"latitude":50.0846791,"name":"Biciklitároló","city":"Zielonki","address":null,"covered":false,"access":null,"website":null,"phone":null,"source":"OpenStreetMap/node/5784197353","sourceUpdatedAt":null,"verifiedAt":null}},{"type":"Feature","geometry":{"type":"Point","coordinates":[19.8846361,50.0773626]},"properties":{"id":"bikerack:324de3e9-6a94-40be-8804-fad95db52bd9","kind":"bikerack","longitude":19.8846361,"latitude":50.0773626,"name":"Biciklitároló","city":"Rzaska","address":null,"covered":false,"access":null,"website":null,"phone":null,"source":"OpenStreetMap/way/1151182747","sourceUpdatedAt":null,"verifiedAt":null}},{"type":"Feature","geometry":{"type":"Point","coordinates":[19.9004145,50.0908725]},"properties":{"id":"bikerack:32b99532-82ca-4a45-beaf-3489bcb08845","kind":"bikerack","longitude":19.9004145,"latitude":50.0908725,"name":"Biciklitároló","city":"Zielonki","address":null,"covered":true,"access":null,"website":null,"phone":null,"source":"OpenStreetMap/node/8240862012","sourceUpdatedAt":null,"verifiedAt":null}},{"type":"Feature","geometry":{"type":"Point","coordinates":[19.9041471,50.0760682]},"properties":{"id":"bikerack:33835052-135c-44a2-a6db-68100665dbfb","kind":"bikerack","longitude":19.9041471,"latitude":50.0760682,"name":"Biciklitároló","city":"Krakow","address":null,"covered":false,"access":null,"website":null,"phone":null,"source":"OpenStreetMap/node/12618448257","sourceUpdatedAt":null,"verifiedAt":null}},{"type":"Feature","geometry":{"type":"Point","coordinates":[19.8904834,50.0813701]},"properties":{"id":"bikerack:3390a197-cac8-4ab9-9766-b338e84d0c85","kind":"bikerack","longitude":19.8904834,"latitude":50.0813701,"name":"Biciklitároló","city":"Rzaska","address":null,"covered":true,"access":null,"website":null,"phone":null,"source":"OpenStreetMap/node/8198837211","sourceUpdatedAt":null,"verifiedAt":null}},{"type":"Feature","geometry":{"type":"Point","coordinates":[19.9025947,50.0692131]},"properties":{"id":"bikerack:33f9f2b9-5503-488f-baf0-2111aabf1824","kind":"bikerack","longitude":19.9025947,"latitude":50.0692131,"name":"Biciklitároló","city":"Krakow","address":null,"covered":true,"access":null,"website":null,"phone":null,"source":"OpenStreetMap/node/2585066291","sourceUpdatedAt":null,"verifiedAt":null}},{"type":"Feature","geometry":{"type":"Point","coordinates":[19.8943025,50.0862223]},"properties":{"id":"bikerack:34927e7a-2a17-49d2-9cd5-735c5a6a8e4a","kind":"bikerack","longitude":19.8943025,"latitude":50.0862223,"name":"Biciklitároló","city":"Zielonki","address":null,"covered":false,"access":null,"website":null,"phone":null,"source":"OpenStreetMap/node/10612161078","sourceUpdatedAt":null,"verifiedAt":null}},{"type":"Feature","geometry":{"type":"Point","coordinates":[19.9019944,50.0766976]},"properties":{"id":"bikerack:34b0d908-31a0-45ad-b693-115325147999","kind":"bikerack","longitude":19.9019944,"latitude":50.0766976,"name":"Biciklitároló","city":"Krakow","address":null,"covered":false,"access":null,"website":null,"phone":null,"source":"OpenStreetMap/node/4839893071","sourceUpdatedAt":null,"verifiedAt":null}},{"type":"Feature","geometry":{"type":"Point","coordinates":[19.9054124,50.0873921]},"properties":{"id":"bikerack:35348546-7d72-4d0c-b0fa-fed0214affbe","kind":"bikerack","longitude":19.9054124,"latitude":50.0873921,"name":"Biciklitároló","city":"Zielonki","address":null,"covered":false,"access":null,"website":null,"phone":null,"source":"OpenStreetMap/node/10681067005","sourceUpdatedAt":null,"verifiedAt":null}},{"type":"Feature","geometry":{"type":"Point","coordinates":[19.879477,50.0786663]},"properties":{"id":"bikerack:36d7157a-ee8a-45cf-95bc-d614041829e3","kind":"bikerack","longitude":19.879477,"latitude":50.0786663,"name":"Biciklitároló","city":"Rzaska","address":null,"covered":false,"access":null,"website":null,"phone":null,"source":"OpenStreetMap/node/3644712202","sourceUpdatedAt":null,"verifiedAt":null}},{"type":"Feature","geometry":{"type":"Point","coordinates":[19.9005515,50.0690398]},"properties":{"id":"bikerack:379eff18-12d8-449c-b58e-0f015e3fbdca","kind":"bikerack","longitude":19.9005515,"latitude":50.0690398,"name":"Biciklitároló","city":"Krakow","address":null,"covered":false,"access":null,"website":null,"phone":null,"source":"OpenStreetMap/node/11301119485","sourceUpdatedAt":null,"verifiedAt":null}},{"type":"Feature","geometry":{"type":"Point","coordinates":[19.8875322,50.0776192]},"properties":{"id":"bikerack:37a4fbf1-4def-4c91-bf62-874b91ccc59f","kind":"bikerack","longitude":19.8875322,"latitude":50.0776192,"name":"Biciklitároló","city":"Rzaska","address":null,"covered":false,"access":null,"website":null,"phone":null,"source":"OpenStreetMap/node/3741534868","sourceUpdatedAt":null,"verifiedAt":null}},{"type":"Feature","geometry":{"type":"Point","coordinates":[19.8826393,50.0781753]},"properties":{"id":"bikerack:37f8b844-acd0-4616-8cbe-476bda6df9ea","kind":"bikerack","longitude":19.8826393,"latitude":50.0781753,"name":"Biciklitároló","city":"Rzaska","address":null,"covered":false,"access":null,"website":null,"phone":null,"source":"OpenStreetMap/node/3743353409","sourceUpdatedAt":null,"verifiedAt":null}},{"type":"Feature","geometry":{"type":"Point","coordinates":[19.8798509,50.0786842]},"properties":{"id":"bikerack:388aa96d-62af-4a14-844b-4254608cc647","kind":"bikerack","longitude":19.8798509,"latitude":50.0786842,"name":"Biciklitároló","city":"Rzaska","address":null,"covered":false,"access":null,"website":null,"phone":null,"source":"OpenStreetMap/node/5757086343","sourceUpdatedAt":null,"verifiedAt":null}},{"type":"Feature","geometry":{"type":"Point","coordinates":[19.8828494,50.0797533]},"properties":{"id":"bikerack:38df2b78-09af-4265-937a-1dad6972b137","kind":"bikerack","longitude":19.8828494,"latitude":50.0797533,"name":"Biciklitároló","city":"Rzaska","address":null,"covered":false,"access":null,"website":null,"phone":null,"source":"OpenStreetMap/node/8197062924","sourceUpdatedAt":null,"verifiedAt":null}},{"type":"Feature","geometry":{"type":"Point","coordinates":[19.9067442,50.0712747]},"properties":{"id":"bikerack:38e754a9-ec72-4fec-8f4a-f012988c2a33","kind":"bikerack","longitude":19.9067442,"latitude":50.0712747,"name":"Biciklitároló","city":"Krakow","address":null,"covered":false,"access":null,"website":null,"phone":null,"source":"OpenStreetMap/node/2576898347","sourceUpdatedAt":null,"verifiedAt":null}},{"type":"Feature","geometry":{"type":"Point","coordinates":[19.8780632,50.0788419]},"properties":{"id":"bikerack:3921a63f-ea85-4e6b-b392-fcaa2b720394","kind":"bikerack","longitude":19.8780632,"latitude":50.0788419,"name":"Biciklitároló","city":"Rzaska","address":null,"covered":false,"access":null,"website":null,"phone":null,"source":"OpenStreetMap/node/12186447993","sourceUpdatedAt":null,"verifiedAt":null}},{"type":"Feature","geometry":{"type":"Point","coordinates":[19.9006892,50.0866882]},"properties":{"id":"bikerack:3943d11c-7b60-43b9-8f09-c3ae639d93d2","kind":"bikerack","longitude":19.9006892,"latitude":50.0866882,"name":"Biciklitároló","city":"Zielonki","address":null,"covered":false,"access":null,"website":null,"phone":null,"source":"OpenStreetMap/way/492403106","sourceUpdatedAt":null,"verifiedAt":null}},{"type":"Feature","geometry":{"type":"Point","coordinates":[19.9071493,50.0788108]},"properties":{"id":"bikerack:39bda803-3ddc-437b-adf0-bcdeddd275c5","kind":"bikerack","longitude":19.9071493,"latitude":50.0788108,"name":"Biciklitároló","city":"Krakow","address":null,"covered":false,"access":null,"website":null,"phone":null,"source":"OpenStreetMap/node/3894176652","sourceUpdatedAt":null,"verifiedAt":null}},{"type":"Feature","geometry":{"type":"Point","coordinates":[19.8873023,50.0782097]},"properties":{"id":"bikerack:3a1f27d7-cea2-431b-889b-826fb406d2c3","kind":"bikerack","longitude":19.8873023,"latitude":50.0782097,"name":"Biciklitároló","city":"Rzaska","address":null,"covered":false,"access":null,"website":null,"phone":null,"source":"OpenStreetMap/node/5454581365","sourceUpdatedAt":null,"verifiedAt":null}},{"type":"Feature","geometry":{"type":"Point","coordinates":[19.8908638,50.0810653]},"properties":{"id":"bikerack:3adbf344-0e4d-42d4-85e2-982a4aa35e97","kind":"bikerack","longitude":19.8908638,"latitude":50.0810653,"name":"Biciklitároló","city":"Rzaska","address":null,"covered":true,"access":null,"website":null,"phone":null,"source":"OpenStreetMap/node/8180685449","sourceUpdatedAt":null,"verifiedAt":null}},{"type":"Feature","geometry":{"type":"Point","coordinates":[19.8952723,50.0814205]},"properties":{"id":"bikerack:3adc7d9d-0b1e-4444-b845-63c77ca224e7","kind":"bikerack","longitude":19.8952723,"latitude":50.0814205,"name":"Biciklitároló","city":"Krakow","address":null,"covered":false,"access":null,"website":null,"phone":null,"source":"OpenStreetMap/way/1147304843","sourceUpdatedAt":null,"verifiedAt":null}},{"type":"Feature","geometry":{"type":"Point","coordinates":[19.8816936,50.0783767]},"properties":{"id":"bikerack:3bd3cf59-cc4a-4e98-ad55-ac8efd9a70fd","kind":"bikerack","longitude":19.8816936,"latitude":50.0783767,"name":"Biciklitároló","city":"Rzaska","address":null,"covered":false,"access":null,"website":null,"phone":null,"source":"OpenStreetMap/node/4910210872","sourceUpdatedAt":null,"verifiedAt":null}},{"type":"Feature","geometry":{"type":"Point","coordinates":[19.8680955,50.0778811]},"properties":{"id":"bikerack:3be28c55-532d-4573-9f6d-3c8cbedb9019","kind":"bikerack","longitude":19.8680955,"latitude":50.0778811,"name":"Biciklitároló","city":"Rzaska","address":null,"covered":false,"access":null,"website":null,"phone":null,"source":"OpenStreetMap/node/3791892278","sourceUpdatedAt":null,"verifiedAt":null}},{"type":"Feature","geometry":{"type":"Point","coordinates":[19.9047725,50.069121]},"properties":{"id":"bikerack:3cf30b35-c063-4c53-a0e0-0275c065a3e4","kind":"bikerack","longitude":19.9047725,"latitude":50.069121,"name":"Biciklitároló","city":"Krakow","address":null,"covered":false,"access":null,"website":null,"phone":null,"source":"OpenStreetMap/node/2505193422","sourceUpdatedAt":null,"verifiedAt":null}},{"type":"Feature","geometry":{"type":"Point","coordinates":[19.9042812,50.0687495]},"properties":{"id":"bikerack:3d88bbc5-7f3d-48d6-8d4f-1d30d5a0c8f0","kind":"bikerack","longitude":19.9042812,"latitude":50.0687495,"name":"Biciklitároló","city":"Krakow","address":null,"covered":false,"access":null,"website":null,"phone":null,"source":"OpenStreetMap/node/2491430005","sourceUpdatedAt":null,"verifiedAt":null}},{"type":"Feature","geometry":{"type":"Point","coordinates":[19.8931233,50.0873812]},"properties":{"id":"bikerack:3e300379-8b3e-44b7-9943-7c4fbd81a120","kind":"bikerack","longitude":19.8931233,"latitude":50.0873812,"name":"Biciklitároló","city":"Zielonki","address":null,"covered":false,"access":null,"website":null,"phone":null,"source":"OpenStreetMap/way/1148035157","sourceUpdatedAt":null,"verifiedAt":null}},{"type":"Feature","geometry":{"type":"Point","coordinates":[19.8900149,50.0815245]},"properties":{"id":"bikerack:3f535de8-d1a4-487e-b51a-826c97cd62b5","kind":"bikerack","longitude":19.8900149,"latitude":50.0815245,"name":"Biciklitároló","city":"Rzaska","address":null,"covered":false,"access":null,"website":null,"phone":null,"source":"OpenStreetMap/node/13649651870","sourceUpdatedAt":null,"verifiedAt":null}},{"type":"Feature","geometry":{"type":"Point","coordinates":[19.8942674,50.0709585]},"properties":{"id":"bikerack:3f5ea4e6-1826-475f-a60f-8c5f9c7d9dd8","kind":"bikerack","longitude":19.8942674,"latitude":50.0709585,"name":"Biciklitároló","city":"Krakow","address":null,"covered":false,"access":null,"website":null,"phone":null,"source":"OpenStreetMap/node/6183347618","sourceUpdatedAt":null,"verifiedAt":null}},{"type":"Feature","geometry":{"type":"Point","coordinates":[19.9013313,50.0736324]},"properties":{"id":"bikerack:40319615-6152-47ea-b4e6-b69673a47ee7","kind":"bikerack","longitude":19.9013313,"latitude":50.0736324,"name":"Biciklitároló","city":"Krakow","address":null,"covered":false,"access":null,"website":null,"phone":null,"source":"OpenStreetMap/node/9029039348","sourceUpdatedAt":null,"verifiedAt":null}},{"type":"Feature","geometry":{"type":"Point","coordinates":[19.905143,50.0684306]},"properties":{"id":"bikerack:40897267-8c62-4f76-96cb-19d0db2a69ac","kind":"bikerack","longitude":19.905143,"latitude":50.0684306,"name":"Biciklitároló","city":"Krakow","address":null,"covered":true,"access":null,"website":null,"phone":null,"source":"OpenStreetMap/way/1065946105","sourceUpdatedAt":null,"verifiedAt":null}},{"type":"Feature","geometry":{"type":"Point","coordinates":[19.9056317,50.0837291]},"properties":{"id":"bikerack:42768ea3-3b90-4cf9-ab6d-053ee9113a0f","kind":"bikerack","longitude":19.9056317,"latitude":50.0837291,"name":"Biciklitároló","city":"Krakow","address":null,"covered":false,"access":null,"website":null,"phone":null,"source":"OpenStreetMap/node/12612774366","sourceUpdatedAt":null,"verifiedAt":null}},{"type":"Feature","geometry":{"type":"Point","coordinates":[19.9028689,50.0842478]},"properties":{"id":"bikerack:44384490-dc8b-48c6-8d86-05b50cfd1788","kind":"bikerack","longitude":19.9028689,"latitude":50.0842478,"name":"Biciklitároló","city":"Krakow","address":null,"covered":false,"access":null,"website":null,"phone":null,"source":"OpenStreetMap/node/10717796105","sourceUpdatedAt":null,"verifiedAt":null}},{"type":"Feature","geometry":{"type":"Point","coordinates":[19.8818689,50.0788379]},"properties":{"id":"bikerack:443e1614-5af7-47f3-91c6-ebc3667c0902","kind":"bikerack","longitude":19.8818689,"latitude":50.0788379,"name":"Biciklitároló","city":"Rzaska","address":null,"covered":false,"access":null,"website":null,"phone":null,"source":"OpenStreetMap/node/3743353413","sourceUpdatedAt":null,"verifiedAt":null}},{"type":"Feature","geometry":{"type":"Point","coordinates":[19.8840184,50.0790585]},"properties":{"id":"bikerack:44553848-0557-4315-8187-22dbaddb7cfb","kind":"bikerack","longitude":19.8840184,"latitude":50.0790585,"name":"Biciklitároló","city":"Rzaska","address":null,"covered":false,"access":null,"website":null,"phone":null,"source":"OpenStreetMap/node/3741534883","sourceUpdatedAt":null,"verifiedAt":null}},{"type":"Feature","geometry":{"type":"Point","coordinates":[19.8883662,50.0777097]},"properties":{"id":"bikerack:445c11ea-5553-4f67-8ac9-678f34e65fe2","kind":"bikerack","longitude":19.8883662,"latitude":50.0777097,"name":"Biciklitároló","city":"Rzaska","address":null,"covered":false,"access":null,"website":null,"phone":null,"source":"OpenStreetMap/node/5182254263","sourceUpdatedAt":null,"verifiedAt":null}},{"type":"Feature","geometry":{"type":"Point","coordinates":[19.8935307,50.0784752]},"properties":{"id":"bikerack:44f6c74b-4f7c-4ff4-8813-8cac328a45b3","kind":"bikerack","longitude":19.8935307,"latitude":50.0784752,"name":"Biciklitároló","city":"Krakow","address":null,"covered":false,"access":null,"website":null,"phone":null,"source":"OpenStreetMap/node/2577335682","sourceUpdatedAt":null,"verifiedAt":null}},{"type":"Feature","geometry":{"type":"Point","coordinates":[19.8840871,50.0787032]},"properties":{"id":"bikerack:44f97ce6-d335-4c55-99d4-b7f109e2ad4a","kind":"bikerack","longitude":19.8840871,"latitude":50.0787032,"name":"Biciklitároló","city":"Rzaska","address":null,"covered":false,"access":null,"website":null,"phone":null,"source":"OpenStreetMap/node/4940446493","sourceUpdatedAt":null,"verifiedAt":null}},{"type":"Feature","geometry":{"type":"Point","coordinates":[19.8950707,50.0693794]},"properties":{"id":"bikerack:450c257a-29c4-44ea-bf5a-75b2d89cad5d","kind":"bikerack","longitude":19.8950707,"latitude":50.0693794,"name":"Biciklitároló","city":"Krakow","address":null,"covered":false,"access":null,"website":null,"phone":null,"source":"OpenStreetMap/node/5853512090","sourceUpdatedAt":null,"verifiedAt":null}},{"type":"Feature","geometry":{"type":"Point","coordinates":[19.8846873,50.077908]},"properties":{"id":"bikerack:454a8e76-624f-4b9c-b915-7027e8367cb4","kind":"bikerack","longitude":19.8846873,"latitude":50.077908,"name":"Biciklitároló","city":"Rzaska","address":null,"covered":false,"access":null,"website":null,"phone":null,"source":"OpenStreetMap/node/8773515365","sourceUpdatedAt":null,"verifiedAt":null}},{"type":"Feature","geometry":{"type":"Point","coordinates":[19.8887908,50.0770471]},"properties":{"id":"bikerack:461de8db-fc48-4701-ad76-f674fb538203","kind":"bikerack","longitude":19.8887908,"latitude":50.0770471,"name":"Biciklitároló","city":"Rzaska","address":null,"covered":false,"access":null,"website":null,"phone":null,"source":"OpenStreetMap/node/12604153576","sourceUpdatedAt":null,"verifiedAt":null}},{"type":"Feature","geometry":{"type":"Point","coordinates":[19.8927149,50.0870676]},"properties":{"id":"bikerack:48b0e086-6a10-4119-8e25-6f6df2c86a6b","kind":"bikerack","longitude":19.8927149,"latitude":50.0870676,"name":"Biciklitároló","city":"Zielonki","address":null,"covered":false,"access":null,"website":null,"phone":null,"source":"OpenStreetMap/node/2582115101","sourceUpdatedAt":null,"verifiedAt":null}},{"type":"Feature","geometry":{"type":"Point","coordinates":[19.887946,50.084228]},"properties":{"id":"bikerack:48f238d8-bcdd-401e-afa6-2e8f0bcfb227","kind":"bikerack","longitude":19.887946,"latitude":50.084228,"name":"Biciklitároló","city":"Rzaska","address":null,"covered":false,"access":null,"website":null,"phone":null,"source":"OpenStreetMap/node/11760686863","sourceUpdatedAt":null,"verifiedAt":null}},{"type":"Feature","geometry":{"type":"Point","coordinates":[19.8824142,50.0791328]},"properties":{"id":"bikerack:49089a13-7c5b-4c26-9f7f-b11a71919960","kind":"bikerack","longitude":19.8824142,"latitude":50.0791328,"name":"Biciklitároló","city":"Rzaska","address":null,"covered":false,"access":null,"website":null,"phone":null,"source":"OpenStreetMap/node/12974778319","sourceUpdatedAt":null,"verifiedAt":null}},{"type":"Feature","geometry":{"type":"Point","coordinates":[19.9015046,50.0687983]},"properties":{"id":"bikerack:492468d7-237b-465e-aa24-003f0dee0298","kind":"bikerack","longitude":19.9015046,"latitude":50.0687983,"name":"Biciklitároló","city":"Krakow","address":null,"covered":false,"access":null,"website":null,"phone":null,"source":"OpenStreetMap/node/2585033051","sourceUpdatedAt":null,"verifiedAt":null}},{"type":"Feature","geometry":{"type":"Point","coordinates":[19.8847747,50.0848576]},"properties":{"id":"bikerack:4a5d82d3-70f9-4106-b0e9-27f10f7d0607","kind":"bikerack","longitude":19.8847747,"latitude":50.0848576,"name":"Biciklitároló","city":"Rzaska","address":null,"covered":false,"access":null,"website":null,"phone":null,"source":"OpenStreetMap/node/6691390360","sourceUpdatedAt":null,"verifiedAt":null}},{"type":"Feature","geometry":{"type":"Point","coordinates":[19.8926839,50.0750756]},"properties":{"id":"bikerack:4a9920e8-5771-4e00-bb5a-2a9244bef2d5","kind":"bikerack","longitude":19.8926839,"latitude":50.0750756,"name":"Biciklitároló","city":"Krakow","address":null,"covered":false,"access":null,"website":null,"phone":null,"source":"OpenStreetMap/node/3804115930","sourceUpdatedAt":null,"verifiedAt":null}},{"type":"Feature","geometry":{"type":"Point","coordinates":[19.8866023,50.0806426]},"properties":{"id":"bikerack:4aafbecb-f7a0-46a4-af91-30dcfb5bada7","kind":"bikerack","longitude":19.8866023,"latitude":50.0806426,"name":"Biciklitároló","city":"Rzaska","address":null,"covered":false,"access":null,"website":null,"phone":null,"source":"OpenStreetMap/node/7652991603","sourceUpdatedAt":null,"verifiedAt":null}},{"type":"Feature","geometry":{"type":"Point","coordinates":[19.8688712,50.0775074]},"properties":{"id":"bikerack:4c7d32a2-177e-4026-98f5-3fe994a5dcf0","kind":"bikerack","longitude":19.8688712,"latitude":50.0775074,"name":"Biciklitároló","city":"Rzaska","address":null,"covered":false,"access":null,"website":null,"phone":null,"source":"OpenStreetMap/node/2968458328","sourceUpdatedAt":null,"verifiedAt":null}},{"type":"Feature","geometry":{"type":"Point","coordinates":[19.8767084,50.0774525]},"properties":{"id":"bikerack:4ca33677-bb89-4f78-bb0c-0f952f944345","kind":"bikerack","longitude":19.8767084,"latitude":50.0774525,"name":"Biciklitároló","city":"Rzaska","address":null,"covered":false,"access":null,"website":null,"phone":null,"source":"OpenStreetMap/node/7660662941","sourceUpdatedAt":null,"verifiedAt":null}},{"type":"Feature","geometry":{"type":"Point","coordinates":[19.8933761,50.0776846]},"properties":{"id":"bikerack:4ce0ba7d-f143-4b47-ad42-3930e9a1c6fc","kind":"bikerack","longitude":19.8933761,"latitude":50.0776846,"name":"Biciklitároló","city":"Krakow","address":null,"covered":false,"access":null,"website":null,"phone":null,"source":"OpenStreetMap/node/2578163313","sourceUpdatedAt":null,"verifiedAt":null}},{"type":"Feature","geometry":{"type":"Point","coordinates":[19.901461,50.0742443]},"properties":{"id":"bikerack:4d370df9-7cd8-462d-b92b-50e58027fc62","kind":"bikerack","longitude":19.901461,"latitude":50.0742443,"name":"Biciklitároló","city":"Krakow","address":null,"covered":false,"access":null,"website":null,"phone":null,"source":"OpenStreetMap/node/5910044224","sourceUpdatedAt":null,"verifiedAt":null}},{"type":"Feature","geometry":{"type":"Point","coordinates":[19.8953381,50.071861]},"properties":{"id":"bikerack:4dd85bb0-8dc4-4ff0-9629-103cfa2c193c","kind":"bikerack","longitude":19.8953381,"latitude":50.071861,"name":"Biciklitároló","city":"Krakow","address":null,"covered":false,"access":null,"website":null,"phone":null,"source":"OpenStreetMap/node/4526287533","sourceUpdatedAt":null,"verifiedAt":null}},{"type":"Feature","geometry":{"type":"Point","coordinates":[19.9012119,50.0663838]},"properties":{"id":"bikerack:4e20ff3d-49d2-43c2-a09c-bc63e5ff5124","kind":"bikerack","longitude":19.9012119,"latitude":50.0663838,"name":"Biciklitároló","city":"Krakow","address":null,"covered":false,"access":null,"website":null,"phone":null,"source":"OpenStreetMap/node/2478785413","sourceUpdatedAt":null,"verifiedAt":null}},{"type":"Feature","geometry":{"type":"Point","coordinates":[19.9000245,50.0732384]},"properties":{"id":"bikerack:4fe628c0-72a3-47c9-a421-8eef08e78a04","kind":"bikerack","longitude":19.9000245,"latitude":50.0732384,"name":"Biciklitároló","city":"Krakow","address":null,"covered":false,"access":null,"website":null,"phone":null,"source":"OpenStreetMap/node/5147246498","sourceUpdatedAt":null,"verifiedAt":null}},{"type":"Feature","geometry":{"type":"Point","coordinates":[19.9008317,50.0755213]},"properties":{"id":"bikerack:500c9122-5b9d-45bd-b4c8-c327d7fababa","kind":"bikerack","longitude":19.9008317,"latitude":50.0755213,"name":"Biciklitároló","city":"Krakow","address":null,"covered":false,"access":null,"website":null,"phone":null,"source":"OpenStreetMap/node/10840958858","sourceUpdatedAt":null,"verifiedAt":null}},{"type":"Feature","geometry":{"type":"Point","coordinates":[19.8889826,50.0795403]},"properties":{"id":"bikerack:50d34029-cd7f-4821-80bf-810846aa4947","kind":"bikerack","longitude":19.8889826,"latitude":50.0795403,"name":"Biciklitároló","city":"Rzaska","address":null,"covered":false,"access":null,"website":null,"phone":null,"source":"OpenStreetMap/node/7766433784","sourceUpdatedAt":null,"verifiedAt":null}},{"type":"Feature","geometry":{"type":"Point","coordinates":[19.9000671,50.0779632]},"properties":{"id":"bikerack:51ba51d6-a033-4f43-a81b-4e612e92be55","kind":"bikerack","longitude":19.9000671,"latitude":50.0779632,"name":"Biciklitároló","city":"Krakow","address":null,"covered":false,"access":null,"website":null,"phone":null,"source":"OpenStreetMap/node/12509055745","sourceUpdatedAt":null,"verifiedAt":null}},{"type":"Feature","geometry":{"type":"Point","coordinates":[19.8922155,50.078025]},"properties":{"id":"bikerack:53374135-6fa0-48de-ac77-c5eb5f55c139","kind":"bikerack","longitude":19.8922155,"latitude":50.078025,"name":"Biciklitároló","city":"Krakow","address":null,"covered":true,"access":null,"website":null,"phone":null,"source":"OpenStreetMap/node/2578163319","sourceUpdatedAt":null,"verifiedAt":null}},{"type":"Feature","geometry":{"type":"Point","coordinates":[19.9002515,50.0922064]},"properties":{"id":"bikerack:536350be-2a30-4f7d-8eae-b4aba9795ca1","kind":"bikerack","longitude":19.9002515,"latitude":50.0922064,"name":"Biciklitároló","city":"Zielonki","address":null,"covered":false,"access":null,"website":null,"phone":null,"source":"OpenStreetMap/node/2688276297","sourceUpdatedAt":null,"verifiedAt":null}},{"type":"Feature","geometry":{"type":"Point","coordinates":[19.8827969,50.077634]},"properties":{"id":"bikerack:53feda44-e6ef-474c-b831-3e59821fdab9","kind":"bikerack","longitude":19.8827969,"latitude":50.077634,"name":"Biciklitároló","city":"Rzaska","address":null,"covered":false,"access":null,"website":null,"phone":null,"source":"OpenStreetMap/node/8157137558","sourceUpdatedAt":null,"verifiedAt":null}},{"type":"Feature","geometry":{"type":"Point","coordinates":[19.9027585,50.0735426]},"properties":{"id":"bikerack:541812e2-b826-4f07-8596-8c08c6c19699","kind":"bikerack","longitude":19.9027585,"latitude":50.0735426,"name":"Biciklitároló","city":"Krakow","address":null,"covered":false,"access":null,"website":null,"phone":null,"source":"OpenStreetMap/node/12652690159","sourceUpdatedAt":null,"verifiedAt":null}},{"type":"Feature","geometry":{"type":"Point","coordinates":[19.8686409,50.0778066]},"properties":{"id":"bikerack:54410df7-ca34-4eaa-9e4d-264686ef65e9","kind":"bikerack","longitude":19.8686409,"latitude":50.0778066,"name":"Biciklitároló","city":"Rzaska","address":null,"covered":false,"access":null,"website":null,"phone":null,"source":"OpenStreetMap/node/3791892277","sourceUpdatedAt":null,"verifiedAt":null}},{"type":"Feature","geometry":{"type":"Point","coordinates":[19.8839025,50.0807985]},"properties":{"id":"bikerack:5462e2bb-186b-4bca-a0e9-8284c755c875","kind":"bikerack","longitude":19.8839025,"latitude":50.0807985,"name":"Biciklitároló","city":"Rzaska","address":null,"covered":false,"access":null,"website":null,"phone":null,"source":"OpenStreetMap/node/3745919665","sourceUpdatedAt":null,"verifiedAt":null}},{"type":"Feature","geometry":{"type":"Point","coordinates":[19.8847276,50.077908]},"properties":{"id":"bikerack:54cc46bb-600a-46cf-a4bf-88bca97dfa91","kind":"bikerack","longitude":19.8847276,"latitude":50.077908,"name":"Biciklitároló","city":"Rzaska","address":null,"covered":false,"access":null,"website":null,"phone":null,"source":"OpenStreetMap/node/4854919553","sourceUpdatedAt":null,"verifiedAt":null}},{"type":"Feature","geometry":{"type":"Point","coordinates":[19.881957,50.0782038]},"properties":{"id":"bikerack:54e2baf6-803a-457d-8768-28bafad234e2","kind":"bikerack","longitude":19.881957,"latitude":50.0782038,"name":"Biciklitároló","city":"Rzaska","address":null,"covered":false,"access":null,"website":null,"phone":null,"source":"OpenStreetMap/node/8079072522","sourceUpdatedAt":null,"verifiedAt":null}},{"type":"Feature","geometry":{"type":"Point","coordinates":[19.8822128,50.076227]},"properties":{"id":"bikerack:5621d502-e3da-4276-a0ec-c67e77de90ee","kind":"bikerack","longitude":19.8822128,"latitude":50.076227,"name":"Biciklitároló","city":"Rzaska","address":null,"covered":false,"access":null,"website":null,"phone":null,"source":"OpenStreetMap/node/13698923134","sourceUpdatedAt":null,"verifiedAt":null}},{"type":"Feature","geometry":{"type":"Point","coordinates":[19.8941978,50.0688407]},"properties":{"id":"bikerack:56b1a38c-caf8-4dfb-a154-d8fd3387ad26","kind":"bikerack","longitude":19.8941978,"latitude":50.0688407,"name":"Biciklitároló","city":"Krakow","address":null,"covered":false,"access":null,"website":null,"phone":null,"source":"OpenStreetMap/node/11335783619","sourceUpdatedAt":null,"verifiedAt":null}},{"type":"Feature","geometry":{"type":"Point","coordinates":[19.884914,50.0814391]},"properties":{"id":"bikerack:56c04e50-e3eb-4e91-8a29-4c73b4f63a5f","kind":"bikerack","longitude":19.884914,"latitude":50.0814391,"name":"Biciklitároló","city":"Rzaska","address":null,"covered":false,"access":null,"website":null,"phone":null,"source":"OpenStreetMap/node/10287632358","sourceUpdatedAt":null,"verifiedAt":null}},{"type":"Feature","geometry":{"type":"Point","coordinates":[19.8844222,50.0789742]},"properties":{"id":"bikerack:56d2a787-3a6c-41e7-b6f4-e8a452cf95a0","kind":"bikerack","longitude":19.8844222,"latitude":50.0789742,"name":"Biciklitároló","city":"Rzaska","address":null,"covered":false,"access":null,"website":null,"phone":null,"source":"OpenStreetMap/node/7630240602","sourceUpdatedAt":null,"verifiedAt":null}},{"type":"Feature","geometry":{"type":"Point","coordinates":[19.8935304,50.0772632]},"properties":{"id":"bikerack:570fda4b-6c25-4457-820d-76870fd4473d","kind":"bikerack","longitude":19.8935304,"latitude":50.0772632,"name":"Biciklitároló","city":"Krakow","address":null,"covered":false,"access":null,"website":null,"phone":null,"source":"OpenStreetMap/node/2578163311","sourceUpdatedAt":null,"verifiedAt":null}},{"type":"Feature","geometry":{"type":"Point","coordinates":[19.8830584,50.0808076]},"properties":{"id":"bikerack:5728c199-d020-4d92-ab92-603cf2345620","kind":"bikerack","longitude":19.8830584,"latitude":50.0808076,"name":"Biciklitároló","city":"Rzaska","address":null,"covered":false,"access":null,"website":null,"phone":null,"source":"OpenStreetMap/node/3742480517","sourceUpdatedAt":null,"verifiedAt":null}},{"type":"Feature","geometry":{"type":"Point","coordinates":[19.9009965,50.0760998]},"properties":{"id":"bikerack:57427d2c-2978-4f44-ac5a-53e4c60deaac","kind":"bikerack","longitude":19.9009965,"latitude":50.0760998,"name":"Biciklitároló","city":"Krakow","address":null,"covered":false,"access":null,"website":null,"phone":null,"source":"OpenStreetMap/node/8196167924","sourceUpdatedAt":null,"verifiedAt":null}},{"type":"Feature","geometry":{"type":"Point","coordinates":[19.9006346,50.0752721]},"properties":{"id":"bikerack:5792155f-65e8-4e07-be82-30f529a12028","kind":"bikerack","longitude":19.9006346,"latitude":50.0752721,"name":"Biciklitároló","city":"Krakow","address":null,"covered":false,"access":null,"website":null,"phone":null,"source":"OpenStreetMap/node/7814664066","sourceUpdatedAt":null,"verifiedAt":null}},{"type":"Feature","geometry":{"type":"Point","coordinates":[19.8885709,50.0780756]},"properties":{"id":"bikerack:58b77d9f-a8dd-4820-888b-bbc03a0e086c","kind":"bikerack","longitude":19.8885709,"latitude":50.0780756,"name":"Biciklitároló","city":"Rzaska","address":null,"covered":false,"access":null,"website":null,"phone":null,"source":"OpenStreetMap/node/8094658009","sourceUpdatedAt":null,"verifiedAt":null}},{"type":"Feature","geometry":{"type":"Point","coordinates":[19.9010743,50.0733476]},"properties":{"id":"bikerack:591d75ba-e9f1-4800-9bb7-12c3692a69bb","kind":"bikerack","longitude":19.9010743,"latitude":50.0733476,"name":"Biciklitároló","city":"Krakow","address":null,"covered":false,"access":null,"website":null,"phone":null,"source":"OpenStreetMap/node/9029039349","sourceUpdatedAt":null,"verifiedAt":null}},{"type":"Feature","geometry":{"type":"Point","coordinates":[19.8868559,50.0860168]},"properties":{"id":"bikerack:59e67c9f-29b1-411d-9f18-fc9d7b884f58","kind":"bikerack","longitude":19.8868559,"latitude":50.0860168,"name":"Biciklitároló","city":"Rzaska","address":null,"covered":false,"access":null,"website":null,"phone":null,"source":"OpenStreetMap/node/10037805494","sourceUpdatedAt":null,"verifiedAt":null}},{"type":"Feature","geometry":{"type":"Point","coordinates":[19.8720247,50.0658449]},"properties":{"id":"bikerack:5a0b4f62-ba5d-487a-a1e9-add86bcc229f","kind":"bikerack","longitude":19.8720247,"latitude":50.0658449,"name":"Biciklitároló","city":"Rzaska","address":null,"covered":false,"access":null,"website":null,"phone":null,"source":"OpenStreetMap/way/995573996","sourceUpdatedAt":null,"verifiedAt":null}},{"type":"Feature","geometry":{"type":"Point","coordinates":[19.8843276,50.0782497]},"properties":{"id":"bikerack:5a66e035-ecfb-4686-a8fb-885599c03120","kind":"bikerack","longitude":19.8843276,"latitude":50.0782497,"name":"Biciklitároló","city":"Rzaska","address":null,"covered":false,"access":null,"website":null,"phone":null,"source":"OpenStreetMap/node/3742907069","sourceUpdatedAt":null,"verifiedAt":null}},{"type":"Feature","geometry":{"type":"Point","coordinates":[19.8811672,50.0754561]},"properties":{"id":"bikerack:5aa25a9b-a011-420a-b638-95a6a47e60ba","kind":"bikerack","longitude":19.8811672,"latitude":50.0754561,"name":"Biciklitároló","city":"Rzaska","address":null,"covered":false,"access":null,"website":null,"phone":null,"source":"OpenStreetMap/node/13699029384","sourceUpdatedAt":null,"verifiedAt":null}},{"type":"Feature","geometry":{"type":"Point","coordinates":[19.9026771,50.0692693]},"properties":{"id":"bikerack:5ad93399-ded8-4c64-b762-75d3a9ff7b33","kind":"bikerack","longitude":19.9026771,"latitude":50.0692693,"name":"Biciklitároló","city":"Krakow","address":null,"covered":true,"access":null,"website":null,"phone":null,"source":"OpenStreetMap/node/12609672845","sourceUpdatedAt":null,"verifiedAt":null}},{"type":"Feature","geometry":{"type":"Point","coordinates":[19.8833667,50.0784458]},"properties":{"id":"bikerack:5b70e3b0-b433-4dc2-8ca3-d5b2e2bb7b70","kind":"bikerack","longitude":19.8833667,"latitude":50.0784458,"name":"Biciklitároló","city":"Rzaska","address":null,"covered":false,"access":null,"website":null,"phone":null,"source":"OpenStreetMap/node/4910216041","sourceUpdatedAt":null,"verifiedAt":null}},{"type":"Feature","geometry":{"type":"Point","coordinates":[19.8849122,50.0790389]},"properties":{"id":"bikerack:5b8fb3ef-5936-4c69-987f-c729affadd06","kind":"bikerack","longitude":19.8849122,"latitude":50.0790389,"name":"Biciklitároló","city":"Rzaska","address":null,"covered":true,"access":null,"website":null,"phone":null,"source":"OpenStreetMap/node/12527525374","sourceUpdatedAt":null,"verifiedAt":null}},{"type":"Feature","geometry":{"type":"Point","coordinates":[19.8962547,50.0723537]},"properties":{"id":"bikerack:5bb7a7b5-6e96-4499-b18d-994f29b7bba2","kind":"bikerack","longitude":19.8962547,"latitude":50.0723537,"name":"Biciklitároló","city":"Krakow","address":null,"covered":false,"access":null,"website":null,"phone":null,"source":"OpenStreetMap/node/5829262307","sourceUpdatedAt":null,"verifiedAt":null}},{"type":"Feature","geometry":{"type":"Point","coordinates":[19.888225,50.0773945]},"properties":{"id":"bikerack:5ca63ce5-535f-4d1d-8a5f-efc28554bd96","kind":"bikerack","longitude":19.888225,"latitude":50.0773945,"name":"Biciklitároló","city":"Rzaska","address":null,"covered":false,"access":null,"website":null,"phone":null,"source":"OpenStreetMap/node/12607153035","sourceUpdatedAt":null,"verifiedAt":null}},{"type":"Feature","geometry":{"type":"Point","coordinates":[19.9007938,50.0758485]},"properties":{"id":"bikerack:5da29df4-3753-4414-addd-e93ce28bd205","kind":"bikerack","longitude":19.9007938,"latitude":50.0758485,"name":"Biciklitároló","city":"Krakow","address":null,"covered":false,"access":null,"website":null,"phone":null,"source":"OpenStreetMap/node/10840948282","sourceUpdatedAt":null,"verifiedAt":null}},{"type":"Feature","geometry":{"type":"Point","coordinates":[19.8839067,50.0814068]},"properties":{"id":"bikerack:5e795b68-a7b5-430d-8bf9-036e96c68e9c","kind":"bikerack","longitude":19.8839067,"latitude":50.0814068,"name":"Biciklitároló","city":"Rzaska","address":null,"covered":false,"access":null,"website":null,"phone":null,"source":"OpenStreetMap/node/4560780070","sourceUpdatedAt":null,"verifiedAt":null}},{"type":"Feature","geometry":{"type":"Point","coordinates":[19.8852986,50.0781903]},"properties":{"id":"bikerack:5ee000d9-24ec-4386-9fa9-342a5258ddfb","kind":"bikerack","longitude":19.8852986,"latitude":50.0781903,"name":"Biciklitároló","city":"Rzaska","address":null,"covered":false,"access":null,"website":null,"phone":null,"source":"OpenStreetMap/node/3756045833","sourceUpdatedAt":null,"verifiedAt":null}},{"type":"Feature","geometry":{"type":"Point","coordinates":[19.9055195,50.0865146]},"properties":{"id":"bikerack:5ee0cf40-677d-4213-ba55-3bcb37902a87","kind":"bikerack","longitude":19.9055195,"latitude":50.0865146,"name":"Biciklitároló","city":"Zielonki","address":null,"covered":false,"access":null,"website":null,"phone":null,"source":"OpenStreetMap/node/10688263371","sourceUpdatedAt":null,"verifiedAt":null}},{"type":"Feature","geometry":{"type":"Point","coordinates":[19.8926506,50.0883123]},"properties":{"id":"bikerack:614a668e-b7e3-4be9-be9f-2d8bd2ef41ec","kind":"bikerack","longitude":19.8926506,"latitude":50.0883123,"name":"Biciklitároló","city":"Zielonki","address":null,"covered":false,"access":null,"website":null,"phone":null,"source":"OpenStreetMap/node/3029717203","sourceUpdatedAt":null,"verifiedAt":null}},{"type":"Feature","geometry":{"type":"Point","coordinates":[19.8946914,50.087134]},"properties":{"id":"bikerack:616feda4-50f3-4585-ba1f-6d4757ba5410","kind":"bikerack","longitude":19.8946914,"latitude":50.087134,"name":"Biciklitároló","city":"Zielonki","address":null,"covered":false,"access":null,"website":null,"phone":null,"source":"OpenStreetMap/node/11293817070","sourceUpdatedAt":null,"verifiedAt":null}},{"type":"Feature","geometry":{"type":"Point","coordinates":[19.904935,50.0705713]},"properties":{"id":"bikerack:6199066a-ae98-4582-b449-c61e462ca161","kind":"bikerack","longitude":19.904935,"latitude":50.0705713,"name":"Biciklitároló","city":"Krakow","address":null,"covered":false,"access":null,"website":null,"phone":null,"source":"OpenStreetMap/way/372205098","sourceUpdatedAt":null,"verifiedAt":null}},{"type":"Feature","geometry":{"type":"Point","coordinates":[19.9029977,50.0721302]},"properties":{"id":"bikerack:630e1ac8-e168-4388-8af0-79e458066dc1","kind":"bikerack","longitude":19.9029977,"latitude":50.0721302,"name":"Biciklitároló","city":"Krakow","address":null,"covered":false,"access":null,"website":null,"phone":null,"source":"OpenStreetMap/node/12899232166","sourceUpdatedAt":null,"verifiedAt":null}},{"type":"Feature","geometry":{"type":"Point","coordinates":[19.8830132,50.0806052]},"properties":{"id":"bikerack:633101d4-00b2-4a4a-92e3-33e06fbfdd84","kind":"bikerack","longitude":19.8830132,"latitude":50.0806052,"name":"Biciklitároló","city":"Rzaska","address":null,"covered":false,"access":null,"website":null,"phone":null,"source":"OpenStreetMap/node/12175125035","sourceUpdatedAt":null,"verifiedAt":null}},{"type":"Feature","geometry":{"type":"Point","coordinates":[19.8926347,50.0912359]},"properties":{"id":"bikerack:63fde028-13f7-4683-8496-02e3d3387e30","kind":"bikerack","longitude":19.8926347,"latitude":50.0912359,"name":"Biciklitároló","city":"Zielonki","address":null,"covered":false,"access":null,"website":null,"phone":null,"source":"OpenStreetMap/node/13652492282","sourceUpdatedAt":null,"verifiedAt":null}},{"type":"Feature","geometry":{"type":"Point","coordinates":[19.8869028,50.0790018]},"properties":{"id":"bikerack:64e62315-5dc9-453b-901b-e387f790af8b","kind":"bikerack","longitude":19.8869028,"latitude":50.0790018,"name":"Biciklitároló","city":"Rzaska","address":null,"covered":false,"access":null,"website":null,"phone":null,"source":"OpenStreetMap/node/12090275636","sourceUpdatedAt":null,"verifiedAt":null}},{"type":"Feature","geometry":{"type":"Point","coordinates":[19.895088,50.0779226]},"properties":{"id":"bikerack:64f0a751-3e4f-4212-999f-c9e5019d3383","kind":"bikerack","longitude":19.895088,"latitude":50.0779226,"name":"Biciklitároló","city":"Krakow","address":null,"covered":false,"access":null,"website":null,"phone":null,"source":"OpenStreetMap/node/12682230683","sourceUpdatedAt":null,"verifiedAt":null}},{"type":"Feature","geometry":{"type":"Point","coordinates":[19.8922083,50.0779755]},"properties":{"id":"bikerack:664410f3-ca75-4b43-9459-0e5d3cac907d","kind":"bikerack","longitude":19.8922083,"latitude":50.0779755,"name":"Biciklitároló","city":"Krakow","address":null,"covered":true,"access":null,"website":null,"phone":null,"source":"OpenStreetMap/node/5173174288","sourceUpdatedAt":null,"verifiedAt":null}},{"type":"Feature","geometry":{"type":"Point","coordinates":[19.8873405,50.0851936]},"properties":{"id":"bikerack:66b403cc-13db-45d4-b87c-ed876b32d2c5","kind":"bikerack","longitude":19.8873405,"latitude":50.0851936,"name":"Biciklitároló","city":"Rzaska","address":null,"covered":true,"access":null,"website":null,"phone":null,"source":"OpenStreetMap/node/10870280344","sourceUpdatedAt":null,"verifiedAt":null}},{"type":"Feature","geometry":{"type":"Point","coordinates":[19.8988205,50.0695345]},"properties":{"id":"bikerack:675dad75-d62c-4153-9718-0c7e9e8625b9","kind":"bikerack","longitude":19.8988205,"latitude":50.0695345,"name":"Biciklitároló","city":"Krakow","address":null,"covered":false,"access":null,"website":null,"phone":null,"source":"OpenStreetMap/node/11917629102","sourceUpdatedAt":null,"verifiedAt":null}},{"type":"Feature","geometry":{"type":"Point","coordinates":[19.8876129,50.077112]},"properties":{"id":"bikerack:676233ad-a4ce-4a69-b950-651f176edb2d","kind":"bikerack","longitude":19.8876129,"latitude":50.077112,"name":"Biciklitároló","city":"Rzaska","address":null,"covered":false,"access":null,"website":null,"phone":null,"source":"OpenStreetMap/node/12453015741","sourceUpdatedAt":null,"verifiedAt":null}},{"type":"Feature","geometry":{"type":"Point","coordinates":[19.8846565,50.0781065]},"properties":{"id":"bikerack:68f664be-0a5d-4bcb-9c53-914a69e4285f","kind":"bikerack","longitude":19.8846565,"latitude":50.0781065,"name":"Biciklitároló","city":"Rzaska","address":null,"covered":false,"access":null,"website":null,"phone":null,"source":"OpenStreetMap/node/7707624303","sourceUpdatedAt":null,"verifiedAt":null}},{"type":"Feature","geometry":{"type":"Point","coordinates":[19.885521,50.0782513]},"properties":{"id":"bikerack:69f39165-3e88-4a90-9d39-b30bd53fc6fd","kind":"bikerack","longitude":19.885521,"latitude":50.0782513,"name":"Biciklitároló","city":"Rzaska","address":null,"covered":false,"access":null,"website":null,"phone":null,"source":"OpenStreetMap/node/3741534876","sourceUpdatedAt":null,"verifiedAt":null}},{"type":"Feature","geometry":{"type":"Point","coordinates":[19.8814979,50.0794919]},"properties":{"id":"bikerack:6a6fae8f-6912-4445-bebc-ffae7fcf88d5","kind":"bikerack","longitude":19.8814979,"latitude":50.0794919,"name":"Biciklitároló","city":"Rzaska","address":null,"covered":false,"access":null,"website":null,"phone":null,"source":"OpenStreetMap/node/4943779789","sourceUpdatedAt":null,"verifiedAt":null}},{"type":"Feature","geometry":{"type":"Point","coordinates":[19.8871895,50.0772853]},"properties":{"id":"bikerack:6abc440e-c63c-4868-919d-bcf9e3598c99","kind":"bikerack","longitude":19.8871895,"latitude":50.0772853,"name":"Biciklitároló","city":"Rzaska","address":null,"covered":false,"access":null,"website":null,"phone":null,"source":"OpenStreetMap/node/3749105924","sourceUpdatedAt":null,"verifiedAt":null}},{"type":"Feature","geometry":{"type":"Point","coordinates":[19.8818494,50.0845969]},"properties":{"id":"bikerack:6c39de96-95e2-48f1-8051-93ea17310f56","kind":"bikerack","longitude":19.8818494,"latitude":50.0845969,"name":"Biciklitároló","city":"Rzaska","address":null,"covered":false,"access":null,"website":null,"phone":null,"source":"OpenStreetMap/way/913416334","sourceUpdatedAt":null,"verifiedAt":null}},{"type":"Feature","geometry":{"type":"Point","coordinates":[19.8854408,50.0866081]},"properties":{"id":"bikerack:6c762b2f-e4eb-40b9-a5cb-27519b48498a","kind":"bikerack","longitude":19.8854408,"latitude":50.0866081,"name":"Biciklitároló","city":"Rzaska","address":null,"covered":false,"access":null,"website":null,"phone":null,"source":"OpenStreetMap/node/11492346064","sourceUpdatedAt":null,"verifiedAt":null}},{"type":"Feature","geometry":{"type":"Point","coordinates":[19.8917857,50.0769811]},"properties":{"id":"bikerack:6cd19529-3f22-4ff9-a9e0-24ce428979ea","kind":"bikerack","longitude":19.8917857,"latitude":50.0769811,"name":"Biciklitároló","city":"Krakow","address":null,"covered":false,"access":null,"website":null,"phone":null,"source":"OpenStreetMap/node/11841673742","sourceUpdatedAt":null,"verifiedAt":null}},{"type":"Feature","geometry":{"type":"Point","coordinates":[19.8993127,50.0705842]},"properties":{"id":"bikerack:6d068070-e688-467f-9e3e-73b545ac1c2f","kind":"bikerack","longitude":19.8993127,"latitude":50.0705842,"name":"Biciklitároló","city":"Krakow","address":null,"covered":false,"access":null,"website":null,"phone":null,"source":"OpenStreetMap/node/13339297144","sourceUpdatedAt":null,"verifiedAt":null}},{"type":"Feature","geometry":{"type":"Point","coordinates":[19.9050351,50.0704767]},"properties":{"id":"bikerack:6d2a0790-8137-4816-812c-b3fe2ea3699f","kind":"bikerack","longitude":19.9050351,"latitude":50.0704767,"name":"Biciklitároló","city":"Krakow","address":null,"covered":false,"access":null,"website":null,"phone":null,"source":"OpenStreetMap/node/3757426613","sourceUpdatedAt":null,"verifiedAt":null}},{"type":"Feature","geometry":{"type":"Point","coordinates":[19.9005491,50.0682666]},"properties":{"id":"bikerack:6dbf1213-ecd0-4d16-a7db-3b71792a1a40","kind":"bikerack","longitude":19.9005491,"latitude":50.0682666,"name":"Biciklitároló","city":"Krakow","address":null,"covered":false,"access":null,"website":null,"phone":null,"source":"OpenStreetMap/node/2585033045","sourceUpdatedAt":null,"verifiedAt":null}},{"type":"Feature","geometry":{"type":"Point","coordinates":[19.8888706,50.0848212]},"properties":{"id":"bikerack:6e034a85-5ab6-4469-a2cd-14a985eea8de","kind":"bikerack","longitude":19.8888706,"latitude":50.0848212,"name":"Biciklitároló","city":"Rzaska","address":null,"covered":false,"access":null,"website":null,"phone":null,"source":"OpenStreetMap/node/10829016469","sourceUpdatedAt":null,"verifiedAt":null}},{"type":"Feature","geometry":{"type":"Point","coordinates":[19.8933909,50.0865381]},"properties":{"id":"bikerack:6ed7f1bf-bd3c-43c9-a716-0efb1c94a0d5","kind":"bikerack","longitude":19.8933909,"latitude":50.0865381,"name":"Biciklitároló","city":"Zielonki","address":null,"covered":false,"access":null,"website":null,"phone":null,"source":"OpenStreetMap/node/12612647730","sourceUpdatedAt":null,"verifiedAt":null}},{"type":"Feature","geometry":{"type":"Point","coordinates":[19.8915288,50.083348]},"properties":{"id":"bikerack:702783ee-062a-4c94-acd5-21314c053361","kind":"bikerack","longitude":19.8915288,"latitude":50.083348,"name":"Biciklitároló","city":"Zielonki","address":null,"covered":true,"access":null,"website":null,"phone":null,"source":"OpenStreetMap/node/12093682072","sourceUpdatedAt":null,"verifiedAt":null}},{"type":"Feature","geometry":{"type":"Point","coordinates":[19.9049731,50.0865083]},"properties":{"id":"bikerack:702bbb45-8fc7-46ac-9b1e-4353e12a8c84","kind":"bikerack","longitude":19.9049731,"latitude":50.0865083,"name":"Biciklitároló","city":"Zielonki","address":null,"covered":false,"access":null,"website":null,"phone":null,"source":"OpenStreetMap/node/10688263375","sourceUpdatedAt":null,"verifiedAt":null}},{"type":"Feature","geometry":{"type":"Point","coordinates":[19.8828732,50.079991]},"properties":{"id":"bikerack:705cddad-3215-4b45-b28b-4fa68d30bdfb","kind":"bikerack","longitude":19.8828732,"latitude":50.079991,"name":"Biciklitároló","city":"Rzaska","address":null,"covered":false,"access":null,"website":null,"phone":null,"source":"OpenStreetMap/node/3741534887","sourceUpdatedAt":null,"verifiedAt":null}},{"type":"Feature","geometry":{"type":"Point","coordinates":[19.8842137,50.0774826]},"properties":{"id":"bikerack:70b11eab-9292-4533-b46e-aebfb768eadc","kind":"bikerack","longitude":19.8842137,"latitude":50.0774826,"name":"Biciklitároló","city":"Rzaska","address":null,"covered":false,"access":null,"website":null,"phone":null,"source":"OpenStreetMap/node/3742907057","sourceUpdatedAt":null,"verifiedAt":null}},{"type":"Feature","geometry":{"type":"Point","coordinates":[19.9052663,50.083889]},"properties":{"id":"bikerack:70cda264-5c6e-439c-9564-994252004d14","kind":"bikerack","longitude":19.9052663,"latitude":50.083889,"name":"Biciklitároló","city":"Krakow","address":null,"covered":false,"access":null,"website":null,"phone":null,"source":"OpenStreetMap/node/12612762890","sourceUpdatedAt":null,"verifiedAt":null}},{"type":"Feature","geometry":{"type":"Point","coordinates":[19.8663568,50.0650888]},"properties":{"id":"bikerack:71889a73-4559-471d-81a8-ac131859fea2","kind":"bikerack","longitude":19.8663568,"latitude":50.0650888,"name":"Biciklitároló","city":"Rzaska","address":null,"covered":false,"access":null,"website":null,"phone":null,"source":"OpenStreetMap/node/10734546991","sourceUpdatedAt":null,"verifiedAt":null}},{"type":"Feature","geometry":{"type":"Point","coordinates":[19.9071011,50.067894]},"properties":{"id":"bikerack:720af18e-7038-4c99-aac1-95dc6db3eb40","kind":"bikerack","longitude":19.9071011,"latitude":50.067894,"name":"Biciklitároló","city":"Krakow","address":null,"covered":true,"access":null,"website":null,"phone":null,"source":"OpenStreetMap/way/1096846822","sourceUpdatedAt":null,"verifiedAt":null}},{"type":"Feature","geometry":{"type":"Point","coordinates":[19.8944978,50.0689081]},"properties":{"id":"bikerack:72621f6a-57ef-42de-bbe6-ac8648596b01","kind":"bikerack","longitude":19.8944978,"latitude":50.0689081,"name":"Biciklitároló","city":"Krakow","address":null,"covered":false,"access":null,"website":null,"phone":null,"source":"OpenStreetMap/node/13348035330","sourceUpdatedAt":null,"verifiedAt":null}},{"type":"Feature","geometry":{"type":"Point","coordinates":[19.9004913,50.0752941]},"properties":{"id":"bikerack:7298a19d-000c-433b-894c-aaf1b506b473","kind":"bikerack","longitude":19.9004913,"latitude":50.0752941,"name":"Biciklitároló","city":"Krakow","address":null,"covered":false,"access":null,"website":null,"phone":null,"source":"OpenStreetMap/node/7814664065","sourceUpdatedAt":null,"verifiedAt":null}},{"type":"Feature","geometry":{"type":"Point","coordinates":[19.9055149,50.0737156]},"properties":{"id":"bikerack:7313fe77-357c-49ca-bf3c-460c519a6451","kind":"bikerack","longitude":19.9055149,"latitude":50.0737156,"name":"Biciklitároló","city":"Krakow","address":null,"covered":false,"access":null,"website":null,"phone":null,"source":"OpenStreetMap/way/1152666653","sourceUpdatedAt":null,"verifiedAt":null}},{"type":"Feature","geometry":{"type":"Point","coordinates":[19.9016441,50.0739379]},"properties":{"id":"bikerack:732b054d-9829-411e-970d-34b0435f9255","kind":"bikerack","longitude":19.9016441,"latitude":50.0739379,"name":"Biciklitároló","city":"Krakow","address":null,"covered":false,"access":null,"website":null,"phone":null,"source":"OpenStreetMap/node/9028999800","sourceUpdatedAt":null,"verifiedAt":null}},{"type":"Feature","geometry":{"type":"Point","coordinates":[19.9020441,50.0663889]},"properties":{"id":"bikerack:73a19f64-9f09-48fe-ae7d-dc071fa7b643","kind":"bikerack","longitude":19.9020441,"latitude":50.0663889,"name":"Biciklitároló","city":"Krakow","address":null,"covered":false,"access":null,"website":null,"phone":null,"source":"OpenStreetMap/node/2487714087","sourceUpdatedAt":null,"verifiedAt":null}},{"type":"Feature","geometry":{"type":"Point","coordinates":[19.8934419,50.0809997]},"properties":{"id":"bikerack:73cb6e65-eaa3-41cf-a4e6-2bff6daa8a7b","kind":"bikerack","longitude":19.8934419,"latitude":50.0809997,"name":"Biciklitároló","city":"Krakow","address":null,"covered":false,"access":null,"website":null,"phone":null,"source":"OpenStreetMap/node/10658023798","sourceUpdatedAt":null,"verifiedAt":null}},{"type":"Feature","geometry":{"type":"Point","coordinates":[19.8825076,50.0770466]},"properties":{"id":"bikerack:742bab03-4e69-4f77-ad9f-dcf0560b0026","kind":"bikerack","longitude":19.8825076,"latitude":50.0770466,"name":"Biciklitároló","city":"Rzaska","address":null,"covered":false,"access":null,"website":null,"phone":null,"source":"OpenStreetMap/node/8128207139","sourceUpdatedAt":null,"verifiedAt":null}},{"type":"Feature","geometry":{"type":"Point","coordinates":[19.9017562,50.0688198]},"properties":{"id":"bikerack:7445c506-591b-4100-be61-6f8d4ed73493","kind":"bikerack","longitude":19.9017562,"latitude":50.0688198,"name":"Biciklitároló","city":"Krakow","address":null,"covered":false,"access":null,"website":null,"phone":null,"source":"OpenStreetMap/way/1487728779","sourceUpdatedAt":null,"verifiedAt":null}},{"type":"Feature","geometry":{"type":"Point","coordinates":[19.8927301,50.0866873]},"properties":{"id":"bikerack:75364b52-e3ef-4b42-9e9d-4d687f07c4e2","kind":"bikerack","longitude":19.8927301,"latitude":50.0866873,"name":"Biciklitároló","city":"Zielonki","address":null,"covered":false,"access":null,"website":null,"phone":null,"source":"OpenStreetMap/node/10612161039","sourceUpdatedAt":null,"verifiedAt":null}},{"type":"Feature","geometry":{"type":"Point","coordinates":[19.8808189,50.0864108]},"properties":{"id":"bikerack:75fc4aa1-b7bf-4606-aeba-058d3a6abb8e","kind":"bikerack","longitude":19.8808189,"latitude":50.0864108,"name":"Biciklitároló","city":"Rzaska","address":null,"covered":false,"access":null,"website":null,"phone":null,"source":"OpenStreetMap/node/10848267514","sourceUpdatedAt":null,"verifiedAt":null}},{"type":"Feature","geometry":{"type":"Point","coordinates":[19.9051323,50.070665]},"properties":{"id":"bikerack:76854615-8ff0-4de4-8c3a-239753a5f843","kind":"bikerack","longitude":19.9051323,"latitude":50.070665,"name":"Biciklitároló","city":"Krakow","address":null,"covered":false,"access":null,"website":null,"phone":null,"source":"OpenStreetMap/node/3757426616","sourceUpdatedAt":null,"verifiedAt":null}},{"type":"Feature","geometry":{"type":"Point","coordinates":[19.8847746,50.0797837]},"properties":{"id":"bikerack:77015809-d6f8-4709-8274-411c8c7dc604","kind":"bikerack","longitude":19.8847746,"latitude":50.0797837,"name":"Biciklitároló","city":"Rzaska","address":null,"covered":false,"access":null,"website":null,"phone":null,"source":"OpenStreetMap/node/4906197161","sourceUpdatedAt":null,"verifiedAt":null}},{"type":"Feature","geometry":{"type":"Point","coordinates":[19.9016619,50.0778934]},"properties":{"id":"bikerack:77780c74-de85-4c03-a49f-1fc3c684fdc2","kind":"bikerack","longitude":19.9016619,"latitude":50.0778934,"name":"Biciklitároló","city":"Krakow","address":null,"covered":false,"access":null,"website":null,"phone":null,"source":"OpenStreetMap/node/8196054115","sourceUpdatedAt":null,"verifiedAt":null}},{"type":"Feature","geometry":{"type":"Point","coordinates":[19.8660896,50.0651211]},"properties":{"id":"bikerack:777e55e4-ff82-488b-8798-eda6bad4246a","kind":"bikerack","longitude":19.8660896,"latitude":50.0651211,"name":"Biciklitároló","city":"Rzaska","address":null,"covered":false,"access":null,"website":null,"phone":null,"source":"OpenStreetMap/node/10734546990","sourceUpdatedAt":null,"verifiedAt":null}},{"type":"Feature","geometry":{"type":"Point","coordinates":[19.8802942,50.0864197]},"properties":{"id":"bikerack:78e5509b-34cc-4539-86fa-8c0be26d5fa4","kind":"bikerack","longitude":19.8802942,"latitude":50.0864197,"name":"Biciklitároló","city":"Rzaska","address":null,"covered":false,"access":null,"website":null,"phone":null,"source":"OpenStreetMap/node/13273097931","sourceUpdatedAt":null,"verifiedAt":null}},{"type":"Feature","geometry":{"type":"Point","coordinates":[19.8840609,50.082211]},"properties":{"id":"bikerack:794cf068-47a1-4038-975f-c80d0860c87b","kind":"bikerack","longitude":19.8840609,"latitude":50.082211,"name":"Biciklitároló","city":"Rzaska","address":null,"covered":false,"access":null,"website":null,"phone":null,"source":"OpenStreetMap/node/3998514708","sourceUpdatedAt":null,"verifiedAt":null}},{"type":"Feature","geometry":{"type":"Point","coordinates":[19.9048136,50.0784766]},"properties":{"id":"bikerack:7a90297c-a0d7-49f3-b07e-51bededb7b5f","kind":"bikerack","longitude":19.9048136,"latitude":50.0784766,"name":"Biciklitároló","city":"Krakow","address":null,"covered":true,"access":null,"website":null,"phone":null,"source":"OpenStreetMap/node/13142841219","sourceUpdatedAt":null,"verifiedAt":null}},{"type":"Feature","geometry":{"type":"Point","coordinates":[19.9049233,50.0676354]},"properties":{"id":"bikerack:7aca8558-67ed-41d4-8720-a9891510c23a","kind":"bikerack","longitude":19.9049233,"latitude":50.0676354,"name":"Biciklitároló","city":"Krakow","address":null,"covered":true,"access":null,"website":null,"phone":null,"source":"OpenStreetMap/way/1246831942","sourceUpdatedAt":null,"verifiedAt":null}},{"type":"Feature","geometry":{"type":"Point","coordinates":[19.9006937,50.0686239]},"properties":{"id":"bikerack:7bc52b0f-458a-42ec-9322-e5211b9488ad","kind":"bikerack","longitude":19.9006937,"latitude":50.0686239,"name":"Biciklitároló","city":"Krakow","address":null,"covered":false,"access":null,"website":null,"phone":null,"source":"OpenStreetMap/node/2585033048","sourceUpdatedAt":null,"verifiedAt":null}},{"type":"Feature","geometry":{"type":"Point","coordinates":[19.9020571,50.0786094]},"properties":{"id":"bikerack:7bcabf9e-5900-4fd0-b04e-bce9f5447528","kind":"bikerack","longitude":19.9020571,"latitude":50.0786094,"name":"Biciklitároló","city":"Krakow","address":null,"covered":false,"access":null,"website":null,"phone":null,"source":"OpenStreetMap/node/10675892158","sourceUpdatedAt":null,"verifiedAt":null}},{"type":"Feature","geometry":{"type":"Point","coordinates":[19.9040197,50.0861802]},"properties":{"id":"bikerack:7bdea26a-ec8b-4259-9ffd-99324648c561","kind":"bikerack","longitude":19.9040197,"latitude":50.0861802,"name":"Biciklitároló","city":"Zielonki","address":null,"covered":true,"access":null,"website":null,"phone":null,"source":"OpenStreetMap/node/10685711807","sourceUpdatedAt":null,"verifiedAt":null}},{"type":"Feature","geometry":{"type":"Point","coordinates":[19.8866894,50.0803522]},"properties":{"id":"bikerack:7bf60f0b-102d-436d-8c66-4e39e2cadb5d","kind":"bikerack","longitude":19.8866894,"latitude":50.0803522,"name":"Biciklitároló","city":"Rzaska","address":null,"covered":false,"access":null,"website":null,"phone":null,"source":"OpenStreetMap/node/3757398367","sourceUpdatedAt":null,"verifiedAt":null}},{"type":"Feature","geometry":{"type":"Point","coordinates":[19.9059123,50.084361]},"properties":{"id":"bikerack:7d109d15-0355-4b92-9f7c-a8cd83a63821","kind":"bikerack","longitude":19.9059123,"latitude":50.084361,"name":"Biciklitároló","city":"Krakow","address":null,"covered":false,"access":null,"website":null,"phone":null,"source":"OpenStreetMap/node/12612774368","sourceUpdatedAt":null,"verifiedAt":null}},{"type":"Feature","geometry":{"type":"Point","coordinates":[19.9056261,50.0867308]},"properties":{"id":"bikerack:7da45ec9-e8fc-4803-afdd-d79f0085e140","kind":"bikerack","longitude":19.9056261,"latitude":50.0867308,"name":"Biciklitároló","city":"Zielonki","address":null,"covered":false,"access":null,"website":null,"phone":null,"source":"OpenStreetMap/node/10688263366","sourceUpdatedAt":null,"verifiedAt":null}},{"type":"Feature","geometry":{"type":"Point","coordinates":[19.9057231,50.0839252]},"properties":{"id":"bikerack:7e7dbd0c-0923-4ad1-b870-0a90e9b4ba4b","kind":"bikerack","longitude":19.9057231,"latitude":50.0839252,"name":"Biciklitároló","city":"Krakow","address":null,"covered":false,"access":null,"website":null,"phone":null,"source":"OpenStreetMap/node/12612774367","sourceUpdatedAt":null,"verifiedAt":null}},{"type":"Feature","geometry":{"type":"Point","coordinates":[19.8886296,50.0792534]},"properties":{"id":"bikerack:80ad9ccb-926f-4db0-a25f-73b7d5741ea1","kind":"bikerack","longitude":19.8886296,"latitude":50.0792534,"name":"Biciklitároló","city":"Rzaska","address":null,"covered":false,"access":null,"website":null,"phone":null,"source":"OpenStreetMap/node/4298816252","sourceUpdatedAt":null,"verifiedAt":null}},{"type":"Feature","geometry":{"type":"Point","coordinates":[19.8880699,50.0778286]},"properties":{"id":"bikerack:81562ca5-9453-4a38-a634-355262f5e070","kind":"bikerack","longitude":19.8880699,"latitude":50.0778286,"name":"Biciklitároló","city":"Rzaska","address":null,"covered":false,"access":null,"website":null,"phone":null,"source":"OpenStreetMap/node/7674473039","sourceUpdatedAt":null,"verifiedAt":null}},{"type":"Feature","geometry":{"type":"Point","coordinates":[19.8881405,50.0774822]},"properties":{"id":"bikerack:82d6b25a-f9b8-4126-8306-fbf17d3eca56","kind":"bikerack","longitude":19.8881405,"latitude":50.0774822,"name":"Biciklitároló","city":"Rzaska","address":null,"covered":false,"access":null,"website":null,"phone":null,"source":"OpenStreetMap/node/6013290385","sourceUpdatedAt":null,"verifiedAt":null}},{"type":"Feature","geometry":{"type":"Point","coordinates":[19.8882326,50.081227]},"properties":{"id":"bikerack:830f0b76-16ac-4f48-8b2d-d7fe42dbd0ca","kind":"bikerack","longitude":19.8882326,"latitude":50.081227,"name":"Biciklitároló","city":"Rzaska","address":null,"covered":false,"access":null,"website":null,"phone":null,"source":"OpenStreetMap/node/2799388419","sourceUpdatedAt":null,"verifiedAt":null}},{"type":"Feature","geometry":{"type":"Point","coordinates":[19.8971944,50.0685031]},"properties":{"id":"bikerack:837db95a-504b-4b50-9c80-9c3ba23b5904","kind":"bikerack","longitude":19.8971944,"latitude":50.0685031,"name":"Biciklitároló","city":"Krakow","address":null,"covered":false,"access":null,"website":null,"phone":null,"source":"OpenStreetMap/way/1487705859","sourceUpdatedAt":null,"verifiedAt":null}},{"type":"Feature","geometry":{"type":"Point","coordinates":[19.879127,50.0647715]},"properties":{"id":"bikerack:839ef752-9985-4e50-a475-babc20c5ea9d","kind":"bikerack","longitude":19.879127,"latitude":50.0647715,"name":"Biciklitároló","city":"Rzaska","address":null,"covered":false,"access":null,"website":null,"phone":null,"source":"OpenStreetMap/node/12193141397","sourceUpdatedAt":null,"verifiedAt":null}},{"type":"Feature","geometry":{"type":"Point","coordinates":[19.8948566,50.0695377]},"properties":{"id":"bikerack:8790833e-8557-44bc-886f-0b4e85ed761f","kind":"bikerack","longitude":19.8948566,"latitude":50.0695377,"name":"Biciklitároló","city":"Krakow","address":null,"covered":false,"access":null,"website":null,"phone":null,"source":"OpenStreetMap/node/12802752162","sourceUpdatedAt":null,"verifiedAt":null}},{"type":"Feature","geometry":{"type":"Point","coordinates":[19.8876583,50.0844311]},"properties":{"id":"bikerack:88205010-85cc-4355-8b2b-c06a0ca29916","kind":"bikerack","longitude":19.8876583,"latitude":50.0844311,"name":"Biciklitároló","city":"Rzaska","address":null,"covered":false,"access":null,"website":null,"phone":null,"source":"OpenStreetMap/node/10723976031","sourceUpdatedAt":null,"verifiedAt":null}},{"type":"Feature","geometry":{"type":"Point","coordinates":[19.9053668,50.0683906]},"properties":{"id":"bikerack:896671ff-5761-4e5a-a464-cada8c2ba25d","kind":"bikerack","longitude":19.9053668,"latitude":50.0683906,"name":"Biciklitároló","city":"Krakow","address":null,"covered":true,"access":null,"website":null,"phone":null,"source":"OpenStreetMap/node/12241019806","sourceUpdatedAt":null,"verifiedAt":null}},{"type":"Feature","geometry":{"type":"Point","coordinates":[19.9018868,50.0734839]},"properties":{"id":"bikerack:89c9fb0f-0b03-44b8-b51c-d786bd094862","kind":"bikerack","longitude":19.9018868,"latitude":50.0734839,"name":"Biciklitároló","city":"Krakow","address":null,"covered":false,"access":null,"website":null,"phone":null,"source":"OpenStreetMap/node/12623620936","sourceUpdatedAt":null,"verifiedAt":null}},{"type":"Feature","geometry":{"type":"Point","coordinates":[19.8808124,50.0818922]},"properties":{"id":"bikerack:8b045c69-10c5-465e-b6f4-8d7a9924edd9","kind":"bikerack","longitude":19.8808124,"latitude":50.0818922,"name":"Biciklitároló","city":"Rzaska","address":null,"covered":false,"access":null,"website":null,"phone":null,"source":"OpenStreetMap/node/12108694853","sourceUpdatedAt":null,"verifiedAt":null}},{"type":"Feature","geometry":{"type":"Point","coordinates":[19.8913508,50.0734336]},"properties":{"id":"bikerack:8b4df2fc-1a6e-4ad7-922d-17bf29f81696","kind":"bikerack","longitude":19.8913508,"latitude":50.0734336,"name":"Biciklitároló","city":"Krakow","address":null,"covered":false,"access":null,"website":null,"phone":null,"source":"OpenStreetMap/node/4842267236","sourceUpdatedAt":null,"verifiedAt":null}},{"type":"Feature","geometry":{"type":"Point","coordinates":[19.8884509,50.0814705]},"properties":{"id":"bikerack:8b52e3d6-e1fa-4e19-8c5a-2770c76bf851","kind":"bikerack","longitude":19.8884509,"latitude":50.0814705,"name":"Biciklitároló","city":"Rzaska","address":null,"covered":false,"access":null,"website":null,"phone":null,"source":"OpenStreetMap/node/6749793830","sourceUpdatedAt":null,"verifiedAt":null}},{"type":"Feature","geometry":{"type":"Point","coordinates":[19.9014341,50.0869526]},"properties":{"id":"bikerack:8b6fe5d1-98c5-404d-a1f9-f2c3d0ed4f45","kind":"bikerack","longitude":19.9014341,"latitude":50.0869526,"name":"Biciklitároló","city":"Zielonki","address":null,"covered":true,"access":null,"website":null,"phone":null,"source":"OpenStreetMap/node/13142841220","sourceUpdatedAt":null,"verifiedAt":null}},{"type":"Feature","geometry":{"type":"Point","coordinates":[19.8978983,50.0714574]},"properties":{"id":"bikerack:8ca3e4ad-c630-44fe-b49a-fcc35e6394b1","kind":"bikerack","longitude":19.8978983,"latitude":50.0714574,"name":"Biciklitároló","city":"Krakow","address":null,"covered":false,"access":null,"website":null,"phone":null,"source":"OpenStreetMap/node/5789611201","sourceUpdatedAt":null,"verifiedAt":null}},{"type":"Feature","geometry":{"type":"Point","coordinates":[19.8936807,50.0780493]},"properties":{"id":"bikerack:8ca9a732-8e65-4a4d-bf90-714243978cd1","kind":"bikerack","longitude":19.8936807,"latitude":50.0780493,"name":"Biciklitároló","city":"Krakow","address":null,"covered":false,"access":null,"website":null,"phone":null,"source":"OpenStreetMap/node/1912119066","sourceUpdatedAt":null,"verifiedAt":null}},{"type":"Feature","geometry":{"type":"Point","coordinates":[19.8844487,50.0809317]},"properties":{"id":"bikerack:8cd300a4-df9b-4e60-9941-a3950d285e45","kind":"bikerack","longitude":19.8844487,"latitude":50.0809317,"name":"Biciklitároló","city":"Rzaska","address":null,"covered":false,"access":null,"website":null,"phone":null,"source":"OpenStreetMap/node/12567438816","sourceUpdatedAt":null,"verifiedAt":null}},{"type":"Feature","geometry":{"type":"Point","coordinates":[19.8930209,50.0865704]},"properties":{"id":"bikerack:8f4c117a-180c-4bb4-9d92-8825a9ae129c","kind":"bikerack","longitude":19.8930209,"latitude":50.0865704,"name":"Biciklitároló","city":"Zielonki","address":null,"covered":false,"access":null,"website":null,"phone":null,"source":"OpenStreetMap/node/10612161079","sourceUpdatedAt":null,"verifiedAt":null}},{"type":"Feature","geometry":{"type":"Point","coordinates":[19.8826332,50.0776886]},"properties":{"id":"bikerack:8fe34f2d-1bbd-4068-9a05-1f6cedad85e9","kind":"bikerack","longitude":19.8826332,"latitude":50.0776886,"name":"Biciklitároló","city":"Rzaska","address":null,"covered":false,"access":null,"website":null,"phone":null,"source":"OpenStreetMap/node/8128225719","sourceUpdatedAt":null,"verifiedAt":null}},{"type":"Feature","geometry":{"type":"Point","coordinates":[19.9064094,50.0678138]},"properties":{"id":"bikerack:91439e61-699b-4ba3-902a-5b8826268a52","kind":"bikerack","longitude":19.9064094,"latitude":50.0678138,"name":"Biciklitároló","city":"Krakow","address":null,"covered":true,"access":null,"website":null,"phone":null,"source":"OpenStreetMap/way/1111992306","sourceUpdatedAt":null,"verifiedAt":null}},{"type":"Feature","geometry":{"type":"Point","coordinates":[19.8847818,50.0765664]},"properties":{"id":"bikerack:918dfbf9-9a64-495f-8819-ec65063649b7","kind":"bikerack","longitude":19.8847818,"latitude":50.0765664,"name":"Biciklitároló","city":"Rzaska","address":null,"covered":false,"access":null,"website":null,"phone":null,"source":"OpenStreetMap/node/2537747111","sourceUpdatedAt":null,"verifiedAt":null}},{"type":"Feature","geometry":{"type":"Point","coordinates":[19.8854564,50.0798171]},"properties":{"id":"bikerack:91d51c22-65da-403a-a90e-377bb498439c","kind":"bikerack","longitude":19.8854564,"latitude":50.0798171,"name":"Biciklitároló","city":"Rzaska","address":null,"covered":false,"access":null,"website":null,"phone":null,"source":"OpenStreetMap/node/7660863818","sourceUpdatedAt":null,"verifiedAt":null}},{"type":"Feature","geometry":{"type":"Point","coordinates":[19.9053581,50.0861136]},"properties":{"id":"bikerack:92f91408-d364-451c-95be-8419bc9013e5","kind":"bikerack","longitude":19.9053581,"latitude":50.0861136,"name":"Biciklitároló","city":"Zielonki","address":null,"covered":false,"access":null,"website":null,"phone":null,"source":"OpenStreetMap/node/10688263369","sourceUpdatedAt":null,"verifiedAt":null}},{"type":"Feature","geometry":{"type":"Point","coordinates":[19.9063265,50.0673562]},"properties":{"id":"bikerack:932e4935-53e0-4a4a-8b4d-69199ef4c34f","kind":"bikerack","longitude":19.9063265,"latitude":50.0673562,"name":"Biciklitároló","city":"Krakow","address":null,"covered":true,"access":null,"website":null,"phone":null,"source":"OpenStreetMap/way/1096846812","sourceUpdatedAt":null,"verifiedAt":null}},{"type":"Feature","geometry":{"type":"Point","coordinates":[19.9024972,50.0838722]},"properties":{"id":"bikerack:941069b0-b135-41b8-b3e6-34c70bec6df5","kind":"bikerack","longitude":19.9024972,"latitude":50.0838722,"name":"Biciklitároló","city":"Krakow","address":null,"covered":false,"access":null,"website":null,"phone":null,"source":"OpenStreetMap/way/1328356495","sourceUpdatedAt":null,"verifiedAt":null}},{"type":"Feature","geometry":{"type":"Point","coordinates":[19.8826408,50.0771388]},"properties":{"id":"bikerack:943d82b6-b63d-42e5-a557-a0bf7fdb8f90","kind":"bikerack","longitude":19.8826408,"latitude":50.0771388,"name":"Biciklitároló","city":"Rzaska","address":null,"covered":false,"access":null,"website":null,"phone":null,"source":"OpenStreetMap/node/10796905175","sourceUpdatedAt":null,"verifiedAt":null}},{"type":"Feature","geometry":{"type":"Point","coordinates":[19.8950994,50.0814135]},"properties":{"id":"bikerack:946743e4-af84-4697-8153-8992f82e4d82","kind":"bikerack","longitude":19.8950994,"latitude":50.0814135,"name":"Biciklitároló","city":"Krakow","address":null,"covered":false,"access":null,"website":null,"phone":null,"source":"OpenStreetMap/node/10676616156","sourceUpdatedAt":null,"verifiedAt":null}},{"type":"Feature","geometry":{"type":"Point","coordinates":[19.8932307,50.077695]},"properties":{"id":"bikerack:9468e1ae-ae1c-462f-9ddc-cad394f9e94c","kind":"bikerack","longitude":19.8932307,"latitude":50.077695,"name":"Biciklitároló","city":"Krakow","address":null,"covered":false,"access":null,"website":null,"phone":null,"source":"OpenStreetMap/node/2578163314","sourceUpdatedAt":null,"verifiedAt":null}},{"type":"Feature","geometry":{"type":"Point","coordinates":[19.8923726,50.0713647]},"properties":{"id":"bikerack:94ad57b0-5411-4df9-812b-8758c74f7385","kind":"bikerack","longitude":19.8923726,"latitude":50.0713647,"name":"Biciklitároló","city":"Krakow","address":null,"covered":false,"access":null,"website":null,"phone":null,"source":"OpenStreetMap/node/7596627635","sourceUpdatedAt":null,"verifiedAt":null}},{"type":"Feature","geometry":{"type":"Point","coordinates":[19.8847753,50.0773827]},"properties":{"id":"bikerack:9568982c-cac9-4efc-9058-9d011563d205","kind":"bikerack","longitude":19.8847753,"latitude":50.0773827,"name":"Biciklitároló","city":"Rzaska","address":null,"covered":false,"access":null,"website":null,"phone":null,"source":"OpenStreetMap/way/1151182746","sourceUpdatedAt":null,"verifiedAt":null}},{"type":"Feature","geometry":{"type":"Point","coordinates":[19.8838193,50.0791031]},"properties":{"id":"bikerack:95f1e60d-63b8-4481-8c35-5cf9041dde29","kind":"bikerack","longitude":19.8838193,"latitude":50.0791031,"name":"Biciklitároló","city":"Rzaska","address":null,"covered":false,"access":null,"website":null,"phone":null,"source":"OpenStreetMap/node/12066843926","sourceUpdatedAt":null,"verifiedAt":null}},{"type":"Feature","geometry":{"type":"Point","coordinates":[19.8695314,50.0776552]},"properties":{"id":"bikerack:962ffb32-b487-4449-9a30-efcbe9fe1810","kind":"bikerack","longitude":19.8695314,"latitude":50.0776552,"name":"Biciklitároló","city":"Rzaska","address":null,"covered":false,"access":null,"website":null,"phone":null,"source":"OpenStreetMap/node/3791892279","sourceUpdatedAt":null,"verifiedAt":null}},{"type":"Feature","geometry":{"type":"Point","coordinates":[19.8880974,50.0863249]},"properties":{"id":"bikerack:9754c05a-9551-43da-be73-f6ec6136fad4","kind":"bikerack","longitude":19.8880974,"latitude":50.0863249,"name":"Biciklitároló","city":"Rzaska","address":null,"covered":false,"access":null,"website":null,"phone":null,"source":"OpenStreetMap/node/12563941430","sourceUpdatedAt":null,"verifiedAt":null}},{"type":"Feature","geometry":{"type":"Point","coordinates":[19.9008677,50.0756441]},"properties":{"id":"bikerack:9827662c-c225-43bd-afd5-40e7e58dd61f","kind":"bikerack","longitude":19.9008677,"latitude":50.0756441,"name":"Biciklitároló","city":"Krakow","address":null,"covered":false,"access":null,"website":null,"phone":null,"source":"OpenStreetMap/node/10840958857","sourceUpdatedAt":null,"verifiedAt":null}},{"type":"Feature","geometry":{"type":"Point","coordinates":[19.904907,50.0858202]},"properties":{"id":"bikerack:98aa3eea-72ae-40ef-b253-49617c567d33","kind":"bikerack","longitude":19.904907,"latitude":50.0858202,"name":"Biciklitároló","city":"Zielonki","address":null,"covered":false,"access":null,"website":null,"phone":null,"source":"OpenStreetMap/node/10702193225","sourceUpdatedAt":null,"verifiedAt":null}},{"type":"Feature","geometry":{"type":"Point","coordinates":[19.8923568,50.0713202]},"properties":{"id":"bikerack:9a65d097-c1de-417f-8b50-37771b975891","kind":"bikerack","longitude":19.8923568,"latitude":50.0713202,"name":"Biciklitároló","city":"Krakow","address":null,"covered":false,"access":null,"website":null,"phone":null,"source":"OpenStreetMap/node/7596627636","sourceUpdatedAt":null,"verifiedAt":null}},{"type":"Feature","geometry":{"type":"Point","coordinates":[19.9048331,50.0691033]},"properties":{"id":"bikerack:9ac63126-d15a-41df-bcca-c181575228c3","kind":"bikerack","longitude":19.9048331,"latitude":50.0691033,"name":"Biciklitároló","city":"Krakow","address":null,"covered":false,"access":null,"website":null,"phone":null,"source":"OpenStreetMap/node/12081638255","sourceUpdatedAt":null,"verifiedAt":null}},{"type":"Feature","geometry":{"type":"Point","coordinates":[19.8842288,50.0790141]},"properties":{"id":"bikerack:9b641076-21d0-40da-bb29-423925f9279c","kind":"bikerack","longitude":19.8842288,"latitude":50.0790141,"name":"Biciklitároló","city":"Rzaska","address":null,"covered":false,"access":null,"website":null,"phone":null,"source":"OpenStreetMap/node/11717307330","sourceUpdatedAt":null,"verifiedAt":null}},{"type":"Feature","geometry":{"type":"Point","coordinates":[19.9059642,50.0691065]},"properties":{"id":"bikerack:9ba401d3-9ccb-4f46-ad5d-ad0f287d2ba3","kind":"bikerack","longitude":19.9059642,"latitude":50.0691065,"name":"Biciklitároló","city":"Krakow","address":null,"covered":false,"access":null,"website":null,"phone":null,"source":"OpenStreetMap/node/12853978222","sourceUpdatedAt":null,"verifiedAt":null}},{"type":"Feature","geometry":{"type":"Point","coordinates":[19.9070233,50.0674805]},"properties":{"id":"bikerack:9c066cee-ba41-45a8-b315-0f897ca22103","kind":"bikerack","longitude":19.9070233,"latitude":50.0674805,"name":"Biciklitároló","city":"Krakow","address":null,"covered":false,"access":null,"website":null,"phone":null,"source":"OpenStreetMap/node/9737632627","sourceUpdatedAt":null,"verifiedAt":null}},{"type":"Feature","geometry":{"type":"Point","coordinates":[19.8764381,50.0654173]},"properties":{"id":"bikerack:9c1fd4b9-a3f2-47e5-b1fa-5f5e5dff6ad0","kind":"bikerack","longitude":19.8764381,"latitude":50.0654173,"name":"Biciklitároló","city":"Rzaska","address":null,"covered":false,"access":null,"website":null,"phone":null,"source":"OpenStreetMap/node/5627247218","sourceUpdatedAt":null,"verifiedAt":null}},{"type":"Feature","geometry":{"type":"Point","coordinates":[19.8806641,50.0801782]},"properties":{"id":"bikerack:9d5c9428-e4b7-4218-b908-8c498f551b40","kind":"bikerack","longitude":19.8806641,"latitude":50.0801782,"name":"Biciklitároló","city":"Rzaska","address":null,"covered":false,"access":null,"website":null,"phone":null,"source":"OpenStreetMap/node/2473135912","sourceUpdatedAt":null,"verifiedAt":null}},{"type":"Feature","geometry":{"type":"Point","coordinates":[19.9044394,50.0783296]},"properties":{"id":"bikerack:9dfc750b-0669-4459-bb95-5c1f3f063022","kind":"bikerack","longitude":19.9044394,"latitude":50.0783296,"name":"Biciklitároló","city":"Krakow","address":null,"covered":true,"access":null,"website":null,"phone":null,"source":"OpenStreetMap/node/2387672788","sourceUpdatedAt":null,"verifiedAt":null}},{"type":"Feature","geometry":{"type":"Point","coordinates":[19.8813119,50.0755233]},"properties":{"id":"bikerack:9e15ed1b-2a38-4dcb-b9a5-9fa82c0e7c78","kind":"bikerack","longitude":19.8813119,"latitude":50.0755233,"name":"Biciklitároló","city":"Rzaska","address":null,"covered":false,"access":null,"website":null,"phone":null,"source":"OpenStreetMap/node/2478806358","sourceUpdatedAt":null,"verifiedAt":null}},{"type":"Feature","geometry":{"type":"Point","coordinates":[19.8843362,50.0774566]},"properties":{"id":"bikerack:9e335d3a-a1dd-41a8-9366-1f13edd7f9ab","kind":"bikerack","longitude":19.8843362,"latitude":50.0774566,"name":"Biciklitároló","city":"Rzaska","address":null,"covered":false,"access":null,"website":null,"phone":null,"source":"OpenStreetMap/node/3742907056","sourceUpdatedAt":null,"verifiedAt":null}},{"type":"Feature","geometry":{"type":"Point","coordinates":[19.8866978,50.0799762]},"properties":{"id":"bikerack:9e534bc0-838b-4afb-9729-e46397366d85","kind":"bikerack","longitude":19.8866978,"latitude":50.0799762,"name":"Biciklitároló","city":"Rzaska","address":null,"covered":false,"access":null,"website":null,"phone":null,"source":"OpenStreetMap/node/5601551628","sourceUpdatedAt":null,"verifiedAt":null}},{"type":"Feature","geometry":{"type":"Point","coordinates":[19.9011182,50.077027]},"properties":{"id":"bikerack:9e7b09c4-d42c-4fc5-8988-4a5ab06c6256","kind":"bikerack","longitude":19.9011182,"latitude":50.077027,"name":"Biciklitároló","city":"Krakow","address":null,"covered":false,"access":null,"website":null,"phone":null,"source":"OpenStreetMap/node/8196167929","sourceUpdatedAt":null,"verifiedAt":null}},{"type":"Feature","geometry":{"type":"Point","coordinates":[19.9068433,50.0681737]},"properties":{"id":"bikerack:9ea9a9e0-9789-4539-bf63-9489791bb181","kind":"bikerack","longitude":19.9068433,"latitude":50.0681737,"name":"Biciklitároló","city":"Krakow","address":null,"covered":true,"access":null,"website":null,"phone":null,"source":"OpenStreetMap/way/1246419096","sourceUpdatedAt":null,"verifiedAt":null}},{"type":"Feature","geometry":{"type":"Point","coordinates":[19.902,50.0691637]},"properties":{"id":"bikerack:9f33a048-c47e-4299-96d2-75508565335d","kind":"bikerack","longitude":19.902,"latitude":50.0691637,"name":"Biciklitároló","city":"Krakow","address":null,"covered":false,"access":null,"website":null,"phone":null,"source":"OpenStreetMap/node/12609672842","sourceUpdatedAt":null,"verifiedAt":null}},{"type":"Feature","geometry":{"type":"Point","coordinates":[19.902031,50.0907404]},"properties":{"id":"bikerack:9f45a104-cb35-4409-8617-5ebe0a106f30","kind":"bikerack","longitude":19.902031,"latitude":50.0907404,"name":"Biciklitároló","city":"Zielonki","address":null,"covered":false,"access":null,"website":null,"phone":null,"source":"OpenStreetMap/node/2472282950","sourceUpdatedAt":null,"verifiedAt":null}},{"type":"Feature","geometry":{"type":"Point","coordinates":[19.8868467,50.0786935]},"properties":{"id":"bikerack:9f7914ad-a8d6-401d-bdfc-54926109aae0","kind":"bikerack","longitude":19.8868467,"latitude":50.0786935,"name":"Biciklitároló","city":"Rzaska","address":null,"covered":false,"access":null,"website":null,"phone":null,"source":"OpenStreetMap/node/6406667951","sourceUpdatedAt":null,"verifiedAt":null}},{"type":"Feature","geometry":{"type":"Point","coordinates":[19.904761,50.0691793]},"properties":{"id":"bikerack:9fd208aa-55c0-4888-b4ca-caea332e2891","kind":"bikerack","longitude":19.904761,"latitude":50.0691793,"name":"Biciklitároló","city":"Krakow","address":null,"covered":true,"access":null,"website":null,"phone":null,"source":"OpenStreetMap/way/1096846815","sourceUpdatedAt":null,"verifiedAt":null}},{"type":"Feature","geometry":{"type":"Point","coordinates":[19.8840784,50.0813154]},"properties":{"id":"bikerack:a193bc25-f332-44e5-9d8d-cabe8a9beaf4","kind":"bikerack","longitude":19.8840784,"latitude":50.0813154,"name":"Biciklitároló","city":"Rzaska","address":null,"covered":false,"access":null,"website":null,"phone":null,"source":"OpenStreetMap/node/4910564843","sourceUpdatedAt":null,"verifiedAt":null}},{"type":"Feature","geometry":{"type":"Point","coordinates":[19.8898856,50.0882458]},"properties":{"id":"bikerack:a1a1d4e9-cc69-425f-b595-4e9a98c7a712","kind":"bikerack","longitude":19.8898856,"latitude":50.0882458,"name":"Biciklitároló","city":"Modlniczka","address":null,"covered":true,"access":null,"website":null,"phone":null,"source":"OpenStreetMap/node/11932676063","sourceUpdatedAt":null,"verifiedAt":null}},{"type":"Feature","geometry":{"type":"Point","coordinates":[19.9008448,50.0755662]},"properties":{"id":"bikerack:a2255a56-bbc6-47d4-872d-0b91b94c1f5d","kind":"bikerack","longitude":19.9008448,"latitude":50.0755662,"name":"Biciklitároló","city":"Krakow","address":null,"covered":false,"access":null,"website":null,"phone":null,"source":"OpenStreetMap/node/10840958860","sourceUpdatedAt":null,"verifiedAt":null}},{"type":"Feature","geometry":{"type":"Point","coordinates":[19.8975129,50.071117]},"properties":{"id":"bikerack:a297f1eb-41b1-4a70-9676-4b87f3ee381e","kind":"bikerack","longitude":19.8975129,"latitude":50.071117,"name":"Biciklitároló","city":"Krakow","address":null,"covered":false,"access":null,"website":null,"phone":null,"source":"OpenStreetMap/node/2961495933","sourceUpdatedAt":null,"verifiedAt":null}},{"type":"Feature","geometry":{"type":"Point","coordinates":[19.894817,50.0693867]},"properties":{"id":"bikerack:a29f3954-6bef-409d-9580-3d87a5bc7ad0","kind":"bikerack","longitude":19.894817,"latitude":50.0693867,"name":"Biciklitároló","city":"Krakow","address":null,"covered":false,"access":null,"website":null,"phone":null,"source":"OpenStreetMap/node/9029252514","sourceUpdatedAt":null,"verifiedAt":null}},{"type":"Feature","geometry":{"type":"Point","coordinates":[19.8842525,50.0822087]},"properties":{"id":"bikerack:a2cb821e-47e0-406e-9aa4-9058bcb30da1","kind":"bikerack","longitude":19.8842525,"latitude":50.0822087,"name":"Biciklitároló","city":"Rzaska","address":null,"covered":false,"access":null,"website":null,"phone":null,"source":"OpenStreetMap/node/3998514706","sourceUpdatedAt":null,"verifiedAt":null}},{"type":"Feature","geometry":{"type":"Point","coordinates":[19.8929798,50.0868939]},"properties":{"id":"bikerack:a30c2e91-7b20-4198-bea0-d4d2aa5a5d4e","kind":"bikerack","longitude":19.8929798,"latitude":50.0868939,"name":"Biciklitároló","city":"Zielonki","address":null,"covered":false,"access":null,"website":null,"phone":null,"source":"OpenStreetMap/node/12612643617","sourceUpdatedAt":null,"verifiedAt":null}},{"type":"Feature","geometry":{"type":"Point","coordinates":[19.9019823,50.083632]},"properties":{"id":"bikerack:a5594fc8-ac5f-4f5e-91ab-c2aaeebb52fa","kind":"bikerack","longitude":19.9019823,"latitude":50.083632,"name":"Biciklitároló","city":"Krakow","address":null,"covered":false,"access":null,"website":null,"phone":null,"source":"OpenStreetMap/node/10681633633","sourceUpdatedAt":null,"verifiedAt":null}},{"type":"Feature","geometry":{"type":"Point","coordinates":[19.8949026,50.0685626]},"properties":{"id":"bikerack:a684122d-e06f-4630-8ecd-59e9a7039ead","kind":"bikerack","longitude":19.8949026,"latitude":50.0685626,"name":"Biciklitároló","city":"Krakow","address":null,"covered":false,"access":null,"website":null,"phone":null,"source":"OpenStreetMap/node/6502338782","sourceUpdatedAt":null,"verifiedAt":null}},{"type":"Feature","geometry":{"type":"Point","coordinates":[19.8915099,50.0720588]},"properties":{"id":"bikerack:a696eacf-6a92-41dd-9f83-5763b6d8c52b","kind":"bikerack","longitude":19.8915099,"latitude":50.0720588,"name":"Biciklitároló","city":"Krakow","address":null,"covered":false,"access":null,"website":null,"phone":null,"source":"OpenStreetMap/node/3030273433","sourceUpdatedAt":null,"verifiedAt":null}},{"type":"Feature","geometry":{"type":"Point","coordinates":[19.8842328,50.0797619]},"properties":{"id":"bikerack:a7759816-7214-4d64-a594-065c0ab2aace","kind":"bikerack","longitude":19.8842328,"latitude":50.0797619,"name":"Biciklitároló","city":"Rzaska","address":null,"covered":false,"access":null,"website":null,"phone":null,"source":"OpenStreetMap/node/3741534885","sourceUpdatedAt":null,"verifiedAt":null}},{"type":"Feature","geometry":{"type":"Point","coordinates":[19.8901541,50.0660294]},"properties":{"id":"bikerack:a78121e3-4781-4ade-a784-734a598b1473","kind":"bikerack","longitude":19.8901541,"latitude":50.0660294,"name":"Biciklitároló","city":"Krakow","address":null,"covered":false,"access":null,"website":null,"phone":null,"source":"OpenStreetMap/node/12857808935","sourceUpdatedAt":null,"verifiedAt":null}},{"type":"Feature","geometry":{"type":"Point","coordinates":[19.9012524,50.0680663]},"properties":{"id":"bikerack:a7c4e3fb-3c02-4679-b7d3-b98f0d42d9f7","kind":"bikerack","longitude":19.9012524,"latitude":50.0680663,"name":"Biciklitároló","city":"Krakow","address":null,"covered":false,"access":null,"website":null,"phone":null,"source":"OpenStreetMap/node/2585033041","sourceUpdatedAt":null,"verifiedAt":null}},{"type":"Feature","geometry":{"type":"Point","coordinates":[19.8800189,50.0783365]},"properties":{"id":"bikerack:a8b768f0-ce5f-48e3-aa74-43e059adfd3d","kind":"bikerack","longitude":19.8800189,"latitude":50.0783365,"name":"Biciklitároló","city":"Rzaska","address":null,"covered":false,"access":null,"website":null,"phone":null,"source":"OpenStreetMap/node/5434263804","sourceUpdatedAt":null,"verifiedAt":null}},{"type":"Feature","geometry":{"type":"Point","coordinates":[19.8664659,50.0651637]},"properties":{"id":"bikerack:a8c7c63c-a878-4be6-aa32-4b54c8e8ab52","kind":"bikerack","longitude":19.8664659,"latitude":50.0651637,"name":"Biciklitároló","city":"Rzaska","address":null,"covered":false,"access":null,"website":null,"phone":null,"source":"OpenStreetMap/node/10734546992","sourceUpdatedAt":null,"verifiedAt":null}},{"type":"Feature","geometry":{"type":"Point","coordinates":[19.8829024,50.0776312]},"properties":{"id":"bikerack:a92f021c-4373-4190-891e-1066b6fd7857","kind":"bikerack","longitude":19.8829024,"latitude":50.0776312,"name":"Biciklitároló","city":"Rzaska","address":null,"covered":false,"access":null,"website":null,"phone":null,"source":"OpenStreetMap/node/8128225720","sourceUpdatedAt":null,"verifiedAt":null}},{"type":"Feature","geometry":{"type":"Point","coordinates":[19.8858993,50.0797454]},"properties":{"id":"bikerack:a97c95fb-e13c-443e-9efd-4b01c3cc7ee6","kind":"bikerack","longitude":19.8858993,"latitude":50.0797454,"name":"Biciklitároló","city":"Rzaska","address":null,"covered":false,"access":null,"website":null,"phone":null,"source":"OpenStreetMap/node/12914319542","sourceUpdatedAt":null,"verifiedAt":null}},{"type":"Feature","geometry":{"type":"Point","coordinates":[19.9015992,50.0869847]},"properties":{"id":"bikerack:a9c38c2f-29dd-4d57-952e-0398f84eb9ee","kind":"bikerack","longitude":19.9015992,"latitude":50.0869847,"name":"Biciklitároló","city":"Zielonki","address":null,"covered":false,"access":null,"website":null,"phone":null,"source":"OpenStreetMap/node/13688146463","sourceUpdatedAt":null,"verifiedAt":null}},{"type":"Feature","geometry":{"type":"Point","coordinates":[19.8783021,50.0816147]},"properties":{"id":"bikerack:a9d9f9a9-2199-4ec2-b747-cebf9210ab16","kind":"bikerack","longitude":19.8783021,"latitude":50.0816147,"name":"Biciklitároló","city":"Rzaska","address":null,"covered":false,"access":null,"website":null,"phone":null,"source":"OpenStreetMap/node/12928942329","sourceUpdatedAt":null,"verifiedAt":null}},{"type":"Feature","geometry":{"type":"Point","coordinates":[19.8695755,50.0773887]},"properties":{"id":"bikerack:aad10ad5-3079-43bf-a1be-19cf8f6af28d","kind":"bikerack","longitude":19.8695755,"latitude":50.0773887,"name":"Biciklitároló","city":"Rzaska","address":null,"covered":false,"access":null,"website":null,"phone":null,"source":"OpenStreetMap/node/2968458329","sourceUpdatedAt":null,"verifiedAt":null}},{"type":"Feature","geometry":{"type":"Point","coordinates":[19.9052681,50.0684068]},"properties":{"id":"bikerack:ac70f33b-3edf-4ca9-9258-47a993e06b77","kind":"bikerack","longitude":19.9052681,"latitude":50.0684068,"name":"Biciklitároló","city":"Krakow","address":null,"covered":true,"access":null,"website":null,"phone":null,"source":"OpenStreetMap/node/12241023976","sourceUpdatedAt":null,"verifiedAt":null}},{"type":"Feature","geometry":{"type":"Point","coordinates":[19.8829872,50.0785783]},"properties":{"id":"bikerack:ac89faa8-1d54-4e2d-96d9-fd9f5de117d3","kind":"bikerack","longitude":19.8829872,"latitude":50.0785783,"name":"Biciklitároló","city":"Rzaska","address":null,"covered":false,"access":null,"website":null,"phone":null,"source":"OpenStreetMap/node/5966227460","sourceUpdatedAt":null,"verifiedAt":null}},{"type":"Feature","geometry":{"type":"Point","coordinates":[19.9006668,50.07585]},"properties":{"id":"bikerack:acf24428-30a2-49d6-8277-18754d353ff8","kind":"bikerack","longitude":19.9006668,"latitude":50.07585,"name":"Biciklitároló","city":"Krakow","address":null,"covered":false,"access":null,"website":null,"phone":null,"source":"OpenStreetMap/node/7814757414","sourceUpdatedAt":null,"verifiedAt":null}},{"type":"Feature","geometry":{"type":"Point","coordinates":[19.8821382,50.0799016]},"properties":{"id":"bikerack:ad48f35c-6590-435d-9e95-6fc8a1af79ce","kind":"bikerack","longitude":19.8821382,"latitude":50.0799016,"name":"Biciklitároló","city":"Rzaska","address":null,"covered":false,"access":null,"website":null,"phone":null,"source":"OpenStreetMap/node/8197062917","sourceUpdatedAt":null,"verifiedAt":null}},{"type":"Feature","geometry":{"type":"Point","coordinates":[19.8999923,50.0800752]},"properties":{"id":"bikerack:ae19fefb-389c-4aa9-bd79-fa7323c4148b","kind":"bikerack","longitude":19.8999923,"latitude":50.0800752,"name":"Biciklitároló","city":"Krakow","address":null,"covered":false,"access":null,"website":null,"phone":null,"source":"OpenStreetMap/node/8196215883","sourceUpdatedAt":null,"verifiedAt":null}},{"type":"Feature","geometry":{"type":"Point","coordinates":[19.8880978,50.0770502]},"properties":{"id":"bikerack:ae960439-9fcf-4a3d-8c43-384005f3c04a","kind":"bikerack","longitude":19.8880978,"latitude":50.0770502,"name":"Biciklitároló","city":"Rzaska","address":null,"covered":false,"access":null,"website":null,"phone":null,"source":"OpenStreetMap/node/7630253416","sourceUpdatedAt":null,"verifiedAt":null}},{"type":"Feature","geometry":{"type":"Point","coordinates":[19.888697,50.084305]},"properties":{"id":"bikerack:afea027c-14cd-4fa4-88dd-011728aa5fe3","kind":"bikerack","longitude":19.888697,"latitude":50.084305,"name":"Biciklitároló","city":"Rzaska","address":null,"covered":false,"access":null,"website":null,"phone":null,"source":"OpenStreetMap/node/10723976037","sourceUpdatedAt":null,"verifiedAt":null}},{"type":"Feature","geometry":{"type":"Point","coordinates":[19.899707,50.0703046]},"properties":{"id":"bikerack:b085fc7a-826f-4047-8319-371ddec47048","kind":"bikerack","longitude":19.899707,"latitude":50.0703046,"name":"Biciklitároló","city":"Krakow","address":null,"covered":false,"access":null,"website":null,"phone":null,"source":"OpenStreetMap/node/2555384987","sourceUpdatedAt":null,"verifiedAt":null}},{"type":"Feature","geometry":{"type":"Point","coordinates":[19.9014845,50.0746481]},"properties":{"id":"bikerack:b0ea9ae3-5d08-4304-82b0-31ef59d8071e","kind":"bikerack","longitude":19.9014845,"latitude":50.0746481,"name":"Biciklitároló","city":"Krakow","address":null,"covered":false,"access":null,"website":null,"phone":null,"source":"OpenStreetMap/node/3747899411","sourceUpdatedAt":null,"verifiedAt":null}},{"type":"Feature","geometry":{"type":"Point","coordinates":[19.8692936,50.0705569]},"properties":{"id":"bikerack:b3929b5d-fc00-4e13-86c9-e0268f61ac01","kind":"bikerack","longitude":19.8692936,"latitude":50.0705569,"name":"Biciklitároló","city":"Rzaska","address":null,"covered":false,"access":null,"website":null,"phone":null,"source":"OpenStreetMap/node/3169248387","sourceUpdatedAt":null,"verifiedAt":null}},{"type":"Feature","geometry":{"type":"Point","coordinates":[19.8925807,50.0730988]},"properties":{"id":"bikerack:b39c1d69-e682-4700-884b-d9a74bf5a513","kind":"bikerack","longitude":19.8925807,"latitude":50.0730988,"name":"Biciklitároló","city":"Krakow","address":null,"covered":false,"access":null,"website":null,"phone":null,"source":"OpenStreetMap/node/4840559846","sourceUpdatedAt":null,"verifiedAt":null}},{"type":"Feature","geometry":{"type":"Point","coordinates":[19.8826225,50.0770997]},"properties":{"id":"bikerack:b59e9d8d-4c4f-497d-ba4c-6153eb0603e7","kind":"bikerack","longitude":19.8826225,"latitude":50.0770997,"name":"Biciklitároló","city":"Rzaska","address":null,"covered":false,"access":null,"website":null,"phone":null,"source":"OpenStreetMap/node/2920885195","sourceUpdatedAt":null,"verifiedAt":null}},{"type":"Feature","geometry":{"type":"Point","coordinates":[19.8788858,50.0787273]},"properties":{"id":"bikerack:b687fcfa-db1f-49a0-8b8f-bd5d94017530","kind":"bikerack","longitude":19.8788858,"latitude":50.0787273,"name":"Biciklitároló","city":"Rzaska","address":null,"covered":false,"access":null,"website":null,"phone":null,"source":"OpenStreetMap/node/2501373208","sourceUpdatedAt":null,"verifiedAt":null}},{"type":"Feature","geometry":{"type":"Point","coordinates":[19.9016247,50.0686035]},"properties":{"id":"bikerack:b6e4fa76-cc87-47a6-b5e5-8b4b7fa5476c","kind":"bikerack","longitude":19.9016247,"latitude":50.0686035,"name":"Biciklitároló","city":"Krakow","address":null,"covered":true,"access":null,"website":null,"phone":null,"source":"OpenStreetMap/node/2585035009","sourceUpdatedAt":null,"verifiedAt":null}},{"type":"Feature","geometry":{"type":"Point","coordinates":[19.8835694,50.0798633]},"properties":{"id":"bikerack:b6ee64dc-8239-4893-9a14-967a9314f57a","kind":"bikerack","longitude":19.8835694,"latitude":50.0798633,"name":"Biciklitároló","city":"Rzaska","address":null,"covered":false,"access":null,"website":null,"phone":null,"source":"OpenStreetMap/node/4906197160","sourceUpdatedAt":null,"verifiedAt":null}},{"type":"Feature","geometry":{"type":"Point","coordinates":[19.906222,50.0760805]},"properties":{"id":"bikerack:b6fbb107-3b29-42f1-b616-1e8f3fefbd26","kind":"bikerack","longitude":19.906222,"latitude":50.0760805,"name":"Biciklitároló","city":"Krakow","address":null,"covered":false,"access":null,"website":null,"phone":null,"source":"OpenStreetMap/node/7680778879","sourceUpdatedAt":null,"verifiedAt":null}},{"type":"Feature","geometry":{"type":"Point","coordinates":[19.8923129,50.0875216]},"properties":{"id":"bikerack:b77e7cfe-781c-46ec-92f5-7c36f4c3792d","kind":"bikerack","longitude":19.8923129,"latitude":50.0875216,"name":"Biciklitároló","city":"Zielonki","address":null,"covered":true,"access":null,"website":null,"phone":null,"source":"OpenStreetMap/node/8198838288","sourceUpdatedAt":null,"verifiedAt":null}},{"type":"Feature","geometry":{"type":"Point","coordinates":[19.9055571,50.0747106]},"properties":{"id":"bikerack:b80e0ec6-ac14-43f1-b62d-e96b7d14a900","kind":"bikerack","longitude":19.9055571,"latitude":50.0747106,"name":"Biciklitároló","city":"Krakow","address":null,"covered":false,"access":null,"website":null,"phone":null,"source":"OpenStreetMap/node/4847911864","sourceUpdatedAt":null,"verifiedAt":null}},{"type":"Feature","geometry":{"type":"Point","coordinates":[19.8996606,50.0691083]},"properties":{"id":"bikerack:b9a0e9e4-88e5-4ce1-bdaf-74dacb69285a","kind":"bikerack","longitude":19.8996606,"latitude":50.0691083,"name":"Biciklitároló","city":"Krakow","address":null,"covered":true,"access":null,"website":null,"phone":null,"source":"OpenStreetMap/way/517554875","sourceUpdatedAt":null,"verifiedAt":null}},{"type":"Feature","geometry":{"type":"Point","coordinates":[19.8871959,50.0845935]},"properties":{"id":"bikerack:bb879d8e-ae1d-41c4-8437-85e0dfab156f","kind":"bikerack","longitude":19.8871959,"latitude":50.0845935,"name":"Biciklitároló","city":"Rzaska","address":null,"covered":false,"access":null,"website":null,"phone":null,"source":"OpenStreetMap/node/8931373030","sourceUpdatedAt":null,"verifiedAt":null}},{"type":"Feature","geometry":{"type":"Point","coordinates":[19.8893881,50.08175]},"properties":{"id":"bikerack:bcb0cc5c-dda1-479c-a3c8-800ffe9b90a7","kind":"bikerack","longitude":19.8893881,"latitude":50.08175,"name":"Biciklitároló","city":"Rzaska","address":null,"covered":true,"access":null,"website":null,"phone":null,"source":"OpenStreetMap/node/6709653586","sourceUpdatedAt":null,"verifiedAt":null}},{"type":"Feature","geometry":{"type":"Point","coordinates":[19.8821857,50.0807463]},"properties":{"id":"bikerack:bcb46d21-ae9d-42b5-bf8b-8db26dd44194","kind":"bikerack","longitude":19.8821857,"latitude":50.0807463,"name":"Biciklitároló","city":"Rzaska","address":null,"covered":false,"access":null,"website":null,"phone":null,"source":"OpenStreetMap/node/8143726717","sourceUpdatedAt":null,"verifiedAt":null}},{"type":"Feature","geometry":{"type":"Point","coordinates":[19.9062835,50.0863534]},"properties":{"id":"bikerack:bdf250dd-cba6-4e79-ba47-2ffc73799d29","kind":"bikerack","longitude":19.9062835,"latitude":50.0863534,"name":"Biciklitároló","city":"Zielonki","address":null,"covered":false,"access":null,"website":null,"phone":null,"source":"OpenStreetMap/node/10678970552","sourceUpdatedAt":null,"verifiedAt":null}},{"type":"Feature","geometry":{"type":"Point","coordinates":[19.9057812,50.0697151]},"properties":{"id":"bikerack:be63b133-eb17-4c9f-8936-148c23adcecc","kind":"bikerack","longitude":19.9057812,"latitude":50.0697151,"name":"Biciklitároló","city":"Krakow","address":null,"covered":false,"access":null,"website":null,"phone":null,"source":"OpenStreetMap/node/2550233267","sourceUpdatedAt":null,"verifiedAt":null}},{"type":"Feature","geometry":{"type":"Point","coordinates":[19.9027983,50.0693346]},"properties":{"id":"bikerack:bf5cc3c5-ad27-4fa9-89f5-ba834ca887d9","kind":"bikerack","longitude":19.9027983,"latitude":50.0693346,"name":"Biciklitároló","city":"Krakow","address":null,"covered":true,"access":null,"website":null,"phone":null,"source":"OpenStreetMap/way/1096788958","sourceUpdatedAt":null,"verifiedAt":null}},{"type":"Feature","geometry":{"type":"Point","coordinates":[19.8870534,50.0845277]},"properties":{"id":"bikerack:c022e2d5-2d27-408d-91ac-d95e0fc3492d","kind":"bikerack","longitude":19.8870534,"latitude":50.0845277,"name":"Biciklitároló","city":"Rzaska","address":null,"covered":true,"access":null,"website":null,"phone":null,"source":"OpenStreetMap/node/8931373033","sourceUpdatedAt":null,"verifiedAt":null}},{"type":"Feature","geometry":{"type":"Point","coordinates":[19.9029138,50.0845895]},"properties":{"id":"bikerack:c06f980d-4810-4d6c-aa05-621ccae01d37","kind":"bikerack","longitude":19.9029138,"latitude":50.0845895,"name":"Biciklitároló","city":"Zielonki","address":null,"covered":false,"access":null,"website":null,"phone":null,"source":"OpenStreetMap/node/5784197354","sourceUpdatedAt":null,"verifiedAt":null}},{"type":"Feature","geometry":{"type":"Point","coordinates":[19.8851417,50.0857347]},"properties":{"id":"bikerack:c13dd16c-cb76-4f14-b8f4-9e6c504e26a1","kind":"bikerack","longitude":19.8851417,"latitude":50.0857347,"name":"Biciklitároló","city":"Rzaska","address":null,"covered":true,"access":null,"website":null,"phone":null,"source":"OpenStreetMap/node/6697861396","sourceUpdatedAt":null,"verifiedAt":null}},{"type":"Feature","geometry":{"type":"Point","coordinates":[19.8873968,50.0861843]},"properties":{"id":"bikerack:c1605f6f-9447-4627-a48b-5bd35f374df0","kind":"bikerack","longitude":19.8873968,"latitude":50.0861843,"name":"Biciklitároló","city":"Rzaska","address":null,"covered":false,"access":null,"website":null,"phone":null,"source":"OpenStreetMap/node/1409591477","sourceUpdatedAt":null,"verifiedAt":null}},{"type":"Feature","geometry":{"type":"Point","coordinates":[19.9044116,50.0782596]},"properties":{"id":"bikerack:c179ae28-5f0b-4402-97e5-ee74eaf8fda2","kind":"bikerack","longitude":19.9044116,"latitude":50.0782596,"name":"Biciklitároló","city":"Krakow","address":null,"covered":true,"access":null,"website":null,"phone":null,"source":"OpenStreetMap/node/13142841211","sourceUpdatedAt":null,"verifiedAt":null}},{"type":"Feature","geometry":{"type":"Point","coordinates":[19.901837,50.0688722]},"properties":{"id":"bikerack:c24e103a-17f4-4a0f-a801-9b619186e016","kind":"bikerack","longitude":19.901837,"latitude":50.0688722,"name":"Biciklitároló","city":"Krakow","address":null,"covered":true,"access":null,"website":null,"phone":null,"source":"OpenStreetMap/way/1487728778","sourceUpdatedAt":null,"verifiedAt":null}},{"type":"Feature","geometry":{"type":"Point","coordinates":[19.885166,50.077703]},"properties":{"id":"bikerack:c2530148-4d59-42f6-a5fc-12a9c2b9e472","kind":"bikerack","longitude":19.885166,"latitude":50.077703,"name":"Biciklitároló","city":"Rzaska","address":null,"covered":false,"access":null,"website":null,"phone":null,"source":"OpenStreetMap/node/8504077695","sourceUpdatedAt":null,"verifiedAt":null}},{"type":"Feature","geometry":{"type":"Point","coordinates":[19.8843969,50.0785911]},"properties":{"id":"bikerack:c4422dd4-ee5e-4b10-8f04-cd97984c105d","kind":"bikerack","longitude":19.8843969,"latitude":50.0785911,"name":"Biciklitároló","city":"Rzaska","address":null,"covered":false,"access":null,"website":null,"phone":null,"source":"OpenStreetMap/node/3742177279","sourceUpdatedAt":null,"verifiedAt":null}},{"type":"Feature","geometry":{"type":"Point","coordinates":[19.8895983,50.0812674]},"properties":{"id":"bikerack:c5009bdd-f7a0-489b-b127-5e28d1b9ddd7","kind":"bikerack","longitude":19.8895983,"latitude":50.0812674,"name":"Biciklitároló","city":"Rzaska","address":null,"covered":false,"access":null,"website":null,"phone":null,"source":"OpenStreetMap/node/12536941825","sourceUpdatedAt":null,"verifiedAt":null}},{"type":"Feature","geometry":{"type":"Point","coordinates":[19.9053689,50.0689336]},"properties":{"id":"bikerack:c54da0a2-aae3-4f92-80fe-75b0a05a04b0","kind":"bikerack","longitude":19.9053689,"latitude":50.0689336,"name":"Biciklitároló","city":"Krakow","address":null,"covered":true,"access":null,"website":null,"phone":null,"source":"OpenStreetMap/way/1096846811","sourceUpdatedAt":null,"verifiedAt":null}},{"type":"Feature","geometry":{"type":"Point","coordinates":[19.8897748,50.0812315]},"properties":{"id":"bikerack:c6218e1f-58ed-44c7-a3d4-0b5f567962fa","kind":"bikerack","longitude":19.8897748,"latitude":50.0812315,"name":"Biciklitároló","city":"Rzaska","address":null,"covered":false,"access":null,"website":null,"phone":null,"source":"OpenStreetMap/node/12536941826","sourceUpdatedAt":null,"verifiedAt":null}},{"type":"Feature","geometry":{"type":"Point","coordinates":[19.8933812,50.078488]},"properties":{"id":"bikerack:c6e596b1-fc79-4368-9af8-31533e4029f9","kind":"bikerack","longitude":19.8933812,"latitude":50.078488,"name":"Biciklitároló","city":"Krakow","address":null,"covered":false,"access":null,"website":null,"phone":null,"source":"OpenStreetMap/node/2577335684","sourceUpdatedAt":null,"verifiedAt":null}},{"type":"Feature","geometry":{"type":"Point","coordinates":[19.8779894,50.0879682]},"properties":{"id":"bikerack:c788d935-bec6-493c-87fb-8ff23b89ec75","kind":"bikerack","longitude":19.8779894,"latitude":50.0879682,"name":"Biciklitároló","city":"Rzaska","address":null,"covered":false,"access":null,"website":null,"phone":null,"source":"OpenStreetMap/node/12260615307","sourceUpdatedAt":null,"verifiedAt":null}},{"type":"Feature","geometry":{"type":"Point","coordinates":[19.8910485,50.0874785]},"properties":{"id":"bikerack:c7d149bf-ef84-41da-9722-d713af3e732a","kind":"bikerack","longitude":19.8910485,"latitude":50.0874785,"name":"Biciklitároló","city":"Zielonki","address":null,"covered":true,"access":null,"website":null,"phone":null,"source":"OpenStreetMap/node/8198838287","sourceUpdatedAt":null,"verifiedAt":null}},{"type":"Feature","geometry":{"type":"Point","coordinates":[19.9003949,50.088102]},"properties":{"id":"bikerack:c86f6321-f1b7-4f16-93a4-ecf25f3c80cf","kind":"bikerack","longitude":19.9003949,"latitude":50.088102,"name":"Biciklitároló","city":"Zielonki","address":null,"covered":false,"access":null,"website":null,"phone":null,"source":"OpenStreetMap/way/617590958","sourceUpdatedAt":null,"verifiedAt":null}},{"type":"Feature","geometry":{"type":"Point","coordinates":[19.90483,50.0785159]},"properties":{"id":"bikerack:c8f2ab54-9f09-463e-a005-387aeb61c4e9","kind":"bikerack","longitude":19.90483,"latitude":50.0785159,"name":"Biciklitároló","city":"Krakow","address":null,"covered":true,"access":null,"website":null,"phone":null,"source":"OpenStreetMap/node/13142841218","sourceUpdatedAt":null,"verifiedAt":null}},{"type":"Feature","geometry":{"type":"Point","coordinates":[19.9041893,50.0688276]},"properties":{"id":"bikerack:c949ee15-568f-47f9-a1cf-d5644f988245","kind":"bikerack","longitude":19.9041893,"latitude":50.0688276,"name":"Biciklitároló","city":"Krakow","address":null,"covered":true,"access":null,"website":null,"phone":null,"source":"OpenStreetMap/way/1096846819","sourceUpdatedAt":null,"verifiedAt":null}},{"type":"Feature","geometry":{"type":"Point","coordinates":[19.881694,50.0792876]},"properties":{"id":"bikerack:ca920430-590c-44be-a2a3-6da4f937f088","kind":"bikerack","longitude":19.881694,"latitude":50.0792876,"name":"Biciklitároló","city":"Rzaska","address":null,"covered":false,"access":null,"website":null,"phone":null,"source":"OpenStreetMap/node/5953266650","sourceUpdatedAt":null,"verifiedAt":null}},{"type":"Feature","geometry":{"type":"Point","coordinates":[19.8945967,50.0802465]},"properties":{"id":"bikerack:cc958aec-1d79-45e6-8cbd-43d57a1daf8d","kind":"bikerack","longitude":19.8945967,"latitude":50.0802465,"name":"Biciklitároló","city":"Krakow","address":null,"covered":false,"access":null,"website":null,"phone":null,"source":"OpenStreetMap/way/1147317254","sourceUpdatedAt":null,"verifiedAt":null}},{"type":"Feature","geometry":{"type":"Point","coordinates":[19.9009755,50.0700191]},"properties":{"id":"bikerack:cca153c4-c86f-4521-9f01-9eee5850d379","kind":"bikerack","longitude":19.9009755,"latitude":50.0700191,"name":"Biciklitároló","city":"Krakow","address":null,"covered":false,"access":null,"website":null,"phone":null,"source":"OpenStreetMap/node/12229404820","sourceUpdatedAt":null,"verifiedAt":null}},{"type":"Feature","geometry":{"type":"Point","coordinates":[19.89504,50.0695053]},"properties":{"id":"bikerack:ce8f2495-531f-4a7d-8178-819b264abb89","kind":"bikerack","longitude":19.89504,"latitude":50.0695053,"name":"Biciklitároló","city":"Krakow","address":null,"covered":false,"access":null,"website":null,"phone":null,"source":"OpenStreetMap/node/9029252515","sourceUpdatedAt":null,"verifiedAt":null}},{"type":"Feature","geometry":{"type":"Point","coordinates":[19.9054363,50.0863133]},"properties":{"id":"bikerack:cea99b3d-7e97-4053-b6f9-1b35ea3952b0","kind":"bikerack","longitude":19.9054363,"latitude":50.0863133,"name":"Biciklitároló","city":"Zielonki","address":null,"covered":false,"access":null,"website":null,"phone":null,"source":"OpenStreetMap/node/10688263374","sourceUpdatedAt":null,"verifiedAt":null}},{"type":"Feature","geometry":{"type":"Point","coordinates":[19.8877291,50.0808946]},"properties":{"id":"bikerack:d08b0b35-c173-48af-ba80-190a9c4109b1","kind":"bikerack","longitude":19.8877291,"latitude":50.0808946,"name":"Biciklitároló","city":"Rzaska","address":null,"covered":true,"access":null,"website":null,"phone":null,"source":"OpenStreetMap/node/10980479408","sourceUpdatedAt":null,"verifiedAt":null}},{"type":"Feature","geometry":{"type":"Point","coordinates":[19.8858702,50.0774152]},"properties":{"id":"bikerack:d0b7f8b0-dc45-49c8-8eb3-17788af05411","kind":"bikerack","longitude":19.8858702,"latitude":50.0774152,"name":"Biciklitároló","city":"Rzaska","address":null,"covered":false,"access":null,"website":null,"phone":null,"source":"OpenStreetMap/node/11773803993","sourceUpdatedAt":null,"verifiedAt":null}},{"type":"Feature","geometry":{"type":"Point","coordinates":[19.8987669,50.0854859]},"properties":{"id":"bikerack:d1af4f6b-bd85-4724-a63b-df1d7238283b","kind":"bikerack","longitude":19.8987669,"latitude":50.0854859,"name":"Biciklitároló","city":"Zielonki","address":null,"covered":false,"access":null,"website":null,"phone":null,"source":"OpenStreetMap/node/12091698160","sourceUpdatedAt":null,"verifiedAt":null}},{"type":"Feature","geometry":{"type":"Point","coordinates":[19.8858002,50.0798248]},"properties":{"id":"bikerack:d1dac6bd-2793-414b-be21-b549609e4334","kind":"bikerack","longitude":19.8858002,"latitude":50.0798248,"name":"Biciklitároló","city":"Rzaska","address":null,"covered":false,"access":null,"website":null,"phone":null,"source":"OpenStreetMap/node/7660863820","sourceUpdatedAt":null,"verifiedAt":null}},{"type":"Feature","geometry":{"type":"Point","coordinates":[19.9008937,50.0757384]},"properties":{"id":"bikerack:d212f9f7-674a-44a3-9b6a-a7617e0179e5","kind":"bikerack","longitude":19.9008937,"latitude":50.0757384,"name":"Biciklitároló","city":"Krakow","address":null,"covered":false,"access":null,"website":null,"phone":null,"source":"OpenStreetMap/node/10840961807","sourceUpdatedAt":null,"verifiedAt":null}},{"type":"Feature","geometry":{"type":"Point","coordinates":[19.9064476,50.0881585]},"properties":{"id":"bikerack:d2427e55-93c7-4097-b7d4-bc6ca7ee955f","kind":"bikerack","longitude":19.9064476,"latitude":50.0881585,"name":"Biciklitároló","city":"Zielonki","address":null,"covered":false,"access":null,"website":null,"phone":null,"source":"OpenStreetMap/node/9909977255","sourceUpdatedAt":null,"verifiedAt":null}},{"type":"Feature","geometry":{"type":"Point","coordinates":[19.902721,50.0732725]},"properties":{"id":"bikerack:d2856d8f-a41d-4061-aa1d-78a0b8914b18","kind":"bikerack","longitude":19.902721,"latitude":50.0732725,"name":"Biciklitároló","city":"Krakow","address":null,"covered":false,"access":null,"website":null,"phone":null,"source":"OpenStreetMap/node/12652690160","sourceUpdatedAt":null,"verifiedAt":null}},{"type":"Feature","geometry":{"type":"Point","coordinates":[19.8849414,50.0808427]},"properties":{"id":"bikerack:d2f189e1-093e-4378-8c81-6fa14ca158aa","kind":"bikerack","longitude":19.8849414,"latitude":50.0808427,"name":"Biciklitároló","city":"Rzaska","address":null,"covered":false,"access":null,"website":null,"phone":null,"source":"OpenStreetMap/node/10720968092","sourceUpdatedAt":null,"verifiedAt":null}},{"type":"Feature","geometry":{"type":"Point","coordinates":[19.8910364,50.0868525]},"properties":{"id":"bikerack:d39f8c2f-bdc8-4d59-9fa6-d55da0496edf","kind":"bikerack","longitude":19.8910364,"latitude":50.0868525,"name":"Biciklitároló","city":"Zielonki","address":null,"covered":false,"access":null,"website":null,"phone":null,"source":"OpenStreetMap/node/8198871593","sourceUpdatedAt":null,"verifiedAt":null}},{"type":"Feature","geometry":{"type":"Point","coordinates":[19.8953415,50.0812737]},"properties":{"id":"bikerack:d3b0719a-9620-4551-862e-e5fff3acd344","kind":"bikerack","longitude":19.8953415,"latitude":50.0812737,"name":"Biciklitároló","city":"Krakow","address":null,"covered":false,"access":null,"website":null,"phone":null,"source":"OpenStreetMap/node/10675852409","sourceUpdatedAt":null,"verifiedAt":null}},{"type":"Feature","geometry":{"type":"Point","coordinates":[19.899826,50.0702893]},"properties":{"id":"bikerack:d41bc397-0f55-4ea6-ad38-4bfcafe0ad2a","kind":"bikerack","longitude":19.899826,"latitude":50.0702893,"name":"Biciklitároló","city":"Krakow","address":null,"covered":false,"access":null,"website":null,"phone":null,"source":"OpenStreetMap/node/12609536951","sourceUpdatedAt":null,"verifiedAt":null}},{"type":"Feature","geometry":{"type":"Point","coordinates":[19.8849984,50.0806667]},"properties":{"id":"bikerack:d46337c5-53b8-43e0-82ee-62026a7c4921","kind":"bikerack","longitude":19.8849984,"latitude":50.0806667,"name":"Biciklitároló","city":"Rzaska","address":null,"covered":false,"access":null,"website":null,"phone":null,"source":"OpenStreetMap/node/3745919663","sourceUpdatedAt":null,"verifiedAt":null}},{"type":"Feature","geometry":{"type":"Point","coordinates":[19.9020353,50.0693643]},"properties":{"id":"bikerack:d4aa7eca-e012-4cee-b4ae-e44743f4416c","kind":"bikerack","longitude":19.9020353,"latitude":50.0693643,"name":"Biciklitároló","city":"Krakow","address":null,"covered":true,"access":null,"website":null,"phone":null,"source":"OpenStreetMap/way/1096788953","sourceUpdatedAt":null,"verifiedAt":null}},{"type":"Feature","geometry":{"type":"Point","coordinates":[19.8927947,50.0884593]},"properties":{"id":"bikerack:d551a028-c616-4dae-802b-1b51a981cd0f","kind":"bikerack","longitude":19.8927947,"latitude":50.0884593,"name":"Biciklitároló","city":"Zielonki","address":null,"covered":false,"access":null,"website":null,"phone":null,"source":"OpenStreetMap/node/11930935931","sourceUpdatedAt":null,"verifiedAt":null}},{"type":"Feature","geometry":{"type":"Point","coordinates":[19.8917766,50.0731271]},"properties":{"id":"bikerack:d6874109-4116-4b77-8978-bd10bd5ac946","kind":"bikerack","longitude":19.8917766,"latitude":50.0731271,"name":"Biciklitároló","city":"Krakow","address":null,"covered":false,"access":null,"website":null,"phone":null,"source":"OpenStreetMap/node/11053256594","sourceUpdatedAt":null,"verifiedAt":null}},{"type":"Feature","geometry":{"type":"Point","coordinates":[19.8662121,50.0651405]},"properties":{"id":"bikerack:d76ec3e9-84c5-41fd-8df9-30b6524bcfaa","kind":"bikerack","longitude":19.8662121,"latitude":50.0651405,"name":"Biciklitároló","city":"Rzaska","address":null,"covered":false,"access":null,"website":null,"phone":null,"source":"OpenStreetMap/node/10734703187","sourceUpdatedAt":null,"verifiedAt":null}},{"type":"Feature","geometry":{"type":"Point","coordinates":[19.8866227,50.080061]},"properties":{"id":"bikerack:d7aaf73c-46aa-426e-8a09-a5ed2a0c5297","kind":"bikerack","longitude":19.8866227,"latitude":50.080061,"name":"Biciklitároló","city":"Rzaska","address":null,"covered":false,"access":null,"website":null,"phone":null,"source":"OpenStreetMap/node/9330327717","sourceUpdatedAt":null,"verifiedAt":null}},{"type":"Feature","geometry":{"type":"Point","coordinates":[19.9011697,50.0768498]},"properties":{"id":"bikerack:d7b00715-ce86-4f11-98f9-17aa5e439c4e","kind":"bikerack","longitude":19.9011697,"latitude":50.0768498,"name":"Biciklitároló","city":"Krakow","address":null,"covered":false,"access":null,"website":null,"phone":null,"source":"OpenStreetMap/node/12618467994","sourceUpdatedAt":null,"verifiedAt":null}},{"type":"Feature","geometry":{"type":"Point","coordinates":[19.8918092,50.0779357]},"properties":{"id":"bikerack:d805f0e7-38a1-4238-8e89-475277f94bfc","kind":"bikerack","longitude":19.8918092,"latitude":50.0779357,"name":"Biciklitároló","city":"Krakow","address":null,"covered":false,"access":null,"website":null,"phone":null,"source":"OpenStreetMap/node/2578163318","sourceUpdatedAt":null,"verifiedAt":null}},{"type":"Feature","geometry":{"type":"Point","coordinates":[19.8837933,50.0779519]},"properties":{"id":"bikerack:d824dafb-c0b9-4862-999a-89eb050d4bf9","kind":"bikerack","longitude":19.8837933,"latitude":50.0779519,"name":"Biciklitároló","city":"Rzaska","address":null,"covered":false,"access":null,"website":null,"phone":null,"source":"OpenStreetMap/node/3743353408","sourceUpdatedAt":null,"verifiedAt":null}},{"type":"Feature","geometry":{"type":"Point","coordinates":[19.9009913,50.0699566]},"properties":{"id":"bikerack:d8881e62-405b-48eb-9955-487bd2213e1e","kind":"bikerack","longitude":19.9009913,"latitude":50.0699566,"name":"Biciklitároló","city":"Krakow","address":null,"covered":false,"access":null,"website":null,"phone":null,"source":"OpenStreetMap/node/12609652178","sourceUpdatedAt":null,"verifiedAt":null}},{"type":"Feature","geometry":{"type":"Point","coordinates":[19.8839011,50.0797771]},"properties":{"id":"bikerack:d8c11934-8166-4429-8dcd-536be23f2bda","kind":"bikerack","longitude":19.8839011,"latitude":50.0797771,"name":"Biciklitároló","city":"Rzaska","address":null,"covered":false,"access":null,"website":null,"phone":null,"source":"OpenStreetMap/node/7660863819","sourceUpdatedAt":null,"verifiedAt":null}},{"type":"Feature","geometry":{"type":"Point","coordinates":[19.899878,50.0757312]},"properties":{"id":"bikerack:da21ed48-5333-4694-a316-a0a6a510af15","kind":"bikerack","longitude":19.899878,"latitude":50.0757312,"name":"Biciklitároló","city":"Krakow","address":null,"covered":false,"access":null,"website":null,"phone":null,"source":"OpenStreetMap/node/12682307913","sourceUpdatedAt":null,"verifiedAt":null}},{"type":"Feature","geometry":{"type":"Point","coordinates":[19.8928829,50.078534]},"properties":{"id":"bikerack:db653c01-3c09-4709-b144-02481034a238","kind":"bikerack","longitude":19.8928829,"latitude":50.078534,"name":"Biciklitároló","city":"Krakow","address":null,"covered":false,"access":null,"website":null,"phone":null,"source":"OpenStreetMap/node/1912139608","sourceUpdatedAt":null,"verifiedAt":null}},{"type":"Feature","geometry":{"type":"Point","coordinates":[19.9019836,50.0787363]},"properties":{"id":"bikerack:dc335db8-536e-4ae2-b0fa-d3471243e906","kind":"bikerack","longitude":19.9019836,"latitude":50.0787363,"name":"Biciklitároló","city":"Krakow","address":null,"covered":false,"access":null,"website":null,"phone":null,"source":"OpenStreetMap/node/10675892155","sourceUpdatedAt":null,"verifiedAt":null}},{"type":"Feature","geometry":{"type":"Point","coordinates":[19.902732,50.0692634]},"properties":{"id":"bikerack:dd4b3b86-94a4-4415-80f0-4434d3fe5e2f","kind":"bikerack","longitude":19.902732,"latitude":50.0692634,"name":"Biciklitároló","city":"Krakow","address":null,"covered":true,"access":null,"website":null,"phone":null,"source":"OpenStreetMap/node/12609672846","sourceUpdatedAt":null,"verifiedAt":null}},{"type":"Feature","geometry":{"type":"Point","coordinates":[19.9010085,50.0761411]},"properties":{"id":"bikerack:dd854d02-8123-49ca-b3bc-57c6665e6bf3","kind":"bikerack","longitude":19.9010085,"latitude":50.0761411,"name":"Biciklitároló","city":"Krakow","address":null,"covered":false,"access":null,"website":null,"phone":null,"source":"OpenStreetMap/node/8196167922","sourceUpdatedAt":null,"verifiedAt":null}},{"type":"Feature","geometry":{"type":"Point","coordinates":[19.905468,50.0843442]},"properties":{"id":"bikerack:de291a47-8b56-4f2b-adee-10ae6a2c7f41","kind":"bikerack","longitude":19.905468,"latitude":50.0843442,"name":"Biciklitároló","city":"Krakow","address":null,"covered":false,"access":null,"website":null,"phone":null,"source":"OpenStreetMap/node/12612762891","sourceUpdatedAt":null,"verifiedAt":null}},{"type":"Feature","geometry":{"type":"Point","coordinates":[19.8835453,50.078779]},"properties":{"id":"bikerack:de5268e0-c95c-4f98-989e-ce9f6654d3cd","kind":"bikerack","longitude":19.8835453,"latitude":50.078779,"name":"Biciklitároló","city":"Rzaska","address":null,"covered":false,"access":null,"website":null,"phone":null,"source":"OpenStreetMap/node/12520699519","sourceUpdatedAt":null,"verifiedAt":null}},{"type":"Feature","geometry":{"type":"Point","coordinates":[19.9003418,50.0836071]},"properties":{"id":"bikerack:e0a243c8-3e65-44f7-b25f-eb09369d2e6a","kind":"bikerack","longitude":19.9003418,"latitude":50.0836071,"name":"Biciklitároló","city":"Krakow","address":null,"covered":false,"access":null,"website":null,"phone":null,"source":"OpenStreetMap/node/10702142311","sourceUpdatedAt":null,"verifiedAt":null}},{"type":"Feature","geometry":{"type":"Point","coordinates":[19.892937,50.0805125]},"properties":{"id":"bikerack:e16c8271-6734-401d-ae3a-2a81adda0fc2","kind":"bikerack","longitude":19.892937,"latitude":50.0805125,"name":"Biciklitároló","city":"Krakow","address":null,"covered":false,"access":null,"website":null,"phone":null,"source":"OpenStreetMap/way/1418975802","sourceUpdatedAt":null,"verifiedAt":null}},{"type":"Feature","geometry":{"type":"Point","coordinates":[19.9014808,50.06822]},"properties":{"id":"bikerack:e26a4928-6086-4a7f-acce-f20cb087e33d","kind":"bikerack","longitude":19.9014808,"latitude":50.06822,"name":"Biciklitároló","city":"Krakow","address":null,"covered":true,"access":null,"website":null,"phone":null,"source":"OpenStreetMap/way/1096924237","sourceUpdatedAt":null,"verifiedAt":null}},{"type":"Feature","geometry":{"type":"Point","coordinates":[19.8924175,50.0731297]},"properties":{"id":"bikerack:e301a22d-0f19-4a2b-b329-424e8b0c46aa","kind":"bikerack","longitude":19.8924175,"latitude":50.0731297,"name":"Biciklitároló","city":"Krakow","address":null,"covered":false,"access":null,"website":null,"phone":null,"source":"OpenStreetMap/node/4840559845","sourceUpdatedAt":null,"verifiedAt":null}},{"type":"Feature","geometry":{"type":"Point","coordinates":[19.8976234,50.0751197]},"properties":{"id":"bikerack:e3814d83-d3fb-4464-98c1-c936b38c36e3","kind":"bikerack","longitude":19.8976234,"latitude":50.0751197,"name":"Biciklitároló","city":"Krakow","address":null,"covered":false,"access":null,"website":null,"phone":null,"source":"OpenStreetMap/node/12601734709","sourceUpdatedAt":null,"verifiedAt":null}},{"type":"Feature","geometry":{"type":"Point","coordinates":[19.8846899,50.0764728]},"properties":{"id":"bikerack:e6682b75-9081-4338-89be-6c7b9b77ef90","kind":"bikerack","longitude":19.8846899,"latitude":50.0764728,"name":"Biciklitároló","city":"Rzaska","address":null,"covered":false,"access":null,"website":null,"phone":null,"source":"OpenStreetMap/node/2537747107","sourceUpdatedAt":null,"verifiedAt":null}},{"type":"Feature","geometry":{"type":"Point","coordinates":[19.8796238,50.0782015]},"properties":{"id":"bikerack:e6f5ef2b-6ef4-4535-a03a-2d116198873e","kind":"bikerack","longitude":19.8796238,"latitude":50.0782015,"name":"Biciklitároló","city":"Rzaska","address":null,"covered":false,"access":null,"website":null,"phone":null,"source":"OpenStreetMap/node/11045905774","sourceUpdatedAt":null,"verifiedAt":null}},{"type":"Feature","geometry":{"type":"Point","coordinates":[19.9065605,50.0684334]},"properties":{"id":"bikerack:e86304de-cd09-489a-b350-283e0731585d","kind":"bikerack","longitude":19.9065605,"latitude":50.0684334,"name":"Biciklitároló","city":"Krakow","address":null,"covered":true,"access":null,"website":null,"phone":null,"source":"OpenStreetMap/way/1246831943","sourceUpdatedAt":null,"verifiedAt":null}},{"type":"Feature","geometry":{"type":"Point","coordinates":[19.8880386,50.0784594]},"properties":{"id":"bikerack:e96f57ad-6eb8-4725-bbfa-dc2030c6e188","kind":"bikerack","longitude":19.8880386,"latitude":50.0784594,"name":"Biciklitároló","city":"Rzaska","address":null,"covered":false,"access":null,"website":null,"phone":null,"source":"OpenStreetMap/node/3755909906","sourceUpdatedAt":null,"verifiedAt":null}},{"type":"Feature","geometry":{"type":"Point","coordinates":[19.9017054,50.077248]},"properties":{"id":"bikerack:e9c4ec78-99d6-456a-9c54-34feb9ecf631","kind":"bikerack","longitude":19.9017054,"latitude":50.077248,"name":"Biciklitároló","city":"Krakow","address":null,"covered":true,"access":null,"website":null,"phone":null,"source":"OpenStreetMap/node/6761499911","sourceUpdatedAt":null,"verifiedAt":null}},{"type":"Feature","geometry":{"type":"Point","coordinates":[19.8777515,50.0777131]},"properties":{"id":"bikerack:ea0b6444-0efb-45f3-98a6-94813634c6c6","kind":"bikerack","longitude":19.8777515,"latitude":50.0777131,"name":"Biciklitároló","city":"Rzaska","address":null,"covered":false,"access":null,"website":null,"phone":null,"source":"OpenStreetMap/node/8157258632","sourceUpdatedAt":null,"verifiedAt":null}},{"type":"Feature","geometry":{"type":"Point","coordinates":[19.9059886,50.0856558]},"properties":{"id":"bikerack:ea94d9d2-cd37-4940-9b66-b0bacd3d13ce","kind":"bikerack","longitude":19.9059886,"latitude":50.0856558,"name":"Biciklitároló","city":"Zielonki","address":null,"covered":true,"access":null,"website":null,"phone":null,"source":"OpenStreetMap/node/10676775305","sourceUpdatedAt":null,"verifiedAt":null}},{"type":"Feature","geometry":{"type":"Point","coordinates":[19.9048089,50.0861284]},"properties":{"id":"bikerack:ed7eaaeb-7c71-49f2-b51c-8a7ac430176d","kind":"bikerack","longitude":19.9048089,"latitude":50.0861284,"name":"Biciklitároló","city":"Zielonki","address":null,"covered":false,"access":null,"website":null,"phone":null,"source":"OpenStreetMap/node/10688263378","sourceUpdatedAt":null,"verifiedAt":null}},{"type":"Feature","geometry":{"type":"Point","coordinates":[19.8822302,50.08191]},"properties":{"id":"bikerack:edd794ac-5498-4f59-a08a-e3e128db578d","kind":"bikerack","longitude":19.8822302,"latitude":50.08191,"name":"Biciklitároló","city":"Rzaska","address":null,"covered":false,"access":null,"website":null,"phone":null,"source":"OpenStreetMap/node/2505619220","sourceUpdatedAt":null,"verifiedAt":null}},{"type":"Feature","geometry":{"type":"Point","coordinates":[19.8886566,50.0792494]},"properties":{"id":"bikerack:ee6150ce-8985-43a8-b250-9be2460dfb38","kind":"bikerack","longitude":19.8886566,"latitude":50.0792494,"name":"Biciklitároló","city":"Rzaska","address":null,"covered":false,"access":null,"website":null,"phone":null,"source":"OpenStreetMap/node/3743947733","sourceUpdatedAt":null,"verifiedAt":null}},{"type":"Feature","geometry":{"type":"Point","coordinates":[19.9011334,50.0725964]},"properties":{"id":"bikerack:ef129437-d8df-4bd0-84c2-7619a9efd331","kind":"bikerack","longitude":19.9011334,"latitude":50.0725964,"name":"Biciklitároló","city":"Krakow","address":null,"covered":false,"access":null,"website":null,"phone":null,"source":"OpenStreetMap/node/9029059783","sourceUpdatedAt":null,"verifiedAt":null}},{"type":"Feature","geometry":{"type":"Point","coordinates":[19.8924991,50.0773471]},"properties":{"id":"bikerack:ef1dc83b-4f5d-4ed8-bff8-2b41f3d139f2","kind":"bikerack","longitude":19.8924991,"latitude":50.0773471,"name":"Biciklitároló","city":"Krakow","address":null,"covered":false,"access":null,"website":null,"phone":null,"source":"OpenStreetMap/node/2578163312","sourceUpdatedAt":null,"verifiedAt":null}},{"type":"Feature","geometry":{"type":"Point","coordinates":[19.8883091,50.0845289]},"properties":{"id":"bikerack:ef6db769-a990-4b6d-ad57-b8a724db0d43","kind":"bikerack","longitude":19.8883091,"latitude":50.0845289,"name":"Biciklitároló","city":"Rzaska","address":null,"covered":false,"access":null,"website":null,"phone":null,"source":"OpenStreetMap/node/10829016491","sourceUpdatedAt":null,"verifiedAt":null}},{"type":"Feature","geometry":{"type":"Point","coordinates":[19.8885171,50.0845529]},"properties":{"id":"bikerack:ef8e5322-9892-4e08-b13c-af4dc515eacf","kind":"bikerack","longitude":19.8885171,"latitude":50.0845529,"name":"Biciklitároló","city":"Rzaska","address":null,"covered":false,"access":null,"website":null,"phone":null,"source":"OpenStreetMap/node/10829016490","sourceUpdatedAt":null,"verifiedAt":null}},{"type":"Feature","geometry":{"type":"Point","coordinates":[19.9029667,50.0847013]},"properties":{"id":"bikerack:efc60d26-a066-4bbb-86c6-1bd8e5f4d6a4","kind":"bikerack","longitude":19.9029667,"latitude":50.0847013,"name":"Biciklitároló","city":"Zielonki","address":null,"covered":false,"access":null,"website":null,"phone":null,"source":"OpenStreetMap/node/5784197356","sourceUpdatedAt":null,"verifiedAt":null}},{"type":"Feature","geometry":{"type":"Point","coordinates":[19.9028828,50.0843272]},"properties":{"id":"bikerack:f0718582-1019-4de1-83bc-02a064572209","kind":"bikerack","longitude":19.9028828,"latitude":50.0843272,"name":"Biciklitároló","city":"Krakow","address":null,"covered":false,"access":null,"website":null,"phone":null,"source":"OpenStreetMap/node/10681592779","sourceUpdatedAt":null,"verifiedAt":null}},{"type":"Feature","geometry":{"type":"Point","coordinates":[19.9064126,50.0700657]},"properties":{"id":"bikerack:f08ab700-0e72-418b-86a5-7749887f2dca","kind":"bikerack","longitude":19.9064126,"latitude":50.0700657,"name":"Biciklitároló","city":"Krakow","address":null,"covered":false,"access":null,"website":null,"phone":null,"source":"OpenStreetMap/node/2576898338","sourceUpdatedAt":null,"verifiedAt":null}},{"type":"Feature","geometry":{"type":"Point","coordinates":[19.8923463,50.0777638]},"properties":{"id":"bikerack:f11a4430-66e4-45d8-a366-924e1dad3e5e","kind":"bikerack","longitude":19.8923463,"latitude":50.0777638,"name":"Biciklitároló","city":"Krakow","address":null,"covered":false,"access":null,"website":null,"phone":null,"source":"OpenStreetMap/node/2578163315","sourceUpdatedAt":null,"verifiedAt":null}},{"type":"Feature","geometry":{"type":"Point","coordinates":[19.9038469,50.08423]},"properties":{"id":"bikerack:f12b4520-0d72-4a59-9084-293121ef022b","kind":"bikerack","longitude":19.9038469,"latitude":50.08423,"name":"Biciklitároló","city":"Krakow","address":null,"covered":false,"access":null,"website":null,"phone":null,"source":"OpenStreetMap/node/10688381606","sourceUpdatedAt":null,"verifiedAt":null}},{"type":"Feature","geometry":{"type":"Point","coordinates":[19.8824199,50.0800509]},"properties":{"id":"bikerack:f1b59181-6898-4fbd-b0fc-3fe5d5b215fb","kind":"bikerack","longitude":19.8824199,"latitude":50.0800509,"name":"Biciklitároló","city":"Rzaska","address":null,"covered":false,"access":null,"website":null,"phone":null,"source":"OpenStreetMap/node/7660983826","sourceUpdatedAt":null,"verifiedAt":null}},{"type":"Feature","geometry":{"type":"Point","coordinates":[19.9026727,50.0692639]},"properties":{"id":"bikerack:f28838a9-eb45-4b3b-b4bf-3852c9139cf9","kind":"bikerack","longitude":19.9026727,"latitude":50.0692639,"name":"Biciklitároló","city":"Krakow","address":null,"covered":true,"access":null,"website":null,"phone":null,"source":"OpenStreetMap/way/1096788954","sourceUpdatedAt":null,"verifiedAt":null}},{"type":"Feature","geometry":{"type":"Point","coordinates":[19.888554,50.0788527]},"properties":{"id":"bikerack:f3ce7adb-0580-4050-acf3-21d9994119c3","kind":"bikerack","longitude":19.888554,"latitude":50.0788527,"name":"Biciklitároló","city":"Rzaska","address":null,"covered":false,"access":null,"website":null,"phone":null,"source":"OpenStreetMap/node/4911534749","sourceUpdatedAt":null,"verifiedAt":null}},{"type":"Feature","geometry":{"type":"Point","coordinates":[19.8961205,50.0794188]},"properties":{"id":"bikerack:f4a45b66-9e57-4f5c-91cf-2884eb30fa52","kind":"bikerack","longitude":19.8961205,"latitude":50.0794188,"name":"Biciklitároló","city":"Krakow","address":null,"covered":false,"access":null,"website":null,"phone":null,"source":"OpenStreetMap/node/6749825527","sourceUpdatedAt":null,"verifiedAt":null}},{"type":"Feature","geometry":{"type":"Point","coordinates":[19.9008905,50.0759422]},"properties":{"id":"bikerack:f529e722-7edd-42a6-a598-6c3331edc2ea","kind":"bikerack","longitude":19.9008905,"latitude":50.0759422,"name":"Biciklitároló","city":"Krakow","address":null,"covered":false,"access":null,"website":null,"phone":null,"source":"OpenStreetMap/node/8196167931","sourceUpdatedAt":null,"verifiedAt":null}},{"type":"Feature","geometry":{"type":"Point","coordinates":[19.9001584,50.0916924]},"properties":{"id":"bikerack:f556a144-2b25-450e-b14a-8c41eeab45ef","kind":"bikerack","longitude":19.9001584,"latitude":50.0916924,"name":"Biciklitároló","city":"Zielonki","address":null,"covered":true,"access":null,"website":null,"phone":null,"source":"OpenStreetMap/node/4295917662","sourceUpdatedAt":null,"verifiedAt":null}},{"type":"Feature","geometry":{"type":"Point","coordinates":[19.9027546,50.0846517]},"properties":{"id":"bikerack:f6fe6e25-1200-4e53-a817-678156fd49f0","kind":"bikerack","longitude":19.9027546,"latitude":50.0846517,"name":"Biciklitároló","city":"Zielonki","address":null,"covered":false,"access":null,"website":null,"phone":null,"source":"OpenStreetMap/node/5784197355","sourceUpdatedAt":null,"verifiedAt":null}},{"type":"Feature","geometry":{"type":"Point","coordinates":[19.9011058,50.0773557]},"properties":{"id":"bikerack:f773a3d9-a7cb-42f7-8295-5946afbb1c2e","kind":"bikerack","longitude":19.9011058,"latitude":50.0773557,"name":"Biciklitároló","city":"Krakow","address":null,"covered":false,"access":null,"website":null,"phone":null,"source":"OpenStreetMap/node/7814771958","sourceUpdatedAt":null,"verifiedAt":null}},{"type":"Feature","geometry":{"type":"Point","coordinates":[19.8954189,50.0720476]},"properties":{"id":"bikerack:f806e9b5-fcd5-4939-ab36-5c04343383c2","kind":"bikerack","longitude":19.8954189,"latitude":50.0720476,"name":"Biciklitároló","city":"Krakow","address":null,"covered":false,"access":null,"website":null,"phone":null,"source":"OpenStreetMap/node/4526287532","sourceUpdatedAt":null,"verifiedAt":null}},{"type":"Feature","geometry":{"type":"Point","coordinates":[19.8926825,50.0913419]},"properties":{"id":"bikerack:f80f132f-0163-4cc0-a439-4f9c59874615","kind":"bikerack","longitude":19.8926825,"latitude":50.0913419,"name":"Biciklitároló","city":"Zielonki","address":null,"covered":false,"access":null,"website":null,"phone":null,"source":"OpenStreetMap/node/13652492283","sourceUpdatedAt":null,"verifiedAt":null}},{"type":"Feature","geometry":{"type":"Point","coordinates":[19.8875869,50.0790588]},"properties":{"id":"bikerack:f8276cce-f5b3-4bba-a4aa-65c440066e9e","kind":"bikerack","longitude":19.8875869,"latitude":50.0790588,"name":"Biciklitároló","city":"Rzaska","address":null,"covered":false,"access":null,"website":null,"phone":null,"source":"OpenStreetMap/node/12772708972","sourceUpdatedAt":null,"verifiedAt":null}},{"type":"Feature","geometry":{"type":"Point","coordinates":[19.9043392,50.0782608]},"properties":{"id":"bikerack:f848ef98-ebcc-4c66-a009-6e8f73497120","kind":"bikerack","longitude":19.9043392,"latitude":50.0782608,"name":"Biciklitároló","city":"Krakow","address":null,"covered":true,"access":null,"website":null,"phone":null,"source":"OpenStreetMap/node/13142841214","sourceUpdatedAt":null,"verifiedAt":null}},{"type":"Feature","geometry":{"type":"Point","coordinates":[19.8846226,50.0742391]},"properties":{"id":"bikerack:f8b56e20-d654-4a3e-9206-fc603627ca35","kind":"bikerack","longitude":19.8846226,"latitude":50.0742391,"name":"Biciklitároló","city":"Rzaska","address":null,"covered":false,"access":null,"website":null,"phone":null,"source":"OpenStreetMap/node/12529467565","sourceUpdatedAt":null,"verifiedAt":null}},{"type":"Feature","geometry":{"type":"Point","coordinates":[19.9055487,50.0693593]},"properties":{"id":"bikerack:f93bf3d7-74e8-4503-98ee-59543dc3d70c","kind":"bikerack","longitude":19.9055487,"latitude":50.0693593,"name":"Biciklitároló","city":"Krakow","address":null,"covered":true,"access":null,"website":null,"phone":null,"source":"OpenStreetMap/way/1065946106","sourceUpdatedAt":null,"verifiedAt":null}},{"type":"Feature","geometry":{"type":"Point","coordinates":[19.8846596,50.084543]},"properties":{"id":"bikerack:f95a7191-2639-4c6a-b587-a7be5233f513","kind":"bikerack","longitude":19.8846596,"latitude":50.084543,"name":"Biciklitároló","city":"Rzaska","address":null,"covered":false,"access":null,"website":null,"phone":null,"source":"OpenStreetMap/node/6684875437","sourceUpdatedAt":null,"verifiedAt":null}},{"type":"Feature","geometry":{"type":"Point","coordinates":[19.8924483,50.0729859]},"properties":{"id":"bikerack:f9b7e70c-6dc0-4044-a4bf-220abfc4b1a9","kind":"bikerack","longitude":19.8924483,"latitude":50.0729859,"name":"Biciklitároló","city":"Krakow","address":null,"covered":false,"access":null,"website":null,"phone":null,"source":"OpenStreetMap/node/2726849507","sourceUpdatedAt":null,"verifiedAt":null}},{"type":"Feature","geometry":{"type":"Point","coordinates":[19.8888489,50.081401]},"properties":{"id":"bikerack:fa86bbb1-f699-4d06-9cc0-ea486d98c048","kind":"bikerack","longitude":19.8888489,"latitude":50.081401,"name":"Biciklitároló","city":"Rzaska","address":null,"covered":false,"access":null,"website":null,"phone":null,"source":"OpenStreetMap/node/12536941824","sourceUpdatedAt":null,"verifiedAt":null}},{"type":"Feature","geometry":{"type":"Point","coordinates":[19.8664654,50.0653375]},"properties":{"id":"bikerack:faea8a85-089b-4742-bce5-efa869adb8f6","kind":"bikerack","longitude":19.8664654,"latitude":50.0653375,"name":"Biciklitároló","city":"Rzaska","address":null,"covered":false,"access":null,"website":null,"phone":null,"source":"OpenStreetMap/node/2984110945","sourceUpdatedAt":null,"verifiedAt":null}},{"type":"Feature","geometry":{"type":"Point","coordinates":[19.8843135,50.0818283]},"properties":{"id":"bikerack:faec4559-39cb-443b-a2db-e7d7cca0cfd9","kind":"bikerack","longitude":19.8843135,"latitude":50.0818283,"name":"Biciklitároló","city":"Rzaska","address":null,"covered":false,"access":null,"website":null,"phone":null,"source":"OpenStreetMap/node/3731601984","sourceUpdatedAt":null,"verifiedAt":null}},{"type":"Feature","geometry":{"type":"Point","coordinates":[19.8881545,50.0789463]},"properties":{"id":"bikerack:fb3b1b7f-4a67-49f9-bb3e-485018ffbe55","kind":"bikerack","longitude":19.8881545,"latitude":50.0789463,"name":"Biciklitároló","city":"Rzaska","address":null,"covered":false,"access":null,"website":null,"phone":null,"source":"OpenStreetMap/node/4298816243","sourceUpdatedAt":null,"verifiedAt":null}},{"type":"Feature","geometry":{"type":"Point","coordinates":[19.9058047,50.0841071]},"properties":{"id":"bikerack:fc71ce7b-fb3f-4e98-8074-f0f30bb2b95e","kind":"bikerack","longitude":19.9058047,"latitude":50.0841071,"name":"Biciklitároló","city":"Krakow","address":null,"covered":false,"access":null,"website":null,"phone":null,"source":"OpenStreetMap/node/12612774369","sourceUpdatedAt":null,"verifiedAt":null}},{"type":"Feature","geometry":{"type":"Point","coordinates":[19.9053998,50.0841791]},"properties":{"id":"bikerack:fcc5d82b-4fa4-4dd9-a125-85446027c26b","kind":"bikerack","longitude":19.9053998,"latitude":50.0841791,"name":"Biciklitároló","city":"Krakow","address":null,"covered":false,"access":null,"website":null,"phone":null,"source":"OpenStreetMap/node/12612762893","sourceUpdatedAt":null,"verifiedAt":null}},{"type":"Feature","geometry":{"type":"Point","coordinates":[19.904375,50.0783508]},"properties":{"id":"bikerack:fce0e2c3-31bc-4fa7-b30c-f98ce4aecf7e","kind":"bikerack","longitude":19.904375,"latitude":50.0783508,"name":"Biciklitároló","city":"Krakow","address":null,"covered":true,"access":null,"website":null,"phone":null,"source":"OpenStreetMap/node/13142841213","sourceUpdatedAt":null,"verifiedAt":null}},{"type":"Feature","geometry":{"type":"Point","coordinates":[19.907136,50.0658425]},"properties":{"id":"bikerack:fcfe8ab6-5e66-496b-9614-5fa8d6e63c10","kind":"bikerack","longitude":19.907136,"latitude":50.0658425,"name":"Biciklitároló","city":"Krakow","address":null,"covered":false,"access":null,"website":null,"phone":null,"source":"OpenStreetMap/node/9332216433","sourceUpdatedAt":null,"verifiedAt":null}},{"type":"Feature","geometry":{"type":"Point","coordinates":[19.888198,50.0793451]},"properties":{"id":"bikerack:fdb28b03-2cce-4f2f-a03a-8797bc7b9ab4","kind":"bikerack","longitude":19.888198,"latitude":50.0793451,"name":"Biciklitároló","city":"Rzaska","address":null,"covered":false,"access":null,"website":null,"phone":null,"source":"OpenStreetMap/node/4973725721","sourceUpdatedAt":null,"verifiedAt":null}},{"type":"Feature","geometry":{"type":"Point","coordinates":[19.9043998,50.0760121]},"properties":{"id":"bikerack:fe0aded7-cf45-4ca8-93c5-601688d23d4c","kind":"bikerack","longitude":19.9043998,"latitude":50.0760121,"name":"Biciklitároló","city":"Krakow","address":null,"covered":false,"access":null,"website":null,"phone":null,"source":"OpenStreetMap/node/12618406272","sourceUpdatedAt":null,"verifiedAt":null}},{"type":"Feature","geometry":{"type":"Point","coordinates":[19.9003063,50.092089]},"properties":{"id":"bikerack:ff08c8fd-1e09-4ad3-ba5f-4f9b98a892c3","kind":"bikerack","longitude":19.9003063,"latitude":50.092089,"name":"Biciklitároló","city":"Zielonki","address":null,"covered":false,"access":null,"website":null,"phone":null,"source":"OpenStreetMap/node/4459314510","sourceUpdatedAt":null,"verifiedAt":null}},{"type":"Feature","geometry":{"type":"Point","coordinates":[19.9027434,50.0792628]},"properties":{"id":"bikerack:ffba0da4-272b-4887-a441-08bd4a1ac949","kind":"bikerack","longitude":19.9027434,"latitude":50.0792628,"name":"Biciklitároló","city":"Krakow","address":null,"covered":false,"access":null,"website":null,"phone":null,"source":"OpenStreetMap/node/6091905968","sourceUpdatedAt":null,"verifiedAt":null}},{"type":"Feature","geometry":{"type":"Point","coordinates":[19.9043593,50.0782576]},"properties":{"id":"bikerack:ffdc742a-509a-4f28-9b76-462ec8d92c04","kind":"bikerack","longitude":19.9043593,"latitude":50.0782576,"name":"Biciklitároló","city":"Krakow","address":null,"covered":true,"access":null,"website":null,"phone":null,"source":"OpenStreetMap/node/13142841212","sourceUpdatedAt":null,"verifiedAt":null}},{"type":"Feature","geometry":{"type":"Point","coordinates":[19.8910446,50.0868386]},"properties":{"id":"repair:0bb11481-a011-4416-8176-db175d3dadf9","kind":"repair","longitude":19.8910446,"latitude":50.0868386,"name":"Kerékpár szervizállomás","city":"Zielonki","address":null,"covered":false,"access":null,"website":null,"phone":null,"source":"OpenStreetMap/node/12026754447","sourceUpdatedAt":null,"verifiedAt":null}},{"type":"Feature","geometry":{"type":"Point","coordinates":[19.8984001,50.0889243]},"properties":{"id":"repair:21fb41cf-8021-4926-8970-0afaba82c7b5","kind":"repair","longitude":19.8984001,"latitude":50.0889243,"name":"Kerékpár szervizállomás","city":"Zielonki","address":null,"covered":false,"access":null,"website":null,"phone":null,"source":"OpenStreetMap/node/13119906049","sourceUpdatedAt":null,"verifiedAt":null}},{"type":"Feature","geometry":{"type":"Point","coordinates":[19.900741,50.0918775]},"properties":{"id":"repair:51989e92-89b7-46a1-a4cc-1c35c7a1a03e","kind":"repair","longitude":19.900741,"latitude":50.0918775,"name":"Kerékpár szervizállomás","city":"Zielonki","address":null,"covered":false,"access":null,"website":null,"phone":null,"source":"OpenStreetMap/node/9135761251","sourceUpdatedAt":null,"verifiedAt":null}},{"type":"Feature","geometry":{"type":"Point","coordinates":[19.8963921,50.072333]},"properties":{"id":"repair:559282b0-2bae-4c4f-a7cd-d76301bdf178","kind":"repair","longitude":19.8963921,"latitude":50.072333,"name":"Kerékpár szervizállomás","city":"Krakow","address":null,"covered":false,"access":null,"website":null,"phone":null,"source":"OpenStreetMap/node/11053256595","sourceUpdatedAt":null,"verifiedAt":null}},{"type":"Feature","geometry":{"type":"Point","coordinates":[19.9003626,50.0921685]},"properties":{"id":"repair:88b53297-abb9-408d-a1a7-17059a3bde34","kind":"repair","longitude":19.9003626,"latitude":50.0921685,"name":"Kerékpár szervizállomás","city":"Zielonki","address":null,"covered":false,"access":null,"website":null,"phone":null,"source":"OpenStreetMap/node/5020726859","sourceUpdatedAt":null,"verifiedAt":null}},{"type":"Feature","geometry":{"type":"Point","coordinates":[19.8885077,50.0765313]},"properties":{"id":"repair:9071c319-64df-416f-b5e8-9c7459016e7f","kind":"repair","longitude":19.8885077,"latitude":50.0765313,"name":"Kerékpár szervizállomás","city":"Rzaska","address":null,"covered":false,"access":null,"website":null,"phone":null,"source":"OpenStreetMap/node/12026754448","sourceUpdatedAt":null,"verifiedAt":null}},{"type":"Feature","geometry":{"type":"Point","coordinates":[19.9054391,50.0685166]},"properties":{"id":"repair:a212f222-84ac-49b3-916b-cb2691c96d20","kind":"repair","longitude":19.9054391,"latitude":50.0685166,"name":"Kerékpár szervizállomás","city":"Krakow","address":null,"covered":false,"access":null,"website":null,"phone":null,"source":"OpenStreetMap/node/12241259571","sourceUpdatedAt":null,"verifiedAt":null}},{"type":"Feature","geometry":{"type":"Point","coordinates":[19.9041556,50.0688085]},"properties":{"id":"repair:a23931f2-192d-4921-bb36-de492d419531","kind":"repair","longitude":19.9041556,"latitude":50.0688085,"name":"Kerékpár szervizállomás","city":"Krakow","address":null,"covered":false,"access":null,"website":null,"phone":null,"source":"OpenStreetMap/node/12864289233","sourceUpdatedAt":null,"verifiedAt":null}},{"type":"Feature","geometry":{"type":"Point","coordinates":[19.9048132,50.0691759]},"properties":{"id":"repair:e0f24e66-3aea-4f8d-9ccc-d61f072073e5","kind":"repair","longitude":19.9048132,"latitude":50.0691759,"name":"Kerékpár szervizállomás","city":"Krakow","address":null,"covered":false,"access":null,"website":null,"phone":null,"source":"OpenStreetMap/node/12081638239","sourceUpdatedAt":null,"verifiedAt":null}},{"type":"Feature","geometry":{"type":"Point","coordinates":[19.9071878,50.0678816]},"properties":{"id":"repair:e4486d17-2f97-466d-9296-aa0fed55598f","kind":"repair","longitude":19.9071878,"latitude":50.0678816,"name":"Kerékpár szervizállomás","city":"Krakow","address":null,"covered":false,"access":null,"website":null,"phone":null,"source":"OpenStreetMap/node/9570332086","sourceUpdatedAt":null,"verifiedAt":null}},{"type":"Feature","geometry":{"type":"Point","coordinates":[19.9007797,50.0883744]},"properties":{"id":"service:287e6f05-f852-438e-b193-420cdeeeda20","kind":"service","longitude":19.9007797,"latitude":50.0883744,"name":"Trek","city":"Zielonki","address":null,"covered":null,"access":null,"website":null,"phone":null,"source":"OpenStreetMap/node/2223470811","sourceUpdatedAt":null,"verifiedAt":null}},{"type":"Feature","geometry":{"type":"Point","coordinates":[19.9017221,50.0776067]},"properties":{"id":"service:581030d6-2bc1-4520-90a6-8f88acc5c8e9","kind":"service","longitude":19.9017221,"latitude":50.0776067,"name":"Szprycha","city":"Krakow","address":null,"covered":null,"access":null,"website":null,"phone":null,"source":"OpenStreetMap/node/8489738386","sourceUpdatedAt":null,"verifiedAt":null}},{"type":"Feature","geometry":{"type":"Point","coordinates":[19.8770691,50.081756]},"properties":{"id":"service:8e8c72f7-cfad-4356-b426-14afde649da9","kind":"service","longitude":19.8770691,"latitude":50.081756,"name":"Revor","city":"Rzaska","address":null,"covered":null,"access":null,"website":null,"phone":null,"source":"OpenStreetMap/node/1782017110","sourceUpdatedAt":null,"verifiedAt":null}},{"type":"Feature","geometry":{"type":"Point","coordinates":[19.8985182,50.0787909]},"properties":{"id":"service:b3a09c96-f5c5-4a7f-bde6-f4fd025ce56a","kind":"service","longitude":19.8985182,"latitude":50.0787909,"name":"The Bike","city":"Krakow","address":null,"covered":null,"access":null,"website":null,"phone":null,"source":"OpenStreetMap/node/4906685163","sourceUpdatedAt":null,"verifiedAt":null}},{"type":"Feature","geometry":{"type":"Point","coordinates":[19.875346,50.0817348]},"properties":{"id":"service:f52707ec-aa0b-4051-b8ba-f3694b991919","kind":"service","longitude":19.875346,"latitude":50.0817348,"name":"Backflip Snowboards","city":"Rzaska","address":null,"covered":null,"access":null,"website":null,"phone":null,"source":"OpenStreetMap/node/3822996507","sourceUpdatedAt":null,"verifiedAt":null}},{"type":"Feature","geometry":{"type":"Point","coordinates":[19.8703842,50.0777497]},"properties":{"id":"water:14ac6f75-ef05-4403-b540-cf10e3d31b2c","kind":"water","longitude":19.8703842,"latitude":50.0777497,"name":"Ivókút","city":"Rzaska","address":null,"covered":null,"access":null,"website":null,"phone":null,"source":"OpenStreetMap/node/275916353","sourceUpdatedAt":null,"verifiedAt":null}},{"type":"Feature","geometry":{"type":"Point","coordinates":[19.9068587,50.0756109]},"properties":{"id":"water:3c67ff8b-8ea6-4f46-9bbd-d57eeaba7105","kind":"water","longitude":19.9068587,"latitude":50.0756109,"name":"Źródło imienia Jerzego Setmajera","city":"Krakow","address":null,"covered":null,"access":null,"website":null,"phone":null,"source":"OpenStreetMap/node/1782223379","sourceUpdatedAt":null,"verifiedAt":null}},{"type":"Feature","geometry":{"type":"Point","coordinates":[19.8983635,50.074078]},"properties":{"id":"water:4d06215f-f93e-4fac-a04e-993d22b4e668","kind":"water","longitude":19.8983635,"latitude":50.074078,"name":"Ivókút","city":"Krakow","address":null,"covered":null,"access":null,"website":null,"phone":null,"source":"OpenStreetMap/node/12168687147","sourceUpdatedAt":null,"verifiedAt":null}}]}