{"type":"FeatureCollection","features":[{"type":"Feature","geometry":{"type":"Point","coordinates":[11.5866716,48.1699872]},"properties":{"id":"bikerack:00678b68-8023-46dd-a132-1fd5bc5116e1","kind":"bikerack","longitude":11.5866716,"latitude":48.1699872,"name":"Fahrradabstellplatz","city":"Bogenhausen","address":null,"covered":false,"access":null,"website":null,"phone":null,"source":"OpenStreetMap/node/6872897638","sourceUpdatedAt":null,"verifiedAt":null}},{"type":"Feature","geometry":{"type":"Point","coordinates":[11.5890459,48.1761921]},"properties":{"id":"bikerack:018f3e76-6a34-4824-9488-7cd2925c4141","kind":"bikerack","longitude":11.5890459,"latitude":48.1761921,"name":"Fahrradabstellplatz","city":"Bogenhausen","address":null,"covered":true,"access":null,"website":null,"phone":null,"source":"OpenStreetMap/node/13125367308","sourceUpdatedAt":null,"verifiedAt":null}},{"type":"Feature","geometry":{"type":"Point","coordinates":[11.5960371,48.1723214]},"properties":{"id":"bikerack:018fff66-ef9c-4325-9c65-02a2e273f997","kind":"bikerack","longitude":11.5960371,"latitude":48.1723214,"name":"Fahrradabstellplatz","city":"Bogenhausen","address":null,"covered":false,"access":null,"website":null,"phone":null,"source":"OpenStreetMap/node/10824172786","sourceUpdatedAt":null,"verifiedAt":null}},{"type":"Feature","geometry":{"type":"Point","coordinates":[11.5724394,48.1873222]},"properties":{"id":"bikerack:035a0004-781a-4ade-aaf9-bb756adafa09","kind":"bikerack","longitude":11.5724394,"latitude":48.1873222,"name":"Fahrradabstellplatz","city":"Munich","address":null,"covered":false,"access":null,"website":null,"phone":null,"source":"OpenStreetMap/way/1453119865","sourceUpdatedAt":null,"verifiedAt":null}},{"type":"Feature","geometry":{"type":"Point","coordinates":[11.5886688,48.1871022]},"properties":{"id":"bikerack:0468389a-a5f5-4c39-8f37-df9566eeba34","kind":"bikerack","longitude":11.5886688,"latitude":48.1871022,"name":"Fahrradabstellplatz","city":"Bogenhausen","address":null,"covered":false,"access":null,"website":null,"phone":null,"source":"OpenStreetMap/way/1105833277","sourceUpdatedAt":null,"verifiedAt":null}},{"type":"Feature","geometry":{"type":"Point","coordinates":[11.5865383,48.1884307]},"properties":{"id":"bikerack:0630a138-5562-4502-a35b-dac68ea98db2","kind":"bikerack","longitude":11.5865383,"latitude":48.1884307,"name":"Fahrradabstellplatz","city":"Bogenhausen","address":null,"covered":false,"access":null,"website":null,"phone":null,"source":"OpenStreetMap/node/3223044937","sourceUpdatedAt":null,"verifiedAt":null}},{"type":"Feature","geometry":{"type":"Point","coordinates":[11.5743398,48.1706018]},"properties":{"id":"bikerack:083d04f4-563f-48c7-8fb4-9aaac5a9c9a5","kind":"bikerack","longitude":11.5743398,"latitude":48.1706018,"name":"Fahrradabstellplatz","city":"Munich","address":null,"covered":false,"access":null,"website":null,"phone":null,"source":"OpenStreetMap/node/7398720984","sourceUpdatedAt":null,"verifiedAt":null}},{"type":"Feature","geometry":{"type":"Point","coordinates":[11.5739256,48.173487]},"properties":{"id":"bikerack:0850108c-d0b0-4da4-a7ee-e2da1344896a","kind":"bikerack","longitude":11.5739256,"latitude":48.173487,"name":"Fahrradabstellplatz","city":"Munich","address":null,"covered":false,"access":null,"website":null,"phone":null,"source":"OpenStreetMap/node/7902509242","sourceUpdatedAt":null,"verifiedAt":null}},{"type":"Feature","geometry":{"type":"Point","coordinates":[11.5699047,48.1876066]},"properties":{"id":"bikerack:09375fac-04c5-4223-a97d-8d1bd4659fdb","kind":"bikerack","longitude":11.5699047,"latitude":48.1876066,"name":"Fahrradabstellplatz","city":"Munich","address":null,"covered":false,"access":null,"website":null,"phone":null,"source":"OpenStreetMap/node/13353839337","sourceUpdatedAt":null,"verifiedAt":null}},{"type":"Feature","geometry":{"type":"Point","coordinates":[11.5880655,48.1711217]},"properties":{"id":"bikerack:0a0bacdc-9e13-4992-a3d8-4c90dbc143d5","kind":"bikerack","longitude":11.5880655,"latitude":48.1711217,"name":"Fahrradabstellplatz","city":"Bogenhausen","address":null,"covered":false,"access":null,"website":null,"phone":null,"source":"OpenStreetMap/node/4924926060","sourceUpdatedAt":null,"verifiedAt":null}},{"type":"Feature","geometry":{"type":"Point","coordinates":[11.586334,48.1861673]},"properties":{"id":"bikerack:0a12a3c2-fec5-4930-8bd5-c09085fbeab5","kind":"bikerack","longitude":11.586334,"latitude":48.1861673,"name":"Fahrradabstellplatz","city":"Bogenhausen","address":null,"covered":false,"access":null,"website":null,"phone":null,"source":"OpenStreetMap/node/8755705787","sourceUpdatedAt":null,"verifiedAt":null}},{"type":"Feature","geometry":{"type":"Point","coordinates":[11.5768569,48.1780367]},"properties":{"id":"bikerack:0a508cdc-07b5-4d68-a211-fa2277c837e4","kind":"bikerack","longitude":11.5768569,"latitude":48.1780367,"name":"Fahrradabstellplatz","city":"Munich","address":null,"covered":false,"access":null,"website":null,"phone":null,"source":"OpenStreetMap/node/13156947390","sourceUpdatedAt":null,"verifiedAt":null}},{"type":"Feature","geometry":{"type":"Point","coordinates":[11.5780169,48.1730083]},"properties":{"id":"bikerack:0a7990e0-3931-4544-aa99-9cde7cc7a10b","kind":"bikerack","longitude":11.5780169,"latitude":48.1730083,"name":"Fahrradabstellplatz","city":"Munich","address":null,"covered":false,"access":null,"website":null,"phone":null,"source":"OpenStreetMap/node/8882573628","sourceUpdatedAt":null,"verifiedAt":null}},{"type":"Feature","geometry":{"type":"Point","coordinates":[11.5672461,48.1741175]},"properties":{"id":"bikerack:0adda23b-4f8e-49a3-b2d7-7d328f752db5","kind":"bikerack","longitude":11.5672461,"latitude":48.1741175,"name":"Fahrradabstellplatz","city":"Munich","address":null,"covered":false,"access":null,"website":null,"phone":null,"source":"OpenStreetMap/node/10753844138","sourceUpdatedAt":null,"verifiedAt":null}},{"type":"Feature","geometry":{"type":"Point","coordinates":[11.5883451,48.1873228]},"properties":{"id":"bikerack:0d7b90db-54c0-420e-9e55-29a02d0a8af0","kind":"bikerack","longitude":11.5883451,"latitude":48.1873228,"name":"Fahrradabstellplatz","city":"Bogenhausen","address":null,"covered":false,"access":null,"website":null,"phone":null,"source":"OpenStreetMap/way/1105833281","sourceUpdatedAt":null,"verifiedAt":null}},{"type":"Feature","geometry":{"type":"Point","coordinates":[11.5873406,48.192385]},"properties":{"id":"bikerack:0e6cab8e-a641-4c3c-9b4f-823cc1150f3b","kind":"bikerack","longitude":11.5873406,"latitude":48.192385,"name":"Fahrradabstellplatz","city":"Bogenhausen","address":null,"covered":false,"access":null,"website":null,"phone":null,"source":"OpenStreetMap/node/11748280866","sourceUpdatedAt":null,"verifiedAt":null}},{"type":"Feature","geometry":{"type":"Point","coordinates":[11.5698956,48.1663939]},"properties":{"id":"bikerack:0f1bcaad-feb5-44ab-8cb0-d7ead5cb6927","kind":"bikerack","longitude":11.5698956,"latitude":48.1663939,"name":"Fahrradabstellplatz","city":"Munich","address":null,"covered":false,"access":null,"website":null,"phone":null,"source":"OpenStreetMap/node/12078802743","sourceUpdatedAt":null,"verifiedAt":null}},{"type":"Feature","geometry":{"type":"Point","coordinates":[11.5651736,48.1809102]},"properties":{"id":"bikerack:0f316822-bc5f-48cb-b5cd-24f61b865314","kind":"bikerack","longitude":11.5651736,"latitude":48.1809102,"name":"Fahrradabstellplatz","city":"Munich","address":null,"covered":false,"access":null,"website":null,"phone":null,"source":"OpenStreetMap/node/9913357402","sourceUpdatedAt":null,"verifiedAt":null}},{"type":"Feature","geometry":{"type":"Point","coordinates":[11.5883683,48.1704299]},"properties":{"id":"bikerack:0f6120fc-43e1-426d-93a3-8e8b9616e167","kind":"bikerack","longitude":11.5883683,"latitude":48.1704299,"name":"Fahrradabstellplatz","city":"Bogenhausen","address":null,"covered":false,"access":null,"website":null,"phone":null,"source":"OpenStreetMap/node/4924928421","sourceUpdatedAt":null,"verifiedAt":null}},{"type":"Feature","geometry":{"type":"Point","coordinates":[11.5691059,48.1794638]},"properties":{"id":"bikerack:13b18b72-ba25-4e50-8014-ef66c4818cc1","kind":"bikerack","longitude":11.5691059,"latitude":48.1794638,"name":"Fahrradabstellplatz","city":"Munich","address":null,"covered":false,"access":null,"website":null,"phone":null,"source":"OpenStreetMap/node/11987941357","sourceUpdatedAt":null,"verifiedAt":null}},{"type":"Feature","geometry":{"type":"Point","coordinates":[11.573086,48.1857801]},"properties":{"id":"bikerack:13e15cae-e01e-4e5a-95ee-5b2f21284b0e","kind":"bikerack","longitude":11.573086,"latitude":48.1857801,"name":"Fahrradabstellplatz","city":"Munich","address":null,"covered":false,"access":null,"website":null,"phone":null,"source":"OpenStreetMap/node/11920530268","sourceUpdatedAt":null,"verifiedAt":null}},{"type":"Feature","geometry":{"type":"Point","coordinates":[11.573807,48.1667016]},"properties":{"id":"bikerack:15098282-42ff-46c5-ac25-2f0d09801d25","kind":"bikerack","longitude":11.573807,"latitude":48.1667016,"name":"Fahrradabstellplatz","city":"Munich","address":null,"covered":false,"access":null,"website":null,"phone":null,"source":"OpenStreetMap/node/13176560442","sourceUpdatedAt":null,"verifiedAt":null}},{"type":"Feature","geometry":{"type":"Point","coordinates":[11.5737387,48.1742767]},"properties":{"id":"bikerack:1537b373-c682-444e-bb52-c5a8d1e1ead0","kind":"bikerack","longitude":11.5737387,"latitude":48.1742767,"name":"Fahrradabstellplatz","city":"Munich","address":null,"covered":false,"access":null,"website":null,"phone":null,"source":"OpenStreetMap/node/7902505866","sourceUpdatedAt":null,"verifiedAt":null}},{"type":"Feature","geometry":{"type":"Point","coordinates":[11.5780433,48.170356]},"properties":{"id":"bikerack:162754e7-4882-48e7-b5f0-c3b7ae436e62","kind":"bikerack","longitude":11.5780433,"latitude":48.170356,"name":"Fahrradabstellplatz","city":"Munich","address":null,"covered":false,"access":null,"website":null,"phone":null,"source":"OpenStreetMap/way/1374456753","sourceUpdatedAt":null,"verifiedAt":null}},{"type":"Feature","geometry":{"type":"Point","coordinates":[11.5684436,48.1675505]},"properties":{"id":"bikerack:16fd9c7f-9a48-4fd6-9b0f-94564717df29","kind":"bikerack","longitude":11.5684436,"latitude":48.1675505,"name":"Fahrradabstellplatz","city":"Munich","address":null,"covered":false,"access":null,"website":null,"phone":null,"source":"OpenStreetMap/node/13391361764","sourceUpdatedAt":null,"verifiedAt":null}},{"type":"Feature","geometry":{"type":"Point","coordinates":[11.5728749,48.1706846]},"properties":{"id":"bikerack:18f35bee-a8ce-43cf-b644-1864fb08f245","kind":"bikerack","longitude":11.5728749,"latitude":48.1706846,"name":"Fahrradabstellplatz","city":"Munich","address":null,"covered":false,"access":null,"website":null,"phone":null,"source":"OpenStreetMap/node/6335972809","sourceUpdatedAt":null,"verifiedAt":null}},{"type":"Feature","geometry":{"type":"Point","coordinates":[11.5970659,48.1873084]},"properties":{"id":"bikerack:19c129c3-47cb-4cf9-ab28-cbefc440c2d4","kind":"bikerack","longitude":11.5970659,"latitude":48.1873084,"name":"Fahrradabstellplatz","city":"Bogenhausen","address":null,"covered":false,"access":null,"website":null,"phone":null,"source":"OpenStreetMap/node/9869118178","sourceUpdatedAt":null,"verifiedAt":null}},{"type":"Feature","geometry":{"type":"Point","coordinates":[11.5622982,48.1746406]},"properties":{"id":"bikerack:1a1892c1-3eeb-45be-a114-118d0d2b89f2","kind":"bikerack","longitude":11.5622982,"latitude":48.1746406,"name":"Fahrradabstellplatz","city":"Munich","address":null,"covered":false,"access":null,"website":null,"phone":null,"source":"OpenStreetMap/node/12817020485","sourceUpdatedAt":null,"verifiedAt":null}},{"type":"Feature","geometry":{"type":"Point","coordinates":[11.5918955,48.1817509]},"properties":{"id":"bikerack:1aacd5bc-2034-4057-9a1c-0b8746213c36","kind":"bikerack","longitude":11.5918955,"latitude":48.1817509,"name":"Fahrradabstellplatz","city":"Bogenhausen","address":null,"covered":true,"access":null,"website":null,"phone":null,"source":"OpenStreetMap/node/13018477921","sourceUpdatedAt":null,"verifiedAt":null}},{"type":"Feature","geometry":{"type":"Point","coordinates":[11.5763571,48.1928028]},"properties":{"id":"bikerack:1ae0b0b6-a3b5-4ffc-8a51-5b5d5b9517e3","kind":"bikerack","longitude":11.5763571,"latitude":48.1928028,"name":"Fahrradabstellplatz","city":"Munich","address":null,"covered":false,"access":null,"website":null,"phone":null,"source":"OpenStreetMap/way/807818446","sourceUpdatedAt":null,"verifiedAt":null}},{"type":"Feature","geometry":{"type":"Point","coordinates":[11.5854077,48.1825184]},"properties":{"id":"bikerack:1b602912-a624-4265-a84e-bed63c8a1f8b","kind":"bikerack","longitude":11.5854077,"latitude":48.1825184,"name":"Fahrradabstellplatz","city":"Bogenhausen","address":null,"covered":true,"access":null,"website":null,"phone":null,"source":"OpenStreetMap/node/10159321895","sourceUpdatedAt":null,"verifiedAt":null}},{"type":"Feature","geometry":{"type":"Point","coordinates":[11.5705713,48.1739346]},"properties":{"id":"bikerack:1c626595-e294-4dc5-92ac-6cac389ac88a","kind":"bikerack","longitude":11.5705713,"latitude":48.1739346,"name":"Fahrradabstellplatz","city":"Munich","address":null,"covered":false,"access":null,"website":null,"phone":null,"source":"OpenStreetMap/node/11181456475","sourceUpdatedAt":null,"verifiedAt":null}},{"type":"Feature","geometry":{"type":"Point","coordinates":[11.5734191,48.1798736]},"properties":{"id":"bikerack:1cf334c4-b1e5-4948-bbf0-3a54ecc000a2","kind":"bikerack","longitude":11.5734191,"latitude":48.1798736,"name":"Fahrradabstellplatz","city":"Munich","address":null,"covered":false,"access":null,"website":null,"phone":null,"source":"OpenStreetMap/node/4697460467","sourceUpdatedAt":null,"verifiedAt":null}},{"type":"Feature","geometry":{"type":"Point","coordinates":[11.577732,48.1924694]},"properties":{"id":"bikerack:1e7c8aa0-05d3-4046-a5ac-5e2d9c383951","kind":"bikerack","longitude":11.577732,"latitude":48.1924694,"name":"Fahrradabstellplatz","city":"Munich","address":null,"covered":false,"access":null,"website":null,"phone":null,"source":"OpenStreetMap/node/10951520417","sourceUpdatedAt":null,"verifiedAt":null}},{"type":"Feature","geometry":{"type":"Point","coordinates":[11.5755353,48.1735292]},"properties":{"id":"bikerack:20fed63e-6b25-4f99-9935-e2120ae812bf","kind":"bikerack","longitude":11.5755353,"latitude":48.1735292,"name":"Fahrradabstellplatz","city":"Munich","address":null,"covered":false,"access":null,"website":null,"phone":null,"source":"OpenStreetMap/way/775259589","sourceUpdatedAt":null,"verifiedAt":null}},{"type":"Feature","geometry":{"type":"Point","coordinates":[11.5639031,48.1931027]},"properties":{"id":"bikerack:227bf741-6f0f-4829-ad04-a6314efc26bb","kind":"bikerack","longitude":11.5639031,"latitude":48.1931027,"name":"Fahrradabstellplatz","city":"Munich","address":null,"covered":false,"access":null,"website":null,"phone":null,"source":"OpenStreetMap/way/1285348116","sourceUpdatedAt":null,"verifiedAt":null}},{"type":"Feature","geometry":{"type":"Point","coordinates":[11.5981165,48.1737617]},"properties":{"id":"bikerack:23aae0f6-0da3-4966-890d-f573b696da39","kind":"bikerack","longitude":11.5981165,"latitude":48.1737617,"name":"Fahrradabstellplatz","city":"Bogenhausen","address":null,"covered":false,"access":null,"website":null,"phone":null,"source":"OpenStreetMap/node/10824172785","sourceUpdatedAt":null,"verifiedAt":null}},{"type":"Feature","geometry":{"type":"Point","coordinates":[11.5677067,48.178487]},"properties":{"id":"bikerack:23f1cbbc-1bfc-4fbb-bf4d-68d6a5ae5a35","kind":"bikerack","longitude":11.5677067,"latitude":48.178487,"name":"Fahrradabstellplatz","city":"Munich","address":null,"covered":false,"access":null,"website":null,"phone":null,"source":"OpenStreetMap/node/11245415632","sourceUpdatedAt":null,"verifiedAt":null}},{"type":"Feature","geometry":{"type":"Point","coordinates":[11.5890682,48.1872489]},"properties":{"id":"bikerack:254ad835-12cd-4c37-abd5-55148494ecfc","kind":"bikerack","longitude":11.5890682,"latitude":48.1872489,"name":"Fahrradabstellplatz","city":"Bogenhausen","address":null,"covered":false,"access":null,"website":null,"phone":null,"source":"OpenStreetMap/way/1105833279","sourceUpdatedAt":null,"verifiedAt":null}},{"type":"Feature","geometry":{"type":"Point","coordinates":[11.5866266,48.1703618]},"properties":{"id":"bikerack:26380fc5-ea08-47f9-bb89-65a6abc6d6bf","kind":"bikerack","longitude":11.5866266,"latitude":48.1703618,"name":"Fahrradabstellplatz","city":"Bogenhausen","address":null,"covered":false,"access":null,"website":null,"phone":null,"source":"OpenStreetMap/node/6872861759","sourceUpdatedAt":null,"verifiedAt":null}},{"type":"Feature","geometry":{"type":"Point","coordinates":[11.5738858,48.1950375]},"properties":{"id":"bikerack:26d8bd69-3245-4937-8fb2-db5d21e18504","kind":"bikerack","longitude":11.5738858,"latitude":48.1950375,"name":"Fahrradabstellplatz","city":"Oberschleissheim","address":null,"covered":false,"access":null,"website":null,"phone":null,"source":"OpenStreetMap/node/12137967821","sourceUpdatedAt":null,"verifiedAt":null}},{"type":"Feature","geometry":{"type":"Point","coordinates":[11.5865537,48.1697001]},"properties":{"id":"bikerack:291ed09d-0db2-4034-aa34-0fec63819652","kind":"bikerack","longitude":11.5865537,"latitude":48.1697001,"name":"Fahrradabstellplatz","city":"Munich","address":null,"covered":false,"access":null,"website":null,"phone":null,"source":"OpenStreetMap/node/6872850461","sourceUpdatedAt":null,"verifiedAt":null}},{"type":"Feature","geometry":{"type":"Point","coordinates":[11.5880591,48.1712615]},"properties":{"id":"bikerack:2ab95677-983c-478e-894d-ed80bce4f425","kind":"bikerack","longitude":11.5880591,"latitude":48.1712615,"name":"Fahrradabstellplatz","city":"Bogenhausen","address":null,"covered":false,"access":null,"website":null,"phone":null,"source":"OpenStreetMap/node/4924928517","sourceUpdatedAt":null,"verifiedAt":null}},{"type":"Feature","geometry":{"type":"Point","coordinates":[11.5684977,48.1677519]},"properties":{"id":"bikerack:2b4b49c6-1251-4d5a-afb0-0cd0686de4bf","kind":"bikerack","longitude":11.5684977,"latitude":48.1677519,"name":"Fahrradabstellplatz","city":"Munich","address":null,"covered":false,"access":null,"website":null,"phone":null,"source":"OpenStreetMap/node/13391361763","sourceUpdatedAt":null,"verifiedAt":null}},{"type":"Feature","geometry":{"type":"Point","coordinates":[11.589097,48.1799766]},"properties":{"id":"bikerack:2d04a68d-1e39-41af-bb0d-7979e9c83bd4","kind":"bikerack","longitude":11.589097,"latitude":48.1799766,"name":"Fahrradabstellplatz","city":"Bogenhausen","address":null,"covered":false,"access":null,"website":null,"phone":null,"source":"OpenStreetMap/node/4563211574","sourceUpdatedAt":null,"verifiedAt":null}},{"type":"Feature","geometry":{"type":"Point","coordinates":[11.5947132,48.18093]},"properties":{"id":"bikerack:2d3db0d7-881a-4586-a7b2-744bccde40ea","kind":"bikerack","longitude":11.5947132,"latitude":48.18093,"name":"Fahrradabstellplatz","city":"Bogenhausen","address":null,"covered":false,"access":null,"website":null,"phone":null,"source":"OpenStreetMap/node/6807830565","sourceUpdatedAt":null,"verifiedAt":null}},{"type":"Feature","geometry":{"type":"Point","coordinates":[11.5927231,48.1711763]},"properties":{"id":"bikerack:2e612045-4735-4ee2-9fca-6bfafcd3bf8e","kind":"bikerack","longitude":11.5927231,"latitude":48.1711763,"name":"Fahrradabstellplatz","city":"Bogenhausen","address":null,"covered":false,"access":null,"website":null,"phone":null,"source":"OpenStreetMap/way/1099883536","sourceUpdatedAt":null,"verifiedAt":null}},{"type":"Feature","geometry":{"type":"Point","coordinates":[11.5736723,48.1730759]},"properties":{"id":"bikerack:2ed1efd2-bbf1-4ebd-bd89-9a16e9cdd3d4","kind":"bikerack","longitude":11.5736723,"latitude":48.1730759,"name":"Fahrradabstellplatz","city":"Munich","address":null,"covered":false,"access":null,"website":null,"phone":null,"source":"OpenStreetMap/node/7902505370","sourceUpdatedAt":null,"verifiedAt":null}},{"type":"Feature","geometry":{"type":"Point","coordinates":[11.5648637,48.1845487]},"properties":{"id":"bikerack:2fadaa18-16e9-4d12-8ecb-9342808a78ac","kind":"bikerack","longitude":11.5648637,"latitude":48.1845487,"name":"Fahrradabstellplatz","city":"Munich","address":null,"covered":false,"access":null,"website":null,"phone":null,"source":"OpenStreetMap/node/6637457086","sourceUpdatedAt":null,"verifiedAt":null}},{"type":"Feature","geometry":{"type":"Point","coordinates":[11.5782077,48.1669348]},"properties":{"id":"bikerack:2fedd159-be50-4da7-bfa9-eac325ba9528","kind":"bikerack","longitude":11.5782077,"latitude":48.1669348,"name":"Fahrradabstellplatz","city":"Munich","address":null,"covered":false,"access":null,"website":null,"phone":null,"source":"OpenStreetMap/node/9051749515","sourceUpdatedAt":null,"verifiedAt":null}},{"type":"Feature","geometry":{"type":"Point","coordinates":[11.5713219,48.1872966]},"properties":{"id":"bikerack:30a3623c-859b-4e68-bbba-3122bf151532","kind":"bikerack","longitude":11.5713219,"latitude":48.1872966,"name":"Fahrradabstellplatz","city":"Munich","address":null,"covered":false,"access":null,"website":null,"phone":null,"source":"OpenStreetMap/node/12431820904","sourceUpdatedAt":null,"verifiedAt":null}},{"type":"Feature","geometry":{"type":"Point","coordinates":[11.5725162,48.1952211]},"properties":{"id":"bikerack:314bb50b-368e-4162-aa5a-e6d04977743a","kind":"bikerack","longitude":11.5725162,"latitude":48.1952211,"name":"Am Hart","city":"Oberschleissheim","address":null,"covered":false,"access":null,"website":null,"phone":null,"source":"OpenStreetMap/node/683426968","sourceUpdatedAt":null,"verifiedAt":null}},{"type":"Feature","geometry":{"type":"Point","coordinates":[11.5740162,48.1729237]},"properties":{"id":"bikerack:31887927-af33-497a-b9e2-d2e9f68bb949","kind":"bikerack","longitude":11.5740162,"latitude":48.1729237,"name":"Fahrradabstellplatz","city":"Munich","address":null,"covered":false,"access":null,"website":null,"phone":null,"source":"OpenStreetMap/node/7902938972","sourceUpdatedAt":null,"verifiedAt":null}},{"type":"Feature","geometry":{"type":"Point","coordinates":[11.5763009,48.1805115]},"properties":{"id":"bikerack:32bdfbcb-f345-4d3f-81fd-7d63afab9f20","kind":"bikerack","longitude":11.5763009,"latitude":48.1805115,"name":"Fahrradabstellplatz","city":"Munich","address":null,"covered":false,"access":null,"website":null,"phone":null,"source":"OpenStreetMap/node/12185567671","sourceUpdatedAt":null,"verifiedAt":null}},{"type":"Feature","geometry":{"type":"Point","coordinates":[11.5771209,48.1707354]},"properties":{"id":"bikerack:33a4806c-0ad8-4b27-bfb5-eb7eada4f105","kind":"bikerack","longitude":11.5771209,"latitude":48.1707354,"name":"Fahrradabstellplatz","city":"Munich","address":null,"covered":true,"access":null,"website":null,"phone":null,"source":"OpenStreetMap/way/717756431","sourceUpdatedAt":null,"verifiedAt":null}},{"type":"Feature","geometry":{"type":"Point","coordinates":[11.5851635,48.1832033]},"properties":{"id":"bikerack:33bb57fd-5850-49cf-917b-f6caeacad6da","kind":"bikerack","longitude":11.5851635,"latitude":48.1832033,"name":"Fahrradabstellplatz","city":"Bogenhausen","address":null,"covered":true,"access":null,"website":null,"phone":null,"source":"OpenStreetMap/node/1455686577","sourceUpdatedAt":null,"verifiedAt":null}},{"type":"Feature","geometry":{"type":"Point","coordinates":[11.5587534,48.1764413]},"properties":{"id":"bikerack:34982d43-63c6-476b-b771-c66896dc97fc","kind":"bikerack","longitude":11.5587534,"latitude":48.1764413,"name":"Fahrradabstellplatz","city":"Munich","address":null,"covered":false,"access":null,"website":null,"phone":null,"source":"OpenStreetMap/node/9869096977","sourceUpdatedAt":null,"verifiedAt":null}},{"type":"Feature","geometry":{"type":"Point","coordinates":[11.5681226,48.1881003]},"properties":{"id":"bikerack:34c08166-e080-4f81-877a-fbde10e625e1","kind":"bikerack","longitude":11.5681226,"latitude":48.1881003,"name":"Fahrradabstellplatz","city":"Munich","address":null,"covered":false,"access":null,"website":null,"phone":null,"source":"OpenStreetMap/node/5368626734","sourceUpdatedAt":null,"verifiedAt":null}},{"type":"Feature","geometry":{"type":"Point","coordinates":[11.5971185,48.1749563]},"properties":{"id":"bikerack:3662b7cf-1845-43eb-bce6-a973eaf87059","kind":"bikerack","longitude":11.5971185,"latitude":48.1749563,"name":"Fahrradabstellplatz","city":"Bogenhausen","address":null,"covered":false,"access":null,"website":null,"phone":null,"source":"OpenStreetMap/node/12650462277","sourceUpdatedAt":null,"verifiedAt":null}},{"type":"Feature","geometry":{"type":"Point","coordinates":[11.5786087,48.1714378]},"properties":{"id":"bikerack:3940d57b-9e96-4b33-8591-7fbf00399c8e","kind":"bikerack","longitude":11.5786087,"latitude":48.1714378,"name":"Fahrradabstellplatz","city":"Munich","address":null,"covered":false,"access":null,"website":null,"phone":null,"source":"OpenStreetMap/node/11331093269","sourceUpdatedAt":null,"verifiedAt":null}},{"type":"Feature","geometry":{"type":"Point","coordinates":[11.5674949,48.1707622]},"properties":{"id":"bikerack:39980f26-0517-40b1-81b5-dec3271eee6e","kind":"bikerack","longitude":11.5674949,"latitude":48.1707622,"name":"Fahrradabstellplatz","city":"Munich","address":null,"covered":true,"access":null,"website":null,"phone":null,"source":"OpenStreetMap/node/11611515659","sourceUpdatedAt":null,"verifiedAt":null}},{"type":"Feature","geometry":{"type":"Point","coordinates":[11.5726195,48.1859533]},"properties":{"id":"bikerack:3a2283cd-e5be-4424-9985-d51025dd80bd","kind":"bikerack","longitude":11.5726195,"latitude":48.1859533,"name":"Fahrradabstellplatz","city":"Munich","address":null,"covered":false,"access":null,"website":null,"phone":null,"source":"OpenStreetMap/way/1453119864","sourceUpdatedAt":null,"verifiedAt":null}},{"type":"Feature","geometry":{"type":"Point","coordinates":[11.5668665,48.1830574]},"properties":{"id":"bikerack:3c61434c-1653-47aa-a1c4-058db1e0c065","kind":"bikerack","longitude":11.5668665,"latitude":48.1830574,"name":"Fahrradabstellplatz","city":"Munich","address":null,"covered":false,"access":null,"website":null,"phone":null,"source":"OpenStreetMap/node/11157817548","sourceUpdatedAt":null,"verifiedAt":null}},{"type":"Feature","geometry":{"type":"Point","coordinates":[11.5855734,48.1791296]},"properties":{"id":"bikerack:3c757915-ff67-4eb6-b51a-adb3962889b7","kind":"bikerack","longitude":11.5855734,"latitude":48.1791296,"name":"Fahrradabstellplatz","city":"Bogenhausen","address":null,"covered":false,"access":null,"website":null,"phone":null,"source":"OpenStreetMap/node/1328633914","sourceUpdatedAt":null,"verifiedAt":null}},{"type":"Feature","geometry":{"type":"Point","coordinates":[11.5869193,48.1708843]},"properties":{"id":"bikerack:3e56b924-a54c-447c-8f6e-7e8982328ca0","kind":"bikerack","longitude":11.5869193,"latitude":48.1708843,"name":"Fahrradabstellplatz","city":"Bogenhausen","address":null,"covered":false,"access":null,"website":null,"phone":null,"source":"OpenStreetMap/node/6872914656","sourceUpdatedAt":null,"verifiedAt":null}},{"type":"Feature","geometry":{"type":"Point","coordinates":[11.5969387,48.1774956]},"properties":{"id":"bikerack:3f165784-95dc-4354-9bca-928e15369128","kind":"bikerack","longitude":11.5969387,"latitude":48.1774956,"name":"Fahrradabstellplatz","city":"Bogenhausen","address":null,"covered":false,"access":null,"website":null,"phone":null,"source":"OpenStreetMap/way/1412997910","sourceUpdatedAt":null,"verifiedAt":null}},{"type":"Feature","geometry":{"type":"Point","coordinates":[11.5608269,48.1743587]},"properties":{"id":"bikerack:3f3d18ea-2991-41a7-beae-4c8c07284a42","kind":"bikerack","longitude":11.5608269,"latitude":48.1743587,"name":"Fahrradabstellplatz","city":"Munich","address":null,"covered":false,"access":null,"website":null,"phone":null,"source":"OpenStreetMap/node/13228059102","sourceUpdatedAt":null,"verifiedAt":null}},{"type":"Feature","geometry":{"type":"Point","coordinates":[11.5788763,48.1878706]},"properties":{"id":"bikerack:3f41df64-aa4f-4ede-adac-c9144b2e2859","kind":"bikerack","longitude":11.5788763,"latitude":48.1878706,"name":"Connex München","city":"Munich","address":null,"covered":true,"access":null,"website":null,"phone":null,"source":"OpenStreetMap/node/4343693350","sourceUpdatedAt":null,"verifiedAt":null}},{"type":"Feature","geometry":{"type":"Point","coordinates":[11.5808512,48.1801964]},"properties":{"id":"bikerack:3f6292be-4607-4352-bb97-6250d7cc1609","kind":"bikerack","longitude":11.5808512,"latitude":48.1801964,"name":"Fahrradabstellplatz","city":"Munich","address":null,"covered":false,"access":null,"website":null,"phone":null,"source":"OpenStreetMap/way/1099442636","sourceUpdatedAt":null,"verifiedAt":null}},{"type":"Feature","geometry":{"type":"Point","coordinates":[11.5770383,48.1705135]},"properties":{"id":"bikerack:408eb721-f069-4036-8d46-50e0a9edfd0d","kind":"bikerack","longitude":11.5770383,"latitude":48.1705135,"name":"Fahrradabstellplatz","city":"Munich","address":null,"covered":false,"access":null,"website":null,"phone":null,"source":"OpenStreetMap/node/8486572952","sourceUpdatedAt":null,"verifiedAt":null}},{"type":"Feature","geometry":{"type":"Point","coordinates":[11.5845734,48.175456]},"properties":{"id":"bikerack:4116f184-7bc5-449d-85d6-8fe8c6b8ce2c","kind":"bikerack","longitude":11.5845734,"latitude":48.175456,"name":"Fahrradabstellplatz","city":"Bogenhausen","address":null,"covered":false,"access":null,"website":null,"phone":null,"source":"OpenStreetMap/node/11934179189","sourceUpdatedAt":null,"verifiedAt":null}},{"type":"Feature","geometry":{"type":"Point","coordinates":[11.5761899,48.1736532]},"properties":{"id":"bikerack:411f4bcb-79e8-48ed-bc25-cd8b961a1d5b","kind":"bikerack","longitude":11.5761899,"latitude":48.1736532,"name":"Fahrradabstellplatz","city":"Munich","address":null,"covered":false,"access":null,"website":null,"phone":null,"source":"OpenStreetMap/way/775259590","sourceUpdatedAt":null,"verifiedAt":null}},{"type":"Feature","geometry":{"type":"Point","coordinates":[11.5883048,48.1704248]},"properties":{"id":"bikerack:414e94a5-3248-4d45-99ea-7d4f11ab460b","kind":"bikerack","longitude":11.5883048,"latitude":48.1704248,"name":"Fahrradabstellplatz","city":"Bogenhausen","address":null,"covered":false,"access":null,"website":null,"phone":null,"source":"OpenStreetMap/node/4924926051","sourceUpdatedAt":null,"verifiedAt":null}},{"type":"Feature","geometry":{"type":"Point","coordinates":[11.572841,48.1706133]},"properties":{"id":"bikerack:41c00e9e-f343-404e-bf7a-deba79a2984f","kind":"bikerack","longitude":11.572841,"latitude":48.1706133,"name":"Fahrradabstellplatz","city":"Munich","address":null,"covered":false,"access":null,"website":null,"phone":null,"source":"OpenStreetMap/way/1162393778","sourceUpdatedAt":null,"verifiedAt":null}},{"type":"Feature","geometry":{"type":"Point","coordinates":[11.5772532,48.1702964]},"properties":{"id":"bikerack:4222f272-81c0-402d-ade8-616d4bb0a73b","kind":"bikerack","longitude":11.5772532,"latitude":48.1702964,"name":"Fahrradabstellplatz","city":"Munich","address":null,"covered":false,"access":null,"website":null,"phone":null,"source":"OpenStreetMap/way/1374456752","sourceUpdatedAt":null,"verifiedAt":null}},{"type":"Feature","geometry":{"type":"Point","coordinates":[11.5757645,48.1818399]},"properties":{"id":"bikerack:463c4725-78ea-427a-843f-274566013d2c","kind":"bikerack","longitude":11.5757645,"latitude":48.1818399,"name":"Fahrradabstellplatz","city":"Munich","address":null,"covered":false,"access":null,"website":null,"phone":null,"source":"OpenStreetMap/way/1324065901","sourceUpdatedAt":null,"verifiedAt":null}},{"type":"Feature","geometry":{"type":"Point","coordinates":[11.5888436,48.1704893]},"properties":{"id":"bikerack:46d8fdae-95e1-434f-b5f0-51a6f2fc123d","kind":"bikerack","longitude":11.5888436,"latitude":48.1704893,"name":"Fahrradabstellplatz","city":"Bogenhausen","address":null,"covered":false,"access":null,"website":null,"phone":null,"source":"OpenStreetMap/node/4924926107","sourceUpdatedAt":null,"verifiedAt":null}},{"type":"Feature","geometry":{"type":"Point","coordinates":[11.5698984,48.175134]},"properties":{"id":"bikerack:46f999f9-d40f-43a3-95d8-764bee96f5a4","kind":"bikerack","longitude":11.5698984,"latitude":48.175134,"name":"Fahrradabstellplatz","city":"Munich","address":null,"covered":false,"access":null,"website":null,"phone":null,"source":"OpenStreetMap/node/11182772955","sourceUpdatedAt":null,"verifiedAt":null}},{"type":"Feature","geometry":{"type":"Point","coordinates":[11.5871168,48.1823664]},"properties":{"id":"bikerack:4721b8d3-e090-4325-b852-efeb129a9838","kind":"bikerack","longitude":11.5871168,"latitude":48.1823664,"name":"Fahrradabstellplatz","city":"Bogenhausen","address":null,"covered":false,"access":null,"website":null,"phone":null,"source":"OpenStreetMap/node/10075523807","sourceUpdatedAt":null,"verifiedAt":null}},{"type":"Feature","geometry":{"type":"Point","coordinates":[11.5639278,48.1929163]},"properties":{"id":"bikerack:49293200-7ef5-40fe-a53a-d5704d3c2d45","kind":"bikerack","longitude":11.5639278,"latitude":48.1929163,"name":"Fahrradabstellplatz","city":"Munich","address":null,"covered":false,"access":null,"website":null,"phone":null,"source":"OpenStreetMap/way/1285348114","sourceUpdatedAt":null,"verifiedAt":null}},{"type":"Feature","geometry":{"type":"Point","coordinates":[11.5728728,48.187319]},"properties":{"id":"bikerack:4a6c1102-1c2a-4dbc-b814-603d2da270c1","kind":"bikerack","longitude":11.5728728,"latitude":48.187319,"name":"Fahrradabstellplatz","city":"Munich","address":null,"covered":false,"access":null,"website":null,"phone":null,"source":"OpenStreetMap/way/320016895","sourceUpdatedAt":null,"verifiedAt":null}},{"type":"Feature","geometry":{"type":"Point","coordinates":[11.5693317,48.1794876]},"properties":{"id":"bikerack:4a6dd420-52a3-46c6-a87e-ab8094bb8a84","kind":"bikerack","longitude":11.5693317,"latitude":48.1794876,"name":"Fahrradabstellplatz","city":"Munich","address":null,"covered":false,"access":null,"website":null,"phone":null,"source":"OpenStreetMap/node/11987941358","sourceUpdatedAt":null,"verifiedAt":null}},{"type":"Feature","geometry":{"type":"Point","coordinates":[11.5800941,48.1708297]},"properties":{"id":"bikerack:4ddf4a66-1802-4301-b1b7-5b5331083984","kind":"bikerack","longitude":11.5800941,"latitude":48.1708297,"name":"Fahrradabstellplatz","city":"Munich","address":null,"covered":true,"access":null,"website":null,"phone":null,"source":"OpenStreetMap/node/8987105420","sourceUpdatedAt":null,"verifiedAt":null}},{"type":"Feature","geometry":{"type":"Point","coordinates":[11.5657907,48.1754622]},"properties":{"id":"bikerack:4dedf217-2944-410b-ab68-67719b2e19aa","kind":"bikerack","longitude":11.5657907,"latitude":48.1754622,"name":"Fahrradabstellplatz","city":"Munich","address":null,"covered":false,"access":null,"website":null,"phone":null,"source":"OpenStreetMap/way/1087765551","sourceUpdatedAt":null,"verifiedAt":null}},{"type":"Feature","geometry":{"type":"Point","coordinates":[11.5713111,48.1880796]},"properties":{"id":"bikerack:4e00292a-dc91-4a0d-8c77-12a706a1f38d","kind":"bikerack","longitude":11.5713111,"latitude":48.1880796,"name":"Fahrradabstellplatz","city":"Munich","address":null,"covered":false,"access":null,"website":null,"phone":null,"source":"OpenStreetMap/node/3265253373","sourceUpdatedAt":null,"verifiedAt":null}},{"type":"Feature","geometry":{"type":"Point","coordinates":[11.5730883,48.1858529]},"properties":{"id":"bikerack:4e03de2a-61ff-4d22-b186-bd7700cb87d0","kind":"bikerack","longitude":11.5730883,"latitude":48.1858529,"name":"Fahrradabstellplatz","city":"Munich","address":null,"covered":false,"access":null,"website":null,"phone":null,"source":"OpenStreetMap/node/11920541569","sourceUpdatedAt":null,"verifiedAt":null}},{"type":"Feature","geometry":{"type":"Point","coordinates":[11.5739545,48.1742971]},"properties":{"id":"bikerack:4e21018e-be2a-4c0d-a138-555c6d24ff3c","kind":"bikerack","longitude":11.5739545,"latitude":48.1742971,"name":"Fahrradabstellplatz","city":"Munich","address":null,"covered":false,"access":null,"website":null,"phone":null,"source":"OpenStreetMap/node/7902521295","sourceUpdatedAt":null,"verifiedAt":null}},{"type":"Feature","geometry":{"type":"Point","coordinates":[11.5784928,48.1716834]},"properties":{"id":"bikerack:4f793bf6-53d7-474c-af18-e8cba7ba4a7d","kind":"bikerack","longitude":11.5784928,"latitude":48.1716834,"name":"Fahrradabstellplatz","city":"Munich","address":null,"covered":false,"access":null,"website":null,"phone":null,"source":"OpenStreetMap/node/11331071501","sourceUpdatedAt":null,"verifiedAt":null}},{"type":"Feature","geometry":{"type":"Point","coordinates":[11.5905029,48.183858]},"properties":{"id":"bikerack:52a63af3-e2cf-4175-838a-0896a820bb25","kind":"bikerack","longitude":11.5905029,"latitude":48.183858,"name":"Fahrradabstellplatz","city":"Bogenhausen","address":null,"covered":false,"access":null,"website":null,"phone":null,"source":"OpenStreetMap/way/372165553","sourceUpdatedAt":null,"verifiedAt":null}},{"type":"Feature","geometry":{"type":"Point","coordinates":[11.5586874,48.1771677]},"properties":{"id":"bikerack:52f2397d-1b25-422d-878d-0cffadc33d27","kind":"bikerack","longitude":11.5586874,"latitude":48.1771677,"name":"Fahrradabstellplatz","city":"Munich","address":null,"covered":false,"access":null,"website":null,"phone":null,"source":"OpenStreetMap/node/9869041204","sourceUpdatedAt":null,"verifiedAt":null}},{"type":"Feature","geometry":{"type":"Point","coordinates":[11.5802267,48.1796353]},"properties":{"id":"bikerack:54d7e557-3a25-405a-9a06-ea11598e2df9","kind":"bikerack","longitude":11.5802267,"latitude":48.1796353,"name":"Plarkplatz Städtischer Kindergarten","city":"Munich","address":null,"covered":false,"access":null,"website":null,"phone":null,"source":"OpenStreetMap/node/1387731289","sourceUpdatedAt":null,"verifiedAt":null}},{"type":"Feature","geometry":{"type":"Point","coordinates":[11.5785676,48.1924945]},"properties":{"id":"bikerack:55165c2e-da02-4ad7-91c8-521a6822cb6d","kind":"bikerack","longitude":11.5785676,"latitude":48.1924945,"name":"Fahrradabstellplatz","city":"Bogenhausen","address":null,"covered":false,"access":null,"website":null,"phone":null,"source":"OpenStreetMap/node/10951506279","sourceUpdatedAt":null,"verifiedAt":null}},{"type":"Feature","geometry":{"type":"Point","coordinates":[11.5759931,48.1805583]},"properties":{"id":"bikerack:55760567-30e2-40bd-b37c-d463b96cc58f","kind":"bikerack","longitude":11.5759931,"latitude":48.1805583,"name":"Fahrradabstellplatz","city":"Munich","address":null,"covered":false,"access":null,"website":null,"phone":null,"source":"OpenStreetMap/node/12185567672","sourceUpdatedAt":null,"verifiedAt":null}},{"type":"Feature","geometry":{"type":"Point","coordinates":[11.5911086,48.1870165]},"properties":{"id":"bikerack:55be0b2e-2b39-4ee3-9927-0a1de8c5e689","kind":"bikerack","longitude":11.5911086,"latitude":48.1870165,"name":"Fahrradabstellplatz","city":"Bogenhausen","address":null,"covered":false,"access":null,"website":null,"phone":null,"source":"OpenStreetMap/node/7476400870","sourceUpdatedAt":null,"verifiedAt":null}},{"type":"Feature","geometry":{"type":"Point","coordinates":[11.5789782,48.1887727]},"properties":{"id":"bikerack:57217546-dc64-4ac0-a6d3-8978ff419e18","kind":"bikerack","longitude":11.5789782,"latitude":48.1887727,"name":"Connex München","city":"Munich","address":null,"covered":true,"access":null,"website":null,"phone":null,"source":"OpenStreetMap/node/4343693353","sourceUpdatedAt":null,"verifiedAt":null}},{"type":"Feature","geometry":{"type":"Point","coordinates":[11.5760558,48.1745801]},"properties":{"id":"bikerack:589b39cf-4319-43ea-abae-49c84f972eb9","kind":"bikerack","longitude":11.5760558,"latitude":48.1745801,"name":"Fahrradabstellplatz","city":"Munich","address":null,"covered":false,"access":null,"website":null,"phone":null,"source":"OpenStreetMap/way/39217741","sourceUpdatedAt":null,"verifiedAt":null}},{"type":"Feature","geometry":{"type":"Point","coordinates":[11.5790923,48.188992]},"properties":{"id":"bikerack:58e74d3c-d47a-43df-ae27-7e95e031c87b","kind":"bikerack","longitude":11.5790923,"latitude":48.188992,"name":"Fahrradabstellplatz","city":"Munich","address":null,"covered":false,"access":null,"website":null,"phone":null,"source":"OpenStreetMap/node/4892369655","sourceUpdatedAt":null,"verifiedAt":null}},{"type":"Feature","geometry":{"type":"Point","coordinates":[11.5719958,48.1662992]},"properties":{"id":"bikerack:599c8be6-436b-41b0-8be0-79f44d79c6a1","kind":"bikerack","longitude":11.5719958,"latitude":48.1662992,"name":"Fahrradabstellplatz","city":"Munich","address":null,"covered":false,"access":null,"website":null,"phone":null,"source":"OpenStreetMap/node/3280126492","sourceUpdatedAt":null,"verifiedAt":null}},{"type":"Feature","geometry":{"type":"Point","coordinates":[11.579443,48.1779069]},"properties":{"id":"bikerack:5afb3b2d-5d53-415c-b679-3f13336dca7e","kind":"bikerack","longitude":11.579443,"latitude":48.1779069,"name":"Fahrradabstellplatz","city":"Munich","address":null,"covered":false,"access":null,"website":null,"phone":null,"source":"OpenStreetMap/node/10065385935","sourceUpdatedAt":null,"verifiedAt":null}},{"type":"Feature","geometry":{"type":"Point","coordinates":[11.5741609,48.1743166]},"properties":{"id":"bikerack:5b6222af-645a-4d0a-9135-5bcc3dc8071f","kind":"bikerack","longitude":11.5741609,"latitude":48.1743166,"name":"Fahrradabstellplatz","city":"Munich","address":null,"covered":false,"access":null,"website":null,"phone":null,"source":"OpenStreetMap/node/7902533722","sourceUpdatedAt":null,"verifiedAt":null}},{"type":"Feature","geometry":{"type":"Point","coordinates":[11.5725208,48.1861319]},"properties":{"id":"bikerack:5bdfcb69-8fe9-457e-aa9b-b665ce1f5ebe","kind":"bikerack","longitude":11.5725208,"latitude":48.1861319,"name":"Fahrradabstellplatz","city":"Munich","address":null,"covered":false,"access":null,"website":null,"phone":null,"source":"OpenStreetMap/node/13326380108","sourceUpdatedAt":null,"verifiedAt":null}},{"type":"Feature","geometry":{"type":"Point","coordinates":[11.5978623,48.1773088]},"properties":{"id":"bikerack:5c4ae2ee-da26-4f9a-aa77-a08043b77da7","kind":"bikerack","longitude":11.5978623,"latitude":48.1773088,"name":"Fahrradabstellplatz","city":"Bogenhausen","address":null,"covered":false,"access":null,"website":null,"phone":null,"source":"OpenStreetMap/way/1379321076","sourceUpdatedAt":null,"verifiedAt":null}},{"type":"Feature","geometry":{"type":"Point","coordinates":[11.5658641,48.1755689]},"properties":{"id":"bikerack:5fa80c30-ecce-4075-a7d9-48081b9b0a75","kind":"bikerack","longitude":11.5658641,"latitude":48.1755689,"name":"Fahrradabstellplatz","city":"Munich","address":null,"covered":false,"access":null,"website":null,"phone":null,"source":"OpenStreetMap/way/1087765552","sourceUpdatedAt":null,"verifiedAt":null}},{"type":"Feature","geometry":{"type":"Point","coordinates":[11.5816741,48.1756661]},"properties":{"id":"bikerack:606ae317-f4e9-4d8b-a2a9-207f2f09eb1e","kind":"bikerack","longitude":11.5816741,"latitude":48.1756661,"name":"Fahrradabstellplatz","city":"Munich","address":null,"covered":false,"access":null,"website":null,"phone":null,"source":"OpenStreetMap/node/12722585765","sourceUpdatedAt":null,"verifiedAt":null}},{"type":"Feature","geometry":{"type":"Point","coordinates":[11.5981989,48.1871869]},"properties":{"id":"bikerack:63a5ca29-be6e-4619-b316-a8b99bf1aa4e","kind":"bikerack","longitude":11.5981989,"latitude":48.1871869,"name":"Fahrradabstellplatz","city":"Bogenhausen","address":null,"covered":false,"access":null,"website":null,"phone":null,"source":"OpenStreetMap/node/9869074557","sourceUpdatedAt":null,"verifiedAt":null}},{"type":"Feature","geometry":{"type":"Point","coordinates":[11.5739431,48.1733731]},"properties":{"id":"bikerack:6421e075-09de-4cd8-99df-04f0e45223b3","kind":"bikerack","longitude":11.5739431,"latitude":48.1733731,"name":"Fahrradabstellplatz","city":"Munich","address":null,"covered":false,"access":null,"website":null,"phone":null,"source":"OpenStreetMap/node/7902938976","sourceUpdatedAt":null,"verifiedAt":null}},{"type":"Feature","geometry":{"type":"Point","coordinates":[11.5929917,48.1771307]},"properties":{"id":"bikerack:6484786f-cf5b-4b04-acb6-34e9c7bde9e4","kind":"bikerack","longitude":11.5929917,"latitude":48.1771307,"name":"Fahrradabstellplatz","city":"Bogenhausen","address":null,"covered":false,"access":null,"website":null,"phone":null,"source":"OpenStreetMap/node/3659045560","sourceUpdatedAt":null,"verifiedAt":null}},{"type":"Feature","geometry":{"type":"Point","coordinates":[11.5735576,48.1740905]},"properties":{"id":"bikerack:64990270-8c9f-4647-87af-da5a796e85b4","kind":"bikerack","longitude":11.5735576,"latitude":48.1740905,"name":"Fahrradabstellplatz","city":"Munich","address":null,"covered":false,"access":null,"website":null,"phone":null,"source":"OpenStreetMap/node/3687926291","sourceUpdatedAt":null,"verifiedAt":null}},{"type":"Feature","geometry":{"type":"Point","coordinates":[11.5792183,48.1878876]},"properties":{"id":"bikerack:64cdd297-55ae-4a68-a119-60229deb89c0","kind":"bikerack","longitude":11.5792183,"latitude":48.1878876,"name":"Connex München","city":"Munich","address":null,"covered":true,"access":null,"website":null,"phone":null,"source":"OpenStreetMap/node/4343693351","sourceUpdatedAt":null,"verifiedAt":null}},{"type":"Feature","geometry":{"type":"Point","coordinates":[11.5639149,48.1930136]},"properties":{"id":"bikerack:65e4e793-0fab-4a97-946e-98245daa7d5d","kind":"bikerack","longitude":11.5639149,"latitude":48.1930136,"name":"Fahrradabstellplatz","city":"Munich","address":null,"covered":false,"access":null,"website":null,"phone":null,"source":"OpenStreetMap/way/1285348115","sourceUpdatedAt":null,"verifiedAt":null}},{"type":"Feature","geometry":{"type":"Point","coordinates":[11.5862659,48.178637]},"properties":{"id":"bikerack:660dad64-172a-45fe-85ea-9a7542ca9a6a","kind":"bikerack","longitude":11.5862659,"latitude":48.178637,"name":"Fahrradabstellplatz","city":"Bogenhausen","address":null,"covered":false,"access":null,"website":null,"phone":null,"source":"OpenStreetMap/node/1151152279","sourceUpdatedAt":null,"verifiedAt":null}},{"type":"Feature","geometry":{"type":"Point","coordinates":[11.5717433,48.1663061]},"properties":{"id":"bikerack:677bc5b0-b60e-4ddb-b7ff-028d4d80f156","kind":"bikerack","longitude":11.5717433,"latitude":48.1663061,"name":"Fahrradabstellplatz","city":"Munich","address":null,"covered":false,"access":null,"website":null,"phone":null,"source":"OpenStreetMap/node/3280126491","sourceUpdatedAt":null,"verifiedAt":null}},{"type":"Feature","geometry":{"type":"Point","coordinates":[11.5866685,48.1701095]},"properties":{"id":"bikerack:67e4e969-8496-46dc-a908-72d4da131909","kind":"bikerack","longitude":11.5866685,"latitude":48.1701095,"name":"Fahrradabstellplatz","city":"Bogenhausen","address":null,"covered":false,"access":null,"website":null,"phone":null,"source":"OpenStreetMap/node/6872902274","sourceUpdatedAt":null,"verifiedAt":null}},{"type":"Feature","geometry":{"type":"Point","coordinates":[11.5843952,48.1712256]},"properties":{"id":"bikerack:6914b2c6-f005-4496-8cdd-c9c67a2ad054","kind":"bikerack","longitude":11.5843952,"latitude":48.1712256,"name":"Fahrradabstellplatz","city":"Munich","address":null,"covered":false,"access":null,"website":null,"phone":null,"source":"OpenStreetMap/node/13176478895","sourceUpdatedAt":null,"verifiedAt":null}},{"type":"Feature","geometry":{"type":"Point","coordinates":[11.5767998,48.1726412]},"properties":{"id":"bikerack:695506e7-59a3-4e6a-ab94-518a577cf8b8","kind":"bikerack","longitude":11.5767998,"latitude":48.1726412,"name":"Fahrradabstellplatz","city":"Munich","address":null,"covered":false,"access":null,"website":null,"phone":null,"source":"OpenStreetMap/node/6813606931","sourceUpdatedAt":null,"verifiedAt":null}},{"type":"Feature","geometry":{"type":"Point","coordinates":[11.5650657,48.176341]},"properties":{"id":"bikerack:6a29e015-133a-4f35-9921-3745e667680b","kind":"bikerack","longitude":11.5650657,"latitude":48.176341,"name":"Fahrradabstellplatz","city":"Munich","address":null,"covered":false,"access":null,"website":null,"phone":null,"source":"OpenStreetMap/way/1079276730","sourceUpdatedAt":null,"verifiedAt":null}},{"type":"Feature","geometry":{"type":"Point","coordinates":[11.5814034,48.1751682]},"properties":{"id":"bikerack:6b368e21-7748-482f-9e7e-7a50ae48a878","kind":"bikerack","longitude":11.5814034,"latitude":48.1751682,"name":"Fahrradabstellplatz","city":"Munich","address":null,"covered":false,"access":null,"website":null,"phone":null,"source":"OpenStreetMap/node/12778218736","sourceUpdatedAt":null,"verifiedAt":null}},{"type":"Feature","geometry":{"type":"Point","coordinates":[11.5718899,48.1853889]},"properties":{"id":"bikerack:6b8dd90d-6670-4d8e-980a-c0d2d247b9e3","kind":"bikerack","longitude":11.5718899,"latitude":48.1853889,"name":"Fahrradabstellplatz","city":"Munich","address":null,"covered":false,"access":null,"website":null,"phone":null,"source":"OpenStreetMap/node/13338328903","sourceUpdatedAt":null,"verifiedAt":null}},{"type":"Feature","geometry":{"type":"Point","coordinates":[11.5743868,48.1739315]},"properties":{"id":"bikerack:6bd0eaa0-d146-4362-9d6d-4fff3b806c03","kind":"bikerack","longitude":11.5743868,"latitude":48.1739315,"name":"Fahrradabstellplatz","city":"Munich","address":null,"covered":false,"access":null,"website":null,"phone":null,"source":"OpenStreetMap/way/38705703","sourceUpdatedAt":null,"verifiedAt":null}},{"type":"Feature","geometry":{"type":"Point","coordinates":[11.5777091,48.1727222]},"properties":{"id":"bikerack:6dce93a9-d5e3-40c8-b5de-87be13c7e384","kind":"bikerack","longitude":11.5777091,"latitude":48.1727222,"name":"Fahrradabstellplatz","city":"Munich","address":null,"covered":false,"access":null,"website":null,"phone":null,"source":"OpenStreetMap/node/6818203341","sourceUpdatedAt":null,"verifiedAt":null}},{"type":"Feature","geometry":{"type":"Point","coordinates":[11.5751305,48.1745712]},"properties":{"id":"bikerack:6ed3f7d8-3b9f-4661-83f5-ffeae5d1ef05","kind":"bikerack","longitude":11.5751305,"latitude":48.1745712,"name":"Fahrradabstellplatz","city":"Munich","address":null,"covered":false,"access":null,"website":null,"phone":null,"source":"OpenStreetMap/node/7902478259","sourceUpdatedAt":null,"verifiedAt":null}},{"type":"Feature","geometry":{"type":"Point","coordinates":[11.5864171,48.1703568]},"properties":{"id":"bikerack:6eead23d-4f47-4b9f-a836-7754523801f2","kind":"bikerack","longitude":11.5864171,"latitude":48.1703568,"name":"Fahrradabstellplatz","city":"Bogenhausen","address":null,"covered":false,"access":null,"website":null,"phone":null,"source":"OpenStreetMap/node/6872867503","sourceUpdatedAt":null,"verifiedAt":null}},{"type":"Feature","geometry":{"type":"Point","coordinates":[11.5668778,48.1829627]},"properties":{"id":"bikerack:70296adb-8c79-4cb3-9fd4-9d365e5b0368","kind":"bikerack","longitude":11.5668778,"latitude":48.1829627,"name":"Fahrradabstellplatz","city":"Munich","address":null,"covered":false,"access":null,"website":null,"phone":null,"source":"OpenStreetMap/node/11157817547","sourceUpdatedAt":null,"verifiedAt":null}},{"type":"Feature","geometry":{"type":"Point","coordinates":[11.5713852,48.1873016]},"properties":{"id":"bikerack:709c063b-a901-47cc-beb6-90f6b65e6314","kind":"bikerack","longitude":11.5713852,"latitude":48.1873016,"name":"Fahrradabstellplatz","city":"Munich","address":null,"covered":false,"access":null,"website":null,"phone":null,"source":"OpenStreetMap/node/12431823544","sourceUpdatedAt":null,"verifiedAt":null}},{"type":"Feature","geometry":{"type":"Point","coordinates":[11.5858277,48.1754518]},"properties":{"id":"bikerack:77423854-dfbb-4c18-88cd-12526df068c8","kind":"bikerack","longitude":11.5858277,"latitude":48.1754518,"name":"Fahrradabstellplatz","city":"Bogenhausen","address":null,"covered":false,"access":null,"website":null,"phone":null,"source":"OpenStreetMap/node/12966760617","sourceUpdatedAt":null,"verifiedAt":null}},{"type":"Feature","geometry":{"type":"Point","coordinates":[11.5899049,48.1835266]},"properties":{"id":"bikerack:78b0087a-1174-48a5-9088-98c8c71150be","kind":"bikerack","longitude":11.5899049,"latitude":48.1835266,"name":"Fahrradabstellplatz","city":"Bogenhausen","address":null,"covered":false,"access":null,"website":null,"phone":null,"source":"OpenStreetMap/node/10075523808","sourceUpdatedAt":null,"verifiedAt":null}},{"type":"Feature","geometry":{"type":"Point","coordinates":[11.5880821,48.1706329]},"properties":{"id":"bikerack:79adcf41-2b2f-4bf1-90d0-6b743815b1a4","kind":"bikerack","longitude":11.5880821,"latitude":48.1706329,"name":"Fahrradabstellplatz","city":"Bogenhausen","address":null,"covered":false,"access":null,"website":null,"phone":null,"source":"OpenStreetMap/way/501790824","sourceUpdatedAt":null,"verifiedAt":null}},{"type":"Feature","geometry":{"type":"Point","coordinates":[11.5739612,48.1732649]},"properties":{"id":"bikerack:7d9ee7ab-b358-441e-8bb7-ffd65a726c7f","kind":"bikerack","longitude":11.5739612,"latitude":48.1732649,"name":"Fahrradabstellplatz","city":"Munich","address":null,"covered":false,"access":null,"website":null,"phone":null,"source":"OpenStreetMap/node/7902938975","sourceUpdatedAt":null,"verifiedAt":null}},{"type":"Feature","geometry":{"type":"Point","coordinates":[11.5857336,48.1684554]},"properties":{"id":"bikerack:7e9d2bc6-dfdf-4d72-824b-46907e6a249e","kind":"bikerack","longitude":11.5857336,"latitude":48.1684554,"name":"Fahrradabstellplatz","city":"Munich","address":null,"covered":false,"access":null,"website":null,"phone":null,"source":"OpenStreetMap/node/12723054990","sourceUpdatedAt":null,"verifiedAt":null}},{"type":"Feature","geometry":{"type":"Point","coordinates":[11.5789171,48.1925018]},"properties":{"id":"bikerack:7f2d0184-c2e4-494a-80aa-ccd4adecb030","kind":"bikerack","longitude":11.5789171,"latitude":48.1925018,"name":"Fahrradabstellplatz","city":"Bogenhausen","address":null,"covered":false,"access":null,"website":null,"phone":null,"source":"OpenStreetMap/node/10951497850","sourceUpdatedAt":null,"verifiedAt":null}},{"type":"Feature","geometry":{"type":"Point","coordinates":[11.5870352,48.1708886]},"properties":{"id":"bikerack:80ec2eab-e057-4a08-933a-6210480ab74d","kind":"bikerack","longitude":11.5870352,"latitude":48.1708886,"name":"Fahrradabstellplatz","city":"Bogenhausen","address":null,"covered":false,"access":null,"website":null,"phone":null,"source":"OpenStreetMap/node/6872910233","sourceUpdatedAt":null,"verifiedAt":null}},{"type":"Feature","geometry":{"type":"Point","coordinates":[11.5736087,48.1747158]},"properties":{"id":"bikerack:81d40c27-4b68-4584-8427-15e1a968dc16","kind":"bikerack","longitude":11.5736087,"latitude":48.1747158,"name":"Fahrradabstellplatz","city":"Munich","address":null,"covered":true,"access":null,"website":null,"phone":null,"source":"OpenStreetMap/node/4866608902","sourceUpdatedAt":null,"verifiedAt":null}},{"type":"Feature","geometry":{"type":"Point","coordinates":[11.579802,48.1775184]},"properties":{"id":"bikerack:827560b8-fb82-4c40-a792-626a5a8c9b44","kind":"bikerack","longitude":11.579802,"latitude":48.1775184,"name":"Fahrradabstellplatz","city":"Munich","address":null,"covered":false,"access":null,"website":null,"phone":null,"source":"OpenStreetMap/node/5730609056","sourceUpdatedAt":null,"verifiedAt":null}},{"type":"Feature","geometry":{"type":"Point","coordinates":[11.5867067,48.1884504]},"properties":{"id":"bikerack:845390c2-f535-4fdb-af0c-cedf57cea0db","kind":"bikerack","longitude":11.5867067,"latitude":48.1884504,"name":"Fahrradabstellplatz","city":"Bogenhausen","address":null,"covered":false,"access":null,"website":null,"phone":null,"source":"OpenStreetMap/node/6899048247","sourceUpdatedAt":null,"verifiedAt":null}},{"type":"Feature","geometry":{"type":"Point","coordinates":[11.5702222,48.187612]},"properties":{"id":"bikerack:85a0eb7d-eb0a-47bf-b0d4-ab13b59a1404","kind":"bikerack","longitude":11.5702222,"latitude":48.187612,"name":"Fahrradabstellplatz","city":"Munich","address":null,"covered":false,"access":null,"website":null,"phone":null,"source":"OpenStreetMap/node/13353839336","sourceUpdatedAt":null,"verifiedAt":null}},{"type":"Feature","geometry":{"type":"Point","coordinates":[11.5881938,48.1715674]},"properties":{"id":"bikerack:85b2803f-aa93-48b8-885e-c10f45761b62","kind":"bikerack","longitude":11.5881938,"latitude":48.1715674,"name":"Fahrradabstellplatz","city":"Bogenhausen","address":null,"covered":false,"access":null,"website":null,"phone":null,"source":"OpenStreetMap/node/8397004778","sourceUpdatedAt":null,"verifiedAt":null}},{"type":"Feature","geometry":{"type":"Point","coordinates":[11.5734612,48.1740176]},"properties":{"id":"bikerack:85b2e7bb-aeb5-4621-be15-d48d3cd6eaa9","kind":"bikerack","longitude":11.5734612,"latitude":48.1740176,"name":"Fahrradabstellplatz","city":"Munich","address":null,"covered":false,"access":null,"website":null,"phone":null,"source":"OpenStreetMap/node/7902521215","sourceUpdatedAt":null,"verifiedAt":null}},{"type":"Feature","geometry":{"type":"Point","coordinates":[11.5706398,48.187275]},"properties":{"id":"bikerack:8985d231-7e46-49aa-bd12-615a34c56394","kind":"bikerack","longitude":11.5706398,"latitude":48.187275,"name":"Fahrradabstellplatz","city":"Munich","address":null,"covered":false,"access":null,"website":null,"phone":null,"source":"OpenStreetMap/node/12431830376","sourceUpdatedAt":null,"verifiedAt":null}},{"type":"Feature","geometry":{"type":"Point","coordinates":[11.5866909,48.16996]},"properties":{"id":"bikerack:89ba898e-d0ea-459c-8208-83c5a4561fcd","kind":"bikerack","longitude":11.5866909,"latitude":48.16996,"name":"Fahrradabstellplatz","city":"Bogenhausen","address":null,"covered":false,"access":null,"website":null,"phone":null,"source":"OpenStreetMap/node/6872911562","sourceUpdatedAt":null,"verifiedAt":null}},{"type":"Feature","geometry":{"type":"Point","coordinates":[11.5852708,48.1713268]},"properties":{"id":"bikerack:8af2846a-add8-443d-914e-56111acaee51","kind":"bikerack","longitude":11.5852708,"latitude":48.1713268,"name":"Fahrradabstellplatz","city":"Munich","address":null,"covered":false,"access":null,"website":null,"phone":null,"source":"OpenStreetMap/node/8927614795","sourceUpdatedAt":null,"verifiedAt":null}},{"type":"Feature","geometry":{"type":"Point","coordinates":[11.5943984,48.1824912]},"properties":{"id":"bikerack:8b8bc4a5-6429-4144-a747-b597ce7da135","kind":"bikerack","longitude":11.5943984,"latitude":48.1824912,"name":"Fahrradabstellplatz","city":"Bogenhausen","address":null,"covered":false,"access":null,"website":null,"phone":null,"source":"OpenStreetMap/way/806564556","sourceUpdatedAt":null,"verifiedAt":null}},{"type":"Feature","geometry":{"type":"Point","coordinates":[11.5691442,48.1917081]},"properties":{"id":"bikerack:8c2980f5-01b6-47f9-aad6-c4efd0be9a4b","kind":"bikerack","longitude":11.5691442,"latitude":48.1917081,"name":"Fahrradabstellplatz","city":"Munich","address":null,"covered":false,"access":null,"website":null,"phone":null,"source":"OpenStreetMap/node/7656968208","sourceUpdatedAt":null,"verifiedAt":null}},{"type":"Feature","geometry":{"type":"Point","coordinates":[11.5716689,48.1933606]},"properties":{"id":"bikerack:8d5a5e59-d894-474a-93f8-862724038363","kind":"bikerack","longitude":11.5716689,"latitude":48.1933606,"name":"Fahrradabstellplatz","city":"Munich","address":null,"covered":true,"access":null,"website":null,"phone":null,"source":"OpenStreetMap/node/1943416019","sourceUpdatedAt":null,"verifiedAt":null}},{"type":"Feature","geometry":{"type":"Point","coordinates":[11.5734344,48.1874291]},"properties":{"id":"bikerack:8dd98222-9342-473b-b376-b6160bb8288f","kind":"bikerack","longitude":11.5734344,"latitude":48.1874291,"name":"Fahrradabstellplatz","city":"Munich","address":null,"covered":false,"access":null,"website":null,"phone":null,"source":"OpenStreetMap/way/1453119867","sourceUpdatedAt":null,"verifiedAt":null}},{"type":"Feature","geometry":{"type":"Point","coordinates":[11.5688821,48.1794408]},"properties":{"id":"bikerack:90fa90ff-e4a2-44d1-b9ce-9096c71f41ca","kind":"bikerack","longitude":11.5688821,"latitude":48.1794408,"name":"Fahrradabstellplatz","city":"Munich","address":null,"covered":false,"access":null,"website":null,"phone":null,"source":"OpenStreetMap/node/11987941356","sourceUpdatedAt":null,"verifiedAt":null}},{"type":"Feature","geometry":{"type":"Point","coordinates":[11.5738534,48.1707374]},"properties":{"id":"bikerack:911190d2-facb-4e62-93e5-3465fe1ae5bb","kind":"bikerack","longitude":11.5738534,"latitude":48.1707374,"name":"Fahrradabstellplatz","city":"Munich","address":null,"covered":false,"access":null,"website":null,"phone":null,"source":"OpenStreetMap/way/1435091894","sourceUpdatedAt":null,"verifiedAt":null}},{"type":"Feature","geometry":{"type":"Point","coordinates":[11.5884352,48.187148]},"properties":{"id":"bikerack:91831d44-1ec4-4696-9b25-348d7d092d87","kind":"bikerack","longitude":11.5884352,"latitude":48.187148,"name":"Fahrradabstellplatz","city":"Bogenhausen","address":null,"covered":false,"access":null,"website":null,"phone":null,"source":"OpenStreetMap/way/1105833282","sourceUpdatedAt":null,"verifiedAt":null}},{"type":"Feature","geometry":{"type":"Point","coordinates":[11.5686594,48.1794164]},"properties":{"id":"bikerack:92f18234-a81a-4241-9a3e-bc65b7443570","kind":"bikerack","longitude":11.5686594,"latitude":48.1794164,"name":"Fahrradabstellplatz","city":"Munich","address":null,"covered":false,"access":null,"website":null,"phone":null,"source":"OpenStreetMap/node/11987941355","sourceUpdatedAt":null,"verifiedAt":null}},{"type":"Feature","geometry":{"type":"Point","coordinates":[11.5728102,48.1724933]},"properties":{"id":"bikerack:94d2578f-5913-4dac-be86-286982b66162","kind":"bikerack","longitude":11.5728102,"latitude":48.1724933,"name":"Fahrradabstellplatz","city":"Munich","address":null,"covered":false,"access":null,"website":null,"phone":null,"source":"OpenStreetMap/node/9953055714","sourceUpdatedAt":null,"verifiedAt":null}},{"type":"Feature","geometry":{"type":"Point","coordinates":[11.5792706,48.1887673]},"properties":{"id":"bikerack:94d5c78f-0593-4e80-ac9b-a55a6fe48bb6","kind":"bikerack","longitude":11.5792706,"latitude":48.1887673,"name":"Connex München","city":"Munich","address":null,"covered":true,"access":null,"website":null,"phone":null,"source":"OpenStreetMap/node/4343693352","sourceUpdatedAt":null,"verifiedAt":null}},{"type":"Feature","geometry":{"type":"Point","coordinates":[11.5666641,48.1912724]},"properties":{"id":"bikerack:95bc9190-226f-4e45-a894-b62ee325433b","kind":"bikerack","longitude":11.5666641,"latitude":48.1912724,"name":"Fahrradabstellplatz","city":"Munich","address":null,"covered":false,"access":null,"website":null,"phone":null,"source":"OpenStreetMap/way/1285348108","sourceUpdatedAt":null,"verifiedAt":null}},{"type":"Feature","geometry":{"type":"Point","coordinates":[11.5766109,48.1750043]},"properties":{"id":"bikerack:98842085-e1a9-4781-8ab4-95aaee26b976","kind":"bikerack","longitude":11.5766109,"latitude":48.1750043,"name":"Fahrradabstellplatz","city":"Munich","address":null,"covered":false,"access":null,"website":null,"phone":null,"source":"OpenStreetMap/way/1184993776","sourceUpdatedAt":null,"verifiedAt":null}},{"type":"Feature","geometry":{"type":"Point","coordinates":[11.5920012,48.1823575]},"properties":{"id":"bikerack:99558409-8c87-4f65-972c-209ff79e169d","kind":"bikerack","longitude":11.5920012,"latitude":48.1823575,"name":"Fahrradabstellplatz","city":"Bogenhausen","address":null,"covered":false,"access":null,"website":null,"phone":null,"source":"OpenStreetMap/node/13018504421","sourceUpdatedAt":null,"verifiedAt":null}},{"type":"Feature","geometry":{"type":"Point","coordinates":[11.588425,48.1715811]},"properties":{"id":"bikerack:999444d1-eb39-4fb2-b6a4-03106102c2b2","kind":"bikerack","longitude":11.588425,"latitude":48.1715811,"name":"Fahrradabstellplatz","city":"Bogenhausen","address":null,"covered":false,"access":null,"website":null,"phone":null,"source":"OpenStreetMap/node/8397004779","sourceUpdatedAt":null,"verifiedAt":null}},{"type":"Feature","geometry":{"type":"Point","coordinates":[11.5920935,48.1818353]},"properties":{"id":"bikerack:9a84b680-2865-4002-a419-1a3769cdb9f5","kind":"bikerack","longitude":11.5920935,"latitude":48.1818353,"name":"Fahrradabstellplatz","city":"Bogenhausen","address":null,"covered":false,"access":null,"website":null,"phone":null,"source":"OpenStreetMap/node/13018477926","sourceUpdatedAt":null,"verifiedAt":null}},{"type":"Feature","geometry":{"type":"Point","coordinates":[11.5863273,48.1864579]},"properties":{"id":"bikerack:9b6f19fe-4f01-4545-a335-759f6c2e637c","kind":"bikerack","longitude":11.5863273,"latitude":48.1864579,"name":"Fahrradabstellplatz","city":"Bogenhausen","address":null,"covered":false,"access":null,"website":null,"phone":null,"source":"OpenStreetMap/node/8755705784","sourceUpdatedAt":null,"verifiedAt":null}},{"type":"Feature","geometry":{"type":"Point","coordinates":[11.5953289,48.1865892]},"properties":{"id":"bikerack:9c9af2b0-0bc1-4626-9fcc-8a7d0a5cffea","kind":"bikerack","longitude":11.5953289,"latitude":48.1865892,"name":"Fahrradabstellplatz","city":"Bogenhausen","address":null,"covered":false,"access":null,"website":null,"phone":null,"source":"OpenStreetMap/way/1106188608","sourceUpdatedAt":null,"verifiedAt":null}},{"type":"Feature","geometry":{"type":"Point","coordinates":[11.5935163,48.1709975]},"properties":{"id":"bikerack:9cf85634-0c64-41a9-b8d2-1fcc27bbb6d6","kind":"bikerack","longitude":11.5935163,"latitude":48.1709975,"name":"Fahrradabstellplatz","city":"Bogenhausen","address":null,"covered":false,"access":null,"website":null,"phone":null,"source":"OpenStreetMap/way/1099883537","sourceUpdatedAt":null,"verifiedAt":null}},{"type":"Feature","geometry":{"type":"Point","coordinates":[11.5713121,48.1746238]},"properties":{"id":"bikerack:9eb4111e-9b81-46aa-ab54-c32b6fa6aaa6","kind":"bikerack","longitude":11.5713121,"latitude":48.1746238,"name":"Fahrradabstellplatz","city":"Munich","address":null,"covered":false,"access":null,"website":null,"phone":null,"source":"OpenStreetMap/node/11181462849","sourceUpdatedAt":null,"verifiedAt":null}},{"type":"Feature","geometry":{"type":"Point","coordinates":[11.5790013,48.1731693]},"properties":{"id":"bikerack:9f2763f5-9079-408e-8d30-f03083c6a826","kind":"bikerack","longitude":11.5790013,"latitude":48.1731693,"name":"Fahrradabstellplatz","city":"Munich","address":null,"covered":true,"access":null,"website":null,"phone":null,"source":"OpenStreetMap/node/8882573625","sourceUpdatedAt":null,"verifiedAt":null}},{"type":"Feature","geometry":{"type":"Point","coordinates":[11.592026,48.1823982]},"properties":{"id":"bikerack:a07b7c27-887d-44ca-91a4-96cb4b5a3123","kind":"bikerack","longitude":11.592026,"latitude":48.1823982,"name":"Fahrradabstellplatz","city":"Bogenhausen","address":null,"covered":false,"access":null,"website":null,"phone":null,"source":"OpenStreetMap/node/13018504420","sourceUpdatedAt":null,"verifiedAt":null}},{"type":"Feature","geometry":{"type":"Point","coordinates":[11.5766441,48.189351]},"properties":{"id":"bikerack:a2d0587f-7983-4a74-8aca-07b83b1f7d96","kind":"bikerack","longitude":11.5766441,"latitude":48.189351,"name":"Fahrradabstellplatz","city":"Munich","address":null,"covered":false,"access":null,"website":null,"phone":null,"source":"OpenStreetMap/node/10224204026","sourceUpdatedAt":null,"verifiedAt":null}},{"type":"Feature","geometry":{"type":"Point","coordinates":[11.5723184,48.1757977]},"properties":{"id":"bikerack:a608e26d-ea51-4182-b1ef-b9e2024fd36b","kind":"bikerack","longitude":11.5723184,"latitude":48.1757977,"name":"Fahrradabstellplatz","city":"Munich","address":null,"covered":false,"access":null,"website":null,"phone":null,"source":"OpenStreetMap/way/481398312","sourceUpdatedAt":null,"verifiedAt":null}},{"type":"Feature","geometry":{"type":"Point","coordinates":[11.5671851,48.1753467]},"properties":{"id":"bikerack:a7776328-2fe7-4bf0-891d-72d2d3072367","kind":"bikerack","longitude":11.5671851,"latitude":48.1753467,"name":"Fahrradabstellplatz","city":"Munich","address":null,"covered":false,"access":null,"website":null,"phone":null,"source":"OpenStreetMap/node/11648522664","sourceUpdatedAt":null,"verifiedAt":null}},{"type":"Feature","geometry":{"type":"Point","coordinates":[11.5853976,48.1826249]},"properties":{"id":"bikerack:a78aa065-c973-42e7-a832-128219d0927d","kind":"bikerack","longitude":11.5853976,"latitude":48.1826249,"name":"Fahrradabstellplatz","city":"Bogenhausen","address":null,"covered":true,"access":null,"website":null,"phone":null,"source":"OpenStreetMap/node/10159254412","sourceUpdatedAt":null,"verifiedAt":null}},{"type":"Feature","geometry":{"type":"Point","coordinates":[11.5693509,48.1914663]},"properties":{"id":"bikerack:a9476a6d-4b4e-4081-93fa-8672dc8deb8d","kind":"bikerack","longitude":11.5693509,"latitude":48.1914663,"name":"Fahrradabstellplatz","city":"Munich","address":null,"covered":false,"access":null,"website":null,"phone":null,"source":"OpenStreetMap/way/377671642","sourceUpdatedAt":null,"verifiedAt":null}},{"type":"Feature","geometry":{"type":"Point","coordinates":[11.5916605,48.1676816]},"properties":{"id":"bikerack:a978386a-9158-4fbf-a8b6-128ee8b798c0","kind":"bikerack","longitude":11.5916605,"latitude":48.1676816,"name":"Fahrradabstellplatz","city":"Bogenhausen","address":null,"covered":false,"access":null,"website":null,"phone":null,"source":"OpenStreetMap/node/11100005482","sourceUpdatedAt":null,"verifiedAt":null}},{"type":"Feature","geometry":{"type":"Point","coordinates":[11.5721782,48.1876705]},"properties":{"id":"bikerack:a9d2bfa2-5909-4518-bb00-aca831b82553","kind":"bikerack","longitude":11.5721782,"latitude":48.1876705,"name":"Fahrradabstellplatz","city":"Munich","address":null,"covered":false,"access":null,"website":null,"phone":null,"source":"OpenStreetMap/node/11101400203","sourceUpdatedAt":null,"verifiedAt":null}},{"type":"Feature","geometry":{"type":"Point","coordinates":[11.575983,48.1817717]},"properties":{"id":"bikerack:abcb7227-6470-4a72-9951-4a4b8a857b99","kind":"bikerack","longitude":11.575983,"latitude":48.1817717,"name":"Fahrradabstellplatz","city":"Munich","address":null,"covered":false,"access":null,"website":null,"phone":null,"source":"OpenStreetMap/way/1324065913","sourceUpdatedAt":null,"verifiedAt":null}},{"type":"Feature","geometry":{"type":"Point","coordinates":[11.5673957,48.1706289]},"properties":{"id":"bikerack:abffe2ed-2bda-4310-b074-04b1880438d2","kind":"bikerack","longitude":11.5673957,"latitude":48.1706289,"name":"Fahrradabstellplatz","city":"Munich","address":null,"covered":false,"access":null,"website":null,"phone":null,"source":"OpenStreetMap/node/11269962785","sourceUpdatedAt":null,"verifiedAt":null}},{"type":"Feature","geometry":{"type":"Point","coordinates":[11.5919039,48.1871971]},"properties":{"id":"bikerack:acbb72c7-5ad4-47d8-bc7f-60b9c7bf99d7","kind":"bikerack","longitude":11.5919039,"latitude":48.1871971,"name":"Fahrradabstellplatz","city":"Bogenhausen","address":null,"covered":false,"access":null,"website":null,"phone":null,"source":"OpenStreetMap/node/7476400871","sourceUpdatedAt":null,"verifiedAt":null}},{"type":"Feature","geometry":{"type":"Point","coordinates":[11.5740549,48.1717931]},"properties":{"id":"bikerack:ace4e59c-142c-406f-8692-4aaf48880653","kind":"bikerack","longitude":11.5740549,"latitude":48.1717931,"name":"Fahrradabstellplatz","city":"Munich","address":null,"covered":false,"access":null,"website":null,"phone":null,"source":"OpenStreetMap/node/7902517295","sourceUpdatedAt":null,"verifiedAt":null}},{"type":"Feature","geometry":{"type":"Point","coordinates":[11.5729858,48.1819717]},"properties":{"id":"bikerack:ace51a0a-538f-4d5e-961f-f75233887ef1","kind":"bikerack","longitude":11.5729858,"latitude":48.1819717,"name":"Fahrradabstellplatz","city":"Munich","address":null,"covered":false,"access":null,"website":null,"phone":null,"source":"OpenStreetMap/node/4697460475","sourceUpdatedAt":null,"verifiedAt":null}},{"type":"Feature","geometry":{"type":"Point","coordinates":[11.5611859,48.1752114]},"properties":{"id":"bikerack:ad744c6e-ed6f-4572-af37-06baf767983d","kind":"bikerack","longitude":11.5611859,"latitude":48.1752114,"name":"Fahrradabstellplatz","city":"Munich","address":null,"covered":false,"access":null,"website":null,"phone":null,"source":"OpenStreetMap/node/9966545295","sourceUpdatedAt":null,"verifiedAt":null}},{"type":"Feature","geometry":{"type":"Point","coordinates":[11.5738476,48.1705521]},"properties":{"id":"bikerack:ad7aee5f-cab2-46e7-8652-cb0853b02766","kind":"bikerack","longitude":11.5738476,"latitude":48.1705521,"name":"Fahrradabstellplatz","city":"Munich","address":null,"covered":false,"access":null,"website":null,"phone":null,"source":"OpenStreetMap/way/1374456759","sourceUpdatedAt":null,"verifiedAt":null}},{"type":"Feature","geometry":{"type":"Point","coordinates":[11.5789804,48.1899451]},"properties":{"id":"bikerack:ae2c742d-28f0-46d2-a55a-a0ccd9b9f3b4","kind":"bikerack","longitude":11.5789804,"latitude":48.1899451,"name":"Fahrradabstellplatz","city":"Munich","address":null,"covered":false,"access":null,"website":null,"phone":null,"source":"OpenStreetMap/way/1448598039","sourceUpdatedAt":null,"verifiedAt":null}},{"type":"Feature","geometry":{"type":"Point","coordinates":[11.5890584,48.187362]},"properties":{"id":"bikerack:af089067-aad4-43dc-938d-66fdd5daecd3","kind":"bikerack","longitude":11.5890584,"latitude":48.187362,"name":"Fahrradabstellplatz","city":"Bogenhausen","address":null,"covered":false,"access":null,"website":null,"phone":null,"source":"OpenStreetMap/way/1105833278","sourceUpdatedAt":null,"verifiedAt":null}},{"type":"Feature","geometry":{"type":"Point","coordinates":[11.5869035,48.174746]},"properties":{"id":"bikerack:afef6cc0-5404-4808-a489-662449281e14","kind":"bikerack","longitude":11.5869035,"latitude":48.174746,"name":"Fahrradabstellplatz","city":"Bogenhausen","address":null,"covered":false,"access":null,"website":null,"phone":null,"source":"OpenStreetMap/node/13125467417","sourceUpdatedAt":null,"verifiedAt":null}},{"type":"Feature","geometry":{"type":"Point","coordinates":[11.5736723,48.1705239]},"properties":{"id":"bikerack:b237347b-dfbe-4400-bce2-a11d3ebe5a25","kind":"bikerack","longitude":11.5736723,"latitude":48.1705239,"name":"Fahrradabstellplatz","city":"Munich","address":null,"covered":false,"access":null,"website":null,"phone":null,"source":"OpenStreetMap/way/1086241773","sourceUpdatedAt":null,"verifiedAt":null}},{"type":"Feature","geometry":{"type":"Point","coordinates":[11.573978,48.1731518]},"properties":{"id":"bikerack:b27519be-bae2-4d58-83e7-996ddd3f35b5","kind":"bikerack","longitude":11.573978,"latitude":48.1731518,"name":"Fahrradabstellplatz","city":"Munich","address":null,"covered":false,"access":null,"website":null,"phone":null,"source":"OpenStreetMap/node/7902938974","sourceUpdatedAt":null,"verifiedAt":null}},{"type":"Feature","geometry":{"type":"Point","coordinates":[11.5855777,48.1855487]},"properties":{"id":"bikerack:b289650d-13b3-406c-803e-a029f6bf36ee","kind":"bikerack","longitude":11.5855777,"latitude":48.1855487,"name":"Fahrradabstellplatz","city":"Bogenhausen","address":null,"covered":true,"access":null,"website":null,"phone":null,"source":"OpenStreetMap/node/2625377017","sourceUpdatedAt":null,"verifiedAt":null}},{"type":"Feature","geometry":{"type":"Point","coordinates":[11.5876965,48.1717341]},"properties":{"id":"bikerack:b2e90257-6bd1-4117-af73-e8662644892c","kind":"bikerack","longitude":11.5876965,"latitude":48.1717341,"name":"Fahrradabstellplatz","city":"Bogenhausen","address":null,"covered":false,"access":null,"website":null,"phone":null,"source":"OpenStreetMap/node/8397004776","sourceUpdatedAt":null,"verifiedAt":null}},{"type":"Feature","geometry":{"type":"Point","coordinates":[11.5719224,48.1663033]},"properties":{"id":"bikerack:b3c5b895-de41-4b5d-83fc-b24c72b507e6","kind":"bikerack","longitude":11.5719224,"latitude":48.1663033,"name":"Fahrradabstellplatz","city":"Munich","address":null,"covered":false,"access":null,"website":null,"phone":null,"source":"OpenStreetMap/node/3280127028","sourceUpdatedAt":null,"verifiedAt":null}},{"type":"Feature","geometry":{"type":"Point","coordinates":[11.5736116,48.1746915]},"properties":{"id":"bikerack:b54df761-fda5-42c6-9cf0-55bb256e891e","kind":"bikerack","longitude":11.5736116,"latitude":48.1746915,"name":"Fahrradabstellplatz","city":"Munich","address":null,"covered":false,"access":null,"website":null,"phone":null,"source":"OpenStreetMap/node/4866608899","sourceUpdatedAt":null,"verifiedAt":null}},{"type":"Feature","geometry":{"type":"Point","coordinates":[11.5944696,48.1810762]},"properties":{"id":"bikerack:b58fadb1-8f16-4817-a710-8cd15244cb7f","kind":"bikerack","longitude":11.5944696,"latitude":48.1810762,"name":"Fahrradabstellplatz","city":"Bogenhausen","address":null,"covered":false,"access":null,"website":null,"phone":null,"source":"OpenStreetMap/node/8750942343","sourceUpdatedAt":null,"verifiedAt":null}},{"type":"Feature","geometry":{"type":"Point","coordinates":[11.5758098,48.1697632]},"properties":{"id":"bikerack:b619910c-af82-4307-b874-afb10081bd17","kind":"bikerack","longitude":11.5758098,"latitude":48.1697632,"name":"Fahrradabstellplatz","city":"Munich","address":null,"covered":false,"access":null,"website":null,"phone":null,"source":"OpenStreetMap/node/1693273974","sourceUpdatedAt":null,"verifiedAt":null}},{"type":"Feature","geometry":{"type":"Point","coordinates":[11.5754766,48.1830904]},"properties":{"id":"bikerack:b7201d44-16b1-4178-99ae-fc9e5b822dd8","kind":"bikerack","longitude":11.5754766,"latitude":48.1830904,"name":"Fahrradabstellplatz","city":"Munich","address":null,"covered":false,"access":null,"website":null,"phone":null,"source":"OpenStreetMap/node/6636885982","sourceUpdatedAt":null,"verifiedAt":null}},{"type":"Feature","geometry":{"type":"Point","coordinates":[11.5707289,48.1894164]},"properties":{"id":"bikerack:b823b23b-cd0f-458d-8a09-0e6df4ccbca6","kind":"bikerack","longitude":11.5707289,"latitude":48.1894164,"name":"Fahrradabstellplatz","city":"Munich","address":null,"covered":false,"access":null,"website":null,"phone":null,"source":"OpenStreetMap/way/1087778003","sourceUpdatedAt":null,"verifiedAt":null}},{"type":"Feature","geometry":{"type":"Point","coordinates":[11.5906002,48.1933012]},"properties":{"id":"bikerack:b9d7264a-e436-4b02-829f-4360f930cfcb","kind":"bikerack","longitude":11.5906002,"latitude":48.1933012,"name":"Fahrradabstellplatz","city":"Bogenhausen","address":null,"covered":false,"access":null,"website":null,"phone":null,"source":"OpenStreetMap/node/9987914790","sourceUpdatedAt":null,"verifiedAt":null}},{"type":"Feature","geometry":{"type":"Point","coordinates":[11.5723531,48.1873463]},"properties":{"id":"bikerack:bd7e9ae9-0a8e-4a56-a8f5-590b8366636f","kind":"bikerack","longitude":11.5723531,"latitude":48.1873463,"name":"Fahrradabstellplatz","city":"Munich","address":null,"covered":false,"access":null,"website":null,"phone":null,"source":"OpenStreetMap/way/1453119866","sourceUpdatedAt":null,"verifiedAt":null}},{"type":"Feature","geometry":{"type":"Point","coordinates":[11.5734127,48.1744305]},"properties":{"id":"bikerack:be0c9f8a-0591-4078-9edc-25751b5b3091","kind":"bikerack","longitude":11.5734127,"latitude":48.1744305,"name":"Fahrradabstellplatz","city":"Munich","address":null,"covered":false,"access":null,"website":null,"phone":null,"source":"OpenStreetMap/node/3687926310","sourceUpdatedAt":null,"verifiedAt":null}},{"type":"Feature","geometry":{"type":"Point","coordinates":[11.5869941,48.1838832]},"properties":{"id":"bikerack:bf8e8ec5-7cf1-4f52-a305-ec650238566f","kind":"bikerack","longitude":11.5869941,"latitude":48.1838832,"name":"Fahrradabstellplatz","city":"Bogenhausen","address":null,"covered":false,"access":null,"website":null,"phone":null,"source":"OpenStreetMap/node/10021332054","sourceUpdatedAt":null,"verifiedAt":null}},{"type":"Feature","geometry":{"type":"Point","coordinates":[11.5733711,48.1725199]},"properties":{"id":"bikerack:c0243ee7-69b5-4820-9cf6-48ff53d43c09","kind":"bikerack","longitude":11.5733711,"latitude":48.1725199,"name":"Fahrradabstellplatz","city":"Munich","address":null,"covered":false,"access":null,"website":null,"phone":null,"source":"OpenStreetMap/way/1162393776","sourceUpdatedAt":null,"verifiedAt":null}},{"type":"Feature","geometry":{"type":"Point","coordinates":[11.560444,48.1743232]},"properties":{"id":"bikerack:c100f736-03f1-41b3-878a-89635d6599cf","kind":"bikerack","longitude":11.560444,"latitude":48.1743232,"name":"Fahrradabstellplatz","city":"Munich","address":null,"covered":false,"access":null,"website":null,"phone":null,"source":"OpenStreetMap/node/9676696478","sourceUpdatedAt":null,"verifiedAt":null}},{"type":"Feature","geometry":{"type":"Point","coordinates":[11.5639405,48.1928256]},"properties":{"id":"bikerack:c1808ec9-8563-4baa-844f-ce4cc7f47a0b","kind":"bikerack","longitude":11.5639405,"latitude":48.1928256,"name":"Fahrradabstellplatz","city":"Munich","address":null,"covered":false,"access":null,"website":null,"phone":null,"source":"OpenStreetMap/way/1285348113","sourceUpdatedAt":null,"verifiedAt":null}},{"type":"Feature","geometry":{"type":"Point","coordinates":[11.5727721,48.1706448]},"properties":{"id":"bikerack:c1da297e-8fb9-42aa-bfdd-5bd8c2f9718b","kind":"bikerack","longitude":11.5727721,"latitude":48.1706448,"name":"Fahrradabstellplatz","city":"Munich","address":null,"covered":false,"access":null,"website":null,"phone":null,"source":"OpenStreetMap/way/1162393777","sourceUpdatedAt":null,"verifiedAt":null}},{"type":"Feature","geometry":{"type":"Point","coordinates":[11.5728448,48.18174]},"properties":{"id":"bikerack:c2718431-57db-4d75-a8c0-8fa708d4f0de","kind":"bikerack","longitude":11.5728448,"latitude":48.18174,"name":"Fahrradabstellplatz","city":"Munich","address":null,"covered":false,"access":null,"website":null,"phone":null,"source":"OpenStreetMap/node/4697460473","sourceUpdatedAt":null,"verifiedAt":null}},{"type":"Feature","geometry":{"type":"Point","coordinates":[11.5907036,48.1668114]},"properties":{"id":"bikerack:c51cf82f-1ef2-42a2-921b-29650b06a012","kind":"bikerack","longitude":11.5907036,"latitude":48.1668114,"name":"Fahrradabstellplatz","city":"Bogenhausen","address":null,"covered":false,"access":null,"website":null,"phone":null,"source":"OpenStreetMap/way/1196134374","sourceUpdatedAt":null,"verifiedAt":null}},{"type":"Feature","geometry":{"type":"Point","coordinates":[11.5833078,48.1828293]},"properties":{"id":"bikerack:c5cee2ba-67b6-4cfa-be3f-94b21a390bcb","kind":"bikerack","longitude":11.5833078,"latitude":48.1828293,"name":"Fahrradabstellplatz","city":"Bogenhausen","address":null,"covered":false,"access":null,"website":null,"phone":null,"source":"OpenStreetMap/node/6109947262","sourceUpdatedAt":null,"verifiedAt":null}},{"type":"Feature","geometry":{"type":"Point","coordinates":[11.5735327,48.1725843]},"properties":{"id":"bikerack:c6a5215c-5a1e-4c8b-a067-61ca28c50054","kind":"bikerack","longitude":11.5735327,"latitude":48.1725843,"name":"Fahrradabstellplatz","city":"Munich","address":null,"covered":false,"access":null,"website":null,"phone":null,"source":"OpenStreetMap/node/7902938569","sourceUpdatedAt":null,"verifiedAt":null}},{"type":"Feature","geometry":{"type":"Point","coordinates":[11.5980561,48.1753115]},"properties":{"id":"bikerack:c7939ab4-0bb2-4e9c-a0ee-0a88e974aaf8","kind":"bikerack","longitude":11.5980561,"latitude":48.1753115,"name":"Fahrradabstellplatz","city":"Bogenhausen","address":null,"covered":false,"access":null,"website":null,"phone":null,"source":"OpenStreetMap/node/12650462276","sourceUpdatedAt":null,"verifiedAt":null}},{"type":"Feature","geometry":{"type":"Point","coordinates":[11.5859329,48.1837702]},"properties":{"id":"bikerack:c82c55e9-4e37-4982-a82f-ef4158671c98","kind":"bikerack","longitude":11.5859329,"latitude":48.1837702,"name":"Fahrradabstellplatz","city":"Bogenhausen","address":null,"covered":false,"access":null,"website":null,"phone":null,"source":"OpenStreetMap/node/4288164428","sourceUpdatedAt":null,"verifiedAt":null}},{"type":"Feature","geometry":{"type":"Point","coordinates":[11.5750334,48.1835713]},"properties":{"id":"bikerack:c8dff61e-2e2c-4f07-8b64-601e73b5deeb","kind":"bikerack","longitude":11.5750334,"latitude":48.1835713,"name":"Fahrradabstellplatz","city":"Munich","address":null,"covered":false,"access":null,"website":null,"phone":null,"source":"OpenStreetMap/node/7699868115","sourceUpdatedAt":null,"verifiedAt":null}},{"type":"Feature","geometry":{"type":"Point","coordinates":[11.5668038,48.1827684]},"properties":{"id":"bikerack:c8ed6d20-e916-4185-99df-8c5bafc60f28","kind":"bikerack","longitude":11.5668038,"latitude":48.1827684,"name":"Fahrradabstellplatz","city":"Munich","address":null,"covered":false,"access":null,"website":null,"phone":null,"source":"OpenStreetMap/node/13176478896","sourceUpdatedAt":null,"verifiedAt":null}},{"type":"Feature","geometry":{"type":"Point","coordinates":[11.5879087,48.1870585]},"properties":{"id":"bikerack:c9cec9db-1fa6-43d3-8417-79099ee07cd6","kind":"bikerack","longitude":11.5879087,"latitude":48.1870585,"name":"Fahrradabstellplatz","city":"Bogenhausen","address":null,"covered":false,"access":null,"website":null,"phone":null,"source":"OpenStreetMap/node/8808607183","sourceUpdatedAt":null,"verifiedAt":null}},{"type":"Feature","geometry":{"type":"Point","coordinates":[11.5669326,48.1818261]},"properties":{"id":"bikerack:ca087778-99a7-4f53-b2ae-c73ee96c9cf2","kind":"bikerack","longitude":11.5669326,"latitude":48.1818261,"name":"Fahrradabstellplatz","city":"Munich","address":null,"covered":false,"access":null,"website":null,"phone":null,"source":"OpenStreetMap/way/1381623453","sourceUpdatedAt":null,"verifiedAt":null}},{"type":"Feature","geometry":{"type":"Point","coordinates":[11.5922458,48.187156]},"properties":{"id":"bikerack:cb57e53a-c7b3-48cb-aa63-4e7520f248c7","kind":"bikerack","longitude":11.5922458,"latitude":48.187156,"name":"Fahrradabstellplatz","city":"Bogenhausen","address":null,"covered":false,"access":null,"website":null,"phone":null,"source":"OpenStreetMap/node/7476400872","sourceUpdatedAt":null,"verifiedAt":null}},{"type":"Feature","geometry":{"type":"Point","coordinates":[11.5972362,48.1750661]},"properties":{"id":"bikerack:cbb897a7-e026-4b25-9b08-b25275ebe07e","kind":"bikerack","longitude":11.5972362,"latitude":48.1750661,"name":"Fahrradabstellplatz","city":"Bogenhausen","address":null,"covered":false,"access":null,"website":null,"phone":null,"source":"OpenStreetMap/node/12650571025","sourceUpdatedAt":null,"verifiedAt":null}},{"type":"Feature","geometry":{"type":"Point","coordinates":[11.5739988,48.173036]},"properties":{"id":"bikerack:cd27000a-88eb-4d05-9a5c-10b185b8fb66","kind":"bikerack","longitude":11.5739988,"latitude":48.173036,"name":"Fahrradabstellplatz","city":"Munich","address":null,"covered":false,"access":null,"website":null,"phone":null,"source":"OpenStreetMap/node/7902938973","sourceUpdatedAt":null,"verifiedAt":null}},{"type":"Feature","geometry":{"type":"Point","coordinates":[11.5923455,48.1821982]},"properties":{"id":"bikerack:cde34fff-a671-47e0-97c1-c598b2a20f83","kind":"bikerack","longitude":11.5923455,"latitude":48.1821982,"name":"Fahrradabstellplatz","city":"Bogenhausen","address":null,"covered":true,"access":null,"website":null,"phone":null,"source":"OpenStreetMap/node/13018504426","sourceUpdatedAt":null,"verifiedAt":null}},{"type":"Feature","geometry":{"type":"Point","coordinates":[11.567978,48.1878905]},"properties":{"id":"bikerack:ce8d1c2b-8ac4-4160-8112-90ab7943a461","kind":"bikerack","longitude":11.567978,"latitude":48.1878905,"name":"Fahrradabstellplatz","city":"Munich","address":null,"covered":false,"access":null,"website":null,"phone":null,"source":"OpenStreetMap/node/5368626757","sourceUpdatedAt":null,"verifiedAt":null}},{"type":"Feature","geometry":{"type":"Point","coordinates":[11.5816967,48.1755256]},"properties":{"id":"bikerack:cff925d0-40fa-4896-9517-48e0cc5227f9","kind":"bikerack","longitude":11.5816967,"latitude":48.1755256,"name":"Fahrradabstellplatz","city":"Munich","address":null,"covered":false,"access":null,"website":null,"phone":null,"source":"OpenStreetMap/node/12722585764","sourceUpdatedAt":null,"verifiedAt":null}},{"type":"Feature","geometry":{"type":"Point","coordinates":[11.5895912,48.1756142]},"properties":{"id":"bikerack:d017cb5a-c8b3-482b-afa2-c2beebded89d","kind":"bikerack","longitude":11.5895912,"latitude":48.1756142,"name":"Fahrradabstellplatz","city":"Bogenhausen","address":null,"covered":false,"access":null,"website":null,"phone":null,"source":"OpenStreetMap/way/411678838","sourceUpdatedAt":null,"verifiedAt":null}},{"type":"Feature","geometry":{"type":"Point","coordinates":[11.572503,48.1857003]},"properties":{"id":"bikerack:d024d8e4-84cb-402d-b460-7eacc509cbcb","kind":"bikerack","longitude":11.572503,"latitude":48.1857003,"name":"Fahrradabstellplatz","city":"Munich","address":null,"covered":false,"access":null,"website":null,"phone":null,"source":"OpenStreetMap/node/11920530267","sourceUpdatedAt":null,"verifiedAt":null}},{"type":"Feature","geometry":{"type":"Point","coordinates":[11.5648447,48.1763352]},"properties":{"id":"bikerack:d122a56d-7abe-47fd-97cf-8302fc367bee","kind":"bikerack","longitude":11.5648447,"latitude":48.1763352,"name":"Fahrradabstellplatz","city":"Munich","address":null,"covered":false,"access":null,"website":null,"phone":null,"source":"OpenStreetMap/way/1079276729","sourceUpdatedAt":null,"verifiedAt":null}},{"type":"Feature","geometry":{"type":"Point","coordinates":[11.5918516,48.1863727]},"properties":{"id":"bikerack:d1e391c4-3cb8-480b-b8ae-084762622809","kind":"bikerack","longitude":11.5918516,"latitude":48.1863727,"name":"Fahrradabstellplatz","city":"Bogenhausen","address":null,"covered":false,"access":null,"website":null,"phone":null,"source":"OpenStreetMap/node/7476384005","sourceUpdatedAt":null,"verifiedAt":null}},{"type":"Feature","geometry":{"type":"Point","coordinates":[11.5868314,48.1703164]},"properties":{"id":"bikerack:d3b4d951-37be-45e5-9eea-859ebf04af82","kind":"bikerack","longitude":11.5868314,"latitude":48.1703164,"name":"Fahrradabstellplatz","city":"Bogenhausen","address":null,"covered":false,"access":null,"website":null,"phone":null,"source":"OpenStreetMap/node/6872910735","sourceUpdatedAt":null,"verifiedAt":null}},{"type":"Feature","geometry":{"type":"Point","coordinates":[11.5694273,48.1919049]},"properties":{"id":"bikerack:d3d58134-aa44-4951-8a9e-9ab518823c55","kind":"bikerack","longitude":11.5694273,"latitude":48.1919049,"name":"Fahrradabstellplatz","city":"Munich","address":null,"covered":false,"access":null,"website":null,"phone":null,"source":"OpenStreetMap/way/43226861","sourceUpdatedAt":null,"verifiedAt":null}},{"type":"Feature","geometry":{"type":"Point","coordinates":[11.5719741,48.1950325]},"properties":{"id":"bikerack:d496727b-75e0-46ae-a353-579f487cf483","kind":"bikerack","longitude":11.5719741,"latitude":48.1950325,"name":"Fahrradabstellplatz","city":"Oberschleissheim","address":null,"covered":false,"access":null,"website":null,"phone":null,"source":"OpenStreetMap/node/3796764698","sourceUpdatedAt":null,"verifiedAt":null}},{"type":"Feature","geometry":{"type":"Point","coordinates":[11.5942121,48.1803943]},"properties":{"id":"bikerack:daa99368-4346-4a29-a451-aaa22f602acf","kind":"bikerack","longitude":11.5942121,"latitude":48.1803943,"name":"Fahrradabstellplatz","city":"Bogenhausen","address":null,"covered":false,"access":null,"website":null,"phone":null,"source":"OpenStreetMap/node/6807845997","sourceUpdatedAt":null,"verifiedAt":null}},{"type":"Feature","geometry":{"type":"Point","coordinates":[11.5876858,48.1718737]},"properties":{"id":"bikerack:dae61a9b-9fd7-4891-acd0-c366dd206239","kind":"bikerack","longitude":11.5876858,"latitude":48.1718737,"name":"Fahrradabstellplatz","city":"Bogenhausen","address":null,"covered":false,"access":null,"website":null,"phone":null,"source":"OpenStreetMap/node/8397004777","sourceUpdatedAt":null,"verifiedAt":null}},{"type":"Feature","geometry":{"type":"Point","coordinates":[11.5686977,48.1677339]},"properties":{"id":"bikerack:dbd948ae-8d82-4f1a-b9c9-4da708e84c81","kind":"bikerack","longitude":11.5686977,"latitude":48.1677339,"name":"Fahrradabstellplatz","city":"Munich","address":null,"covered":false,"access":null,"website":null,"phone":null,"source":"OpenStreetMap/node/13391361762","sourceUpdatedAt":null,"verifiedAt":null}},{"type":"Feature","geometry":{"type":"Point","coordinates":[11.5868411,48.1837636]},"properties":{"id":"bikerack:dd9fbf79-625b-4cdf-b92f-16e5ce80c6c8","kind":"bikerack","longitude":11.5868411,"latitude":48.1837636,"name":"Fahrradabstellplatz","city":"Bogenhausen","address":null,"covered":false,"access":null,"website":null,"phone":null,"source":"OpenStreetMap/node/10021332055","sourceUpdatedAt":null,"verifiedAt":null}},{"type":"Feature","geometry":{"type":"Point","coordinates":[11.6011983,48.1708369]},"properties":{"id":"bikerack:dde05b89-9dfb-4126-b69c-9c429f0bfd1d","kind":"bikerack","longitude":11.6011983,"latitude":48.1708369,"name":"Fahrradabstellplatz","city":"Bogenhausen","address":null,"covered":false,"access":null,"website":null,"phone":null,"source":"OpenStreetMap/node/6525491285","sourceUpdatedAt":null,"verifiedAt":null}},{"type":"Feature","geometry":{"type":"Point","coordinates":[11.5757859,48.1805725]},"properties":{"id":"bikerack:dfc49246-3f8e-4d33-b9f9-3d88b776d059","kind":"bikerack","longitude":11.5757859,"latitude":48.1805725,"name":"Fahrradabstellplatz","city":"Munich","address":null,"covered":false,"access":null,"website":null,"phone":null,"source":"OpenStreetMap/node/12185567670","sourceUpdatedAt":null,"verifiedAt":null}},{"type":"Feature","geometry":{"type":"Point","coordinates":[11.5930239,48.1766406]},"properties":{"id":"bikerack:e24f4a6a-de55-4dc5-aae7-7436d946d067","kind":"bikerack","longitude":11.5930239,"latitude":48.1766406,"name":"Fahrradabstellplatz","city":"Bogenhausen","address":null,"covered":false,"access":null,"website":null,"phone":null,"source":"OpenStreetMap/node/3659045570","sourceUpdatedAt":null,"verifiedAt":null}},{"type":"Feature","geometry":{"type":"Point","coordinates":[11.5768882,48.1703089]},"properties":{"id":"bikerack:e4b853fa-8cda-41f4-afe7-3ed076c2b151","kind":"bikerack","longitude":11.5768882,"latitude":48.1703089,"name":"Fahrradabstellplatz","city":"Munich","address":null,"covered":false,"access":null,"website":null,"phone":null,"source":"OpenStreetMap/node/8486572953","sourceUpdatedAt":null,"verifiedAt":null}},{"type":"Feature","geometry":{"type":"Point","coordinates":[11.5704198,48.1872786]},"properties":{"id":"bikerack:e66be936-ba20-4515-9ebf-52281551e2d5","kind":"bikerack","longitude":11.5704198,"latitude":48.1872786,"name":"Fahrradabstellplatz","city":"Munich","address":null,"covered":false,"access":null,"website":null,"phone":null,"source":"OpenStreetMap/node/12431828751","sourceUpdatedAt":null,"verifiedAt":null}},{"type":"Feature","geometry":{"type":"Point","coordinates":[11.5781733,48.1671485]},"properties":{"id":"bikerack:e74c92c4-909a-47f8-b491-e97d40a112c0","kind":"bikerack","longitude":11.5781733,"latitude":48.1671485,"name":"Fahrradabstellplatz","city":"Munich","address":null,"covered":false,"access":null,"website":null,"phone":null,"source":"OpenStreetMap/node/9051749511","sourceUpdatedAt":null,"verifiedAt":null}},{"type":"Feature","geometry":{"type":"Point","coordinates":[11.579221,48.1668627]},"properties":{"id":"bikerack:e7d827b8-1d41-438e-9a89-dff0708fa200","kind":"bikerack","longitude":11.579221,"latitude":48.1668627,"name":"Fahrradabstellplatz","city":"Munich","address":null,"covered":false,"access":null,"website":null,"phone":null,"source":"OpenStreetMap/node/11099838295","sourceUpdatedAt":null,"verifiedAt":null}},{"type":"Feature","geometry":{"type":"Point","coordinates":[11.5797346,48.1781517]},"properties":{"id":"bikerack:e8fd0e6d-fff1-4353-907b-3fcec69c9c12","kind":"bikerack","longitude":11.5797346,"latitude":48.1781517,"name":"Fahrradabstellplatz","city":"Munich","address":null,"covered":false,"access":null,"website":null,"phone":null,"source":"OpenStreetMap/way/1099442570","sourceUpdatedAt":null,"verifiedAt":null}},{"type":"Feature","geometry":{"type":"Point","coordinates":[11.5731599,48.1819799]},"properties":{"id":"bikerack:e94acf7b-d762-4057-a212-e1a6f775329b","kind":"bikerack","longitude":11.5731599,"latitude":48.1819799,"name":"Fahrradabstellplatz","city":"Munich","address":null,"covered":false,"access":null,"website":null,"phone":null,"source":"OpenStreetMap/node/4697460474","sourceUpdatedAt":null,"verifiedAt":null}},{"type":"Feature","geometry":{"type":"Point","coordinates":[11.5669273,48.1819016]},"properties":{"id":"bikerack:ed0ffa8a-865f-44f0-ad2b-3969f03f6e86","kind":"bikerack","longitude":11.5669273,"latitude":48.1819016,"name":"Fahrradabstellplatz","city":"Munich","address":null,"covered":false,"access":null,"website":null,"phone":null,"source":"OpenStreetMap/way/1381623452","sourceUpdatedAt":null,"verifiedAt":null}},{"type":"Feature","geometry":{"type":"Point","coordinates":[11.5863056,48.1863079]},"properties":{"id":"bikerack:ed81e1e4-2a18-4ee2-8a2d-671b3ade43cf","kind":"bikerack","longitude":11.5863056,"latitude":48.1863079,"name":"Fahrradabstellplatz","city":"Bogenhausen","address":null,"covered":false,"access":null,"website":null,"phone":null,"source":"OpenStreetMap/way/894144197","sourceUpdatedAt":null,"verifiedAt":null}},{"type":"Feature","geometry":{"type":"Point","coordinates":[11.5919267,48.1817785]},"properties":{"id":"bikerack:efab10e1-d162-4516-85da-5dff70e0b704","kind":"bikerack","longitude":11.5919267,"latitude":48.1817785,"name":"Fahrradabstellplatz","city":"Bogenhausen","address":null,"covered":false,"access":null,"website":null,"phone":null,"source":"OpenStreetMap/node/13018477927","sourceUpdatedAt":null,"verifiedAt":null}},{"type":"Feature","geometry":{"type":"Point","coordinates":[11.5814785,48.175174]},"properties":{"id":"bikerack:f0212101-dd25-48f2-a878-9a65453cef2d","kind":"bikerack","longitude":11.5814785,"latitude":48.175174,"name":"Fahrradabstellplatz","city":"Munich","address":null,"covered":false,"access":null,"website":null,"phone":null,"source":"OpenStreetMap/node/12778218737","sourceUpdatedAt":null,"verifiedAt":null}},{"type":"Feature","geometry":{"type":"Point","coordinates":[11.5734821,48.1726577]},"properties":{"id":"bikerack:f02f7dd6-6cb4-48d9-9a50-88b1b909daa7","kind":"bikerack","longitude":11.5734821,"latitude":48.1726577,"name":"Fahrradabstellplatz","city":"Munich","address":null,"covered":false,"access":null,"website":null,"phone":null,"source":"OpenStreetMap/node/7902952571","sourceUpdatedAt":null,"verifiedAt":null}},{"type":"Feature","geometry":{"type":"Point","coordinates":[11.5784781,48.1758571]},"properties":{"id":"bikerack:f03bb989-33d2-4391-8e04-81ab409d867e","kind":"bikerack","longitude":11.5784781,"latitude":48.1758571,"name":"Fahrradabstellplatz","city":"Munich","address":null,"covered":false,"access":null,"website":null,"phone":null,"source":"OpenStreetMap/node/9953371721","sourceUpdatedAt":null,"verifiedAt":null}},{"type":"Feature","geometry":{"type":"Point","coordinates":[11.5590053,48.1771474]},"properties":{"id":"bikerack:f19d6ff4-9e46-43a9-8112-04c0210820b4","kind":"bikerack","longitude":11.5590053,"latitude":48.1771474,"name":"Fahrradabstellplatz","city":"Munich","address":null,"covered":false,"access":null,"website":null,"phone":null,"source":"OpenStreetMap/node/3897074727","sourceUpdatedAt":null,"verifiedAt":null}},{"type":"Feature","geometry":{"type":"Point","coordinates":[11.5859591,48.1671674]},"properties":{"id":"bikerack:f3a0e52e-5040-4c8f-8054-948bef841a9d","kind":"bikerack","longitude":11.5859591,"latitude":48.1671674,"name":"Fahrradabstellplatz","city":"Munich","address":null,"covered":false,"access":null,"website":null,"phone":null,"source":"OpenStreetMap/node/1277427316","sourceUpdatedAt":null,"verifiedAt":null}},{"type":"Feature","geometry":{"type":"Point","coordinates":[11.5911054,48.1868858]},"properties":{"id":"bikerack:f50de716-2757-4669-9e32-f2e51ec6f606","kind":"bikerack","longitude":11.5911054,"latitude":48.1868858,"name":"Fahrradabstellplatz","city":"Bogenhausen","address":null,"covered":false,"access":null,"website":null,"phone":null,"source":"OpenStreetMap/way/372164872","sourceUpdatedAt":null,"verifiedAt":null}},{"type":"Feature","geometry":{"type":"Point","coordinates":[11.5978832,48.1756993]},"properties":{"id":"bikerack:f6589747-2e0e-48f5-b305-7a7742ff7439","kind":"bikerack","longitude":11.5978832,"latitude":48.1756993,"name":"Fahrradabstellplatz","city":"Bogenhausen","address":null,"covered":false,"access":null,"website":null,"phone":null,"source":"OpenStreetMap/node/12650578931","sourceUpdatedAt":null,"verifiedAt":null}},{"type":"Feature","geometry":{"type":"Point","coordinates":[11.5891949,48.1794892]},"properties":{"id":"bikerack:f6a2f056-6acd-4ad1-9ac2-1a45eb954606","kind":"bikerack","longitude":11.5891949,"latitude":48.1794892,"name":"Fahrradabstellplatz","city":"Bogenhausen","address":null,"covered":false,"access":null,"website":null,"phone":null,"source":"OpenStreetMap/node/4563211573","sourceUpdatedAt":null,"verifiedAt":null}},{"type":"Feature","geometry":{"type":"Point","coordinates":[11.5732676,48.1818004]},"properties":{"id":"bikerack:f86da77f-94c1-4e45-a4d4-3baddbf2e2d5","kind":"bikerack","longitude":11.5732676,"latitude":48.1818004,"name":"Fahrradabstellplatz","city":"Munich","address":null,"covered":false,"access":null,"website":null,"phone":null,"source":"OpenStreetMap/node/4697460469","sourceUpdatedAt":null,"verifiedAt":null}},{"type":"Feature","geometry":{"type":"Point","coordinates":[11.5775428,48.1729847]},"properties":{"id":"bikerack:f982b601-bf5b-4514-80cc-139b761bfd50","kind":"bikerack","longitude":11.5775428,"latitude":48.1729847,"name":"Fahrradabstellplatz","city":"Munich","address":null,"covered":false,"access":null,"website":null,"phone":null,"source":"OpenStreetMap/node/6813606932","sourceUpdatedAt":null,"verifiedAt":null}},{"type":"Feature","geometry":{"type":"Point","coordinates":[11.5669114,48.1820004]},"properties":{"id":"bikerack:fb2fb6d5-9b78-4e79-aac0-c16ad97ccfc9","kind":"bikerack","longitude":11.5669114,"latitude":48.1820004,"name":"Fahrradabstellplatz","city":"Munich","address":null,"covered":false,"access":null,"website":null,"phone":null,"source":"OpenStreetMap/way/1381623451","sourceUpdatedAt":null,"verifiedAt":null}},{"type":"Feature","geometry":{"type":"Point","coordinates":[11.5686665,48.1675353]},"properties":{"id":"bikerack:fc1815a4-9151-4f87-ba5a-55eea5c989b8","kind":"bikerack","longitude":11.5686665,"latitude":48.1675353,"name":"Fahrradabstellplatz","city":"Munich","address":null,"covered":false,"access":null,"website":null,"phone":null,"source":"OpenStreetMap/node/13391361765","sourceUpdatedAt":null,"verifiedAt":null}},{"type":"Feature","geometry":{"type":"Point","coordinates":[11.5784671,48.192501]},"properties":{"id":"bikerack:fcb9b449-0c67-4122-9587-e1094b61784e","kind":"bikerack","longitude":11.5784671,"latitude":48.192501,"name":"Fahrradabstellplatz","city":"Bogenhausen","address":null,"covered":false,"access":null,"website":null,"phone":null,"source":"OpenStreetMap/node/10951506280","sourceUpdatedAt":null,"verifiedAt":null}},{"type":"Feature","geometry":{"type":"Point","coordinates":[11.5726094,48.18557]},"properties":{"id":"bikerack:fdba6545-8adb-4790-8a4e-44815cbc46c7","kind":"bikerack","longitude":11.5726094,"latitude":48.18557,"name":"Fahrradabstellplatz","city":"Munich","address":null,"covered":false,"access":null,"website":null,"phone":null,"source":"OpenStreetMap/node/11920530266","sourceUpdatedAt":null,"verifiedAt":null}},{"type":"Feature","geometry":{"type":"Point","coordinates":[11.5674933,48.1707473]},"properties":{"id":"bikerack:ff713f24-229b-4c1e-8303-7e7a67ef271f","kind":"bikerack","longitude":11.5674933,"latitude":48.1707473,"name":"Fahrradabstellplatz","city":"Munich","address":null,"covered":true,"access":null,"website":null,"phone":null,"source":"OpenStreetMap/way/1249261458","sourceUpdatedAt":null,"verifiedAt":null}},{"type":"Feature","geometry":{"type":"Point","coordinates":[11.5723941,48.1951252]},"properties":{"id":"bikerack:ff719b29-0eef-4816-a683-4ff411b7e61f","kind":"bikerack","longitude":11.5723941,"latitude":48.1951252,"name":"Fahrradabstellplatz","city":"Oberschleissheim","address":null,"covered":false,"access":null,"website":null,"phone":null,"source":"OpenStreetMap/node/3796764699","sourceUpdatedAt":null,"verifiedAt":null}},{"type":"Feature","geometry":{"type":"Point","coordinates":[11.5737427,48.1950781]},"properties":{"id":"bikerack:ffd704ff-d09d-4954-8312-55b90339baca","kind":"bikerack","longitude":11.5737427,"latitude":48.1950781,"name":"Fahrradabstellplatz","city":"Oberschleissheim","address":null,"covered":false,"access":null,"website":null,"phone":null,"source":"OpenStreetMap/node/1185664330","sourceUpdatedAt":null,"verifiedAt":null}},{"type":"Feature","geometry":{"type":"Point","coordinates":[11.5965085,48.1837752]},"properties":{"id":"repair:cb163569-fb8d-44a1-999b-4df6a723f0e8","kind":"repair","longitude":11.5965085,"latitude":48.1837752,"name":"Fahrradreparaturstation","city":"Bogenhausen","address":null,"covered":false,"access":null,"website":null,"phone":null,"source":"OpenStreetMap/node/12744540651","sourceUpdatedAt":null,"verifiedAt":null}},{"type":"Feature","geometry":{"type":"Point","coordinates":[11.6008121,48.1776557]},"properties":{"id":"service:01915b56-66fd-44d1-8ce4-b18273a27235","kind":"service","longitude":11.6008121,"latitude":48.1776557,"name":"Rad & Tat","city":"München","address":null,"covered":null,"access":null,"website":null,"phone":null,"source":"OpenStreetMap/node/1487162381","sourceUpdatedAt":null,"verifiedAt":null}},{"type":"Feature","geometry":{"type":"Point","coordinates":[11.5645075,48.1688669]},"properties":{"id":"service:148a89f7-0fec-4e77-94ff-65596e2539ad","kind":"service","longitude":11.5645075,"latitude":48.1688669,"name":"Bike Express","city":"München","address":null,"covered":null,"access":null,"website":null,"phone":null,"source":"OpenStreetMap/node/10734947515","sourceUpdatedAt":null,"verifiedAt":null}},{"type":"Feature","geometry":{"type":"Point","coordinates":[11.5699956,48.1794285]},"properties":{"id":"service:4646ae73-c339-4c7f-8cb4-dbe1b8bbf3cd","kind":"service","longitude":11.5699956,"latitude":48.1794285,"name":"Velofactum","city":"Munich","address":null,"covered":null,"access":null,"website":null,"phone":null,"source":"OpenStreetMap/node/12619139901","sourceUpdatedAt":null,"verifiedAt":null}},{"type":"Feature","geometry":{"type":"Point","coordinates":[11.5858079,48.1853773]},"properties":{"id":"service:598ced85-d6b7-4c60-b285-dee5588ce5e3","kind":"service","longitude":11.5858079,"latitude":48.1853773,"name":"Giant","city":"München","address":null,"covered":null,"access":null,"website":null,"phone":null,"source":"OpenStreetMap/node/5852299135","sourceUpdatedAt":null,"verifiedAt":null}},{"type":"Feature","geometry":{"type":"Point","coordinates":[11.5909168,48.1932846]},"properties":{"id":"service:6f811ae7-fc3f-49b1-a4a4-662cf9056099","kind":"service","longitude":11.5909168,"latitude":48.1932846,"name":"Lucky Bike","city":"München","address":null,"covered":null,"access":null,"website":null,"phone":null,"source":"OpenStreetMap/node/12053739749","sourceUpdatedAt":null,"verifiedAt":null}},{"type":"Feature","geometry":{"type":"Point","coordinates":[11.5739215,48.1694497]},"properties":{"id":"service:c028ee86-3b6b-4d22-8119-4296537fca77","kind":"service","longitude":11.5739215,"latitude":48.1694497,"name":"RABE Fahrradhandel GmbH","city":"Munich","address":null,"covered":null,"access":null,"website":null,"phone":null,"source":"OpenStreetMap/node/818947965","sourceUpdatedAt":null,"verifiedAt":null}},{"type":"Feature","geometry":{"type":"Point","coordinates":[11.5923552,48.1762935]},"properties":{"id":"service:c9d63e05-b34e-470b-9c0c-833711130cdc","kind":"service","longitude":11.5923552,"latitude":48.1762935,"name":"Trek","city":"München","address":null,"covered":null,"access":null,"website":null,"phone":null,"source":"OpenStreetMap/node/430479547","sourceUpdatedAt":null,"verifiedAt":null}},{"type":"Feature","geometry":{"type":"Point","coordinates":[11.5858984,48.1691123]},"properties":{"id":"service:cde24f20-53dc-4b21-a3f9-7e101ff79923","kind":"service","longitude":11.5858984,"latitude":48.1691123,"name":"Bike Box","city":"München","address":null,"covered":null,"access":null,"website":null,"phone":null,"source":"OpenStreetMap/node/4786777000","sourceUpdatedAt":null,"verifiedAt":null}},{"type":"Feature","geometry":{"type":"Point","coordinates":[11.5857672,48.1862551]},"properties":{"id":"service:d80adaab-1fba-4193-9edd-c4ccdef532e8","kind":"service","longitude":11.5857672,"latitude":48.1862551,"name":"discounter-of-brands","city":"Bogenhausen","address":null,"covered":null,"access":null,"website":null,"phone":null,"source":"OpenStreetMap/node/703457544","sourceUpdatedAt":null,"verifiedAt":null}},{"type":"Feature","geometry":{"type":"Point","coordinates":[11.597431,48.1840182]},"properties":{"id":"service:f3e8acb6-0428-4bf6-9170-0df92821e1e6","kind":"service","longitude":11.597431,"latitude":48.1840182,"name":"Dynamo Fahrradservice Biss e.V.","city":"München","address":null,"covered":null,"access":null,"website":null,"phone":null,"source":"OpenStreetMap/node/4373209137","sourceUpdatedAt":null,"verifiedAt":null}},{"type":"Feature","geometry":{"type":"Point","coordinates":[11.5819188,48.1775408]},"properties":{"id":"water:2c137ad6-0490-49b4-a9c2-cac5e766c4de","kind":"water","longitude":11.5819188,"latitude":48.1775408,"name":"Trinkwasser","city":"Munich","address":null,"covered":null,"access":null,"website":null,"phone":null,"source":"OpenStreetMap/node/11040114912","sourceUpdatedAt":null,"verifiedAt":null}},{"type":"Feature","geometry":{"type":"Point","coordinates":[11.5819201,48.1774946]},"properties":{"id":"water:3e69443e-a9cd-4ddb-afce-c4365ae7b1e7","kind":"water","longitude":11.5819201,"latitude":48.1774946,"name":"Trinkwasser","city":"Munich","address":null,"covered":null,"access":null,"website":null,"phone":null,"source":"OpenStreetMap/node/11040114913","sourceUpdatedAt":null,"verifiedAt":null}},{"type":"Feature","geometry":{"type":"Point","coordinates":[11.5819798,48.1775864]},"properties":{"id":"water:4ab99e01-3ad3-4c6f-a5d4-0f5f7c94de4f","kind":"water","longitude":11.5819798,"latitude":48.1775864,"name":"Trinkwasser","city":"Munich","address":null,"covered":null,"access":null,"website":null,"phone":null,"source":"OpenStreetMap/node/11040114911","sourceUpdatedAt":null,"verifiedAt":null}},{"type":"Feature","geometry":{"type":"Point","coordinates":[11.5723516,48.1853923]},"properties":{"id":"water:6bc5c1d6-a8a1-4743-9140-c23e12ac746d","kind":"water","longitude":11.5723516,"latitude":48.1853923,"name":"Trinkwasser","city":"Munich","address":null,"covered":null,"access":null,"website":null,"phone":null,"source":"OpenStreetMap/node/13338328904","sourceUpdatedAt":null,"verifiedAt":null}},{"type":"Feature","geometry":{"type":"Point","coordinates":[11.5818517,48.1775384]},"properties":{"id":"water:8aba5eac-a01f-4690-8157-41c9e88eccab","kind":"water","longitude":11.5818517,"latitude":48.1775384,"name":"Trinkwasser","city":"Munich","address":null,"covered":null,"access":null,"website":null,"phone":null,"source":"OpenStreetMap/node/11040114915","sourceUpdatedAt":null,"verifiedAt":null}},{"type":"Feature","geometry":{"type":"Point","coordinates":[11.5818526,48.1774911]},"properties":{"id":"water:945d31cd-95da-4fb4-8c2f-4f8d3773b933","kind":"water","longitude":11.5818526,"latitude":48.1774911,"name":"Trinkwasser","city":"Munich","address":null,"covered":null,"access":null,"website":null,"phone":null,"source":"OpenStreetMap/node/11040114914","sourceUpdatedAt":null,"verifiedAt":null}},{"type":"Feature","geometry":{"type":"Point","coordinates":[11.5675061,48.1688582]},"properties":{"id":"water:970d2db7-c93f-4ecb-9776-de3385b43da2","kind":"water","longitude":11.5675061,"latitude":48.1688582,"name":"Trinkwasser","city":"Munich","address":null,"covered":null,"access":null,"website":null,"phone":null,"source":"OpenStreetMap/node/666304998","sourceUpdatedAt":null,"verifiedAt":null}},{"type":"Feature","geometry":{"type":"Point","coordinates":[11.5818469,48.1775846]},"properties":{"id":"water:e38ca443-ccbf-4365-8c27-9d71373919b4","kind":"water","longitude":11.5818469,"latitude":48.1775846,"name":"Trinkwasser","city":"Munich","address":null,"covered":null,"access":null,"website":null,"phone":null,"source":"OpenStreetMap/node/11040114910","sourceUpdatedAt":null,"verifiedAt":null}}]}