{"type":"FeatureCollection","features":[{"type":"Feature","geometry":{"type":"Point","coordinates":[11.1203071,46.0579458]},"properties":{"id":"bikerack:0161a236-a0d4-491e-9057-452ea8622849","kind":"bikerack","longitude":11.1203071,"latitude":46.0579458,"name":"Parcheggio bici","city":"Trento","address":null,"covered":false,"access":null,"website":null,"phone":null,"source":"OpenStreetMap/node/3097106745","sourceUpdatedAt":null,"verifiedAt":null}},{"type":"Feature","geometry":{"type":"Point","coordinates":[11.1210287,46.0580808]},"properties":{"id":"bikerack:01be0918-ea5e-4c08-9d7e-3408c5330aad","kind":"bikerack","longitude":11.1210287,"latitude":46.0580808,"name":"Parcheggio bici","city":"Trento","address":null,"covered":false,"access":null,"website":null,"phone":null,"source":"OpenStreetMap/node/3097106757","sourceUpdatedAt":null,"verifiedAt":null}},{"type":"Feature","geometry":{"type":"Point","coordinates":[11.1217229,46.066775]},"properties":{"id":"bikerack:03749e67-57e7-46ed-9cde-1107965aa5c4","kind":"bikerack","longitude":11.1217229,"latitude":46.066775,"name":"Parcheggio bici","city":"Trento","address":null,"covered":false,"access":null,"website":null,"phone":null,"source":"OpenStreetMap/node/6518903424","sourceUpdatedAt":null,"verifiedAt":null}},{"type":"Feature","geometry":{"type":"Point","coordinates":[11.1235993,46.0656258]},"properties":{"id":"bikerack:05a10417-70b8-4c6b-a0fd-078a5183277d","kind":"bikerack","longitude":11.1235993,"latitude":46.0656258,"name":"Parcheggio bici","city":"Trento","address":null,"covered":false,"access":null,"website":null,"phone":null,"source":"OpenStreetMap/node/1331468407","sourceUpdatedAt":null,"verifiedAt":null}},{"type":"Feature","geometry":{"type":"Point","coordinates":[11.1270262,46.0688275]},"properties":{"id":"bikerack:0619a951-a23b-4f69-8c66-00aa0332eb68","kind":"bikerack","longitude":11.1270262,"latitude":46.0688275,"name":"Parcheggio bici","city":"Trento","address":null,"covered":false,"access":null,"website":null,"phone":null,"source":"OpenStreetMap/node/6749696115","sourceUpdatedAt":null,"verifiedAt":null}},{"type":"Feature","geometry":{"type":"Point","coordinates":[11.1324086,46.0627402]},"properties":{"id":"bikerack:0693ada6-e570-4852-b522-59ccde3ab10c","kind":"bikerack","longitude":11.1324086,"latitude":46.0627402,"name":"Parcheggio bici","city":"Trento","address":null,"covered":false,"access":null,"website":null,"phone":null,"source":"OpenStreetMap/node/11753148830","sourceUpdatedAt":null,"verifiedAt":null}},{"type":"Feature","geometry":{"type":"Point","coordinates":[11.1234785,46.0692807]},"properties":{"id":"bikerack:06fce607-1c49-4bdb-a202-c0d996517d07","kind":"bikerack","longitude":11.1234785,"latitude":46.0692807,"name":"Parcheggio bici","city":"Trento","address":null,"covered":false,"access":null,"website":null,"phone":null,"source":"OpenStreetMap/way/721162236","sourceUpdatedAt":null,"verifiedAt":null}},{"type":"Feature","geometry":{"type":"Point","coordinates":[11.1301113,46.0495208]},"properties":{"id":"bikerack:07a8dab7-e06b-4c81-aaf9-075f28b66837","kind":"bikerack","longitude":11.1301113,"latitude":46.0495208,"name":"Parcheggio bici","city":"Trento","address":null,"covered":false,"access":null,"website":null,"phone":null,"source":"OpenStreetMap/node/13159867065","sourceUpdatedAt":null,"verifiedAt":null}},{"type":"Feature","geometry":{"type":"Point","coordinates":[11.1201791,46.0670783]},"properties":{"id":"bikerack:0a85b1c9-396f-4f80-a2d5-642c52be694a","kind":"bikerack","longitude":11.1201791,"latitude":46.0670783,"name":"Parcheggio bici","city":"Trento","address":null,"covered":false,"access":null,"website":null,"phone":null,"source":"OpenStreetMap/node/1312440679","sourceUpdatedAt":null,"verifiedAt":null}},{"type":"Feature","geometry":{"type":"Point","coordinates":[11.1196832,46.0718444]},"properties":{"id":"bikerack:0aa24af2-d485-4258-b7a8-c529e23896fa","kind":"bikerack","longitude":11.1196832,"latitude":46.0718444,"name":"Parcheggio bici","city":"Trento","address":null,"covered":false,"access":null,"website":null,"phone":null,"source":"OpenStreetMap/node/930522335","sourceUpdatedAt":null,"verifiedAt":null}},{"type":"Feature","geometry":{"type":"Point","coordinates":[11.1195098,46.0687528]},"properties":{"id":"bikerack:0acb5ef7-1146-4588-9dfe-b829605f2845","kind":"bikerack","longitude":11.1195098,"latitude":46.0687528,"name":"Parcheggio bici","city":"Trento","address":null,"covered":false,"access":null,"website":null,"phone":null,"source":"OpenStreetMap/node/560584081","sourceUpdatedAt":null,"verifiedAt":null}},{"type":"Feature","geometry":{"type":"Point","coordinates":[11.124673,46.0659986]},"properties":{"id":"bikerack:0c344d9f-672a-4dad-a4d1-278f66de7a0d","kind":"bikerack","longitude":11.124673,"latitude":46.0659986,"name":"Parcheggio bici","city":"Trento","address":null,"covered":false,"access":null,"website":null,"phone":null,"source":"OpenStreetMap/node/890486735","sourceUpdatedAt":null,"verifiedAt":null}},{"type":"Feature","geometry":{"type":"Point","coordinates":[11.1255296,46.0721404]},"properties":{"id":"bikerack:0cd3c3d0-6d1b-4b00-b48e-8778822444ee","kind":"bikerack","longitude":11.1255296,"latitude":46.0721404,"name":"Parcheggio bici","city":"Trento","address":null,"covered":false,"access":null,"website":null,"phone":null,"source":"OpenStreetMap/node/6524236368","sourceUpdatedAt":null,"verifiedAt":null}},{"type":"Feature","geometry":{"type":"Point","coordinates":[11.127926,46.0700879]},"properties":{"id":"bikerack:0eb87556-6443-4939-8875-07d9748e9680","kind":"bikerack","longitude":11.127926,"latitude":46.0700879,"name":"Parcheggio bici","city":"Trento","address":null,"covered":false,"access":null,"website":null,"phone":null,"source":"OpenStreetMap/node/1366801235","sourceUpdatedAt":null,"verifiedAt":null}},{"type":"Feature","geometry":{"type":"Point","coordinates":[11.1532692,46.0646847]},"properties":{"id":"bikerack:0fdd9daf-fb44-4ab4-bd87-31ac98da7be3","kind":"bikerack","longitude":11.1532692,"latitude":46.0646847,"name":"Parcheggio bici","city":"Povo","address":null,"covered":false,"access":null,"website":null,"phone":null,"source":"OpenStreetMap/node/13174236512","sourceUpdatedAt":null,"verifiedAt":null}},{"type":"Feature","geometry":{"type":"Point","coordinates":[11.1253983,46.0680729]},"properties":{"id":"bikerack:100f70e1-0764-46b9-8776-5f27d581dd53","kind":"bikerack","longitude":11.1253983,"latitude":46.0680729,"name":"Parcheggio bici","city":"Trento","address":null,"covered":false,"access":null,"website":null,"phone":null,"source":"OpenStreetMap/node/1073482343","sourceUpdatedAt":null,"verifiedAt":null}},{"type":"Feature","geometry":{"type":"Point","coordinates":[11.1371701,46.0669121]},"properties":{"id":"bikerack:10f414ea-f4a1-4984-8ec5-26cad93d5d12","kind":"bikerack","longitude":11.1371701,"latitude":46.0669121,"name":"Parcheggio bici","city":"Trento","address":null,"covered":false,"access":null,"website":null,"phone":null,"source":"OpenStreetMap/node/1937993532","sourceUpdatedAt":null,"verifiedAt":null}},{"type":"Feature","geometry":{"type":"Point","coordinates":[11.136724,46.0611086]},"properties":{"id":"bikerack:14685fcb-d456-449e-928c-d3ae259d59cd","kind":"bikerack","longitude":11.136724,"latitude":46.0611086,"name":"Parcheggio bici","city":"Trento","address":null,"covered":false,"access":null,"website":null,"phone":null,"source":"OpenStreetMap/node/11800284782","sourceUpdatedAt":null,"verifiedAt":null}},{"type":"Feature","geometry":{"type":"Point","coordinates":[11.1280347,46.0696032]},"properties":{"id":"bikerack:15e4c3a3-b21b-47e8-aade-312b3db4323d","kind":"bikerack","longitude":11.1280347,"latitude":46.0696032,"name":"Parcheggio bici","city":"Trento","address":null,"covered":false,"access":null,"website":null,"phone":null,"source":"OpenStreetMap/node/6687801405","sourceUpdatedAt":null,"verifiedAt":null}},{"type":"Feature","geometry":{"type":"Point","coordinates":[11.1263803,46.0473636]},"properties":{"id":"bikerack:16c01921-e249-48ed-a9f2-5ff3338ef64a","kind":"bikerack","longitude":11.1263803,"latitude":46.0473636,"name":"Parcheggio bici","city":"Ravina","address":null,"covered":false,"access":null,"website":null,"phone":null,"source":"OpenStreetMap/node/13159704259","sourceUpdatedAt":null,"verifiedAt":null}},{"type":"Feature","geometry":{"type":"Point","coordinates":[11.1262737,46.0663046]},"properties":{"id":"bikerack:170feb74-066b-492b-bcc6-60b6ec38b842","kind":"bikerack","longitude":11.1262737,"latitude":46.0663046,"name":"Parcheggio bici","city":"Trento","address":null,"covered":false,"access":null,"website":null,"phone":null,"source":"OpenStreetMap/node/11778563520","sourceUpdatedAt":null,"verifiedAt":null}},{"type":"Feature","geometry":{"type":"Point","coordinates":[11.1220348,46.0653211]},"properties":{"id":"bikerack:17389c4a-fe08-4587-9d81-2a46ee018070","kind":"bikerack","longitude":11.1220348,"latitude":46.0653211,"name":"Parcheggio bici","city":"Trento","address":null,"covered":false,"access":null,"website":null,"phone":null,"source":"OpenStreetMap/node/13589339341","sourceUpdatedAt":null,"verifiedAt":null}},{"type":"Feature","geometry":{"type":"Point","coordinates":[11.1282176,46.067562]},"properties":{"id":"bikerack:1997129c-4cf1-45ea-94b3-a25796fd329b","kind":"bikerack","longitude":11.1282176,"latitude":46.067562,"name":"Parcheggio bici","city":"Trento","address":null,"covered":false,"access":null,"website":null,"phone":null,"source":"OpenStreetMap/node/1508604579","sourceUpdatedAt":null,"verifiedAt":null}},{"type":"Feature","geometry":{"type":"Point","coordinates":[11.1214356,46.0581577]},"properties":{"id":"bikerack:1c326c5c-bacc-44c8-8850-41f3bebf438e","kind":"bikerack","longitude":11.1214356,"latitude":46.0581577,"name":"Parcheggio bici","city":"Trento","address":null,"covered":false,"access":null,"website":null,"phone":null,"source":"OpenStreetMap/node/3098169820","sourceUpdatedAt":null,"verifiedAt":null}},{"type":"Feature","geometry":{"type":"Point","coordinates":[11.1522022,46.0621952]},"properties":{"id":"bikerack:1d6503ec-b52f-4bfa-8561-3304634edf0a","kind":"bikerack","longitude":11.1522022,"latitude":46.0621952,"name":"Parcheggio bici","city":"Povo","address":null,"covered":false,"access":null,"website":null,"phone":null,"source":"OpenStreetMap/node/9160222561","sourceUpdatedAt":null,"verifiedAt":null}},{"type":"Feature","geometry":{"type":"Point","coordinates":[11.1201134,46.0697515]},"properties":{"id":"bikerack:1d7888a1-bfce-4790-91cf-9dcc510c826d","kind":"bikerack","longitude":11.1201134,"latitude":46.0697515,"name":"Parcheggio bici","city":"Trento","address":null,"covered":false,"access":null,"website":null,"phone":null,"source":"OpenStreetMap/node/1123469924","sourceUpdatedAt":null,"verifiedAt":null}},{"type":"Feature","geometry":{"type":"Point","coordinates":[11.1214366,46.0693255]},"properties":{"id":"bikerack:1ddd58c9-fcc3-448a-961b-6c0932f69964","kind":"bikerack","longitude":11.1214366,"latitude":46.0693255,"name":"Parcheggio bici","city":"Trento","address":null,"covered":false,"access":null,"website":null,"phone":null,"source":"OpenStreetMap/node/9460716552","sourceUpdatedAt":null,"verifiedAt":null}},{"type":"Feature","geometry":{"type":"Point","coordinates":[11.1331001,46.0571359]},"properties":{"id":"bikerack:1e90b4b1-169a-4580-aa03-bad5cf7e824a","kind":"bikerack","longitude":11.1331001,"latitude":46.0571359,"name":"Parcheggio bici","city":"Trento","address":null,"covered":false,"access":null,"website":null,"phone":null,"source":"OpenStreetMap/node/4441176951","sourceUpdatedAt":null,"verifiedAt":null}},{"type":"Feature","geometry":{"type":"Point","coordinates":[11.1220953,46.0560585]},"properties":{"id":"bikerack:1eb64ba3-49d5-4562-9e19-9da7266459f0","kind":"bikerack","longitude":11.1220953,"latitude":46.0560585,"name":"Parcheggio bici","city":"Trento","address":null,"covered":false,"access":null,"website":null,"phone":null,"source":"OpenStreetMap/node/2562276681","sourceUpdatedAt":null,"verifiedAt":null}},{"type":"Feature","geometry":{"type":"Point","coordinates":[11.1308541,46.0562426]},"properties":{"id":"bikerack:1ed0f9df-72d6-4154-b6bc-fe04d010a0cd","kind":"bikerack","longitude":11.1308541,"latitude":46.0562426,"name":"Parcheggio bici","city":"Trento","address":null,"covered":false,"access":null,"website":null,"phone":null,"source":"OpenStreetMap/node/2185765263","sourceUpdatedAt":null,"verifiedAt":null}},{"type":"Feature","geometry":{"type":"Point","coordinates":[11.1358555,46.0640387]},"properties":{"id":"bikerack:1f819f30-7460-418a-8bbc-743d15454053","kind":"bikerack","longitude":11.1358555,"latitude":46.0640387,"name":"Parcheggio bici","city":"Trento","address":null,"covered":false,"access":null,"website":null,"phone":null,"source":"OpenStreetMap/way/1329112636","sourceUpdatedAt":null,"verifiedAt":null}},{"type":"Feature","geometry":{"type":"Point","coordinates":[11.1248725,46.0730113]},"properties":{"id":"bikerack:1fa3aa31-27bc-4362-a49b-4be14eb9bd1a","kind":"bikerack","longitude":11.1248725,"latitude":46.0730113,"name":"Parcheggio bici","city":"Trento","address":null,"covered":false,"access":null,"website":null,"phone":null,"source":"OpenStreetMap/node/1492802176","sourceUpdatedAt":null,"verifiedAt":null}},{"type":"Feature","geometry":{"type":"Point","coordinates":[11.1208181,46.0612309]},"properties":{"id":"bikerack:20924c3d-6a8c-48d7-8d94-2be41edf8b84","kind":"bikerack","longitude":11.1208181,"latitude":46.0612309,"name":"Parcheggio bici","city":"Trento","address":null,"covered":false,"access":null,"website":null,"phone":null,"source":"OpenStreetMap/node/2929617016","sourceUpdatedAt":null,"verifiedAt":null}},{"type":"Feature","geometry":{"type":"Point","coordinates":[11.123487,46.067206]},"properties":{"id":"bikerack:216580f5-7812-4103-8409-4386247cd92e","kind":"bikerack","longitude":11.123487,"latitude":46.067206,"name":"Parcheggio bici","city":"Trento","address":null,"covered":false,"access":null,"website":null,"phone":null,"source":"OpenStreetMap/node/2074585041","sourceUpdatedAt":null,"verifiedAt":null}},{"type":"Feature","geometry":{"type":"Point","coordinates":[11.1239086,46.0661631]},"properties":{"id":"bikerack:21e7fa21-83a2-4600-8d2f-c07285680ae3","kind":"bikerack","longitude":11.1239086,"latitude":46.0661631,"name":"Parcheggio bici","city":"Trento","address":null,"covered":false,"access":null,"website":null,"phone":null,"source":"OpenStreetMap/node/938729458","sourceUpdatedAt":null,"verifiedAt":null}},{"type":"Feature","geometry":{"type":"Point","coordinates":[11.1278365,46.0700237]},"properties":{"id":"bikerack:2474ff79-fcf2-4ba8-8305-fa51f4a48146","kind":"bikerack","longitude":11.1278365,"latitude":46.0700237,"name":"Parcheggio bici","city":"Trento","address":null,"covered":false,"access":null,"website":null,"phone":null,"source":"OpenStreetMap/node/1366801230","sourceUpdatedAt":null,"verifiedAt":null}},{"type":"Feature","geometry":{"type":"Point","coordinates":[11.1243273,46.0632272]},"properties":{"id":"bikerack:273334a7-a715-47fd-9250-1c473a6992d7","kind":"bikerack","longitude":11.1243273,"latitude":46.0632272,"name":"Parcheggio bici","city":"Trento","address":null,"covered":false,"access":null,"website":null,"phone":null,"source":"OpenStreetMap/way/757940855","sourceUpdatedAt":null,"verifiedAt":null}},{"type":"Feature","geometry":{"type":"Point","coordinates":[11.1537836,46.063288]},"properties":{"id":"bikerack:2898420a-524d-4484-8dc3-54f356c8b3fa","kind":"bikerack","longitude":11.1537836,"latitude":46.063288,"name":"Parcheggio bici","city":"Povo","address":null,"covered":false,"access":null,"website":null,"phone":null,"source":"OpenStreetMap/node/13159921801","sourceUpdatedAt":null,"verifiedAt":null}},{"type":"Feature","geometry":{"type":"Point","coordinates":[11.1198123,46.0635434]},"properties":{"id":"bikerack:2a1377c9-cf6c-48c4-a6cf-f2c95fe53a44","kind":"bikerack","longitude":11.1198123,"latitude":46.0635434,"name":"Parcheggio bici","city":"Trento","address":null,"covered":true,"access":null,"website":null,"phone":null,"source":"OpenStreetMap/node/2692593045","sourceUpdatedAt":null,"verifiedAt":null}},{"type":"Feature","geometry":{"type":"Point","coordinates":[11.1203361,46.0693289]},"properties":{"id":"bikerack:2b6e27f6-5e2d-46c5-9d41-6b7fa80c3b8a","kind":"bikerack","longitude":11.1203361,"latitude":46.0693289,"name":"Parcheggio bici","city":"Trento","address":null,"covered":false,"access":null,"website":null,"phone":null,"source":"OpenStreetMap/node/963712275","sourceUpdatedAt":null,"verifiedAt":null}},{"type":"Feature","geometry":{"type":"Point","coordinates":[11.1508348,46.0672376]},"properties":{"id":"bikerack:2c532664-e5a6-4580-831d-215217b7e14d","kind":"bikerack","longitude":11.1508348,"latitude":46.0672376,"name":"Parcheggio bici","city":"Povo","address":null,"covered":true,"access":null,"website":null,"phone":null,"source":"OpenStreetMap/way/1435982184","sourceUpdatedAt":null,"verifiedAt":null}},{"type":"Feature","geometry":{"type":"Point","coordinates":[11.126182,46.0671202]},"properties":{"id":"bikerack:2edc53a6-1586-44d5-a338-5314fcd0fe67","kind":"bikerack","longitude":11.126182,"latitude":46.0671202,"name":"Parcheggio bici","city":"Trento","address":null,"covered":false,"access":null,"website":null,"phone":null,"source":"OpenStreetMap/node/1368300341","sourceUpdatedAt":null,"verifiedAt":null}},{"type":"Feature","geometry":{"type":"Point","coordinates":[11.1318322,46.0652744]},"properties":{"id":"bikerack:2eeebca4-e1ef-4635-a0f1-05bb381f2890","kind":"bikerack","longitude":11.1318322,"latitude":46.0652744,"name":"Parcheggio bici","city":"Trento","address":null,"covered":false,"access":null,"website":null,"phone":null,"source":"OpenStreetMap/node/13348192387","sourceUpdatedAt":null,"verifiedAt":null}},{"type":"Feature","geometry":{"type":"Point","coordinates":[11.1254013,46.0701304]},"properties":{"id":"bikerack:2f40b6d9-7c2b-45e7-b1a1-1d4384ceba5b","kind":"bikerack","longitude":11.1254013,"latitude":46.0701304,"name":"Parcheggio bici","city":"Trento","address":null,"covered":false,"access":null,"website":null,"phone":null,"source":"OpenStreetMap/node/7027256480","sourceUpdatedAt":null,"verifiedAt":null}},{"type":"Feature","geometry":{"type":"Point","coordinates":[11.1218968,46.0580228]},"properties":{"id":"bikerack:2f90c794-5cbc-4e96-9ae8-fea8a730c184","kind":"bikerack","longitude":11.1218968,"latitude":46.0580228,"name":"Parcheggio bici","city":"Trento","address":null,"covered":false,"access":null,"website":null,"phone":null,"source":"OpenStreetMap/node/13159849907","sourceUpdatedAt":null,"verifiedAt":null}},{"type":"Feature","geometry":{"type":"Point","coordinates":[11.1209696,46.05852]},"properties":{"id":"bikerack:2fb0fbaf-cd7d-44f8-addb-75ebec3b0a7e","kind":"bikerack","longitude":11.1209696,"latitude":46.05852,"name":"Parcheggio bici","city":"Trento","address":null,"covered":false,"access":null,"website":null,"phone":null,"source":"OpenStreetMap/node/3097106761","sourceUpdatedAt":null,"verifiedAt":null}},{"type":"Feature","geometry":{"type":"Point","coordinates":[11.1438877,46.0494776]},"properties":{"id":"bikerack:2fb386d7-581e-4aea-a666-acd7910d6f0f","kind":"bikerack","longitude":11.1438877,"latitude":46.0494776,"name":"Parcheggio bici","city":"Povo","address":null,"covered":false,"access":null,"website":null,"phone":null,"source":"OpenStreetMap/node/6555708844","sourceUpdatedAt":null,"verifiedAt":null}},{"type":"Feature","geometry":{"type":"Point","coordinates":[11.1243167,46.063391]},"properties":{"id":"bikerack:32688a81-656a-4f73-a46c-7fb011810080","kind":"bikerack","longitude":11.1243167,"latitude":46.063391,"name":"Parcheggio bici","city":"Trento","address":null,"covered":false,"access":null,"website":null,"phone":null,"source":"OpenStreetMap/node/1331468347","sourceUpdatedAt":null,"verifiedAt":null}},{"type":"Feature","geometry":{"type":"Point","coordinates":[11.1284304,46.0672118]},"properties":{"id":"bikerack:353e90b4-7d02-425d-be6d-1d432021da6b","kind":"bikerack","longitude":11.1284304,"latitude":46.0672118,"name":"Parcheggio bici","city":"Trento","address":null,"covered":false,"access":null,"website":null,"phone":null,"source":"OpenStreetMap/node/12299097749","sourceUpdatedAt":null,"verifiedAt":null}},{"type":"Feature","geometry":{"type":"Point","coordinates":[11.1279813,46.0696382]},"properties":{"id":"bikerack:36c6fbf9-e7ce-4ac3-8c26-58352d47f06c","kind":"bikerack","longitude":11.1279813,"latitude":46.0696382,"name":"Parcheggio bici","city":"Trento","address":null,"covered":false,"access":null,"website":null,"phone":null,"source":"OpenStreetMap/node/6477886179","sourceUpdatedAt":null,"verifiedAt":null}},{"type":"Feature","geometry":{"type":"Point","coordinates":[11.1271328,46.0674385]},"properties":{"id":"bikerack:3793ad4b-9a60-4c55-b029-7838db49204e","kind":"bikerack","longitude":11.1271328,"latitude":46.0674385,"name":"Parcheggio bici","city":"Trento","address":null,"covered":false,"access":null,"website":null,"phone":null,"source":"OpenStreetMap/node/2925010842","sourceUpdatedAt":null,"verifiedAt":null}},{"type":"Feature","geometry":{"type":"Point","coordinates":[11.1259523,46.0689405]},"properties":{"id":"bikerack:37afba97-72b9-4c43-aba4-5113c9142a0e","kind":"bikerack","longitude":11.1259523,"latitude":46.0689405,"name":"Parcheggio bici","city":"Trento","address":null,"covered":false,"access":null,"website":null,"phone":null,"source":"OpenStreetMap/node/1366801180","sourceUpdatedAt":null,"verifiedAt":null}},{"type":"Feature","geometry":{"type":"Point","coordinates":[11.1220888,46.0673802]},"properties":{"id":"bikerack:38a0bd48-8544-41ba-ab25-e0e3c0a72edc","kind":"bikerack","longitude":11.1220888,"latitude":46.0673802,"name":"Parcheggio bici","city":"Trento","address":null,"covered":false,"access":null,"website":null,"phone":null,"source":"OpenStreetMap/node/10152572738","sourceUpdatedAt":null,"verifiedAt":null}},{"type":"Feature","geometry":{"type":"Point","coordinates":[11.1211483,46.0709875]},"properties":{"id":"bikerack:394ca5d0-a00e-4358-a74d-7328b94c1d61","kind":"bikerack","longitude":11.1211483,"latitude":46.0709875,"name":"Parcheggio bici","city":"Trento","address":null,"covered":false,"access":null,"website":null,"phone":null,"source":"OpenStreetMap/node/13342062505","sourceUpdatedAt":null,"verifiedAt":null}},{"type":"Feature","geometry":{"type":"Point","coordinates":[11.1259804,46.0688747]},"properties":{"id":"bikerack:39b5b41b-c56a-4a14-922b-cea8496920fa","kind":"bikerack","longitude":11.1259804,"latitude":46.0688747,"name":"Parcheggio bici","city":"Trento","address":null,"covered":false,"access":null,"website":null,"phone":null,"source":"OpenStreetMap/node/885670069","sourceUpdatedAt":null,"verifiedAt":null}},{"type":"Feature","geometry":{"type":"Point","coordinates":[11.1229149,46.0650627]},"properties":{"id":"bikerack:3ae95f40-fc00-4b4a-9c43-22cc4f18fa1e","kind":"bikerack","longitude":11.1229149,"latitude":46.0650627,"name":"Parcheggio bici","city":"Trento","address":null,"covered":false,"access":null,"website":null,"phone":null,"source":"OpenStreetMap/node/959911107","sourceUpdatedAt":null,"verifiedAt":null}},{"type":"Feature","geometry":{"type":"Point","coordinates":[11.1270771,46.0660988]},"properties":{"id":"bikerack:3b684ebc-252a-4d38-81d3-cd2f10f2d21d","kind":"bikerack","longitude":11.1270771,"latitude":46.0660988,"name":"Parcheggio bici","city":"Trento","address":null,"covered":false,"access":null,"website":null,"phone":null,"source":"OpenStreetMap/node/5170946173","sourceUpdatedAt":null,"verifiedAt":null}},{"type":"Feature","geometry":{"type":"Point","coordinates":[11.1360145,46.0547404]},"properties":{"id":"bikerack:3c89f6c3-0ca1-4628-8a23-512b7ace6de3","kind":"bikerack","longitude":11.1360145,"latitude":46.0547404,"name":"Ciclobox / Ospedale Santa Chiara","city":"Trento","address":null,"covered":true,"access":null,"website":null,"phone":null,"source":"OpenStreetMap/way/1194727351","sourceUpdatedAt":null,"verifiedAt":null}},{"type":"Feature","geometry":{"type":"Point","coordinates":[11.1192786,46.0716057]},"properties":{"id":"bikerack:3ca23719-0d57-469b-8bf7-b5d10e9fb22b","kind":"bikerack","longitude":11.1192786,"latitude":46.0716057,"name":"Parcheggio bici","city":"Trento","address":null,"covered":false,"access":null,"website":null,"phone":null,"source":"OpenStreetMap/node/923131644","sourceUpdatedAt":null,"verifiedAt":null}},{"type":"Feature","geometry":{"type":"Point","coordinates":[11.1236914,46.0694713]},"properties":{"id":"bikerack:3d2dc8dc-3043-474e-a857-d87b56b935ae","kind":"bikerack","longitude":11.1236914,"latitude":46.0694713,"name":"Parcheggio bici","city":"Trento","address":null,"covered":true,"access":null,"website":null,"phone":null,"source":"OpenStreetMap/node/1300215314","sourceUpdatedAt":null,"verifiedAt":null}},{"type":"Feature","geometry":{"type":"Point","coordinates":[11.133598,46.0468806]},"properties":{"id":"bikerack:41051c72-1ec5-4fe0-813c-4df54af1ffac","kind":"bikerack","longitude":11.133598,"latitude":46.0468806,"name":"Parcheggio bici","city":"Ravina","address":null,"covered":false,"access":null,"website":null,"phone":null,"source":"OpenStreetMap/node/7231190367","sourceUpdatedAt":null,"verifiedAt":null}},{"type":"Feature","geometry":{"type":"Point","coordinates":[11.1246869,46.0677482]},"properties":{"id":"bikerack:48733edf-18bd-4c8b-a99e-06999b4b6fce","kind":"bikerack","longitude":11.1246869,"latitude":46.0677482,"name":"Parcheggio bici","city":"Trento","address":null,"covered":false,"access":null,"website":null,"phone":null,"source":"OpenStreetMap/node/1369533465","sourceUpdatedAt":null,"verifiedAt":null}},{"type":"Feature","geometry":{"type":"Point","coordinates":[11.13198,46.0655612]},"properties":{"id":"bikerack:4997da3c-94da-4753-88b8-255519619a82","kind":"bikerack","longitude":11.13198,"latitude":46.0655612,"name":"Parcheggio bici","city":"Trento","address":null,"covered":false,"access":null,"website":null,"phone":null,"source":"OpenStreetMap/node/12367680285","sourceUpdatedAt":null,"verifiedAt":null}},{"type":"Feature","geometry":{"type":"Point","coordinates":[11.1218211,46.0674085]},"properties":{"id":"bikerack:49e2f6c5-3f7a-4ece-9741-8291f70736a5","kind":"bikerack","longitude":11.1218211,"latitude":46.0674085,"name":"Parcheggio bici","city":"Trento","address":null,"covered":false,"access":null,"website":null,"phone":null,"source":"OpenStreetMap/node/1214597766","sourceUpdatedAt":null,"verifiedAt":null}},{"type":"Feature","geometry":{"type":"Point","coordinates":[11.1240383,46.0719182]},"properties":{"id":"bikerack:49ff04be-3acf-4783-a435-c792506e980b","kind":"bikerack","longitude":11.1240383,"latitude":46.0719182,"name":"Parcheggio bici","city":"Trento","address":null,"covered":false,"access":null,"website":null,"phone":null,"source":"OpenStreetMap/node/2673313376","sourceUpdatedAt":null,"verifiedAt":null}},{"type":"Feature","geometry":{"type":"Point","coordinates":[11.1187317,46.0731347]},"properties":{"id":"bikerack:4e1cbcde-7138-4a61-a0b9-be89f7bfe633","kind":"bikerack","longitude":11.1187317,"latitude":46.0731347,"name":"Parcheggio bici","city":"Trento","address":null,"covered":false,"access":null,"website":null,"phone":null,"source":"OpenStreetMap/node/3365986644","sourceUpdatedAt":null,"verifiedAt":null}},{"type":"Feature","geometry":{"type":"Point","coordinates":[11.1220648,46.0586505]},"properties":{"id":"bikerack:4f7d1abf-d21e-400a-b9ee-9892c2a59bf1","kind":"bikerack","longitude":11.1220648,"latitude":46.0586505,"name":"Parcheggio bici","city":"Trento","address":null,"covered":false,"access":null,"website":null,"phone":null,"source":"OpenStreetMap/node/7033987279","sourceUpdatedAt":null,"verifiedAt":null}},{"type":"Feature","geometry":{"type":"Point","coordinates":[11.1357138,46.0649043]},"properties":{"id":"bikerack:5138f10e-3f79-438b-a466-06484fa45126","kind":"bikerack","longitude":11.1357138,"latitude":46.0649043,"name":"Parcheggio bici","city":"Trento","address":null,"covered":false,"access":null,"website":null,"phone":null,"source":"OpenStreetMap/node/1985026432","sourceUpdatedAt":null,"verifiedAt":null}},{"type":"Feature","geometry":{"type":"Point","coordinates":[11.1257696,46.0654667]},"properties":{"id":"bikerack:515ad1c4-dbaa-4360-9314-a1007b156607","kind":"bikerack","longitude":11.1257696,"latitude":46.0654667,"name":"Parcheggio bici","city":"Trento","address":null,"covered":false,"access":null,"website":null,"phone":null,"source":"OpenStreetMap/node/12847419192","sourceUpdatedAt":null,"verifiedAt":null}},{"type":"Feature","geometry":{"type":"Point","coordinates":[11.1295908,46.055095]},"properties":{"id":"bikerack:51649600-0816-449e-b8b8-053e8ac859aa","kind":"bikerack","longitude":11.1295908,"latitude":46.055095,"name":"Parcheggio bici","city":"Trento","address":null,"covered":false,"access":null,"website":null,"phone":null,"source":"OpenStreetMap/node/6817307869","sourceUpdatedAt":null,"verifiedAt":null}},{"type":"Feature","geometry":{"type":"Point","coordinates":[11.1201006,46.0698076]},"properties":{"id":"bikerack:51d2a8f1-c459-4596-8463-2f64adce1113","kind":"bikerack","longitude":11.1201006,"latitude":46.0698076,"name":"Parcheggio bici","city":"Trento","address":null,"covered":false,"access":null,"website":null,"phone":null,"source":"OpenStreetMap/node/1123469919","sourceUpdatedAt":null,"verifiedAt":null}},{"type":"Feature","geometry":{"type":"Point","coordinates":[11.1322034,46.0556317]},"properties":{"id":"bikerack:524f9021-25ee-462b-996a-35e8581d10d8","kind":"bikerack","longitude":11.1322034,"latitude":46.0556317,"name":"Parcheggio bici","city":"Trento","address":null,"covered":false,"access":null,"website":null,"phone":null,"source":"OpenStreetMap/node/8906850163","sourceUpdatedAt":null,"verifiedAt":null}},{"type":"Feature","geometry":{"type":"Point","coordinates":[11.1201112,46.0686736]},"properties":{"id":"bikerack:54bd2579-f0e9-495d-9283-9813df740dc8","kind":"bikerack","longitude":11.1201112,"latitude":46.0686736,"name":"Parcheggio bici","city":"Trento","address":null,"covered":false,"access":null,"website":null,"phone":null,"source":"OpenStreetMap/node/969087731","sourceUpdatedAt":null,"verifiedAt":null}},{"type":"Feature","geometry":{"type":"Point","coordinates":[11.1256111,46.0718914]},"properties":{"id":"bikerack:54ffe5af-e2a5-49f7-a67e-a51190f408c3","kind":"bikerack","longitude":11.1256111,"latitude":46.0718914,"name":"Parcheggio bici","city":"Trento","address":null,"covered":false,"access":null,"website":null,"phone":null,"source":"OpenStreetMap/node/11766673301","sourceUpdatedAt":null,"verifiedAt":null}},{"type":"Feature","geometry":{"type":"Point","coordinates":[11.1212304,46.0707862]},"properties":{"id":"bikerack:57652687-0a0f-4773-aaa5-6d289ec01141","kind":"bikerack","longitude":11.1212304,"latitude":46.0707862,"name":"Parcheggio bici","city":"Trento","address":null,"covered":false,"access":null,"website":null,"phone":null,"source":"OpenStreetMap/node/880590846","sourceUpdatedAt":null,"verifiedAt":null}},{"type":"Feature","geometry":{"type":"Point","coordinates":[11.1210301,46.0637307]},"properties":{"id":"bikerack:583e7dae-572b-4eab-902a-9067800c1886","kind":"bikerack","longitude":11.1210301,"latitude":46.0637307,"name":"Parcheggio bici","city":"Trento","address":null,"covered":false,"access":null,"website":null,"phone":null,"source":"OpenStreetMap/node/1687770954","sourceUpdatedAt":null,"verifiedAt":null}},{"type":"Feature","geometry":{"type":"Point","coordinates":[11.1233553,46.0606683]},"properties":{"id":"bikerack:58780a08-ba32-4f00-890c-ae012ba15dae","kind":"bikerack","longitude":11.1233553,"latitude":46.0606683,"name":"Parcheggio bici","city":"Trento","address":null,"covered":false,"access":null,"website":null,"phone":null,"source":"OpenStreetMap/node/2052784371","sourceUpdatedAt":null,"verifiedAt":null}},{"type":"Feature","geometry":{"type":"Point","coordinates":[11.1216467,46.0694639]},"properties":{"id":"bikerack:58fa4748-e2d3-4d18-ab6c-a8324879ce49","kind":"bikerack","longitude":11.1216467,"latitude":46.0694639,"name":"Parcheggio bici","city":"Trento","address":null,"covered":false,"access":null,"website":null,"phone":null,"source":"OpenStreetMap/node/927359322","sourceUpdatedAt":null,"verifiedAt":null}},{"type":"Feature","geometry":{"type":"Point","coordinates":[11.121564,46.0581818]},"properties":{"id":"bikerack:59f4e90f-3f74-4d3c-9ec5-7b429439c0a2","kind":"bikerack","longitude":11.121564,"latitude":46.0581818,"name":"Parcheggio bici","city":"Trento","address":null,"covered":false,"access":null,"website":null,"phone":null,"source":"OpenStreetMap/node/3098170331","sourceUpdatedAt":null,"verifiedAt":null}},{"type":"Feature","geometry":{"type":"Point","coordinates":[11.1182582,46.0689557]},"properties":{"id":"bikerack:5b8a193e-c5f4-4e68-b20a-cadc9e9d3f53","kind":"bikerack","longitude":11.1182582,"latitude":46.0689557,"name":"Parcheggio bici","city":"Trento","address":null,"covered":false,"access":null,"website":null,"phone":null,"source":"OpenStreetMap/node/2615218155","sourceUpdatedAt":null,"verifiedAt":null}},{"type":"Feature","geometry":{"type":"Point","coordinates":[11.1214791,46.0615247]},"properties":{"id":"bikerack:5c3d64bb-8bfd-45fd-8001-c9f697ce255a","kind":"bikerack","longitude":11.1214791,"latitude":46.0615247,"name":"Parcheggio bici","city":"Trento","address":null,"covered":true,"access":null,"website":null,"phone":null,"source":"OpenStreetMap/node/2923372725","sourceUpdatedAt":null,"verifiedAt":null}},{"type":"Feature","geometry":{"type":"Point","coordinates":[11.1298825,46.0558278]},"properties":{"id":"bikerack:5c525169-302b-4182-92f8-ca7d1ac39549","kind":"bikerack","longitude":11.1298825,"latitude":46.0558278,"name":"Parcheggio bici","city":"Trento","address":null,"covered":false,"access":null,"website":null,"phone":null,"source":"OpenStreetMap/node/12809288083","sourceUpdatedAt":null,"verifiedAt":null}},{"type":"Feature","geometry":{"type":"Point","coordinates":[11.1252742,46.060352]},"properties":{"id":"bikerack:5cce009f-9b77-43d4-8c20-824bdc3c0a6b","kind":"bikerack","longitude":11.1252742,"latitude":46.060352,"name":"Parcheggio bici","city":"Trento","address":null,"covered":false,"access":null,"website":null,"phone":null,"source":"OpenStreetMap/node/13159873508","sourceUpdatedAt":null,"verifiedAt":null}},{"type":"Feature","geometry":{"type":"Point","coordinates":[11.1210157,46.0559205]},"properties":{"id":"bikerack:5e66a45e-3313-4a48-a174-f1bc43b4ac81","kind":"bikerack","longitude":11.1210157,"latitude":46.0559205,"name":"Parcheggio bici","city":"Trento","address":null,"covered":false,"access":null,"website":null,"phone":null,"source":"OpenStreetMap/node/2314952984","sourceUpdatedAt":null,"verifiedAt":null}},{"type":"Feature","geometry":{"type":"Point","coordinates":[11.1319204,46.0626012]},"properties":{"id":"bikerack:5ee4b98c-546d-474b-b49d-16dae48f52a3","kind":"bikerack","longitude":11.1319204,"latitude":46.0626012,"name":"Parcheggio bici","city":"Trento","address":null,"covered":false,"access":null,"website":null,"phone":null,"source":"OpenStreetMap/node/11624005942","sourceUpdatedAt":null,"verifiedAt":null}},{"type":"Feature","geometry":{"type":"Point","coordinates":[11.1539451,46.0648694]},"properties":{"id":"bikerack:5f45b320-1961-4c1e-8259-5af16c58344f","kind":"bikerack","longitude":11.1539451,"latitude":46.0648694,"name":"Parcheggio bici","city":"Povo","address":null,"covered":false,"access":null,"website":null,"phone":null,"source":"OpenStreetMap/node/13159850415","sourceUpdatedAt":null,"verifiedAt":null}},{"type":"Feature","geometry":{"type":"Point","coordinates":[11.1258645,46.0654424]},"properties":{"id":"bikerack:5f8b038a-6490-4976-8b82-9eb07fa2a2e5","kind":"bikerack","longitude":11.1258645,"latitude":46.0654424,"name":"Parcheggio bici","city":"Trento","address":null,"covered":false,"access":null,"website":null,"phone":null,"source":"OpenStreetMap/node/12847456722","sourceUpdatedAt":null,"verifiedAt":null}},{"type":"Feature","geometry":{"type":"Point","coordinates":[11.1265205,46.0590997]},"properties":{"id":"bikerack:601dd621-1820-41f5-86fe-f6e8d6919583","kind":"bikerack","longitude":11.1265205,"latitude":46.0590997,"name":"Parcheggio bici","city":"Trento","address":null,"covered":false,"access":null,"website":null,"phone":null,"source":"OpenStreetMap/node/4448436002","sourceUpdatedAt":null,"verifiedAt":null}},{"type":"Feature","geometry":{"type":"Point","coordinates":[11.1193315,46.0716102]},"properties":{"id":"bikerack:6165c9f0-0600-4532-8dd4-a34c6235151d","kind":"bikerack","longitude":11.1193315,"latitude":46.0716102,"name":"Parcheggio bici","city":"Trento","address":null,"covered":false,"access":null,"website":null,"phone":null,"source":"OpenStreetMap/node/9797066477","sourceUpdatedAt":null,"verifiedAt":null}},{"type":"Feature","geometry":{"type":"Point","coordinates":[11.1283867,46.0474898]},"properties":{"id":"bikerack:635991d8-6e3c-49c1-875c-026fb59e166d","kind":"bikerack","longitude":11.1283867,"latitude":46.0474898,"name":"Parcheggio bici","city":"Ravina","address":null,"covered":false,"access":null,"website":null,"phone":null,"source":"OpenStreetMap/node/8412526644","sourceUpdatedAt":null,"verifiedAt":null}},{"type":"Feature","geometry":{"type":"Point","coordinates":[11.1198612,46.072101]},"properties":{"id":"bikerack:6379353b-e353-4b99-937c-cf6749f784e5","kind":"bikerack","longitude":11.1198612,"latitude":46.072101,"name":"Parcheggio bici","city":"Trento","address":null,"covered":false,"access":null,"website":null,"phone":null,"source":"OpenStreetMap/node/885670050","sourceUpdatedAt":null,"verifiedAt":null}},{"type":"Feature","geometry":{"type":"Point","coordinates":[11.1216271,46.0694915]},"properties":{"id":"bikerack:65a3bd15-d415-4812-b0bd-8418f66bc840","kind":"bikerack","longitude":11.1216271,"latitude":46.0694915,"name":"Parcheggio bici","city":"Trento","address":null,"covered":false,"access":null,"website":null,"phone":null,"source":"OpenStreetMap/node/9460716559","sourceUpdatedAt":null,"verifiedAt":null}},{"type":"Feature","geometry":{"type":"Point","coordinates":[11.1503578,46.0669551]},"properties":{"id":"bikerack:6a2937a2-c46f-44d8-bb1c-9dbb881af9ba","kind":"bikerack","longitude":11.1503578,"latitude":46.0669551,"name":"Parcheggio bici","city":"Povo","address":null,"covered":false,"access":null,"website":null,"phone":null,"source":"OpenStreetMap/node/3363089261","sourceUpdatedAt":null,"verifiedAt":null}},{"type":"Feature","geometry":{"type":"Point","coordinates":[11.1271394,46.0660816]},"properties":{"id":"bikerack:6afba1b5-7be3-4331-9240-b9cd5a2e1b1b","kind":"bikerack","longitude":11.1271394,"latitude":46.0660816,"name":"Parcheggio bici","city":"Trento","address":null,"covered":false,"access":null,"website":null,"phone":null,"source":"OpenStreetMap/node/5170946172","sourceUpdatedAt":null,"verifiedAt":null}},{"type":"Feature","geometry":{"type":"Point","coordinates":[11.129403,46.0557365]},"properties":{"id":"bikerack:6cbde59d-33ec-415f-a0f7-d0e95d63dddb","kind":"bikerack","longitude":11.129403,"latitude":46.0557365,"name":"Parcheggio bici","city":"Trento","address":null,"covered":false,"access":null,"website":null,"phone":null,"source":"OpenStreetMap/node/12809291580","sourceUpdatedAt":null,"verifiedAt":null}},{"type":"Feature","geometry":{"type":"Point","coordinates":[11.1200163,46.0729609]},"properties":{"id":"bikerack:6dee8c2d-5118-4b9e-84fc-f2e5e5616fb4","kind":"bikerack","longitude":11.1200163,"latitude":46.0729609,"name":"Bici Park \"Stazione di Trento\"","city":"Trento","address":null,"covered":true,"access":null,"website":null,"phone":null,"source":"OpenStreetMap/way/73103769","sourceUpdatedAt":null,"verifiedAt":null}},{"type":"Feature","geometry":{"type":"Point","coordinates":[11.1329538,46.0570946]},"properties":{"id":"bikerack:6f0e8099-fb57-440c-b9be-bd66d1652dd4","kind":"bikerack","longitude":11.1329538,"latitude":46.0570946,"name":"Parcheggio bici","city":"Trento","address":null,"covered":false,"access":null,"website":null,"phone":null,"source":"OpenStreetMap/node/4441176950","sourceUpdatedAt":null,"verifiedAt":null}},{"type":"Feature","geometry":{"type":"Point","coordinates":[11.135574,46.0543811]},"properties":{"id":"bikerack:6f13c8a3-fa3e-4a5d-bd9b-71b5441f1865","kind":"bikerack","longitude":11.135574,"latitude":46.0543811,"name":"Parcheggio bici","city":"Trento","address":null,"covered":false,"access":null,"website":null,"phone":null,"source":"OpenStreetMap/node/5595169609","sourceUpdatedAt":null,"verifiedAt":null}},{"type":"Feature","geometry":{"type":"Point","coordinates":[11.1260019,46.0707979]},"properties":{"id":"bikerack:6f724574-12c0-4d90-9929-6495072b253a","kind":"bikerack","longitude":11.1260019,"latitude":46.0707979,"name":"Parcheggio bici","city":"Trento","address":null,"covered":false,"access":null,"website":null,"phone":null,"source":"OpenStreetMap/node/1307180338","sourceUpdatedAt":null,"verifiedAt":null}},{"type":"Feature","geometry":{"type":"Point","coordinates":[11.1215881,46.0712655]},"properties":{"id":"bikerack:7326a2e0-3717-4450-8b02-6c9b80af06f5","kind":"bikerack","longitude":11.1215881,"latitude":46.0712655,"name":"Parcheggio bici","city":"Trento","address":null,"covered":false,"access":null,"website":null,"phone":null,"source":"OpenStreetMap/node/890517069","sourceUpdatedAt":null,"verifiedAt":null}},{"type":"Feature","geometry":{"type":"Point","coordinates":[11.1305279,46.0561395]},"properties":{"id":"bikerack:74594a84-896d-43b4-9f17-1db23fa79917","kind":"bikerack","longitude":11.1305279,"latitude":46.0561395,"name":"Parcheggio bici","city":"Trento","address":null,"covered":false,"access":null,"website":null,"phone":null,"source":"OpenStreetMap/node/7231190374","sourceUpdatedAt":null,"verifiedAt":null}},{"type":"Feature","geometry":{"type":"Point","coordinates":[11.1281947,46.0676432]},"properties":{"id":"bikerack:7499767e-2410-42a0-bf4d-e08c11049d93","kind":"bikerack","longitude":11.1281947,"latitude":46.0676432,"name":"Parcheggio bici","city":"Trento","address":null,"covered":false,"access":null,"website":null,"phone":null,"source":"OpenStreetMap/node/6844801879","sourceUpdatedAt":null,"verifiedAt":null}},{"type":"Feature","geometry":{"type":"Point","coordinates":[11.127945,46.0619763]},"properties":{"id":"bikerack:76856d3d-35c7-49ec-83f0-c7005dd1ea08","kind":"bikerack","longitude":11.127945,"latitude":46.0619763,"name":"Parcheggio bici","city":"Trento","address":null,"covered":false,"access":null,"website":null,"phone":null,"source":"OpenStreetMap/node/13159754806","sourceUpdatedAt":null,"verifiedAt":null}},{"type":"Feature","geometry":{"type":"Point","coordinates":[11.134191,46.0481692]},"properties":{"id":"bikerack:7c259cc5-c9c8-4e5b-964d-d0707006afca","kind":"bikerack","longitude":11.134191,"latitude":46.0481692,"name":"Parcheggio bici","city":"Trento","address":null,"covered":true,"access":null,"website":null,"phone":null,"source":"OpenStreetMap/node/13327784901","sourceUpdatedAt":null,"verifiedAt":null}},{"type":"Feature","geometry":{"type":"Point","coordinates":[11.1233437,46.0631787]},"properties":{"id":"bikerack:80998503-25e6-4424-94d2-6c7246515bc6","kind":"bikerack","longitude":11.1233437,"latitude":46.0631787,"name":"Parcheggio bici","city":"Trento","address":null,"covered":false,"access":null,"website":null,"phone":null,"source":"OpenStreetMap/node/892579097","sourceUpdatedAt":null,"verifiedAt":null}},{"type":"Feature","geometry":{"type":"Point","coordinates":[11.1238775,46.0648965]},"properties":{"id":"bikerack:814be20c-c902-4a46-a5fc-0bd1c004b51c","kind":"bikerack","longitude":11.1238775,"latitude":46.0648965,"name":"Parcheggio bici","city":"Trento","address":null,"covered":false,"access":null,"website":null,"phone":null,"source":"OpenStreetMap/node/1773068126","sourceUpdatedAt":null,"verifiedAt":null}},{"type":"Feature","geometry":{"type":"Point","coordinates":[11.1230212,46.0669131]},"properties":{"id":"bikerack:8241e199-0370-4638-b1c7-52c3173c550b","kind":"bikerack","longitude":11.1230212,"latitude":46.0669131,"name":"Parcheggio bici","city":"Trento","address":null,"covered":false,"access":null,"website":null,"phone":null,"source":"OpenStreetMap/node/1461587546","sourceUpdatedAt":null,"verifiedAt":null}},{"type":"Feature","geometry":{"type":"Point","coordinates":[11.1286099,46.0448041]},"properties":{"id":"bikerack:8310c195-3c0b-44e3-bc1b-22c1a0ad38ae","kind":"bikerack","longitude":11.1286099,"latitude":46.0448041,"name":"Parcheggio bici","city":"Ravina","address":null,"covered":false,"access":null,"website":null,"phone":null,"source":"OpenStreetMap/node/7231190372","sourceUpdatedAt":null,"verifiedAt":null}},{"type":"Feature","geometry":{"type":"Point","coordinates":[11.1264767,46.0694326]},"properties":{"id":"bikerack:8332182c-37ed-4e8d-88db-7079ed960fb4","kind":"bikerack","longitude":11.1264767,"latitude":46.0694326,"name":"Parcheggio bici","city":"Trento","address":null,"covered":false,"access":null,"website":null,"phone":null,"source":"OpenStreetMap/node/2407332591","sourceUpdatedAt":null,"verifiedAt":null}},{"type":"Feature","geometry":{"type":"Point","coordinates":[11.1222828,46.0637126]},"properties":{"id":"bikerack:83631ec3-28cc-456c-8d7e-7d5773fb4494","kind":"bikerack","longitude":11.1222828,"latitude":46.0637126,"name":"Parcheggio bici","city":"Trento","address":null,"covered":false,"access":null,"website":null,"phone":null,"source":"OpenStreetMap/node/1508604565","sourceUpdatedAt":null,"verifiedAt":null}},{"type":"Feature","geometry":{"type":"Point","coordinates":[11.1210422,46.0595753]},"properties":{"id":"bikerack:8383c50f-68dc-4f22-8b99-3889c72cefc7","kind":"bikerack","longitude":11.1210422,"latitude":46.0595753,"name":"Parcheggio bici","city":"Trento","address":null,"covered":false,"access":null,"website":null,"phone":null,"source":"OpenStreetMap/node/3121823193","sourceUpdatedAt":null,"verifiedAt":null}},{"type":"Feature","geometry":{"type":"Point","coordinates":[11.1201083,46.0686933]},"properties":{"id":"bikerack:8444f740-e17a-4d6e-b8e1-bf79325eb606","kind":"bikerack","longitude":11.1201083,"latitude":46.0686933,"name":"Parcheggio bici","city":"Trento","address":null,"covered":false,"access":null,"website":null,"phone":null,"source":"OpenStreetMap/node/2513343048","sourceUpdatedAt":null,"verifiedAt":null}},{"type":"Feature","geometry":{"type":"Point","coordinates":[11.1306552,46.0580107]},"properties":{"id":"bikerack:85c5c68a-6533-4fc2-8d5f-aebcda08e7e2","kind":"bikerack","longitude":11.1306552,"latitude":46.0580107,"name":"Parcheggio bici","city":"Trento","address":null,"covered":false,"access":null,"website":null,"phone":null,"source":"OpenStreetMap/node/9051937081","sourceUpdatedAt":null,"verifiedAt":null}},{"type":"Feature","geometry":{"type":"Point","coordinates":[11.1182753,46.055876]},"properties":{"id":"bikerack:868d3e33-971f-4d52-8e19-812d28599d9d","kind":"bikerack","longitude":11.1182753,"latitude":46.055876,"name":"Parcheggio bici","city":"Trento","address":null,"covered":false,"access":null,"website":null,"phone":null,"source":"OpenStreetMap/node/13159745548","sourceUpdatedAt":null,"verifiedAt":null}},{"type":"Feature","geometry":{"type":"Point","coordinates":[11.1321719,46.0656353]},"properties":{"id":"bikerack:88b6611e-3bf9-463e-a8c1-d1a40d5b0c54","kind":"bikerack","longitude":11.1321719,"latitude":46.0656353,"name":"Parcheggio bici","city":"Trento","address":null,"covered":false,"access":null,"website":null,"phone":null,"source":"OpenStreetMap/node/1485147231","sourceUpdatedAt":null,"verifiedAt":null}},{"type":"Feature","geometry":{"type":"Point","coordinates":[11.1209624,46.058335]},"properties":{"id":"bikerack:88dc5572-a740-4b22-8384-9b00131b3c32","kind":"bikerack","longitude":11.1209624,"latitude":46.058335,"name":"Parcheggio bici","city":"Trento","address":null,"covered":false,"access":null,"website":null,"phone":null,"source":"OpenStreetMap/node/3097106760","sourceUpdatedAt":null,"verifiedAt":null}},{"type":"Feature","geometry":{"type":"Point","coordinates":[11.1335338,46.0468206]},"properties":{"id":"bikerack:915f968d-4ea2-41da-86bf-9997485b4d0b","kind":"bikerack","longitude":11.1335338,"latitude":46.0468206,"name":"Parcheggio bici","city":"Ravina","address":null,"covered":false,"access":null,"website":null,"phone":null,"source":"OpenStreetMap/node/7231190368","sourceUpdatedAt":null,"verifiedAt":null}},{"type":"Feature","geometry":{"type":"Point","coordinates":[11.1201363,46.0566667]},"properties":{"id":"bikerack:931207fb-c330-4915-b879-187b9081ce39","kind":"bikerack","longitude":11.1201363,"latitude":46.0566667,"name":"Parcheggio bici","city":"Trento","address":null,"covered":false,"access":null,"website":null,"phone":null,"source":"OpenStreetMap/node/2475915051","sourceUpdatedAt":null,"verifiedAt":null}},{"type":"Feature","geometry":{"type":"Point","coordinates":[11.1277536,46.0672108]},"properties":{"id":"bikerack:937b3d0b-0600-4af0-aabd-6d5b5dd36e40","kind":"bikerack","longitude":11.1277536,"latitude":46.0672108,"name":"Parcheggio bici","city":"Trento","address":null,"covered":false,"access":null,"website":null,"phone":null,"source":"OpenStreetMap/node/5170946167","sourceUpdatedAt":null,"verifiedAt":null}},{"type":"Feature","geometry":{"type":"Point","coordinates":[11.1242232,46.0617971]},"properties":{"id":"bikerack:9578d61d-405e-4485-8bd3-b45cdd256765","kind":"bikerack","longitude":11.1242232,"latitude":46.0617971,"name":"Parcheggio bici","city":"Trento","address":null,"covered":false,"access":null,"website":null,"phone":null,"source":"OpenStreetMap/node/6327829537","sourceUpdatedAt":null,"verifiedAt":null}},{"type":"Feature","geometry":{"type":"Point","coordinates":[11.1244426,46.0648674]},"properties":{"id":"bikerack:96e28658-8476-4af6-a3ae-870cafd1a992","kind":"bikerack","longitude":11.1244426,"latitude":46.0648674,"name":"Parcheggio bici","city":"Trento","address":null,"covered":false,"access":null,"website":null,"phone":null,"source":"OpenStreetMap/node/1773068114","sourceUpdatedAt":null,"verifiedAt":null}},{"type":"Feature","geometry":{"type":"Point","coordinates":[11.1285881,46.0701066]},"properties":{"id":"bikerack:978d2d7c-1618-4a6b-a7af-977bc278a033","kind":"bikerack","longitude":11.1285881,"latitude":46.0701066,"name":"Bici Park \"Ex lavatoio pubblico alla Saluga\"","city":"Trento","address":null,"covered":true,"access":null,"website":null,"phone":null,"source":"OpenStreetMap/way/122270385","sourceUpdatedAt":null,"verifiedAt":null}},{"type":"Feature","geometry":{"type":"Point","coordinates":[11.1243336,46.0648708]},"properties":{"id":"bikerack:9a8001b6-d6c1-4103-99b9-e4ac79551919","kind":"bikerack","longitude":11.1243336,"latitude":46.0648708,"name":"Parcheggio bici","city":"Trento","address":null,"covered":false,"access":null,"website":null,"phone":null,"source":"OpenStreetMap/node/13589340087","sourceUpdatedAt":null,"verifiedAt":null}},{"type":"Feature","geometry":{"type":"Point","coordinates":[11.1203273,46.0563504]},"properties":{"id":"bikerack:9bffb1a5-62e2-44e2-9ce2-0a26081316fb","kind":"bikerack","longitude":11.1203273,"latitude":46.0563504,"name":"Parcheggio bici","city":"Trento","address":null,"covered":false,"access":null,"website":null,"phone":null,"source":"OpenStreetMap/node/2637298790","sourceUpdatedAt":null,"verifiedAt":null}},{"type":"Feature","geometry":{"type":"Point","coordinates":[11.1254067,46.0646858]},"properties":{"id":"bikerack:9d0c5790-748b-467e-b603-aba4eb0acb16","kind":"bikerack","longitude":11.1254067,"latitude":46.0646858,"name":"Parcheggio bici","city":"Trento","address":null,"covered":false,"access":null,"website":null,"phone":null,"source":"OpenStreetMap/node/5170946185","sourceUpdatedAt":null,"verifiedAt":null}},{"type":"Feature","geometry":{"type":"Point","coordinates":[11.1210015,46.0681994]},"properties":{"id":"bikerack:9e8e9c78-0da7-4464-ab74-2e6d5e2ced83","kind":"bikerack","longitude":11.1210015,"latitude":46.0681994,"name":"Parcheggio bici","city":"Trento","address":null,"covered":false,"access":null,"website":null,"phone":null,"source":"OpenStreetMap/node/927358861","sourceUpdatedAt":null,"verifiedAt":null}},{"type":"Feature","geometry":{"type":"Point","coordinates":[11.128264,46.0676152]},"properties":{"id":"bikerack:9f7eb49a-e94d-495a-a519-ee7d77df6351","kind":"bikerack","longitude":11.128264,"latitude":46.0676152,"name":"Parcheggio bici","city":"Trento","address":null,"covered":false,"access":null,"website":null,"phone":null,"source":"OpenStreetMap/node/1508604580","sourceUpdatedAt":null,"verifiedAt":null}},{"type":"Feature","geometry":{"type":"Point","coordinates":[11.1211588,46.0725603]},"properties":{"id":"bikerack:9fb235a0-0cdb-4d8a-b3bb-82a5dbd21536","kind":"bikerack","longitude":11.1211588,"latitude":46.0725603,"name":"Parcheggio bici","city":"Trento","address":null,"covered":false,"access":null,"website":null,"phone":null,"source":"OpenStreetMap/node/2693303442","sourceUpdatedAt":null,"verifiedAt":null}},{"type":"Feature","geometry":{"type":"Point","coordinates":[11.1216133,46.0697122]},"properties":{"id":"bikerack:a0da5035-c0ce-4942-98df-74b285109ea8","kind":"bikerack","longitude":11.1216133,"latitude":46.0697122,"name":"Parcheggio bici","city":"Trento","address":null,"covered":false,"access":null,"website":null,"phone":null,"source":"OpenStreetMap/node/7142753040","sourceUpdatedAt":null,"verifiedAt":null}},{"type":"Feature","geometry":{"type":"Point","coordinates":[11.120873,46.0617457]},"properties":{"id":"bikerack:a1567fcf-3fb2-4f90-be58-19f7864ef060","kind":"bikerack","longitude":11.120873,"latitude":46.0617457,"name":"Parcheggio bici","city":"Trento","address":null,"covered":true,"access":null,"website":null,"phone":null,"source":"OpenStreetMap/node/2923372724","sourceUpdatedAt":null,"verifiedAt":null}},{"type":"Feature","geometry":{"type":"Point","coordinates":[11.1187205,46.0696624]},"properties":{"id":"bikerack:a1e4d6b6-8622-43f9-a743-787e12245acb","kind":"bikerack","longitude":11.1187205,"latitude":46.0696624,"name":"Parcheggio bici","city":"Trento","address":null,"covered":false,"access":null,"website":null,"phone":null,"source":"OpenStreetMap/node/1202027599","sourceUpdatedAt":null,"verifiedAt":null}},{"type":"Feature","geometry":{"type":"Point","coordinates":[11.1257453,46.0623916]},"properties":{"id":"bikerack:a2211ec3-fd78-46f7-9400-b5388ebf0257","kind":"bikerack","longitude":11.1257453,"latitude":46.0623916,"name":"Parcheggio bici","city":"Trento","address":null,"covered":false,"access":null,"website":null,"phone":null,"source":"OpenStreetMap/node/959910981","sourceUpdatedAt":null,"verifiedAt":null}},{"type":"Feature","geometry":{"type":"Point","coordinates":[11.1291678,46.0478942]},"properties":{"id":"bikerack:a2b50a83-62c2-48f0-bc63-70c94f80688b","kind":"bikerack","longitude":11.1291678,"latitude":46.0478942,"name":"Parcheggio bici","city":"Ravina","address":null,"covered":false,"access":null,"website":null,"phone":null,"source":"OpenStreetMap/node/7231229869","sourceUpdatedAt":null,"verifiedAt":null}},{"type":"Feature","geometry":{"type":"Point","coordinates":[11.1230808,46.071031]},"properties":{"id":"bikerack:a3173e91-068b-4c5e-b33c-c34a02a2e572","kind":"bikerack","longitude":11.1230808,"latitude":46.071031,"name":"Parcheggio bici","city":"Trento","address":null,"covered":false,"access":null,"website":null,"phone":null,"source":"OpenStreetMap/node/1662768771","sourceUpdatedAt":null,"verifiedAt":null}},{"type":"Feature","geometry":{"type":"Point","coordinates":[11.1187207,46.0662349]},"properties":{"id":"bikerack:a3aa3505-f637-4f70-bca1-2610df64011f","kind":"bikerack","longitude":11.1187207,"latitude":46.0662349,"name":"Parcheggio bici","city":"Trento","address":null,"covered":false,"access":null,"website":null,"phone":null,"source":"OpenStreetMap/node/1211136796","sourceUpdatedAt":null,"verifiedAt":null}},{"type":"Feature","geometry":{"type":"Point","coordinates":[11.1230963,46.07015]},"properties":{"id":"bikerack:a404bc44-c51f-4860-8ce4-ffd53e495eac","kind":"bikerack","longitude":11.1230963,"latitude":46.07015,"name":"Parcheggio bici","city":"Trento","address":null,"covered":false,"access":null,"website":null,"phone":null,"source":"OpenStreetMap/node/1638162310","sourceUpdatedAt":null,"verifiedAt":null}},{"type":"Feature","geometry":{"type":"Point","coordinates":[11.1264074,46.0662775]},"properties":{"id":"bikerack:a4536ea5-96c0-48a0-8162-16394f718f86","kind":"bikerack","longitude":11.1264074,"latitude":46.0662775,"name":"Parcheggio bici","city":"Trento","address":null,"covered":false,"access":null,"website":null,"phone":null,"source":"OpenStreetMap/node/11778530162","sourceUpdatedAt":null,"verifiedAt":null}},{"type":"Feature","geometry":{"type":"Point","coordinates":[11.1235002,46.0677883]},"properties":{"id":"bikerack:a58fc490-e81f-4d79-9280-b8d7618daecf","kind":"bikerack","longitude":11.1235002,"latitude":46.0677883,"name":"Parcheggio bici","city":"Trento","address":null,"covered":false,"access":null,"website":null,"phone":null,"source":"OpenStreetMap/node/990462102","sourceUpdatedAt":null,"verifiedAt":null}},{"type":"Feature","geometry":{"type":"Point","coordinates":[11.1303123,46.0448216]},"properties":{"id":"bikerack:a5a2ad37-1ac2-49db-9158-a953a4338258","kind":"bikerack","longitude":11.1303123,"latitude":46.0448216,"name":"Parcheggio bici","city":"Ravina","address":null,"covered":false,"access":null,"website":null,"phone":null,"source":"OpenStreetMap/node/7231190369","sourceUpdatedAt":null,"verifiedAt":null}},{"type":"Feature","geometry":{"type":"Point","coordinates":[11.1218333,46.0726482]},"properties":{"id":"bikerack:a6c5461e-ea98-4830-bdea-8b1b330bc277","kind":"bikerack","longitude":11.1218333,"latitude":46.0726482,"name":"Parcheggio bici","city":"Trento","address":null,"covered":false,"access":null,"website":null,"phone":null,"source":"OpenStreetMap/node/10604160689","sourceUpdatedAt":null,"verifiedAt":null}},{"type":"Feature","geometry":{"type":"Point","coordinates":[11.1190189,46.0704715]},"properties":{"id":"bikerack:a758d1bb-b390-44dd-a683-3f93a64634d8","kind":"bikerack","longitude":11.1190189,"latitude":46.0704715,"name":"Parcheggio bici","city":"Trento","address":null,"covered":false,"access":null,"website":null,"phone":null,"source":"OpenStreetMap/node/2591984558","sourceUpdatedAt":null,"verifiedAt":null}},{"type":"Feature","geometry":{"type":"Point","coordinates":[11.1532394,46.0647145]},"properties":{"id":"bikerack:a8faeff5-fd63-42e7-92ff-518f6bfe1651","kind":"bikerack","longitude":11.1532394,"latitude":46.0647145,"name":"Parcheggio bici","city":"Povo","address":null,"covered":false,"access":null,"website":null,"phone":null,"source":"OpenStreetMap/node/13174236511","sourceUpdatedAt":null,"verifiedAt":null}},{"type":"Feature","geometry":{"type":"Point","coordinates":[11.1346093,46.0481822]},"properties":{"id":"bikerack:a96c6b5c-2ecc-4bb2-b25b-37540642a96a","kind":"bikerack","longitude":11.1346093,"latitude":46.0481822,"name":"Parcheggio bici","city":"Trento","address":null,"covered":true,"access":null,"website":null,"phone":null,"source":"OpenStreetMap/node/13316579259","sourceUpdatedAt":null,"verifiedAt":null}},{"type":"Feature","geometry":{"type":"Point","coordinates":[11.1338896,46.048236]},"properties":{"id":"bikerack:aaa02f18-8f54-492a-861a-3d24bfb98df1","kind":"bikerack","longitude":11.1338896,"latitude":46.048236,"name":"Parcheggio bici","city":"Trento","address":null,"covered":false,"access":null,"website":null,"phone":null,"source":"OpenStreetMap/node/12809240892","sourceUpdatedAt":null,"verifiedAt":null}},{"type":"Feature","geometry":{"type":"Point","coordinates":[11.1320483,46.0471331]},"properties":{"id":"bikerack:aacb7c12-abab-4a9c-b3b1-89475ac8e668","kind":"bikerack","longitude":11.1320483,"latitude":46.0471331,"name":"Parcheggio bici","city":"Ravina","address":null,"covered":false,"access":null,"website":null,"phone":null,"source":"OpenStreetMap/way/230192209","sourceUpdatedAt":null,"verifiedAt":null}},{"type":"Feature","geometry":{"type":"Point","coordinates":[11.1330857,46.0579023]},"properties":{"id":"bikerack:aaf6dca1-0bb3-412d-a6de-da6953134c6d","kind":"bikerack","longitude":11.1330857,"latitude":46.0579023,"name":"Parcheggio bici","city":"Trento","address":null,"covered":false,"access":null,"website":null,"phone":null,"source":"OpenStreetMap/node/1311009193","sourceUpdatedAt":null,"verifiedAt":null}},{"type":"Feature","geometry":{"type":"Point","coordinates":[11.1246919,46.0657166]},"properties":{"id":"bikerack:ab52c7d0-5cdc-4392-815a-4039dcae3ad0","kind":"bikerack","longitude":11.1246919,"latitude":46.0657166,"name":"Parcheggio bici","city":"Trento","address":null,"covered":false,"access":null,"website":null,"phone":null,"source":"OpenStreetMap/node/890486688","sourceUpdatedAt":null,"verifiedAt":null}},{"type":"Feature","geometry":{"type":"Point","coordinates":[11.1206975,46.0688755]},"properties":{"id":"bikerack:abd9e640-0a4d-4932-8c55-9b0421653cf6","kind":"bikerack","longitude":11.1206975,"latitude":46.0688755,"name":"Parcheggio bici","city":"Trento","address":null,"covered":false,"access":null,"website":null,"phone":null,"source":"OpenStreetMap/node/1312440696","sourceUpdatedAt":null,"verifiedAt":null}},{"type":"Feature","geometry":{"type":"Point","coordinates":[11.1238149,46.071843]},"properties":{"id":"bikerack:acbf0b9e-36af-4e31-8f62-0fe812d21cc7","kind":"bikerack","longitude":11.1238149,"latitude":46.071843,"name":"Parcheggio bici","city":"Trento","address":null,"covered":false,"access":null,"website":null,"phone":null,"source":"OpenStreetMap/node/2673313374","sourceUpdatedAt":null,"verifiedAt":null}},{"type":"Feature","geometry":{"type":"Point","coordinates":[11.1263387,46.0662919]},"properties":{"id":"bikerack:ad42688c-5892-41eb-8fa5-a5bede5d816f","kind":"bikerack","longitude":11.1263387,"latitude":46.0662919,"name":"Parcheggio bici","city":"Trento","address":null,"covered":false,"access":null,"website":null,"phone":null,"source":"OpenStreetMap/node/11778521551","sourceUpdatedAt":null,"verifiedAt":null}},{"type":"Feature","geometry":{"type":"Point","coordinates":[11.1240199,46.0659354]},"properties":{"id":"bikerack:add2d12c-13b3-457b-b567-cb1251145463","kind":"bikerack","longitude":11.1240199,"latitude":46.0659354,"name":"Parcheggio bici","city":"Trento","address":null,"covered":false,"access":null,"website":null,"phone":null,"source":"OpenStreetMap/node/13069580066","sourceUpdatedAt":null,"verifiedAt":null}},{"type":"Feature","geometry":{"type":"Point","coordinates":[11.1246609,46.0687261]},"properties":{"id":"bikerack:af545518-c6f9-40b9-a97c-500128b593c4","kind":"bikerack","longitude":11.1246609,"latitude":46.0687261,"name":"Parcheggio bici","city":"Trento","address":null,"covered":false,"access":null,"website":null,"phone":null,"source":"OpenStreetMap/node/1962487942","sourceUpdatedAt":null,"verifiedAt":null}},{"type":"Feature","geometry":{"type":"Point","coordinates":[11.1207837,46.0696227]},"properties":{"id":"bikerack:b0db0f42-97dc-45da-8e6c-8be2e98a0178","kind":"bikerack","longitude":11.1207837,"latitude":46.0696227,"name":"Parcheggio bici","city":"Trento","address":null,"covered":false,"access":null,"website":null,"phone":null,"source":"OpenStreetMap/node/1313709030","sourceUpdatedAt":null,"verifiedAt":null}},{"type":"Feature","geometry":{"type":"Point","coordinates":[11.1283692,46.0562882]},"properties":{"id":"bikerack:b184d08c-a9c3-4d04-886c-e215973de228","kind":"bikerack","longitude":11.1283692,"latitude":46.0562882,"name":"Parcheggio bici","city":"Trento","address":null,"covered":false,"access":null,"website":null,"phone":null,"source":"OpenStreetMap/node/7231190373","sourceUpdatedAt":null,"verifiedAt":null}},{"type":"Feature","geometry":{"type":"Point","coordinates":[11.1230503,46.0649967]},"properties":{"id":"bikerack:b1e997c9-a96b-430f-b2d1-5305187c38d9","kind":"bikerack","longitude":11.1230503,"latitude":46.0649967,"name":"Parcheggio bici","city":"Trento","address":null,"covered":false,"access":null,"website":null,"phone":null,"source":"OpenStreetMap/node/6896633897","sourceUpdatedAt":null,"verifiedAt":null}},{"type":"Feature","geometry":{"type":"Point","coordinates":[11.1189055,46.06686]},"properties":{"id":"bikerack:b2d11829-8c33-4a71-974c-37fba414d0bd","kind":"bikerack","longitude":11.1189055,"latitude":46.06686,"name":"Parcheggio bici","city":"Trento","address":null,"covered":false,"access":null,"website":null,"phone":null,"source":"OpenStreetMap/node/2840695990","sourceUpdatedAt":null,"verifiedAt":null}},{"type":"Feature","geometry":{"type":"Point","coordinates":[11.1449285,46.0511144]},"properties":{"id":"bikerack:b2ded823-6971-4678-8444-ca2cbf54c11d","kind":"bikerack","longitude":11.1449285,"latitude":46.0511144,"name":"Parcheggio bici","city":"Povo","address":null,"covered":false,"access":null,"website":null,"phone":null,"source":"OpenStreetMap/node/13159864188","sourceUpdatedAt":null,"verifiedAt":null}},{"type":"Feature","geometry":{"type":"Point","coordinates":[11.1295008,46.0667387]},"properties":{"id":"bikerack:b3666686-ab85-45c9-ad8f-99c4dd88dd9c","kind":"bikerack","longitude":11.1295008,"latitude":46.0667387,"name":"Parcheggio bici","city":"Trento","address":null,"covered":false,"access":null,"website":null,"phone":null,"source":"OpenStreetMap/node/12769089777","sourceUpdatedAt":null,"verifiedAt":null}},{"type":"Feature","geometry":{"type":"Point","coordinates":[11.1280071,46.0687714]},"properties":{"id":"bikerack:b3983e4d-ed82-4b72-acbd-3fc59fe686cd","kind":"bikerack","longitude":11.1280071,"latitude":46.0687714,"name":"Parcheggio bici","city":"Trento","address":null,"covered":false,"access":null,"website":null,"phone":null,"source":"OpenStreetMap/node/12367749142","sourceUpdatedAt":null,"verifiedAt":null}},{"type":"Feature","geometry":{"type":"Point","coordinates":[11.1213468,46.0696893]},"properties":{"id":"bikerack:b3e182d0-5fb1-47d4-9a55-4eaa577675e4","kind":"bikerack","longitude":11.1213468,"latitude":46.0696893,"name":"Parcheggio bici","city":"Trento","address":null,"covered":false,"access":null,"website":null,"phone":null,"source":"OpenStreetMap/node/948758405","sourceUpdatedAt":null,"verifiedAt":null}},{"type":"Feature","geometry":{"type":"Point","coordinates":[11.1234425,46.0606841]},"properties":{"id":"bikerack:b56d0feb-1d37-424d-8f37-c60a076b4272","kind":"bikerack","longitude":11.1234425,"latitude":46.0606841,"name":"Parcheggio bici","city":"Trento","address":null,"covered":false,"access":null,"website":null,"phone":null,"source":"OpenStreetMap/node/2052784374","sourceUpdatedAt":null,"verifiedAt":null}},{"type":"Feature","geometry":{"type":"Point","coordinates":[11.1240331,46.0718538]},"properties":{"id":"bikerack:b6bcc1ff-27c7-425f-9907-e6a15a4fcd86","kind":"bikerack","longitude":11.1240331,"latitude":46.0718538,"name":"Parcheggio bici","city":"Trento","address":null,"covered":false,"access":null,"website":null,"phone":null,"source":"OpenStreetMap/node/1492729109","sourceUpdatedAt":null,"verifiedAt":null}},{"type":"Feature","geometry":{"type":"Point","coordinates":[11.1545351,46.0659999]},"properties":{"id":"bikerack:b720299e-8a4c-428b-ba70-9dd1c1aade2e","kind":"bikerack","longitude":11.1545351,"latitude":46.0659999,"name":"Parcheggio bici","city":"Povo","address":null,"covered":false,"access":null,"website":null,"phone":null,"source":"OpenStreetMap/node/1620451950","sourceUpdatedAt":null,"verifiedAt":null}},{"type":"Feature","geometry":{"type":"Point","coordinates":[11.1190405,46.0670501]},"properties":{"id":"bikerack:b773cd6e-6dfe-49f1-888b-aa872a8eb63d","kind":"bikerack","longitude":11.1190405,"latitude":46.0670501,"name":"Parcheggio bici","city":"Trento","address":null,"covered":false,"access":null,"website":null,"phone":null,"source":"OpenStreetMap/node/927359152","sourceUpdatedAt":null,"verifiedAt":null}},{"type":"Feature","geometry":{"type":"Point","coordinates":[11.1237587,46.0674692]},"properties":{"id":"bikerack:b7e1be88-b297-44ab-ace7-9c1068b9454d","kind":"bikerack","longitude":11.1237587,"latitude":46.0674692,"name":"Parcheggio bici","city":"Trento","address":null,"covered":true,"access":null,"website":null,"phone":null,"source":"OpenStreetMap/node/885670132","sourceUpdatedAt":null,"verifiedAt":null}},{"type":"Feature","geometry":{"type":"Point","coordinates":[11.1227012,46.0678245]},"properties":{"id":"bikerack:b93e7c3b-ce52-4f17-a5cd-b1c5496a0e5d","kind":"bikerack","longitude":11.1227012,"latitude":46.0678245,"name":"Parcheggio bici","city":"Trento","address":null,"covered":false,"access":null,"website":null,"phone":null,"source":"OpenStreetMap/node/880590952","sourceUpdatedAt":null,"verifiedAt":null}},{"type":"Feature","geometry":{"type":"Point","coordinates":[11.119345,46.0666032]},"properties":{"id":"bikerack:b97fd2f9-2c72-4544-9261-152a9c967bab","kind":"bikerack","longitude":11.119345,"latitude":46.0666032,"name":"Parcheggio bici","city":"Trento","address":null,"covered":false,"access":null,"website":null,"phone":null,"source":"OpenStreetMap/way/80767213","sourceUpdatedAt":null,"verifiedAt":null}},{"type":"Feature","geometry":{"type":"Point","coordinates":[11.1296641,46.0557859]},"properties":{"id":"bikerack:bc0ed7a8-e208-4ea9-baac-71ccb52635ff","kind":"bikerack","longitude":11.1296641,"latitude":46.0557859,"name":"Parcheggio bici","city":"Trento","address":null,"covered":false,"access":null,"website":null,"phone":null,"source":"OpenStreetMap/node/12809290485","sourceUpdatedAt":null,"verifiedAt":null}},{"type":"Feature","geometry":{"type":"Point","coordinates":[11.1262277,46.0600462]},"properties":{"id":"bikerack:bc96f97f-3a01-4b81-ac2e-06b17491c292","kind":"bikerack","longitude":11.1262277,"latitude":46.0600462,"name":"Parcheggio bici","city":"Trento","address":null,"covered":false,"access":null,"website":null,"phone":null,"source":"OpenStreetMap/node/11811102464","sourceUpdatedAt":null,"verifiedAt":null}},{"type":"Feature","geometry":{"type":"Point","coordinates":[11.1188796,46.0677578]},"properties":{"id":"bikerack:bd6fecbd-3386-4284-a496-87d5ea79f18c","kind":"bikerack","longitude":11.1188796,"latitude":46.0677578,"name":"Parcheggio bici","city":"Trento","address":null,"covered":false,"access":null,"website":null,"phone":null,"source":"OpenStreetMap/node/927359403","sourceUpdatedAt":null,"verifiedAt":null}},{"type":"Feature","geometry":{"type":"Point","coordinates":[11.1267003,46.0519005]},"properties":{"id":"bikerack:bdc4ca60-0731-4968-8d84-0af6eb542e8c","kind":"bikerack","longitude":11.1267003,"latitude":46.0519005,"name":"Parcheggio bici","city":"Trento","address":null,"covered":false,"access":null,"website":null,"phone":null,"source":"OpenStreetMap/node/6817307868","sourceUpdatedAt":null,"verifiedAt":null}},{"type":"Feature","geometry":{"type":"Point","coordinates":[11.1309138,46.0562037]},"properties":{"id":"bikerack:bde1afcd-adb3-41fc-8302-a38ffef8d852","kind":"bikerack","longitude":11.1309138,"latitude":46.0562037,"name":"Parcheggio bici","city":"Trento","address":null,"covered":false,"access":null,"website":null,"phone":null,"source":"OpenStreetMap/node/7231190375","sourceUpdatedAt":null,"verifiedAt":null}},{"type":"Feature","geometry":{"type":"Point","coordinates":[11.1519793,46.0654999]},"properties":{"id":"bikerack:c08874c6-38f5-4451-bb28-fae97e1d8e37","kind":"bikerack","longitude":11.1519793,"latitude":46.0654999,"name":"Parcheggio bici","city":"Povo","address":null,"covered":true,"access":null,"website":null,"phone":null,"source":"OpenStreetMap/node/5516319516","sourceUpdatedAt":null,"verifiedAt":null}},{"type":"Feature","geometry":{"type":"Point","coordinates":[11.129407,46.0444772]},"properties":{"id":"bikerack:c0e092d4-c5e3-4782-8f75-587fc8595362","kind":"bikerack","longitude":11.129407,"latitude":46.0444772,"name":"Parcheggio bici","city":"Ravina","address":null,"covered":false,"access":null,"website":null,"phone":null,"source":"OpenStreetMap/node/7231190370","sourceUpdatedAt":null,"verifiedAt":null}},{"type":"Feature","geometry":{"type":"Point","coordinates":[11.126064,46.0628876]},"properties":{"id":"bikerack:c1958f31-ccd1-4dab-a1f1-9753a0ae1260","kind":"bikerack","longitude":11.126064,"latitude":46.0628876,"name":"Parcheggio bici","city":"Trento","address":null,"covered":false,"access":null,"website":null,"phone":null,"source":"OpenStreetMap/node/932175253","sourceUpdatedAt":null,"verifiedAt":null}},{"type":"Feature","geometry":{"type":"Point","coordinates":[11.1200318,46.0566434]},"properties":{"id":"bikerack:c1fb5cc0-182c-4f77-96eb-cf56b3629556","kind":"bikerack","longitude":11.1200318,"latitude":46.0566434,"name":"Parcheggio bici","city":"Trento","address":null,"covered":false,"access":null,"website":null,"phone":null,"source":"OpenStreetMap/node/2475915056","sourceUpdatedAt":null,"verifiedAt":null}},{"type":"Feature","geometry":{"type":"Point","coordinates":[11.121235,46.0604949]},"properties":{"id":"bikerack:c2a7f298-3bf1-49e1-b419-b5c9b34eab7c","kind":"bikerack","longitude":11.121235,"latitude":46.0604949,"name":"Parcheggio bici","city":"Trento","address":null,"covered":false,"access":null,"website":null,"phone":null,"source":"OpenStreetMap/node/1279291451","sourceUpdatedAt":null,"verifiedAt":null}},{"type":"Feature","geometry":{"type":"Point","coordinates":[11.1224115,46.0723188]},"properties":{"id":"bikerack:c3ea2a50-b436-466b-bcca-a96f2a4b92e4","kind":"bikerack","longitude":11.1224115,"latitude":46.0723188,"name":"Parcheggio bici","city":"Trento","address":null,"covered":true,"access":null,"website":null,"phone":null,"source":"OpenStreetMap/node/1662768806","sourceUpdatedAt":null,"verifiedAt":null}},{"type":"Feature","geometry":{"type":"Point","coordinates":[11.1216668,46.069417]},"properties":{"id":"bikerack:c677072f-9edd-4c70-ad2e-21e811a6beb8","kind":"bikerack","longitude":11.1216668,"latitude":46.069417,"name":"Parcheggio bici","city":"Trento","address":null,"covered":false,"access":null,"website":null,"phone":null,"source":"OpenStreetMap/node/9460716560","sourceUpdatedAt":null,"verifiedAt":null}},{"type":"Feature","geometry":{"type":"Point","coordinates":[11.1326183,46.057631]},"properties":{"id":"bikerack:c6b799cc-cc31-48c3-a714-f4c20a7c228a","kind":"bikerack","longitude":11.1326183,"latitude":46.057631,"name":"Parcheggio bici","city":"Trento","address":null,"covered":false,"access":null,"website":null,"phone":null,"source":"OpenStreetMap/node/7312025820","sourceUpdatedAt":null,"verifiedAt":null}},{"type":"Feature","geometry":{"type":"Point","coordinates":[11.1281532,46.0675854]},"properties":{"id":"bikerack:c90822c8-fffb-43aa-bc61-fcdedab86837","kind":"bikerack","longitude":11.1281532,"latitude":46.0675854,"name":"Parcheggio bici","city":"Trento","address":null,"covered":false,"access":null,"website":null,"phone":null,"source":"OpenStreetMap/node/6844801880","sourceUpdatedAt":null,"verifiedAt":null}},{"type":"Feature","geometry":{"type":"Point","coordinates":[11.133073,46.0619665]},"properties":{"id":"bikerack:c95a0f0a-0fb7-4f14-93fb-4160f0f5094a","kind":"bikerack","longitude":11.133073,"latitude":46.0619665,"name":"Parcheggio bici","city":"Trento","address":null,"covered":false,"access":null,"website":null,"phone":null,"source":"OpenStreetMap/node/9073309864","sourceUpdatedAt":null,"verifiedAt":null}},{"type":"Feature","geometry":{"type":"Point","coordinates":[11.1522508,46.0625714]},"properties":{"id":"bikerack:c9b5273f-c95b-4569-b70c-ed969b924ec8","kind":"bikerack","longitude":11.1522508,"latitude":46.0625714,"name":"Parcheggio bici","city":"Povo","address":null,"covered":false,"access":null,"website":null,"phone":null,"source":"OpenStreetMap/node/13159740733","sourceUpdatedAt":null,"verifiedAt":null}},{"type":"Feature","geometry":{"type":"Point","coordinates":[11.1249092,46.0610955]},"properties":{"id":"bikerack:c9d0ee53-2b00-4b5f-815d-b8b2853198d2","kind":"bikerack","longitude":11.1249092,"latitude":46.0610955,"name":"Parcheggio bici","city":"Trento","address":null,"covered":false,"access":null,"website":null,"phone":null,"source":"OpenStreetMap/node/1358016528","sourceUpdatedAt":null,"verifiedAt":null}},{"type":"Feature","geometry":{"type":"Point","coordinates":[11.1265862,46.0471825]},"properties":{"id":"bikerack:c9d48961-a6db-45ba-b64b-4561b8c161de","kind":"bikerack","longitude":11.1265862,"latitude":46.0471825,"name":"Parcheggio bici","city":"Ravina","address":null,"covered":false,"access":null,"website":null,"phone":null,"source":"OpenStreetMap/node/13159750224","sourceUpdatedAt":null,"verifiedAt":null}},{"type":"Feature","geometry":{"type":"Point","coordinates":[11.1237841,46.0633092]},"properties":{"id":"bikerack:cc96a3fb-8916-4282-8da1-f10427820e3c","kind":"bikerack","longitude":11.1237841,"latitude":46.0633092,"name":"Parcheggio bici","city":"Trento","address":null,"covered":false,"access":null,"website":null,"phone":null,"source":"OpenStreetMap/node/877621006","sourceUpdatedAt":null,"verifiedAt":null}},{"type":"Feature","geometry":{"type":"Point","coordinates":[11.1230646,46.0648961]},"properties":{"id":"bikerack:cfa5b3a2-62d8-47fe-8659-320e3762c7cc","kind":"bikerack","longitude":11.1230646,"latitude":46.0648961,"name":"Parcheggio bici","city":"Trento","address":null,"covered":true,"access":null,"website":null,"phone":null,"source":"OpenStreetMap/node/6896633896","sourceUpdatedAt":null,"verifiedAt":null}},{"type":"Feature","geometry":{"type":"Point","coordinates":[11.1239246,46.0719711]},"properties":{"id":"bikerack:d1cae0e9-8c40-42b3-9ba1-55b0962502fc","kind":"bikerack","longitude":11.1239246,"latitude":46.0719711,"name":"Parcheggio bici","city":"Trento","address":null,"covered":false,"access":null,"website":null,"phone":null,"source":"OpenStreetMap/node/2673313378","sourceUpdatedAt":null,"verifiedAt":null}},{"type":"Feature","geometry":{"type":"Point","coordinates":[11.1199059,46.067522]},"properties":{"id":"bikerack:d5e1ecc3-601d-4a31-807e-45c6b38afeff","kind":"bikerack","longitude":11.1199059,"latitude":46.067522,"name":"Parcheggio bici","city":"Trento","address":null,"covered":false,"access":null,"website":null,"phone":null,"source":"OpenStreetMap/node/10006368927","sourceUpdatedAt":null,"verifiedAt":null}},{"type":"Feature","geometry":{"type":"Point","coordinates":[11.1241149,46.0660002]},"properties":{"id":"bikerack:d6e3cf4c-070a-4be1-934f-7634022f4572","kind":"bikerack","longitude":11.1241149,"latitude":46.0660002,"name":"Parcheggio bici","city":"Trento","address":null,"covered":false,"access":null,"website":null,"phone":null,"source":"OpenStreetMap/node/889555365","sourceUpdatedAt":null,"verifiedAt":null}},{"type":"Feature","geometry":{"type":"Point","coordinates":[11.1251452,46.0608786]},"properties":{"id":"bikerack:d7deb524-bb3c-4543-8fe5-4ee430ac6487","kind":"bikerack","longitude":11.1251452,"latitude":46.0608786,"name":"Parcheggio bici","city":"Trento","address":null,"covered":false,"access":null,"website":null,"phone":null,"source":"OpenStreetMap/node/1358016522","sourceUpdatedAt":null,"verifiedAt":null}},{"type":"Feature","geometry":{"type":"Point","coordinates":[11.1357271,46.0649979]},"properties":{"id":"bikerack:d909085d-78f9-4fc8-ab72-9e9c7cb38bbd","kind":"bikerack","longitude":11.1357271,"latitude":46.0649979,"name":"Parcheggio bici","city":"Trento","address":null,"covered":false,"access":null,"website":null,"phone":null,"source":"OpenStreetMap/node/10095839477","sourceUpdatedAt":null,"verifiedAt":null}},{"type":"Feature","geometry":{"type":"Point","coordinates":[11.1242685,46.0666915]},"properties":{"id":"bikerack:d9c8758a-01d2-46ef-98a2-8ad18413e9fa","kind":"bikerack","longitude":11.1242685,"latitude":46.0666915,"name":"Parcheggio bici","city":"Trento","address":null,"covered":false,"access":null,"website":null,"phone":null,"source":"OpenStreetMap/node/13589306985","sourceUpdatedAt":null,"verifiedAt":null}},{"type":"Feature","geometry":{"type":"Point","coordinates":[11.1238349,46.0618336]},"properties":{"id":"bikerack:dab5a4a7-6dda-4ef2-a9aa-a0afaf1932df","kind":"bikerack","longitude":11.1238349,"latitude":46.0618336,"name":"Parcheggio bici","city":"Trento","address":null,"covered":false,"access":null,"website":null,"phone":null,"source":"OpenStreetMap/node/4952166580","sourceUpdatedAt":null,"verifiedAt":null}},{"type":"Feature","geometry":{"type":"Point","coordinates":[11.1290887,46.0668194]},"properties":{"id":"bikerack:dba861db-1cc2-4ea9-a37f-4e2c671e00f4","kind":"bikerack","longitude":11.1290887,"latitude":46.0668194,"name":"Parcheggio bici","city":"Trento","address":null,"covered":false,"access":null,"website":null,"phone":null,"source":"OpenStreetMap/node/1459378521","sourceUpdatedAt":null,"verifiedAt":null}},{"type":"Feature","geometry":{"type":"Point","coordinates":[11.1309646,46.0603338]},"properties":{"id":"bikerack:dbc347f4-1505-468e-a3fb-e344286fbfaf","kind":"bikerack","longitude":11.1309646,"latitude":46.0603338,"name":"Parcheggio bici","city":"Trento","address":null,"covered":false,"access":null,"website":null,"phone":null,"source":"OpenStreetMap/node/11612188516","sourceUpdatedAt":null,"verifiedAt":null}},{"type":"Feature","geometry":{"type":"Point","coordinates":[11.1244832,46.0692102]},"properties":{"id":"bikerack:dc275b00-15fb-43a8-aeb6-ec36ede725d0","kind":"bikerack","longitude":11.1244832,"latitude":46.0692102,"name":"Parcheggio bici","city":"Trento","address":null,"covered":false,"access":null,"website":null,"phone":null,"source":"OpenStreetMap/node/1962487951","sourceUpdatedAt":null,"verifiedAt":null}},{"type":"Feature","geometry":{"type":"Point","coordinates":[11.1256059,46.0646509]},"properties":{"id":"bikerack:dce63710-e5a2-4c77-95b7-587fedeed310","kind":"bikerack","longitude":11.1256059,"latitude":46.0646509,"name":"Parcheggio bici","city":"Trento","address":null,"covered":false,"access":null,"website":null,"phone":null,"source":"OpenStreetMap/node/5170946184","sourceUpdatedAt":null,"verifiedAt":null}},{"type":"Feature","geometry":{"type":"Point","coordinates":[11.1289192,46.0641573]},"properties":{"id":"bikerack:de60a88c-bc85-4bb5-af03-51d491dc45ba","kind":"bikerack","longitude":11.1289192,"latitude":46.0641573,"name":"Parcheggio bici","city":"Trento","address":null,"covered":false,"access":null,"website":null,"phone":null,"source":"OpenStreetMap/node/1739200633","sourceUpdatedAt":null,"verifiedAt":null}},{"type":"Feature","geometry":{"type":"Point","coordinates":[11.1272004,46.0672382]},"properties":{"id":"bikerack:df85bbf3-9ed1-4cd1-a686-517c9d11e80e","kind":"bikerack","longitude":11.1272004,"latitude":46.0672382,"name":"Parcheggio bici","city":"Trento","address":null,"covered":false,"access":null,"website":null,"phone":null,"source":"OpenStreetMap/node/5170946166","sourceUpdatedAt":null,"verifiedAt":null}},{"type":"Feature","geometry":{"type":"Point","coordinates":[11.1201955,46.0725406]},"properties":{"id":"bikerack:e021517d-da9a-4966-9004-44dec9616654","kind":"bikerack","longitude":11.1201955,"latitude":46.0725406,"name":"Parcheggio bici","city":"Trento","address":null,"covered":false,"access":null,"website":null,"phone":null,"source":"OpenStreetMap/node/880590677","sourceUpdatedAt":null,"verifiedAt":null}},{"type":"Feature","geometry":{"type":"Point","coordinates":[11.1205641,46.06381]},"properties":{"id":"bikerack:e3787e0d-67a7-4435-b00a-cd37905df568","kind":"bikerack","longitude":11.1205641,"latitude":46.06381,"name":"Parcheggio bici","city":"Trento","address":null,"covered":false,"access":null,"website":null,"phone":null,"source":"OpenStreetMap/node/2748240053","sourceUpdatedAt":null,"verifiedAt":null}},{"type":"Feature","geometry":{"type":"Point","coordinates":[11.1206875,46.063606]},"properties":{"id":"bikerack:e3a7ba6a-cb63-4388-997b-b878ccf5bda7","kind":"bikerack","longitude":11.1206875,"latitude":46.063606,"name":"Parcheggio bici","city":"Trento","address":null,"covered":true,"access":null,"website":null,"phone":null,"source":"OpenStreetMap/node/2692593067","sourceUpdatedAt":null,"verifiedAt":null}},{"type":"Feature","geometry":{"type":"Point","coordinates":[11.1223413,46.0586641]},"properties":{"id":"bikerack:e488290d-2467-427b-9bcd-5f87f2cea118","kind":"bikerack","longitude":11.1223413,"latitude":46.0586641,"name":"Parcheggio bici","city":"Trento","address":null,"covered":false,"access":null,"website":null,"phone":null,"source":"OpenStreetMap/node/7231190377","sourceUpdatedAt":null,"verifiedAt":null}},{"type":"Feature","geometry":{"type":"Point","coordinates":[11.134091,46.0522042]},"properties":{"id":"bikerack:e57ff20b-d2b3-4f53-ae1f-07a8e1d4f058","kind":"bikerack","longitude":11.134091,"latitude":46.0522042,"name":"Parcheggio bici","city":"Trento","address":null,"covered":false,"access":null,"website":null,"phone":null,"source":"OpenStreetMap/node/12800640285","sourceUpdatedAt":null,"verifiedAt":null}},{"type":"Feature","geometry":{"type":"Point","coordinates":[11.1239126,46.0683792]},"properties":{"id":"bikerack:e590a93b-83b9-4208-b45b-799995a51bea","kind":"bikerack","longitude":11.1239126,"latitude":46.0683792,"name":"Parcheggio bici","city":"Trento","address":null,"covered":false,"access":null,"website":null,"phone":null,"source":"OpenStreetMap/node/885670019","sourceUpdatedAt":null,"verifiedAt":null}},{"type":"Feature","geometry":{"type":"Point","coordinates":[11.1256548,46.0605398]},"properties":{"id":"bikerack:e6b0ccaa-4161-48f2-8898-5d92cf9f8bb0","kind":"bikerack","longitude":11.1256548,"latitude":46.0605398,"name":"Parcheggio bici","city":"Trento","address":null,"covered":false,"access":null,"website":null,"phone":null,"source":"OpenStreetMap/node/10608991530","sourceUpdatedAt":null,"verifiedAt":null}},{"type":"Feature","geometry":{"type":"Point","coordinates":[11.1225282,46.0652357]},"properties":{"id":"bikerack:e7292cd7-9c69-4709-9666-2bd71ab81ac9","kind":"bikerack","longitude":11.1225282,"latitude":46.0652357,"name":"Parcheggio bici","city":"Trento","address":null,"covered":false,"access":null,"website":null,"phone":null,"source":"OpenStreetMap/node/1474641648","sourceUpdatedAt":null,"verifiedAt":null}},{"type":"Feature","geometry":{"type":"Point","coordinates":[11.1219381,46.0707175]},"properties":{"id":"bikerack:e737a3f7-0523-41dd-ab1b-028740334bae","kind":"bikerack","longitude":11.1219381,"latitude":46.0707175,"name":"Parcheggio bici","city":"Trento","address":null,"covered":false,"access":null,"website":null,"phone":null,"source":"OpenStreetMap/node/998661865","sourceUpdatedAt":null,"verifiedAt":null}},{"type":"Feature","geometry":{"type":"Point","coordinates":[11.1187781,46.066242]},"properties":{"id":"bikerack:e75428a2-8e34-4153-aa04-4eaec5511ad9","kind":"bikerack","longitude":11.1187781,"latitude":46.066242,"name":"Parcheggio bici","city":"Trento","address":null,"covered":false,"access":null,"website":null,"phone":null,"source":"OpenStreetMap/node/1211136847","sourceUpdatedAt":null,"verifiedAt":null}},{"type":"Feature","geometry":{"type":"Point","coordinates":[11.1252722,46.0622581]},"properties":{"id":"bikerack:ecc213d0-afc9-4510-a1f3-1ffc809648e6","kind":"bikerack","longitude":11.1252722,"latitude":46.0622581,"name":"Parcheggio bici","city":"Trento","address":null,"covered":false,"access":null,"website":null,"phone":null,"source":"OpenStreetMap/node/10271243430","sourceUpdatedAt":null,"verifiedAt":null}},{"type":"Feature","geometry":{"type":"Point","coordinates":[11.1216625,46.0708413]},"properties":{"id":"bikerack:eda55083-ef75-4ed9-98ab-9feb8981c9f3","kind":"bikerack","longitude":11.1216625,"latitude":46.0708413,"name":"Parcheggio bici","city":"Trento","address":null,"covered":false,"access":null,"website":null,"phone":null,"source":"OpenStreetMap/node/888452720","sourceUpdatedAt":null,"verifiedAt":null}},{"type":"Feature","geometry":{"type":"Point","coordinates":[11.1226627,46.0714327]},"properties":{"id":"bikerack:ede28757-2b22-4d3e-9ced-5cf3b082a547","kind":"bikerack","longitude":11.1226627,"latitude":46.0714327,"name":"Parcheggio bici","city":"Trento","address":null,"covered":true,"access":null,"website":null,"phone":null,"source":"OpenStreetMap/node/892578597","sourceUpdatedAt":null,"verifiedAt":null}},{"type":"Feature","geometry":{"type":"Point","coordinates":[11.1214514,46.0581604]},"properties":{"id":"bikerack:eebb72cd-1145-4f8d-ab5f-6c1773d4df59","kind":"bikerack","longitude":11.1214514,"latitude":46.0581604,"name":"Parcheggio bici","city":"Trento","address":null,"covered":false,"access":null,"website":null,"phone":null,"source":"OpenStreetMap/node/3098169823","sourceUpdatedAt":null,"verifiedAt":null}},{"type":"Feature","geometry":{"type":"Point","coordinates":[11.128162,46.0620045]},"properties":{"id":"bikerack:ef485d31-7c72-42aa-98cf-a290173b4a89","kind":"bikerack","longitude":11.128162,"latitude":46.0620045,"name":"Parcheggio bici","city":"Trento","address":null,"covered":false,"access":null,"website":null,"phone":null,"source":"OpenStreetMap/node/13159751375","sourceUpdatedAt":null,"verifiedAt":null}},{"type":"Feature","geometry":{"type":"Point","coordinates":[11.1253502,46.0622822]},"properties":{"id":"bikerack:f07f4a1e-99d6-4bc9-9366-7c228286813b","kind":"bikerack","longitude":11.1253502,"latitude":46.0622822,"name":"Parcheggio bici","city":"Trento","address":null,"covered":false,"access":null,"website":null,"phone":null,"source":"OpenStreetMap/node/10271243431","sourceUpdatedAt":null,"verifiedAt":null}},{"type":"Feature","geometry":{"type":"Point","coordinates":[11.1198981,46.0732263]},"properties":{"id":"bikerack:f3698a21-2a5b-4f7c-9e4e-9f51b11b4666","kind":"bikerack","longitude":11.1198981,"latitude":46.0732263,"name":"Ciclobox - via Dogana","city":"Trento","address":null,"covered":true,"access":null,"website":null,"phone":null,"source":"OpenStreetMap/node/1196837381","sourceUpdatedAt":null,"verifiedAt":null}},{"type":"Feature","geometry":{"type":"Point","coordinates":[11.12672,46.0704828]},"properties":{"id":"bikerack:f41df502-44f1-4173-92da-9ee6e51d2576","kind":"bikerack","longitude":11.12672,"latitude":46.0704828,"name":"Parcheggio bici","city":"Trento","address":null,"covered":false,"access":null,"website":null,"phone":null,"source":"OpenStreetMap/node/1366801259","sourceUpdatedAt":null,"verifiedAt":null}},{"type":"Feature","geometry":{"type":"Point","coordinates":[11.119311,46.0572652]},"properties":{"id":"bikerack:f63db403-abd4-4543-8d0a-82ef4a2ec573","kind":"bikerack","longitude":11.119311,"latitude":46.0572652,"name":"Parcheggio bici","city":"Trento","address":null,"covered":false,"access":null,"website":null,"phone":null,"source":"OpenStreetMap/node/2475915089","sourceUpdatedAt":null,"verifiedAt":null}},{"type":"Feature","geometry":{"type":"Point","coordinates":[11.1199598,46.0666652]},"properties":{"id":"bikerack:f6b197cd-04c4-4948-9d79-84b5be96ea9d","kind":"bikerack","longitude":11.1199598,"latitude":46.0666652,"name":"Parcheggio bici","city":"Trento","address":null,"covered":false,"access":null,"website":null,"phone":null,"source":"OpenStreetMap/way/80767282","sourceUpdatedAt":null,"verifiedAt":null}},{"type":"Feature","geometry":{"type":"Point","coordinates":[11.1213714,46.0645486]},"properties":{"id":"bikerack:f6f69265-2136-4e46-b3e7-c62947f4b2aa","kind":"bikerack","longitude":11.1213714,"latitude":46.0645486,"name":"Parcheggio bici","city":"Trento","address":null,"covered":false,"access":null,"website":null,"phone":null,"source":"OpenStreetMap/node/1279291410","sourceUpdatedAt":null,"verifiedAt":null}},{"type":"Feature","geometry":{"type":"Point","coordinates":[11.1272054,46.0605564]},"properties":{"id":"bikerack:f78e8edd-76e1-4c66-9ee6-62e62909af57","kind":"bikerack","longitude":11.1272054,"latitude":46.0605564,"name":"Parcheggio bici","city":"Trento","address":null,"covered":false,"access":null,"website":null,"phone":null,"source":"OpenStreetMap/node/11811078038","sourceUpdatedAt":null,"verifiedAt":null}},{"type":"Feature","geometry":{"type":"Point","coordinates":[11.1205338,46.056172]},"properties":{"id":"bikerack:f8f66433-5c25-477c-a28b-66f26ff8c73c","kind":"bikerack","longitude":11.1205338,"latitude":46.056172,"name":"Parcheggio bici","city":"Trento","address":null,"covered":false,"access":null,"website":null,"phone":null,"source":"OpenStreetMap/node/2637298789","sourceUpdatedAt":null,"verifiedAt":null}},{"type":"Feature","geometry":{"type":"Point","coordinates":[11.1210071,46.0580774]},"properties":{"id":"bikerack:fad98f70-c1b5-44fb-87d8-e4b9713476e3","kind":"bikerack","longitude":11.1210071,"latitude":46.0580774,"name":"Parcheggio bici","city":"Trento","address":null,"covered":false,"access":null,"website":null,"phone":null,"source":"OpenStreetMap/node/3097106756","sourceUpdatedAt":null,"verifiedAt":null}},{"type":"Feature","geometry":{"type":"Point","coordinates":[11.1276503,46.0631311]},"properties":{"id":"bikerack:fc28943e-a7f8-4e5d-bb13-6f3ad3108e0b","kind":"bikerack","longitude":11.1276503,"latitude":46.0631311,"name":"Parcheggio bici","city":"Trento","address":null,"covered":false,"access":null,"website":null,"phone":null,"source":"OpenStreetMap/node/7704693881","sourceUpdatedAt":null,"verifiedAt":null}},{"type":"Feature","geometry":{"type":"Point","coordinates":[11.1190669,46.0636338]},"properties":{"id":"bikerack:fc8ad11a-8da1-450c-88fe-0d4c974f0588","kind":"bikerack","longitude":11.1190669,"latitude":46.0636338,"name":"Parcheggio bici","city":"Trento","address":null,"covered":false,"access":null,"website":null,"phone":null,"source":"OpenStreetMap/node/9149676372","sourceUpdatedAt":null,"verifiedAt":null}},{"type":"Feature","geometry":{"type":"Point","coordinates":[11.1256808,46.0636521]},"properties":{"id":"bikerack:fcf987c3-b988-4ae2-9eaf-491ee23b5648","kind":"bikerack","longitude":11.1256808,"latitude":46.0636521,"name":"Parcheggio bici","city":"Trento","address":null,"covered":false,"access":null,"website":null,"phone":null,"source":"OpenStreetMap/node/12353683207","sourceUpdatedAt":null,"verifiedAt":null}},{"type":"Feature","geometry":{"type":"Point","coordinates":[11.1239482,46.0706864]},"properties":{"id":"service:0d6d5390-8a8e-46f6-a4df-b9c6c91d0f82","kind":"service","longitude":11.1239482,"latitude":46.0706864,"name":"Cicli Bazzanella","city":"Trento","address":null,"covered":null,"access":null,"website":null,"phone":null,"source":"OpenStreetMap/node/1633007356","sourceUpdatedAt":null,"verifiedAt":null}},{"type":"Feature","geometry":{"type":"Point","coordinates":[11.127523,46.0534626]},"properties":{"id":"service:360f29e9-e6c8-4d32-9f65-e2225e9b90a2","kind":"service","longitude":11.127523,"latitude":46.0534626,"name":"Cicli Miori","city":"Trento","address":null,"covered":null,"access":null,"website":null,"phone":null,"source":"OpenStreetMap/node/2104774741","sourceUpdatedAt":null,"verifiedAt":null}},{"type":"Feature","geometry":{"type":"Point","coordinates":[11.1265205,46.0693435]},"properties":{"id":"service:882d71ed-772e-43bc-90e1-8c8eea56dde3","kind":"service","longitude":11.1265205,"latitude":46.0693435,"name":"Roto ebike","city":"Trento","address":null,"covered":null,"access":null,"website":null,"phone":null,"source":"OpenStreetMap/node/13355825636","sourceUpdatedAt":null,"verifiedAt":null}},{"type":"Feature","geometry":{"type":"Point","coordinates":[11.125168,46.0672119]},"properties":{"id":"service:d0b0f395-997e-40b5-ad43-e437cad7a541","kind":"service","longitude":11.125168,"latitude":46.0672119,"name":"Moser","city":"Trento","address":null,"covered":null,"access":null,"website":null,"phone":null,"source":"OpenStreetMap/node/853841113","sourceUpdatedAt":null,"verifiedAt":null}},{"type":"Feature","geometry":{"type":"Point","coordinates":[11.1242291,46.0613564]},"properties":{"id":"service:e1f6dd6e-0f32-4f16-8f3a-1a9f997b93d9","kind":"service","longitude":11.1242291,"latitude":46.0613564,"name":"Baldo","city":"Trento","address":null,"covered":null,"access":null,"website":null,"phone":null,"source":"OpenStreetMap/node/1152983911","sourceUpdatedAt":null,"verifiedAt":null}},{"type":"Feature","geometry":{"type":"Point","coordinates":[11.1190045,46.0578396]},"properties":{"id":"service:fb7eac37-db2f-484d-aeb2-5e057bfc52dc","kind":"service","longitude":11.1190045,"latitude":46.0578396,"name":"Pedalando","city":"Trento","address":null,"covered":null,"access":null,"website":null,"phone":null,"source":"OpenStreetMap/node/2022158762","sourceUpdatedAt":null,"verifiedAt":null}},{"type":"Feature","geometry":{"type":"Point","coordinates":[11.1200716,46.0676545]},"properties":{"id":"water:01e9b8f1-1d75-492b-9394-22884dbc4cff","kind":"water","longitude":11.1200716,"latitude":46.0676545,"name":"Fontanella","city":"Trento","address":null,"covered":null,"access":null,"website":null,"phone":null,"source":"OpenStreetMap/node/874276715","sourceUpdatedAt":null,"verifiedAt":null}},{"type":"Feature","geometry":{"type":"Point","coordinates":[11.1279738,46.0686889]},"properties":{"id":"water:02f552c2-be88-458d-8071-0eae1d0b5d3d","kind":"water","longitude":11.1279738,"latitude":46.0686889,"name":"Fontanella","city":"Trento","address":null,"covered":null,"access":null,"website":null,"phone":null,"source":"OpenStreetMap/node/278767666","sourceUpdatedAt":null,"verifiedAt":null}},{"type":"Feature","geometry":{"type":"Point","coordinates":[11.133108,46.0436637]},"properties":{"id":"water:06c3f254-03b4-428f-bd87-28ac6e353a1e","kind":"water","longitude":11.133108,"latitude":46.0436637,"name":"Fontanella","city":"Ravina","address":null,"covered":null,"access":null,"website":null,"phone":null,"source":"OpenStreetMap/node/10907409514","sourceUpdatedAt":null,"verifiedAt":null}},{"type":"Feature","geometry":{"type":"Point","coordinates":[11.1375115,46.058144]},"properties":{"id":"water:12e23522-f94f-4882-b5d1-deae6268f67b","kind":"water","longitude":11.1375115,"latitude":46.058144,"name":"Fontanella","city":"Trento","address":null,"covered":null,"access":null,"website":null,"phone":null,"source":"OpenStreetMap/node/278767663","sourceUpdatedAt":null,"verifiedAt":null}},{"type":"Feature","geometry":{"type":"Point","coordinates":[11.1364777,46.0658935]},"properties":{"id":"water:18161c3b-7b68-46df-aa67-94da45c91180","kind":"water","longitude":11.1364777,"latitude":46.0658935,"name":"Fontanella","city":"Trento","address":null,"covered":null,"access":null,"website":null,"phone":null,"source":"OpenStreetMap/node/12178885295","sourceUpdatedAt":null,"verifiedAt":null}},{"type":"Feature","geometry":{"type":"Point","coordinates":[11.1219412,46.0602036]},"properties":{"id":"water:183b1314-6b5d-4240-8218-74b52089f984","kind":"water","longitude":11.1219412,"latitude":46.0602036,"name":"Fontanella","city":"Trento","address":null,"covered":null,"access":null,"website":null,"phone":null,"source":"OpenStreetMap/node/13185569595","sourceUpdatedAt":null,"verifiedAt":null}},{"type":"Feature","geometry":{"type":"Point","coordinates":[11.1197157,46.0566026]},"properties":{"id":"water:2320651c-fc05-4e4c-b4b5-20bda632e418","kind":"water","longitude":11.1197157,"latitude":46.0566026,"name":"Fontanella","city":"Trento","address":null,"covered":null,"access":null,"website":null,"phone":null,"source":"OpenStreetMap/node/1129326718","sourceUpdatedAt":null,"verifiedAt":null}},{"type":"Feature","geometry":{"type":"Point","coordinates":[11.1191925,46.0596458]},"properties":{"id":"water:29a8fab9-d81b-4c2a-838d-d3df7b868538","kind":"water","longitude":11.1191925,"latitude":46.0596458,"name":"Fontanella","city":"Trento","address":null,"covered":null,"access":null,"website":null,"phone":null,"source":"OpenStreetMap/node/11645545927","sourceUpdatedAt":null,"verifiedAt":null}},{"type":"Feature","geometry":{"type":"Point","coordinates":[11.1565397,46.0658746]},"properties":{"id":"water:29cc3261-1595-453a-9c28-0115c7ece9b2","kind":"water","longitude":11.1565397,"latitude":46.0658746,"name":"Fontanella","city":"Povo","address":null,"covered":null,"access":null,"website":null,"phone":null,"source":"OpenStreetMap/node/4215429127","sourceUpdatedAt":null,"verifiedAt":null}},{"type":"Feature","geometry":{"type":"Point","coordinates":[11.1261103,46.0551796]},"properties":{"id":"water:2e068e92-26f7-4f7c-93f0-8639fb92fbe6","kind":"water","longitude":11.1261103,"latitude":46.0551796,"name":"Fontanella","city":"Trento","address":null,"covered":null,"access":null,"website":null,"phone":null,"source":"OpenStreetMap/node/920866155","sourceUpdatedAt":null,"verifiedAt":null}},{"type":"Feature","geometry":{"type":"Point","coordinates":[11.1299176,46.0495565]},"properties":{"id":"water:2f59cc97-a375-4e0c-9cbe-498a2a4075ef","kind":"water","longitude":11.1299176,"latitude":46.0495565,"name":"Fontanella","city":"Trento","address":null,"covered":null,"access":null,"website":null,"phone":null,"source":"OpenStreetMap/node/13159867066","sourceUpdatedAt":null,"verifiedAt":null}},{"type":"Feature","geometry":{"type":"Point","coordinates":[11.1255502,46.0661698]},"properties":{"id":"water:37735937-f2f4-415d-8b37-82d26f6c6eb6","kind":"water","longitude":11.1255502,"latitude":46.0661698,"name":"Fontanella","city":"Trento","address":null,"covered":null,"access":null,"website":null,"phone":null,"source":"OpenStreetMap/node/268437618","sourceUpdatedAt":null,"verifiedAt":null}},{"type":"Feature","geometry":{"type":"Point","coordinates":[11.1339353,46.0522458]},"properties":{"id":"water:3b56bea2-5252-4b57-aec8-3d0c59379af0","kind":"water","longitude":11.1339353,"latitude":46.0522458,"name":"Fontanella","city":"Trento","address":null,"covered":null,"access":null,"website":null,"phone":null,"source":"OpenStreetMap/node/12794768931","sourceUpdatedAt":null,"verifiedAt":null}},{"type":"Feature","geometry":{"type":"Point","coordinates":[11.1516295,46.0457896]},"properties":{"id":"water:43b9b460-9efd-4da0-9e24-0a9af33341ec","kind":"water","longitude":11.1516295,"latitude":46.0457896,"name":"Fontanella","city":"Povo","address":null,"covered":null,"access":null,"website":null,"phone":null,"source":"OpenStreetMap/node/12919067854","sourceUpdatedAt":null,"verifiedAt":null}},{"type":"Feature","geometry":{"type":"Point","coordinates":[11.1263682,46.0573696]},"properties":{"id":"water:43c86610-b323-4e4e-b78e-01d0446adf0a","kind":"water","longitude":11.1263682,"latitude":46.0573696,"name":"Fontanella","city":"Trento","address":null,"covered":null,"access":null,"website":null,"phone":null,"source":"OpenStreetMap/node/893551365","sourceUpdatedAt":null,"verifiedAt":null}},{"type":"Feature","geometry":{"type":"Point","coordinates":[11.1237181,46.0545723]},"properties":{"id":"water:449173f0-1475-404b-82f9-b39252e98fb2","kind":"water","longitude":11.1237181,"latitude":46.0545723,"name":"Fontanella","city":"Trento","address":null,"covered":null,"access":null,"website":null,"phone":null,"source":"OpenStreetMap/node/10942060656","sourceUpdatedAt":null,"verifiedAt":null}},{"type":"Feature","geometry":{"type":"Point","coordinates":[11.1197687,46.0549452]},"properties":{"id":"water:4524fbf3-35fe-4f5e-a04b-618cff411c61","kind":"water","longitude":11.1197687,"latitude":46.0549452,"name":"Fontanella","city":"Trento","address":null,"covered":null,"access":null,"website":null,"phone":null,"source":"OpenStreetMap/node/11256787085","sourceUpdatedAt":null,"verifiedAt":null}},{"type":"Feature","geometry":{"type":"Point","coordinates":[11.1604067,46.0675486]},"properties":{"id":"water:49a43ef0-7202-446c-9c32-ba59d8520026","kind":"water","longitude":11.1604067,"latitude":46.0675486,"name":"Fontanella","city":"Povo","address":null,"covered":null,"access":null,"website":null,"phone":null,"source":"OpenStreetMap/node/1999373981","sourceUpdatedAt":null,"verifiedAt":null}},{"type":"Feature","geometry":{"type":"Point","coordinates":[11.1536827,46.0659369]},"properties":{"id":"water:4d2b8d8a-b8dd-4c80-b3c4-a3306b3345d8","kind":"water","longitude":11.1536827,"latitude":46.0659369,"name":"Fontanella","city":"Povo","address":null,"covered":null,"access":null,"website":null,"phone":null,"source":"OpenStreetMap/node/556932263","sourceUpdatedAt":null,"verifiedAt":null}},{"type":"Feature","geometry":{"type":"Point","coordinates":[11.1259756,46.0513623]},"properties":{"id":"water:4d6cbc98-b44d-42f7-a8cc-37d7d1191e37","kind":"water","longitude":11.1259756,"latitude":46.0513623,"name":"Fontanella","city":"Trento","address":null,"covered":null,"access":null,"website":null,"phone":null,"source":"OpenStreetMap/node/428314131","sourceUpdatedAt":null,"verifiedAt":null}},{"type":"Feature","geometry":{"type":"Point","coordinates":[11.1245335,46.0509507]},"properties":{"id":"water:4da247e1-03b3-40b1-97ea-8eff91ad82cb","kind":"water","longitude":11.1245335,"latitude":46.0509507,"name":"Fontanella","city":"Ravina","address":null,"covered":null,"access":null,"website":null,"phone":null,"source":"OpenStreetMap/node/1374604239","sourceUpdatedAt":null,"verifiedAt":null}},{"type":"Feature","geometry":{"type":"Point","coordinates":[11.12007,46.0613689]},"properties":{"id":"water:4ea2accf-9daa-40d6-9b57-62bdba892db3","kind":"water","longitude":11.12007,"latitude":46.0613689,"name":"Fontanella","city":"Trento","address":null,"covered":null,"access":null,"website":null,"phone":null,"source":"OpenStreetMap/node/2923372716","sourceUpdatedAt":null,"verifiedAt":null}},{"type":"Feature","geometry":{"type":"Point","coordinates":[11.1307716,46.0714947]},"properties":{"id":"water:4f6e1227-2b00-4498-85c7-133f1bbd2f42","kind":"water","longitude":11.1307716,"latitude":46.0714947,"name":"Fontanella","city":"Trento","address":null,"covered":null,"access":null,"website":null,"phone":null,"source":"OpenStreetMap/node/268768138","sourceUpdatedAt":null,"verifiedAt":null}},{"type":"Feature","geometry":{"type":"Point","coordinates":[11.1408508,46.0713458]},"properties":{"id":"water:4faa68f3-60c6-4654-be1a-c471b4914fa0","kind":"water","longitude":11.1408508,"latitude":46.0713458,"name":"Fontanella","city":"Povo","address":null,"covered":null,"access":null,"website":null,"phone":null,"source":"OpenStreetMap/node/271375023","sourceUpdatedAt":null,"verifiedAt":null}},{"type":"Feature","geometry":{"type":"Point","coordinates":[11.1482414,46.0524963]},"properties":{"id":"water:50529400-8042-4e48-b557-1efe77fc68f3","kind":"water","longitude":11.1482414,"latitude":46.0524963,"name":"Fontanella","city":"Povo","address":null,"covered":null,"access":null,"website":null,"phone":null,"source":"OpenStreetMap/node/466349693","sourceUpdatedAt":null,"verifiedAt":null}},{"type":"Feature","geometry":{"type":"Point","coordinates":[11.1454987,46.0489025]},"properties":{"id":"water:510679a7-f36c-4fdf-992e-10e5ded0553e","kind":"water","longitude":11.1454987,"latitude":46.0489025,"name":"Fontanella","city":"Povo","address":null,"covered":null,"access":null,"website":null,"phone":null,"source":"OpenStreetMap/node/675334479","sourceUpdatedAt":null,"verifiedAt":null}},{"type":"Feature","geometry":{"type":"Point","coordinates":[11.128774,46.0476652]},"properties":{"id":"water:53620eec-86f8-4a93-af6c-cde10c80c7e7","kind":"water","longitude":11.128774,"latitude":46.0476652,"name":"Fontanella","city":"Ravina","address":null,"covered":null,"access":null,"website":null,"phone":null,"source":"OpenStreetMap/node/12071991989","sourceUpdatedAt":null,"verifiedAt":null}},{"type":"Feature","geometry":{"type":"Point","coordinates":[11.1220552,46.0584336]},"properties":{"id":"water:5498132e-dfe0-4381-bf8b-79beb1faf327","kind":"water","longitude":11.1220552,"latitude":46.0584336,"name":"Fontanella","city":"Trento","address":null,"covered":null,"access":null,"website":null,"phone":null,"source":"OpenStreetMap/node/5706098841","sourceUpdatedAt":null,"verifiedAt":null}},{"type":"Feature","geometry":{"type":"Point","coordinates":[11.1241484,46.065961]},"properties":{"id":"water:56f6e850-66f1-4122-a3b1-07d2548fecd9","kind":"water","longitude":11.1241484,"latitude":46.065961,"name":"Fontanella","city":"Trento","address":null,"covered":null,"access":null,"website":null,"phone":null,"source":"OpenStreetMap/node/268435082","sourceUpdatedAt":null,"verifiedAt":null}},{"type":"Feature","geometry":{"type":"Point","coordinates":[11.1461486,46.0496662]},"properties":{"id":"water:584ead7b-cb52-43b3-abe3-cef74ca06552","kind":"water","longitude":11.1461486,"latitude":46.0496662,"name":"Fontanella","city":"Povo","address":null,"covered":null,"access":null,"website":null,"phone":null,"source":"OpenStreetMap/node/675334492","sourceUpdatedAt":null,"verifiedAt":null}},{"type":"Feature","geometry":{"type":"Point","coordinates":[11.1239771,46.0485061]},"properties":{"id":"water:5a34879b-16fd-41cf-8307-150685cbe791","kind":"water","longitude":11.1239771,"latitude":46.0485061,"name":"Fontanella","city":"Ravina","address":null,"covered":null,"access":null,"website":null,"phone":null,"source":"OpenStreetMap/node/428313921","sourceUpdatedAt":null,"verifiedAt":null}},{"type":"Feature","geometry":{"type":"Point","coordinates":[11.1565609,46.0649536]},"properties":{"id":"water:60181cc5-c823-42e1-a5c5-8f23c2535bf1","kind":"water","longitude":11.1565609,"latitude":46.0649536,"name":"Fontanella","city":"Povo","address":null,"covered":null,"access":null,"website":null,"phone":null,"source":"OpenStreetMap/node/279462074","sourceUpdatedAt":null,"verifiedAt":null}},{"type":"Feature","geometry":{"type":"Point","coordinates":[11.1442492,46.0495318]},"properties":{"id":"water:6297de50-2193-4c9a-a7a7-735471783f6a","kind":"water","longitude":11.1442492,"latitude":46.0495318,"name":"Fontanella","city":"Povo","address":null,"covered":null,"access":null,"website":null,"phone":null,"source":"OpenStreetMap/node/672848447","sourceUpdatedAt":null,"verifiedAt":null}},{"type":"Feature","geometry":{"type":"Point","coordinates":[11.1336765,46.0724121]},"properties":{"id":"water:673c6ce0-0ffe-4c03-94dd-9c8fb7b68155","kind":"water","longitude":11.1336765,"latitude":46.0724121,"name":"Fontanella","city":"Trento","address":null,"covered":null,"access":null,"website":null,"phone":null,"source":"OpenStreetMap/node/13307934872","sourceUpdatedAt":null,"verifiedAt":null}},{"type":"Feature","geometry":{"type":"Point","coordinates":[11.1379545,46.0672187]},"properties":{"id":"water:69c46af0-97d8-4a44-af05-0d2792c8cc17","kind":"water","longitude":11.1379545,"latitude":46.0672187,"name":"Fontanella","city":"Trento","address":null,"covered":null,"access":null,"website":null,"phone":null,"source":"OpenStreetMap/node/254917402","sourceUpdatedAt":null,"verifiedAt":null}},{"type":"Feature","geometry":{"type":"Point","coordinates":[11.1201097,46.0687113]},"properties":{"id":"water:6dedcb1f-f9e9-4e39-9a33-ffb44d14e616","kind":"water","longitude":11.1201097,"latitude":46.0687113,"name":"Fontanella","city":"Trento","address":null,"covered":null,"access":null,"website":null,"phone":null,"source":"OpenStreetMap/node/257481472","sourceUpdatedAt":null,"verifiedAt":null}},{"type":"Feature","geometry":{"type":"Point","coordinates":[11.1436521,46.0516692]},"properties":{"id":"water:74092544-6bc9-428b-bb44-a2503b99cf62","kind":"water","longitude":11.1436521,"latitude":46.0516692,"name":"Fontanella","city":"Povo","address":null,"covered":null,"access":null,"website":null,"phone":null,"source":"OpenStreetMap/node/5069160706","sourceUpdatedAt":null,"verifiedAt":null}},{"type":"Feature","geometry":{"type":"Point","coordinates":[11.1368176,46.0616708]},"properties":{"id":"water:769e428a-927b-40fd-9df3-4ab396743304","kind":"water","longitude":11.1368176,"latitude":46.0616708,"name":"Fontanella","city":"Trento","address":null,"covered":null,"access":null,"website":null,"phone":null,"source":"OpenStreetMap/node/278767664","sourceUpdatedAt":null,"verifiedAt":null}},{"type":"Feature","geometry":{"type":"Point","coordinates":[11.1275476,46.0715939]},"properties":{"id":"water:785a4f28-36c0-423b-8417-cb026559e045","kind":"water","longitude":11.1275476,"latitude":46.0715939,"name":"Fontanella","city":"Trento","address":null,"covered":null,"access":null,"website":null,"phone":null,"source":"OpenStreetMap/node/1366801289","sourceUpdatedAt":null,"verifiedAt":null}},{"type":"Feature","geometry":{"type":"Point","coordinates":[11.1200737,46.0705387]},"properties":{"id":"water:78fc84c6-f835-4be4-ae21-bc74835be1c2","kind":"water","longitude":11.1200737,"latitude":46.0705387,"name":"Fontanella","city":"Trento","address":null,"covered":null,"access":null,"website":null,"phone":null,"source":"OpenStreetMap/node/5841281600","sourceUpdatedAt":null,"verifiedAt":null}},{"type":"Feature","geometry":{"type":"Point","coordinates":[11.1280902,46.0699229]},"properties":{"id":"water:7a09a205-ea8c-4b4c-b827-c1cf1012d0a9","kind":"water","longitude":11.1280902,"latitude":46.0699229,"name":"Fontana di Port'Aquila","city":"Trento","address":null,"covered":null,"access":null,"website":null,"phone":null,"source":"OpenStreetMap/node/1665514638","sourceUpdatedAt":null,"verifiedAt":null}},{"type":"Feature","geometry":{"type":"Point","coordinates":[11.1315673,46.0435537]},"properties":{"id":"water:7d586606-68d5-40ab-81e2-fbc191b7790f","kind":"water","longitude":11.1315673,"latitude":46.0435537,"name":"Fontanella","city":"Ravina","address":null,"covered":null,"access":null,"website":null,"phone":null,"source":"OpenStreetMap/node/8946783741","sourceUpdatedAt":null,"verifiedAt":null}},{"type":"Feature","geometry":{"type":"Point","coordinates":[11.154009,46.0661952]},"properties":{"id":"water:7f01c32a-4a4d-452e-8129-10f3df2c765a","kind":"water","longitude":11.154009,"latitude":46.0661952,"name":"Fontanella","city":"Povo","address":null,"covered":null,"access":null,"website":null,"phone":null,"source":"OpenStreetMap/node/277730442","sourceUpdatedAt":null,"verifiedAt":null}},{"type":"Feature","geometry":{"type":"Point","coordinates":[11.1260645,46.0632222]},"properties":{"id":"water:7f0ec39d-0917-4dc4-b4b1-3f6ee5a798c4","kind":"water","longitude":11.1260645,"latitude":46.0632222,"name":"Fontanella","city":"Trento","address":null,"covered":null,"access":null,"website":null,"phone":null,"source":"OpenStreetMap/node/278767673","sourceUpdatedAt":null,"verifiedAt":null}},{"type":"Feature","geometry":{"type":"Point","coordinates":[11.1252404,46.0575789]},"properties":{"id":"water:83859f8d-89f4-4b6a-a8d0-59ea01e60251","kind":"water","longitude":11.1252404,"latitude":46.0575789,"name":"Fontanella","city":"Trento","address":null,"covered":null,"access":null,"website":null,"phone":null,"source":"OpenStreetMap/node/1435760422","sourceUpdatedAt":null,"verifiedAt":null}},{"type":"Feature","geometry":{"type":"Point","coordinates":[11.1440373,46.0466907]},"properties":{"id":"water:86aae06d-f5ca-4f31-8e51-4aa48194faae","kind":"water","longitude":11.1440373,"latitude":46.0466907,"name":"Fontanella","city":"Povo","address":null,"covered":null,"access":null,"website":null,"phone":null,"source":"OpenStreetMap/node/428667181","sourceUpdatedAt":null,"verifiedAt":null}},{"type":"Feature","geometry":{"type":"Point","coordinates":[11.1204759,46.0720583]},"properties":{"id":"water:8750616a-9328-4336-868f-198b6c384dc1","kind":"water","longitude":11.1204759,"latitude":46.0720583,"name":"Fontanella","city":"Trento","address":null,"covered":null,"access":null,"website":null,"phone":null,"source":"OpenStreetMap/node/1468134112","sourceUpdatedAt":null,"verifiedAt":null}},{"type":"Feature","geometry":{"type":"Point","coordinates":[11.1559237,46.0662372]},"properties":{"id":"water:8c64cf6d-cc72-4c59-9838-cc7bb565054c","kind":"water","longitude":11.1559237,"latitude":46.0662372,"name":"Fontanella","city":"Povo","address":null,"covered":null,"access":null,"website":null,"phone":null,"source":"OpenStreetMap/node/279463131","sourceUpdatedAt":null,"verifiedAt":null}},{"type":"Feature","geometry":{"type":"Point","coordinates":[11.1267422,46.067088]},"properties":{"id":"water:90908eb4-1049-4496-8936-a7e939e8516d","kind":"water","longitude":11.1267422,"latitude":46.067088,"name":"Fontanella","city":"Trento","address":null,"covered":null,"access":null,"website":null,"phone":null,"source":"OpenStreetMap/node/269312698","sourceUpdatedAt":null,"verifiedAt":null}},{"type":"Feature","geometry":{"type":"Point","coordinates":[11.1238502,46.0490855]},"properties":{"id":"water:96aed14e-4bf0-47fa-a86b-2aca1e8c2513","kind":"water","longitude":11.1238502,"latitude":46.0490855,"name":"Fontanella","city":"Ravina","address":null,"covered":null,"access":null,"website":null,"phone":null,"source":"OpenStreetMap/node/428313922","sourceUpdatedAt":null,"verifiedAt":null}},{"type":"Feature","geometry":{"type":"Point","coordinates":[11.1228311,46.0625156]},"properties":{"id":"water:987528e5-7ae4-4302-9e34-9b141f46cb5b","kind":"water","longitude":11.1228311,"latitude":46.0625156,"name":"Fontanella","city":"Trento","address":null,"covered":null,"access":null,"website":null,"phone":null,"source":"OpenStreetMap/node/4497467209","sourceUpdatedAt":null,"verifiedAt":null}},{"type":"Feature","geometry":{"type":"Point","coordinates":[11.1453149,46.0485319]},"properties":{"id":"water:98db7085-49a2-4d41-98a0-1106e24af29c","kind":"water","longitude":11.1453149,"latitude":46.0485319,"name":"Fontanella","city":"Povo","address":null,"covered":null,"access":null,"website":null,"phone":null,"source":"OpenStreetMap/node/13159898206","sourceUpdatedAt":null,"verifiedAt":null}},{"type":"Feature","geometry":{"type":"Point","coordinates":[11.1251512,46.0609047]},"properties":{"id":"water:99a40eed-27d0-4d5e-a2d7-76258500110b","kind":"water","longitude":11.1251512,"latitude":46.0609047,"name":"Fontanella","city":"Trento","address":null,"covered":null,"access":null,"website":null,"phone":null,"source":"OpenStreetMap/node/1296656754","sourceUpdatedAt":null,"verifiedAt":null}},{"type":"Feature","geometry":{"type":"Point","coordinates":[11.135511,46.0508687]},"properties":{"id":"water:99abf668-0902-4dd3-86b2-a7e2a0bbc118","kind":"water","longitude":11.135511,"latitude":46.0508687,"name":"Fontanella","city":"Trento","address":null,"covered":null,"access":null,"website":null,"phone":null,"source":"OpenStreetMap/node/12979402375","sourceUpdatedAt":null,"verifiedAt":null}},{"type":"Feature","geometry":{"type":"Point","coordinates":[11.1352323,46.0658011]},"properties":{"id":"water:9ac56e9c-ff7e-43b1-ac58-d6b1138d7a53","kind":"water","longitude":11.1352323,"latitude":46.0658011,"name":"Fontanella","city":"Trento","address":null,"covered":null,"access":null,"website":null,"phone":null,"source":"OpenStreetMap/node/13125005000","sourceUpdatedAt":null,"verifiedAt":null}},{"type":"Feature","geometry":{"type":"Point","coordinates":[11.1385522,46.0548331]},"properties":{"id":"water:a208b943-83f4-467c-bf6f-d2c997cbc36d","kind":"water","longitude":11.1385522,"latitude":46.0548331,"name":"Fontanella","city":"Povo","address":null,"covered":null,"access":null,"website":null,"phone":null,"source":"OpenStreetMap/node/11362475204","sourceUpdatedAt":null,"verifiedAt":null}},{"type":"Feature","geometry":{"type":"Point","coordinates":[11.1529888,46.0560309]},"properties":{"id":"water:a2efe8c4-3c19-4c96-aaa4-0a15fc149cd7","kind":"water","longitude":11.1529888,"latitude":46.0560309,"name":"Fontanella","city":"Povo","address":null,"covered":null,"access":null,"website":null,"phone":null,"source":"OpenStreetMap/node/463198171","sourceUpdatedAt":null,"verifiedAt":null}},{"type":"Feature","geometry":{"type":"Point","coordinates":[11.1317472,46.0430682]},"properties":{"id":"water:a363e2a7-b8cb-4318-ad2e-89f5b0de7436","kind":"water","longitude":11.1317472,"latitude":46.0430682,"name":"Fontanella","city":"Ravina","address":null,"covered":null,"access":null,"website":null,"phone":null,"source":"OpenStreetMap/node/8906789583","sourceUpdatedAt":null,"verifiedAt":null}},{"type":"Feature","geometry":{"type":"Point","coordinates":[11.1451976,46.0517402]},"properties":{"id":"water:a649dc92-0409-4917-af70-c23cfeeae8f3","kind":"water","longitude":11.1451976,"latitude":46.0517402,"name":"Fontanella","city":"Povo","address":null,"covered":null,"access":null,"website":null,"phone":null,"source":"OpenStreetMap/node/674758906","sourceUpdatedAt":null,"verifiedAt":null}},{"type":"Feature","geometry":{"type":"Point","coordinates":[11.1474403,46.049412]},"properties":{"id":"water:afad8e49-38c2-42b3-9481-c64c42a5a990","kind":"water","longitude":11.1474403,"latitude":46.049412,"name":"Fontanella","city":"Povo","address":null,"covered":null,"access":null,"website":null,"phone":null,"source":"OpenStreetMap/node/13159886589","sourceUpdatedAt":null,"verifiedAt":null}},{"type":"Feature","geometry":{"type":"Point","coordinates":[11.1255355,46.0701115]},"properties":{"id":"water:b0166684-9ce1-41fd-8864-c86860f9aca4","kind":"water","longitude":11.1255355,"latitude":46.0701115,"name":"Fontanella","city":"Trento","address":null,"covered":null,"access":null,"website":null,"phone":null,"source":"OpenStreetMap/node/278767670","sourceUpdatedAt":null,"verifiedAt":null}},{"type":"Feature","geometry":{"type":"Point","coordinates":[11.1389543,46.0576886]},"properties":{"id":"water:b096f950-2de1-4620-bfbb-eaf79e556a0c","kind":"water","longitude":11.1389543,"latitude":46.0576886,"name":"Fontanella","city":"Povo","address":null,"covered":null,"access":null,"website":null,"phone":null,"source":"OpenStreetMap/node/12860992486","sourceUpdatedAt":null,"verifiedAt":null}},{"type":"Feature","geometry":{"type":"Point","coordinates":[11.1526579,46.0623149]},"properties":{"id":"water:b162e35a-5d35-4f21-bd10-7e2bacdf1989","kind":"water","longitude":11.1526579,"latitude":46.0623149,"name":"Fontanella","city":"Povo","address":null,"covered":null,"access":null,"website":null,"phone":null,"source":"OpenStreetMap/node/2430260439","sourceUpdatedAt":null,"verifiedAt":null}},{"type":"Feature","geometry":{"type":"Point","coordinates":[11.1259611,46.0524388]},"properties":{"id":"water:b34617c7-a975-49a1-bfc3-29a4ed9d78df","kind":"water","longitude":11.1259611,"latitude":46.0524388,"name":"Fontanella","city":"Trento","address":null,"covered":null,"access":null,"website":null,"phone":null,"source":"OpenStreetMap/node/428313997","sourceUpdatedAt":null,"verifiedAt":null}},{"type":"Feature","geometry":{"type":"Point","coordinates":[11.1589511,46.0649897]},"properties":{"id":"water:b4bd80ea-5efc-474b-85b4-50216167bf47","kind":"water","longitude":11.1589511,"latitude":46.0649897,"name":"Fontanella","city":"Povo","address":null,"covered":null,"access":null,"website":null,"phone":null,"source":"OpenStreetMap/node/4179375544","sourceUpdatedAt":null,"verifiedAt":null}},{"type":"Feature","geometry":{"type":"Point","coordinates":[11.1240652,46.0548379]},"properties":{"id":"water:b57ba010-31be-4091-a6dd-5e8126631f6d","kind":"water","longitude":11.1240652,"latitude":46.0548379,"name":"Fontanella","city":"Trento","address":null,"covered":null,"access":null,"website":null,"phone":null,"source":"OpenStreetMap/node/10942060657","sourceUpdatedAt":null,"verifiedAt":null}},{"type":"Feature","geometry":{"type":"Point","coordinates":[11.137465,46.0480499]},"properties":{"id":"water:b76ed15d-95c0-4cdb-b993-7116305ced4a","kind":"water","longitude":11.137465,"latitude":46.0480499,"name":"Fontanella","city":"Trento","address":null,"covered":null,"access":null,"website":null,"phone":null,"source":"OpenStreetMap/node/822199024","sourceUpdatedAt":null,"verifiedAt":null}},{"type":"Feature","geometry":{"type":"Point","coordinates":[11.122184,46.0569997]},"properties":{"id":"water:b83b0e06-32d7-46ef-b7eb-05c6cc5f5eba","kind":"water","longitude":11.122184,"latitude":46.0569997,"name":"Fontanella","city":"Trento","address":null,"covered":null,"access":null,"website":null,"phone":null,"source":"OpenStreetMap/node/13159829730","sourceUpdatedAt":null,"verifiedAt":null}},{"type":"Feature","geometry":{"type":"Point","coordinates":[11.1219594,46.0625082]},"properties":{"id":"water:badcd722-a04f-47ed-a73c-d8105ed49afc","kind":"water","longitude":11.1219594,"latitude":46.0625082,"name":"Fontanella","city":"Trento","address":null,"covered":null,"access":null,"website":null,"phone":null,"source":"OpenStreetMap/node/4497467210","sourceUpdatedAt":null,"verifiedAt":null}},{"type":"Feature","geometry":{"type":"Point","coordinates":[11.1241838,46.0482036]},"properties":{"id":"water:bb43f5a5-2860-4008-a49b-d1e67be6456f","kind":"water","longitude":11.1241838,"latitude":46.0482036,"name":"Fontanella","city":"Ravina","address":null,"covered":null,"access":null,"website":null,"phone":null,"source":"OpenStreetMap/node/13160184745","sourceUpdatedAt":null,"verifiedAt":null}},{"type":"Feature","geometry":{"type":"Point","coordinates":[11.1456125,46.0480313]},"properties":{"id":"water:be15181f-5a0e-47ba-b5ae-1928a0ea1465","kind":"water","longitude":11.1456125,"latitude":46.0480313,"name":"Fontanella","city":"Povo","address":null,"covered":null,"access":null,"website":null,"phone":null,"source":"OpenStreetMap/node/13370065219","sourceUpdatedAt":null,"verifiedAt":null}},{"type":"Feature","geometry":{"type":"Point","coordinates":[11.1530478,46.0660034]},"properties":{"id":"water:c5dc6dc2-b77a-4eba-974d-280019b58642","kind":"water","longitude":11.1530478,"latitude":46.0660034,"name":"Fontanella","city":"Povo","address":null,"covered":null,"access":null,"website":null,"phone":null,"source":"OpenStreetMap/node/556932255","sourceUpdatedAt":null,"verifiedAt":null}},{"type":"Feature","geometry":{"type":"Point","coordinates":[11.1454983,46.0516039]},"properties":{"id":"water:cd32b8e7-5f42-41f8-9f63-eb0b4d406f3b","kind":"water","longitude":11.1454983,"latitude":46.0516039,"name":"Fontanella","city":"Povo","address":null,"covered":null,"access":null,"website":null,"phone":null,"source":"OpenStreetMap/node/6525484123","sourceUpdatedAt":null,"verifiedAt":null}},{"type":"Feature","geometry":{"type":"Point","coordinates":[11.1266698,46.0637984]},"properties":{"id":"water:cf816782-08ac-4136-a170-f8005e6479a4","kind":"water","longitude":11.1266698,"latitude":46.0637984,"name":"Fontanella","city":"Trento","address":null,"covered":null,"access":null,"website":null,"phone":null,"source":"OpenStreetMap/node/278767674","sourceUpdatedAt":null,"verifiedAt":null}},{"type":"Feature","geometry":{"type":"Point","coordinates":[11.1233878,46.0672129]},"properties":{"id":"water:d6a16f02-6d14-463b-890a-ffd6bfe1d205","kind":"water","longitude":11.1233878,"latitude":46.0672129,"name":"Fontanella","city":"Trento","address":null,"covered":null,"access":null,"website":null,"phone":null,"source":"OpenStreetMap/node/268409383","sourceUpdatedAt":null,"verifiedAt":null}},{"type":"Feature","geometry":{"type":"Point","coordinates":[11.138508,46.0646682]},"properties":{"id":"water:d8c940d3-9135-4220-876e-5e790c17fbb2","kind":"water","longitude":11.138508,"latitude":46.0646682,"name":"Fontanella","city":"Povo","address":null,"covered":null,"access":null,"website":null,"phone":null,"source":"OpenStreetMap/node/11745860867","sourceUpdatedAt":null,"verifiedAt":null}},{"type":"Feature","geometry":{"type":"Point","coordinates":[11.1303668,46.0612339]},"properties":{"id":"water:dabf63f9-2c6c-4a34-9d89-cd48480845d3","kind":"water","longitude":11.1303668,"latitude":46.0612339,"name":"Fontanella","city":"Trento","address":null,"covered":null,"access":null,"website":null,"phone":null,"source":"OpenStreetMap/node/278767665","sourceUpdatedAt":null,"verifiedAt":null}},{"type":"Feature","geometry":{"type":"Point","coordinates":[11.1264065,46.0709609]},"properties":{"id":"water:dd16453c-a51a-4aed-bd14-a6b7910d97c6","kind":"water","longitude":11.1264065,"latitude":46.0709609,"name":"Fontanella","city":"Trento","address":null,"covered":null,"access":null,"website":null,"phone":null,"source":"OpenStreetMap/node/12248383509","sourceUpdatedAt":null,"verifiedAt":null}},{"type":"Feature","geometry":{"type":"Point","coordinates":[11.1458965,46.0493511]},"properties":{"id":"water:dd3121d9-95ca-4863-ad52-361257b4f875","kind":"water","longitude":11.1458965,"latitude":46.0493511,"name":"Fontanella","city":"Povo","address":null,"covered":null,"access":null,"website":null,"phone":null,"source":"OpenStreetMap/node/13159882656","sourceUpdatedAt":null,"verifiedAt":null}},{"type":"Feature","geometry":{"type":"Point","coordinates":[11.1445567,46.0452346]},"properties":{"id":"water:deede49b-b0fd-4c16-8d65-69f3750e4dc2","kind":"water","longitude":11.1445567,"latitude":46.0452346,"name":"Fontanella","city":"Povo","address":null,"covered":null,"access":null,"website":null,"phone":null,"source":"OpenStreetMap/node/466307936","sourceUpdatedAt":null,"verifiedAt":null}},{"type":"Feature","geometry":{"type":"Point","coordinates":[11.1525541,46.062546]},"properties":{"id":"water:e26fa350-cd54-4df3-bd19-629062b2cf85","kind":"water","longitude":11.1525541,"latitude":46.062546,"name":"Fontanella","city":"Povo","address":null,"covered":null,"access":null,"website":null,"phone":null,"source":"OpenStreetMap/node/13159771531","sourceUpdatedAt":null,"verifiedAt":null}},{"type":"Feature","geometry":{"type":"Point","coordinates":[11.1470488,46.0467474]},"properties":{"id":"water:e3adccf3-bfa0-423b-9afc-89211c64cec0","kind":"water","longitude":11.1470488,"latitude":46.0467474,"name":"Fontanella","city":"Povo","address":null,"covered":null,"access":null,"website":null,"phone":null,"source":"OpenStreetMap/node/12873328531","sourceUpdatedAt":null,"verifiedAt":null}},{"type":"Feature","geometry":{"type":"Point","coordinates":[11.1502816,46.0613247]},"properties":{"id":"water:e73c7c2f-6a9f-4e02-a16a-31f3d7aa4cdb","kind":"water","longitude":11.1502816,"latitude":46.0613247,"name":"Fontanella","city":"Povo","address":null,"covered":null,"access":null,"website":null,"phone":null,"source":"OpenStreetMap/node/361378958","sourceUpdatedAt":null,"verifiedAt":null}},{"type":"Feature","geometry":{"type":"Point","coordinates":[11.136408,46.0549308]},"properties":{"id":"water:ed42e076-6df0-4a13-b10f-d4b1e3e109fd","kind":"water","longitude":11.136408,"latitude":46.0549308,"name":"Fontanella","city":"Trento","address":null,"covered":null,"access":null,"website":null,"phone":null,"source":"OpenStreetMap/node/278767662","sourceUpdatedAt":null,"verifiedAt":null}},{"type":"Feature","geometry":{"type":"Point","coordinates":[11.1494265,46.0453039]},"properties":{"id":"water:f7d53288-dc50-4901-ae72-264d15cd12ef","kind":"water","longitude":11.1494265,"latitude":46.0453039,"name":"Fontanella","city":"Povo","address":null,"covered":null,"access":null,"website":null,"phone":null,"source":"OpenStreetMap/node/9025963582","sourceUpdatedAt":null,"verifiedAt":null}},{"type":"Feature","geometry":{"type":"Point","coordinates":[11.1562628,46.0724035]},"properties":{"id":"water:f8100584-7726-469b-a87c-8a4e169d2a38","kind":"water","longitude":11.1562628,"latitude":46.0724035,"name":"Fontanella","city":"Povo","address":null,"covered":null,"access":null,"website":null,"phone":null,"source":"OpenStreetMap/node/11148191451","sourceUpdatedAt":null,"verifiedAt":null}},{"type":"Feature","geometry":{"type":"Point","coordinates":[11.1192968,46.0613278]},"properties":{"id":"water:f87bfeda-96d6-446a-88b7-e7ac4b03de59","kind":"water","longitude":11.1192968,"latitude":46.0613278,"name":"Fontanella","city":"Trento","address":null,"covered":null,"access":null,"website":null,"phone":null,"source":"OpenStreetMap/node/2929617023","sourceUpdatedAt":null,"verifiedAt":null}},{"type":"Feature","geometry":{"type":"Point","coordinates":[11.1261911,46.0583781]},"properties":{"id":"water:f925f717-9ee4-468a-8d7b-ed94e9b55907","kind":"water","longitude":11.1261911,"latitude":46.0583781,"name":"Fontanella","city":"Trento","address":null,"covered":null,"access":null,"website":null,"phone":null,"source":"OpenStreetMap/node/1435760439","sourceUpdatedAt":null,"verifiedAt":null}},{"type":"Feature","geometry":{"type":"Point","coordinates":[11.1281284,46.0731621]},"properties":{"id":"water:fb3f6a2b-9c15-4272-8468-3f9499152535","kind":"water","longitude":11.1281284,"latitude":46.0731621,"name":"Fontanella","city":"Trento","address":null,"covered":null,"access":null,"website":null,"phone":null,"source":"OpenStreetMap/node/268768139","sourceUpdatedAt":null,"verifiedAt":null}}]}