{"type":"FeatureCollection","features":[{"type":"Feature","geometry":{"type":"Point","coordinates":[20.1591965,46.2716641]},"properties":{"id":"bikerack:00151456-d44f-4983-a37b-1da8b548c2b7","kind":"bikerack","longitude":20.1591965,"latitude":46.2716641,"name":"Biciklitároló","city":"Szeged","address":null,"covered":false,"access":null,"website":null,"phone":null,"source":"OpenStreetMap/node/11506188706","sourceUpdatedAt":"2026-04-04T22:50:04.678779+00:00","verifiedAt":null}},{"type":"Feature","geometry":{"type":"Point","coordinates":[20.1506201,46.2499904]},"properties":{"id":"bikerack:00df4ac5-6d74-41b2-be3b-f73e13ac7bf1","kind":"bikerack","longitude":20.1506201,"latitude":46.2499904,"name":"Biciklitároló","city":"Szeged","address":null,"covered":false,"access":null,"website":null,"phone":null,"source":"OpenStreetMap/node/6349549614","sourceUpdatedAt":"2026-04-04T22:50:04.678779+00:00","verifiedAt":null}},{"type":"Feature","geometry":{"type":"Point","coordinates":[20.1387339,46.2563541]},"properties":{"id":"bikerack:011b62f8-c49f-4920-b3fc-af59acff9e1e","kind":"bikerack","longitude":20.1387339,"latitude":46.2563541,"name":"Biciklitároló","city":"Szeged","address":null,"covered":false,"access":null,"website":null,"phone":null,"source":"OpenStreetMap/node/5678227627","sourceUpdatedAt":"2026-04-04T22:50:04.678779+00:00","verifiedAt":null}},{"type":"Feature","geometry":{"type":"Point","coordinates":[20.1266837,46.2427232]},"properties":{"id":"bikerack:013228f8-4639-4b0f-b69c-151384234ff3","kind":"bikerack","longitude":20.1266837,"latitude":46.2427232,"name":"Biciklitároló","city":"Szeged","address":null,"covered":false,"access":null,"website":null,"phone":null,"source":"OpenStreetMap/node/3854547688","sourceUpdatedAt":"2026-04-04T22:50:04.678779+00:00","verifiedAt":null}},{"type":"Feature","geometry":{"type":"Point","coordinates":[20.15017,46.2668286]},"properties":{"id":"bikerack:01513c49-15b7-45bc-a504-b95c45d2752a","kind":"bikerack","longitude":20.15017,"latitude":46.2668286,"name":"Biciklitároló","city":"Szeged","address":null,"covered":false,"access":null,"website":null,"phone":null,"source":"OpenStreetMap/node/1271823546","sourceUpdatedAt":"2026-04-04T22:50:04.678779+00:00","verifiedAt":null}},{"type":"Feature","geometry":{"type":"Point","coordinates":[20.1654781,46.2759185]},"properties":{"id":"bikerack:015d623b-ff63-4dd2-8292-df5860fba86d","kind":"bikerack","longitude":20.1654781,"latitude":46.2759185,"name":"Tarján B+R kerékpártároló","city":"Szeged","address":null,"covered":true,"access":null,"website":null,"phone":null,"source":"OpenStreetMap/way/180807883","sourceUpdatedAt":"2026-04-04T22:53:56.890327+00:00","verifiedAt":null}},{"type":"Feature","geometry":{"type":"Point","coordinates":[20.1601687,46.2729878]},"properties":{"id":"bikerack:01cc6448-a973-4277-acfd-8057ec2dccf7","kind":"bikerack","longitude":20.1601687,"latitude":46.2729878,"name":"Biciklitároló","city":"Szeged","address":null,"covered":false,"access":null,"website":null,"phone":null,"source":"OpenStreetMap/node/12356385216","sourceUpdatedAt":"2026-04-04T22:50:04.678779+00:00","verifiedAt":null}},{"type":"Feature","geometry":{"type":"Point","coordinates":[20.1452652,46.2472223]},"properties":{"id":"bikerack:023d074f-1379-4581-811c-9aeb2a586a40","kind":"bikerack","longitude":20.1452652,"latitude":46.2472223,"name":"Biciklitároló","city":"Szeged","address":null,"covered":false,"access":null,"website":null,"phone":null,"source":"OpenStreetMap/node/6238418974","sourceUpdatedAt":"2026-04-04T22:50:04.678779+00:00","verifiedAt":null}},{"type":"Feature","geometry":{"type":"Point","coordinates":[20.1474284,46.2459884]},"properties":{"id":"bikerack:025a1496-33a0-4d5f-9c6e-58a451d0755c","kind":"bikerack","longitude":20.1474284,"latitude":46.2459884,"name":"Biciklitároló","city":"Szeged","address":null,"covered":false,"access":null,"website":null,"phone":null,"source":"OpenStreetMap/node/6352693041","sourceUpdatedAt":"2026-04-04T22:50:04.678779+00:00","verifiedAt":null}},{"type":"Feature","geometry":{"type":"Point","coordinates":[20.1943946,46.2024533]},"properties":{"id":"bikerack:025f58b9-85a3-48ca-9b6a-c0661a4a494a","kind":"bikerack","longitude":20.1943946,"latitude":46.2024533,"name":"Biciklitároló","city":"Deszk","address":null,"covered":false,"access":null,"website":null,"phone":null,"source":"OpenStreetMap/node/8696751174","sourceUpdatedAt":"2026-04-04T22:50:04.678779+00:00","verifiedAt":null}},{"type":"Feature","geometry":{"type":"Point","coordinates":[20.1735243,46.1836505]},"properties":{"id":"bikerack:02886e31-63d3-49d2-9c5b-4460d2334392","kind":"bikerack","longitude":20.1735243,"latitude":46.1836505,"name":"Biciklitároló","city":"Szeged","address":null,"covered":false,"access":null,"website":null,"phone":null,"source":"OpenStreetMap/node/9253823025","sourceUpdatedAt":"2026-04-04T22:50:04.678779+00:00","verifiedAt":null}},{"type":"Feature","geometry":{"type":"Point","coordinates":[20.1691979,46.2809577]},"properties":{"id":"bikerack:02f671e8-1ae2-4af7-bc4a-e4e6e251053e","kind":"bikerack","longitude":20.1691979,"latitude":46.2809577,"name":"Biciklitároló","city":"Szeged","address":null,"covered":false,"access":null,"website":null,"phone":null,"source":"OpenStreetMap/node/8203305219","sourceUpdatedAt":"2026-04-04T22:50:04.678779+00:00","verifiedAt":null}},{"type":"Feature","geometry":{"type":"Point","coordinates":[20.1485791,46.2547039]},"properties":{"id":"bikerack:04b08ec3-b053-41b2-b786-fe9b01664277","kind":"bikerack","longitude":20.1485791,"latitude":46.2547039,"name":"Biciklitároló","city":"Szeged","address":null,"covered":false,"access":null,"website":null,"phone":null,"source":"OpenStreetMap/node/6349549615","sourceUpdatedAt":"2026-04-04T22:50:04.678779+00:00","verifiedAt":null}},{"type":"Feature","geometry":{"type":"Point","coordinates":[20.130704,46.2688511]},"properties":{"id":"bikerack:04e8ee98-ec5e-4db8-a516-f26420625d3a","kind":"bikerack","longitude":20.130704,"latitude":46.2688511,"name":"Biciklitároló","city":"Szeged","address":null,"covered":false,"access":null,"website":null,"phone":null,"source":"OpenStreetMap/node/1260077618","sourceUpdatedAt":"2026-04-04T22:50:04.678779+00:00","verifiedAt":null}},{"type":"Feature","geometry":{"type":"Point","coordinates":[20.1552256,46.2551949]},"properties":{"id":"bikerack:05aadfa1-606a-413e-9929-b7684666834f","kind":"bikerack","longitude":20.1552256,"latitude":46.2551949,"name":"Biciklitároló","city":"Szeged","address":null,"covered":false,"access":null,"website":null,"phone":null,"source":"OpenStreetMap/node/8465648525","sourceUpdatedAt":"2026-04-04T22:50:04.678779+00:00","verifiedAt":null}},{"type":"Feature","geometry":{"type":"Point","coordinates":[20.1465603,46.2549746]},"properties":{"id":"bikerack:05fcf6ae-ca86-4558-aef3-e89a15dc2545","kind":"bikerack","longitude":20.1465603,"latitude":46.2549746,"name":"Biciklitároló","city":"Szeged","address":null,"covered":true,"access":null,"website":null,"phone":null,"source":"OpenStreetMap/node/3654641124","sourceUpdatedAt":"2026-04-04T22:50:04.678779+00:00","verifiedAt":null}},{"type":"Feature","geometry":{"type":"Point","coordinates":[20.3416935,46.2669454]},"properties":{"id":"bikerack:065a1bcd-3111-4462-b432-991c58d545b5","kind":"bikerack","longitude":20.3416935,"latitude":46.2669454,"name":"Biciklitároló","city":"Maroslele","address":null,"covered":true,"access":null,"website":null,"phone":null,"source":"OpenStreetMap/node/8479874128","sourceUpdatedAt":"2026-04-04T22:50:04.678779+00:00","verifiedAt":null}},{"type":"Feature","geometry":{"type":"Point","coordinates":[20.1013478,46.2724498]},"properties":{"id":"bikerack:06614690-f486-4219-9070-b8501bf5ed22","kind":"bikerack","longitude":20.1013478,"latitude":46.2724498,"name":"Biciklitároló","city":"Szeged","address":null,"covered":false,"access":null,"website":null,"phone":null,"source":"OpenStreetMap/node/12935924571","sourceUpdatedAt":"2026-04-04T22:50:04.678779+00:00","verifiedAt":null}},{"type":"Feature","geometry":{"type":"Point","coordinates":[20.1079115,46.2621855]},"properties":{"id":"bikerack:06d825d7-a2e0-4e37-9f1f-719b3f3608f7","kind":"bikerack","longitude":20.1079115,"latitude":46.2621855,"name":"Biciklitároló","city":"Szeged","address":null,"covered":false,"access":null,"website":null,"phone":null,"source":"OpenStreetMap/node/6973901379","sourceUpdatedAt":"2026-04-04T22:50:04.678779+00:00","verifiedAt":null}},{"type":"Feature","geometry":{"type":"Point","coordinates":[20.1206055,46.2437383]},"properties":{"id":"bikerack:092ef92d-036f-4132-94b8-462ff5c7ea37","kind":"bikerack","longitude":20.1206055,"latitude":46.2437383,"name":"Biciklitároló","city":"Szeged","address":null,"covered":false,"access":null,"website":null,"phone":null,"source":"OpenStreetMap/node/4705216905","sourceUpdatedAt":"2026-04-04T22:50:04.678779+00:00","verifiedAt":null}},{"type":"Feature","geometry":{"type":"Point","coordinates":[20.1503226,46.273117]},"properties":{"id":"bikerack:093fbf9f-e971-4a2f-9d61-42682c8e2751","kind":"bikerack","longitude":20.1503226,"latitude":46.273117,"name":"Biciklitároló","city":"Szeged","address":null,"covered":true,"access":null,"website":null,"phone":null,"source":"OpenStreetMap/node/1276813490","sourceUpdatedAt":"2026-04-04T22:50:04.678779+00:00","verifiedAt":null}},{"type":"Feature","geometry":{"type":"Point","coordinates":[20.1451653,46.2568886]},"properties":{"id":"bikerack:095d3a79-bf5d-4c67-a024-985e28ff2990","kind":"bikerack","longitude":20.1451653,"latitude":46.2568886,"name":"Biciklitároló","city":"Szeged","address":null,"covered":false,"access":null,"website":null,"phone":null,"source":"OpenStreetMap/node/6610993606","sourceUpdatedAt":"2026-04-04T22:50:04.678779+00:00","verifiedAt":null}},{"type":"Feature","geometry":{"type":"Point","coordinates":[20.1394678,46.2583772]},"properties":{"id":"bikerack:09679489-46a4-405e-9f93-2b7cb9b7f894","kind":"bikerack","longitude":20.1394678,"latitude":46.2583772,"name":"Biciklitároló","city":"Szeged","address":null,"covered":false,"access":null,"website":null,"phone":null,"source":"OpenStreetMap/node/7858415213","sourceUpdatedAt":"2026-04-04T22:50:04.678779+00:00","verifiedAt":null}},{"type":"Feature","geometry":{"type":"Point","coordinates":[20.1430205,46.2533452]},"properties":{"id":"bikerack:0adf71e4-169f-4ab8-880b-8451cc7f01c7","kind":"bikerack","longitude":20.1430205,"latitude":46.2533452,"name":"Biciklitároló","city":"Szeged","address":null,"covered":false,"access":null,"website":null,"phone":null,"source":"OpenStreetMap/node/3854547669","sourceUpdatedAt":"2026-04-04T22:50:04.678779+00:00","verifiedAt":null}},{"type":"Feature","geometry":{"type":"Point","coordinates":[20.2451608,46.2180902]},"properties":{"id":"bikerack:0b0d6945-46a6-4314-a570-24ea40d10d46","kind":"bikerack","longitude":20.2451608,"latitude":46.2180902,"name":"Biciklitároló","city":"Deszk","address":null,"covered":false,"access":null,"website":null,"phone":null,"source":"OpenStreetMap/node/12246914326","sourceUpdatedAt":"2026-04-04T22:50:04.678779+00:00","verifiedAt":null}},{"type":"Feature","geometry":{"type":"Point","coordinates":[20.1420823,46.1795254]},"properties":{"id":"bikerack:0ba06c29-5a4c-4262-a223-4d335f0055be","kind":"bikerack","longitude":20.1420823,"latitude":46.1795254,"name":"Biciklitároló","city":"Szeged","address":null,"covered":true,"access":null,"website":null,"phone":null,"source":"OpenStreetMap/way/426573333","sourceUpdatedAt":"2026-04-04T22:50:04.678779+00:00","verifiedAt":null}},{"type":"Feature","geometry":{"type":"Point","coordinates":[20.151669,46.2741833]},"properties":{"id":"bikerack:0d30a8ef-6ab5-4f98-b256-ac35139343f1","kind":"bikerack","longitude":20.151669,"latitude":46.2741833,"name":"Biciklitároló","city":"Szeged","address":null,"covered":false,"access":null,"website":null,"phone":null,"source":"OpenStreetMap/node/13570791854","sourceUpdatedAt":"2026-04-04T22:50:04.678779+00:00","verifiedAt":null}},{"type":"Feature","geometry":{"type":"Point","coordinates":[20.1511574,46.253358]},"properties":{"id":"bikerack:0ecc6df4-9584-4c46-9afc-d43ad37e444c","kind":"bikerack","longitude":20.1511574,"latitude":46.253358,"name":"Biciklitároló","city":"Szeged","address":null,"covered":false,"access":null,"website":null,"phone":null,"source":"OpenStreetMap/node/2149441763","sourceUpdatedAt":"2026-04-04T22:50:04.678779+00:00","verifiedAt":null}},{"type":"Feature","geometry":{"type":"Point","coordinates":[20.1589539,46.2489531]},"properties":{"id":"bikerack:0f35e421-1932-4bcf-bf26-db0bf0b1544d","kind":"bikerack","longitude":20.1589539,"latitude":46.2489531,"name":"Biciklitároló","city":"Szeged","address":null,"covered":false,"access":null,"website":null,"phone":null,"source":"OpenStreetMap/node/11994901660","sourceUpdatedAt":"2026-04-04T22:50:04.678779+00:00","verifiedAt":null}},{"type":"Feature","geometry":{"type":"Point","coordinates":[20.1174755,46.2662136]},"properties":{"id":"bikerack:0f4c2e41-38d6-4f38-8a05-bd5649cc5d91","kind":"bikerack","longitude":20.1174755,"latitude":46.2662136,"name":"Biciklitároló","city":"Szeged","address":null,"covered":false,"access":null,"website":null,"phone":null,"source":"OpenStreetMap/node/9922725704","sourceUpdatedAt":"2026-04-04T22:50:04.678779+00:00","verifiedAt":null}},{"type":"Feature","geometry":{"type":"Point","coordinates":[20.1523112,46.2531762]},"properties":{"id":"bikerack:103fa505-6b4c-40c6-92d4-3099b739ae4e","kind":"bikerack","longitude":20.1523112,"latitude":46.2531762,"name":"Biciklitároló","city":"Szeged","address":null,"covered":false,"access":null,"website":null,"phone":null,"source":"OpenStreetMap/node/11127290550","sourceUpdatedAt":"2026-04-04T22:50:04.678779+00:00","verifiedAt":null}},{"type":"Feature","geometry":{"type":"Point","coordinates":[20.1446666,46.2520684]},"properties":{"id":"bikerack:106b7290-8da4-4706-a5a8-02504bb3b0e4","kind":"bikerack","longitude":20.1446666,"latitude":46.2520684,"name":"Biciklitároló","city":"Szeged","address":null,"covered":false,"access":null,"website":null,"phone":null,"source":"OpenStreetMap/node/3654649977","sourceUpdatedAt":"2026-04-04T22:50:04.678779+00:00","verifiedAt":null}},{"type":"Feature","geometry":{"type":"Point","coordinates":[20.1501247,46.2559113]},"properties":{"id":"bikerack:10ddeee7-0167-4a4a-a806-22621718d3df","kind":"bikerack","longitude":20.1501247,"latitude":46.2559113,"name":"Biciklitároló","city":"Szeged","address":null,"covered":false,"access":null,"website":null,"phone":null,"source":"OpenStreetMap/node/9322208046","sourceUpdatedAt":"2026-04-04T22:50:04.678779+00:00","verifiedAt":null}},{"type":"Feature","geometry":{"type":"Point","coordinates":[20.1391631,46.2561693]},"properties":{"id":"bikerack:11d93d93-15f0-4dad-9a8f-b0d431c22eec","kind":"bikerack","longitude":20.1391631,"latitude":46.2561693,"name":"Biciklitároló","city":"Szeged","address":null,"covered":false,"access":null,"website":null,"phone":null,"source":"OpenStreetMap/node/5678227217","sourceUpdatedAt":"2026-04-04T22:50:04.678779+00:00","verifiedAt":null}},{"type":"Feature","geometry":{"type":"Point","coordinates":[20.1593495,46.2454782]},"properties":{"id":"bikerack:1286d981-f660-4ce5-82e8-ec47ad9d33fe","kind":"bikerack","longitude":20.1593495,"latitude":46.2454782,"name":"Biciklitároló","city":"Szeged","address":null,"covered":false,"access":null,"website":null,"phone":null,"source":"OpenStreetMap/node/8293076145","sourceUpdatedAt":"2026-04-04T22:50:04.678779+00:00","verifiedAt":null}},{"type":"Feature","geometry":{"type":"Point","coordinates":[20.1476035,46.2681256]},"properties":{"id":"bikerack:13556ae9-024e-4cea-a953-9ffa46448b16","kind":"bikerack","longitude":20.1476035,"latitude":46.2681256,"name":"Biciklitároló","city":"Szeged","address":null,"covered":false,"access":null,"website":null,"phone":null,"source":"OpenStreetMap/node/8607804873","sourceUpdatedAt":"2026-04-04T22:50:04.678779+00:00","verifiedAt":null}},{"type":"Feature","geometry":{"type":"Point","coordinates":[20.1731716,46.2876335]},"properties":{"id":"bikerack:137c3843-608e-4676-b2a4-e8b5abe99d50","kind":"bikerack","longitude":20.1731716,"latitude":46.2876335,"name":"Biciklitároló","city":"Szeged","address":null,"covered":false,"access":null,"website":null,"phone":null,"source":"OpenStreetMap/node/8466128076","sourceUpdatedAt":"2026-04-04T22:50:04.678779+00:00","verifiedAt":null}},{"type":"Feature","geometry":{"type":"Point","coordinates":[20.1326838,46.2689757]},"properties":{"id":"bikerack:1436490d-7b70-45dc-ac3f-74929f2090ec","kind":"bikerack","longitude":20.1326838,"latitude":46.2689757,"name":"Siha közi kerékpártároló","city":"Szeged","address":null,"covered":false,"access":null,"website":null,"phone":null,"source":"OpenStreetMap/node/1752152384","sourceUpdatedAt":"2026-04-04T22:53:48.756654+00:00","verifiedAt":null}},{"type":"Feature","geometry":{"type":"Point","coordinates":[20.1427097,46.2470828]},"properties":{"id":"bikerack:14ab8734-79d3-4349-a6cb-60254c7c305f","kind":"bikerack","longitude":20.1427097,"latitude":46.2470828,"name":"Biciklitároló","city":"Szeged","address":null,"covered":false,"access":null,"website":null,"phone":null,"source":"OpenStreetMap/node/7253007446","sourceUpdatedAt":"2026-04-04T22:50:04.678779+00:00","verifiedAt":null}},{"type":"Feature","geometry":{"type":"Point","coordinates":[20.1750339,46.258167]},"properties":{"id":"bikerack:1578dc2e-30f7-4583-b5d4-d1a058216a05","kind":"bikerack","longitude":20.1750339,"latitude":46.258167,"name":"Biciklitároló","city":"Szeged","address":null,"covered":false,"access":null,"website":null,"phone":null,"source":"OpenStreetMap/node/13439438564","sourceUpdatedAt":"2026-04-04T22:50:04.678779+00:00","verifiedAt":null}},{"type":"Feature","geometry":{"type":"Point","coordinates":[20.1858303,46.2262638]},"properties":{"id":"bikerack:15d7872a-c66e-40ed-bc63-8cd5afab69fa","kind":"bikerack","longitude":20.1858303,"latitude":46.2262638,"name":"Biciklitároló","city":"Szeged","address":null,"covered":false,"access":null,"website":null,"phone":null,"source":"OpenStreetMap/node/8464633470","sourceUpdatedAt":"2026-04-04T22:50:04.678779+00:00","verifiedAt":null}},{"type":"Feature","geometry":{"type":"Point","coordinates":[20.143617,46.2512729]},"properties":{"id":"bikerack:1606779a-cbc6-4882-b535-1c645ef6d1df","kind":"bikerack","longitude":20.143617,"latitude":46.2512729,"name":"Biciklitároló","city":"Szeged","address":null,"covered":false,"access":null,"website":null,"phone":null,"source":"OpenStreetMap/node/9817864923","sourceUpdatedAt":"2026-04-04T22:50:04.678779+00:00","verifiedAt":null}},{"type":"Feature","geometry":{"type":"Point","coordinates":[20.1045064,46.2795906]},"properties":{"id":"bikerack:160a3eb2-8907-4ce7-8ab7-b015269c0e5b","kind":"bikerack","longitude":20.1045064,"latitude":46.2795906,"name":"Biciklitároló","city":"Szeged","address":null,"covered":true,"access":null,"website":null,"phone":null,"source":"OpenStreetMap/node/6032272155","sourceUpdatedAt":"2026-04-04T22:50:04.678779+00:00","verifiedAt":null}},{"type":"Feature","geometry":{"type":"Point","coordinates":[20.1325991,46.2689714]},"properties":{"id":"bikerack:16375046-c37c-4571-830c-6f095331783c","kind":"bikerack","longitude":20.1325991,"latitude":46.2689714,"name":"Biciklitároló","city":"Szeged","address":null,"covered":false,"access":null,"website":null,"phone":null,"source":"OpenStreetMap/way/1202046086","sourceUpdatedAt":"2026-04-04T22:50:04.678779+00:00","verifiedAt":null}},{"type":"Feature","geometry":{"type":"Point","coordinates":[20.1480319,46.246734]},"properties":{"id":"bikerack:16512ad8-10c8-4057-9d24-3b55e0a8e1ec","kind":"bikerack","longitude":20.1480319,"latitude":46.246734,"name":"Biciklitároló","city":"Szeged","address":null,"covered":false,"access":null,"website":null,"phone":null,"source":"OpenStreetMap/node/6321747528","sourceUpdatedAt":"2026-04-04T22:50:04.678779+00:00","verifiedAt":null}},{"type":"Feature","geometry":{"type":"Point","coordinates":[20.1474807,46.2459262]},"properties":{"id":"bikerack:16ae5805-8669-4368-b47f-d421c8d64ca3","kind":"bikerack","longitude":20.1474807,"latitude":46.2459262,"name":"Biciklitároló","city":"Szeged","address":null,"covered":false,"access":null,"website":null,"phone":null,"source":"OpenStreetMap/node/5943232443","sourceUpdatedAt":"2026-04-04T22:50:04.678779+00:00","verifiedAt":null}},{"type":"Feature","geometry":{"type":"Point","coordinates":[20.1446396,46.2495274]},"properties":{"id":"bikerack:18173515-bc6f-414d-8678-e43432a6a1a2","kind":"bikerack","longitude":20.1446396,"latitude":46.2495274,"name":"Biciklitároló","city":"Szeged","address":null,"covered":false,"access":null,"website":null,"phone":null,"source":"OpenStreetMap/node/6120047354","sourceUpdatedAt":"2026-04-04T22:50:04.678779+00:00","verifiedAt":null}},{"type":"Feature","geometry":{"type":"Point","coordinates":[20.144476,46.2564931]},"properties":{"id":"bikerack:18f92dca-c974-4a6c-9562-70d45bbc4afb","kind":"bikerack","longitude":20.144476,"latitude":46.2564931,"name":"Biciklitároló","city":"Szeged","address":null,"covered":false,"access":null,"website":null,"phone":null,"source":"OpenStreetMap/node/5916967944","sourceUpdatedAt":"2026-04-04T22:50:04.678779+00:00","verifiedAt":null}},{"type":"Feature","geometry":{"type":"Point","coordinates":[20.1499251,46.2507267]},"properties":{"id":"bikerack:1930b66d-5fe4-4f4d-8a9c-edf9fb5afa36","kind":"bikerack","longitude":20.1499251,"latitude":46.2507267,"name":"Biciklitároló","city":"Szeged","address":null,"covered":false,"access":null,"website":null,"phone":null,"source":"OpenStreetMap/node/12469559776","sourceUpdatedAt":"2026-04-04T22:50:04.678779+00:00","verifiedAt":null}},{"type":"Feature","geometry":{"type":"Point","coordinates":[20.1377647,46.2680272]},"properties":{"id":"bikerack:194999f7-2a6c-470f-99db-c4b355a29dc2","kind":"bikerack","longitude":20.1377647,"latitude":46.2680272,"name":"Biciklitároló","city":"Szeged","address":null,"covered":false,"access":null,"website":null,"phone":null,"source":"OpenStreetMap/node/1747306283","sourceUpdatedAt":"2026-04-04T22:50:04.678779+00:00","verifiedAt":null}},{"type":"Feature","geometry":{"type":"Point","coordinates":[20.136903,46.2615917]},"properties":{"id":"bikerack:19c6c860-560c-4624-8552-8711cfb76a62","kind":"bikerack","longitude":20.136903,"latitude":46.2615917,"name":"Rendelő kerékpártároló","city":"Szeged","address":null,"covered":false,"access":null,"website":null,"phone":null,"source":"OpenStreetMap/node/1754606903","sourceUpdatedAt":"2026-04-04T22:53:48.898302+00:00","verifiedAt":null}},{"type":"Feature","geometry":{"type":"Point","coordinates":[20.146892,46.2501084]},"properties":{"id":"bikerack:1bc8df24-8369-4b0c-b8bd-13c0c2811f6c","kind":"bikerack","longitude":20.146892,"latitude":46.2501084,"name":"Biciklitároló","city":"Szeged","address":null,"covered":false,"access":null,"website":null,"phone":null,"source":"OpenStreetMap/node/6338350004","sourceUpdatedAt":"2026-04-04T22:50:04.678779+00:00","verifiedAt":null}},{"type":"Feature","geometry":{"type":"Point","coordinates":[20.1987202,46.2625787]},"properties":{"id":"bikerack:1c0044ca-e202-4fae-86c9-9fb59d5b5274","kind":"bikerack","longitude":20.1987202,"latitude":46.2625787,"name":"Biciklitároló","city":"Szeged","address":null,"covered":false,"access":null,"website":null,"phone":null,"source":"OpenStreetMap/node/6302399731","sourceUpdatedAt":"2026-04-04T22:50:04.678779+00:00","verifiedAt":null}},{"type":"Feature","geometry":{"type":"Point","coordinates":[20.1718105,46.2608264]},"properties":{"id":"bikerack:1d9c706e-9f34-4e59-9ce7-43481586ff1d","kind":"bikerack","longitude":20.1718105,"latitude":46.2608264,"name":"Biciklitároló","city":"Szeged","address":null,"covered":false,"access":null,"website":null,"phone":null,"source":"OpenStreetMap/node/8397909694","sourceUpdatedAt":"2026-04-04T22:50:04.678779+00:00","verifiedAt":null}},{"type":"Feature","geometry":{"type":"Point","coordinates":[20.147186,46.250295]},"properties":{"id":"bikerack:1ef10dec-c956-4a82-83b6-f0ee5ea576a7","kind":"bikerack","longitude":20.147186,"latitude":46.250295,"name":"Biciklitároló","city":"Szeged","address":null,"covered":false,"access":null,"website":null,"phone":null,"source":"OpenStreetMap/node/6096470786","sourceUpdatedAt":"2026-04-04T22:50:04.678779+00:00","verifiedAt":null}},{"type":"Feature","geometry":{"type":"Point","coordinates":[20.1577185,46.2724067]},"properties":{"id":"bikerack:1fe7214a-1d67-47fc-a126-293913107082","kind":"bikerack","longitude":20.1577185,"latitude":46.2724067,"name":"Biciklitároló","city":"Szeged","address":null,"covered":false,"access":null,"website":null,"phone":null,"source":"OpenStreetMap/node/5251820518","sourceUpdatedAt":"2026-04-04T22:50:04.678779+00:00","verifiedAt":null}},{"type":"Feature","geometry":{"type":"Point","coordinates":[20.1961973,46.213484]},"properties":{"id":"bikerack:213e6593-9a77-4898-85ff-1702955065f6","kind":"bikerack","longitude":20.1961973,"latitude":46.213484,"name":"Biciklitároló","city":"Deszk","address":null,"covered":false,"access":null,"website":null,"phone":null,"source":"OpenStreetMap/node/12843891263","sourceUpdatedAt":"2026-04-04T22:50:04.678779+00:00","verifiedAt":null}},{"type":"Feature","geometry":{"type":"Point","coordinates":[20.1393606,46.2368527]},"properties":{"id":"bikerack:219b2ec3-7891-408f-bad0-89a15f4f7f28","kind":"bikerack","longitude":20.1393606,"latitude":46.2368527,"name":"Biciklitároló","city":"Szeged","address":null,"covered":false,"access":null,"website":null,"phone":null,"source":"OpenStreetMap/node/1804709758","sourceUpdatedAt":"2026-04-04T22:50:04.678779+00:00","verifiedAt":null}},{"type":"Feature","geometry":{"type":"Point","coordinates":[20.1470466,46.2523393]},"properties":{"id":"bikerack:22686de1-15df-45ef-9878-ed3dbd0351d0","kind":"bikerack","longitude":20.1470466,"latitude":46.2523393,"name":"Biciklitároló","city":"Szeged","address":null,"covered":false,"access":null,"website":null,"phone":null,"source":"OpenStreetMap/node/6474695565","sourceUpdatedAt":"2026-04-04T22:50:04.678779+00:00","verifiedAt":null}},{"type":"Feature","geometry":{"type":"Point","coordinates":[20.1426199,46.2738825]},"properties":{"id":"bikerack:22e662ff-028d-4ba1-98b0-71101284c86a","kind":"bikerack","longitude":20.1426199,"latitude":46.2738825,"name":"Biciklitároló","city":"Szeged","address":null,"covered":false,"access":null,"website":null,"phone":null,"source":"OpenStreetMap/node/9611232633","sourceUpdatedAt":"2026-04-04T22:50:04.678779+00:00","verifiedAt":null}},{"type":"Feature","geometry":{"type":"Point","coordinates":[20.1513608,46.2507786]},"properties":{"id":"bikerack:23712cc9-0d0f-4d73-bacb-cc49ed755290","kind":"bikerack","longitude":20.1513608,"latitude":46.2507786,"name":"Biciklitároló","city":"Szeged","address":null,"covered":false,"access":null,"website":null,"phone":null,"source":"OpenStreetMap/node/12825310375","sourceUpdatedAt":"2026-04-04T22:50:04.678779+00:00","verifiedAt":null}},{"type":"Feature","geometry":{"type":"Point","coordinates":[20.1526034,46.2565009]},"properties":{"id":"bikerack:23b0b8da-f2d5-4aaf-971b-4b706c24904b","kind":"bikerack","longitude":20.1526034,"latitude":46.2565009,"name":"Biciklitároló","city":"Szeged","address":null,"covered":false,"access":null,"website":null,"phone":null,"source":"OpenStreetMap/node/4910826713","sourceUpdatedAt":"2026-04-04T22:50:04.678779+00:00","verifiedAt":null}},{"type":"Feature","geometry":{"type":"Point","coordinates":[20.1503634,46.2689627]},"properties":{"id":"bikerack:2401516e-83d1-4f8c-9426-ae2a00091fcb","kind":"bikerack","longitude":20.1503634,"latitude":46.2689627,"name":"Biciklitároló","city":"Szeged","address":null,"covered":false,"access":null,"website":null,"phone":null,"source":"OpenStreetMap/node/8696751176","sourceUpdatedAt":"2026-04-04T22:50:04.678779+00:00","verifiedAt":null}},{"type":"Feature","geometry":{"type":"Point","coordinates":[20.1228179,46.2522766]},"properties":{"id":"bikerack:241f0fc9-0bac-41c9-b992-120704fec6de","kind":"bikerack","longitude":20.1228179,"latitude":46.2522766,"name":"Biciklitároló","city":"Szeged","address":null,"covered":false,"access":null,"website":null,"phone":null,"source":"OpenStreetMap/node/5005436341","sourceUpdatedAt":"2026-04-04T22:50:04.678779+00:00","verifiedAt":null}},{"type":"Feature","geometry":{"type":"Point","coordinates":[20.1591463,46.2496415]},"properties":{"id":"bikerack:2509e09e-a88a-48da-ad88-2897e93f0151","kind":"bikerack","longitude":20.1591463,"latitude":46.2496415,"name":"Biciklitároló","city":"Szeged","address":null,"covered":false,"access":null,"website":null,"phone":null,"source":"OpenStreetMap/node/6550029903","sourceUpdatedAt":"2026-04-04T22:50:04.678779+00:00","verifiedAt":null}},{"type":"Feature","geometry":{"type":"Point","coordinates":[20.1364663,46.2418601]},"properties":{"id":"bikerack:257a1463-1104-40f4-a7a4-519e03dab2d7","kind":"bikerack","longitude":20.1364663,"latitude":46.2418601,"name":"Biciklitároló","city":"Szeged","address":null,"covered":false,"access":null,"website":null,"phone":null,"source":"OpenStreetMap/node/6311437738","sourceUpdatedAt":"2026-04-04T22:50:04.678779+00:00","verifiedAt":null}},{"type":"Feature","geometry":{"type":"Point","coordinates":[20.1528159,46.273103]},"properties":{"id":"bikerack:25fb6c48-71c4-4063-92e1-67d04a65fc7d","kind":"bikerack","longitude":20.1528159,"latitude":46.273103,"name":"Biciklitároló","city":"Szeged","address":null,"covered":true,"access":null,"website":null,"phone":null,"source":"OpenStreetMap/node/11074632608","sourceUpdatedAt":"2026-04-04T22:50:04.678779+00:00","verifiedAt":null}},{"type":"Feature","geometry":{"type":"Point","coordinates":[20.2441304,46.2188085]},"properties":{"id":"bikerack:27e63926-17d0-4cef-a88f-8e2c41c8e4c3","kind":"bikerack","longitude":20.2441304,"latitude":46.2188085,"name":"Biciklitároló","city":"Deszk","address":null,"covered":false,"access":null,"website":null,"phone":null,"source":"OpenStreetMap/node/12584614435","sourceUpdatedAt":"2026-04-04T22:50:04.678779+00:00","verifiedAt":null}},{"type":"Feature","geometry":{"type":"Point","coordinates":[20.1449192,46.248773]},"properties":{"id":"bikerack:27ee0259-7196-4594-92b4-6bc90ba524d7","kind":"bikerack","longitude":20.1449192,"latitude":46.248773,"name":"Biciklitároló","city":"Szeged","address":null,"covered":false,"access":null,"website":null,"phone":null,"source":"OpenStreetMap/node/6120047357","sourceUpdatedAt":"2026-04-04T22:50:04.678779+00:00","verifiedAt":null}},{"type":"Feature","geometry":{"type":"Point","coordinates":[20.1405497,46.2542594]},"properties":{"id":"bikerack:280a5dc7-9cd0-4054-bc15-18e69c9bc5e6","kind":"bikerack","longitude":20.1405497,"latitude":46.2542594,"name":"Biciklitároló","city":"Szeged","address":null,"covered":false,"access":null,"website":null,"phone":null,"source":"OpenStreetMap/node/3854547673","sourceUpdatedAt":"2026-04-04T22:50:04.678779+00:00","verifiedAt":null}},{"type":"Feature","geometry":{"type":"Point","coordinates":[20.1558928,46.2591507]},"properties":{"id":"bikerack:29a3b19c-c65e-4322-8e28-b57773ffcd9e","kind":"bikerack","longitude":20.1558928,"latitude":46.2591507,"name":"Biciklitároló","city":"Szeged","address":null,"covered":false,"access":null,"website":null,"phone":null,"source":"OpenStreetMap/node/6340348023","sourceUpdatedAt":"2026-04-04T22:50:04.678779+00:00","verifiedAt":null}},{"type":"Feature","geometry":{"type":"Point","coordinates":[20.1399614,46.2365484]},"properties":{"id":"bikerack:2a146bf8-f45e-48bb-9996-4fca764c2eac","kind":"bikerack","longitude":20.1399614,"latitude":46.2365484,"name":"Biciklitároló","city":"Szeged","address":null,"covered":false,"access":null,"website":null,"phone":null,"source":"OpenStreetMap/node/1804716756","sourceUpdatedAt":"2026-04-04T22:50:04.678779+00:00","verifiedAt":null}},{"type":"Feature","geometry":{"type":"Point","coordinates":[20.1278991,46.2608307]},"properties":{"id":"bikerack:2a35d066-6a41-41d0-b9a6-598ea12994e3","kind":"bikerack","longitude":20.1278991,"latitude":46.2608307,"name":"Biciklitároló","city":"Szeged","address":null,"covered":false,"access":null,"website":null,"phone":null,"source":"OpenStreetMap/node/11074606125","sourceUpdatedAt":"2026-04-04T22:50:04.678779+00:00","verifiedAt":null}},{"type":"Feature","geometry":{"type":"Point","coordinates":[20.0634679,46.2821682]},"properties":{"id":"bikerack:2a5a8101-23ad-4ea4-adbb-2e530533417a","kind":"bikerack","longitude":20.0634679,"latitude":46.2821682,"name":"Biciklitároló","city":"Domaszek","address":null,"covered":false,"access":null,"website":null,"phone":null,"source":"OpenStreetMap/node/8701722666","sourceUpdatedAt":"2026-04-04T22:50:04.678779+00:00","verifiedAt":null}},{"type":"Feature","geometry":{"type":"Point","coordinates":[20.1409069,46.2456168]},"properties":{"id":"bikerack:2aa7e327-322f-4b6c-9e98-951d027ca821","kind":"bikerack","longitude":20.1409069,"latitude":46.2456168,"name":"Biciklitároló","city":"Szeged","address":null,"covered":false,"access":null,"website":null,"phone":null,"source":"OpenStreetMap/node/11933130461","sourceUpdatedAt":"2026-04-04T22:50:04.678779+00:00","verifiedAt":null}},{"type":"Feature","geometry":{"type":"Point","coordinates":[20.1603253,46.273175]},"properties":{"id":"bikerack:2ec8273a-951e-4e21-9a09-e60a5266b3d8","kind":"bikerack","longitude":20.1603253,"latitude":46.273175,"name":"Biciklitároló","city":"Szeged","address":null,"covered":false,"access":null,"website":null,"phone":null,"source":"OpenStreetMap/node/12356385223","sourceUpdatedAt":"2026-04-04T22:50:04.678779+00:00","verifiedAt":null}},{"type":"Feature","geometry":{"type":"Point","coordinates":[20.3435402,46.2674525]},"properties":{"id":"bikerack:2f8ce483-4272-403b-88d6-f05de34c88dd","kind":"bikerack","longitude":20.3435402,"latitude":46.2674525,"name":"Biciklitároló","city":"Maroslele","address":null,"covered":false,"access":null,"website":null,"phone":null,"source":"OpenStreetMap/node/8479874127","sourceUpdatedAt":"2026-04-04T22:50:04.678779+00:00","verifiedAt":null}},{"type":"Feature","geometry":{"type":"Point","coordinates":[20.1734271,46.2583382]},"properties":{"id":"bikerack:2fd9a359-3c3c-4717-8f94-0dbaade1d68b","kind":"bikerack","longitude":20.1734271,"latitude":46.2583382,"name":"Biciklitároló","city":"Szeged","address":null,"covered":false,"access":null,"website":null,"phone":null,"source":"OpenStreetMap/node/9332157904","sourceUpdatedAt":"2026-04-04T22:50:04.678779+00:00","verifiedAt":null}},{"type":"Feature","geometry":{"type":"Point","coordinates":[20.1540381,46.2591729]},"properties":{"id":"bikerack:2fe73ed3-1cb0-4271-813a-c1345d8f6db3","kind":"bikerack","longitude":20.1540381,"latitude":46.2591729,"name":"Biciklitároló","city":"Szeged","address":null,"covered":false,"access":null,"website":null,"phone":null,"source":"OpenStreetMap/node/6340348024","sourceUpdatedAt":"2026-04-04T22:50:04.678779+00:00","verifiedAt":null}},{"type":"Feature","geometry":{"type":"Point","coordinates":[20.1318427,46.2631989]},"properties":{"id":"bikerack:300fbf8c-420f-4e8a-87f6-3d2583bcde3c","kind":"bikerack","longitude":20.1318427,"latitude":46.2631989,"name":"Biciklitároló","city":"Szeged","address":null,"covered":true,"access":null,"website":null,"phone":null,"source":"OpenStreetMap/way/1492514190","sourceUpdatedAt":"2026-04-04T22:50:04.678779+00:00","verifiedAt":null}},{"type":"Feature","geometry":{"type":"Point","coordinates":[20.1752152,46.2305296]},"properties":{"id":"bikerack:301e07dd-8ff3-4205-b4a1-02b6560b78df","kind":"bikerack","longitude":20.1752152,"latitude":46.2305296,"name":"Biciklitároló","city":"Szeged","address":null,"covered":false,"access":null,"website":null,"phone":null,"source":"OpenStreetMap/node/6806932056","sourceUpdatedAt":"2026-04-04T22:50:04.678779+00:00","verifiedAt":null}},{"type":"Feature","geometry":{"type":"Point","coordinates":[20.1497118,46.2527952]},"properties":{"id":"bikerack:3020795c-b901-4e11-a439-b21ed0fc026d","kind":"bikerack","longitude":20.1497118,"latitude":46.2527952,"name":"Biciklitároló","city":"Szeged","address":null,"covered":false,"access":null,"website":null,"phone":null,"source":"OpenStreetMap/node/2148249734","sourceUpdatedAt":"2026-04-04T22:50:04.678779+00:00","verifiedAt":null}},{"type":"Feature","geometry":{"type":"Point","coordinates":[20.1458835,46.2506106]},"properties":{"id":"bikerack:30f6410a-b757-4525-8bc4-7d6d34a23212","kind":"bikerack","longitude":20.1458835,"latitude":46.2506106,"name":"Biciklitároló","city":"Szeged","address":null,"covered":false,"access":null,"website":null,"phone":null,"source":"OpenStreetMap/node/12173702166","sourceUpdatedAt":"2026-04-04T22:50:04.678779+00:00","verifiedAt":null}},{"type":"Feature","geometry":{"type":"Point","coordinates":[20.2367051,46.2180049]},"properties":{"id":"bikerack:31b07fc2-978e-42d9-ad0a-40b72a88ce13","kind":"bikerack","longitude":20.2367051,"latitude":46.2180049,"name":"Biciklitároló","city":"Deszk","address":null,"covered":false,"access":null,"website":null,"phone":null,"source":"OpenStreetMap/node/13659329073","sourceUpdatedAt":"2026-04-04T22:50:04.678779+00:00","verifiedAt":null}},{"type":"Feature","geometry":{"type":"Point","coordinates":[20.1466817,46.2552762]},"properties":{"id":"bikerack:3273e502-0dd0-4fec-b35a-f9f3d252fbd3","kind":"bikerack","longitude":20.1466817,"latitude":46.2552762,"name":"Biciklitároló","city":"Szeged","address":null,"covered":false,"access":null,"website":null,"phone":null,"source":"OpenStreetMap/way/629535513","sourceUpdatedAt":"2026-04-04T22:50:04.678779+00:00","verifiedAt":null}},{"type":"Feature","geometry":{"type":"Point","coordinates":[20.1531895,46.2727939]},"properties":{"id":"bikerack:33c4251e-a87a-4f5c-b246-93065b33cc7e","kind":"bikerack","longitude":20.1531895,"latitude":46.2727939,"name":"Biciklitároló","city":"Szeged","address":null,"covered":false,"access":null,"website":null,"phone":null,"source":"OpenStreetMap/node/5913554560","sourceUpdatedAt":"2026-04-04T22:50:04.678779+00:00","verifiedAt":null}},{"type":"Feature","geometry":{"type":"Point","coordinates":[20.1720129,46.2614706]},"properties":{"id":"bikerack:33d28166-aef5-4018-8afb-2275fdd1d732","kind":"bikerack","longitude":20.1720129,"latitude":46.2614706,"name":"Biciklitároló","city":"Szeged","address":null,"covered":false,"access":null,"website":null,"phone":null,"source":"OpenStreetMap/node/8397909692","sourceUpdatedAt":"2026-04-04T22:50:04.678779+00:00","verifiedAt":null}},{"type":"Feature","geometry":{"type":"Point","coordinates":[20.1496252,46.2530329]},"properties":{"id":"bikerack:34e05ca4-56e6-4dac-bc7f-78154e220e80","kind":"bikerack","longitude":20.1496252,"latitude":46.2530329,"name":"Biciklitároló","city":"Szeged","address":null,"covered":false,"access":null,"website":null,"phone":null,"source":"OpenStreetMap/node/6236881064","sourceUpdatedAt":"2026-04-04T22:50:04.678779+00:00","verifiedAt":null}},{"type":"Feature","geometry":{"type":"Point","coordinates":[20.1507497,46.2511146]},"properties":{"id":"bikerack:359957de-73cd-4ecc-9087-7e2ccd5d5d5b","kind":"bikerack","longitude":20.1507497,"latitude":46.2511146,"name":"Biciklitároló","city":"Szeged","address":null,"covered":false,"access":null,"website":null,"phone":null,"source":"OpenStreetMap/node/8311587824","sourceUpdatedAt":"2026-04-04T22:50:04.678779+00:00","verifiedAt":null}},{"type":"Feature","geometry":{"type":"Point","coordinates":[20.161457,46.2435748]},"properties":{"id":"bikerack:35c4922c-9f09-4231-9322-5b5aedc1c996","kind":"bikerack","longitude":20.161457,"latitude":46.2435748,"name":"Fedett kerékpártároló","city":"Szeged","address":null,"covered":true,"access":null,"website":null,"phone":null,"source":"OpenStreetMap/way/179420315","sourceUpdatedAt":"2026-04-27T10:39:16.209244+00:00","verifiedAt":null}},{"type":"Feature","geometry":{"type":"Point","coordinates":[20.1506008,46.2576253]},"properties":{"id":"bikerack:36201fe9-2e96-462d-9d67-4286f01e8bfe","kind":"bikerack","longitude":20.1506008,"latitude":46.2576253,"name":"Biciklitároló","city":"Szeged","address":null,"covered":false,"access":null,"website":null,"phone":null,"source":"OpenStreetMap/node/6957857409","sourceUpdatedAt":"2026-04-04T22:50:04.678779+00:00","verifiedAt":null}},{"type":"Feature","geometry":{"type":"Point","coordinates":[20.1471938,46.2650002]},"properties":{"id":"bikerack:378442e3-5f83-4ccd-8ece-55e1feeaef4b","kind":"bikerack","longitude":20.1471938,"latitude":46.2650002,"name":"Biciklitároló","city":"Szeged","address":null,"covered":false,"access":null,"website":null,"phone":null,"source":"OpenStreetMap/node/5415927900","sourceUpdatedAt":"2026-04-04T22:50:04.678779+00:00","verifiedAt":null}},{"type":"Feature","geometry":{"type":"Point","coordinates":[20.1049548,46.2788883]},"properties":{"id":"bikerack:37c9ca6b-2c8a-4a49-844d-9e8d7a50c9bc","kind":"bikerack","longitude":20.1049548,"latitude":46.2788883,"name":"Biciklitároló","city":"Szeged","address":null,"covered":false,"access":null,"website":null,"phone":null,"source":"OpenStreetMap/node/5614140466","sourceUpdatedAt":"2026-04-04T22:50:04.678779+00:00","verifiedAt":null}},{"type":"Feature","geometry":{"type":"Point","coordinates":[20.146935,46.2541487]},"properties":{"id":"bikerack:37eaf698-560c-4131-b5c5-c8b6bbb3e093","kind":"bikerack","longitude":20.146935,"latitude":46.2541487,"name":"Biciklitároló","city":"Szeged","address":null,"covered":false,"access":null,"website":null,"phone":null,"source":"OpenStreetMap/node/3654718470","sourceUpdatedAt":"2026-04-04T22:50:04.678779+00:00","verifiedAt":null}},{"type":"Feature","geometry":{"type":"Point","coordinates":[20.1464884,46.2527612]},"properties":{"id":"bikerack:3831025a-258e-488f-a485-52df8acb2e83","kind":"bikerack","longitude":20.1464884,"latitude":46.2527612,"name":"Biciklitároló","city":"Szeged","address":null,"covered":false,"access":null,"website":null,"phone":null,"source":"OpenStreetMap/node/6638732118","sourceUpdatedAt":"2026-04-04T22:50:04.678779+00:00","verifiedAt":null}},{"type":"Feature","geometry":{"type":"Point","coordinates":[20.1452247,46.2508978]},"properties":{"id":"bikerack:385f20b4-1ad1-4031-b11c-faa00fdab94e","kind":"bikerack","longitude":20.1452247,"latitude":46.2508978,"name":"Biciklitároló","city":"Szeged","address":null,"covered":false,"access":null,"website":null,"phone":null,"source":"OpenStreetMap/node/6096470787","sourceUpdatedAt":"2026-04-04T22:50:04.678779+00:00","verifiedAt":null}},{"type":"Feature","geometry":{"type":"Point","coordinates":[20.1364991,46.2546334]},"properties":{"id":"bikerack:38d12a8c-5adf-4e16-b1e0-4cc59eade2ae","kind":"bikerack","longitude":20.1364991,"latitude":46.2546334,"name":"Biciklitároló","city":"Szeged","address":null,"covered":false,"access":null,"website":null,"phone":null,"source":"OpenStreetMap/node/12532401171","sourceUpdatedAt":"2026-04-04T22:50:04.678779+00:00","verifiedAt":null}},{"type":"Feature","geometry":{"type":"Point","coordinates":[20.1391345,46.2541574]},"properties":{"id":"bikerack:397fbbcb-1289-48e0-9683-5643dd369ab6","kind":"bikerack","longitude":20.1391345,"latitude":46.2541574,"name":"Biciklitároló","city":"Szeged","address":null,"covered":false,"access":null,"website":null,"phone":null,"source":"OpenStreetMap/node/3854547675","sourceUpdatedAt":"2026-04-04T22:50:04.678779+00:00","verifiedAt":null}},{"type":"Feature","geometry":{"type":"Point","coordinates":[20.1452374,46.2503141]},"properties":{"id":"bikerack:3ba59ebb-2624-4ec4-937b-ea567cd5ce92","kind":"bikerack","longitude":20.1452374,"latitude":46.2503141,"name":"Biciklitároló","city":"Szeged","address":null,"covered":false,"access":null,"website":null,"phone":null,"source":"OpenStreetMap/node/7200736091","sourceUpdatedAt":"2026-04-04T22:50:04.678779+00:00","verifiedAt":null}},{"type":"Feature","geometry":{"type":"Point","coordinates":[20.1173937,46.2305908]},"properties":{"id":"bikerack:3bb86acd-48b1-4989-b141-0895d4cff72c","kind":"bikerack","longitude":20.1173937,"latitude":46.2305908,"name":"Biciklitároló","city":"Szeged","address":null,"covered":false,"access":null,"website":null,"phone":null,"source":"OpenStreetMap/node/8697688880","sourceUpdatedAt":"2026-04-04T22:50:04.678779+00:00","verifiedAt":null}},{"type":"Feature","geometry":{"type":"Point","coordinates":[20.164832,46.2452579]},"properties":{"id":"bikerack:3bc612fe-9922-4873-ad4b-031b77906116","kind":"bikerack","longitude":20.164832,"latitude":46.2452579,"name":"Biciklitároló","city":"Szeged","address":null,"covered":true,"access":null,"website":null,"phone":null,"source":"OpenStreetMap/way/970419913","sourceUpdatedAt":"2026-04-04T22:50:04.678779+00:00","verifiedAt":null}},{"type":"Feature","geometry":{"type":"Point","coordinates":[20.1474405,46.2458747]},"properties":{"id":"bikerack:3d53b3fc-190b-4cfd-9aaa-4c13c26006a2","kind":"bikerack","longitude":20.1474405,"latitude":46.2458747,"name":"Biciklitároló","city":"Szeged","address":null,"covered":false,"access":null,"website":null,"phone":null,"source":"OpenStreetMap/node/5943232444","sourceUpdatedAt":"2026-04-04T22:50:04.678779+00:00","verifiedAt":null}},{"type":"Feature","geometry":{"type":"Point","coordinates":[20.1680305,46.2666673]},"properties":{"id":"bikerack:3dda6b58-2877-42f1-bf58-13c6d34358f6","kind":"bikerack","longitude":20.1680305,"latitude":46.2666673,"name":"Biciklitároló","city":"Szeged","address":null,"covered":false,"access":null,"website":null,"phone":null,"source":"OpenStreetMap/node/8041710146","sourceUpdatedAt":"2026-04-04T22:50:04.678779+00:00","verifiedAt":null}},{"type":"Feature","geometry":{"type":"Point","coordinates":[20.1498251,46.2505994]},"properties":{"id":"bikerack:3e6468c1-378d-4922-b815-f2a25b817e84","kind":"bikerack","longitude":20.1498251,"latitude":46.2505994,"name":"Biciklitároló","city":"Szeged","address":null,"covered":false,"access":null,"website":null,"phone":null,"source":"OpenStreetMap/node/12469560539","sourceUpdatedAt":"2026-04-04T22:50:04.678779+00:00","verifiedAt":null}},{"type":"Feature","geometry":{"type":"Point","coordinates":[20.1453816,46.2519032]},"properties":{"id":"bikerack:3eb3a005-09f6-423f-b99b-13ebbadf4424","kind":"bikerack","longitude":20.1453816,"latitude":46.2519032,"name":"Biciklitároló","city":"Szeged","address":null,"covered":false,"access":null,"website":null,"phone":null,"source":"OpenStreetMap/node/3654654480","sourceUpdatedAt":"2026-04-04T22:50:04.678779+00:00","verifiedAt":null}},{"type":"Feature","geometry":{"type":"Point","coordinates":[20.1752859,46.2502011]},"properties":{"id":"bikerack:3f426fc1-b8c2-41a9-bee0-8dc57924eed2","kind":"bikerack","longitude":20.1752859,"latitude":46.2502011,"name":"Biciklitároló","city":"Szeged","address":null,"covered":false,"access":null,"website":null,"phone":null,"source":"OpenStreetMap/node/4914345676","sourceUpdatedAt":"2026-04-04T22:50:04.678779+00:00","verifiedAt":null}},{"type":"Feature","geometry":{"type":"Point","coordinates":[20.1162109,46.2282566]},"properties":{"id":"bikerack:3f52a8f9-96fd-43d5-8ff1-aff082f67124","kind":"bikerack","longitude":20.1162109,"latitude":46.2282566,"name":"Biciklitároló","city":"Szeged","address":null,"covered":false,"access":null,"website":null,"phone":null,"source":"OpenStreetMap/node/8697688881","sourceUpdatedAt":"2026-04-04T22:50:04.678779+00:00","verifiedAt":null}},{"type":"Feature","geometry":{"type":"Point","coordinates":[20.1530231,46.2758679]},"properties":{"id":"bikerack:3fe03fd0-23bb-4cbd-925c-447ce184b0ae","kind":"bikerack","longitude":20.1530231,"latitude":46.2758679,"name":"Biciklitároló","city":"Szeged","address":null,"covered":true,"access":null,"website":null,"phone":null,"source":"OpenStreetMap/node/8763896099","sourceUpdatedAt":"2026-04-04T22:50:04.678779+00:00","verifiedAt":null}},{"type":"Feature","geometry":{"type":"Point","coordinates":[20.1757016,46.2581449]},"properties":{"id":"bikerack:3ff68851-93f7-45da-b2ca-562e8ea13ed5","kind":"bikerack","longitude":20.1757016,"latitude":46.2581449,"name":"Biciklitároló","city":"Szeged","address":null,"covered":false,"access":null,"website":null,"phone":null,"source":"OpenStreetMap/node/13439438568","sourceUpdatedAt":"2026-04-04T22:50:04.678779+00:00","verifiedAt":null}},{"type":"Feature","geometry":{"type":"Point","coordinates":[20.1453356,46.2507798]},"properties":{"id":"bikerack:40735e23-422c-4f1a-a6d1-481499afb7da","kind":"bikerack","longitude":20.1453356,"latitude":46.2507798,"name":"Biciklitároló","city":"Szeged","address":null,"covered":false,"access":null,"website":null,"phone":null,"source":"OpenStreetMap/node/6096470790","sourceUpdatedAt":"2026-04-04T22:50:04.678779+00:00","verifiedAt":null}},{"type":"Feature","geometry":{"type":"Point","coordinates":[20.1718701,46.2358036]},"properties":{"id":"bikerack:409d6683-9eae-4153-8e74-f3ebbe94342f","kind":"bikerack","longitude":20.1718701,"latitude":46.2358036,"name":"Biciklitároló","city":"Szeged","address":null,"covered":true,"access":null,"website":null,"phone":null,"source":"OpenStreetMap/node/4353120886","sourceUpdatedAt":"2026-04-04T22:50:04.678779+00:00","verifiedAt":null}},{"type":"Feature","geometry":{"type":"Point","coordinates":[20.1621636,46.1746502]},"properties":{"id":"bikerack:409e3e40-1eb0-466f-8d34-0e5ec60da572","kind":"bikerack","longitude":20.1621636,"latitude":46.1746502,"name":"Biciklitároló","city":"Szeged","address":null,"covered":false,"access":null,"website":null,"phone":null,"source":"OpenStreetMap/node/7922813573","sourceUpdatedAt":"2026-04-04T22:50:04.678779+00:00","verifiedAt":null}},{"type":"Feature","geometry":{"type":"Point","coordinates":[20.1582699,46.2562474]},"properties":{"id":"bikerack:40add8b9-915b-4c27-aa8b-0b4253210f29","kind":"bikerack","longitude":20.1582699,"latitude":46.2562474,"name":"Biciklitároló","city":"Szeged","address":null,"covered":true,"access":null,"website":null,"phone":null,"source":"OpenStreetMap/node/7788538629","sourceUpdatedAt":"2026-04-04T22:50:04.678779+00:00","verifiedAt":null}},{"type":"Feature","geometry":{"type":"Point","coordinates":[20.1451767,46.2719284]},"properties":{"id":"bikerack:412813b2-4d63-46be-93d9-169b4e226299","kind":"bikerack","longitude":20.1451767,"latitude":46.2719284,"name":"Biciklitároló","city":"Szeged","address":null,"covered":true,"access":null,"website":null,"phone":null,"source":"OpenStreetMap/node/1307887548","sourceUpdatedAt":"2026-04-04T22:50:04.678779+00:00","verifiedAt":null}},{"type":"Feature","geometry":{"type":"Point","coordinates":[20.1588858,46.2493607]},"properties":{"id":"bikerack:4144a138-3444-456e-89f8-6c72dc7a185a","kind":"bikerack","longitude":20.1588858,"latitude":46.2493607,"name":"Biciklitároló","city":"Szeged","address":null,"covered":false,"access":null,"website":null,"phone":null,"source":"OpenStreetMap/node/3854547681","sourceUpdatedAt":"2026-04-04T22:50:04.678779+00:00","verifiedAt":null}},{"type":"Feature","geometry":{"type":"Point","coordinates":[20.189358,46.2138201]},"properties":{"id":"bikerack:4179f566-13fc-4e1a-acb5-0ee31ad2e014","kind":"bikerack","longitude":20.189358,"latitude":46.2138201,"name":"Biciklitároló","city":"Deszk","address":null,"covered":false,"access":null,"website":null,"phone":null,"source":"OpenStreetMap/node/13343992783","sourceUpdatedAt":"2026-04-04T22:50:04.678779+00:00","verifiedAt":null}},{"type":"Feature","geometry":{"type":"Point","coordinates":[20.1528334,46.2541161]},"properties":{"id":"bikerack:422f3ae2-6c4d-4707-9185-2994159b1200","kind":"bikerack","longitude":20.1528334,"latitude":46.2541161,"name":"Biciklitároló","city":"Szeged","address":null,"covered":false,"access":null,"website":null,"phone":null,"source":"OpenStreetMap/node/9817829787","sourceUpdatedAt":"2026-04-04T22:50:04.678779+00:00","verifiedAt":null}},{"type":"Feature","geometry":{"type":"Point","coordinates":[20.1518243,46.2528917]},"properties":{"id":"bikerack:42368370-4400-4d3b-965e-692b29836ea8","kind":"bikerack","longitude":20.1518243,"latitude":46.2528917,"name":"Biciklitároló","city":"Szeged","address":null,"covered":false,"access":null,"website":null,"phone":null,"source":"OpenStreetMap/node/8465648527","sourceUpdatedAt":"2026-04-04T22:50:04.678779+00:00","verifiedAt":null}},{"type":"Feature","geometry":{"type":"Point","coordinates":[20.1425155,46.2730907]},"properties":{"id":"bikerack:4280480c-40cb-4406-8791-c5c0a1a31dd6","kind":"bikerack","longitude":20.1425155,"latitude":46.2730907,"name":"Biciklitároló","city":"Szeged","address":null,"covered":false,"access":null,"website":null,"phone":null,"source":"OpenStreetMap/node/1266464552","sourceUpdatedAt":"2026-04-04T22:50:04.678779+00:00","verifiedAt":null}},{"type":"Feature","geometry":{"type":"Point","coordinates":[20.1488554,46.246951]},"properties":{"id":"bikerack:42d1d50f-6af8-4993-9ab7-1ed982cbfca2","kind":"bikerack","longitude":20.1488554,"latitude":46.246951,"name":"Biciklitároló","city":"Szeged","address":null,"covered":false,"access":null,"website":null,"phone":null,"source":"OpenStreetMap/node/6324847792","sourceUpdatedAt":"2026-04-04T22:50:04.678779+00:00","verifiedAt":null}},{"type":"Feature","geometry":{"type":"Point","coordinates":[20.1514561,46.2528343]},"properties":{"id":"bikerack:42f4e694-43de-40b7-8d5b-9d1516bc0e28","kind":"bikerack","longitude":20.1514561,"latitude":46.2528343,"name":"Biciklitároló","city":"Szeged","address":null,"covered":false,"access":null,"website":null,"phone":null,"source":"OpenStreetMap/node/11127309003","sourceUpdatedAt":"2026-04-04T22:50:04.678779+00:00","verifiedAt":null}},{"type":"Feature","geometry":{"type":"Point","coordinates":[20.157014,46.249348]},"properties":{"id":"bikerack:431e57e6-1c54-428d-9ca9-be3f34f8bb9b","kind":"bikerack","longitude":20.157014,"latitude":46.249348,"name":"Biciklitároló","city":"Szeged","address":null,"covered":false,"access":null,"website":null,"phone":null,"source":"OpenStreetMap/node/3854547685","sourceUpdatedAt":"2026-04-04T22:50:04.678779+00:00","verifiedAt":null}},{"type":"Feature","geometry":{"type":"Point","coordinates":[20.1763172,46.2573256]},"properties":{"id":"bikerack:43f1a869-473c-4c7d-ad90-06854957fa5a","kind":"bikerack","longitude":20.1763172,"latitude":46.2573256,"name":"Biciklitároló","city":"Szeged","address":null,"covered":false,"access":null,"website":null,"phone":null,"source":"OpenStreetMap/node/13439438567","sourceUpdatedAt":"2026-04-04T22:50:04.678779+00:00","verifiedAt":null}},{"type":"Feature","geometry":{"type":"Point","coordinates":[20.1044192,46.2797264]},"properties":{"id":"bikerack:4453f14a-dbf0-43ad-8ce4-9daa24674a98","kind":"bikerack","longitude":20.1044192,"latitude":46.2797264,"name":"Biciklitároló","city":"Szeged","address":null,"covered":true,"access":null,"website":null,"phone":null,"source":"OpenStreetMap/node/6032272156","sourceUpdatedAt":"2026-04-04T22:50:04.678779+00:00","verifiedAt":null}},{"type":"Feature","geometry":{"type":"Point","coordinates":[20.1456589,46.2479545]},"properties":{"id":"bikerack:4530aee3-f0ea-4f88-9a83-d019ed0ac8a4","kind":"bikerack","longitude":20.1456589,"latitude":46.2479545,"name":"Biciklitároló","city":"Szeged","address":null,"covered":false,"access":null,"website":null,"phone":null,"source":"OpenStreetMap/node/6201421415","sourceUpdatedAt":"2026-04-04T22:50:04.678779+00:00","verifiedAt":null}},{"type":"Feature","geometry":{"type":"Point","coordinates":[20.1433518,46.2532131]},"properties":{"id":"bikerack:4551fdb2-e4c3-412e-a5d2-c214478bb8f9","kind":"bikerack","longitude":20.1433518,"latitude":46.2532131,"name":"Biciklitároló","city":"Szeged","address":null,"covered":false,"access":null,"website":null,"phone":null,"source":"OpenStreetMap/node/3854547668","sourceUpdatedAt":"2026-04-04T22:50:04.678779+00:00","verifiedAt":null}},{"type":"Feature","geometry":{"type":"Point","coordinates":[20.1487072,46.2491318]},"properties":{"id":"bikerack:45530aba-db0e-4136-b906-c4e8fbd1930c","kind":"bikerack","longitude":20.1487072,"latitude":46.2491318,"name":"Biciklitároló","city":"Szeged","address":null,"covered":false,"access":null,"website":null,"phone":null,"source":"OpenStreetMap/node/1264866644","sourceUpdatedAt":"2026-04-04T22:50:04.678779+00:00","verifiedAt":null}},{"type":"Feature","geometry":{"type":"Point","coordinates":[20.162774,46.2496351]},"properties":{"id":"bikerack:45ba1504-6100-48a3-a337-c589d9987dc6","kind":"bikerack","longitude":20.162774,"latitude":46.2496351,"name":"Biciklitároló","city":"Szeged","address":null,"covered":false,"access":null,"website":null,"phone":null,"source":"OpenStreetMap/node/11994901654","sourceUpdatedAt":"2026-04-04T22:50:04.678779+00:00","verifiedAt":null}},{"type":"Feature","geometry":{"type":"Point","coordinates":[20.145544,46.251754]},"properties":{"id":"bikerack:471dd53d-bfda-4a2d-86fb-ad86f431c2fd","kind":"bikerack","longitude":20.145544,"latitude":46.251754,"name":"Biciklitároló","city":"Szeged","address":null,"covered":false,"access":null,"website":null,"phone":null,"source":"OpenStreetMap/node/13110217325","sourceUpdatedAt":"2026-04-04T22:50:04.678779+00:00","verifiedAt":null}},{"type":"Feature","geometry":{"type":"Point","coordinates":[20.1479107,46.2490069]},"properties":{"id":"bikerack:47d11e8b-e111-412c-93cd-d91885d8b3ca","kind":"bikerack","longitude":20.1479107,"latitude":46.2490069,"name":"Biciklitároló","city":"Szeged","address":null,"covered":false,"access":null,"website":null,"phone":null,"source":"OpenStreetMap/node/3854547661","sourceUpdatedAt":"2026-04-04T22:50:04.678779+00:00","verifiedAt":null}},{"type":"Feature","geometry":{"type":"Point","coordinates":[20.1274017,46.2656057]},"properties":{"id":"bikerack:4833e4a5-8c59-4661-822c-8c86c21a1d3f","kind":"bikerack","longitude":20.1274017,"latitude":46.2656057,"name":"Biciklitároló","city":"Szeged","address":null,"covered":false,"access":null,"website":null,"phone":null,"source":"OpenStreetMap/node/9103641880","sourceUpdatedAt":"2026-04-04T22:50:04.678779+00:00","verifiedAt":null}},{"type":"Feature","geometry":{"type":"Point","coordinates":[20.1328228,46.2685169]},"properties":{"id":"bikerack:48414d6b-37c8-40b6-aa01-1cc0d5d9d09f","kind":"bikerack","longitude":20.1328228,"latitude":46.2685169,"name":"Biciklitároló","city":"Szeged","address":null,"covered":false,"access":null,"website":null,"phone":null,"source":"OpenStreetMap/node/11144363924","sourceUpdatedAt":"2026-04-04T22:50:04.678779+00:00","verifiedAt":null}},{"type":"Feature","geometry":{"type":"Point","coordinates":[20.148044,46.25004]},"properties":{"id":"bikerack:49c239dd-a7e5-432e-89b5-dce3d520676f","kind":"bikerack","longitude":20.148044,"latitude":46.25004,"name":"Fekete-ház kerékpártároló","city":"Szeged","address":null,"covered":false,"access":null,"website":null,"phone":null,"source":"OpenStreetMap/node/1765044404","sourceUpdatedAt":"2026-04-04T22:53:48.759307+00:00","verifiedAt":null}},{"type":"Feature","geometry":{"type":"Point","coordinates":[20.1409829,46.262675]},"properties":{"id":"bikerack:4a03f30c-82a1-4406-8e04-6cc7bd52cdb1","kind":"bikerack","longitude":20.1409829,"latitude":46.262675,"name":"Biciklitároló","city":"Szeged","address":null,"covered":false,"access":null,"website":null,"phone":null,"source":"OpenStreetMap/node/9001545280","sourceUpdatedAt":"2026-04-04T22:50:04.678779+00:00","verifiedAt":null}},{"type":"Feature","geometry":{"type":"Point","coordinates":[20.1639189,46.245528]},"properties":{"id":"bikerack:4a21cf82-7581-4137-b4c8-e4c1bad5d6ce","kind":"bikerack","longitude":20.1639189,"latitude":46.245528,"name":"Szegedi Kerékpáros Központ","city":"Szeged","address":null,"covered":true,"access":null,"website":null,"phone":null,"source":"OpenStreetMap/node/1742363295","sourceUpdatedAt":"2026-04-04T22:53:48.757836+00:00","verifiedAt":null}},{"type":"Feature","geometry":{"type":"Point","coordinates":[20.1490563,46.2522883]},"properties":{"id":"bikerack:4b891d92-6a1f-473b-9d22-6084460e5077","kind":"bikerack","longitude":20.1490563,"latitude":46.2522883,"name":"Biciklitároló","city":"Szeged","address":null,"covered":false,"access":null,"website":null,"phone":null,"source":"OpenStreetMap/node/1264868261","sourceUpdatedAt":"2026-04-04T22:50:04.678779+00:00","verifiedAt":null}},{"type":"Feature","geometry":{"type":"Point","coordinates":[20.1479441,46.2491221]},"properties":{"id":"bikerack:4c56dd35-9e96-4a69-a77f-aa647a24d31e","kind":"bikerack","longitude":20.1479441,"latitude":46.2491221,"name":"Biciklitároló","city":"Szeged","address":null,"covered":false,"access":null,"website":null,"phone":null,"source":"OpenStreetMap/node/7200736088","sourceUpdatedAt":"2026-04-04T22:50:04.678779+00:00","verifiedAt":null}},{"type":"Feature","geometry":{"type":"Point","coordinates":[20.1463097,46.252975]},"properties":{"id":"bikerack:4c6c046e-7738-4a3f-97d5-16b5a8663070","kind":"bikerack","longitude":20.1463097,"latitude":46.252975,"name":"Biciklitároló","city":"Szeged","address":null,"covered":false,"access":null,"website":null,"phone":null,"source":"OpenStreetMap/node/1263059663","sourceUpdatedAt":"2026-04-04T22:50:04.678779+00:00","verifiedAt":null}},{"type":"Feature","geometry":{"type":"Point","coordinates":[20.1439154,46.2723877]},"properties":{"id":"bikerack:4e5688fc-0292-44af-9166-6dcf8b2aa06f","kind":"bikerack","longitude":20.1439154,"latitude":46.2723877,"name":"Biciklitároló","city":"Szeged","address":null,"covered":false,"access":null,"website":null,"phone":null,"source":"OpenStreetMap/node/9611232634","sourceUpdatedAt":"2026-04-04T22:50:04.678779+00:00","verifiedAt":null}},{"type":"Feature","geometry":{"type":"Point","coordinates":[20.1718559,46.2613056]},"properties":{"id":"bikerack:4f71b16d-d12e-43f8-b300-72fd16f22010","kind":"bikerack","longitude":20.1718559,"latitude":46.2613056,"name":"Biciklitároló","city":"Szeged","address":null,"covered":false,"access":null,"website":null,"phone":null,"source":"OpenStreetMap/node/8397909693","sourceUpdatedAt":"2026-04-04T22:50:04.678779+00:00","verifiedAt":null}},{"type":"Feature","geometry":{"type":"Point","coordinates":[20.1453625,46.2481372]},"properties":{"id":"bikerack:4fc4c324-81da-4bb5-9ec0-cabfec646f79","kind":"bikerack","longitude":20.1453625,"latitude":46.2481372,"name":"Biciklitároló","city":"Szeged","address":null,"covered":false,"access":null,"website":null,"phone":null,"source":"OpenStreetMap/node/6201421414","sourceUpdatedAt":"2026-04-04T22:50:04.678779+00:00","verifiedAt":null}},{"type":"Feature","geometry":{"type":"Point","coordinates":[20.1448109,46.2525995]},"properties":{"id":"bikerack:504f7071-b30a-4ee1-aecc-3f9f3b380aac","kind":"bikerack","longitude":20.1448109,"latitude":46.2525995,"name":"Biciklitároló","city":"Szeged","address":null,"covered":false,"access":null,"website":null,"phone":null,"source":"OpenStreetMap/node/3654649975","sourceUpdatedAt":"2026-04-04T22:50:04.678779+00:00","verifiedAt":null}},{"type":"Feature","geometry":{"type":"Point","coordinates":[20.1424161,46.2437796]},"properties":{"id":"bikerack:50b9d981-3d73-41f4-8ad3-7b8fcf0c1931","kind":"bikerack","longitude":20.1424161,"latitude":46.2437796,"name":"Biciklitároló","city":"Szeged","address":null,"covered":false,"access":null,"website":null,"phone":null,"source":"OpenStreetMap/node/6349549613","sourceUpdatedAt":"2026-04-04T22:50:04.678779+00:00","verifiedAt":null}},{"type":"Feature","geometry":{"type":"Point","coordinates":[20.1650866,46.2659722]},"properties":{"id":"bikerack:51c3f8f6-15f8-41ad-8ea8-9c0a6abd3b59","kind":"bikerack","longitude":20.1650866,"latitude":46.2659722,"name":"Biciklitároló","city":"Szeged","address":null,"covered":false,"access":null,"website":null,"phone":null,"source":"OpenStreetMap/node/11859013305","sourceUpdatedAt":"2026-04-04T22:50:04.678779+00:00","verifiedAt":null}},{"type":"Feature","geometry":{"type":"Point","coordinates":[20.1436083,46.2725634]},"properties":{"id":"bikerack:51f9a9d5-3616-4b20-a21c-7d3085dadde4","kind":"bikerack","longitude":20.1436083,"latitude":46.2725634,"name":"Biciklitároló","city":"Szeged","address":null,"covered":false,"access":null,"website":null,"phone":null,"source":"OpenStreetMap/node/9611232635","sourceUpdatedAt":"2026-04-04T22:50:04.678779+00:00","verifiedAt":null}},{"type":"Feature","geometry":{"type":"Point","coordinates":[20.1534723,46.2541662]},"properties":{"id":"bikerack:5266c882-d184-415f-864d-1b7225cfd016","kind":"bikerack","longitude":20.1534723,"latitude":46.2541662,"name":"Biciklitároló","city":"Szeged","address":null,"covered":false,"access":null,"website":null,"phone":null,"source":"OpenStreetMap/node/6389297881","sourceUpdatedAt":"2026-04-04T22:50:04.678779+00:00","verifiedAt":null}},{"type":"Feature","geometry":{"type":"Point","coordinates":[20.1398259,46.2519157]},"properties":{"id":"bikerack:52a8abf8-90c8-43e0-aff4-0bd5c6650ab6","kind":"bikerack","longitude":20.1398259,"latitude":46.2519157,"name":"Agora","city":"Szeged","address":null,"covered":true,"access":null,"website":null,"phone":null,"source":"OpenStreetMap/node/3215273581","sourceUpdatedAt":"2026-04-04T22:53:50.542921+00:00","verifiedAt":null}},{"type":"Feature","geometry":{"type":"Point","coordinates":[20.1528671,46.2759155]},"properties":{"id":"bikerack:53a8b095-145e-4495-8326-d2e448e2a436","kind":"bikerack","longitude":20.1528671,"latitude":46.2759155,"name":"Biciklitároló","city":"Szeged","address":null,"covered":false,"access":null,"website":null,"phone":null,"source":"OpenStreetMap/node/3501559823","sourceUpdatedAt":"2026-04-04T22:50:04.678779+00:00","verifiedAt":null}},{"type":"Feature","geometry":{"type":"Point","coordinates":[20.1465278,46.2568526]},"properties":{"id":"bikerack:53bc518b-6865-4e6d-8fb0-e1bf06a4616d","kind":"bikerack","longitude":20.1465278,"latitude":46.2568526,"name":"Biciklitároló","city":"Szeged","address":null,"covered":false,"access":null,"website":null,"phone":null,"source":"OpenStreetMap/node/10112904650","sourceUpdatedAt":"2026-04-04T22:50:04.678779+00:00","verifiedAt":null}},{"type":"Feature","geometry":{"type":"Point","coordinates":[20.1467697,46.2497371]},"properties":{"id":"bikerack:5418200b-3dd0-4131-8386-f0f2f44461ab","kind":"bikerack","longitude":20.1467697,"latitude":46.2497371,"name":"Biciklitároló","city":"Szeged","address":null,"covered":false,"access":null,"website":null,"phone":null,"source":"OpenStreetMap/node/5607825174","sourceUpdatedAt":"2026-04-04T22:50:04.678779+00:00","verifiedAt":null}},{"type":"Feature","geometry":{"type":"Point","coordinates":[20.1448401,46.2571369]},"properties":{"id":"bikerack:54e53522-981e-4d22-ad75-dd9abf569b72","kind":"bikerack","longitude":20.1448401,"latitude":46.2571369,"name":"Biciklitároló","city":"Szeged","address":null,"covered":false,"access":null,"website":null,"phone":null,"source":"OpenStreetMap/node/7919700878","sourceUpdatedAt":"2026-04-04T22:50:04.678779+00:00","verifiedAt":null}},{"type":"Feature","geometry":{"type":"Point","coordinates":[20.1461446,46.2499154]},"properties":{"id":"bikerack:560eb187-0c18-43fc-b27e-1577e10bd89a","kind":"bikerack","longitude":20.1461446,"latitude":46.2499154,"name":"Biciklitároló","city":"Szeged","address":null,"covered":false,"access":null,"website":null,"phone":null,"source":"OpenStreetMap/node/3654671689","sourceUpdatedAt":"2026-04-04T22:50:04.678779+00:00","verifiedAt":null}},{"type":"Feature","geometry":{"type":"Point","coordinates":[20.1406178,46.2454136]},"properties":{"id":"bikerack:5729d090-5c58-401a-9920-251d174d53e1","kind":"bikerack","longitude":20.1406178,"latitude":46.2454136,"name":"Biciklitároló","city":"Szeged","address":null,"covered":false,"access":null,"website":null,"phone":null,"source":"OpenStreetMap/node/11933130464","sourceUpdatedAt":"2026-04-04T22:50:04.678779+00:00","verifiedAt":null}},{"type":"Feature","geometry":{"type":"Point","coordinates":[20.1672667,46.2435681]},"properties":{"id":"bikerack:573f6874-4c28-41e4-925f-350aeba5da49","kind":"bikerack","longitude":20.1672667,"latitude":46.2435681,"name":"Biciklitároló","city":"Szeged","address":null,"covered":false,"access":null,"website":null,"phone":null,"source":"OpenStreetMap/node/12066636135","sourceUpdatedAt":"2026-04-04T22:50:04.678779+00:00","verifiedAt":null}},{"type":"Feature","geometry":{"type":"Point","coordinates":[20.1710124,46.266819]},"properties":{"id":"bikerack:57b20d59-c246-45c0-a711-d2f5a0205f76","kind":"bikerack","longitude":20.1710124,"latitude":46.266819,"name":"Lugas utca B+R kerékpártároló","city":"Szeged","address":null,"covered":true,"access":null,"website":null,"phone":null,"source":"OpenStreetMap/way/1263285048","sourceUpdatedAt":"2026-04-04T22:53:58.47023+00:00","verifiedAt":null}},{"type":"Feature","geometry":{"type":"Point","coordinates":[20.1403246,46.2733408]},"properties":{"id":"bikerack:587f7b3a-b5c4-49a0-a031-f64a68c91bf7","kind":"bikerack","longitude":20.1403246,"latitude":46.2733408,"name":"Újrókus kert kerékpártároló","city":"Szeged","address":null,"covered":false,"access":null,"website":null,"phone":null,"source":"OpenStreetMap/node/3380935128","sourceUpdatedAt":"2026-04-04T22:53:48.316371+00:00","verifiedAt":null}},{"type":"Feature","geometry":{"type":"Point","coordinates":[20.146241,46.254517]},"properties":{"id":"bikerack:58cd57c3-0c8f-4971-b2b2-53ebd4416968","kind":"bikerack","longitude":20.146241,"latitude":46.254517,"name":"Biciklitároló","city":"Szeged","address":null,"covered":true,"access":null,"website":null,"phone":null,"source":"OpenStreetMap/node/3654645131","sourceUpdatedAt":"2026-04-04T22:50:04.678779+00:00","verifiedAt":null}},{"type":"Feature","geometry":{"type":"Point","coordinates":[20.1586186,46.2568279]},"properties":{"id":"bikerack:5af17078-7942-4578-a981-194304af2cde","kind":"bikerack","longitude":20.1586186,"latitude":46.2568279,"name":"Biciklitároló","city":"Szeged","address":null,"covered":false,"access":null,"website":null,"phone":null,"source":"OpenStreetMap/node/10572518932","sourceUpdatedAt":"2026-04-04T22:50:04.678779+00:00","verifiedAt":null}},{"type":"Feature","geometry":{"type":"Point","coordinates":[20.1755321,46.2581603]},"properties":{"id":"bikerack:5c7ec5f2-88fa-4b2f-8f5c-7dd34a527b1a","kind":"bikerack","longitude":20.1755321,"latitude":46.2581603,"name":"Biciklitároló","city":"Szeged","address":null,"covered":false,"access":null,"website":null,"phone":null,"source":"OpenStreetMap/way/1151220505","sourceUpdatedAt":"2026-04-04T22:50:04.678779+00:00","verifiedAt":null}},{"type":"Feature","geometry":{"type":"Point","coordinates":[20.1462529,46.2768608]},"properties":{"id":"bikerack:5cbc48e7-b4a2-4d5b-b421-7260902d2355","kind":"bikerack","longitude":20.1462529,"latitude":46.2768608,"name":"Makkosház B+R kerékpártároló","city":"Szeged","address":null,"covered":true,"access":null,"website":null,"phone":null,"source":"OpenStreetMap/way/180807365","sourceUpdatedAt":"2026-04-04T22:53:56.739651+00:00","verifiedAt":null}},{"type":"Feature","geometry":{"type":"Point","coordinates":[20.149368,46.2512612]},"properties":{"id":"bikerack:5d0cc58c-dca3-4588-a781-2f711ccaff36","kind":"bikerack","longitude":20.149368,"latitude":46.2512612,"name":"Biciklitároló","city":"Szeged","address":null,"covered":false,"access":null,"website":null,"phone":null,"source":"OpenStreetMap/node/4909572943","sourceUpdatedAt":"2026-04-04T22:50:04.678779+00:00","verifiedAt":null}},{"type":"Feature","geometry":{"type":"Point","coordinates":[20.1359352,46.2460372]},"properties":{"id":"bikerack:5f189319-3854-4983-810b-4f96ec5e1db8","kind":"bikerack","longitude":20.1359352,"latitude":46.2460372,"name":"Biciklitároló","city":"Szeged","address":null,"covered":false,"access":null,"website":null,"phone":null,"source":"OpenStreetMap/node/12755413393","sourceUpdatedAt":"2026-04-04T22:50:04.678779+00:00","verifiedAt":null}},{"type":"Feature","geometry":{"type":"Point","coordinates":[20.1466865,46.2465569]},"properties":{"id":"bikerack:5fadd241-510f-4439-8ac8-d214d9b336e1","kind":"bikerack","longitude":20.1466865,"latitude":46.2465569,"name":"Biciklitároló","city":"Szeged","address":null,"covered":false,"access":null,"website":null,"phone":null,"source":"OpenStreetMap/node/5918869294","sourceUpdatedAt":"2026-04-04T22:50:04.678779+00:00","verifiedAt":null}},{"type":"Feature","geometry":{"type":"Point","coordinates":[20.1497531,46.2506482]},"properties":{"id":"bikerack:5feea108-fb85-44ef-a119-a7dfcff4b91e","kind":"bikerack","longitude":20.1497531,"latitude":46.2506482,"name":"Biciklitároló","city":"Szeged","address":null,"covered":false,"access":null,"website":null,"phone":null,"source":"OpenStreetMap/node/4909571104","sourceUpdatedAt":"2026-04-04T22:50:04.678779+00:00","verifiedAt":null}},{"type":"Feature","geometry":{"type":"Point","coordinates":[20.2368084,46.2181441]},"properties":{"id":"bikerack:5ffff1f8-6d75-4df5-8612-3339778cdc03","kind":"bikerack","longitude":20.2368084,"latitude":46.2181441,"name":"Biciklitároló","city":"Deszk","address":null,"covered":false,"access":null,"website":null,"phone":null,"source":"OpenStreetMap/node/13659329060","sourceUpdatedAt":"2026-04-04T22:50:04.678779+00:00","verifiedAt":null}},{"type":"Feature","geometry":{"type":"Point","coordinates":[20.1566663,46.2581477]},"properties":{"id":"bikerack:612a314d-1c33-4a52-97fa-76a8b2c2af9f","kind":"bikerack","longitude":20.1566663,"latitude":46.2581477,"name":"Biciklitároló","city":"Szeged","address":null,"covered":false,"access":null,"website":null,"phone":null,"source":"OpenStreetMap/node/11104227059","sourceUpdatedAt":"2026-04-04T22:50:04.678779+00:00","verifiedAt":null}},{"type":"Feature","geometry":{"type":"Point","coordinates":[20.1679512,46.2698235]},"properties":{"id":"bikerack:614e6f90-b87d-41c6-a97a-2536cd4e28d5","kind":"bikerack","longitude":20.1679512,"latitude":46.2698235,"name":"Biciklitároló","city":"Szeged","address":null,"covered":false,"access":null,"website":null,"phone":null,"source":"OpenStreetMap/node/13028464879","sourceUpdatedAt":"2026-04-04T22:50:04.678779+00:00","verifiedAt":null}},{"type":"Feature","geometry":{"type":"Point","coordinates":[20.1588982,46.2713035]},"properties":{"id":"bikerack:6191e463-e298-41bc-b902-a96cc04e187c","kind":"bikerack","longitude":20.1588982,"latitude":46.2713035,"name":"Biciklitároló","city":"Szeged","address":null,"covered":false,"access":null,"website":null,"phone":null,"source":"OpenStreetMap/node/10792595818","sourceUpdatedAt":"2026-04-04T22:50:04.678779+00:00","verifiedAt":null}},{"type":"Feature","geometry":{"type":"Point","coordinates":[20.1631857,46.2470953]},"properties":{"id":"bikerack:62171346-b0cf-4754-a871-1736a57791dd","kind":"bikerack","longitude":20.1631857,"latitude":46.2470953,"name":"Biciklitároló","city":"Szeged","address":null,"covered":false,"access":null,"website":null,"phone":null,"source":"OpenStreetMap/node/6502119408","sourceUpdatedAt":"2026-04-04T22:50:04.678779+00:00","verifiedAt":null}},{"type":"Feature","geometry":{"type":"Point","coordinates":[20.1195926,46.2435109]},"properties":{"id":"bikerack:627ac41f-1465-4668-adc5-e8a1e4d6346a","kind":"bikerack","longitude":20.1195926,"latitude":46.2435109,"name":"Biciklitároló","city":"Szeged","address":null,"covered":true,"access":null,"website":null,"phone":null,"source":"OpenStreetMap/node/10075729501","sourceUpdatedAt":"2026-04-04T22:50:04.678779+00:00","verifiedAt":null}},{"type":"Feature","geometry":{"type":"Point","coordinates":[20.1428232,46.2394203]},"properties":{"id":"bikerack:62b4bd96-25be-469b-bf71-775a87d4304c","kind":"bikerack","longitude":20.1428232,"latitude":46.2394203,"name":"Biciklitároló","city":"Szeged","address":null,"covered":false,"access":null,"website":null,"phone":null,"source":"OpenStreetMap/node/3654712008","sourceUpdatedAt":"2026-04-04T22:50:04.678779+00:00","verifiedAt":null}},{"type":"Feature","geometry":{"type":"Point","coordinates":[20.1566656,46.2464208]},"properties":{"id":"bikerack:62d0921d-fb03-4412-b032-24384891b617","kind":"bikerack","longitude":20.1566656,"latitude":46.2464208,"name":"Biciklitároló","city":"Szeged","address":null,"covered":false,"access":null,"website":null,"phone":null,"source":"OpenStreetMap/node/7124063899","sourceUpdatedAt":"2026-04-04T22:50:04.678779+00:00","verifiedAt":null}},{"type":"Feature","geometry":{"type":"Point","coordinates":[20.1505355,46.2525811]},"properties":{"id":"bikerack:62f67461-0cb9-4d3c-94f4-8b4c2a76e7e4","kind":"bikerack","longitude":20.1505355,"latitude":46.2525811,"name":"Biciklitároló","city":"Szeged","address":null,"covered":false,"access":null,"website":null,"phone":null,"source":"OpenStreetMap/node/3854547665","sourceUpdatedAt":"2026-04-04T22:50:04.678779+00:00","verifiedAt":null}},{"type":"Feature","geometry":{"type":"Point","coordinates":[20.1364215,46.261965]},"properties":{"id":"bikerack:62fc3711-00f7-4767-9027-1261cbee7873","kind":"bikerack","longitude":20.1364215,"latitude":46.261965,"name":"Biciklitároló","city":"Szeged","address":null,"covered":false,"access":null,"website":null,"phone":null,"source":"OpenStreetMap/node/4811166329","sourceUpdatedAt":"2026-04-04T22:50:04.678779+00:00","verifiedAt":null}},{"type":"Feature","geometry":{"type":"Point","coordinates":[20.1408111,46.2577104]},"properties":{"id":"bikerack:635f17ad-7d40-4ea3-ad82-eea50803f742","kind":"bikerack","longitude":20.1408111,"latitude":46.2577104,"name":"Biciklitároló","city":"Szeged","address":null,"covered":false,"access":null,"website":null,"phone":null,"source":"OpenStreetMap/node/7875082529","sourceUpdatedAt":"2026-04-04T22:50:04.678779+00:00","verifiedAt":null}},{"type":"Feature","geometry":{"type":"Point","coordinates":[20.1518876,46.2726315]},"properties":{"id":"bikerack:63cad584-6cf9-4b26-bbc4-802adead4ddb","kind":"bikerack","longitude":20.1518876,"latitude":46.2726315,"name":"Biciklitároló","city":"Szeged","address":null,"covered":false,"access":null,"website":null,"phone":null,"source":"OpenStreetMap/node/7395275377","sourceUpdatedAt":"2026-04-04T22:50:04.678779+00:00","verifiedAt":null}},{"type":"Feature","geometry":{"type":"Point","coordinates":[20.1029165,46.2745657]},"properties":{"id":"bikerack:64252925-1121-4a24-aa95-0df4c117a330","kind":"bikerack","longitude":20.1029165,"latitude":46.2745657,"name":"Biciklitároló","city":"Szeged","address":null,"covered":true,"access":null,"website":null,"phone":null,"source":"OpenStreetMap/node/4382020398","sourceUpdatedAt":"2026-04-04T22:50:04.678779+00:00","verifiedAt":null}},{"type":"Feature","geometry":{"type":"Point","coordinates":[20.1745267,46.2582159]},"properties":{"id":"bikerack:647287a7-1be7-457a-aecb-73a372dd06e8","kind":"bikerack","longitude":20.1745267,"latitude":46.2582159,"name":"Biciklitároló","city":"Szeged","address":null,"covered":true,"access":null,"website":null,"phone":null,"source":"OpenStreetMap/node/13439438563","sourceUpdatedAt":"2026-04-04T22:50:04.678779+00:00","verifiedAt":null}},{"type":"Feature","geometry":{"type":"Point","coordinates":[20.2080913,46.2638066]},"properties":{"id":"bikerack:653944d0-53c0-422c-8159-48e348471f62","kind":"bikerack","longitude":20.2080913,"latitude":46.2638066,"name":"Biciklitároló","city":"Deszk","address":null,"covered":false,"access":null,"website":null,"phone":null,"source":"OpenStreetMap/node/8702085424","sourceUpdatedAt":"2026-04-04T22:50:04.678779+00:00","verifiedAt":null}},{"type":"Feature","geometry":{"type":"Point","coordinates":[20.1360089,46.2406283]},"properties":{"id":"bikerack:65798283-c625-4836-bfaf-82e391f246d7","kind":"bikerack","longitude":20.1360089,"latitude":46.2406283,"name":"Biciklitároló","city":"Szeged","address":null,"covered":false,"access":null,"website":null,"phone":null,"source":"OpenStreetMap/node/4404092187","sourceUpdatedAt":"2026-04-04T22:50:04.678779+00:00","verifiedAt":null}},{"type":"Feature","geometry":{"type":"Point","coordinates":[20.145933,46.250685]},"properties":{"id":"bikerack:668db246-358d-46a1-8e21-cdb16ed90d12","kind":"bikerack","longitude":20.145933,"latitude":46.250685,"name":"Biciklitároló","city":"Szeged","address":null,"covered":false,"access":null,"website":null,"phone":null,"source":"OpenStreetMap/node/6096470789","sourceUpdatedAt":"2026-04-04T22:50:04.678779+00:00","verifiedAt":null}},{"type":"Feature","geometry":{"type":"Point","coordinates":[20.1601766,46.272863]},"properties":{"id":"bikerack:66f18d9c-63ac-434f-a3c6-049879ce5e1d","kind":"bikerack","longitude":20.1601766,"latitude":46.272863,"name":"Biciklitároló","city":"Szeged","address":null,"covered":false,"access":null,"website":null,"phone":null,"source":"OpenStreetMap/node/12356385214","sourceUpdatedAt":"2026-04-04T22:50:04.678779+00:00","verifiedAt":null}},{"type":"Feature","geometry":{"type":"Point","coordinates":[20.1385027,46.2572795]},"properties":{"id":"bikerack:67728e5a-0e55-40ac-9d7d-86781cd03654","kind":"bikerack","longitude":20.1385027,"latitude":46.2572795,"name":"Biciklitároló","city":"Szeged","address":null,"covered":false,"access":null,"website":null,"phone":null,"source":"OpenStreetMap/node/8485324738","sourceUpdatedAt":"2026-04-04T22:50:04.678779+00:00","verifiedAt":null}},{"type":"Feature","geometry":{"type":"Point","coordinates":[20.1520401,46.2512948]},"properties":{"id":"bikerack:67f340d4-ec4f-4823-8c26-9c124e89285c","kind":"bikerack","longitude":20.1520401,"latitude":46.2512948,"name":"Biciklitároló","city":"Szeged","address":null,"covered":true,"access":null,"website":null,"phone":null,"source":"OpenStreetMap/node/8629539596","sourceUpdatedAt":"2026-04-04T22:50:04.678779+00:00","verifiedAt":null}},{"type":"Feature","geometry":{"type":"Point","coordinates":[20.1436445,46.2530936]},"properties":{"id":"bikerack:6a55bfcc-e2e9-40ab-807a-81b68d946d7e","kind":"bikerack","longitude":20.1436445,"latitude":46.2530936,"name":"Biciklitároló","city":"Szeged","address":null,"covered":false,"access":null,"website":null,"phone":null,"source":"OpenStreetMap/node/3854547667","sourceUpdatedAt":"2026-04-04T22:50:04.678779+00:00","verifiedAt":null}},{"type":"Feature","geometry":{"type":"Point","coordinates":[20.167626,46.266948]},"properties":{"id":"bikerack:6a587ce0-17c4-45ba-ab24-0091d4cedd05","kind":"bikerack","longitude":20.167626,"latitude":46.266948,"name":"Biciklitároló","city":"Szeged","address":null,"covered":false,"access":null,"website":null,"phone":null,"source":"OpenStreetMap/node/11035330963","sourceUpdatedAt":"2026-04-04T22:50:04.678779+00:00","verifiedAt":null}},{"type":"Feature","geometry":{"type":"Point","coordinates":[20.144386,46.2750093]},"properties":{"id":"bikerack:6a5efacd-eaab-44a4-b362-65a0ff849a2c","kind":"bikerack","longitude":20.144386,"latitude":46.2750093,"name":"Biciklitároló","city":"Szeged","address":null,"covered":false,"access":null,"website":null,"phone":null,"source":"OpenStreetMap/node/11511283551","sourceUpdatedAt":"2026-04-04T22:50:04.678779+00:00","verifiedAt":null}},{"type":"Feature","geometry":{"type":"Point","coordinates":[20.1684248,46.2669273]},"properties":{"id":"bikerack:6a716802-08bc-46e6-8266-6a1ac297f66e","kind":"bikerack","longitude":20.1684248,"latitude":46.2669273,"name":"Biciklitároló","city":"Szeged","address":null,"covered":false,"access":null,"website":null,"phone":null,"source":"OpenStreetMap/node/8041710147","sourceUpdatedAt":"2026-04-04T22:50:04.678779+00:00","verifiedAt":null}},{"type":"Feature","geometry":{"type":"Point","coordinates":[20.1448508,46.2489867]},"properties":{"id":"bikerack:6aad2d21-a234-4220-b52f-3632bb0c189d","kind":"bikerack","longitude":20.1448508,"latitude":46.2489867,"name":"Biciklitároló","city":"Szeged","address":null,"covered":false,"access":null,"website":null,"phone":null,"source":"OpenStreetMap/node/6120047356","sourceUpdatedAt":"2026-04-04T22:50:04.678779+00:00","verifiedAt":null}},{"type":"Feature","geometry":{"type":"Point","coordinates":[20.1462146,46.2476211]},"properties":{"id":"bikerack:6b61cc7c-dd12-42e1-aef5-4e1c222d172d","kind":"bikerack","longitude":20.1462146,"latitude":46.2476211,"name":"Biciklitároló","city":"Szeged","address":null,"covered":false,"access":null,"website":null,"phone":null,"source":"OpenStreetMap/node/6184594655","sourceUpdatedAt":"2026-04-04T22:50:04.678779+00:00","verifiedAt":null}},{"type":"Feature","geometry":{"type":"Point","coordinates":[20.1435446,46.2509333]},"properties":{"id":"bikerack:6bc0bd2e-15e1-415c-91c1-b40fb221dd08","kind":"bikerack","longitude":20.1435446,"latitude":46.2509333,"name":"Biciklitároló","city":"Szeged","address":null,"covered":false,"access":null,"website":null,"phone":null,"source":"OpenStreetMap/node/12173702160","sourceUpdatedAt":"2026-04-04T22:50:04.678779+00:00","verifiedAt":null}},{"type":"Feature","geometry":{"type":"Point","coordinates":[20.147418,46.250225]},"properties":{"id":"bikerack:6cdb95f5-5172-439c-9118-5baa3ed360a1","kind":"bikerack","longitude":20.147418,"latitude":46.250225,"name":"Biciklitároló","city":"Szeged","address":null,"covered":false,"access":null,"website":null,"phone":null,"source":"OpenStreetMap/node/6096470785","sourceUpdatedAt":"2026-04-04T22:50:04.678779+00:00","verifiedAt":null}},{"type":"Feature","geometry":{"type":"Point","coordinates":[20.1260677,46.2662335]},"properties":{"id":"bikerack:6e4acbf3-66d1-4ad2-9672-2179f377bc50","kind":"bikerack","longitude":20.1260677,"latitude":46.2662335,"name":"Biciklitároló","city":"Szeged","address":null,"covered":true,"access":null,"website":null,"phone":null,"source":"OpenStreetMap/node/6368875865","sourceUpdatedAt":"2026-04-04T22:50:04.678779+00:00","verifiedAt":null}},{"type":"Feature","geometry":{"type":"Point","coordinates":[20.1474915,46.2456076]},"properties":{"id":"bikerack:6f8a5ea0-41fb-4db1-bb63-5de54c441720","kind":"bikerack","longitude":20.1474915,"latitude":46.2456076,"name":"Biciklitároló","city":"Szeged","address":null,"covered":false,"access":null,"website":null,"phone":null,"source":"OpenStreetMap/node/5943232442","sourceUpdatedAt":"2026-04-04T22:50:04.678779+00:00","verifiedAt":null}},{"type":"Feature","geometry":{"type":"Point","coordinates":[20.1961739,46.2134177]},"properties":{"id":"bikerack:6fc613f0-0ddd-439b-9317-0f82ccccb25a","kind":"bikerack","longitude":20.1961739,"latitude":46.2134177,"name":"Biciklitároló","city":"Deszk","address":null,"covered":false,"access":null,"website":null,"phone":null,"source":"OpenStreetMap/node/12843891262","sourceUpdatedAt":"2026-04-04T22:50:04.678779+00:00","verifiedAt":null}},{"type":"Feature","geometry":{"type":"Point","coordinates":[20.1448985,46.2568863]},"properties":{"id":"bikerack:6fd410a9-4b2a-4c23-962c-484f7ab6ed75","kind":"bikerack","longitude":20.1448985,"latitude":46.2568863,"name":"Biciklitároló","city":"Szeged","address":null,"covered":true,"access":null,"website":null,"phone":null,"source":"OpenStreetMap/node/5916967943","sourceUpdatedAt":"2026-04-04T22:50:04.678779+00:00","verifiedAt":null}},{"type":"Feature","geometry":{"type":"Point","coordinates":[20.1294415,46.2361026]},"properties":{"id":"bikerack:700d8011-5f6d-4570-b17c-84712b88ae95","kind":"bikerack","longitude":20.1294415,"latitude":46.2361026,"name":"Biciklitároló","city":"Szeged","address":null,"covered":false,"access":null,"website":null,"phone":null,"source":"OpenStreetMap/node/4396155293","sourceUpdatedAt":"2026-04-04T22:50:04.678779+00:00","verifiedAt":null}},{"type":"Feature","geometry":{"type":"Point","coordinates":[20.1287894,46.2617006]},"properties":{"id":"bikerack:700e6737-219d-43c9-ab29-cd6c946b3064","kind":"bikerack","longitude":20.1287894,"latitude":46.2617006,"name":"Biciklitároló","city":"Szeged","address":null,"covered":false,"access":null,"website":null,"phone":null,"source":"OpenStreetMap/node/11953401722","sourceUpdatedAt":"2026-04-04T22:50:04.678779+00:00","verifiedAt":null}},{"type":"Feature","geometry":{"type":"Point","coordinates":[20.1583978,46.2440301]},"properties":{"id":"bikerack:7015cf57-5063-4b31-8f50-183d1d3f9e4f","kind":"bikerack","longitude":20.1583978,"latitude":46.2440301,"name":"Biciklitároló","city":"Szeged","address":null,"covered":false,"access":null,"website":null,"phone":null,"source":"OpenStreetMap/node/4781392005","sourceUpdatedAt":"2026-04-04T22:50:04.678779+00:00","verifiedAt":null}},{"type":"Feature","geometry":{"type":"Point","coordinates":[20.1650432,46.2631807]},"properties":{"id":"bikerack:705f5bc9-2830-48c0-ab48-319359561ab9","kind":"bikerack","longitude":20.1650432,"latitude":46.2631807,"name":"Biciklitároló","city":"Szeged","address":null,"covered":false,"access":null,"website":null,"phone":null,"source":"OpenStreetMap/node/6576540635","sourceUpdatedAt":"2026-04-04T22:50:04.678779+00:00","verifiedAt":null}},{"type":"Feature","geometry":{"type":"Point","coordinates":[20.1497921,46.2581478]},"properties":{"id":"bikerack:70764700-c34a-4b2a-828c-d050eebbec05","kind":"bikerack","longitude":20.1497921,"latitude":46.2581478,"name":"Biciklitároló","city":"Szeged","address":null,"covered":false,"access":null,"website":null,"phone":null,"source":"OpenStreetMap/node/13659329173","sourceUpdatedAt":"2026-04-04T22:50:04.678779+00:00","verifiedAt":null}},{"type":"Feature","geometry":{"type":"Point","coordinates":[20.1436742,46.2516972]},"properties":{"id":"bikerack:70aa0ef4-4988-48a7-9402-eaa5d0e04e39","kind":"bikerack","longitude":20.1436742,"latitude":46.2516972,"name":"Biciklitároló","city":"Szeged","address":null,"covered":false,"access":null,"website":null,"phone":null,"source":"OpenStreetMap/node/13034110525","sourceUpdatedAt":"2026-04-04T22:50:04.678779+00:00","verifiedAt":null}},{"type":"Feature","geometry":{"type":"Point","coordinates":[20.1633126,46.2706055]},"properties":{"id":"bikerack:727cfd23-88cf-49a6-8dff-539cb2d41f2c","kind":"bikerack","longitude":20.1633126,"latitude":46.2706055,"name":"Biciklitároló","city":"Szeged","address":null,"covered":false,"access":null,"website":null,"phone":null,"source":"OpenStreetMap/node/11078357305","sourceUpdatedAt":"2026-04-04T22:50:04.678779+00:00","verifiedAt":null}},{"type":"Feature","geometry":{"type":"Point","coordinates":[20.138658,46.2357754]},"properties":{"id":"bikerack:72873aef-73d9-4c3d-acf0-85080754fffa","kind":"bikerack","longitude":20.138658,"latitude":46.2357754,"name":"Biciklitároló","city":"Szeged","address":null,"covered":true,"access":null,"website":null,"phone":null,"source":"OpenStreetMap/node/1326024412","sourceUpdatedAt":"2026-04-04T22:50:04.678779+00:00","verifiedAt":null}},{"type":"Feature","geometry":{"type":"Point","coordinates":[20.1464387,46.2492019]},"properties":{"id":"bikerack:72f35194-559f-4dcf-b6bf-2548e0a3a39b","kind":"bikerack","longitude":20.1464387,"latitude":46.2492019,"name":"Biciklitároló","city":"Szeged","address":null,"covered":false,"access":null,"website":null,"phone":null,"source":"OpenStreetMap/node/6533563998","sourceUpdatedAt":"2026-04-04T22:50:04.678779+00:00","verifiedAt":null}},{"type":"Feature","geometry":{"type":"Point","coordinates":[20.1680064,46.2665564]},"properties":{"id":"bikerack:72f395ea-424f-4192-9d17-2a9bb7ffe3c2","kind":"bikerack","longitude":20.1680064,"latitude":46.2665564,"name":"Biciklitároló","city":"Szeged","address":null,"covered":false,"access":null,"website":null,"phone":null,"source":"OpenStreetMap/node/11684038703","sourceUpdatedAt":"2026-04-04T22:50:04.678779+00:00","verifiedAt":null}},{"type":"Feature","geometry":{"type":"Point","coordinates":[20.141319,46.2592666]},"properties":{"id":"bikerack:72f9e329-f50a-4a87-8a33-4b10964bd1e7","kind":"bikerack","longitude":20.141319,"latitude":46.2592666,"name":"Biciklitároló","city":"Szeged","address":null,"covered":false,"access":null,"website":null,"phone":null,"source":"OpenStreetMap/node/6900028253","sourceUpdatedAt":"2026-04-04T22:50:04.678779+00:00","verifiedAt":null}},{"type":"Feature","geometry":{"type":"Point","coordinates":[20.1739749,46.1837633]},"properties":{"id":"bikerack:73d58a32-788c-478b-a57a-0f0e8ac79bbc","kind":"bikerack","longitude":20.1739749,"latitude":46.1837633,"name":"Biciklitároló","city":"Szeged","address":null,"covered":false,"access":null,"website":null,"phone":null,"source":"OpenStreetMap/node/12851562607","sourceUpdatedAt":"2026-04-04T22:50:04.678779+00:00","verifiedAt":null}},{"type":"Feature","geometry":{"type":"Point","coordinates":[20.1433815,46.2553432]},"properties":{"id":"bikerack:7430e254-bc5b-4fa7-bbb5-de33b8f712dd","kind":"bikerack","longitude":20.1433815,"latitude":46.2553432,"name":"Biciklitároló","city":"Szeged","address":null,"covered":false,"access":null,"website":null,"phone":null,"source":"OpenStreetMap/node/11196051141","sourceUpdatedAt":"2026-04-04T22:50:04.678779+00:00","verifiedAt":null}},{"type":"Feature","geometry":{"type":"Point","coordinates":[20.1397146,46.2582731]},"properties":{"id":"bikerack:7482523e-4548-4ae4-afa4-91a12e245ba8","kind":"bikerack","longitude":20.1397146,"latitude":46.2582731,"name":"Biciklitároló","city":"Szeged","address":null,"covered":false,"access":null,"website":null,"phone":null,"source":"OpenStreetMap/node/1262894223","sourceUpdatedAt":"2026-04-04T22:50:04.678779+00:00","verifiedAt":null}},{"type":"Feature","geometry":{"type":"Point","coordinates":[20.1454928,46.251862]},"properties":{"id":"bikerack:7556a3c1-8782-4652-bedc-29ae93fac5b2","kind":"bikerack","longitude":20.1454928,"latitude":46.251862,"name":"Biciklitároló","city":"Szeged","address":null,"covered":false,"access":null,"website":null,"phone":null,"source":"OpenStreetMap/node/1260080194","sourceUpdatedAt":"2026-04-04T22:50:04.678779+00:00","verifiedAt":null}},{"type":"Feature","geometry":{"type":"Point","coordinates":[20.1617377,46.2496827]},"properties":{"id":"bikerack:77829ffd-bb9f-407f-9414-fad2f7882c94","kind":"bikerack","longitude":20.1617377,"latitude":46.2496827,"name":"Biciklitároló","city":"Szeged","address":null,"covered":false,"access":null,"website":null,"phone":null,"source":"OpenStreetMap/node/11994901659","sourceUpdatedAt":"2026-04-04T22:50:04.678779+00:00","verifiedAt":null}},{"type":"Feature","geometry":{"type":"Point","coordinates":[20.0634451,46.2745935]},"properties":{"id":"bikerack:77bc2efe-02cc-4195-958f-4eba255ac243","kind":"bikerack","longitude":20.0634451,"latitude":46.2745935,"name":"Biciklitároló","city":"Domaszek","address":null,"covered":false,"access":null,"website":null,"phone":null,"source":"OpenStreetMap/node/8701722668","sourceUpdatedAt":"2026-04-04T22:50:04.678779+00:00","verifiedAt":null}},{"type":"Feature","geometry":{"type":"Point","coordinates":[20.1295119,46.2658848]},"properties":{"id":"bikerack:77be00c7-b675-4d60-8ebc-f2167bca9c69","kind":"bikerack","longitude":20.1295119,"latitude":46.2658848,"name":"Biciklitároló","city":"Szeged","address":null,"covered":false,"access":null,"website":null,"phone":null,"source":"OpenStreetMap/node/1260063579","sourceUpdatedAt":"2026-04-04T22:50:04.678779+00:00","verifiedAt":null}},{"type":"Feature","geometry":{"type":"Point","coordinates":[20.1273156,46.2666532]},"properties":{"id":"bikerack:77c4e12f-6134-4d0c-81dc-1f1d69f9bd66","kind":"bikerack","longitude":20.1273156,"latitude":46.2666532,"name":"Biciklitároló","city":"Szeged","address":null,"covered":true,"access":null,"website":null,"phone":null,"source":"OpenStreetMap/node/11893189692","sourceUpdatedAt":"2026-04-04T22:50:04.678779+00:00","verifiedAt":null}},{"type":"Feature","geometry":{"type":"Point","coordinates":[20.1564229,46.2590991]},"properties":{"id":"bikerack:77f4a1aa-7f8b-4a0a-a989-2d04439b9f15","kind":"bikerack","longitude":20.1564229,"latitude":46.2590991,"name":"Biciklitároló","city":"Szeged","address":null,"covered":false,"access":null,"website":null,"phone":null,"source":"OpenStreetMap/node/3654694428","sourceUpdatedAt":"2026-04-04T22:50:04.678779+00:00","verifiedAt":null}},{"type":"Feature","geometry":{"type":"Point","coordinates":[20.2299604,46.2159921]},"properties":{"id":"bikerack:7898ccad-2547-4b62-b0b8-3d58a90ca068","kind":"bikerack","longitude":20.2299604,"latitude":46.2159921,"name":"Biciklitároló","city":"Deszk","address":null,"covered":false,"access":null,"website":null,"phone":null,"source":"OpenStreetMap/node/8464478793","sourceUpdatedAt":"2026-04-04T22:50:04.678779+00:00","verifiedAt":null}},{"type":"Feature","geometry":{"type":"Point","coordinates":[20.1531745,46.2757092]},"properties":{"id":"bikerack:79418353-0375-48ba-b6ef-f2699ca6ba39","kind":"bikerack","longitude":20.1531745,"latitude":46.2757092,"name":"Biciklitároló","city":"Szeged","address":null,"covered":false,"access":null,"website":null,"phone":null,"source":"OpenStreetMap/node/3501559813","sourceUpdatedAt":"2026-04-04T22:50:04.678779+00:00","verifiedAt":null}},{"type":"Feature","geometry":{"type":"Point","coordinates":[20.151789,46.2522887]},"properties":{"id":"bikerack:7a1d52ac-1342-433a-a098-569e12e9694b","kind":"bikerack","longitude":20.151789,"latitude":46.2522887,"name":"Biciklitároló","city":"Szeged","address":null,"covered":false,"access":null,"website":null,"phone":null,"source":"OpenStreetMap/node/8465648528","sourceUpdatedAt":"2026-04-04T22:50:04.678779+00:00","verifiedAt":null}},{"type":"Feature","geometry":{"type":"Point","coordinates":[20.1534668,46.2694031]},"properties":{"id":"bikerack:7b432a9e-9237-4594-8698-109b6199648b","kind":"bikerack","longitude":20.1534668,"latitude":46.2694031,"name":"Biciklitároló","city":"Szeged","address":null,"covered":false,"access":null,"website":null,"phone":null,"source":"OpenStreetMap/node/8557009274","sourceUpdatedAt":"2026-04-04T22:50:04.678779+00:00","verifiedAt":null}},{"type":"Feature","geometry":{"type":"Point","coordinates":[20.1606765,46.2733337]},"properties":{"id":"bikerack:7bc62ee0-baa2-429b-b5b8-bb7524af35c2","kind":"bikerack","longitude":20.1606765,"latitude":46.2733337,"name":"Biciklitároló","city":"Szeged","address":null,"covered":false,"access":null,"website":null,"phone":null,"source":"OpenStreetMap/node/6863456428","sourceUpdatedAt":"2026-04-04T22:50:04.678779+00:00","verifiedAt":null}},{"type":"Feature","geometry":{"type":"Point","coordinates":[20.1449253,46.2716623]},"properties":{"id":"bikerack:7d44c786-75d6-45c4-b7e2-35c3591eac91","kind":"bikerack","longitude":20.1449253,"latitude":46.2716623,"name":"Biciklitároló","city":"Szeged","address":null,"covered":true,"access":null,"website":null,"phone":null,"source":"OpenStreetMap/node/10254030460","sourceUpdatedAt":"2026-04-04T22:50:04.678779+00:00","verifiedAt":null}},{"type":"Feature","geometry":{"type":"Point","coordinates":[20.1166099,46.2538235]},"properties":{"id":"bikerack:7ebccaa7-7b79-4114-a582-1ae919290460","kind":"bikerack","longitude":20.1166099,"latitude":46.2538235,"name":"Biciklitároló","city":"Szeged","address":null,"covered":false,"access":null,"website":null,"phone":null,"source":"OpenStreetMap/node/8795193303","sourceUpdatedAt":"2026-04-04T22:50:04.678779+00:00","verifiedAt":null}},{"type":"Feature","geometry":{"type":"Point","coordinates":[20.1598095,46.2511963]},"properties":{"id":"bikerack:7fd16fc4-c5e8-47bb-a499-87c6fa27aaa8","kind":"bikerack","longitude":20.1598095,"latitude":46.2511963,"name":"Biciklitároló","city":"Szeged","address":null,"covered":false,"access":null,"website":null,"phone":null,"source":"OpenStreetMap/node/6550007116","sourceUpdatedAt":"2026-04-04T22:50:04.678779+00:00","verifiedAt":null}},{"type":"Feature","geometry":{"type":"Point","coordinates":[20.138518,46.2524961]},"properties":{"id":"bikerack:7fdb1d14-52d5-4588-851b-8ef2f3ab45c0","kind":"bikerack","longitude":20.138518,"latitude":46.2524961,"name":"Biciklitároló","city":"Szeged","address":null,"covered":false,"access":null,"website":null,"phone":null,"source":"OpenStreetMap/node/11343767950","sourceUpdatedAt":"2026-04-04T22:50:04.678779+00:00","verifiedAt":null}},{"type":"Feature","geometry":{"type":"Point","coordinates":[20.353632,46.3064518]},"properties":{"id":"bikerack:7fddcc54-4644-49eb-82c3-31a6dcc978ac","kind":"bikerack","longitude":20.353632,"latitude":46.3064518,"name":"Biciklitároló","city":"Maroslele","address":null,"covered":true,"access":null,"website":null,"phone":null,"source":"OpenStreetMap/node/8479874130","sourceUpdatedAt":"2026-04-04T22:50:04.678779+00:00","verifiedAt":null}},{"type":"Feature","geometry":{"type":"Point","coordinates":[20.1416301,46.2538512]},"properties":{"id":"bikerack:8075187e-87be-46a4-853c-5389a7b77d58","kind":"bikerack","longitude":20.1416301,"latitude":46.2538512,"name":"Biciklitároló","city":"Szeged","address":null,"covered":false,"access":null,"website":null,"phone":null,"source":"OpenStreetMap/node/3854547671","sourceUpdatedAt":"2026-04-04T22:50:04.678779+00:00","verifiedAt":null}},{"type":"Feature","geometry":{"type":"Point","coordinates":[20.236292,46.2178722]},"properties":{"id":"bikerack:821d4bc3-f449-44f5-82e1-9e1c780941d3","kind":"bikerack","longitude":20.236292,"latitude":46.2178722,"name":"Biciklitároló","city":"Deszk","address":null,"covered":true,"access":null,"website":null,"phone":null,"source":"OpenStreetMap/node/13659329075","sourceUpdatedAt":"2026-04-04T22:50:04.678779+00:00","verifiedAt":null}},{"type":"Feature","geometry":{"type":"Point","coordinates":[20.1737081,46.1836087]},"properties":{"id":"bikerack:83156a5d-bfe4-46a0-a91f-ce17c291de81","kind":"bikerack","longitude":20.1737081,"latitude":46.1836087,"name":"Biciklitároló","city":"Szeged","address":null,"covered":false,"access":null,"website":null,"phone":null,"source":"OpenStreetMap/node/9253823026","sourceUpdatedAt":"2026-04-04T22:50:04.678779+00:00","verifiedAt":null}},{"type":"Feature","geometry":{"type":"Point","coordinates":[20.146267,46.2440907]},"properties":{"id":"bikerack:831c6f4f-81ef-4b11-bb42-b4ecd33609da","kind":"bikerack","longitude":20.146267,"latitude":46.2440907,"name":"Biciklitároló","city":"Szeged","address":null,"covered":false,"access":null,"website":null,"phone":null,"source":"OpenStreetMap/node/10314874594","sourceUpdatedAt":"2026-04-04T22:50:04.678779+00:00","verifiedAt":null}},{"type":"Feature","geometry":{"type":"Point","coordinates":[20.1537806,46.2703014]},"properties":{"id":"bikerack:831e7413-018c-4c99-bb36-2686d25a97c0","kind":"bikerack","longitude":20.1537806,"latitude":46.2703014,"name":"Biciklitároló","city":"Szeged","address":null,"covered":false,"access":null,"website":null,"phone":null,"source":"OpenStreetMap/node/8557009261","sourceUpdatedAt":"2026-04-04T22:50:04.678779+00:00","verifiedAt":null}},{"type":"Feature","geometry":{"type":"Point","coordinates":[20.1718059,46.2584639]},"properties":{"id":"bikerack:83c41d5e-b41c-4f65-8a44-61ada0e9d224","kind":"bikerack","longitude":20.1718059,"latitude":46.2584639,"name":"Etelka sori B+R kerékpártároló","city":"Szeged","address":null,"covered":true,"access":null,"website":null,"phone":null,"source":"OpenStreetMap/node/1918762738","sourceUpdatedAt":"2026-04-04T22:53:49.278121+00:00","verifiedAt":null}},{"type":"Feature","geometry":{"type":"Point","coordinates":[20.1601494,46.2728498]},"properties":{"id":"bikerack:83fa42a1-8984-4248-931f-c77c49d688a8","kind":"bikerack","longitude":20.1601494,"latitude":46.2728498,"name":"Biciklitároló","city":"Szeged","address":null,"covered":false,"access":null,"website":null,"phone":null,"source":"OpenStreetMap/node/12356385217","sourceUpdatedAt":"2026-04-04T22:50:04.678779+00:00","verifiedAt":null}},{"type":"Feature","geometry":{"type":"Point","coordinates":[20.1574431,46.2735376]},"properties":{"id":"bikerack:845d6994-e69a-431d-9a90-b8fa5371634f","kind":"bikerack","longitude":20.1574431,"latitude":46.2735376,"name":"Biciklitároló","city":"Szeged","address":null,"covered":false,"access":null,"website":null,"phone":null,"source":"OpenStreetMap/node/9950700270","sourceUpdatedAt":"2026-04-04T22:50:04.678779+00:00","verifiedAt":null}},{"type":"Feature","geometry":{"type":"Point","coordinates":[20.148775,46.2545836]},"properties":{"id":"bikerack:84af8423-f385-444b-aa52-20a21d3ee18a","kind":"bikerack","longitude":20.148775,"latitude":46.2545836,"name":"Biciklitároló","city":"Szeged","address":null,"covered":false,"access":null,"website":null,"phone":null,"source":"OpenStreetMap/node/1265213624","sourceUpdatedAt":"2026-04-04T22:50:04.678779+00:00","verifiedAt":null}},{"type":"Feature","geometry":{"type":"Point","coordinates":[20.1434324,46.2405623]},"properties":{"id":"bikerack:859606d8-3a1f-45d5-8d58-cd3c17dc134e","kind":"bikerack","longitude":20.1434324,"latitude":46.2405623,"name":"Biciklitároló","city":"Szeged","address":null,"covered":false,"access":null,"website":null,"phone":null,"source":"OpenStreetMap/node/4737626621","sourceUpdatedAt":"2026-04-04T22:50:04.678779+00:00","verifiedAt":null}},{"type":"Feature","geometry":{"type":"Point","coordinates":[20.1223596,46.2691976]},"properties":{"id":"bikerack:85a9e5a0-fe09-442c-8b6a-489bb8b33040","kind":"bikerack","longitude":20.1223596,"latitude":46.2691976,"name":"Biciklitároló","city":"Szeged","address":null,"covered":false,"access":null,"website":null,"phone":null,"source":"OpenStreetMap/way/485957276","sourceUpdatedAt":"2026-04-04T22:50:04.678779+00:00","verifiedAt":null}},{"type":"Feature","geometry":{"type":"Point","coordinates":[20.1559991,46.2721159]},"properties":{"id":"bikerack:8703dd60-7e60-4a0c-ac74-82bcd96f7098","kind":"bikerack","longitude":20.1559991,"latitude":46.2721159,"name":"Biciklitároló","city":"Szeged","address":null,"covered":false,"access":null,"website":null,"phone":null,"source":"OpenStreetMap/node/11691879809","sourceUpdatedAt":"2026-04-04T22:50:04.678779+00:00","verifiedAt":null}},{"type":"Feature","geometry":{"type":"Point","coordinates":[20.1740018,46.2452468]},"properties":{"id":"bikerack:87600a2c-acb7-453f-a021-72ab0465f3da","kind":"bikerack","longitude":20.1740018,"latitude":46.2452468,"name":"Biciklitároló","city":"Szeged","address":null,"covered":false,"access":null,"website":null,"phone":null,"source":"OpenStreetMap/node/6899835166","sourceUpdatedAt":"2026-04-04T22:50:04.678779+00:00","verifiedAt":null}},{"type":"Feature","geometry":{"type":"Point","coordinates":[20.145693,46.2458024]},"properties":{"id":"bikerack:87f9069b-2592-4388-98ca-cd477c234ba0","kind":"bikerack","longitude":20.145693,"latitude":46.2458024,"name":"Biciklitároló","city":"Szeged","address":null,"covered":false,"access":null,"website":null,"phone":null,"source":"OpenStreetMap/node/5943314557","sourceUpdatedAt":"2026-04-04T22:50:04.678779+00:00","verifiedAt":null}},{"type":"Feature","geometry":{"type":"Point","coordinates":[20.1405374,46.2561432]},"properties":{"id":"bikerack:880cedaf-63d8-4fa7-aec6-cfc8d560773d","kind":"bikerack","longitude":20.1405374,"latitude":46.2561432,"name":"Biciklitároló","city":"Szeged","address":null,"covered":false,"access":null,"website":null,"phone":null,"source":"OpenStreetMap/node/7863726593","sourceUpdatedAt":"2026-04-04T22:50:04.678779+00:00","verifiedAt":null}},{"type":"Feature","geometry":{"type":"Point","coordinates":[20.0804349,46.2198734]},"properties":{"id":"bikerack:880d2c1b-afe1-4693-aaa7-363e90caa155","kind":"bikerack","longitude":20.0804349,"latitude":46.2198734,"name":"Biciklitároló","city":"Roszke","address":null,"covered":false,"access":null,"website":null,"phone":null,"source":"OpenStreetMap/node/8704146186","sourceUpdatedAt":"2026-04-04T22:50:04.678779+00:00","verifiedAt":null}},{"type":"Feature","geometry":{"type":"Point","coordinates":[20.1476829,46.2471938]},"properties":{"id":"bikerack:8885a28a-5647-42b4-82c2-0dd96d6ee61b","kind":"bikerack","longitude":20.1476829,"latitude":46.2471938,"name":"Biciklitároló","city":"Szeged","address":null,"covered":false,"access":null,"website":null,"phone":null,"source":"OpenStreetMap/node/4789054070","sourceUpdatedAt":"2026-04-04T22:50:04.678779+00:00","verifiedAt":null}},{"type":"Feature","geometry":{"type":"Point","coordinates":[20.1487726,46.2525637]},"properties":{"id":"bikerack:88b5faf4-12a7-44c3-a266-4bfe4eec2c89","kind":"bikerack","longitude":20.1487726,"latitude":46.2525637,"name":"Biciklitároló","city":"Szeged","address":null,"covered":false,"access":null,"website":null,"phone":null,"source":"OpenStreetMap/way/676878144","sourceUpdatedAt":"2026-04-04T22:50:04.678779+00:00","verifiedAt":null}},{"type":"Feature","geometry":{"type":"Point","coordinates":[20.1187177,46.243868]},"properties":{"id":"bikerack:896968bc-6fac-4cbf-b10f-7ed5d544e09e","kind":"bikerack","longitude":20.1187177,"latitude":46.243868,"name":"Biciklitároló","city":"Szeged","address":null,"covered":false,"access":null,"website":null,"phone":null,"source":"OpenStreetMap/node/10713217539","sourceUpdatedAt":"2026-04-04T22:50:04.678779+00:00","verifiedAt":null}},{"type":"Feature","geometry":{"type":"Point","coordinates":[20.1579159,46.261987]},"properties":{"id":"bikerack:8af65be0-cb79-454a-8d0e-8729c79dafcf","kind":"bikerack","longitude":20.1579159,"latitude":46.261987,"name":"Biciklitároló","city":"Szeged","address":null,"covered":false,"access":null,"website":null,"phone":null,"source":"OpenStreetMap/node/6787947366","sourceUpdatedAt":"2026-04-04T22:50:04.678779+00:00","verifiedAt":null}},{"type":"Feature","geometry":{"type":"Point","coordinates":[20.1431316,46.2550289]},"properties":{"id":"bikerack:8c657749-f700-44a6-bcce-c1674675d72c","kind":"bikerack","longitude":20.1431316,"latitude":46.2550289,"name":"Biciklitároló","city":"Szeged","address":null,"covered":false,"access":null,"website":null,"phone":null,"source":"OpenStreetMap/node/11196051140","sourceUpdatedAt":"2026-04-04T22:50:04.678779+00:00","verifiedAt":null}},{"type":"Feature","geometry":{"type":"Point","coordinates":[20.1465239,46.2483647]},"properties":{"id":"bikerack:8c92167f-1e0a-4ac9-b42a-217b53e49493","kind":"bikerack","longitude":20.1465239,"latitude":46.2483647,"name":"Biciklitároló","city":"Szeged","address":null,"covered":false,"access":null,"website":null,"phone":null,"source":"OpenStreetMap/node/1262863196","sourceUpdatedAt":"2026-04-04T22:50:04.678779+00:00","verifiedAt":null}},{"type":"Feature","geometry":{"type":"Point","coordinates":[20.1526202,46.2553321]},"properties":{"id":"bikerack:8cd77054-cd38-4e01-969e-f3f7d43ffd17","kind":"bikerack","longitude":20.1526202,"latitude":46.2553321,"name":"Biciklitároló","city":"Szeged","address":null,"covered":false,"access":null,"website":null,"phone":null,"source":"OpenStreetMap/node/1274088338","sourceUpdatedAt":"2026-04-04T22:50:04.678779+00:00","verifiedAt":null}},{"type":"Feature","geometry":{"type":"Point","coordinates":[20.1349592,46.2408508]},"properties":{"id":"bikerack:8e3e16b2-72f8-4efe-8c86-aa3557bb8cba","kind":"bikerack","longitude":20.1349592,"latitude":46.2408508,"name":"Biciklitároló","city":"Szeged","address":null,"covered":false,"access":null,"website":null,"phone":null,"source":"OpenStreetMap/node/6311437739","sourceUpdatedAt":"2026-04-04T22:50:04.678779+00:00","verifiedAt":null}},{"type":"Feature","geometry":{"type":"Point","coordinates":[20.1452809,46.2527194]},"properties":{"id":"bikerack:8e8acd16-774a-4f5e-8423-450a3d22ae8c","kind":"bikerack","longitude":20.1452809,"latitude":46.2527194,"name":"Biciklitároló","city":"Szeged","address":null,"covered":false,"access":null,"website":null,"phone":null,"source":"OpenStreetMap/node/3654649974","sourceUpdatedAt":"2026-04-04T22:50:04.678779+00:00","verifiedAt":null}},{"type":"Feature","geometry":{"type":"Point","coordinates":[20.160589,46.2726204]},"properties":{"id":"bikerack:915413ce-ee00-404f-9f9a-468ec93b6cff","kind":"bikerack","longitude":20.160589,"latitude":46.2726204,"name":"Biciklitároló","city":"Szeged","address":null,"covered":false,"access":null,"website":null,"phone":null,"source":"OpenStreetMap/node/5615013620","sourceUpdatedAt":"2026-04-04T22:50:04.678779+00:00","verifiedAt":null}},{"type":"Feature","geometry":{"type":"Point","coordinates":[20.1473839,46.2473804]},"properties":{"id":"bikerack:91aa1426-cbe9-4821-9bdc-433986bf43c5","kind":"bikerack","longitude":20.1473839,"latitude":46.2473804,"name":"Biciklitároló","city":"Szeged","address":null,"covered":false,"access":null,"website":null,"phone":null,"source":"OpenStreetMap/node/5913767039","sourceUpdatedAt":"2026-04-04T22:50:04.678779+00:00","verifiedAt":null}},{"type":"Feature","geometry":{"type":"Point","coordinates":[20.236351,46.2178889]},"properties":{"id":"bikerack:91ba664f-3cc9-4fe6-8b12-b53ddccfa800","kind":"bikerack","longitude":20.236351,"latitude":46.2178889,"name":"Biciklitároló","city":"Deszk","address":null,"covered":false,"access":null,"website":null,"phone":null,"source":"OpenStreetMap/node/13659329076","sourceUpdatedAt":"2026-04-04T22:50:04.678779+00:00","verifiedAt":null}},{"type":"Feature","geometry":{"type":"Point","coordinates":[20.1467411,46.2534921]},"properties":{"id":"bikerack:91ced9d9-a715-43f1-ace9-0340ec67b1b2","kind":"bikerack","longitude":20.1467411,"latitude":46.2534921,"name":"Biciklitároló","city":"Szeged","address":null,"covered":false,"access":null,"website":null,"phone":null,"source":"OpenStreetMap/node/1263059668","sourceUpdatedAt":"2026-04-04T22:50:04.678779+00:00","verifiedAt":null}},{"type":"Feature","geometry":{"type":"Point","coordinates":[20.153214,46.2720331]},"properties":{"id":"bikerack:91d080e5-45b1-496d-a7a1-c6019cf807f3","kind":"bikerack","longitude":20.153214,"latitude":46.2720331,"name":"Biciklitároló","city":"Szeged","address":null,"covered":true,"access":null,"website":null,"phone":null,"source":"OpenStreetMap/node/8706484736","sourceUpdatedAt":"2026-04-04T22:50:04.678779+00:00","verifiedAt":null}},{"type":"Feature","geometry":{"type":"Point","coordinates":[20.1064625,46.2067579]},"properties":{"id":"bikerack:91fae778-c568-4a7e-b435-8347e4ffc624","kind":"bikerack","longitude":20.1064625,"latitude":46.2067579,"name":"Biciklitároló","city":"Szeged","address":null,"covered":false,"access":null,"website":null,"phone":null,"source":"OpenStreetMap/node/5924207421","sourceUpdatedAt":"2026-04-04T22:50:04.678779+00:00","verifiedAt":null}},{"type":"Feature","geometry":{"type":"Point","coordinates":[20.1726482,46.2594974]},"properties":{"id":"bikerack:92a0f275-f5e5-47cd-ac4d-4cca85f5dc4a","kind":"bikerack","longitude":20.1726482,"latitude":46.2594974,"name":"Biciklitároló","city":"Szeged","address":null,"covered":false,"access":null,"website":null,"phone":null,"source":"OpenStreetMap/node/7850051907","sourceUpdatedAt":"2026-04-04T22:50:04.678779+00:00","verifiedAt":null}},{"type":"Feature","geometry":{"type":"Point","coordinates":[20.1061498,46.205985]},"properties":{"id":"bikerack:92aadc60-573b-4e42-b495-27f46001df62","kind":"bikerack","longitude":20.1061498,"latitude":46.205985,"name":"Biciklitároló","city":"Szeged","address":null,"covered":false,"access":null,"website":null,"phone":null,"source":"OpenStreetMap/node/10982526661","sourceUpdatedAt":"2026-04-04T22:50:04.678779+00:00","verifiedAt":null}},{"type":"Feature","geometry":{"type":"Point","coordinates":[20.0827866,46.2214312]},"properties":{"id":"bikerack:92d37295-c3c1-4881-bec5-2aa44c878fc2","kind":"bikerack","longitude":20.0827866,"latitude":46.2214312,"name":"Biciklitároló","city":"Roszke","address":null,"covered":false,"access":null,"website":null,"phone":null,"source":"OpenStreetMap/node/5418315178","sourceUpdatedAt":"2026-04-04T22:50:04.678779+00:00","verifiedAt":null}},{"type":"Feature","geometry":{"type":"Point","coordinates":[20.1412997,46.2744115]},"properties":{"id":"bikerack:940028b9-1ff2-48b3-8c81-4e87a678a3b6","kind":"bikerack","longitude":20.1412997,"latitude":46.2744115,"name":"Vértói úti B+R kerékpártároló","city":"Szeged","address":null,"covered":true,"access":null,"website":null,"phone":null,"source":"OpenStreetMap/way/984945188","sourceUpdatedAt":"2026-04-04T22:53:57.954072+00:00","verifiedAt":null}},{"type":"Feature","geometry":{"type":"Point","coordinates":[20.1560656,46.2328267]},"properties":{"id":"bikerack:950733d2-5377-4d71-9850-825e3b145cc2","kind":"bikerack","longitude":20.1560656,"latitude":46.2328267,"name":"Biciklitároló","city":"Szeged","address":null,"covered":false,"access":null,"website":null,"phone":null,"source":"OpenStreetMap/node/7242345141","sourceUpdatedAt":"2026-04-04T22:50:04.678779+00:00","verifiedAt":null}},{"type":"Feature","geometry":{"type":"Point","coordinates":[20.1549252,46.2554013]},"properties":{"id":"bikerack:950bf01f-92c6-4c29-a115-b6fcb5de30e5","kind":"bikerack","longitude":20.1549252,"latitude":46.2554013,"name":"Biciklitároló","city":"Szeged","address":null,"covered":false,"access":null,"website":null,"phone":null,"source":"OpenStreetMap/node/8465648526","sourceUpdatedAt":"2026-04-04T22:50:04.678779+00:00","verifiedAt":null}},{"type":"Feature","geometry":{"type":"Point","coordinates":[20.1538812,46.2699463]},"properties":{"id":"bikerack:959a4161-0360-4b3e-81d0-36f641149ee8","kind":"bikerack","longitude":20.1538812,"latitude":46.2699463,"name":"Biciklitároló","city":"Szeged","address":null,"covered":false,"access":null,"website":null,"phone":null,"source":"OpenStreetMap/node/8557009273","sourceUpdatedAt":"2026-04-04T22:50:04.678779+00:00","verifiedAt":null}},{"type":"Feature","geometry":{"type":"Point","coordinates":[20.1735962,46.258324]},"properties":{"id":"bikerack:961452f7-4cf1-4698-9f4e-9a7b3ee6a754","kind":"bikerack","longitude":20.1735962,"latitude":46.258324,"name":"Biciklitároló","city":"Szeged","address":null,"covered":true,"access":null,"website":null,"phone":null,"source":"OpenStreetMap/node/10709361245","sourceUpdatedAt":"2026-04-04T22:50:04.678779+00:00","verifiedAt":null}},{"type":"Feature","geometry":{"type":"Point","coordinates":[20.172119,46.2722116]},"properties":{"id":"bikerack:9660e773-da52-4cb7-b9dc-e6e735c2d4d7","kind":"bikerack","longitude":20.172119,"latitude":46.2722116,"name":"Biciklitároló","city":"Szeged","address":null,"covered":false,"access":null,"website":null,"phone":null,"source":"OpenStreetMap/node/13317730914","sourceUpdatedAt":"2026-04-04T22:50:04.678779+00:00","verifiedAt":null}},{"type":"Feature","geometry":{"type":"Point","coordinates":[20.1590652,46.2495019]},"properties":{"id":"bikerack:968b58c3-158c-46b0-b6ba-e82a64b99289","kind":"bikerack","longitude":20.1590652,"latitude":46.2495019,"name":"Biciklitároló","city":"Szeged","address":null,"covered":false,"access":null,"website":null,"phone":null,"source":"OpenStreetMap/node/6550029902","sourceUpdatedAt":"2026-04-04T22:50:04.678779+00:00","verifiedAt":null}},{"type":"Feature","geometry":{"type":"Point","coordinates":[20.1386221,46.2576411]},"properties":{"id":"bikerack:96a616be-dbdc-44b4-8e8c-440adc5cfd06","kind":"bikerack","longitude":20.1386221,"latitude":46.2576411,"name":"Biciklitároló","city":"Szeged","address":null,"covered":false,"access":null,"website":null,"phone":null,"source":"OpenStreetMap/node/7869198327","sourceUpdatedAt":"2026-04-04T22:50:04.678779+00:00","verifiedAt":null}},{"type":"Feature","geometry":{"type":"Point","coordinates":[20.1457949,46.2458761]},"properties":{"id":"bikerack:9743ee61-c68e-4ab8-811f-52461df9729a","kind":"bikerack","longitude":20.1457949,"latitude":46.2458761,"name":"Biciklitároló","city":"Szeged","address":null,"covered":false,"access":null,"website":null,"phone":null,"source":"OpenStreetMap/node/1263173199","sourceUpdatedAt":"2026-04-04T22:50:04.678779+00:00","verifiedAt":null}},{"type":"Feature","geometry":{"type":"Point","coordinates":[20.1418766,46.2452705]},"properties":{"id":"bikerack:97a55fd0-e21e-4a6b-b363-1bed3c113fa7","kind":"bikerack","longitude":20.1418766,"latitude":46.2452705,"name":"Biciklitároló","city":"Szeged","address":null,"covered":false,"access":null,"website":null,"phone":null,"source":"OpenStreetMap/node/11933130445","sourceUpdatedAt":"2026-04-04T22:50:04.678779+00:00","verifiedAt":null}},{"type":"Feature","geometry":{"type":"Point","coordinates":[20.139608,46.2689557]},"properties":{"id":"bikerack:981aef0e-7517-4459-abc6-afe413cc48c2","kind":"bikerack","longitude":20.139608,"latitude":46.2689557,"name":"Biciklitároló","city":"Szeged","address":null,"covered":false,"access":null,"website":null,"phone":null,"source":"OpenStreetMap/node/938252297","sourceUpdatedAt":"2026-04-04T22:50:04.678779+00:00","verifiedAt":null}},{"type":"Feature","geometry":{"type":"Point","coordinates":[20.125914,46.2536682]},"properties":{"id":"bikerack:9864e687-11aa-47bd-bf3b-32dfb82a9132","kind":"bikerack","longitude":20.125914,"latitude":46.2536682,"name":"Biciklitároló","city":"Szeged","address":null,"covered":false,"access":null,"website":null,"phone":null,"source":"OpenStreetMap/node/10926281901","sourceUpdatedAt":"2026-04-04T22:50:04.678779+00:00","verifiedAt":null}},{"type":"Feature","geometry":{"type":"Point","coordinates":[20.1620499,46.2598876]},"properties":{"id":"bikerack:98e5022a-c040-4be6-b58e-7e9e303d6a6c","kind":"bikerack","longitude":20.1620499,"latitude":46.2598876,"name":"Biciklitároló","city":"Szeged","address":null,"covered":false,"access":null,"website":null,"phone":null,"source":"OpenStreetMap/node/5358416176","sourceUpdatedAt":"2026-04-04T22:50:04.678779+00:00","verifiedAt":null}},{"type":"Feature","geometry":{"type":"Point","coordinates":[20.1415072,46.2591738]},"properties":{"id":"bikerack:993288b3-535a-4634-982a-1b26fdf2e7c5","kind":"bikerack","longitude":20.1415072,"latitude":46.2591738,"name":"Biciklitároló","city":"Szeged","address":null,"covered":false,"access":null,"website":null,"phone":null,"source":"OpenStreetMap/node/11974928012","sourceUpdatedAt":"2026-04-04T22:50:04.678779+00:00","verifiedAt":null}},{"type":"Feature","geometry":{"type":"Point","coordinates":[20.1751806,46.2355706]},"properties":{"id":"bikerack:99b2c221-2fee-476c-a08c-477ef6ed67c3","kind":"bikerack","longitude":20.1751806,"latitude":46.2355706,"name":"Biciklitároló","city":"Szeged","address":null,"covered":false,"access":null,"website":null,"phone":null,"source":"OpenStreetMap/node/11950671270","sourceUpdatedAt":"2026-04-04T22:50:04.678779+00:00","verifiedAt":null}},{"type":"Feature","geometry":{"type":"Point","coordinates":[20.1601075,46.272847]},"properties":{"id":"bikerack:9a892208-031f-426e-bb10-d45c28082b23","kind":"bikerack","longitude":20.1601075,"latitude":46.272847,"name":"Biciklitároló","city":"Szeged","address":null,"covered":false,"access":null,"website":null,"phone":null,"source":"OpenStreetMap/node/1263506380","sourceUpdatedAt":"2026-04-04T22:50:04.678779+00:00","verifiedAt":null}},{"type":"Feature","geometry":{"type":"Point","coordinates":[20.1344894,46.2688657]},"properties":{"id":"bikerack:9b320e9c-0fc9-4f46-a73a-cffc2bcc82c1","kind":"bikerack","longitude":20.1344894,"latitude":46.2688657,"name":"Biciklitároló","city":"Szeged","address":null,"covered":false,"access":null,"website":null,"phone":null,"source":"OpenStreetMap/node/10811651514","sourceUpdatedAt":"2026-04-04T22:50:04.678779+00:00","verifiedAt":null}},{"type":"Feature","geometry":{"type":"Point","coordinates":[20.1502952,46.2511545]},"properties":{"id":"bikerack:9be6b8b5-3d46-420f-a0d9-01a5998e2ce2","kind":"bikerack","longitude":20.1502952,"latitude":46.2511545,"name":"Biciklitároló","city":"Szeged","address":null,"covered":false,"access":null,"website":null,"phone":null,"source":"OpenStreetMap/node/11306796361","sourceUpdatedAt":"2026-04-04T22:50:04.678779+00:00","verifiedAt":null}},{"type":"Feature","geometry":{"type":"Point","coordinates":[20.1490973,46.2494963]},"properties":{"id":"bikerack:9ce32ae9-5ef3-496d-a850-0e77644f9f7d","kind":"bikerack","longitude":20.1490973,"latitude":46.2494963,"name":"Biciklitároló","city":"Szeged","address":null,"covered":false,"access":null,"website":null,"phone":null,"source":"OpenStreetMap/node/3854547662","sourceUpdatedAt":"2026-04-04T22:50:04.678779+00:00","verifiedAt":null}},{"type":"Feature","geometry":{"type":"Point","coordinates":[20.1072266,46.2625367]},"properties":{"id":"bikerack:9ce5578d-58c7-48be-b107-321960c6c639","kind":"bikerack","longitude":20.1072266,"latitude":46.2625367,"name":"Biciklitároló","city":"Szeged","address":null,"covered":false,"access":null,"website":null,"phone":null,"source":"OpenStreetMap/node/6973901380","sourceUpdatedAt":"2026-04-04T22:50:04.678779+00:00","verifiedAt":null}},{"type":"Feature","geometry":{"type":"Point","coordinates":[20.1460812,46.2491991]},"properties":{"id":"bikerack:9dd9fcda-8774-4b73-9a0c-b27b6418cd38","kind":"bikerack","longitude":20.1460812,"latitude":46.2491991,"name":"Biciklitároló","city":"Szeged","address":null,"covered":false,"access":null,"website":null,"phone":null,"source":"OpenStreetMap/node/10240352040","sourceUpdatedAt":"2026-04-04T22:50:04.678779+00:00","verifiedAt":null}},{"type":"Feature","geometry":{"type":"Point","coordinates":[20.1456612,46.2499153]},"properties":{"id":"bikerack:9e37d6ce-ddad-41f2-a6dd-1c2aaf38b345","kind":"bikerack","longitude":20.1456612,"latitude":46.2499153,"name":"Biciklitároló","city":"Szeged","address":null,"covered":false,"access":null,"website":null,"phone":null,"source":"OpenStreetMap/node/6725295870","sourceUpdatedAt":"2026-04-04T22:50:04.678779+00:00","verifiedAt":null}},{"type":"Feature","geometry":{"type":"Point","coordinates":[20.172137,46.2358453]},"properties":{"id":"bikerack:9ed0a376-83a5-4838-9eff-23b8f42c4a46","kind":"bikerack","longitude":20.172137,"latitude":46.2358453,"name":"Biciklitároló","city":"Szeged","address":null,"covered":false,"access":null,"website":null,"phone":null,"source":"OpenStreetMap/node/4356024451","sourceUpdatedAt":"2026-04-04T22:50:04.678779+00:00","verifiedAt":null}},{"type":"Feature","geometry":{"type":"Point","coordinates":[20.1510239,46.2613834]},"properties":{"id":"bikerack:9fffdabc-fd2c-4e5b-b655-9c7149a7c4ef","kind":"bikerack","longitude":20.1510239,"latitude":46.2613834,"name":"Biciklitároló","city":"Szeged","address":null,"covered":false,"access":null,"website":null,"phone":null,"source":"OpenStreetMap/node/9428849017","sourceUpdatedAt":"2026-04-04T22:50:04.678779+00:00","verifiedAt":null}},{"type":"Feature","geometry":{"type":"Point","coordinates":[20.1440789,46.276112]},"properties":{"id":"bikerack:a007eef2-312e-4656-b7fb-5c7a6528ccd1","kind":"bikerack","longitude":20.1440789,"latitude":46.276112,"name":"Rókis II. Óvoda kerékpártároló","city":"Szeged","address":null,"covered":false,"access":null,"website":null,"phone":null,"source":"OpenStreetMap/node/3222848413","sourceUpdatedAt":"2026-04-04T22:53:50.393578+00:00","verifiedAt":null}},{"type":"Feature","geometry":{"type":"Point","coordinates":[20.1309353,46.2577248]},"properties":{"id":"bikerack:a050d9cc-a220-48e0-99d0-67c10325fa44","kind":"bikerack","longitude":20.1309353,"latitude":46.2577248,"name":"Biciklitároló","city":"Szeged","address":null,"covered":false,"access":null,"website":null,"phone":null,"source":"OpenStreetMap/node/9665246526","sourceUpdatedAt":"2026-04-04T22:50:04.678779+00:00","verifiedAt":null}},{"type":"Feature","geometry":{"type":"Point","coordinates":[20.1472538,46.2593909]},"properties":{"id":"bikerack:a0ce3b4a-cc2f-46c2-b3a4-b39908972042","kind":"bikerack","longitude":20.1472538,"latitude":46.2593909,"name":"Biciklitároló","city":"Szeged","address":null,"covered":false,"access":null,"website":null,"phone":null,"source":"OpenStreetMap/node/4966060114","sourceUpdatedAt":"2026-04-04T22:50:04.678779+00:00","verifiedAt":null}},{"type":"Feature","geometry":{"type":"Point","coordinates":[20.1502615,46.2567203]},"properties":{"id":"bikerack:a12e948a-977c-4473-8941-673c8b10533a","kind":"bikerack","longitude":20.1502615,"latitude":46.2567203,"name":"Biciklitároló","city":"Szeged","address":null,"covered":false,"access":null,"website":null,"phone":null,"source":"OpenStreetMap/node/1260079379","sourceUpdatedAt":"2026-04-04T22:50:04.678779+00:00","verifiedAt":null}},{"type":"Feature","geometry":{"type":"Point","coordinates":[20.1554858,46.2559134]},"properties":{"id":"bikerack:a15b4303-98fe-4990-9e09-8e736af97982","kind":"bikerack","longitude":20.1554858,"latitude":46.2559134,"name":"Biciklitároló","city":"Szeged","address":null,"covered":false,"access":null,"website":null,"phone":null,"source":"OpenStreetMap/node/6389298689","sourceUpdatedAt":"2026-04-04T22:50:04.678779+00:00","verifiedAt":null}},{"type":"Feature","geometry":{"type":"Point","coordinates":[20.1211684,46.2472789]},"properties":{"id":"bikerack:a202b064-aaed-4e83-978e-60198822b178","kind":"bikerack","longitude":20.1211684,"latitude":46.2472789,"name":"Biciklitároló","city":"Szeged","address":null,"covered":false,"access":null,"website":null,"phone":null,"source":"OpenStreetMap/node/11831646288","sourceUpdatedAt":"2026-04-04T22:50:04.678779+00:00","verifiedAt":null}},{"type":"Feature","geometry":{"type":"Point","coordinates":[20.2368513,46.2180466]},"properties":{"id":"bikerack:a26db31e-961b-45f0-9ccc-a7e448c5ae9b","kind":"bikerack","longitude":20.2368513,"latitude":46.2180466,"name":"Biciklitároló","city":"Deszk","address":null,"covered":true,"access":null,"website":null,"phone":null,"source":"OpenStreetMap/node/13659329074","sourceUpdatedAt":"2026-04-04T22:50:04.678779+00:00","verifiedAt":null}},{"type":"Feature","geometry":{"type":"Point","coordinates":[20.1604774,46.2732438]},"properties":{"id":"bikerack:a2908bdf-bf10-4cde-89ba-f49f6c72e946","kind":"bikerack","longitude":20.1604774,"latitude":46.2732438,"name":"Biciklitároló","city":"Szeged","address":null,"covered":false,"access":null,"website":null,"phone":null,"source":"OpenStreetMap/node/6863456427","sourceUpdatedAt":"2026-04-04T22:50:04.678779+00:00","verifiedAt":null}},{"type":"Feature","geometry":{"type":"Point","coordinates":[20.1562596,46.2592899]},"properties":{"id":"bikerack:a2ee624a-045d-41a0-9080-9bb72ee37799","kind":"bikerack","longitude":20.1562596,"latitude":46.2592899,"name":"Biciklitároló","city":"Szeged","address":null,"covered":true,"access":null,"website":null,"phone":null,"source":"OpenStreetMap/node/12070285418","sourceUpdatedAt":"2026-04-04T22:50:04.678779+00:00","verifiedAt":null}},{"type":"Feature","geometry":{"type":"Point","coordinates":[20.1478961,46.2476266]},"properties":{"id":"bikerack:a3fba672-a3e2-49d7-8d4b-c77bb20feeee","kind":"bikerack","longitude":20.1478961,"latitude":46.2476266,"name":"Biciklitároló","city":"Szeged","address":null,"covered":false,"access":null,"website":null,"phone":null,"source":"OpenStreetMap/node/3854547664","sourceUpdatedAt":"2026-04-04T22:50:04.678779+00:00","verifiedAt":null}},{"type":"Feature","geometry":{"type":"Point","coordinates":[20.0608212,46.2755968]},"properties":{"id":"bikerack:a468ee3e-832f-4e52-b75b-e08ef25eba10","kind":"bikerack","longitude":20.0608212,"latitude":46.2755968,"name":"Biciklitároló","city":"Domaszek","address":null,"covered":false,"access":null,"website":null,"phone":null,"source":"OpenStreetMap/node/8701722659","sourceUpdatedAt":"2026-04-04T22:50:04.678779+00:00","verifiedAt":null}},{"type":"Feature","geometry":{"type":"Point","coordinates":[20.1536026,46.1687264]},"properties":{"id":"bikerack:a4d46b5c-272a-4c70-afbc-5c5de1e30601","kind":"bikerack","longitude":20.1536026,"latitude":46.1687264,"name":"Biciklitároló","city":"Szeged","address":null,"covered":false,"access":null,"website":null,"phone":null,"source":"OpenStreetMap/node/13650226228","sourceUpdatedAt":"2026-04-04T22:50:04.678779+00:00","verifiedAt":null}},{"type":"Feature","geometry":{"type":"Point","coordinates":[20.1753375,46.2577125]},"properties":{"id":"bikerack:a4e0b0b0-4c34-4e7e-ae5a-680fe6745b04","kind":"bikerack","longitude":20.1753375,"latitude":46.2577125,"name":"Biciklitároló","city":"Szeged","address":null,"covered":false,"access":null,"website":null,"phone":null,"source":"OpenStreetMap/node/11018283718","sourceUpdatedAt":"2026-04-04T22:50:04.678779+00:00","verifiedAt":null}},{"type":"Feature","geometry":{"type":"Point","coordinates":[20.1543509,46.2550189]},"properties":{"id":"bikerack:a4e4bca9-34d5-4eab-84ce-69de6698d2b0","kind":"bikerack","longitude":20.1543509,"latitude":46.2550189,"name":"Biciklitároló","city":"Szeged","address":null,"covered":false,"access":null,"website":null,"phone":null,"source":"OpenStreetMap/node/1300420673","sourceUpdatedAt":"2026-04-04T22:50:04.678779+00:00","verifiedAt":null}},{"type":"Feature","geometry":{"type":"Point","coordinates":[20.1590331,46.2316159]},"properties":{"id":"bikerack:a5093f21-886c-46c7-a445-d6e0897e0ff6","kind":"bikerack","longitude":20.1590331,"latitude":46.2316159,"name":"Biciklitároló","city":"Szeged","address":null,"covered":false,"access":null,"website":null,"phone":null,"source":"OpenStreetMap/node/4956688757","sourceUpdatedAt":"2026-04-04T22:50:04.678779+00:00","verifiedAt":null}},{"type":"Feature","geometry":{"type":"Point","coordinates":[20.1261303,46.259549]},"properties":{"id":"bikerack:a5bca052-3476-4c09-94a1-74413cf9f56b","kind":"bikerack","longitude":20.1261303,"latitude":46.259549,"name":"Biciklitároló","city":"Szeged","address":null,"covered":true,"access":null,"website":null,"phone":null,"source":"OpenStreetMap/way/900361408","sourceUpdatedAt":"2026-04-04T22:50:04.678779+00:00","verifiedAt":null}},{"type":"Feature","geometry":{"type":"Point","coordinates":[20.1940541,46.2149607]},"properties":{"id":"bikerack:a5fc200b-3c3c-4f22-92cb-e2f4a310fb93","kind":"bikerack","longitude":20.1940541,"latitude":46.2149607,"name":"Biciklitároló","city":"Deszk","address":null,"covered":false,"access":null,"website":null,"phone":null,"source":"OpenStreetMap/way/1383089426","sourceUpdatedAt":"2026-04-04T22:50:04.678779+00:00","verifiedAt":null}},{"type":"Feature","geometry":{"type":"Point","coordinates":[20.1602033,46.2728777]},"properties":{"id":"bikerack:a60e0b02-8d63-4247-933d-02eb0e2ae4b7","kind":"bikerack","longitude":20.1602033,"latitude":46.2728777,"name":"Biciklitároló","city":"Szeged","address":null,"covered":false,"access":null,"website":null,"phone":null,"source":"OpenStreetMap/node/12356385221","sourceUpdatedAt":"2026-04-04T22:50:04.678779+00:00","verifiedAt":null}},{"type":"Feature","geometry":{"type":"Point","coordinates":[20.1465002,46.2586981]},"properties":{"id":"bikerack:a624bdcb-9879-40fc-b7a8-1923bfe2822d","kind":"bikerack","longitude":20.1465002,"latitude":46.2586981,"name":"Biciklitároló","city":"Szeged","address":null,"covered":false,"access":null,"website":null,"phone":null,"source":"OpenStreetMap/node/11774815859","sourceUpdatedAt":"2026-04-04T22:50:04.678779+00:00","verifiedAt":null}},{"type":"Feature","geometry":{"type":"Point","coordinates":[20.1495655,46.2504333]},"properties":{"id":"bikerack:a67e50ba-3567-440c-b350-39047e420f72","kind":"bikerack","longitude":20.1495655,"latitude":46.2504333,"name":"Biciklitároló","city":"Szeged","address":null,"covered":false,"access":null,"website":null,"phone":null,"source":"OpenStreetMap/node/12469561144","sourceUpdatedAt":"2026-04-04T22:50:04.678779+00:00","verifiedAt":null}},{"type":"Feature","geometry":{"type":"Point","coordinates":[20.1207465,46.2438411]},"properties":{"id":"bikerack:a6a9ef41-4c0a-427a-9de6-60c94f0b8076","kind":"bikerack","longitude":20.1207465,"latitude":46.2438411,"name":"Biciklitároló","city":"Szeged","address":null,"covered":false,"access":null,"website":null,"phone":null,"source":"OpenStreetMap/node/3854547687","sourceUpdatedAt":"2026-04-04T22:50:04.678779+00:00","verifiedAt":null}},{"type":"Feature","geometry":{"type":"Point","coordinates":[20.1893667,46.2138301]},"properties":{"id":"bikerack:a6ad7bc6-900e-4f29-8cb6-500d47562b16","kind":"bikerack","longitude":20.1893667,"latitude":46.2138301,"name":"Biciklitároló","city":"Deszk","address":null,"covered":false,"access":null,"website":null,"phone":null,"source":"OpenStreetMap/node/13343992782","sourceUpdatedAt":"2026-04-04T22:50:04.678779+00:00","verifiedAt":null}},{"type":"Feature","geometry":{"type":"Point","coordinates":[20.1464218,46.2461017]},"properties":{"id":"bikerack:a6dc02a5-4da0-4b52-b4f9-9c05cbb6f843","kind":"bikerack","longitude":20.1464218,"latitude":46.2461017,"name":"Biciklitároló","city":"Szeged","address":null,"covered":false,"access":null,"website":null,"phone":null,"source":"OpenStreetMap/node/1263173196","sourceUpdatedAt":"2026-04-04T22:50:04.678779+00:00","verifiedAt":null}},{"type":"Feature","geometry":{"type":"Point","coordinates":[20.1405764,46.2564574]},"properties":{"id":"bikerack:a6f14337-e870-4c52-bfbc-0f23ca42f7b1","kind":"bikerack","longitude":20.1405764,"latitude":46.2564574,"name":"Biciklitároló","city":"Szeged","address":null,"covered":false,"access":null,"website":null,"phone":null,"source":"OpenStreetMap/node/1307115629","sourceUpdatedAt":"2026-04-04T22:50:04.678779+00:00","verifiedAt":null}},{"type":"Feature","geometry":{"type":"Point","coordinates":[20.1405584,46.2477117]},"properties":{"id":"bikerack:a6f66318-1cca-41cf-af4b-a8ebd3e301a6","kind":"bikerack","longitude":20.1405584,"latitude":46.2477117,"name":"Biciklitároló","city":"Szeged","address":null,"covered":false,"access":null,"website":null,"phone":null,"source":"OpenStreetMap/node/1263173200","sourceUpdatedAt":"2026-04-04T22:50:04.678779+00:00","verifiedAt":null}},{"type":"Feature","geometry":{"type":"Point","coordinates":[20.2448416,46.2216246]},"properties":{"id":"bikerack:a7148c97-3d55-4721-94ae-5bb100da1cce","kind":"bikerack","longitude":20.2448416,"latitude":46.2216246,"name":"Biciklitároló","city":"Deszk","address":null,"covered":false,"access":null,"website":null,"phone":null,"source":"OpenStreetMap/node/12774740644","sourceUpdatedAt":"2026-04-04T22:50:04.678779+00:00","verifiedAt":null}},{"type":"Feature","geometry":{"type":"Point","coordinates":[20.1576406,46.2702065]},"properties":{"id":"bikerack:a7bc4780-a328-483e-a433-6a3b64bf9641","kind":"bikerack","longitude":20.1576406,"latitude":46.2702065,"name":"Biciklitároló","city":"Szeged","address":null,"covered":false,"access":null,"website":null,"phone":null,"source":"OpenStreetMap/node/11941552506","sourceUpdatedAt":"2026-04-04T22:50:04.678779+00:00","verifiedAt":null}},{"type":"Feature","geometry":{"type":"Point","coordinates":[20.1208086,46.256381]},"properties":{"id":"bikerack:a803d210-07d6-48ac-890a-58f448fade66","kind":"bikerack","longitude":20.1208086,"latitude":46.256381,"name":"Biciklitároló","city":"Szeged","address":null,"covered":false,"access":null,"website":null,"phone":null,"source":"OpenStreetMap/node/9813974455","sourceUpdatedAt":"2026-04-04T22:50:04.678779+00:00","verifiedAt":null}},{"type":"Feature","geometry":{"type":"Point","coordinates":[20.1643433,46.2638009]},"properties":{"id":"bikerack:a93a608b-895c-49d4-b8fa-f4b457e32ee1","kind":"bikerack","longitude":20.1643433,"latitude":46.2638009,"name":"Biciklitároló","city":"Szeged","address":null,"covered":false,"access":null,"website":null,"phone":null,"source":"OpenStreetMap/node/12025286648","sourceUpdatedAt":"2026-04-04T22:50:04.678779+00:00","verifiedAt":null}},{"type":"Feature","geometry":{"type":"Point","coordinates":[20.1275482,46.2664958]},"properties":{"id":"bikerack:a97920ac-cd38-4968-999e-326728949f57","kind":"bikerack","longitude":20.1275482,"latitude":46.2664958,"name":"Biciklitároló","city":"Szeged","address":null,"covered":false,"access":null,"website":null,"phone":null,"source":"OpenStreetMap/node/8655054153","sourceUpdatedAt":"2026-04-04T22:50:04.678779+00:00","verifiedAt":null}},{"type":"Feature","geometry":{"type":"Point","coordinates":[20.1484358,46.2471409]},"properties":{"id":"bikerack:aa349fc0-8285-4766-8c61-f02d8d3fa5ac","kind":"bikerack","longitude":20.1484358,"latitude":46.2471409,"name":"Biciklitároló","city":"Szeged","address":null,"covered":false,"access":null,"website":null,"phone":null,"source":"OpenStreetMap/node/5913767040","sourceUpdatedAt":"2026-04-04T22:50:04.678779+00:00","verifiedAt":null}},{"type":"Feature","geometry":{"type":"Point","coordinates":[20.1439697,46.2489242]},"properties":{"id":"bikerack:aac8cbc0-a250-4a21-a330-22912f9f940c","kind":"bikerack","longitude":20.1439697,"latitude":46.2489242,"name":"Biciklitároló","city":"Szeged","address":null,"covered":false,"access":null,"website":null,"phone":null,"source":"OpenStreetMap/node/6372254957","sourceUpdatedAt":"2026-04-04T22:50:04.678779+00:00","verifiedAt":null}},{"type":"Feature","geometry":{"type":"Point","coordinates":[20.1277684,46.2606563]},"properties":{"id":"bikerack:ab6f249f-0c99-49ab-961f-360b7ec3fceb","kind":"bikerack","longitude":20.1277684,"latitude":46.2606563,"name":"Biciklitároló","city":"Szeged","address":null,"covered":false,"access":null,"website":null,"phone":null,"source":"OpenStreetMap/node/11074606124","sourceUpdatedAt":"2026-04-04T22:50:04.678779+00:00","verifiedAt":null}},{"type":"Feature","geometry":{"type":"Point","coordinates":[20.1095336,46.2055721]},"properties":{"id":"bikerack:ac6eb24e-b657-47ad-af10-ed28ce7986a6","kind":"bikerack","longitude":20.1095336,"latitude":46.2055721,"name":"Biciklitároló","city":"Szeged","address":null,"covered":false,"access":null,"website":null,"phone":null,"source":"OpenStreetMap/node/9122292615","sourceUpdatedAt":"2026-04-04T22:50:04.678779+00:00","verifiedAt":null}},{"type":"Feature","geometry":{"type":"Point","coordinates":[20.1403943,46.255964]},"properties":{"id":"bikerack:ad0a3115-0fd7-40cd-9b64-3babfd00c540","kind":"bikerack","longitude":20.1403943,"latitude":46.255964,"name":"Biciklitároló","city":"Szeged","address":null,"covered":false,"access":null,"website":null,"phone":null,"source":"OpenStreetMap/node/7863726591","sourceUpdatedAt":"2026-04-04T22:50:04.678779+00:00","verifiedAt":null}},{"type":"Feature","geometry":{"type":"Point","coordinates":[20.1473763,46.2469573]},"properties":{"id":"bikerack:ad0fac95-e746-431e-a5f0-c1b53bbe1b5b","kind":"bikerack","longitude":20.1473763,"latitude":46.2469573,"name":"Biciklitároló","city":"Szeged","address":null,"covered":false,"access":null,"website":null,"phone":null,"source":"OpenStreetMap/node/4887768793","sourceUpdatedAt":"2026-04-04T22:50:04.678779+00:00","verifiedAt":null}},{"type":"Feature","geometry":{"type":"Point","coordinates":[20.1365015,46.2550683]},"properties":{"id":"bikerack:aed1b07d-1269-47d0-bfae-f2f46c1170a3","kind":"bikerack","longitude":20.1365015,"latitude":46.2550683,"name":"Biciklitároló","city":"Szeged","address":null,"covered":false,"access":null,"website":null,"phone":null,"source":"OpenStreetMap/node/3854547676","sourceUpdatedAt":"2026-04-04T22:50:04.678779+00:00","verifiedAt":null}},{"type":"Feature","geometry":{"type":"Point","coordinates":[20.1400977,46.2569773]},"properties":{"id":"bikerack:aee1cd5d-cde7-422d-8dfa-ee02614db8e8","kind":"bikerack","longitude":20.1400977,"latitude":46.2569773,"name":"Biciklitároló","city":"Szeged","address":null,"covered":false,"access":null,"website":null,"phone":null,"source":"OpenStreetMap/node/12532401170","sourceUpdatedAt":"2026-04-04T22:50:04.678779+00:00","verifiedAt":null}},{"type":"Feature","geometry":{"type":"Point","coordinates":[20.14005,46.2570257]},"properties":{"id":"bikerack:aefc2780-3a9a-47f2-af10-077c41e29384","kind":"bikerack","longitude":20.14005,"latitude":46.2570257,"name":"Biciklitároló","city":"Szeged","address":null,"covered":false,"access":null,"website":null,"phone":null,"source":"OpenStreetMap/node/1307115628","sourceUpdatedAt":"2026-04-04T22:50:04.678779+00:00","verifiedAt":null}},{"type":"Feature","geometry":{"type":"Point","coordinates":[20.1588117,46.271208]},"properties":{"id":"bikerack:afb917dd-ce28-430a-825a-23747a6a020d","kind":"bikerack","longitude":20.1588117,"latitude":46.271208,"name":"Biciklitároló","city":"Szeged","address":null,"covered":false,"access":null,"website":null,"phone":null,"source":"OpenStreetMap/node/10792595820","sourceUpdatedAt":"2026-04-04T22:50:04.678779+00:00","verifiedAt":null}},{"type":"Feature","geometry":{"type":"Point","coordinates":[20.1422136,46.2592693]},"properties":{"id":"bikerack:b16272e4-0b47-4752-9e95-803bd62a5567","kind":"bikerack","longitude":20.1422136,"latitude":46.2592693,"name":"Biciklitároló","city":"Szeged","address":null,"covered":false,"access":null,"website":null,"phone":null,"source":"OpenStreetMap/node/5916967945","sourceUpdatedAt":"2026-04-04T22:50:04.678779+00:00","verifiedAt":null}},{"type":"Feature","geometry":{"type":"Point","coordinates":[20.1407827,46.2667272]},"properties":{"id":"bikerack:b1b03f88-eb08-4f3b-a023-c520fe6b935c","kind":"bikerack","longitude":20.1407827,"latitude":46.2667272,"name":"Biciklitároló","city":"Szeged","address":null,"covered":false,"access":null,"website":null,"phone":null,"source":"OpenStreetMap/node/6634238703","sourceUpdatedAt":"2026-04-04T22:50:04.678779+00:00","verifiedAt":null}},{"type":"Feature","geometry":{"type":"Point","coordinates":[20.1445377,46.2498724]},"properties":{"id":"bikerack:b1fe0275-f658-4146-b037-372fbae16851","kind":"bikerack","longitude":20.1445377,"latitude":46.2498724,"name":"Biciklitároló","city":"Szeged","address":null,"covered":false,"access":null,"website":null,"phone":null,"source":"OpenStreetMap/node/6113190906","sourceUpdatedAt":"2026-04-04T22:50:04.678779+00:00","verifiedAt":null}},{"type":"Feature","geometry":{"type":"Point","coordinates":[20.1476825,46.2476774]},"properties":{"id":"bikerack:b210ae28-b2ac-444e-a4d3-08a5eebc7029","kind":"bikerack","longitude":20.1476825,"latitude":46.2476774,"name":"Biciklitároló","city":"Szeged","address":null,"covered":false,"access":null,"website":null,"phone":null,"source":"OpenStreetMap/node/4910827180","sourceUpdatedAt":"2026-04-04T22:50:04.678779+00:00","verifiedAt":null}},{"type":"Feature","geometry":{"type":"Point","coordinates":[20.1504972,46.2538072]},"properties":{"id":"bikerack:b21496ad-1c25-47fe-9687-2000cfd5d455","kind":"bikerack","longitude":20.1504972,"latitude":46.2538072,"name":"Biciklitároló","city":"Szeged","address":null,"covered":false,"access":null,"website":null,"phone":null,"source":"OpenStreetMap/node/3854547679","sourceUpdatedAt":"2026-04-04T22:50:04.678779+00:00","verifiedAt":null}},{"type":"Feature","geometry":{"type":"Point","coordinates":[20.1421411,46.2466603]},"properties":{"id":"bikerack:b221ab3f-b6b0-4d5f-bfa9-ffc7dd03a8c7","kind":"bikerack","longitude":20.1421411,"latitude":46.2466603,"name":"Biciklitároló","city":"Szeged","address":null,"covered":false,"access":null,"website":null,"phone":null,"source":"OpenStreetMap/node/6321821461","sourceUpdatedAt":"2026-04-04T22:50:04.678779+00:00","verifiedAt":null}},{"type":"Feature","geometry":{"type":"Point","coordinates":[20.1477946,46.2491212]},"properties":{"id":"bikerack:b24c23fa-bcb3-4825-a0c1-759dd156d188","kind":"bikerack","longitude":20.1477946,"latitude":46.2491212,"name":"Biciklitároló","city":"Szeged","address":null,"covered":false,"access":null,"website":null,"phone":null,"source":"OpenStreetMap/node/7200736090","sourceUpdatedAt":"2026-04-04T22:50:04.678779+00:00","verifiedAt":null}},{"type":"Feature","geometry":{"type":"Point","coordinates":[20.141639,46.247806]},"properties":{"id":"bikerack:b2a90998-0e85-481b-aec2-b3fdb3d3db28","kind":"bikerack","longitude":20.141639,"latitude":46.247806,"name":"Biciklitároló","city":"Szeged","address":null,"covered":false,"access":null,"website":null,"phone":null,"source":"OpenStreetMap/node/1260068074","sourceUpdatedAt":"2026-05-26T23:15:02.302592+00:00","verifiedAt":null}},{"type":"Feature","geometry":{"type":"Point","coordinates":[20.1444525,46.2467424]},"properties":{"id":"bikerack:b32624b1-55c5-47c2-a7f2-14aa353f6344","kind":"bikerack","longitude":20.1444525,"latitude":46.2467424,"name":"Biciklitároló","city":"Szeged","address":null,"covered":false,"access":null,"website":null,"phone":null,"source":"OpenStreetMap/node/5943232441","sourceUpdatedAt":"2026-04-04T22:50:04.678779+00:00","verifiedAt":null}},{"type":"Feature","geometry":{"type":"Point","coordinates":[20.1630896,46.245084]},"properties":{"id":"bikerack:b3406d0e-254f-49e4-9004-dcccfc525e8e","kind":"bikerack","longitude":20.1630896,"latitude":46.245084,"name":"Biciklitároló","city":"Szeged","address":null,"covered":false,"access":null,"website":null,"phone":null,"source":"OpenStreetMap/node/3854547686","sourceUpdatedAt":"2026-04-04T22:50:04.678779+00:00","verifiedAt":null}},{"type":"Feature","geometry":{"type":"Point","coordinates":[20.2379785,46.2184452]},"properties":{"id":"bikerack:b34ab4e0-7621-494a-ab81-6a57f66dea6b","kind":"bikerack","longitude":20.2379785,"latitude":46.2184452,"name":"Biciklitároló","city":"Deszk","address":null,"covered":false,"access":null,"website":null,"phone":null,"source":"OpenStreetMap/node/13659329088","sourceUpdatedAt":"2026-04-04T22:50:04.678779+00:00","verifiedAt":null}},{"type":"Feature","geometry":{"type":"Point","coordinates":[20.1550863,46.2591961]},"properties":{"id":"bikerack:b3d31c66-9615-401c-9353-0a86bb92b6a1","kind":"bikerack","longitude":20.1550863,"latitude":46.2591961,"name":"Biciklitároló","city":"Szeged","address":null,"covered":false,"access":null,"website":null,"phone":null,"source":"OpenStreetMap/node/11196032996","sourceUpdatedAt":"2026-04-04T22:50:04.678779+00:00","verifiedAt":null}},{"type":"Feature","geometry":{"type":"Point","coordinates":[20.1691362,46.2810949]},"properties":{"id":"bikerack:b448e5a5-46fc-4097-ba8e-e821828f76e2","kind":"bikerack","longitude":20.1691362,"latitude":46.2810949,"name":"Biciklitároló","city":"Szeged","address":null,"covered":false,"access":null,"website":null,"phone":null,"source":"OpenStreetMap/node/8203305218","sourceUpdatedAt":"2026-04-04T22:50:04.678779+00:00","verifiedAt":null}},{"type":"Feature","geometry":{"type":"Point","coordinates":[20.1486618,46.2557269]},"properties":{"id":"bikerack:b4dbd6b8-e6c3-4d8d-b804-76caa8c173a9","kind":"bikerack","longitude":20.1486618,"latitude":46.2557269,"name":"Biciklitároló","city":"Szeged","address":null,"covered":false,"access":null,"website":null,"phone":null,"source":"OpenStreetMap/node/3654641090","sourceUpdatedAt":"2026-04-04T22:50:04.678779+00:00","verifiedAt":null}},{"type":"Feature","geometry":{"type":"Point","coordinates":[20.1444352,46.2546299]},"properties":{"id":"bikerack:b5f0679a-dd54-4efb-b718-91fd330bb82b","kind":"bikerack","longitude":20.1444352,"latitude":46.2546299,"name":"Biciklitároló","city":"Szeged","address":null,"covered":false,"access":null,"website":null,"phone":null,"source":"OpenStreetMap/node/11664590861","sourceUpdatedAt":"2026-04-04T22:50:04.678779+00:00","verifiedAt":null}},{"type":"Feature","geometry":{"type":"Point","coordinates":[20.1466561,46.2550812]},"properties":{"id":"bikerack:b88a0a05-e3c5-4eda-9636-0df4cce2ef8a","kind":"bikerack","longitude":20.1466561,"latitude":46.2550812,"name":"Biciklitároló","city":"Szeged","address":null,"covered":false,"access":null,"website":null,"phone":null,"source":"OpenStreetMap/node/3654641123","sourceUpdatedAt":"2026-04-04T22:50:04.678779+00:00","verifiedAt":null}},{"type":"Feature","geometry":{"type":"Point","coordinates":[20.1513735,46.2512658]},"properties":{"id":"bikerack:b88a9835-9ce7-4e38-a0e9-c4325f6c80da","kind":"bikerack","longitude":20.1513735,"latitude":46.2512658,"name":"Biciklitároló","city":"Szeged","address":null,"covered":false,"access":null,"website":null,"phone":null,"source":"OpenStreetMap/node/8994264720","sourceUpdatedAt":"2026-04-04T22:50:04.678779+00:00","verifiedAt":null}},{"type":"Feature","geometry":{"type":"Point","coordinates":[20.15024,46.2577386]},"properties":{"id":"bikerack:ba101dd1-90be-4ccf-af80-353a49b3baa6","kind":"bikerack","longitude":20.15024,"latitude":46.2577386,"name":"Biciklitároló","city":"Szeged","address":null,"covered":false,"access":null,"website":null,"phone":null,"source":"OpenStreetMap/node/1260078951","sourceUpdatedAt":"2026-04-04T22:50:04.678779+00:00","verifiedAt":null}},{"type":"Feature","geometry":{"type":"Point","coordinates":[20.1470423,46.2538551]},"properties":{"id":"bikerack:badebc61-ec56-463a-9b7c-c36f6bb196a9","kind":"bikerack","longitude":20.1470423,"latitude":46.2538551,"name":"Biciklitároló","city":"Szeged","address":null,"covered":false,"access":null,"website":null,"phone":null,"source":"OpenStreetMap/node/1263059666","sourceUpdatedAt":"2026-04-04T22:50:04.678779+00:00","verifiedAt":null}},{"type":"Feature","geometry":{"type":"Point","coordinates":[20.1625986,46.2459796]},"properties":{"id":"bikerack:bbf81d72-d9ca-41c2-974e-fb1df7751f49","kind":"bikerack","longitude":20.1625986,"latitude":46.2459796,"name":"Biciklitároló","city":"Szeged","address":null,"covered":false,"access":null,"website":null,"phone":null,"source":"OpenStreetMap/node/6502119407","sourceUpdatedAt":"2026-04-04T22:50:04.678779+00:00","verifiedAt":null}},{"type":"Feature","geometry":{"type":"Point","coordinates":[20.1315875,46.2637967]},"properties":{"id":"bikerack:bc5a87d3-5879-467c-b771-1f93e3f6809f","kind":"bikerack","longitude":20.1315875,"latitude":46.2637967,"name":"Károlyi tároló","city":"Szeged","address":null,"covered":false,"access":null,"website":null,"phone":null,"source":"OpenStreetMap/node/1747306284","sourceUpdatedAt":"2026-04-04T22:53:48.870164+00:00","verifiedAt":null}},{"type":"Feature","geometry":{"type":"Point","coordinates":[20.1319396,46.2633375]},"properties":{"id":"bikerack:bd0e60d0-fc5d-41a5-b904-a1866c120b64","kind":"bikerack","longitude":20.1319396,"latitude":46.2633375,"name":"Biciklitároló","city":"Szeged","address":null,"covered":true,"access":null,"website":null,"phone":null,"source":"OpenStreetMap/way/1492514191","sourceUpdatedAt":"2026-04-04T22:50:04.678779+00:00","verifiedAt":null}},{"type":"Feature","geometry":{"type":"Point","coordinates":[20.145048,46.2569211]},"properties":{"id":"bikerack:bd5e611c-579e-4805-b80a-ed9f14a821f5","kind":"bikerack","longitude":20.145048,"latitude":46.2569211,"name":"Biciklitároló","city":"Szeged","address":null,"covered":false,"access":null,"website":null,"phone":null,"source":"OpenStreetMap/node/6610993607","sourceUpdatedAt":"2026-04-04T22:50:04.678779+00:00","verifiedAt":null}},{"type":"Feature","geometry":{"type":"Point","coordinates":[20.1434213,46.2404578]},"properties":{"id":"bikerack:bfe789de-5061-4956-854a-818cc3cd8195","kind":"bikerack","longitude":20.1434213,"latitude":46.2404578,"name":"Nagyállomás kerékpártároló","city":"Szeged","address":null,"covered":true,"access":null,"website":null,"phone":null,"source":"OpenStreetMap/node/1742367124","sourceUpdatedAt":"2026-04-04T22:53:48.050986+00:00","verifiedAt":null}},{"type":"Feature","geometry":{"type":"Point","coordinates":[20.103182,46.2747012]},"properties":{"id":"bikerack:c09bc9cb-651b-4fd1-ab5a-67766be9e75e","kind":"bikerack","longitude":20.103182,"latitude":46.2747012,"name":"Biciklitároló","city":"Szeged","address":null,"covered":false,"access":null,"website":null,"phone":null,"source":"OpenStreetMap/node/5263416632","sourceUpdatedAt":"2026-04-04T22:50:04.678779+00:00","verifiedAt":null}},{"type":"Feature","geometry":{"type":"Point","coordinates":[20.1041257,46.2800018]},"properties":{"id":"bikerack:c09fc55b-aa08-402d-9d3c-293f16f3a5f6","kind":"bikerack","longitude":20.1041257,"latitude":46.2800018,"name":"Biciklitároló","city":"Szeged","address":null,"covered":true,"access":null,"website":null,"phone":null,"source":"OpenStreetMap/node/12328300089","sourceUpdatedAt":"2026-04-04T22:50:04.678779+00:00","verifiedAt":null}},{"type":"Feature","geometry":{"type":"Point","coordinates":[20.1640433,46.2639951]},"properties":{"id":"bikerack:c22c4856-ac71-4d2a-b633-ea4befc025cb","kind":"bikerack","longitude":20.1640433,"latitude":46.2639951,"name":"Biciklitároló","city":"Szeged","address":null,"covered":false,"access":null,"website":null,"phone":null,"source":"OpenStreetMap/node/12025286647","sourceUpdatedAt":"2026-04-04T22:50:04.678779+00:00","verifiedAt":null}},{"type":"Feature","geometry":{"type":"Point","coordinates":[20.1317464,46.2630619]},"properties":{"id":"bikerack:c265dbcf-6ae8-4521-b31f-f99ae133245b","kind":"bikerack","longitude":20.1317464,"latitude":46.2630619,"name":"Biciklitároló","city":"Szeged","address":null,"covered":true,"access":null,"website":null,"phone":null,"source":"OpenStreetMap/way/1492514189","sourceUpdatedAt":"2026-04-04T22:50:04.678779+00:00","verifiedAt":null}},{"type":"Feature","geometry":{"type":"Point","coordinates":[20.1321823,46.2366627]},"properties":{"id":"bikerack:c2853578-a5a4-4686-8727-6c6bc8b8bebc","kind":"bikerack","longitude":20.1321823,"latitude":46.2366627,"name":"Biciklitároló","city":"Szeged","address":null,"covered":false,"access":null,"website":null,"phone":null,"source":"OpenStreetMap/node/6534070015","sourceUpdatedAt":"2026-04-04T22:50:04.678779+00:00","verifiedAt":null}},{"type":"Feature","geometry":{"type":"Point","coordinates":[20.1174296,46.2623141]},"properties":{"id":"bikerack:c315c7d9-1bae-47dd-a622-0084a0558d47","kind":"bikerack","longitude":20.1174296,"latitude":46.2623141,"name":"Biciklitároló","city":"Szeged","address":null,"covered":false,"access":null,"website":null,"phone":null,"source":"OpenStreetMap/way/1236717623","sourceUpdatedAt":"2026-04-04T22:50:04.678779+00:00","verifiedAt":null}},{"type":"Feature","geometry":{"type":"Point","coordinates":[20.1543366,46.2704371]},"properties":{"id":"bikerack:c3c58a2c-ceec-4830-98e1-6381e3d4842e","kind":"bikerack","longitude":20.1543366,"latitude":46.2704371,"name":"Biciklitároló","city":"Szeged","address":null,"covered":false,"access":null,"website":null,"phone":null,"source":"OpenStreetMap/node/8706484741","sourceUpdatedAt":"2026-04-04T22:50:04.678779+00:00","verifiedAt":null}},{"type":"Feature","geometry":{"type":"Point","coordinates":[20.1390023,46.2609235]},"properties":{"id":"bikerack:c3dd9687-e8bf-4302-819c-0373e4cd0a0f","kind":"bikerack","longitude":20.1390023,"latitude":46.2609235,"name":"Biciklitároló","city":"Szeged","address":null,"covered":false,"access":null,"website":null,"phone":null,"source":"OpenStreetMap/node/9253807572","sourceUpdatedAt":"2026-04-04T22:50:04.678779+00:00","verifiedAt":null}},{"type":"Feature","geometry":{"type":"Point","coordinates":[20.1449076,46.2535031]},"properties":{"id":"bikerack:c3e70c59-2a7e-4917-ab4b-7ac2d6820318","kind":"bikerack","longitude":20.1449076,"latitude":46.2535031,"name":"Biciklitároló","city":"Szeged","address":null,"covered":false,"access":null,"website":null,"phone":null,"source":"OpenStreetMap/node/3854547677","sourceUpdatedAt":"2026-04-04T22:50:04.678779+00:00","verifiedAt":null}},{"type":"Feature","geometry":{"type":"Point","coordinates":[20.1464208,46.2717979]},"properties":{"id":"bikerack:c440daba-7704-4ad3-bbfe-e598d1f0f266","kind":"bikerack","longitude":20.1464208,"latitude":46.2717979,"name":"Biciklitároló","city":"Szeged","address":null,"covered":false,"access":null,"website":null,"phone":null,"source":"OpenStreetMap/node/1265224043","sourceUpdatedAt":"2026-04-04T22:50:04.678779+00:00","verifiedAt":null}},{"type":"Feature","geometry":{"type":"Point","coordinates":[20.1383946,46.2421819]},"properties":{"id":"bikerack:c5317faa-4778-46b9-bcb9-95361790dfbe","kind":"bikerack","longitude":20.1383946,"latitude":46.2421819,"name":"Biciklitároló","city":"Szeged","address":null,"covered":false,"access":null,"website":null,"phone":null,"source":"OpenStreetMap/node/4772228752","sourceUpdatedAt":"2026-04-04T22:50:04.678779+00:00","verifiedAt":null}},{"type":"Feature","geometry":{"type":"Point","coordinates":[20.1799749,46.2286397]},"properties":{"id":"bikerack:c5ad3c8b-9596-4862-b77b-039ca4d05345","kind":"bikerack","longitude":20.1799749,"latitude":46.2286397,"name":"Biciklitároló","city":"Szeged","address":null,"covered":false,"access":null,"website":null,"phone":null,"source":"OpenStreetMap/node/8464633469","sourceUpdatedAt":"2026-04-04T22:50:04.678779+00:00","verifiedAt":null}},{"type":"Feature","geometry":{"type":"Point","coordinates":[20.1498069,46.2561645]},"properties":{"id":"bikerack:c5e3f217-e690-4595-b70b-bf01818cad01","kind":"bikerack","longitude":20.1498069,"latitude":46.2561645,"name":"Biciklitároló","city":"Szeged","address":null,"covered":false,"access":null,"website":null,"phone":null,"source":"OpenStreetMap/node/1260080015","sourceUpdatedAt":"2026-04-04T22:50:04.678779+00:00","verifiedAt":null}},{"type":"Feature","geometry":{"type":"Point","coordinates":[20.1513232,46.2561534]},"properties":{"id":"bikerack:c62c517d-2514-498d-a51a-fde47a1c19e5","kind":"bikerack","longitude":20.1513232,"latitude":46.2561534,"name":"Biciklitároló","city":"Szeged","address":null,"covered":false,"access":null,"website":null,"phone":null,"source":"OpenStreetMap/node/1274088337","sourceUpdatedAt":"2026-04-04T22:50:04.678779+00:00","verifiedAt":null}},{"type":"Feature","geometry":{"type":"Point","coordinates":[20.1386543,46.2689312]},"properties":{"id":"bikerack:c67105fd-a7c6-4f39-9a5b-cbb6eac07035","kind":"bikerack","longitude":20.1386543,"latitude":46.2689312,"name":"Biciklitároló","city":"Szeged","address":null,"covered":false,"access":null,"website":null,"phone":null,"source":"OpenStreetMap/node/11775026377","sourceUpdatedAt":"2026-04-04T22:50:04.678779+00:00","verifiedAt":null}},{"type":"Feature","geometry":{"type":"Point","coordinates":[20.1547623,46.2491662]},"properties":{"id":"bikerack:c69105ac-538e-45c4-961e-527afc521dde","kind":"bikerack","longitude":20.1547623,"latitude":46.2491662,"name":"Biciklitároló","city":"Szeged","address":null,"covered":false,"access":null,"website":null,"phone":null,"source":"OpenStreetMap/node/9006982258","sourceUpdatedAt":"2026-04-04T22:50:04.678779+00:00","verifiedAt":null}},{"type":"Feature","geometry":{"type":"Point","coordinates":[20.1242869,46.2442414]},"properties":{"id":"bikerack:c6c87dfa-0881-4823-967c-67bf55b0b008","kind":"bikerack","longitude":20.1242869,"latitude":46.2442414,"name":"Biciklitároló","city":"Szeged","address":null,"covered":true,"access":null,"website":null,"phone":null,"source":"OpenStreetMap/node/7607856113","sourceUpdatedAt":"2026-04-04T22:50:04.678779+00:00","verifiedAt":null}},{"type":"Feature","geometry":{"type":"Point","coordinates":[20.1042663,46.2798718]},"properties":{"id":"bikerack:c6fa219b-52fa-4e43-b64c-6cdb528fb1fa","kind":"bikerack","longitude":20.1042663,"latitude":46.2798718,"name":"Biciklitároló","city":"Szeged","address":null,"covered":true,"access":null,"website":null,"phone":null,"source":"OpenStreetMap/node/6032272157","sourceUpdatedAt":"2026-04-04T22:50:04.678779+00:00","verifiedAt":null}},{"type":"Feature","geometry":{"type":"Point","coordinates":[20.175147,46.2355938]},"properties":{"id":"bikerack:c7541df0-908b-4ad5-a037-afb3e5bbcd2b","kind":"bikerack","longitude":20.175147,"latitude":46.2355938,"name":"Biciklitároló","city":"Szeged","address":null,"covered":false,"access":null,"website":null,"phone":null,"source":"OpenStreetMap/node/6106248777","sourceUpdatedAt":"2026-04-04T22:50:04.678779+00:00","verifiedAt":null}},{"type":"Feature","geometry":{"type":"Point","coordinates":[20.1466365,46.2448007]},"properties":{"id":"bikerack:c7a46537-5648-45b7-a81f-6712e637e274","kind":"bikerack","longitude":20.1466365,"latitude":46.2448007,"name":"Biciklitároló","city":"Szeged","address":null,"covered":false,"access":null,"website":null,"phone":null,"source":"OpenStreetMap/node/12535741379","sourceUpdatedAt":"2026-04-04T22:50:04.678779+00:00","verifiedAt":null}},{"type":"Feature","geometry":{"type":"Point","coordinates":[20.0996293,46.2645922]},"properties":{"id":"bikerack:c81a4b48-6bc8-4250-9674-c5e41c151f9e","kind":"bikerack","longitude":20.0996293,"latitude":46.2645922,"name":"Biciklitároló","city":"Szeged","address":null,"covered":false,"access":null,"website":null,"phone":null,"source":"OpenStreetMap/node/6973901384","sourceUpdatedAt":"2026-04-04T22:50:04.678779+00:00","verifiedAt":null}},{"type":"Feature","geometry":{"type":"Point","coordinates":[20.1412317,46.2539623]},"properties":{"id":"bikerack:c89bb3a9-c9e6-4b96-82ab-6ea0f37f5dc2","kind":"bikerack","longitude":20.1412317,"latitude":46.2539623,"name":"Biciklitároló","city":"Szeged","address":null,"covered":false,"access":null,"website":null,"phone":null,"source":"OpenStreetMap/node/3854547672","sourceUpdatedAt":"2026-04-04T22:50:04.678779+00:00","verifiedAt":null}},{"type":"Feature","geometry":{"type":"Point","coordinates":[20.1524138,46.2554345]},"properties":{"id":"bikerack:c8c58c24-57f0-490d-9870-1fa7e5b1de1c","kind":"bikerack","longitude":20.1524138,"latitude":46.2554345,"name":"Biciklitároló","city":"Szeged","address":null,"covered":false,"access":null,"website":null,"phone":null,"source":"OpenStreetMap/node/6516201599","sourceUpdatedAt":"2026-04-04T22:50:04.678779+00:00","verifiedAt":null}},{"type":"Feature","geometry":{"type":"Point","coordinates":[20.1501281,46.2551611]},"properties":{"id":"bikerack:c8de33fe-bbe9-4c9f-9650-e29a2c2af1e1","kind":"bikerack","longitude":20.1501281,"latitude":46.2551611,"name":"Biciklitároló","city":"Szeged","address":null,"covered":false,"access":null,"website":null,"phone":null,"source":"OpenStreetMap/node/3854547666","sourceUpdatedAt":"2026-04-04T22:50:04.678779+00:00","verifiedAt":null}},{"type":"Feature","geometry":{"type":"Point","coordinates":[20.1458016,46.2478871]},"properties":{"id":"bikerack:c8fbc3ba-a27b-4bcf-8829-51a2a4e1b50b","kind":"bikerack","longitude":20.1458016,"latitude":46.2478871,"name":"Biciklitároló","city":"Szeged","address":null,"covered":false,"access":null,"website":null,"phone":null,"source":"OpenStreetMap/node/6120047353","sourceUpdatedAt":"2026-04-04T22:50:04.678779+00:00","verifiedAt":null}},{"type":"Feature","geometry":{"type":"Point","coordinates":[20.1145915,46.2603848]},"properties":{"id":"bikerack:c9342883-e533-4874-9e09-3e2397bb594c","kind":"bikerack","longitude":20.1145915,"latitude":46.2603848,"name":"Biciklitároló","city":"Szeged","address":null,"covered":false,"access":null,"website":null,"phone":null,"source":"OpenStreetMap/node/12138550739","sourceUpdatedAt":"2026-04-04T22:50:04.678779+00:00","verifiedAt":null}},{"type":"Feature","geometry":{"type":"Point","coordinates":[20.1362185,46.2406564]},"properties":{"id":"bikerack:c96de89d-f4f9-4b51-a0c9-d0b0765ae1df","kind":"bikerack","longitude":20.1362185,"latitude":46.2406564,"name":"Biciklitároló","city":"Szeged","address":null,"covered":false,"access":null,"website":null,"phone":null,"source":"OpenStreetMap/node/4404087131","sourceUpdatedAt":"2026-04-04T22:50:04.678779+00:00","verifiedAt":null}},{"type":"Feature","geometry":{"type":"Point","coordinates":[20.1392121,46.269391]},"properties":{"id":"bikerack:c9f14a8f-723e-4e51-a039-4f64df27ad2f","kind":"bikerack","longitude":20.1392121,"latitude":46.269391,"name":"Biciklitároló","city":"Szeged","address":null,"covered":false,"access":null,"website":null,"phone":null,"source":"OpenStreetMap/node/938250391","sourceUpdatedAt":"2026-04-04T22:50:04.678779+00:00","verifiedAt":null}},{"type":"Feature","geometry":{"type":"Point","coordinates":[20.1473695,46.2609968]},"properties":{"id":"bikerack:cab54b23-a8a6-463f-8dd8-478041a9a656","kind":"bikerack","longitude":20.1473695,"latitude":46.2609968,"name":"Klapka téri kerékpártároló","city":"Szeged","address":null,"covered":false,"access":null,"website":null,"phone":null,"source":"OpenStreetMap/node/5871820451","sourceUpdatedAt":"2026-04-04T22:53:49.280943+00:00","verifiedAt":null}},{"type":"Feature","geometry":{"type":"Point","coordinates":[20.149778,46.2722512]},"properties":{"id":"bikerack:cb5344f8-0939-4388-ae7c-25c7e30ec55d","kind":"bikerack","longitude":20.149778,"latitude":46.2722512,"name":"Makkosházi körút B+R","city":"Szeged","address":null,"covered":false,"access":null,"website":null,"phone":null,"source":"OpenStreetMap/node/6024391733","sourceUpdatedAt":"2026-04-04T22:53:53.62449+00:00","verifiedAt":null}},{"type":"Feature","geometry":{"type":"Point","coordinates":[20.1502324,46.2578409]},"properties":{"id":"bikerack:cb9f8fa7-a424-41e8-b7b4-f5ffb05ed88f","kind":"bikerack","longitude":20.1502324,"latitude":46.2578409,"name":"Biciklitároló","city":"Szeged","address":null,"covered":false,"access":null,"website":null,"phone":null,"source":"OpenStreetMap/node/5943232435","sourceUpdatedAt":"2026-04-04T22:50:04.678779+00:00","verifiedAt":null}},{"type":"Feature","geometry":{"type":"Point","coordinates":[20.1473485,46.2471308]},"properties":{"id":"bikerack:cba34d90-c0c3-41b8-817d-fc6a0c085a78","kind":"bikerack","longitude":20.1473485,"latitude":46.2471308,"name":"Biciklitároló","city":"Szeged","address":null,"covered":false,"access":null,"website":null,"phone":null,"source":"OpenStreetMap/node/4887763852","sourceUpdatedAt":"2026-04-04T22:50:04.678779+00:00","verifiedAt":null}},{"type":"Feature","geometry":{"type":"Point","coordinates":[20.0851736,46.2232019]},"properties":{"id":"bikerack:cde847db-4a7c-46a7-8d94-9e02d630400e","kind":"bikerack","longitude":20.0851736,"latitude":46.2232019,"name":"Biciklitároló","city":"Roszke","address":null,"covered":false,"access":null,"website":null,"phone":null,"source":"OpenStreetMap/node/4705216901","sourceUpdatedAt":"2026-04-04T22:50:04.678779+00:00","verifiedAt":null}},{"type":"Feature","geometry":{"type":"Point","coordinates":[20.1476073,46.2682355]},"properties":{"id":"bikerack:ce2f1105-8736-4fbe-8250-49b6eeaa147c","kind":"bikerack","longitude":20.1476073,"latitude":46.2682355,"name":"Biciklitároló","city":"Szeged","address":null,"covered":false,"access":null,"website":null,"phone":null,"source":"OpenStreetMap/node/8607804874","sourceUpdatedAt":"2026-04-04T22:50:04.678779+00:00","verifiedAt":null}},{"type":"Feature","geometry":{"type":"Point","coordinates":[20.1256135,46.2535892]},"properties":{"id":"bikerack:ce4c4410-05cb-435e-b79d-3770f50b30f8","kind":"bikerack","longitude":20.1256135,"latitude":46.2535892,"name":"Biciklitároló","city":"Szeged","address":null,"covered":false,"access":null,"website":null,"phone":null,"source":"OpenStreetMap/node/11104225377","sourceUpdatedAt":"2026-04-04T22:50:04.678779+00:00","verifiedAt":null}},{"type":"Feature","geometry":{"type":"Point","coordinates":[20.1582925,46.2440519]},"properties":{"id":"bikerack:cf940bee-6fcd-46ef-96fa-3db5165eb877","kind":"bikerack","longitude":20.1582925,"latitude":46.2440519,"name":"Biciklitároló","city":"Szeged","address":null,"covered":false,"access":null,"website":null,"phone":null,"source":"OpenStreetMap/node/4781392006","sourceUpdatedAt":"2026-04-04T22:50:04.678779+00:00","verifiedAt":null}},{"type":"Feature","geometry":{"type":"Point","coordinates":[20.1252245,46.2536129]},"properties":{"id":"bikerack:cfe911a2-ee97-4b1f-9277-8e85d5c33c38","kind":"bikerack","longitude":20.1252245,"latitude":46.2536129,"name":"Biciklitároló","city":"Szeged","address":null,"covered":false,"access":null,"website":null,"phone":null,"source":"OpenStreetMap/node/11104225378","sourceUpdatedAt":"2026-04-04T22:50:04.678779+00:00","verifiedAt":null}},{"type":"Feature","geometry":{"type":"Point","coordinates":[20.1549332,46.2592076]},"properties":{"id":"bikerack:d0c201d4-822f-4641-a675-21a5b5152439","kind":"bikerack","longitude":20.1549332,"latitude":46.2592076,"name":"Biciklitároló","city":"Szeged","address":null,"covered":false,"access":null,"website":null,"phone":null,"source":"OpenStreetMap/node/11196032997","sourceUpdatedAt":"2026-04-04T22:50:04.678779+00:00","verifiedAt":null}},{"type":"Feature","geometry":{"type":"Point","coordinates":[20.3413823,46.2671679]},"properties":{"id":"bikerack:d106fecc-6681-44fd-b25c-7a4e48f7220b","kind":"bikerack","longitude":20.3413823,"latitude":46.2671679,"name":"Biciklitároló","city":"Maroslele","address":null,"covered":true,"access":null,"website":null,"phone":null,"source":"OpenStreetMap/node/8479874129","sourceUpdatedAt":"2026-04-04T22:50:04.678779+00:00","verifiedAt":null}},{"type":"Feature","geometry":{"type":"Point","coordinates":[20.1418808,46.2536775]},"properties":{"id":"bikerack:d177f192-1c52-4081-bd21-15eb25b27d9b","kind":"bikerack","longitude":20.1418808,"latitude":46.2536775,"name":"Biciklitároló","city":"Szeged","address":null,"covered":false,"access":null,"website":null,"phone":null,"source":"OpenStreetMap/node/3854547670","sourceUpdatedAt":"2026-04-04T22:50:04.678779+00:00","verifiedAt":null}},{"type":"Feature","geometry":{"type":"Point","coordinates":[20.161502,46.2497636]},"properties":{"id":"bikerack:d18ef010-87e8-4a94-81bd-0a0ab31d154a","kind":"bikerack","longitude":20.161502,"latitude":46.2497636,"name":"Biciklitároló","city":"Szeged","address":null,"covered":false,"access":null,"website":null,"phone":null,"source":"OpenStreetMap/node/11982413116","sourceUpdatedAt":"2026-04-04T22:50:04.678779+00:00","verifiedAt":null}},{"type":"Feature","geometry":{"type":"Point","coordinates":[20.1271825,46.2655709]},"properties":{"id":"bikerack:d1e1d06f-9478-460f-bb27-f9910db438bb","kind":"bikerack","longitude":20.1271825,"latitude":46.2655709,"name":"Biciklitároló","city":"Szeged","address":null,"covered":false,"access":null,"website":null,"phone":null,"source":"OpenStreetMap/node/6708164492","sourceUpdatedAt":"2026-04-04T22:50:04.678779+00:00","verifiedAt":null}},{"type":"Feature","geometry":{"type":"Point","coordinates":[20.1433543,46.272496]},"properties":{"id":"bikerack:d2a1d5ab-36d1-4812-93db-8f5d506273cc","kind":"bikerack","longitude":20.1433543,"latitude":46.272496,"name":"Biciklitároló","city":"Szeged","address":null,"covered":false,"access":null,"website":null,"phone":null,"source":"OpenStreetMap/node/1262885459","sourceUpdatedAt":"2026-04-04T22:50:04.678779+00:00","verifiedAt":null}},{"type":"Feature","geometry":{"type":"Point","coordinates":[20.1578234,46.270624]},"properties":{"id":"bikerack:d2b0f751-da13-4894-83a6-674eb31b13b2","kind":"bikerack","longitude":20.1578234,"latitude":46.270624,"name":"Biciklitároló","city":"Szeged","address":null,"covered":false,"access":null,"website":null,"phone":null,"source":"OpenStreetMap/node/11941531782","sourceUpdatedAt":"2026-04-04T22:50:04.678779+00:00","verifiedAt":null}},{"type":"Feature","geometry":{"type":"Point","coordinates":[20.1479929,46.2536564]},"properties":{"id":"bikerack:d2eb60eb-6d58-4fcf-b453-47835a7cce21","kind":"bikerack","longitude":20.1479929,"latitude":46.2536564,"name":"Biciklitároló","city":"Szeged","address":null,"covered":false,"access":null,"website":null,"phone":null,"source":"OpenStreetMap/node/1265213627","sourceUpdatedAt":"2026-04-04T22:50:04.678779+00:00","verifiedAt":null}},{"type":"Feature","geometry":{"type":"Point","coordinates":[20.1466602,46.2495657]},"properties":{"id":"bikerack:d523dc0d-e085-4b7b-a759-3567d98f4b77","kind":"bikerack","longitude":20.1466602,"latitude":46.2495657,"name":"Biciklitároló","city":"Szeged","address":null,"covered":false,"access":null,"website":null,"phone":null,"source":"OpenStreetMap/node/7958863245","sourceUpdatedAt":"2026-04-04T22:50:04.678779+00:00","verifiedAt":null}},{"type":"Feature","geometry":{"type":"Point","coordinates":[20.0984654,46.2647532]},"properties":{"id":"bikerack:d5643b96-9b85-4b9c-bf51-5f78a17f543a","kind":"bikerack","longitude":20.0984654,"latitude":46.2647532,"name":"Biciklitároló","city":"Szeged","address":null,"covered":false,"access":null,"website":null,"phone":null,"source":"OpenStreetMap/node/6973901382","sourceUpdatedAt":"2026-04-04T22:50:04.678779+00:00","verifiedAt":null}},{"type":"Feature","geometry":{"type":"Point","coordinates":[20.1466831,46.2467159]},"properties":{"id":"bikerack:d58b2335-960f-4bf7-9a79-0fc4ec4d0789","kind":"bikerack","longitude":20.1466831,"latitude":46.2467159,"name":"Biciklitároló","city":"Szeged","address":null,"covered":false,"access":null,"website":null,"phone":null,"source":"OpenStreetMap/node/5913767038","sourceUpdatedAt":"2026-04-04T22:50:04.678779+00:00","verifiedAt":null}},{"type":"Feature","geometry":{"type":"Point","coordinates":[20.1468859,46.2542981]},"properties":{"id":"bikerack:d6d539d4-adb9-4d23-9c2c-a22eccdba022","kind":"bikerack","longitude":20.1468859,"latitude":46.2542981,"name":"Biciklitároló","city":"Szeged","address":null,"covered":false,"access":null,"website":null,"phone":null,"source":"OpenStreetMap/node/7526850136","sourceUpdatedAt":"2026-04-04T22:50:04.678779+00:00","verifiedAt":null}},{"type":"Feature","geometry":{"type":"Point","coordinates":[20.1488522,46.2471046]},"properties":{"id":"bikerack:d7465d1f-6f21-464f-bf24-3525081df842","kind":"bikerack","longitude":20.1488522,"latitude":46.2471046,"name":"Biciklitároló","city":"Szeged","address":null,"covered":true,"access":null,"website":null,"phone":null,"source":"OpenStreetMap/way/668762965","sourceUpdatedAt":"2026-04-04T22:50:04.678779+00:00","verifiedAt":null}},{"type":"Feature","geometry":{"type":"Point","coordinates":[20.1462689,46.2497673]},"properties":{"id":"bikerack:d7ddd027-3f14-48e3-960a-5f17a48b1444","kind":"bikerack","longitude":20.1462689,"latitude":46.2497673,"name":"Biciklitároló","city":"Szeged","address":null,"covered":false,"access":null,"website":null,"phone":null,"source":"OpenStreetMap/node/1265209682","sourceUpdatedAt":"2026-04-04T22:50:04.678779+00:00","verifiedAt":null}},{"type":"Feature","geometry":{"type":"Point","coordinates":[20.1462436,46.2555802]},"properties":{"id":"bikerack:d9917114-cdb7-4a01-98c4-1e2a9b5c6ad9","kind":"bikerack","longitude":20.1462436,"latitude":46.2555802,"name":"Biciklitároló","city":"Szeged","address":null,"covered":false,"access":null,"website":null,"phone":null,"source":"OpenStreetMap/node/6952565963","sourceUpdatedAt":"2026-04-04T22:50:04.678779+00:00","verifiedAt":null}},{"type":"Feature","geometry":{"type":"Point","coordinates":[20.118343,46.2518459]},"properties":{"id":"bikerack:da4726ed-5471-4cc0-9bac-3e428124527c","kind":"bikerack","longitude":20.118343,"latitude":46.2518459,"name":"Vadasparki kerékpártároló","city":"Szeged","address":null,"covered":false,"access":null,"website":null,"phone":null,"source":"OpenStreetMap/node/1324569279","sourceUpdatedAt":"2026-04-04T22:53:48.311006+00:00","verifiedAt":null}},{"type":"Feature","geometry":{"type":"Point","coordinates":[20.1973384,46.2208482]},"properties":{"id":"bikerack:db176b4c-ef74-41f5-8637-eed8297773f8","kind":"bikerack","longitude":20.1973384,"latitude":46.2208482,"name":"Biciklitároló","city":"Deszk","address":null,"covered":false,"access":null,"website":null,"phone":null,"source":"OpenStreetMap/node/13617263075","sourceUpdatedAt":"2026-04-04T22:50:04.678779+00:00","verifiedAt":null}},{"type":"Feature","geometry":{"type":"Point","coordinates":[20.0962673,46.2684241]},"properties":{"id":"bikerack:db40e81b-300c-40e0-97a0-2db28b48761d","kind":"bikerack","longitude":20.0962673,"latitude":46.2684241,"name":"Biciklitároló","city":"Szeged","address":null,"covered":false,"access":null,"website":null,"phone":null,"source":"OpenStreetMap/node/6973920398","sourceUpdatedAt":"2026-04-04T22:50:04.678779+00:00","verifiedAt":null}},{"type":"Feature","geometry":{"type":"Point","coordinates":[20.1391099,46.2708294]},"properties":{"id":"bikerack:dbd1b8c9-fd18-42ea-a955-0043f3303324","kind":"bikerack","longitude":20.1391099,"latitude":46.2708294,"name":"Szeged Rókus II. Ált. Isk. B+R","city":"Szeged","address":null,"covered":false,"access":null,"website":null,"phone":null,"source":"OpenStreetMap/node/7812420167","sourceUpdatedAt":"2026-04-04T22:53:54.459744+00:00","verifiedAt":null}},{"type":"Feature","geometry":{"type":"Point","coordinates":[20.1602391,46.2730446]},"properties":{"id":"bikerack:dc9c3fd0-903c-4aa3-b007-b1bd68758762","kind":"bikerack","longitude":20.1602391,"latitude":46.2730446,"name":"Biciklitároló","city":"Szeged","address":null,"covered":false,"access":null,"website":null,"phone":null,"source":"OpenStreetMap/node/12356385213","sourceUpdatedAt":"2026-04-04T22:50:04.678779+00:00","verifiedAt":null}},{"type":"Feature","geometry":{"type":"Point","coordinates":[20.237833,46.2184141]},"properties":{"id":"bikerack:dcb6a101-759f-4bc4-ad7c-4ed9a84640d3","kind":"bikerack","longitude":20.237833,"latitude":46.2184141,"name":"Biciklitároló","city":"Deszk","address":null,"covered":false,"access":null,"website":null,"phone":null,"source":"OpenStreetMap/node/8464478794","sourceUpdatedAt":"2026-04-04T22:50:04.678779+00:00","verifiedAt":null}},{"type":"Feature","geometry":{"type":"Point","coordinates":[20.1589001,46.2316728]},"properties":{"id":"bikerack:dd3757cf-506c-4a73-91a0-e16c333ea226","kind":"bikerack","longitude":20.1589001,"latitude":46.2316728,"name":"Biciklitároló","city":"Szeged","address":null,"covered":false,"access":null,"website":null,"phone":null,"source":"OpenStreetMap/node/4956688756","sourceUpdatedAt":"2026-04-04T22:50:04.678779+00:00","verifiedAt":null}},{"type":"Feature","geometry":{"type":"Point","coordinates":[20.1459138,46.2495482]},"properties":{"id":"bikerack:de0d0722-a557-45cc-8f73-9ed80d97b9f8","kind":"bikerack","longitude":20.1459138,"latitude":46.2495482,"name":"Biciklitároló","city":"Szeged","address":null,"covered":false,"access":null,"website":null,"phone":null,"source":"OpenStreetMap/node/1265210235","sourceUpdatedAt":"2026-04-04T22:50:04.678779+00:00","verifiedAt":null}},{"type":"Feature","geometry":{"type":"Point","coordinates":[20.1590506,46.2496424]},"properties":{"id":"bikerack:debaef0f-a15c-4fff-ab0c-b7fa795792bd","kind":"bikerack","longitude":20.1590506,"latitude":46.2496424,"name":"Biciklitároló","city":"Szeged","address":null,"covered":false,"access":null,"website":null,"phone":null,"source":"OpenStreetMap/node/3854547682","sourceUpdatedAt":"2026-04-04T22:50:04.678779+00:00","verifiedAt":null}},{"type":"Feature","geometry":{"type":"Point","coordinates":[20.1465193,46.2441239]},"properties":{"id":"bikerack:deef950b-0d51-4056-b752-eab6cc448827","kind":"bikerack","longitude":20.1465193,"latitude":46.2441239,"name":"Biciklitároló","city":"Szeged","address":null,"covered":true,"access":null,"website":null,"phone":null,"source":"OpenStreetMap/way/1128246878","sourceUpdatedAt":"2026-04-04T22:50:04.678779+00:00","verifiedAt":null}},{"type":"Feature","geometry":{"type":"Point","coordinates":[20.1467695,46.2493901]},"properties":{"id":"bikerack:df1b2c98-6d68-43d5-900f-d40ecd98b56e","kind":"bikerack","longitude":20.1467695,"latitude":46.2493901,"name":"Biciklitároló","city":"Szeged","address":null,"covered":false,"access":null,"website":null,"phone":null,"source":"OpenStreetMap/node/1753002811","sourceUpdatedAt":"2026-04-04T22:50:04.678779+00:00","verifiedAt":null}},{"type":"Feature","geometry":{"type":"Point","coordinates":[20.1060399,46.2747714]},"properties":{"id":"bikerack:df2d9056-62bf-47dc-b7a5-707322e0fbf7","kind":"bikerack","longitude":20.1060399,"latitude":46.2747714,"name":"Biciklitároló","city":"Szeged","address":null,"covered":false,"access":null,"website":null,"phone":null,"source":"OpenStreetMap/node/6295280027","sourceUpdatedAt":"2026-04-04T22:50:04.678779+00:00","verifiedAt":null}},{"type":"Feature","geometry":{"type":"Point","coordinates":[20.1392434,46.2544393]},"properties":{"id":"bikerack:df2ec452-b3be-46be-8bf4-90eb7b8dc509","kind":"bikerack","longitude":20.1392434,"latitude":46.2544393,"name":"Biciklitároló","city":"Szeged","address":null,"covered":false,"access":null,"website":null,"phone":null,"source":"OpenStreetMap/node/3854547674","sourceUpdatedAt":"2026-04-04T22:50:04.678779+00:00","verifiedAt":null}},{"type":"Feature","geometry":{"type":"Point","coordinates":[20.1448691,46.2507528]},"properties":{"id":"bikerack:df91b04c-030c-48f3-b8eb-dad88728ae7c","kind":"bikerack","longitude":20.1448691,"latitude":46.2507528,"name":"Biciklitároló","city":"Szeged","address":null,"covered":false,"access":null,"website":null,"phone":null,"source":"OpenStreetMap/node/3654661266","sourceUpdatedAt":"2026-04-04T22:50:04.678779+00:00","verifiedAt":null}},{"type":"Feature","geometry":{"type":"Point","coordinates":[20.1970981,46.217588]},"properties":{"id":"bikerack:e05a1711-29c4-4700-ad3f-5405639cce44","kind":"bikerack","longitude":20.1970981,"latitude":46.217588,"name":"Biciklitároló","city":"Deszk","address":null,"covered":false,"access":null,"website":null,"phone":null,"source":"OpenStreetMap/node/13343992776","sourceUpdatedAt":"2026-04-04T22:50:04.678779+00:00","verifiedAt":null}},{"type":"Feature","geometry":{"type":"Point","coordinates":[20.1466703,46.2554145]},"properties":{"id":"bikerack:e168a1fb-6675-47eb-bb07-1efca3d6193a","kind":"bikerack","longitude":20.1466703,"latitude":46.2554145,"name":"Biciklitároló","city":"Szeged","address":null,"covered":false,"access":null,"website":null,"phone":null,"source":"OpenStreetMap/way/629535512","sourceUpdatedAt":"2026-04-04T22:50:04.678779+00:00","verifiedAt":null}},{"type":"Feature","geometry":{"type":"Point","coordinates":[20.1494024,46.272789]},"properties":{"id":"bikerack:e1d56f87-d070-4f28-a643-8aeb22215ecb","kind":"bikerack","longitude":20.1494024,"latitude":46.272789,"name":"Biciklitároló","city":"Szeged","address":null,"covered":false,"access":null,"website":null,"phone":null,"source":"OpenStreetMap/node/8629586775","sourceUpdatedAt":"2026-05-03T11:15:33.937061+00:00","verifiedAt":null}},{"type":"Feature","geometry":{"type":"Point","coordinates":[20.148942,46.2524831]},"properties":{"id":"bikerack:e1d9dfc9-c79b-447b-92e4-ebbd4d33a2db","kind":"bikerack","longitude":20.148942,"latitude":46.2524831,"name":"Biciklitároló","city":"Szeged","address":null,"covered":false,"access":null,"website":null,"phone":null,"source":"OpenStreetMap/way/676878143","sourceUpdatedAt":"2026-04-04T22:50:04.678779+00:00","verifiedAt":null}},{"type":"Feature","geometry":{"type":"Point","coordinates":[20.1440612,46.2505875]},"properties":{"id":"bikerack:e252075e-475b-4844-b0e3-5213de9abd8c","kind":"bikerack","longitude":20.1440612,"latitude":46.2505875,"name":"Biciklitároló","city":"Szeged","address":null,"covered":true,"access":null,"website":null,"phone":null,"source":"OpenStreetMap/node/3854547663","sourceUpdatedAt":"2026-04-04T22:50:04.678779+00:00","verifiedAt":null}},{"type":"Feature","geometry":{"type":"Point","coordinates":[20.1450413,46.2491579]},"properties":{"id":"bikerack:e25c1c35-5967-451e-8a05-e4ef115c2c5b","kind":"bikerack","longitude":20.1450413,"latitude":46.2491579,"name":"Biciklitároló","city":"Szeged","address":null,"covered":false,"access":null,"website":null,"phone":null,"source":"OpenStreetMap/node/6120047355","sourceUpdatedAt":"2026-04-04T22:50:04.678779+00:00","verifiedAt":null}},{"type":"Feature","geometry":{"type":"Point","coordinates":[20.1465227,46.2504878]},"properties":{"id":"bikerack:e2f63628-1e89-4360-acd7-6206d9f1bd2d","kind":"bikerack","longitude":20.1465227,"latitude":46.2504878,"name":"Biciklitároló","city":"Szeged","address":null,"covered":false,"access":null,"website":null,"phone":null,"source":"OpenStreetMap/node/6096470788","sourceUpdatedAt":"2026-04-24T15:20:02.406669+00:00","verifiedAt":null}},{"type":"Feature","geometry":{"type":"Point","coordinates":[20.1416698,46.2537763]},"properties":{"id":"bikerack:e381404e-d9de-4589-b594-c5eac4630a53","kind":"bikerack","longitude":20.1416698,"latitude":46.2537763,"name":"Biciklitároló","city":"Szeged","address":null,"covered":false,"access":null,"website":null,"phone":null,"source":"OpenStreetMap/node/12023302637","sourceUpdatedAt":"2026-04-04T22:50:04.678779+00:00","verifiedAt":null}},{"type":"Feature","geometry":{"type":"Point","coordinates":[20.14493,46.2504443]},"properties":{"id":"bikerack:e3a6a0f7-cbf1-4110-8a1e-c95383713b0c","kind":"bikerack","longitude":20.14493,"latitude":46.2504443,"name":"Biciklitároló","city":"Szeged","address":null,"covered":false,"access":null,"website":null,"phone":null,"source":"OpenStreetMap/node/1265212662","sourceUpdatedAt":"2026-04-04T22:50:04.678779+00:00","verifiedAt":null}},{"type":"Feature","geometry":{"type":"Point","coordinates":[20.1296716,46.2792032]},"properties":{"id":"bikerack:e3c7d743-8322-441b-bcd2-a7e7cf63f0f9","kind":"bikerack","longitude":20.1296716,"latitude":46.2792032,"name":"Biciklitároló","city":"Szeged","address":null,"covered":false,"access":null,"website":null,"phone":null,"source":"OpenStreetMap/node/11160905234","sourceUpdatedAt":"2026-04-04T22:50:04.678779+00:00","verifiedAt":null}},{"type":"Feature","geometry":{"type":"Point","coordinates":[20.14966,46.2687319]},"properties":{"id":"bikerack:e478a7d7-cc86-4da0-bb2e-a3d5a591200e","kind":"bikerack","longitude":20.14966,"latitude":46.2687319,"name":"Biciklitároló","city":"Szeged","address":null,"covered":false,"access":null,"website":null,"phone":null,"source":"OpenStreetMap/node/8557009284","sourceUpdatedAt":"2026-04-04T22:50:04.678779+00:00","verifiedAt":null}},{"type":"Feature","geometry":{"type":"Point","coordinates":[20.1290327,46.2621624]},"properties":{"id":"bikerack:e4f121c4-f438-47ac-80f0-eb24c11e93d3","kind":"bikerack","longitude":20.1290327,"latitude":46.2621624,"name":"Biciklitároló","city":"Szeged","address":null,"covered":false,"access":null,"website":null,"phone":null,"source":"OpenStreetMap/node/1326280310","sourceUpdatedAt":"2026-04-04T22:50:04.678779+00:00","verifiedAt":null}},{"type":"Feature","geometry":{"type":"Point","coordinates":[20.1578514,46.2731855]},"properties":{"id":"bikerack:e550cbe1-a60f-4490-9673-a97e73758da6","kind":"bikerack","longitude":20.1578514,"latitude":46.2731855,"name":"Biciklitároló","city":"Szeged","address":null,"covered":false,"access":null,"website":null,"phone":null,"source":"OpenStreetMap/node/11236722532","sourceUpdatedAt":"2026-04-04T22:50:04.678779+00:00","verifiedAt":null}},{"type":"Feature","geometry":{"type":"Point","coordinates":[20.1256639,46.2667197]},"properties":{"id":"bikerack:e56dd6c6-5433-43d5-b745-e58b1d3af348","kind":"bikerack","longitude":20.1256639,"latitude":46.2667197,"name":"Biciklitároló","city":"Szeged","address":null,"covered":false,"access":null,"website":null,"phone":null,"source":"OpenStreetMap/node/9103641853","sourceUpdatedAt":"2026-04-04T22:50:04.678779+00:00","verifiedAt":null}},{"type":"Feature","geometry":{"type":"Point","coordinates":[20.1331377,46.2344792]},"properties":{"id":"bikerack:e6b7ed46-502c-446b-9f14-94ce860588dd","kind":"bikerack","longitude":20.1331377,"latitude":46.2344792,"name":"Biciklitároló","city":"Szeged","address":null,"covered":false,"access":null,"website":null,"phone":null,"source":"OpenStreetMap/node/6282716778","sourceUpdatedAt":"2026-04-04T22:50:04.678779+00:00","verifiedAt":null}},{"type":"Feature","geometry":{"type":"Point","coordinates":[20.1968049,46.2210296]},"properties":{"id":"bikerack:e6d7cdcc-7cc9-400c-9c3b-d2dce24fc668","kind":"bikerack","longitude":20.1968049,"latitude":46.2210296,"name":"Biciklitároló","city":"Deszk","address":null,"covered":false,"access":null,"website":null,"phone":null,"source":"OpenStreetMap/node/13343992773","sourceUpdatedAt":"2026-04-04T22:50:04.678779+00:00","verifiedAt":null}},{"type":"Feature","geometry":{"type":"Point","coordinates":[20.1644135,46.2640815]},"properties":{"id":"bikerack:e6f588d1-e4e4-4833-a465-a37559cdeba5","kind":"bikerack","longitude":20.1644135,"latitude":46.2640815,"name":"Biciklitároló","city":"Szeged","address":null,"covered":false,"access":null,"website":null,"phone":null,"source":"OpenStreetMap/node/6185054550","sourceUpdatedAt":"2026-04-04T22:50:04.678779+00:00","verifiedAt":null}},{"type":"Feature","geometry":{"type":"Point","coordinates":[20.1746094,46.2582369]},"properties":{"id":"bikerack:e70dc46b-2621-4c43-9ca5-67c2dbe93843","kind":"bikerack","longitude":20.1746094,"latitude":46.2582369,"name":"Biciklitároló","city":"Szeged","address":null,"covered":false,"access":null,"website":null,"phone":null,"source":"OpenStreetMap/node/10709361244","sourceUpdatedAt":"2026-04-04T22:50:04.678779+00:00","verifiedAt":null}},{"type":"Feature","geometry":{"type":"Point","coordinates":[20.157566,46.2737082]},"properties":{"id":"bikerack:e75822e1-851e-4eec-a320-fde4d50badb2","kind":"bikerack","longitude":20.157566,"latitude":46.2737082,"name":"Biciklitároló","city":"Szeged","address":null,"covered":false,"access":null,"website":null,"phone":null,"source":"OpenStreetMap/node/11236722531","sourceUpdatedAt":"2026-04-04T22:50:04.678779+00:00","verifiedAt":null}},{"type":"Feature","geometry":{"type":"Point","coordinates":[20.1279134,46.2663483]},"properties":{"id":"bikerack:e8701f8c-b29c-4728-aa88-f7e76738dd21","kind":"bikerack","longitude":20.1279134,"latitude":46.2663483,"name":"Biciklitároló","city":"Szeged","address":null,"covered":false,"access":null,"website":null,"phone":null,"source":"OpenStreetMap/node/6286393358","sourceUpdatedAt":"2026-04-04T22:50:04.678779+00:00","verifiedAt":null}},{"type":"Feature","geometry":{"type":"Point","coordinates":[20.1340311,46.2558602]},"properties":{"id":"bikerack:e936871e-9aa1-4dae-a97d-6dd39b5ecc32","kind":"bikerack","longitude":20.1340311,"latitude":46.2558602,"name":"Huszár utcai kerékpártároló","city":"Szeged","address":null,"covered":false,"access":null,"website":null,"phone":null,"source":"OpenStreetMap/node/1754606899","sourceUpdatedAt":"2026-04-04T22:53:48.818664+00:00","verifiedAt":null}},{"type":"Feature","geometry":{"type":"Point","coordinates":[20.1536619,46.2544901]},"properties":{"id":"bikerack:eac5c8f6-9995-4c8e-a8b7-ea0b229369ae","kind":"bikerack","longitude":20.1536619,"latitude":46.2544901,"name":"Biciklitároló","city":"Szeged","address":null,"covered":false,"access":null,"website":null,"phone":null,"source":"OpenStreetMap/node/8704146187","sourceUpdatedAt":"2026-04-04T22:50:04.678779+00:00","verifiedAt":null}},{"type":"Feature","geometry":{"type":"Point","coordinates":[20.1575753,46.2364252]},"properties":{"id":"bikerack:ec972779-898a-4efa-9d0c-8266c602c63a","kind":"bikerack","longitude":20.1575753,"latitude":46.2364252,"name":"Biciklitároló","city":"Szeged","address":null,"covered":false,"access":null,"website":null,"phone":null,"source":"OpenStreetMap/node/9778630858","sourceUpdatedAt":"2026-04-04T22:50:04.678779+00:00","verifiedAt":null}},{"type":"Feature","geometry":{"type":"Point","coordinates":[20.1633625,46.2459324]},"properties":{"id":"bikerack:eccac2aa-8bcf-4cd7-8151-2cbdf1cb60d7","kind":"bikerack","longitude":20.1633625,"latitude":46.2459324,"name":"Biciklitároló","city":"Szeged","address":null,"covered":false,"access":null,"website":null,"phone":null,"source":"OpenStreetMap/node/6502119412","sourceUpdatedAt":"2026-04-04T22:50:04.678779+00:00","verifiedAt":null}},{"type":"Feature","geometry":{"type":"Point","coordinates":[20.1673096,46.2684524]},"properties":{"id":"bikerack:ed6fe1f6-189d-48e1-ab8c-319ea83842a2","kind":"bikerack","longitude":20.1673096,"latitude":46.2684524,"name":"Biciklitároló","city":"Szeged","address":null,"covered":false,"access":null,"website":null,"phone":null,"source":"OpenStreetMap/node/9006999242","sourceUpdatedAt":"2026-04-04T22:50:04.678779+00:00","verifiedAt":null}},{"type":"Feature","geometry":{"type":"Point","coordinates":[20.1537509,46.2547973]},"properties":{"id":"bikerack:edcf056d-4289-4c5a-8196-546d81990c97","kind":"bikerack","longitude":20.1537509,"latitude":46.2547973,"name":"Biciklitároló","city":"Szeged","address":null,"covered":false,"access":null,"website":null,"phone":null,"source":"OpenStreetMap/node/4887769790","sourceUpdatedAt":"2026-04-04T22:50:04.678779+00:00","verifiedAt":null}},{"type":"Feature","geometry":{"type":"Point","coordinates":[20.1188423,46.2401364]},"properties":{"id":"bikerack:ef14cacd-35c0-44eb-b4da-c5896a9a5cc7","kind":"bikerack","longitude":20.1188423,"latitude":46.2401364,"name":"B+R","city":"Szeged","address":null,"covered":true,"access":null,"website":null,"phone":null,"source":"OpenStreetMap/node/4705216716","sourceUpdatedAt":"2026-04-04T22:50:04.687666+00:00","verifiedAt":null}},{"type":"Feature","geometry":{"type":"Point","coordinates":[20.141509,46.2453109]},"properties":{"id":"bikerack:f1203fa0-a2a0-46d3-a241-e8cad197fff0","kind":"bikerack","longitude":20.141509,"latitude":46.2453109,"name":"Biciklitároló","city":"Szeged","address":null,"covered":false,"access":null,"website":null,"phone":null,"source":"OpenStreetMap/node/11933130453","sourceUpdatedAt":"2026-04-04T22:50:04.678779+00:00","verifiedAt":null}},{"type":"Feature","geometry":{"type":"Point","coordinates":[20.1570118,46.249059]},"properties":{"id":"bikerack:f16e7665-1518-4d89-bba0-3199a4d923ce","kind":"bikerack","longitude":20.1570118,"latitude":46.249059,"name":"Biciklitároló","city":"Szeged","address":null,"covered":false,"access":null,"website":null,"phone":null,"source":"OpenStreetMap/node/3854547684","sourceUpdatedAt":"2026-04-04T22:50:04.678779+00:00","verifiedAt":null}},{"type":"Feature","geometry":{"type":"Point","coordinates":[20.1320411,46.253082]},"properties":{"id":"bikerack:f2bee848-caef-4207-9a43-0ad050e3ad12","kind":"bikerack","longitude":20.1320411,"latitude":46.253082,"name":"Kálvária téri kerékpáros pihenőhely","city":"Szeged","address":null,"covered":false,"access":null,"website":null,"phone":null,"source":"OpenStreetMap/node/1762872548","sourceUpdatedAt":"2026-04-04T22:53:48.885719+00:00","verifiedAt":null}},{"type":"Feature","geometry":{"type":"Point","coordinates":[20.1548279,46.2554533]},"properties":{"id":"bikerack:f2cca1cb-159f-4660-9dd8-35d318c90724","kind":"bikerack","longitude":20.1548279,"latitude":46.2554533,"name":"Biciklitároló","city":"Szeged","address":null,"covered":false,"access":null,"website":null,"phone":null,"source":"OpenStreetMap/node/6389298735","sourceUpdatedAt":"2026-04-04T22:50:04.678779+00:00","verifiedAt":null}},{"type":"Feature","geometry":{"type":"Point","coordinates":[20.1465842,46.2713411]},"properties":{"id":"bikerack:f3978b5b-3200-4996-9741-7fda31b6c52e","kind":"bikerack","longitude":20.1465842,"latitude":46.2713411,"name":"Biciklitároló","city":"Szeged","address":null,"covered":false,"access":null,"website":null,"phone":null,"source":"OpenStreetMap/node/7352354845","sourceUpdatedAt":"2026-04-04T22:50:04.678779+00:00","verifiedAt":null}},{"type":"Feature","geometry":{"type":"Point","coordinates":[20.152319,46.2514697]},"properties":{"id":"bikerack:f45acf55-efbf-4f6d-8d3c-9e0c63e7e8b1","kind":"bikerack","longitude":20.152319,"latitude":46.2514697,"name":"Biciklitároló","city":"Szeged","address":null,"covered":false,"access":null,"website":null,"phone":null,"source":"OpenStreetMap/node/1272143301","sourceUpdatedAt":"2026-04-04T22:50:04.678779+00:00","verifiedAt":null}},{"type":"Feature","geometry":{"type":"Point","coordinates":[20.1506407,46.248634]},"properties":{"id":"bikerack:f468f7a7-b3e7-45ac-bcb4-2216138fc3dc","kind":"bikerack","longitude":20.1506407,"latitude":46.248634,"name":"Biciklitároló","city":"Szeged","address":null,"covered":false,"access":null,"website":null,"phone":null,"source":"OpenStreetMap/node/5134582417","sourceUpdatedAt":"2026-04-04T22:50:04.678779+00:00","verifiedAt":null}},{"type":"Feature","geometry":{"type":"Point","coordinates":[20.1515984,46.2693677]},"properties":{"id":"bikerack:f4c06798-b145-47d1-b06e-c4503504cc48","kind":"bikerack","longitude":20.1515984,"latitude":46.2693677,"name":"Biciklitároló","city":"Szeged","address":null,"covered":false,"access":null,"website":null,"phone":null,"source":"OpenStreetMap/node/11035336526","sourceUpdatedAt":"2026-04-04T22:50:04.678779+00:00","verifiedAt":null}},{"type":"Feature","geometry":{"type":"Point","coordinates":[20.147,46.2526448]},"properties":{"id":"bikerack:f51295c9-e73a-4a84-b9ff-07384773fb51","kind":"bikerack","longitude":20.147,"latitude":46.2526448,"name":"Biciklitároló","city":"Szeged","address":null,"covered":false,"access":null,"website":null,"phone":null,"source":"OpenStreetMap/node/6338350005","sourceUpdatedAt":"2026-04-04T22:50:04.678779+00:00","verifiedAt":null}},{"type":"Feature","geometry":{"type":"Point","coordinates":[20.1428788,46.239508]},"properties":{"id":"bikerack:f5d164c6-4931-42fc-8073-4e813f757d50","kind":"bikerack","longitude":20.1428788,"latitude":46.239508,"name":"Biciklitároló","city":"Szeged","address":null,"covered":false,"access":null,"website":null,"phone":null,"source":"OpenStreetMap/node/3654712007","sourceUpdatedAt":"2026-04-04T22:50:04.678779+00:00","verifiedAt":null}},{"type":"Feature","geometry":{"type":"Point","coordinates":[20.151443,46.2738662]},"properties":{"id":"bikerack:f5e66f6b-ddae-4fee-9dda-8f65f97fcbea","kind":"bikerack","longitude":20.151443,"latitude":46.2738662,"name":"Biciklitároló","city":"Szeged","address":null,"covered":false,"access":null,"website":null,"phone":null,"source":"OpenStreetMap/node/12875257215","sourceUpdatedAt":"2026-04-04T22:50:04.678779+00:00","verifiedAt":null}},{"type":"Feature","geometry":{"type":"Point","coordinates":[20.1475585,46.2461437]},"properties":{"id":"bikerack:f665485e-072d-4a40-ac2a-7191738052f5","kind":"bikerack","longitude":20.1475585,"latitude":46.2461437,"name":"Biciklitároló","city":"Szeged","address":null,"covered":false,"access":null,"website":null,"phone":null,"source":"OpenStreetMap/node/6352693040","sourceUpdatedAt":"2026-04-04T22:50:04.678779+00:00","verifiedAt":null}},{"type":"Feature","geometry":{"type":"Point","coordinates":[20.1359482,46.2621443]},"properties":{"id":"bikerack:f6f19ea4-3bcd-41b1-a5f6-8bb124cfb2f4","kind":"bikerack","longitude":20.1359482,"latitude":46.2621443,"name":"Biciklitároló","city":"Szeged","address":null,"covered":false,"access":null,"website":null,"phone":null,"source":"OpenStreetMap/node/4811171180","sourceUpdatedAt":"2026-04-04T22:50:04.678779+00:00","verifiedAt":null}},{"type":"Feature","geometry":{"type":"Point","coordinates":[20.1404855,46.2505809]},"properties":{"id":"bikerack:f7107095-f47a-4812-b86f-6f86d101f82c","kind":"bikerack","longitude":20.1404855,"latitude":46.2505809,"name":"Biciklitároló","city":"Szeged","address":null,"covered":false,"access":null,"website":null,"phone":null,"source":"OpenStreetMap/node/7253007430","sourceUpdatedAt":"2026-04-04T22:50:04.678779+00:00","verifiedAt":null}},{"type":"Feature","geometry":{"type":"Point","coordinates":[20.1174676,46.2622802]},"properties":{"id":"bikerack:f7aeece2-934b-432e-8208-07ad95162c56","kind":"bikerack","longitude":20.1174676,"latitude":46.2622802,"name":"Biciklitároló","city":"Szeged","address":null,"covered":false,"access":null,"website":null,"phone":null,"source":"OpenStreetMap/way/1236717624","sourceUpdatedAt":"2026-04-04T22:50:04.678779+00:00","verifiedAt":null}},{"type":"Feature","geometry":{"type":"Point","coordinates":[20.1490806,46.2674692]},"properties":{"id":"bikerack:f83ad576-ffaf-454f-851f-22de0a5fd98f","kind":"bikerack","longitude":20.1490806,"latitude":46.2674692,"name":"Biciklitároló","city":"Szeged","address":null,"covered":false,"access":null,"website":null,"phone":null,"source":"OpenStreetMap/node/8514498747","sourceUpdatedAt":"2026-04-04T22:50:04.678779+00:00","verifiedAt":null}},{"type":"Feature","geometry":{"type":"Point","coordinates":[20.1743585,46.2451615]},"properties":{"id":"bikerack:f8da8597-1de7-4112-b382-60d51fb0302f","kind":"bikerack","longitude":20.1743585,"latitude":46.2451615,"name":"Biciklitároló","city":"Szeged","address":null,"covered":false,"access":null,"website":null,"phone":null,"source":"OpenStreetMap/node/6918637500","sourceUpdatedAt":"2026-04-04T22:50:04.678779+00:00","verifiedAt":null}},{"type":"Feature","geometry":{"type":"Point","coordinates":[20.1609118,46.2607726]},"properties":{"id":"bikerack:f8df595d-f708-48a2-b833-89fc111780c0","kind":"bikerack","longitude":20.1609118,"latitude":46.2607726,"name":"Biciklitároló","city":"Szeged","address":null,"covered":true,"access":null,"website":null,"phone":null,"source":"OpenStreetMap/way/1485842063","sourceUpdatedAt":"2026-04-04T22:50:04.678779+00:00","verifiedAt":null}},{"type":"Feature","geometry":{"type":"Point","coordinates":[20.0808977,46.2228609]},"properties":{"id":"bikerack:f90ee306-b652-462a-88e5-861a168b4f7a","kind":"bikerack","longitude":20.0808977,"latitude":46.2228609,"name":"Szentmihálytelek B+R","city":"Roszke","address":null,"covered":true,"access":null,"website":null,"phone":null,"source":"OpenStreetMap/node/11968459929","sourceUpdatedAt":"2026-04-04T22:53:55.483253+00:00","verifiedAt":null}},{"type":"Feature","geometry":{"type":"Point","coordinates":[20.1673291,46.2680435]},"properties":{"id":"bikerack:fa1df6bf-e15c-45db-a63f-727969a9d4a0","kind":"bikerack","longitude":20.1673291,"latitude":46.2680435,"name":"Biciklitároló","city":"Szeged","address":null,"covered":false,"access":null,"website":null,"phone":null,"source":"OpenStreetMap/node/9006999245","sourceUpdatedAt":"2026-04-04T22:50:04.678779+00:00","verifiedAt":null}},{"type":"Feature","geometry":{"type":"Point","coordinates":[20.1320366,46.2697201]},"properties":{"id":"bikerack:fa732eae-ff01-481e-b10d-49a4679e340f","kind":"bikerack","longitude":20.1320366,"latitude":46.2697201,"name":"Biciklitároló","city":"Szeged","address":null,"covered":false,"access":null,"website":null,"phone":null,"source":"OpenStreetMap/node/10814399765","sourceUpdatedAt":"2026-04-04T22:50:04.678779+00:00","verifiedAt":null}},{"type":"Feature","geometry":{"type":"Point","coordinates":[20.1573264,46.2470193]},"properties":{"id":"bikerack:fb5a576a-60bb-4f82-a1d8-32a48a8f5c97","kind":"bikerack","longitude":20.1573264,"latitude":46.2470193,"name":"Biciklitároló","city":"Szeged","address":null,"covered":false,"access":null,"website":null,"phone":null,"source":"OpenStreetMap/node/6614686529","sourceUpdatedAt":"2026-04-27T10:39:23.838879+00:00","verifiedAt":null}},{"type":"Feature","geometry":{"type":"Point","coordinates":[20.1588821,46.2451944]},"properties":{"id":"bikerack:fbfebe5e-9984-4427-a5b8-4054a8fbf425","kind":"bikerack","longitude":20.1588821,"latitude":46.2451944,"name":"Biciklitároló","city":"Szeged","address":null,"covered":false,"access":null,"website":null,"phone":null,"source":"OpenStreetMap/node/7788538631","sourceUpdatedAt":"2026-04-27T10:39:26.637796+00:00","verifiedAt":null}},{"type":"Feature","geometry":{"type":"Point","coordinates":[20.1448396,46.2526665]},"properties":{"id":"bikerack:fc7a7591-9cb4-4202-829b-513a45feb5b9","kind":"bikerack","longitude":20.1448396,"latitude":46.2526665,"name":"Biciklitároló","city":"Szeged","address":null,"covered":false,"access":null,"website":null,"phone":null,"source":"OpenStreetMap/node/3654649976","sourceUpdatedAt":"2026-04-04T22:50:04.678779+00:00","verifiedAt":null}},{"type":"Feature","geometry":{"type":"Point","coordinates":[20.1752851,46.2581482]},"properties":{"id":"bikerack:fccdbc5a-47b7-4ef7-b9c6-e4633779a8ae","kind":"bikerack","longitude":20.1752851,"latitude":46.2581482,"name":"Biciklitároló","city":"Szeged","address":null,"covered":false,"access":null,"website":null,"phone":null,"source":"OpenStreetMap/node/13439438566","sourceUpdatedAt":"2026-04-04T22:50:04.678779+00:00","verifiedAt":null}},{"type":"Feature","geometry":{"type":"Point","coordinates":[20.1833412,46.3075917]},"properties":{"id":"bikerack:fd766962-a455-4946-9569-090e9644125e","kind":"bikerack","longitude":20.1833412,"latitude":46.3075917,"name":"Biciklitároló","city":"Algyo","address":null,"covered":false,"access":null,"website":null,"phone":null,"source":"OpenStreetMap/node/12160107449","sourceUpdatedAt":"2026-04-04T22:50:04.678779+00:00","verifiedAt":null}},{"type":"Feature","geometry":{"type":"Point","coordinates":[20.1556792,46.2591643]},"properties":{"id":"bikerack:fdaf45b9-3419-463a-b715-316174e163b7","kind":"bikerack","longitude":20.1556792,"latitude":46.2591643,"name":"Biciklitároló","city":"Szeged","address":null,"covered":false,"access":null,"website":null,"phone":null,"source":"OpenStreetMap/node/11196027466","sourceUpdatedAt":"2026-04-04T22:50:04.678779+00:00","verifiedAt":null}},{"type":"Feature","geometry":{"type":"Point","coordinates":[20.1222286,46.2411256]},"properties":{"id":"bikerack:ff11cbfc-923c-4b89-b4a3-9769d782e983","kind":"bikerack","longitude":20.1222286,"latitude":46.2411256,"name":"Biciklitároló","city":"Szeged","address":null,"covered":false,"access":null,"website":null,"phone":null,"source":"OpenStreetMap/node/6387709565","sourceUpdatedAt":"2026-04-04T22:50:04.678779+00:00","verifiedAt":null}},{"type":"Feature","geometry":{"type":"Point","coordinates":[20.1437857,46.2489214]},"properties":{"id":"bikerack:ffc61381-ebd0-4333-98b9-2adea1fc2e0c","kind":"bikerack","longitude":20.1437857,"latitude":46.2489214,"name":"Biciklitároló","city":"Szeged","address":null,"covered":false,"access":null,"website":null,"phone":null,"source":"OpenStreetMap/node/6372254958","sourceUpdatedAt":"2026-04-04T22:50:04.678779+00:00","verifiedAt":null}},{"type":"Feature","geometry":{"type":"Point","coordinates":[20.1435802,46.272485]},"properties":{"id":"repair:7493c829-f482-4468-a547-2fb5e6d8d61f","kind":"repair","longitude":20.1435802,"latitude":46.272485,"name":"Kerékpár szervizállomás","city":"Szeged","address":null,"covered":false,"access":null,"website":null,"phone":null,"source":"OpenStreetMap/node/9611232636","sourceUpdatedAt":"2026-04-04T22:50:12.413564+00:00","verifiedAt":null}},{"type":"Feature","geometry":{"type":"Point","coordinates":[20.1580238,46.2626768]},"properties":{"id":"service:04ea4241-993d-4051-ace5-66d8ad427b34","kind":"service","longitude":20.1580238,"latitude":46.2626768,"name":"Urban Legend","city":"Szeged","address":null,"covered":null,"access":null,"website":null,"phone":null,"source":"OpenStreetMap/node/5832881890","sourceUpdatedAt":"2026-04-04T22:58:19.730207+00:00","verifiedAt":null}},{"type":"Feature","geometry":{"type":"Point","coordinates":[20.1393428,46.2589217]},"properties":{"id":"service:0ef3fbce-23b9-477b-a2f2-d54c81712a9b","kind":"service","longitude":20.1393428,"latitude":46.2589217,"name":"Rolling Royals használt kerékpárok, gyorsszerviz","city":"Szeged","address":null,"covered":null,"access":null,"website":null,"phone":null,"source":"OpenStreetMap/node/11128271650","sourceUpdatedAt":"2026-04-04T22:58:28.965214+00:00","verifiedAt":null}},{"type":"Feature","geometry":{"type":"Point","coordinates":[20.1498173,46.2590264]},"properties":{"id":"service:154c59a1-f512-420d-b1b1-311bcda567cc","kind":"service","longitude":20.1498173,"latitude":46.2590264,"name":"Bike Szaki","city":"Szeged","address":null,"covered":null,"access":null,"website":null,"phone":null,"source":"OpenStreetMap/node/9886730927","sourceUpdatedAt":"2026-04-04T22:50:18.836274+00:00","verifiedAt":null}},{"type":"Feature","geometry":{"type":"Point","coordinates":[20.1338115,46.2525024]},"properties":{"id":"service:263d7e0f-0d3c-46b2-910f-1f01d24ee4eb","kind":"service","longitude":20.1338115,"latitude":46.2525024,"name":"Canga Kerékpárbolt és szerviz","city":"Szeged","address":null,"covered":null,"access":null,"website":null,"phone":null,"source":"OpenStreetMap/node/1747536506","sourceUpdatedAt":"2026-04-04T22:50:20.433512+00:00","verifiedAt":null}},{"type":"Feature","geometry":{"type":"Point","coordinates":[20.144476,46.2619054]},"properties":{"id":"service:2ad7a505-9a3a-4542-b756-5eeaf03f2c31","kind":"service","longitude":20.144476,"latitude":46.2619054,"name":"Reménykerék","city":"Szeged","address":null,"covered":null,"access":null,"website":null,"phone":null,"source":"OpenStreetMap/node/6506769308","sourceUpdatedAt":"2026-04-04T22:58:21.344266+00:00","verifiedAt":null}},{"type":"Feature","geometry":{"type":"Point","coordinates":[20.1583331,46.2464009]},"properties":{"id":"service:3c44386b-7eb9-4b5f-a788-0a582247be4c","kind":"service","longitude":20.1583331,"latitude":46.2464009,"name":"Norrys Cycles kerékpárszerviz","city":"Szeged","address":null,"covered":null,"access":null,"website":null,"phone":null,"source":"OpenStreetMap/node/8289693912","sourceUpdatedAt":"2026-04-04T22:58:23.52954+00:00","verifiedAt":null}},{"type":"Feature","geometry":{"type":"Point","coordinates":[20.1504117,46.2520912]},"properties":{"id":"service:4503990c-02ac-4031-95dc-d30fe2298aea","kind":"service","longitude":20.1504117,"latitude":46.2520912,"name":"Vasparipa","city":"Szeged","address":null,"covered":null,"access":null,"website":null,"phone":null,"source":"OpenStreetMap/node/10833821910","sourceUpdatedAt":"2026-04-04T22:58:28.101454+00:00","verifiedAt":null}},{"type":"Feature","geometry":{"type":"Point","coordinates":[20.1579591,46.26804]},"properties":{"id":"service:4c0abd28-728b-4589-8768-ed138d189a21","kind":"service","longitude":20.1579591,"latitude":46.26804,"name":"Roncs Abroncs","city":"Szeged","address":null,"covered":null,"access":null,"website":null,"phone":null,"source":"OpenStreetMap/node/7237418874","sourceUpdatedAt":"2026-04-04T22:50:17.296644+00:00","verifiedAt":null}},{"type":"Feature","geometry":{"type":"Point","coordinates":[20.1402097,46.239326]},"properties":{"id":"service:4d289c1a-6272-44d4-83b9-24df27900029","kind":"service","longitude":20.1402097,"latitude":46.239326,"name":"Jano Sprint","city":"Szeged","address":null,"covered":null,"access":null,"website":null,"phone":null,"source":"OpenStreetMap/node/4396513729","sourceUpdatedAt":"2026-04-04T22:54:06.408803+00:00","verifiedAt":null}},{"type":"Feature","geometry":{"type":"Point","coordinates":[20.1391245,46.2609505]},"properties":{"id":"service:4e4cabd7-2b18-4b24-a423-ebfd32efceb5","kind":"service","longitude":20.1391245,"latitude":46.2609505,"name":"Maniac","city":"Szeged","address":null,"covered":null,"access":null,"website":null,"phone":null,"source":"OpenStreetMap/node/1307007470","sourceUpdatedAt":"2026-04-04T22:50:17.650424+00:00","verifiedAt":null}},{"type":"Feature","geometry":{"type":"Point","coordinates":[20.1433803,46.2716479]},"properties":{"id":"service:5947f580-d6ec-49c4-b11e-09dcb34e8eef","kind":"service","longitude":20.1433803,"latitude":46.2716479,"name":"T-Boy Kerékpárszerviz","city":"Szeged","address":null,"covered":null,"access":null,"website":null,"phone":null,"source":"OpenStreetMap/node/10931477224","sourceUpdatedAt":"2026-04-04T22:58:28.556463+00:00","verifiedAt":null}},{"type":"Feature","geometry":{"type":"Point","coordinates":[20.056411,46.2768311]},"properties":{"id":"service:60ee2627-7e3c-4725-9360-5ce198e2422f","kind":"service","longitude":20.056411,"latitude":46.2768311,"name":"Sziki kerékpárbolt","city":"Szeged","address":null,"covered":null,"access":null,"website":null,"phone":null,"source":"OpenStreetMap/node/7495315017","sourceUpdatedAt":"2026-04-04T22:58:22.41295+00:00","verifiedAt":null}},{"type":"Feature","geometry":{"type":"Point","coordinates":[20.1551155,46.2613714]},"properties":{"id":"service:66a65120-54af-43a2-888b-f216f72c8677","kind":"service","longitude":20.1551155,"latitude":46.2613714,"name":"Heavy Pedál","city":"Szeged","address":null,"covered":null,"access":null,"website":null,"phone":null,"source":"OpenStreetMap/node/5591856069","sourceUpdatedAt":"2026-04-04T22:54:09.215638+00:00","verifiedAt":null}},{"type":"Feature","geometry":{"type":"Point","coordinates":[20.1379838,46.2472183]},"properties":{"id":"service:6e86b48f-68bc-473a-be3f-25fe0944e70d","kind":"service","longitude":20.1379838,"latitude":46.2472183,"name":"Kerékpárüzlet és szerviz","city":"Szeged","address":null,"covered":null,"access":null,"website":null,"phone":null,"source":"OpenStreetMap/node/7398924421","sourceUpdatedAt":"2026-04-04T22:50:14.791209+00:00","verifiedAt":null}},{"type":"Feature","geometry":{"type":"Point","coordinates":[20.1358931,46.2339653]},"properties":{"id":"service:73c5d323-931e-4618-9128-9349224f77cd","kind":"service","longitude":20.1358931,"latitude":46.2339653,"name":"Fecó Keró","city":"Szeged","address":null,"covered":null,"access":null,"website":null,"phone":null,"source":"OpenStreetMap/node/4906580448","sourceUpdatedAt":"2026-04-04T22:54:07.647006+00:00","verifiedAt":null}},{"type":"Feature","geometry":{"type":"Point","coordinates":[20.1327842,46.2662593]},"properties":{"id":"service:7853b289-4e1f-45f0-a14a-f3e89d88481f","kind":"service","longitude":20.1327842,"latitude":46.2662593,"name":"Zöldbringa","city":"Szeged","address":null,"covered":null,"access":null,"website":null,"phone":null,"source":"OpenStreetMap/node/6334579480","sourceUpdatedAt":"2026-04-04T22:58:20.831145+00:00","verifiedAt":null}},{"type":"Feature","geometry":{"type":"Point","coordinates":[20.1512567,46.2636273]},"properties":{"id":"service:8a9548fd-ce9c-4ebe-9f76-6efb81d5db99","kind":"service","longitude":20.1512567,"latitude":46.2636273,"name":"Prolog","city":"Szeged","address":null,"covered":null,"access":null,"website":null,"phone":null,"source":"OpenStreetMap/node/4534730204","sourceUpdatedAt":"2026-04-04T22:54:06.615228+00:00","verifiedAt":null}},{"type":"Feature","geometry":{"type":"Point","coordinates":[20.1418985,46.2554725]},"properties":{"id":"service:92e5eab1-bec9-47f3-b634-52373c7c6095","kind":"service","longitude":20.1418985,"latitude":46.2554725,"name":"ebikeshop","city":"Szeged","address":null,"covered":null,"access":null,"website":null,"phone":null,"source":"OpenStreetMap/node/8520549616","sourceUpdatedAt":"2026-04-04T22:50:18.676776+00:00","verifiedAt":null}},{"type":"Feature","geometry":{"type":"Point","coordinates":[20.1658466,46.264606]},"properties":{"id":"service:940d5372-906b-403f-85d8-21f821ef6207","kind":"service","longitude":20.1658466,"latitude":46.264606,"name":"Kerékpársziget","city":"Szeged","address":null,"covered":null,"access":null,"website":null,"phone":null,"source":"OpenStreetMap/node/3915992935","sourceUpdatedAt":"2026-04-04T22:54:05.019179+00:00","verifiedAt":null}},{"type":"Feature","geometry":{"type":"Point","coordinates":[20.1583145,46.2484129]},"properties":{"id":"service:95658653-c28f-401e-a9e2-0317a269528e","kind":"service","longitude":20.1583145,"latitude":46.2484129,"name":"Szeged GoodBike","city":"Szeged","address":null,"covered":null,"access":null,"website":null,"phone":null,"source":"OpenStreetMap/node/3639228694","sourceUpdatedAt":"2026-04-04T22:54:04.420746+00:00","verifiedAt":null}},{"type":"Feature","geometry":{"type":"Point","coordinates":[20.1489131,46.2658236]},"properties":{"id":"service:9acfc53d-22a7-4189-aff1-9a28f21e62ff","kind":"service","longitude":20.1489131,"latitude":46.2658236,"name":"Gsport Zóna","city":"Szeged","address":null,"covered":null,"access":null,"website":null,"phone":null,"source":"OpenStreetMap/node/6334579481","sourceUpdatedAt":"2026-04-04T22:58:20.81341+00:00","verifiedAt":null}},{"type":"Feature","geometry":{"type":"Point","coordinates":[20.1757898,46.2372161]},"properties":{"id":"service:a7c3d287-e101-4ed3-816d-7f120c574c8c","kind":"service","longitude":20.1757898,"latitude":46.2372161,"name":"Lendület","city":"Szeged","address":null,"covered":null,"access":null,"website":null,"phone":null,"source":"OpenStreetMap/node/2196512832","sourceUpdatedAt":"2026-04-04T22:50:22.364722+00:00","verifiedAt":null}},{"type":"Feature","geometry":{"type":"Point","coordinates":[20.1514332,46.2649011]},"properties":{"id":"service:b4fcdc12-a55c-46d7-85b4-d68d66df4a7a","kind":"service","longitude":20.1514332,"latitude":46.2649011,"name":"Laci Bike","city":"Szeged","address":null,"covered":null,"access":null,"website":null,"phone":null,"source":"OpenStreetMap/node/5591856071","sourceUpdatedAt":"2026-04-04T22:54:09.218998+00:00","verifiedAt":null}},{"type":"Feature","geometry":{"type":"Point","coordinates":[20.1338475,46.2430949]},"properties":{"id":"service:b726eb68-3af5-4f7e-b1bc-e551e0660131","kind":"service","longitude":20.1338475,"latitude":46.2430949,"name":"SunBike","city":"Szeged","address":null,"covered":null,"access":null,"website":null,"phone":null,"source":"OpenStreetMap/node/4906275509","sourceUpdatedAt":"2026-04-04T22:54:07.643865+00:00","verifiedAt":null}},{"type":"Feature","geometry":{"type":"Point","coordinates":[20.069197,46.2664377]},"properties":{"id":"service:c4d445e6-be07-449a-8a90-e488dfd623c6","kind":"service","longitude":20.069197,"latitude":46.2664377,"name":"Bicikli szervíz","city":"Domaszek","address":null,"covered":null,"access":null,"website":null,"phone":null,"source":"OpenStreetMap/node/3033653662","sourceUpdatedAt":"2026-04-04T22:50:13.956046+00:00","verifiedAt":null}},{"type":"Feature","geometry":{"type":"Point","coordinates":[20.1355838,46.2611003]},"properties":{"id":"service:cf969722-f4c7-41f8-a64a-7d974130909e","kind":"service","longitude":20.1355838,"latitude":46.2611003,"name":"Használt nyugati kerékpárok","city":"Szeged","address":null,"covered":null,"access":null,"website":null,"phone":null,"source":"OpenStreetMap/node/10003979958","sourceUpdatedAt":"2026-04-04T22:50:19.067695+00:00","verifiedAt":null}},{"type":"Feature","geometry":{"type":"Point","coordinates":[20.085792,46.2709469]},"properties":{"id":"service:d107ffea-6181-465a-b6cd-4c174c2a71fe","kind":"service","longitude":20.085792,"latitude":46.2709469,"name":"Spindel","city":"Szeged","address":null,"covered":null,"access":null,"website":null,"phone":null,"source":"OpenStreetMap/node/13645353294","sourceUpdatedAt":"2026-04-04T22:58:30.335917+00:00","verifiedAt":null}},{"type":"Feature","geometry":{"type":"Point","coordinates":[20.1566037,46.2571056]},"properties":{"id":"service:ec5f0464-5f55-4340-ade4-0cb083778655","kind":"service","longitude":20.1566037,"latitude":46.2571056,"name":"Drótszamár","city":"Szeged","address":null,"covered":null,"access":null,"website":null,"phone":null,"source":"OpenStreetMap/node/5591856070","sourceUpdatedAt":"2026-04-04T22:50:22.194178+00:00","verifiedAt":null}},{"type":"Feature","geometry":{"type":"Point","coordinates":[20.1507416,46.2705383]},"properties":{"id":"service:fe25898a-a0c1-4dd3-92e0-c0d77b0283fe","kind":"service","longitude":20.1507416,"latitude":46.2705383,"name":"Kacaj Bicaj","city":"Szeged","address":null,"covered":null,"access":null,"website":null,"phone":null,"source":"OpenStreetMap/node/9513734116","sourceUpdatedAt":"2026-04-04T22:50:18.6807+00:00","verifiedAt":null}},{"type":"Feature","geometry":{"type":"Point","coordinates":[20.0777151,46.2742093]},"properties":{"id":"water:026da9a0-3013-435f-a842-53836a64f3d2","kind":"water","longitude":20.0777151,"latitude":46.2742093,"name":"Ivókút","city":null,"address":null,"covered":null,"access":null,"website":null,"phone":null,"source":"OpenStreetMap","sourceUpdatedAt":"2026-04-04T22:50:22.71606+00:00","verifiedAt":null}},{"type":"Feature","geometry":{"type":"Point","coordinates":[20.1592682,46.2488679]},"properties":{"id":"water:02fd83f1-c10f-45a7-8582-7e0cad251dd7","kind":"water","longitude":20.1592682,"latitude":46.2488679,"name":"Ivókút","city":null,"address":null,"covered":null,"access":null,"website":null,"phone":null,"source":"OpenStreetMap","sourceUpdatedAt":"2026-04-04T22:50:22.71606+00:00","verifiedAt":null}},{"type":"Feature","geometry":{"type":"Point","coordinates":[20.0633092,46.2666661]},"properties":{"id":"water:03b6aaf1-2f27-45b5-8149-2aab9c991adf","kind":"water","longitude":20.0633092,"latitude":46.2666661,"name":"Ivókút","city":null,"address":null,"covered":null,"access":null,"website":null,"phone":null,"source":"OpenStreetMap","sourceUpdatedAt":"2026-04-04T22:50:22.71606+00:00","verifiedAt":null}},{"type":"Feature","geometry":{"type":"Point","coordinates":[20.1622807,46.1746058]},"properties":{"id":"water:043df837-4470-4d0c-a92a-0a1b8ca7ddf0","kind":"water","longitude":20.1622807,"latitude":46.1746058,"name":"Ivókút","city":null,"address":null,"covered":null,"access":null,"website":null,"phone":null,"source":"OpenStreetMap","sourceUpdatedAt":"2026-04-04T22:50:22.71606+00:00","verifiedAt":null}},{"type":"Feature","geometry":{"type":"Point","coordinates":[20.1762648,46.2840293]},"properties":{"id":"water:04fc017d-4b56-46c0-922a-ea7e29f74c7e","kind":"water","longitude":20.1762648,"latitude":46.2840293,"name":"Ivókút","city":null,"address":null,"covered":null,"access":null,"website":null,"phone":null,"source":"OpenStreetMap","sourceUpdatedAt":"2026-04-04T22:50:22.71606+00:00","verifiedAt":null}},{"type":"Feature","geometry":{"type":"Point","coordinates":[20.0833404,46.2900347]},"properties":{"id":"water:065038ba-2b14-4df5-84e3-0eaa35dfc97c","kind":"water","longitude":20.0833404,"latitude":46.2900347,"name":"Ivókút","city":null,"address":null,"covered":null,"access":null,"website":null,"phone":null,"source":"OpenStreetMap","sourceUpdatedAt":"2026-04-04T22:50:22.71606+00:00","verifiedAt":null}},{"type":"Feature","geometry":{"type":"Point","coordinates":[20.1555257,46.2559441]},"properties":{"id":"water:06a861b5-801f-4355-aa4c-96e06f48fb8e","kind":"water","longitude":20.1555257,"latitude":46.2559441,"name":"Ivókút","city":null,"address":null,"covered":null,"access":null,"website":null,"phone":null,"source":"OpenStreetMap","sourceUpdatedAt":"2026-04-04T22:50:22.71606+00:00","verifiedAt":null}},{"type":"Feature","geometry":{"type":"Point","coordinates":[20.137388,46.2618935]},"properties":{"id":"water:071d4bb5-77bd-4730-b328-8b381a9aea9d","kind":"water","longitude":20.137388,"latitude":46.2618935,"name":"Ivókút","city":null,"address":null,"covered":null,"access":null,"website":null,"phone":null,"source":"OpenStreetMap","sourceUpdatedAt":"2026-04-04T22:50:22.71606+00:00","verifiedAt":null}},{"type":"Feature","geometry":{"type":"Point","coordinates":[20.1499007,46.2451084]},"properties":{"id":"water:07932571-97d9-4259-a4ce-d31e47c3ea1d","kind":"water","longitude":20.1499007,"latitude":46.2451084,"name":"Ivókút","city":null,"address":null,"covered":null,"access":null,"website":null,"phone":null,"source":"OpenStreetMap","sourceUpdatedAt":"2026-04-04T22:50:22.71606+00:00","verifiedAt":null}},{"type":"Feature","geometry":{"type":"Point","coordinates":[20.2380288,46.2184568]},"properties":{"id":"water:07d5cad6-09b1-4014-bbb1-325f2a17aeea","kind":"water","longitude":20.2380288,"latitude":46.2184568,"name":"Ivókút","city":"Deszk","address":null,"covered":null,"access":null,"website":null,"phone":null,"source":"OpenStreetMap/node/13659329087","sourceUpdatedAt":"2026-04-04T22:50:22.71606+00:00","verifiedAt":null}},{"type":"Feature","geometry":{"type":"Point","coordinates":[20.124038,46.2376577]},"properties":{"id":"water:08afee7a-1fb4-40d4-ad73-94d7eb7a2578","kind":"water","longitude":20.124038,"latitude":46.2376577,"name":"Ivókút","city":null,"address":null,"covered":null,"access":null,"website":null,"phone":null,"source":"OpenStreetMap","sourceUpdatedAt":"2026-04-04T22:50:22.71606+00:00","verifiedAt":null}},{"type":"Feature","geometry":{"type":"Point","coordinates":[20.1264413,46.2781671]},"properties":{"id":"water:0918b456-30bc-42f3-8589-5c150498766b","kind":"water","longitude":20.1264413,"latitude":46.2781671,"name":"Ivókút","city":null,"address":null,"covered":null,"access":null,"website":null,"phone":null,"source":"OpenStreetMap","sourceUpdatedAt":"2026-04-04T22:50:22.71606+00:00","verifiedAt":null}},{"type":"Feature","geometry":{"type":"Point","coordinates":[20.1209268,46.2467124]},"properties":{"id":"water:0993d419-a594-402c-8e5a-045f7109c682","kind":"water","longitude":20.1209268,"latitude":46.2467124,"name":"Ivókút","city":null,"address":null,"covered":null,"access":null,"website":null,"phone":null,"source":"OpenStreetMap","sourceUpdatedAt":"2026-04-04T22:50:22.71606+00:00","verifiedAt":null}},{"type":"Feature","geometry":{"type":"Point","coordinates":[20.1586196,46.2680484]},"properties":{"id":"water:09a2d154-182d-4669-9596-65b1b467e484","kind":"water","longitude":20.1586196,"latitude":46.2680484,"name":"Ivókút","city":null,"address":null,"covered":null,"access":null,"website":null,"phone":null,"source":"OpenStreetMap","sourceUpdatedAt":"2026-04-04T22:50:22.71606+00:00","verifiedAt":null}},{"type":"Feature","geometry":{"type":"Point","coordinates":[20.176861,46.2776135]},"properties":{"id":"water:09aa3dd6-d894-43cc-9024-035450014050","kind":"water","longitude":20.176861,"latitude":46.2776135,"name":"Ivókút","city":null,"address":null,"covered":null,"access":null,"website":null,"phone":null,"source":"OpenStreetMap","sourceUpdatedAt":"2026-04-04T22:50:22.71606+00:00","verifiedAt":null}},{"type":"Feature","geometry":{"type":"Point","coordinates":[20.1433681,46.264637]},"properties":{"id":"water:09e2cf73-93f8-4770-b9e1-4779b6fb3602","kind":"water","longitude":20.1433681,"latitude":46.264637,"name":"Ivókút","city":null,"address":null,"covered":null,"access":null,"website":null,"phone":null,"source":"OpenStreetMap","sourceUpdatedAt":"2026-04-04T22:50:22.71606+00:00","verifiedAt":null}},{"type":"Feature","geometry":{"type":"Point","coordinates":[20.1599104,46.2728877]},"properties":{"id":"water:0a832e47-8a2d-4daa-bb0d-d7b4b126f510","kind":"water","longitude":20.1599104,"latitude":46.2728877,"name":"Ivókút","city":null,"address":null,"covered":null,"access":null,"website":null,"phone":null,"source":"OpenStreetMap","sourceUpdatedAt":"2026-04-04T22:50:22.71606+00:00","verifiedAt":null}},{"type":"Feature","geometry":{"type":"Point","coordinates":[20.1130666,46.2046642]},"properties":{"id":"water:0b8574cc-e41e-47a4-b6a0-d298dc1ba12a","kind":"water","longitude":20.1130666,"latitude":46.2046642,"name":"Ivókút","city":null,"address":null,"covered":null,"access":null,"website":null,"phone":null,"source":"OpenStreetMap","sourceUpdatedAt":"2026-04-04T22:50:22.71606+00:00","verifiedAt":null}},{"type":"Feature","geometry":{"type":"Point","coordinates":[20.1537345,46.2713514]},"properties":{"id":"water:0e6ae5a8-d828-4b50-a2db-ccc2a2d66762","kind":"water","longitude":20.1537345,"latitude":46.2713514,"name":"Ivókút","city":null,"address":null,"covered":null,"access":null,"website":null,"phone":null,"source":"OpenStreetMap","sourceUpdatedAt":"2026-04-04T22:50:22.71606+00:00","verifiedAt":null}},{"type":"Feature","geometry":{"type":"Point","coordinates":[20.1643973,46.2740898]},"properties":{"id":"water:0fc5cb95-a327-44e0-a91f-9ae4ace71e01","kind":"water","longitude":20.1643973,"latitude":46.2740898,"name":"Ivókút","city":null,"address":null,"covered":null,"access":null,"website":null,"phone":null,"source":"OpenStreetMap","sourceUpdatedAt":"2026-04-04T22:50:22.71606+00:00","verifiedAt":null}},{"type":"Feature","geometry":{"type":"Point","coordinates":[20.1294006,46.2429321]},"properties":{"id":"water:0fce0b82-3e3a-4747-a2b0-222394fb5390","kind":"water","longitude":20.1294006,"latitude":46.2429321,"name":"Ivókút","city":null,"address":null,"covered":null,"access":null,"website":null,"phone":null,"source":"OpenStreetMap","sourceUpdatedAt":"2026-04-04T22:50:22.71606+00:00","verifiedAt":null}},{"type":"Feature","geometry":{"type":"Point","coordinates":[20.1386996,46.2577647]},"properties":{"id":"water:121d0b37-cce1-4348-ae90-61ccb87668a9","kind":"water","longitude":20.1386996,"latitude":46.2577647,"name":"Ivókút","city":null,"address":null,"covered":null,"access":null,"website":null,"phone":null,"source":"OpenStreetMap","sourceUpdatedAt":"2026-04-04T22:50:22.71606+00:00","verifiedAt":null}},{"type":"Feature","geometry":{"type":"Point","coordinates":[20.1391761,46.2423345]},"properties":{"id":"water:1289cd1e-09d1-48ba-917f-82781904baf0","kind":"water","longitude":20.1391761,"latitude":46.2423345,"name":"Ivókút","city":null,"address":null,"covered":null,"access":null,"website":null,"phone":null,"source":"OpenStreetMap","sourceUpdatedAt":"2026-04-04T22:50:22.71606+00:00","verifiedAt":null}},{"type":"Feature","geometry":{"type":"Point","coordinates":[20.160227,46.2688738]},"properties":{"id":"water:142ac23a-5d36-45bf-b189-a1ff25a497ae","kind":"water","longitude":20.160227,"latitude":46.2688738,"name":"Ivókút","city":null,"address":null,"covered":null,"access":null,"website":null,"phone":null,"source":"OpenStreetMap","sourceUpdatedAt":"2026-04-04T22:50:22.71606+00:00","verifiedAt":null}},{"type":"Feature","geometry":{"type":"Point","coordinates":[20.1372809,46.2409553]},"properties":{"id":"water:153167b8-fe1d-4731-b175-5a04c13ea079","kind":"water","longitude":20.1372809,"latitude":46.2409553,"name":"Ivókút","city":null,"address":null,"covered":null,"access":null,"website":null,"phone":null,"source":"OpenStreetMap","sourceUpdatedAt":"2026-04-04T22:50:22.71606+00:00","verifiedAt":null}},{"type":"Feature","geometry":{"type":"Point","coordinates":[20.1097334,46.2343383]},"properties":{"id":"water:156a8eb8-8c06-4c8a-998d-13c19bdd3165","kind":"water","longitude":20.1097334,"latitude":46.2343383,"name":"Ivókút","city":null,"address":null,"covered":null,"access":null,"website":null,"phone":null,"source":"OpenStreetMap","sourceUpdatedAt":"2026-04-04T22:50:22.71606+00:00","verifiedAt":null}},{"type":"Feature","geometry":{"type":"Point","coordinates":[20.139387,46.2490374]},"properties":{"id":"water:16c121b9-1709-49b1-8538-0e55d9c8802e","kind":"water","longitude":20.139387,"latitude":46.2490374,"name":"Ivókút","city":null,"address":null,"covered":null,"access":null,"website":null,"phone":null,"source":"OpenStreetMap","sourceUpdatedAt":"2026-04-04T22:50:22.71606+00:00","verifiedAt":null}},{"type":"Feature","geometry":{"type":"Point","coordinates":[20.1843514,46.2255963]},"properties":{"id":"water:16f06283-8667-48a7-83dd-a54280bfa294","kind":"water","longitude":20.1843514,"latitude":46.2255963,"name":"Ivókút","city":null,"address":null,"covered":null,"access":null,"website":null,"phone":null,"source":"OpenStreetMap","sourceUpdatedAt":"2026-04-04T22:50:22.71606+00:00","verifiedAt":null}},{"type":"Feature","geometry":{"type":"Point","coordinates":[20.1261499,46.2394426]},"properties":{"id":"water:17be5575-554d-4dde-8567-411712f1d326","kind":"water","longitude":20.1261499,"latitude":46.2394426,"name":"Ivókút","city":null,"address":null,"covered":null,"access":null,"website":null,"phone":null,"source":"OpenStreetMap","sourceUpdatedAt":"2026-04-04T22:50:22.71606+00:00","verifiedAt":null}},{"type":"Feature","geometry":{"type":"Point","coordinates":[20.1520851,46.2642322]},"properties":{"id":"water:18044889-4763-46c5-bc0d-c8825536a53a","kind":"water","longitude":20.1520851,"latitude":46.2642322,"name":"Ivókút","city":null,"address":null,"covered":null,"access":null,"website":null,"phone":null,"source":"OpenStreetMap","sourceUpdatedAt":"2026-04-04T22:50:22.71606+00:00","verifiedAt":null}},{"type":"Feature","geometry":{"type":"Point","coordinates":[20.1731446,46.2865296]},"properties":{"id":"water:18bb33c5-95ba-46d7-9082-4f9f56ec501e","kind":"water","longitude":20.1731446,"latitude":46.2865296,"name":"Ivókút","city":null,"address":null,"covered":null,"access":null,"website":null,"phone":null,"source":"OpenStreetMap","sourceUpdatedAt":"2026-04-04T22:50:22.71606+00:00","verifiedAt":null}},{"type":"Feature","geometry":{"type":"Point","coordinates":[20.1524718,46.2653365]},"properties":{"id":"water:1976a61b-2eb3-4725-8c6d-1d32c9454e72","kind":"water","longitude":20.1524718,"latitude":46.2653365,"name":"Ivókút","city":null,"address":null,"covered":null,"access":null,"website":null,"phone":null,"source":"OpenStreetMap","sourceUpdatedAt":"2026-04-04T22:50:22.71606+00:00","verifiedAt":null}},{"type":"Feature","geometry":{"type":"Point","coordinates":[20.1156738,46.2487076]},"properties":{"id":"water:1b06a625-2760-49c4-a9fb-fd30569b3df3","kind":"water","longitude":20.1156738,"latitude":46.2487076,"name":"Ivókút","city":null,"address":null,"covered":null,"access":null,"website":null,"phone":null,"source":"OpenStreetMap","sourceUpdatedAt":"2026-04-04T22:50:22.71606+00:00","verifiedAt":null}},{"type":"Feature","geometry":{"type":"Point","coordinates":[20.1651642,46.2658706]},"properties":{"id":"water:1b220751-60e1-4e07-b454-6f80bd6dbfed","kind":"water","longitude":20.1651642,"latitude":46.2658706,"name":"Ivókút","city":null,"address":null,"covered":null,"access":null,"website":null,"phone":null,"source":"OpenStreetMap","sourceUpdatedAt":"2026-04-04T22:50:22.71606+00:00","verifiedAt":null}},{"type":"Feature","geometry":{"type":"Point","coordinates":[20.140138,46.2730706]},"properties":{"id":"water:1ea992fe-75ae-4f48-a912-33522b166d1c","kind":"water","longitude":20.140138,"latitude":46.2730706,"name":"Ivókút","city":null,"address":null,"covered":null,"access":null,"website":null,"phone":null,"source":"OpenStreetMap","sourceUpdatedAt":"2026-04-04T22:50:22.71606+00:00","verifiedAt":null}},{"type":"Feature","geometry":{"type":"Point","coordinates":[20.1540373,46.273616]},"properties":{"id":"water:20a5cf18-bbbb-4eaa-964a-481d807fae99","kind":"water","longitude":20.1540373,"latitude":46.273616,"name":"Ivókút","city":null,"address":null,"covered":null,"access":null,"website":null,"phone":null,"source":"OpenStreetMap","sourceUpdatedAt":"2026-04-04T22:50:22.71606+00:00","verifiedAt":null}},{"type":"Feature","geometry":{"type":"Point","coordinates":[20.1788951,46.2368661]},"properties":{"id":"water:20cd0910-afd5-4d7e-8819-2c67c47b1ffa","kind":"water","longitude":20.1788951,"latitude":46.2368661,"name":"Ivókút","city":null,"address":null,"covered":null,"access":null,"website":null,"phone":null,"source":"OpenStreetMap","sourceUpdatedAt":"2026-04-04T22:50:22.71606+00:00","verifiedAt":null}},{"type":"Feature","geometry":{"type":"Point","coordinates":[20.1862034,46.2100816]},"properties":{"id":"water:2158c93b-bfec-4f88-90a2-b997194b3050","kind":"water","longitude":20.1862034,"latitude":46.2100816,"name":"Ivókút","city":null,"address":null,"covered":null,"access":null,"website":null,"phone":null,"source":"OpenStreetMap","sourceUpdatedAt":"2026-04-04T22:50:22.71606+00:00","verifiedAt":null}},{"type":"Feature","geometry":{"type":"Point","coordinates":[20.1299139,46.2491848]},"properties":{"id":"water:21fa2c56-caba-476f-836e-5f2a532b91f2","kind":"water","longitude":20.1299139,"latitude":46.2491848,"name":"Ivókút","city":null,"address":null,"covered":null,"access":null,"website":null,"phone":null,"source":"OpenStreetMap","sourceUpdatedAt":"2026-04-04T22:50:22.71606+00:00","verifiedAt":null}},{"type":"Feature","geometry":{"type":"Point","coordinates":[20.1572307,46.2469559]},"properties":{"id":"water:2295ac4e-018e-48d5-aecc-5009497db60c","kind":"water","longitude":20.1572307,"latitude":46.2469559,"name":"Ivókút","city":null,"address":null,"covered":null,"access":null,"website":null,"phone":null,"source":"OpenStreetMap","sourceUpdatedAt":"2026-04-04T22:50:22.71606+00:00","verifiedAt":null}},{"type":"Feature","geometry":{"type":"Point","coordinates":[20.1513217,46.2512545]},"properties":{"id":"water:23234697-d9e2-48fc-8aed-82b70b695c08","kind":"water","longitude":20.1513217,"latitude":46.2512545,"name":"Róza kút","city":null,"address":null,"covered":null,"access":null,"website":null,"phone":null,"source":"OpenStreetMap","sourceUpdatedAt":"2026-04-04T22:54:11.614038+00:00","verifiedAt":null}},{"type":"Feature","geometry":{"type":"Point","coordinates":[20.1562874,46.2642508]},"properties":{"id":"water:235435aa-a5ba-49db-aa14-35cafeefa8c1","kind":"water","longitude":20.1562874,"latitude":46.2642508,"name":"Ivókút","city":null,"address":null,"covered":null,"access":null,"website":null,"phone":null,"source":"OpenStreetMap","sourceUpdatedAt":"2026-04-04T22:50:22.71606+00:00","verifiedAt":null}},{"type":"Feature","geometry":{"type":"Point","coordinates":[20.1774206,46.2349849]},"properties":{"id":"water:24017dce-6924-48cf-929a-586fdec69efd","kind":"water","longitude":20.1774206,"latitude":46.2349849,"name":"Ivókút","city":null,"address":null,"covered":null,"access":null,"website":null,"phone":null,"source":"OpenStreetMap","sourceUpdatedAt":"2026-04-04T22:50:22.71606+00:00","verifiedAt":null}},{"type":"Feature","geometry":{"type":"Point","coordinates":[20.1155866,46.2541522]},"properties":{"id":"water:257c508e-1c96-4fac-8692-cd7bb7145d68","kind":"water","longitude":20.1155866,"latitude":46.2541522,"name":"Ivókút","city":null,"address":null,"covered":null,"access":null,"website":null,"phone":null,"source":"OpenStreetMap","sourceUpdatedAt":"2026-04-04T22:50:22.71606+00:00","verifiedAt":null}},{"type":"Feature","geometry":{"type":"Point","coordinates":[20.1726507,46.2307351]},"properties":{"id":"water:260b12fb-6275-4b72-9c7d-a1774f2cdd2a","kind":"water","longitude":20.1726507,"latitude":46.2307351,"name":"Ivókút","city":null,"address":null,"covered":null,"access":null,"website":null,"phone":null,"source":"OpenStreetMap","sourceUpdatedAt":"2026-04-04T22:50:22.71606+00:00","verifiedAt":null}},{"type":"Feature","geometry":{"type":"Point","coordinates":[20.1327671,46.2514005]},"properties":{"id":"water:26af684c-03f3-47bc-b2e6-13300da7fac2","kind":"water","longitude":20.1327671,"latitude":46.2514005,"name":"Ivókút","city":null,"address":null,"covered":null,"access":null,"website":null,"phone":null,"source":"OpenStreetMap","sourceUpdatedAt":"2026-04-04T22:50:22.71606+00:00","verifiedAt":null}},{"type":"Feature","geometry":{"type":"Point","coordinates":[20.1572329,46.252216]},"properties":{"id":"water:27ce00f3-4f4f-4f7b-90bc-860c9f209dbd","kind":"water","longitude":20.1572329,"latitude":46.252216,"name":"Ivókút","city":null,"address":null,"covered":null,"access":null,"website":null,"phone":null,"source":"OpenStreetMap","sourceUpdatedAt":"2026-04-04T22:50:22.71606+00:00","verifiedAt":null}},{"type":"Feature","geometry":{"type":"Point","coordinates":[20.1513088,46.2734009]},"properties":{"id":"water:28833d11-2886-401a-8352-c6a0679f464a","kind":"water","longitude":20.1513088,"latitude":46.2734009,"name":"Ivókút","city":null,"address":null,"covered":null,"access":null,"website":null,"phone":null,"source":"OpenStreetMap","sourceUpdatedAt":"2026-04-04T22:50:22.71606+00:00","verifiedAt":null}},{"type":"Feature","geometry":{"type":"Point","coordinates":[20.1095415,46.2033103]},"properties":{"id":"water:2b056103-aa75-486d-b67b-34340c6e3ad5","kind":"water","longitude":20.1095415,"latitude":46.2033103,"name":"Ivókút","city":null,"address":null,"covered":null,"access":null,"website":null,"phone":null,"source":"OpenStreetMap","sourceUpdatedAt":"2026-04-04T22:50:22.71606+00:00","verifiedAt":null}},{"type":"Feature","geometry":{"type":"Point","coordinates":[20.1300136,46.2422519]},"properties":{"id":"water:2c90b018-94a2-49cf-a363-4bfe64a55e69","kind":"water","longitude":20.1300136,"latitude":46.2422519,"name":"Ivókút","city":null,"address":null,"covered":null,"access":null,"website":null,"phone":null,"source":"OpenStreetMap","sourceUpdatedAt":"2026-04-04T22:50:22.71606+00:00","verifiedAt":null}},{"type":"Feature","geometry":{"type":"Point","coordinates":[20.235333,46.28495]},"properties":{"id":"water:2d9f2939-10c6-4cbc-a957-714743c59dc4","kind":"water","longitude":20.235333,"latitude":46.28495,"name":"Ivókút","city":null,"address":null,"covered":null,"access":null,"website":null,"phone":null,"source":"OpenStreetMap","sourceUpdatedAt":"2026-04-04T22:50:22.71606+00:00","verifiedAt":null}},{"type":"Feature","geometry":{"type":"Point","coordinates":[20.145,46.251]},"properties":{"id":"water:2e00d566-3a5b-48ac-8d65-754aee434ef4","kind":"water","longitude":20.145,"latitude":46.251,"name":"Ivókút - Mars tér","city":"Szeged","address":null,"covered":null,"access":null,"website":null,"phone":null,"source":"OpenStreetMap","sourceUpdatedAt":"2026-04-04T22:50:22.711438+00:00","verifiedAt":null}},{"type":"Feature","geometry":{"type":"Point","coordinates":[20.1477071,46.2587358]},"properties":{"id":"water:2ec7c4a7-5025-43a3-9ae2-a9821399d71b","kind":"water","longitude":20.1477071,"latitude":46.2587358,"name":"Ivókút","city":null,"address":null,"covered":null,"access":null,"website":null,"phone":null,"source":"OpenStreetMap","sourceUpdatedAt":"2026-04-04T22:50:22.71606+00:00","verifiedAt":null}},{"type":"Feature","geometry":{"type":"Point","coordinates":[20.1363767,46.2479721]},"properties":{"id":"water:2f3f9bdc-b5d8-431d-b144-2ed67a07abcc","kind":"water","longitude":20.1363767,"latitude":46.2479721,"name":"Ivókút","city":null,"address":null,"covered":null,"access":null,"website":null,"phone":null,"source":"OpenStreetMap","sourceUpdatedAt":"2026-04-04T22:50:22.71606+00:00","verifiedAt":null}},{"type":"Feature","geometry":{"type":"Point","coordinates":[20.2492203,46.2212971]},"properties":{"id":"water:30c6706e-2bd1-4aef-8811-a6959cc2001b","kind":"water","longitude":20.2492203,"latitude":46.2212971,"name":"Ivókút","city":null,"address":null,"covered":null,"access":null,"website":null,"phone":null,"source":"OpenStreetMap","sourceUpdatedAt":"2026-04-04T22:50:22.71606+00:00","verifiedAt":null}},{"type":"Feature","geometry":{"type":"Point","coordinates":[20.1245705,46.2382382]},"properties":{"id":"water:3156dbf1-5b2d-467b-a2e2-43f536c35151","kind":"water","longitude":20.1245705,"latitude":46.2382382,"name":"Ivókút","city":null,"address":null,"covered":null,"access":null,"website":null,"phone":null,"source":"OpenStreetMap","sourceUpdatedAt":"2026-04-04T22:50:22.71606+00:00","verifiedAt":null}},{"type":"Feature","geometry":{"type":"Point","coordinates":[20.14593,46.250527]},"properties":{"id":"water:319952c4-4763-458f-bcef-42045cd4e7fb","kind":"water","longitude":20.14593,"latitude":46.250527,"name":"Ivókút","city":null,"address":null,"covered":null,"access":null,"website":null,"phone":null,"source":"OpenStreetMap","sourceUpdatedAt":"2026-04-04T22:50:22.71606+00:00","verifiedAt":null}},{"type":"Feature","geometry":{"type":"Point","coordinates":[20.1391943,46.2571345]},"properties":{"id":"water:31f4fd4a-9e03-4096-892a-f31de79ad05e","kind":"water","longitude":20.1391943,"latitude":46.2571345,"name":"Ivókút","city":null,"address":null,"covered":null,"access":null,"website":null,"phone":null,"source":"OpenStreetMap","sourceUpdatedAt":"2026-04-04T22:50:22.71606+00:00","verifiedAt":null}},{"type":"Feature","geometry":{"type":"Point","coordinates":[20.1658738,46.2750873]},"properties":{"id":"water:3303e411-3817-45b9-a782-695ab5853eef","kind":"water","longitude":20.1658738,"latitude":46.2750873,"name":"Ivókút","city":null,"address":null,"covered":null,"access":null,"website":null,"phone":null,"source":"OpenStreetMap","sourceUpdatedAt":"2026-04-04T22:50:22.71606+00:00","verifiedAt":null}},{"type":"Feature","geometry":{"type":"Point","coordinates":[20.0852764,46.2168333]},"properties":{"id":"water:343580b3-f531-4e44-9770-46a29f58c890","kind":"water","longitude":20.0852764,"latitude":46.2168333,"name":"Ivókút","city":null,"address":null,"covered":null,"access":null,"website":null,"phone":null,"source":"OpenStreetMap","sourceUpdatedAt":"2026-04-04T22:50:22.71606+00:00","verifiedAt":null}},{"type":"Feature","geometry":{"type":"Point","coordinates":[20.1142455,46.2254614]},"properties":{"id":"water:390d4d9c-2abb-4eb3-85aa-a3c246682c35","kind":"water","longitude":20.1142455,"latitude":46.2254614,"name":"Ivókút","city":null,"address":null,"covered":null,"access":null,"website":null,"phone":null,"source":"OpenStreetMap","sourceUpdatedAt":"2026-04-04T22:50:22.71606+00:00","verifiedAt":null}},{"type":"Feature","geometry":{"type":"Point","coordinates":[20.1590038,46.2320144]},"properties":{"id":"water:39349566-ef91-4186-bcd8-6cbe118ee678","kind":"water","longitude":20.1590038,"latitude":46.2320144,"name":"Ivókút","city":null,"address":null,"covered":null,"access":null,"website":null,"phone":null,"source":"OpenStreetMap","sourceUpdatedAt":"2026-04-04T22:50:22.71606+00:00","verifiedAt":null}},{"type":"Feature","geometry":{"type":"Point","coordinates":[20.152,46.255]},"properties":{"id":"water:395215bd-0bae-4d5e-81a6-95b0bfa238b6","kind":"water","longitude":20.152,"latitude":46.255,"name":"Ivókút - Dugonics tér","city":"Szeged","address":null,"covered":null,"access":null,"website":null,"phone":null,"source":"OpenStreetMap","sourceUpdatedAt":"2026-04-04T22:50:22.714848+00:00","verifiedAt":null}},{"type":"Feature","geometry":{"type":"Point","coordinates":[20.1347691,46.2338538]},"properties":{"id":"water:39f6119d-027b-40ef-9e29-e18cf4ae591e","kind":"water","longitude":20.1347691,"latitude":46.2338538,"name":"Ivókút","city":null,"address":null,"covered":null,"access":null,"website":null,"phone":null,"source":"OpenStreetMap","sourceUpdatedAt":"2026-04-04T22:50:22.71606+00:00","verifiedAt":null}},{"type":"Feature","geometry":{"type":"Point","coordinates":[20.1393958,46.2570548]},"properties":{"id":"water:3a9bcbb0-d1e9-435c-9154-f686ef2ac5ab","kind":"water","longitude":20.1393958,"latitude":46.2570548,"name":"Ivókút","city":null,"address":null,"covered":null,"access":null,"website":null,"phone":null,"source":"OpenStreetMap","sourceUpdatedAt":"2026-04-04T22:50:22.71606+00:00","verifiedAt":null}},{"type":"Feature","geometry":{"type":"Point","coordinates":[20.1041534,46.239685]},"properties":{"id":"water:3b118159-c8be-45ec-a204-6d4c49ce1b94","kind":"water","longitude":20.1041534,"latitude":46.239685,"name":"Ivókút","city":null,"address":null,"covered":null,"access":null,"website":null,"phone":null,"source":"OpenStreetMap","sourceUpdatedAt":"2026-04-04T22:50:22.71606+00:00","verifiedAt":null}},{"type":"Feature","geometry":{"type":"Point","coordinates":[20.1285174,46.25173]},"properties":{"id":"water:3b5b9fcd-49c5-494c-9d99-631a58ce87d0","kind":"water","longitude":20.1285174,"latitude":46.25173,"name":"Ivókút","city":null,"address":null,"covered":null,"access":null,"website":null,"phone":null,"source":"OpenStreetMap","sourceUpdatedAt":"2026-04-04T22:50:22.71606+00:00","verifiedAt":null}},{"type":"Feature","geometry":{"type":"Point","coordinates":[20.1963606,46.2242245]},"properties":{"id":"water:3e8dc61b-82ab-4a96-87a5-ad0dff47f1c2","kind":"water","longitude":20.1963606,"latitude":46.2242245,"name":"Ivókút","city":null,"address":null,"covered":null,"access":null,"website":null,"phone":null,"source":"OpenStreetMap","sourceUpdatedAt":"2026-04-04T22:50:22.71606+00:00","verifiedAt":null}},{"type":"Feature","geometry":{"type":"Point","coordinates":[20.1920282,46.2313267]},"properties":{"id":"water:3ee4da8e-81a5-4c7a-9308-f49c079bf808","kind":"water","longitude":20.1920282,"latitude":46.2313267,"name":"Ivókút","city":null,"address":null,"covered":null,"access":null,"website":null,"phone":null,"source":"OpenStreetMap","sourceUpdatedAt":"2026-04-04T22:50:22.71606+00:00","verifiedAt":null}},{"type":"Feature","geometry":{"type":"Point","coordinates":[20.1709786,46.2267122]},"properties":{"id":"water:3f0de744-932c-46a8-a064-d2ecc7277a55","kind":"water","longitude":20.1709786,"latitude":46.2267122,"name":"Ivókút","city":null,"address":null,"covered":null,"access":null,"website":null,"phone":null,"source":"OpenStreetMap","sourceUpdatedAt":"2026-04-04T22:50:22.71606+00:00","verifiedAt":null}},{"type":"Feature","geometry":{"type":"Point","coordinates":[20.1648888,46.2695952]},"properties":{"id":"water:420e736b-b942-430e-bd60-4e72117405b8","kind":"water","longitude":20.1648888,"latitude":46.2695952,"name":"Ivókút","city":null,"address":null,"covered":null,"access":null,"website":null,"phone":null,"source":"OpenStreetMap","sourceUpdatedAt":"2026-04-04T22:50:22.71606+00:00","verifiedAt":null}},{"type":"Feature","geometry":{"type":"Point","coordinates":[20.0744835,46.2156763]},"properties":{"id":"water:435cf86f-6779-4d17-82f0-9f9ee366f162","kind":"water","longitude":20.0744835,"latitude":46.2156763,"name":"Ivókút","city":null,"address":null,"covered":null,"access":null,"website":null,"phone":null,"source":"OpenStreetMap","sourceUpdatedAt":"2026-04-04T22:50:22.71606+00:00","verifiedAt":null}},{"type":"Feature","geometry":{"type":"Point","coordinates":[20.178788,46.1839339]},"properties":{"id":"water:443939b0-6246-4ccd-97f5-cc0cb104ae5f","kind":"water","longitude":20.178788,"latitude":46.1839339,"name":"Ivókút","city":null,"address":null,"covered":null,"access":null,"website":null,"phone":null,"source":"OpenStreetMap","sourceUpdatedAt":"2026-04-04T22:50:22.71606+00:00","verifiedAt":null}},{"type":"Feature","geometry":{"type":"Point","coordinates":[20.1323186,46.2460497]},"properties":{"id":"water:454efc75-5bad-484e-990e-5e45694134e7","kind":"water","longitude":20.1323186,"latitude":46.2460497,"name":"Ivókút","city":null,"address":null,"covered":null,"access":null,"website":null,"phone":null,"source":"OpenStreetMap","sourceUpdatedAt":"2026-04-04T22:50:22.71606+00:00","verifiedAt":null}},{"type":"Feature","geometry":{"type":"Point","coordinates":[20.3218576,46.2124879]},"properties":{"id":"water:45ed56e9-7775-44f8-924b-206879fadf2b","kind":"water","longitude":20.3218576,"latitude":46.2124879,"name":"Ivókút","city":null,"address":null,"covered":null,"access":null,"website":null,"phone":null,"source":"OpenStreetMap","sourceUpdatedAt":"2026-04-04T22:50:22.71606+00:00","verifiedAt":null}},{"type":"Feature","geometry":{"type":"Point","coordinates":[20.3252906,46.2269748]},"properties":{"id":"water:45f0dd93-4fd7-4987-ac6f-b513d0aa3055","kind":"water","longitude":20.3252906,"latitude":46.2269748,"name":"Ivókút","city":null,"address":null,"covered":null,"access":null,"website":null,"phone":null,"source":"OpenStreetMap","sourceUpdatedAt":"2026-04-04T22:50:22.71606+00:00","verifiedAt":null}},{"type":"Feature","geometry":{"type":"Point","coordinates":[20.1123208,46.2295314]},"properties":{"id":"water:463dc518-a55d-4445-a056-67142ff2a44e","kind":"water","longitude":20.1123208,"latitude":46.2295314,"name":"Ivókút","city":null,"address":null,"covered":null,"access":null,"website":null,"phone":null,"source":"OpenStreetMap","sourceUpdatedAt":"2026-04-04T22:50:22.71606+00:00","verifiedAt":null}},{"type":"Feature","geometry":{"type":"Point","coordinates":[20.1509645,46.2892336]},"properties":{"id":"water:474072c3-61f9-42a9-8cb9-11a7613a8756","kind":"water","longitude":20.1509645,"latitude":46.2892336,"name":"Ivókút","city":null,"address":null,"covered":null,"access":null,"website":null,"phone":null,"source":"OpenStreetMap","sourceUpdatedAt":"2026-04-04T22:50:22.71606+00:00","verifiedAt":null}},{"type":"Feature","geometry":{"type":"Point","coordinates":[20.1616484,46.2687265]},"properties":{"id":"water:47b13a9c-1457-4a8e-a977-764722c04d7a","kind":"water","longitude":20.1616484,"latitude":46.2687265,"name":"Ivókút","city":null,"address":null,"covered":null,"access":null,"website":null,"phone":null,"source":"OpenStreetMap","sourceUpdatedAt":"2026-04-04T22:50:22.71606+00:00","verifiedAt":null}},{"type":"Feature","geometry":{"type":"Point","coordinates":[20.1873265,46.2639411]},"properties":{"id":"water:48cc73d3-7a3a-4997-9ae9-928ab27f2966","kind":"water","longitude":20.1873265,"latitude":46.2639411,"name":"Ivókút","city":null,"address":null,"covered":null,"access":null,"website":null,"phone":null,"source":"OpenStreetMap","sourceUpdatedAt":"2026-04-04T22:50:22.71606+00:00","verifiedAt":null}},{"type":"Feature","geometry":{"type":"Point","coordinates":[20.0664775,46.2665043]},"properties":{"id":"water:49042f5c-0ed5-45eb-a7d9-f6f5b2372cbd","kind":"water","longitude":20.0664775,"latitude":46.2665043,"name":"Ivókút","city":null,"address":null,"covered":null,"access":null,"website":null,"phone":null,"source":"OpenStreetMap","sourceUpdatedAt":"2026-04-04T22:50:22.71606+00:00","verifiedAt":null}},{"type":"Feature","geometry":{"type":"Point","coordinates":[20.0860449,46.2238966]},"properties":{"id":"water:4918e344-f6da-4d26-9acf-477e4c15b57b","kind":"water","longitude":20.0860449,"latitude":46.2238966,"name":"Ivókút","city":null,"address":null,"covered":null,"access":null,"website":null,"phone":null,"source":"OpenStreetMap","sourceUpdatedAt":"2026-04-04T22:50:22.71606+00:00","verifiedAt":null}},{"type":"Feature","geometry":{"type":"Point","coordinates":[20.063535,46.2711626]},"properties":{"id":"water:49c790fb-7bd2-4aa2-ab69-067fd7282956","kind":"water","longitude":20.063535,"latitude":46.2711626,"name":"Ivókút","city":null,"address":null,"covered":null,"access":null,"website":null,"phone":null,"source":"OpenStreetMap","sourceUpdatedAt":"2026-04-04T22:50:22.71606+00:00","verifiedAt":null}},{"type":"Feature","geometry":{"type":"Point","coordinates":[20.1471047,46.2610638]},"properties":{"id":"water:4a6badbc-f020-482c-ae76-d5e9c845b888","kind":"water","longitude":20.1471047,"latitude":46.2610638,"name":"Ivókút","city":null,"address":null,"covered":null,"access":null,"website":null,"phone":null,"source":"OpenStreetMap","sourceUpdatedAt":"2026-04-04T22:50:22.71606+00:00","verifiedAt":null}},{"type":"Feature","geometry":{"type":"Point","coordinates":[20.0720593,46.3031888]},"properties":{"id":"water:4abf9be3-a6ea-422b-871f-d52a2153b654","kind":"water","longitude":20.0720593,"latitude":46.3031888,"name":"Ivókút","city":null,"address":null,"covered":null,"access":null,"website":null,"phone":null,"source":"OpenStreetMap","sourceUpdatedAt":"2026-04-04T22:50:22.71606+00:00","verifiedAt":null}},{"type":"Feature","geometry":{"type":"Point","coordinates":[20.2285445,46.2156302]},"properties":{"id":"water:4b9b676f-082a-4213-941b-dfef04eaf1d8","kind":"water","longitude":20.2285445,"latitude":46.2156302,"name":"Ivókút","city":null,"address":null,"covered":null,"access":null,"website":null,"phone":null,"source":"OpenStreetMap","sourceUpdatedAt":"2026-04-04T22:50:22.71606+00:00","verifiedAt":null}},{"type":"Feature","geometry":{"type":"Point","coordinates":[20.2079228,46.2637055]},"properties":{"id":"water:4c21ba69-4714-4a44-8ca8-04b653cd0b13","kind":"water","longitude":20.2079228,"latitude":46.2637055,"name":"Ivókút","city":null,"address":null,"covered":null,"access":null,"website":null,"phone":null,"source":"OpenStreetMap","sourceUpdatedAt":"2026-04-04T22:50:22.71606+00:00","verifiedAt":null}},{"type":"Feature","geometry":{"type":"Point","coordinates":[20.1281268,46.2415787]},"properties":{"id":"water:4d855e4a-7514-410d-93bb-8d0354369767","kind":"water","longitude":20.1281268,"latitude":46.2415787,"name":"Ivókút","city":null,"address":null,"covered":null,"access":null,"website":null,"phone":null,"source":"OpenStreetMap","sourceUpdatedAt":"2026-04-04T22:50:22.71606+00:00","verifiedAt":null}},{"type":"Feature","geometry":{"type":"Point","coordinates":[20.1719167,46.2815556]},"properties":{"id":"water:4dc76337-bc97-4e27-bbef-772f7ea0241b","kind":"water","longitude":20.1719167,"latitude":46.2815556,"name":"Ivókút","city":null,"address":null,"covered":null,"access":null,"website":null,"phone":null,"source":"OpenStreetMap","sourceUpdatedAt":"2026-04-04T22:50:22.71606+00:00","verifiedAt":null}},{"type":"Feature","geometry":{"type":"Point","coordinates":[20.1578329,46.2669733]},"properties":{"id":"water:4eef4eee-5779-4e59-97c2-c00a294b537b","kind":"water","longitude":20.1578329,"latitude":46.2669733,"name":"Ivókút","city":null,"address":null,"covered":null,"access":null,"website":null,"phone":null,"source":"OpenStreetMap","sourceUpdatedAt":"2026-04-04T22:50:22.71606+00:00","verifiedAt":null}},{"type":"Feature","geometry":{"type":"Point","coordinates":[20.3318578,46.2197466]},"properties":{"id":"water:4f9d7022-b8ef-40e0-93a0-a9c5ca8cf6ac","kind":"water","longitude":20.3318578,"latitude":46.2197466,"name":"Ivókút","city":null,"address":null,"covered":null,"access":null,"website":null,"phone":null,"source":"OpenStreetMap","sourceUpdatedAt":"2026-04-04T22:50:22.71606+00:00","verifiedAt":null}},{"type":"Feature","geometry":{"type":"Point","coordinates":[20.1124408,46.2780059]},"properties":{"id":"water:52985c0b-78ca-4586-9afc-ba02d44bbb87","kind":"water","longitude":20.1124408,"latitude":46.2780059,"name":"Ivókút","city":null,"address":null,"covered":null,"access":null,"website":null,"phone":null,"source":"OpenStreetMap","sourceUpdatedAt":"2026-04-04T22:50:22.71606+00:00","verifiedAt":null}},{"type":"Feature","geometry":{"type":"Point","coordinates":[20.2706517,46.1473009]},"properties":{"id":"water:53124a35-9906-4da4-a667-7c88d79bcede","kind":"water","longitude":20.2706517,"latitude":46.1473009,"name":"Ivókút","city":null,"address":null,"covered":null,"access":null,"website":null,"phone":null,"source":"OpenStreetMap","sourceUpdatedAt":"2026-04-04T22:50:22.71606+00:00","verifiedAt":null}},{"type":"Feature","geometry":{"type":"Point","coordinates":[20.1507044,46.2498513]},"properties":{"id":"water:53681c32-a223-44fb-96ac-9b26f1d75278","kind":"water","longitude":20.1507044,"latitude":46.2498513,"name":"Ivókút","city":null,"address":null,"covered":null,"access":null,"website":null,"phone":null,"source":"OpenStreetMap","sourceUpdatedAt":"2026-04-04T22:50:22.71606+00:00","verifiedAt":null}},{"type":"Feature","geometry":{"type":"Point","coordinates":[20.270899,46.1479818]},"properties":{"id":"water:541590ee-6b46-444e-b868-ab097d347c87","kind":"water","longitude":20.270899,"latitude":46.1479818,"name":"Ivókút","city":null,"address":null,"covered":null,"access":null,"website":null,"phone":null,"source":"OpenStreetMap","sourceUpdatedAt":"2026-04-04T22:50:22.71606+00:00","verifiedAt":null}},{"type":"Feature","geometry":{"type":"Point","coordinates":[20.1165683,46.251931]},"properties":{"id":"water:5563fc02-c8b6-4aef-9904-a1eb04fa0c46","kind":"water","longitude":20.1165683,"latitude":46.251931,"name":"Ivókút","city":null,"address":null,"covered":null,"access":null,"website":null,"phone":null,"source":"OpenStreetMap","sourceUpdatedAt":"2026-04-04T22:50:22.71606+00:00","verifiedAt":null}},{"type":"Feature","geometry":{"type":"Point","coordinates":[20.1675482,46.2678329]},"properties":{"id":"water:56150567-9d5e-40c6-9fba-ff1abf3db62f","kind":"water","longitude":20.1675482,"latitude":46.2678329,"name":"Ivókút","city":null,"address":null,"covered":null,"access":null,"website":null,"phone":null,"source":"OpenStreetMap","sourceUpdatedAt":"2026-04-04T22:50:22.71606+00:00","verifiedAt":null}},{"type":"Feature","geometry":{"type":"Point","coordinates":[20.1445768,46.2725399]},"properties":{"id":"water:56a9ad39-f7b6-4109-a4a9-b4b83a40acf2","kind":"water","longitude":20.1445768,"latitude":46.2725399,"name":"Ivókút","city":null,"address":null,"covered":null,"access":null,"website":null,"phone":null,"source":"OpenStreetMap","sourceUpdatedAt":"2026-04-04T22:50:22.71606+00:00","verifiedAt":null}},{"type":"Feature","geometry":{"type":"Point","coordinates":[20.1950812,46.2104364]},"properties":{"id":"water:56f00102-f2bc-4efd-be31-9cdadb6d2480","kind":"water","longitude":20.1950812,"latitude":46.2104364,"name":"Ivókút","city":null,"address":null,"covered":null,"access":null,"website":null,"phone":null,"source":"OpenStreetMap","sourceUpdatedAt":"2026-04-04T22:50:22.71606+00:00","verifiedAt":null}},{"type":"Feature","geometry":{"type":"Point","coordinates":[20.1449549,46.2508012]},"properties":{"id":"water:578b4af9-9e62-4fa7-80d7-7d3965b76094","kind":"water","longitude":20.1449549,"latitude":46.2508012,"name":"Ivókút","city":null,"address":null,"covered":null,"access":null,"website":null,"phone":null,"source":"OpenStreetMap","sourceUpdatedAt":"2026-04-04T22:50:22.71606+00:00","verifiedAt":null}},{"type":"Feature","geometry":{"type":"Point","coordinates":[20.0869947,46.2178824]},"properties":{"id":"water:5970c94f-c6e2-47bc-8237-3237707a0ad6","kind":"water","longitude":20.0869947,"latitude":46.2178824,"name":"Ivókút","city":null,"address":null,"covered":null,"access":null,"website":null,"phone":null,"source":"OpenStreetMap","sourceUpdatedAt":"2026-04-04T22:50:22.71606+00:00","verifiedAt":null}},{"type":"Feature","geometry":{"type":"Point","coordinates":[20.055848,46.2767488]},"properties":{"id":"water:5b59c740-c004-44d7-87eb-39508f7f8b1b","kind":"water","longitude":20.055848,"latitude":46.2767488,"name":"Ivókút","city":null,"address":null,"covered":null,"access":null,"website":null,"phone":null,"source":"OpenStreetMap","sourceUpdatedAt":"2026-04-04T22:50:22.71606+00:00","verifiedAt":null}},{"type":"Feature","geometry":{"type":"Point","coordinates":[20.0564607,46.2752037]},"properties":{"id":"water:5b6aee3a-3c83-4c3f-9924-34eb8221bda5","kind":"water","longitude":20.0564607,"latitude":46.2752037,"name":"Ivókút","city":null,"address":null,"covered":null,"access":null,"website":null,"phone":null,"source":"OpenStreetMap","sourceUpdatedAt":"2026-04-04T22:50:22.71606+00:00","verifiedAt":null}},{"type":"Feature","geometry":{"type":"Point","coordinates":[20.326022,46.2217995]},"properties":{"id":"water:5cdb103d-6f6b-4162-9bec-12d30d7e8737","kind":"water","longitude":20.326022,"latitude":46.2217995,"name":"Ivókút","city":null,"address":null,"covered":null,"access":null,"website":null,"phone":null,"source":"OpenStreetMap","sourceUpdatedAt":"2026-04-04T22:50:22.71606+00:00","verifiedAt":null}},{"type":"Feature","geometry":{"type":"Point","coordinates":[20.1275122,46.2408541]},"properties":{"id":"water:5e8a96ea-80e9-45a9-90d0-51a31b502040","kind":"water","longitude":20.1275122,"latitude":46.2408541,"name":"Ivókút","city":null,"address":null,"covered":null,"access":null,"website":null,"phone":null,"source":"OpenStreetMap","sourceUpdatedAt":"2026-04-04T22:50:22.71606+00:00","verifiedAt":null}},{"type":"Feature","geometry":{"type":"Point","coordinates":[20.1393218,46.2570861]},"properties":{"id":"water:5ea304a9-b9f0-455b-b3ff-688283e54e0f","kind":"water","longitude":20.1393218,"latitude":46.2570861,"name":"Ivókút","city":null,"address":null,"covered":null,"access":null,"website":null,"phone":null,"source":"OpenStreetMap","sourceUpdatedAt":"2026-04-04T22:50:22.71606+00:00","verifiedAt":null}},{"type":"Feature","geometry":{"type":"Point","coordinates":[20.1440773,46.250826]},"properties":{"id":"water:5eabc0c3-58ec-4d15-a41a-6d7f936a5ad5","kind":"water","longitude":20.1440773,"latitude":46.250826,"name":"Ivókút","city":null,"address":null,"covered":null,"access":null,"website":null,"phone":null,"source":"OpenStreetMap","sourceUpdatedAt":"2026-04-04T22:50:22.71606+00:00","verifiedAt":null}},{"type":"Feature","geometry":{"type":"Point","coordinates":[20.1439915,46.254822]},"properties":{"id":"water:603e6543-6894-4830-b015-99c68f599b12","kind":"water","longitude":20.1439915,"latitude":46.254822,"name":"Ivókút","city":null,"address":null,"covered":null,"access":null,"website":null,"phone":null,"source":"OpenStreetMap","sourceUpdatedAt":"2026-04-04T22:50:22.71606+00:00","verifiedAt":null}},{"type":"Feature","geometry":{"type":"Point","coordinates":[20.1153076,46.2484397]},"properties":{"id":"water:618eada4-fbf8-4552-b8fd-014ca101107e","kind":"water","longitude":20.1153076,"latitude":46.2484397,"name":"Ivókút","city":null,"address":null,"covered":null,"access":null,"website":null,"phone":null,"source":"OpenStreetMap","sourceUpdatedAt":"2026-04-04T22:50:22.71606+00:00","verifiedAt":null}},{"type":"Feature","geometry":{"type":"Point","coordinates":[20.1440622,46.2755304]},"properties":{"id":"water:61abcf31-f34e-48d8-a309-5eda66182870","kind":"water","longitude":20.1440622,"latitude":46.2755304,"name":"Ivókút","city":null,"address":null,"covered":null,"access":null,"website":null,"phone":null,"source":"OpenStreetMap","sourceUpdatedAt":"2026-04-04T22:50:22.71606+00:00","verifiedAt":null}},{"type":"Feature","geometry":{"type":"Point","coordinates":[20.1673419,46.2678293]},"properties":{"id":"water:62350de7-3171-4382-b205-76f6f2b7f1fe","kind":"water","longitude":20.1673419,"latitude":46.2678293,"name":"Ivókút","city":null,"address":null,"covered":null,"access":null,"website":null,"phone":null,"source":"OpenStreetMap","sourceUpdatedAt":"2026-04-04T22:50:22.71606+00:00","verifiedAt":null}},{"type":"Feature","geometry":{"type":"Point","coordinates":[20.1921604,46.214861]},"properties":{"id":"water:651b6dc3-f4dc-4a97-8503-07ab0b21e194","kind":"water","longitude":20.1921604,"latitude":46.214861,"name":"Ivókút","city":null,"address":null,"covered":null,"access":null,"website":null,"phone":null,"source":"OpenStreetMap","sourceUpdatedAt":"2026-04-04T22:50:22.71606+00:00","verifiedAt":null}},{"type":"Feature","geometry":{"type":"Point","coordinates":[20.124759,46.2800487]},"properties":{"id":"water:66fbf104-8945-4a49-ad82-616d587deea1","kind":"water","longitude":20.124759,"latitude":46.2800487,"name":"Ivókút","city":null,"address":null,"covered":null,"access":null,"website":null,"phone":null,"source":"OpenStreetMap","sourceUpdatedAt":"2026-04-04T22:50:22.71606+00:00","verifiedAt":null}},{"type":"Feature","geometry":{"type":"Point","coordinates":[20.1325198,46.2534319]},"properties":{"id":"water:68c6ea6a-f667-403f-ad3c-4e556f99dfb1","kind":"water","longitude":20.1325198,"latitude":46.2534319,"name":"Ivókút","city":null,"address":null,"covered":null,"access":null,"website":null,"phone":null,"source":"OpenStreetMap","sourceUpdatedAt":"2026-04-04T22:50:22.71606+00:00","verifiedAt":null}},{"type":"Feature","geometry":{"type":"Point","coordinates":[20.1253386,46.2397251]},"properties":{"id":"water:6940f6e5-0b6a-4cd7-8945-3ed6f92ca37e","kind":"water","longitude":20.1253386,"latitude":46.2397251,"name":"Ivókút","city":null,"address":null,"covered":null,"access":null,"website":null,"phone":null,"source":"OpenStreetMap","sourceUpdatedAt":"2026-04-04T22:50:22.71606+00:00","verifiedAt":null}},{"type":"Feature","geometry":{"type":"Point","coordinates":[20.2956748,46.2570877]},"properties":{"id":"water:69ced334-a903-4c19-84d8-7ac6c5f4cc89","kind":"water","longitude":20.2956748,"latitude":46.2570877,"name":"Ivókút","city":null,"address":null,"covered":null,"access":null,"website":null,"phone":null,"source":"OpenStreetMap","sourceUpdatedAt":"2026-04-04T22:50:22.71606+00:00","verifiedAt":null}},{"type":"Feature","geometry":{"type":"Point","coordinates":[20.1640023,46.2496382]},"properties":{"id":"water:6b2f4d47-7700-40ba-b4ed-a8a8587da61b","kind":"water","longitude":20.1640023,"latitude":46.2496382,"name":"Ivókút","city":null,"address":null,"covered":null,"access":null,"website":null,"phone":null,"source":"OpenStreetMap","sourceUpdatedAt":"2026-04-04T22:50:22.71606+00:00","verifiedAt":null}},{"type":"Feature","geometry":{"type":"Point","coordinates":[20.1311474,46.267995]},"properties":{"id":"water:6c619e5f-06f8-4508-b9e8-6ca0e8067f22","kind":"water","longitude":20.1311474,"latitude":46.267995,"name":"Ivókút","city":null,"address":null,"covered":null,"access":null,"website":null,"phone":null,"source":"OpenStreetMap","sourceUpdatedAt":"2026-04-04T22:50:22.71606+00:00","verifiedAt":null}},{"type":"Feature","geometry":{"type":"Point","coordinates":[20.1183682,46.2419522]},"properties":{"id":"water:6cc8b544-8e88-4cf1-ac18-c23d4b1d20c4","kind":"water","longitude":20.1183682,"latitude":46.2419522,"name":"Ivókút","city":null,"address":null,"covered":null,"access":null,"website":null,"phone":null,"source":"OpenStreetMap","sourceUpdatedAt":"2026-04-04T22:50:22.71606+00:00","verifiedAt":null}},{"type":"Feature","geometry":{"type":"Point","coordinates":[20.3426033,46.267401]},"properties":{"id":"water:6fbe86d0-6249-4627-b267-8849cd722499","kind":"water","longitude":20.3426033,"latitude":46.267401,"name":"Ivókút","city":null,"address":null,"covered":null,"access":null,"website":null,"phone":null,"source":"OpenStreetMap","sourceUpdatedAt":"2026-04-04T22:50:22.71606+00:00","verifiedAt":null}},{"type":"Feature","geometry":{"type":"Point","coordinates":[20.3531526,46.2171735]},"properties":{"id":"water:72a34c2c-cc99-4b87-a84c-33d135290871","kind":"water","longitude":20.3531526,"latitude":46.2171735,"name":"Ivókút","city":null,"address":null,"covered":null,"access":null,"website":null,"phone":null,"source":"OpenStreetMap","sourceUpdatedAt":"2026-04-04T22:50:22.71606+00:00","verifiedAt":null}},{"type":"Feature","geometry":{"type":"Point","coordinates":[20.1573462,46.2592561]},"properties":{"id":"water:72fcf349-aa90-46a0-b6ef-0d36b1c09344","kind":"water","longitude":20.1573462,"latitude":46.2592561,"name":"Ivókút","city":null,"address":null,"covered":null,"access":null,"website":null,"phone":null,"source":"OpenStreetMap","sourceUpdatedAt":"2026-04-04T22:50:22.71606+00:00","verifiedAt":null}},{"type":"Feature","geometry":{"type":"Point","coordinates":[20.3457451,46.2689303]},"properties":{"id":"water:73476bd8-8623-4af8-a1bf-5cc04e83c89b","kind":"water","longitude":20.3457451,"latitude":46.2689303,"name":"Ivókút","city":null,"address":null,"covered":null,"access":null,"website":null,"phone":null,"source":"OpenStreetMap","sourceUpdatedAt":"2026-04-04T22:50:22.71606+00:00","verifiedAt":null}},{"type":"Feature","geometry":{"type":"Point","coordinates":[20.1606447,46.2488805]},"properties":{"id":"water:74798637-7a9f-434d-aa96-bb59dabe8a4b","kind":"water","longitude":20.1606447,"latitude":46.2488805,"name":"Ivókút","city":null,"address":null,"covered":null,"access":null,"website":null,"phone":null,"source":"OpenStreetMap","sourceUpdatedAt":"2026-04-04T22:50:22.71606+00:00","verifiedAt":null}},{"type":"Feature","geometry":{"type":"Point","coordinates":[20.1629653,46.2463269]},"properties":{"id":"water:760ac703-eb0f-4d25-81d8-ec5516a25e64","kind":"water","longitude":20.1629653,"latitude":46.2463269,"name":"Ivókút","city":null,"address":null,"covered":null,"access":null,"website":null,"phone":null,"source":"OpenStreetMap","sourceUpdatedAt":"2026-04-04T22:50:22.71606+00:00","verifiedAt":null}},{"type":"Feature","geometry":{"type":"Point","coordinates":[20.128832,46.2423659]},"properties":{"id":"water:766b7785-04ad-40e4-9d72-6bf8f384a316","kind":"water","longitude":20.128832,"latitude":46.2423659,"name":"Ivókút","city":null,"address":null,"covered":null,"access":null,"website":null,"phone":null,"source":"OpenStreetMap","sourceUpdatedAt":"2026-04-04T22:50:22.71606+00:00","verifiedAt":null}},{"type":"Feature","geometry":{"type":"Point","coordinates":[20.1569547,46.2676903]},"properties":{"id":"water:7732c148-2c58-4a39-bbd9-bcd9fb5dd455","kind":"water","longitude":20.1569547,"latitude":46.2676903,"name":"Ivókút","city":null,"address":null,"covered":null,"access":null,"website":null,"phone":null,"source":"OpenStreetMap","sourceUpdatedAt":"2026-04-04T22:50:22.71606+00:00","verifiedAt":null}},{"type":"Feature","geometry":{"type":"Point","coordinates":[20.19038,46.2365752]},"properties":{"id":"water:785abcc0-ce65-4e05-8ecd-fb6bc434f8fa","kind":"water","longitude":20.19038,"latitude":46.2365752,"name":"Ivókút","city":null,"address":null,"covered":null,"access":null,"website":null,"phone":null,"source":"OpenStreetMap","sourceUpdatedAt":"2026-04-04T22:50:22.71606+00:00","verifiedAt":null}},{"type":"Feature","geometry":{"type":"Point","coordinates":[20.1780278,46.2623611]},"properties":{"id":"water:78eb0473-5deb-4fdc-9fb4-45db4cec0418","kind":"water","longitude":20.1780278,"latitude":46.2623611,"name":"Ivókút","city":null,"address":null,"covered":null,"access":null,"website":null,"phone":null,"source":"OpenStreetMap","sourceUpdatedAt":"2026-04-04T22:50:22.71606+00:00","verifiedAt":null}},{"type":"Feature","geometry":{"type":"Point","coordinates":[20.1061895,46.2057812]},"properties":{"id":"water:7901b551-055c-449a-a930-7da949784c85","kind":"water","longitude":20.1061895,"latitude":46.2057812,"name":"Ivókút","city":null,"address":null,"covered":null,"access":null,"website":null,"phone":null,"source":"OpenStreetMap","sourceUpdatedAt":"2026-04-04T22:50:22.71606+00:00","verifiedAt":null}},{"type":"Feature","geometry":{"type":"Point","coordinates":[20.1390105,46.2567184]},"properties":{"id":"water:7b31ceb5-28fd-4735-9d27-98368d10569a","kind":"water","longitude":20.1390105,"latitude":46.2567184,"name":"Ivókút","city":null,"address":null,"covered":null,"access":null,"website":null,"phone":null,"source":"OpenStreetMap","sourceUpdatedAt":"2026-04-04T22:50:22.71606+00:00","verifiedAt":null}},{"type":"Feature","geometry":{"type":"Point","coordinates":[20.1402136,46.2644315]},"properties":{"id":"water:7be7598c-9ffb-45b2-917c-c96a8282c835","kind":"water","longitude":20.1402136,"latitude":46.2644315,"name":"Ivókút","city":null,"address":null,"covered":null,"access":null,"website":null,"phone":null,"source":"OpenStreetMap","sourceUpdatedAt":"2026-04-04T22:50:22.71606+00:00","verifiedAt":null}},{"type":"Feature","geometry":{"type":"Point","coordinates":[20.1464407,46.2494726]},"properties":{"id":"water:7be78c33-8ae3-4e98-8d13-205e1e594d26","kind":"water","longitude":20.1464407,"latitude":46.2494726,"name":"Ivókút","city":null,"address":null,"covered":null,"access":null,"website":null,"phone":null,"source":"OpenStreetMap","sourceUpdatedAt":"2026-04-04T22:50:22.71606+00:00","verifiedAt":null}},{"type":"Feature","geometry":{"type":"Point","coordinates":[20.1367595,46.2418653]},"properties":{"id":"water:7d250be9-067f-4c52-8a38-e0e32c9167da","kind":"water","longitude":20.1367595,"latitude":46.2418653,"name":"Ivókút","city":null,"address":null,"covered":null,"access":null,"website":null,"phone":null,"source":"OpenStreetMap","sourceUpdatedAt":"2026-04-04T22:50:22.71606+00:00","verifiedAt":null}},{"type":"Feature","geometry":{"type":"Point","coordinates":[20.1228889,46.2731908]},"properties":{"id":"water:7d312198-7ab7-474c-b8b3-569e1e5660c5","kind":"water","longitude":20.1228889,"latitude":46.2731908,"name":"Ivókút","city":null,"address":null,"covered":null,"access":null,"website":null,"phone":null,"source":"OpenStreetMap","sourceUpdatedAt":"2026-04-04T22:50:22.71606+00:00","verifiedAt":null}},{"type":"Feature","geometry":{"type":"Point","coordinates":[20.1687921,46.2783222]},"properties":{"id":"water:7d88c59b-6613-4be9-b644-b768a7c49163","kind":"water","longitude":20.1687921,"latitude":46.2783222,"name":"Ivókút","city":null,"address":null,"covered":null,"access":null,"website":null,"phone":null,"source":"OpenStreetMap","sourceUpdatedAt":"2026-04-04T22:50:22.71606+00:00","verifiedAt":null}},{"type":"Feature","geometry":{"type":"Point","coordinates":[20.1497536,46.2536457]},"properties":{"id":"water:7ed109cb-cbb3-497c-986b-49bd1946b018","kind":"water","longitude":20.1497536,"latitude":46.2536457,"name":"Ivókút","city":null,"address":null,"covered":null,"access":null,"website":null,"phone":null,"source":"OpenStreetMap","sourceUpdatedAt":"2026-04-04T22:50:22.71606+00:00","verifiedAt":null}},{"type":"Feature","geometry":{"type":"Point","coordinates":[20.062287,46.2762856]},"properties":{"id":"water:80fc880a-9586-44f1-b364-bcd3d1b8c0d0","kind":"water","longitude":20.062287,"latitude":46.2762856,"name":"Ivókút","city":null,"address":null,"covered":null,"access":null,"website":null,"phone":null,"source":"OpenStreetMap","sourceUpdatedAt":"2026-04-04T22:50:22.71606+00:00","verifiedAt":null}},{"type":"Feature","geometry":{"type":"Point","coordinates":[20.0670833,46.2805821]},"properties":{"id":"water:81694f26-268e-4432-8701-127be381f955","kind":"water","longitude":20.0670833,"latitude":46.2805821,"name":"Ivókút","city":null,"address":null,"covered":null,"access":null,"website":null,"phone":null,"source":"OpenStreetMap","sourceUpdatedAt":"2026-04-04T22:50:22.71606+00:00","verifiedAt":null}},{"type":"Feature","geometry":{"type":"Point","coordinates":[20.16332,46.290483]},"properties":{"id":"water:87c2cf9f-3f11-417e-9f0f-837a7b9be0b5","kind":"water","longitude":20.16332,"latitude":46.290483,"name":"Ivókút","city":null,"address":null,"covered":null,"access":null,"website":null,"phone":null,"source":"OpenStreetMap","sourceUpdatedAt":"2026-04-04T22:50:22.71606+00:00","verifiedAt":null}},{"type":"Feature","geometry":{"type":"Point","coordinates":[20.1946288,46.2017029]},"properties":{"id":"water:880bb45a-9521-4698-aee3-9eafa3394b1a","kind":"water","longitude":20.1946288,"latitude":46.2017029,"name":"Ivókút","city":null,"address":null,"covered":null,"access":null,"website":null,"phone":null,"source":"OpenStreetMap","sourceUpdatedAt":"2026-04-04T22:50:22.71606+00:00","verifiedAt":null}},{"type":"Feature","geometry":{"type":"Point","coordinates":[20.077832,46.2183055]},"properties":{"id":"water:8aea71a1-b9a7-467b-bf20-44fc9ef794dc","kind":"water","longitude":20.077832,"latitude":46.2183055,"name":"Ivókút","city":null,"address":null,"covered":null,"access":null,"website":null,"phone":null,"source":"OpenStreetMap","sourceUpdatedAt":"2026-04-04T22:50:22.71606+00:00","verifiedAt":null}},{"type":"Feature","geometry":{"type":"Point","coordinates":[20.1604508,46.2491411]},"properties":{"id":"water:8b059577-1a52-4129-b198-2b60daf47dd0","kind":"water","longitude":20.1604508,"latitude":46.2491411,"name":"Ivókút","city":null,"address":null,"covered":null,"access":null,"website":null,"phone":null,"source":"OpenStreetMap","sourceUpdatedAt":"2026-04-04T22:50:22.71606+00:00","verifiedAt":null}},{"type":"Feature","geometry":{"type":"Point","coordinates":[20.1494447,46.258333]},"properties":{"id":"water:8c721037-ed7f-4efd-beab-c0067083faf1","kind":"water","longitude":20.1494447,"latitude":46.258333,"name":"Ivókút","city":null,"address":null,"covered":null,"access":null,"website":null,"phone":null,"source":"OpenStreetMap","sourceUpdatedAt":"2026-04-04T22:50:22.71606+00:00","verifiedAt":null}},{"type":"Feature","geometry":{"type":"Point","coordinates":[20.1412558,46.2540166]},"properties":{"id":"water:8c9ca1f1-fba0-4825-b1bc-303385fcebdd","kind":"water","longitude":20.1412558,"latitude":46.2540166,"name":"Ivókút","city":null,"address":null,"covered":null,"access":null,"website":null,"phone":null,"source":"OpenStreetMap","sourceUpdatedAt":"2026-04-04T22:50:22.71606+00:00","verifiedAt":null}},{"type":"Feature","geometry":{"type":"Point","coordinates":[20.1914737,46.2080723]},"properties":{"id":"water:8d0cb566-15be-4fc3-b90e-c8b4ce473fe3","kind":"water","longitude":20.1914737,"latitude":46.2080723,"name":"Ivókút","city":null,"address":null,"covered":null,"access":null,"website":null,"phone":null,"source":"OpenStreetMap","sourceUpdatedAt":"2026-04-04T22:50:22.71606+00:00","verifiedAt":null}},{"type":"Feature","geometry":{"type":"Point","coordinates":[20.2453656,46.2107244]},"properties":{"id":"water:90868703-1141-4001-9a0a-c0b58d25fc08","kind":"water","longitude":20.2453656,"latitude":46.2107244,"name":"Ivókút","city":null,"address":null,"covered":null,"access":null,"website":null,"phone":null,"source":"OpenStreetMap","sourceUpdatedAt":"2026-04-04T22:50:22.71606+00:00","verifiedAt":null}},{"type":"Feature","geometry":{"type":"Point","coordinates":[20.348513,46.219471]},"properties":{"id":"water:91e5c402-2cc4-4dcb-b719-2f4d70de4695","kind":"water","longitude":20.348513,"latitude":46.219471,"name":"Ivókút","city":null,"address":null,"covered":null,"access":null,"website":null,"phone":null,"source":"OpenStreetMap","sourceUpdatedAt":"2026-04-04T22:50:22.71606+00:00","verifiedAt":null}},{"type":"Feature","geometry":{"type":"Point","coordinates":[20.2537227,46.2199792]},"properties":{"id":"water:927023d9-3cd7-4861-84d8-fcd284e3b81d","kind":"water","longitude":20.2537227,"latitude":46.2199792,"name":"Ivókút","city":null,"address":null,"covered":null,"access":null,"website":null,"phone":null,"source":"OpenStreetMap","sourceUpdatedAt":"2026-04-04T22:50:22.71606+00:00","verifiedAt":null}},{"type":"Feature","geometry":{"type":"Point","coordinates":[20.1692404,46.2672237]},"properties":{"id":"water:92f40ff0-bc78-4be7-ae78-4869bc565588","kind":"water","longitude":20.1692404,"latitude":46.2672237,"name":"Ivókút","city":null,"address":null,"covered":null,"access":null,"website":null,"phone":null,"source":"OpenStreetMap","sourceUpdatedAt":"2026-04-04T22:50:22.71606+00:00","verifiedAt":null}},{"type":"Feature","geometry":{"type":"Point","coordinates":[20.16308,46.175]},"properties":{"id":"water:935485e0-acd9-4ae9-9de2-0ad730c44860","kind":"water","longitude":20.16308,"latitude":46.175,"name":"Ivókút","city":null,"address":null,"covered":null,"access":null,"website":null,"phone":null,"source":"OpenStreetMap","sourceUpdatedAt":"2026-04-04T22:50:22.71606+00:00","verifiedAt":null}},{"type":"Feature","geometry":{"type":"Point","coordinates":[20.1744605,46.256962]},"properties":{"id":"water:93b1c2c5-0382-4938-93ce-dede6a8be863","kind":"water","longitude":20.1744605,"latitude":46.256962,"name":"Ivókút","city":null,"address":null,"covered":null,"access":null,"website":null,"phone":null,"source":"OpenStreetMap","sourceUpdatedAt":"2026-04-04T22:50:22.71606+00:00","verifiedAt":null}},{"type":"Feature","geometry":{"type":"Point","coordinates":[20.1604115,46.2329963]},"properties":{"id":"water:94c1ba20-8e15-4282-8ce8-a84b5104782d","kind":"water","longitude":20.1604115,"latitude":46.2329963,"name":"Ivókút","city":null,"address":null,"covered":null,"access":null,"website":null,"phone":null,"source":"OpenStreetMap","sourceUpdatedAt":"2026-04-04T22:50:22.71606+00:00","verifiedAt":null}},{"type":"Feature","geometry":{"type":"Point","coordinates":[20.0868072,46.2190708]},"properties":{"id":"water:94d6f08f-826d-4aad-b8f5-faffeabfae7f","kind":"water","longitude":20.0868072,"latitude":46.2190708,"name":"Ivókút","city":null,"address":null,"covered":null,"access":null,"website":null,"phone":null,"source":"OpenStreetMap","sourceUpdatedAt":"2026-04-04T22:50:22.71606+00:00","verifiedAt":null}},{"type":"Feature","geometry":{"type":"Point","coordinates":[20.1675556,46.2215]},"properties":{"id":"water:9788285a-ada1-4102-9f73-6c4d97df7382","kind":"water","longitude":20.1675556,"latitude":46.2215,"name":"Ivókút","city":null,"address":null,"covered":null,"access":null,"website":null,"phone":null,"source":"OpenStreetMap","sourceUpdatedAt":"2026-04-04T22:50:22.71606+00:00","verifiedAt":null}},{"type":"Feature","geometry":{"type":"Point","coordinates":[20.0656891,46.2692777]},"properties":{"id":"water:97a26f53-160a-486f-9fbc-c8d18b700bf6","kind":"water","longitude":20.0656891,"latitude":46.2692777,"name":"Ivókút","city":null,"address":null,"covered":null,"access":null,"website":null,"phone":null,"source":"OpenStreetMap","sourceUpdatedAt":"2026-04-04T22:50:22.71606+00:00","verifiedAt":null}},{"type":"Feature","geometry":{"type":"Point","coordinates":[20.1317147,46.2498289]},"properties":{"id":"water:98eedf9d-8df1-43f2-8bd2-6111cfc8314c","kind":"water","longitude":20.1317147,"latitude":46.2498289,"name":"Ivókút","city":null,"address":null,"covered":null,"access":null,"website":null,"phone":null,"source":"OpenStreetMap","sourceUpdatedAt":"2026-04-04T22:50:22.71606+00:00","verifiedAt":null}},{"type":"Feature","geometry":{"type":"Point","coordinates":[20.1293061,46.2410451]},"properties":{"id":"water:9ab9bcdd-408c-4edb-a632-93f7c05ea293","kind":"water","longitude":20.1293061,"latitude":46.2410451,"name":"Ivókút","city":null,"address":null,"covered":null,"access":null,"website":null,"phone":null,"source":"OpenStreetMap","sourceUpdatedAt":"2026-04-04T22:50:22.71606+00:00","verifiedAt":null}},{"type":"Feature","geometry":{"type":"Point","coordinates":[20.1362452,46.2637389]},"properties":{"id":"water:9b730091-f843-4191-9754-fb88640b975d","kind":"water","longitude":20.1362452,"latitude":46.2637389,"name":"Ivókút","city":null,"address":null,"covered":null,"access":null,"website":null,"phone":null,"source":"OpenStreetMap","sourceUpdatedAt":"2026-04-04T22:50:22.71606+00:00","verifiedAt":null}},{"type":"Feature","geometry":{"type":"Point","coordinates":[20.1484603,46.2685022]},"properties":{"id":"water:9f5c5c2d-1d30-4c7d-ba99-191789fe0ff9","kind":"water","longitude":20.1484603,"latitude":46.2685022,"name":"Ivókút","city":null,"address":null,"covered":null,"access":null,"website":null,"phone":null,"source":"OpenStreetMap","sourceUpdatedAt":"2026-04-04T22:50:22.71606+00:00","verifiedAt":null}},{"type":"Feature","geometry":{"type":"Point","coordinates":[20.1394336,46.2423783]},"properties":{"id":"water:9f7117cc-fcb6-4746-a8ce-f9f686b25b9f","kind":"water","longitude":20.1394336,"latitude":46.2423783,"name":"Ivókút","city":null,"address":null,"covered":null,"access":null,"website":null,"phone":null,"source":"OpenStreetMap","sourceUpdatedAt":"2026-04-04T22:50:22.71606+00:00","verifiedAt":null}},{"type":"Feature","geometry":{"type":"Point","coordinates":[20.1477571,46.263484]},"properties":{"id":"water:a0a13f24-ff70-4975-ba93-2550d6dbc740","kind":"water","longitude":20.1477571,"latitude":46.263484,"name":"Ivókút","city":null,"address":null,"covered":null,"access":null,"website":null,"phone":null,"source":"OpenStreetMap","sourceUpdatedAt":"2026-04-04T22:50:22.71606+00:00","verifiedAt":null}},{"type":"Feature","geometry":{"type":"Point","coordinates":[20.1741341,46.2450902]},"properties":{"id":"water:a2368869-a768-4a05-b352-6d5357424866","kind":"water","longitude":20.1741341,"latitude":46.2450902,"name":"Ivókút","city":null,"address":null,"covered":null,"access":null,"website":null,"phone":null,"source":"OpenStreetMap","sourceUpdatedAt":"2026-04-04T22:50:22.71606+00:00","verifiedAt":null}},{"type":"Feature","geometry":{"type":"Point","coordinates":[20.1278112,46.2321703]},"properties":{"id":"water:a45c6ecb-1d08-4383-8e8a-af65fe051e80","kind":"water","longitude":20.1278112,"latitude":46.2321703,"name":"Ivókút","city":null,"address":null,"covered":null,"access":null,"website":null,"phone":null,"source":"OpenStreetMap","sourceUpdatedAt":"2026-04-04T22:50:22.71606+00:00","verifiedAt":null}},{"type":"Feature","geometry":{"type":"Point","coordinates":[20.1697433,46.2595051]},"properties":{"id":"water:a557893a-7556-4994-84ca-ec4d7e24c5dc","kind":"water","longitude":20.1697433,"latitude":46.2595051,"name":"Ivókút","city":null,"address":null,"covered":null,"access":null,"website":null,"phone":null,"source":"OpenStreetMap","sourceUpdatedAt":"2026-04-04T22:50:22.71606+00:00","verifiedAt":null}},{"type":"Feature","geometry":{"type":"Point","coordinates":[20.244053,46.2232062]},"properties":{"id":"water:a5fa07bd-36ed-4d3c-824f-f728c6feec4c","kind":"water","longitude":20.244053,"latitude":46.2232062,"name":"Ivókút","city":null,"address":null,"covered":null,"access":null,"website":null,"phone":null,"source":"OpenStreetMap","sourceUpdatedAt":"2026-04-04T22:50:22.71606+00:00","verifiedAt":null}},{"type":"Feature","geometry":{"type":"Point","coordinates":[20.1407961,46.264959]},"properties":{"id":"water:a65b63f5-b524-4657-8d44-dc68fe4388e6","kind":"water","longitude":20.1407961,"latitude":46.264959,"name":"Ivókút","city":null,"address":null,"covered":null,"access":null,"website":null,"phone":null,"source":"OpenStreetMap","sourceUpdatedAt":"2026-04-04T22:50:22.71606+00:00","verifiedAt":null}},{"type":"Feature","geometry":{"type":"Point","coordinates":[20.1724324,46.2761773]},"properties":{"id":"water:a6a3d016-148e-4811-a0b2-d4cdc33176e1","kind":"water","longitude":20.1724324,"latitude":46.2761773,"name":"Ivókút","city":null,"address":null,"covered":null,"access":null,"website":null,"phone":null,"source":"OpenStreetMap","sourceUpdatedAt":"2026-04-04T22:50:22.71606+00:00","verifiedAt":null}},{"type":"Feature","geometry":{"type":"Point","coordinates":[20.1800924,46.2649799]},"properties":{"id":"water:a77536e1-963b-4240-8623-cb54ac3df0ec","kind":"water","longitude":20.1800924,"latitude":46.2649799,"name":"Ivókút","city":null,"address":null,"covered":null,"access":null,"website":null,"phone":null,"source":"OpenStreetMap","sourceUpdatedAt":"2026-04-04T22:50:22.71606+00:00","verifiedAt":null}},{"type":"Feature","geometry":{"type":"Point","coordinates":[20.1075895,46.265869]},"properties":{"id":"water:a92ebc52-1474-45e6-b5d2-cc0b8d5e0800","kind":"water","longitude":20.1075895,"latitude":46.265869,"name":"Ivókút","city":null,"address":null,"covered":null,"access":null,"website":null,"phone":null,"source":"OpenStreetMap","sourceUpdatedAt":"2026-04-04T22:50:22.71606+00:00","verifiedAt":null}},{"type":"Feature","geometry":{"type":"Point","coordinates":[20.16291,46.216054]},"properties":{"id":"water:ad1b061d-dbbb-4c4a-9711-0f8f22ebb842","kind":"water","longitude":20.16291,"latitude":46.216054,"name":"Ivókút","city":null,"address":null,"covered":null,"access":null,"website":null,"phone":null,"source":"OpenStreetMap","sourceUpdatedAt":"2026-04-04T22:50:22.71606+00:00","verifiedAt":null}},{"type":"Feature","geometry":{"type":"Point","coordinates":[20.1517935,46.2701241]},"properties":{"id":"water:ad98a094-4568-4fbd-9388-d46303e392de","kind":"water","longitude":20.1517935,"latitude":46.2701241,"name":"Ivókút","city":null,"address":null,"covered":null,"access":null,"website":null,"phone":null,"source":"OpenStreetMap","sourceUpdatedAt":"2026-04-04T22:50:22.71606+00:00","verifiedAt":null}},{"type":"Feature","geometry":{"type":"Point","coordinates":[20.1857845,46.2674676]},"properties":{"id":"water:ae0f5ef3-634c-4773-ad93-2ace3914bd0b","kind":"water","longitude":20.1857845,"latitude":46.2674676,"name":"Ivókút","city":null,"address":null,"covered":null,"access":null,"website":null,"phone":null,"source":"OpenStreetMap","sourceUpdatedAt":"2026-04-04T22:50:22.71606+00:00","verifiedAt":null}},{"type":"Feature","geometry":{"type":"Point","coordinates":[20.1544289,46.2851969]},"properties":{"id":"water:b60f97cf-df81-462e-871b-b5964c96ba8f","kind":"water","longitude":20.1544289,"latitude":46.2851969,"name":"Ivókút","city":null,"address":null,"covered":null,"access":null,"website":null,"phone":null,"source":"OpenStreetMap","sourceUpdatedAt":"2026-04-04T22:50:22.71606+00:00","verifiedAt":null}},{"type":"Feature","geometry":{"type":"Point","coordinates":[20.1048669,46.2663251]},"properties":{"id":"water:b6d7974d-9995-4f7d-9d65-ae9040a11c4d","kind":"water","longitude":20.1048669,"latitude":46.2663251,"name":"Ivókút","city":null,"address":null,"covered":null,"access":null,"website":null,"phone":null,"source":"OpenStreetMap","sourceUpdatedAt":"2026-04-04T22:50:22.71606+00:00","verifiedAt":null}},{"type":"Feature","geometry":{"type":"Point","coordinates":[20.0653014,46.2762678]},"properties":{"id":"water:b7828bf1-be91-4df2-98ae-6f453553574d","kind":"water","longitude":20.0653014,"latitude":46.2762678,"name":"Ivókút","city":null,"address":null,"covered":null,"access":null,"website":null,"phone":null,"source":"OpenStreetMap","sourceUpdatedAt":"2026-04-04T22:50:22.71606+00:00","verifiedAt":null}},{"type":"Feature","geometry":{"type":"Point","coordinates":[20.1264107,46.2714162]},"properties":{"id":"water:b8502306-1412-4c39-a86c-00f72116928f","kind":"water","longitude":20.1264107,"latitude":46.2714162,"name":"Ivókút","city":null,"address":null,"covered":null,"access":null,"website":null,"phone":null,"source":"OpenStreetMap","sourceUpdatedAt":"2026-04-04T22:50:22.71606+00:00","verifiedAt":null}},{"type":"Feature","geometry":{"type":"Point","coordinates":[20.108378,46.2008742]},"properties":{"id":"water:b8a65254-b7f2-4ed1-864c-ef348309bfdf","kind":"water","longitude":20.108378,"latitude":46.2008742,"name":"Ivókút","city":null,"address":null,"covered":null,"access":null,"website":null,"phone":null,"source":"OpenStreetMap","sourceUpdatedAt":"2026-04-04T22:50:22.71606+00:00","verifiedAt":null}},{"type":"Feature","geometry":{"type":"Point","coordinates":[20.1523279,46.267975]},"properties":{"id":"water:b903a15d-0cc6-4cd0-b3ce-c2de41b51c43","kind":"water","longitude":20.1523279,"latitude":46.267975,"name":"Ivókút","city":null,"address":null,"covered":null,"access":null,"website":null,"phone":null,"source":"OpenStreetMap","sourceUpdatedAt":"2026-04-04T22:50:22.71606+00:00","verifiedAt":null}},{"type":"Feature","geometry":{"type":"Point","coordinates":[20.1878178,46.2092881]},"properties":{"id":"water:b9ffcebb-4e68-4f62-9491-90212bbfafbf","kind":"water","longitude":20.1878178,"latitude":46.2092881,"name":"Ivókút","city":null,"address":null,"covered":null,"access":null,"website":null,"phone":null,"source":"OpenStreetMap","sourceUpdatedAt":"2026-04-04T22:50:22.71606+00:00","verifiedAt":null}},{"type":"Feature","geometry":{"type":"Point","coordinates":[20.1730961,46.2539436]},"properties":{"id":"water:bbd81d3b-47bd-45e5-93c8-39e9faf0c6a6","kind":"water","longitude":20.1730961,"latitude":46.2539436,"name":"Ivókút","city":null,"address":null,"covered":null,"access":null,"website":null,"phone":null,"source":"OpenStreetMap","sourceUpdatedAt":"2026-04-04T22:50:22.71606+00:00","verifiedAt":null}},{"type":"Feature","geometry":{"type":"Point","coordinates":[20.1620092,46.2729309]},"properties":{"id":"water:bc56ee82-3374-42b0-8b65-9f91bca663e9","kind":"water","longitude":20.1620092,"latitude":46.2729309,"name":"Ivókút","city":null,"address":null,"covered":null,"access":null,"website":null,"phone":null,"source":"OpenStreetMap","sourceUpdatedAt":"2026-04-04T22:50:22.71606+00:00","verifiedAt":null}},{"type":"Feature","geometry":{"type":"Point","coordinates":[20.173292,46.273287]},"properties":{"id":"water:bccf5904-62a9-473f-8c63-806d67b0dd1c","kind":"water","longitude":20.173292,"latitude":46.273287,"name":"Ivókút","city":null,"address":null,"covered":null,"access":null,"website":null,"phone":null,"source":"OpenStreetMap","sourceUpdatedAt":"2026-04-04T22:50:22.71606+00:00","verifiedAt":null}},{"type":"Feature","geometry":{"type":"Point","coordinates":[20.1601692,46.2674396]},"properties":{"id":"water:bda17b45-807a-4a9d-a882-efe0c634d759","kind":"water","longitude":20.1601692,"latitude":46.2674396,"name":"Ivókút","city":null,"address":null,"covered":null,"access":null,"website":null,"phone":null,"source":"OpenStreetMap","sourceUpdatedAt":"2026-04-04T22:50:22.71606+00:00","verifiedAt":null}},{"type":"Feature","geometry":{"type":"Point","coordinates":[20.1803261,46.2639791]},"properties":{"id":"water:bdac7edf-52ab-4615-8357-62c220718006","kind":"water","longitude":20.1803261,"latitude":46.2639791,"name":"Ivókút","city":null,"address":null,"covered":null,"access":null,"website":null,"phone":null,"source":"OpenStreetMap","sourceUpdatedAt":"2026-04-04T22:50:22.71606+00:00","verifiedAt":null}},{"type":"Feature","geometry":{"type":"Point","coordinates":[20.3327216,46.2242699]},"properties":{"id":"water:bde1e051-3660-443f-8b05-57947be7c592","kind":"water","longitude":20.3327216,"latitude":46.2242699,"name":"Ivókút","city":null,"address":null,"covered":null,"access":null,"website":null,"phone":null,"source":"OpenStreetMap","sourceUpdatedAt":"2026-04-04T22:50:22.71606+00:00","verifiedAt":null}},{"type":"Feature","geometry":{"type":"Point","coordinates":[20.1536418,46.2644928]},"properties":{"id":"water:beb3c16b-441a-440f-a2c5-ec0f05d3839b","kind":"water","longitude":20.1536418,"latitude":46.2644928,"name":"Ivókút","city":null,"address":null,"covered":null,"access":null,"website":null,"phone":null,"source":"OpenStreetMap","sourceUpdatedAt":"2026-04-04T22:50:22.71606+00:00","verifiedAt":null}},{"type":"Feature","geometry":{"type":"Point","coordinates":[20.1061199,46.2065153]},"properties":{"id":"water:bf9c9e92-19f4-4a2d-8961-8082e06ddd82","kind":"water","longitude":20.1061199,"latitude":46.2065153,"name":"Ivókút","city":null,"address":null,"covered":null,"access":null,"website":null,"phone":null,"source":"OpenStreetMap","sourceUpdatedAt":"2026-04-04T22:50:22.71606+00:00","verifiedAt":null}},{"type":"Feature","geometry":{"type":"Point","coordinates":[20.1236919,46.2457608]},"properties":{"id":"water:c1c41d7a-cb75-4f00-8e5b-abfa3afbd876","kind":"water","longitude":20.1236919,"latitude":46.2457608,"name":"Ivókút","city":null,"address":null,"covered":null,"access":null,"website":null,"phone":null,"source":"OpenStreetMap","sourceUpdatedAt":"2026-04-04T22:50:22.71606+00:00","verifiedAt":null}},{"type":"Feature","geometry":{"type":"Point","coordinates":[20.0843875,46.2188888]},"properties":{"id":"water:c2b097cc-4fd3-4cab-b5ac-0f935325b72e","kind":"water","longitude":20.0843875,"latitude":46.2188888,"name":"Ivókút","city":null,"address":null,"covered":null,"access":null,"website":null,"phone":null,"source":"OpenStreetMap","sourceUpdatedAt":"2026-04-04T22:50:22.71606+00:00","verifiedAt":null}},{"type":"Feature","geometry":{"type":"Point","coordinates":[20.1693019,46.2382766]},"properties":{"id":"water:c468486f-5277-42f1-bfa3-f8e50ac8c85b","kind":"water","longitude":20.1693019,"latitude":46.2382766,"name":"Ivókút","city":null,"address":null,"covered":null,"access":null,"website":null,"phone":null,"source":"OpenStreetMap","sourceUpdatedAt":"2026-04-04T22:50:22.71606+00:00","verifiedAt":null}},{"type":"Feature","geometry":{"type":"Point","coordinates":[20.104943,46.2670863]},"properties":{"id":"water:c4a361c9-6f13-4d30-afa3-b3710dd7a32a","kind":"water","longitude":20.104943,"latitude":46.2670863,"name":"Ivókút","city":null,"address":null,"covered":null,"access":null,"website":null,"phone":null,"source":"OpenStreetMap","sourceUpdatedAt":"2026-04-04T22:50:22.71606+00:00","verifiedAt":null}},{"type":"Feature","geometry":{"type":"Point","coordinates":[20.1596275,46.2621536]},"properties":{"id":"water:c575718e-37c4-44d4-b7e1-6e0845f7cce6","kind":"water","longitude":20.1596275,"latitude":46.2621536,"name":"Ivókút","city":null,"address":null,"covered":null,"access":null,"website":null,"phone":null,"source":"OpenStreetMap","sourceUpdatedAt":"2026-04-04T22:50:22.71606+00:00","verifiedAt":null}},{"type":"Feature","geometry":{"type":"Point","coordinates":[20.1494743,46.264877]},"properties":{"id":"water:c66eef63-49c5-4dbb-a42d-cf3f13012b1f","kind":"water","longitude":20.1494743,"latitude":46.264877,"name":"Ivókút","city":null,"address":null,"covered":null,"access":null,"website":null,"phone":null,"source":"OpenStreetMap","sourceUpdatedAt":"2026-04-04T22:50:22.71606+00:00","verifiedAt":null}},{"type":"Feature","geometry":{"type":"Point","coordinates":[20.1264392,46.2384469]},"properties":{"id":"water:c670952b-ae02-4595-a91e-a39c0e171301","kind":"water","longitude":20.1264392,"latitude":46.2384469,"name":"Ivókút","city":null,"address":null,"covered":null,"access":null,"website":null,"phone":null,"source":"OpenStreetMap","sourceUpdatedAt":"2026-04-04T22:50:22.71606+00:00","verifiedAt":null}},{"type":"Feature","geometry":{"type":"Point","coordinates":[20.1636967,46.2762868]},"properties":{"id":"water:c67903cf-a230-4097-8408-4c3a07f6d533","kind":"water","longitude":20.1636967,"latitude":46.2762868,"name":"Ivókút","city":null,"address":null,"covered":null,"access":null,"website":null,"phone":null,"source":"OpenStreetMap","sourceUpdatedAt":"2026-04-04T22:50:22.71606+00:00","verifiedAt":null}},{"type":"Feature","geometry":{"type":"Point","coordinates":[20.0629891,46.2746866]},"properties":{"id":"water:c6e3d7f5-9763-406f-96d5-1b907187d06e","kind":"water","longitude":20.0629891,"latitude":46.2746866,"name":"Ivókút","city":null,"address":null,"covered":null,"access":null,"website":null,"phone":null,"source":"OpenStreetMap","sourceUpdatedAt":"2026-04-04T22:50:22.71606+00:00","verifiedAt":null}},{"type":"Feature","geometry":{"type":"Point","coordinates":[20.1298841,46.223379]},"properties":{"id":"water:c76c3a6c-50ce-4945-9d5f-5b27b3d546f0","kind":"water","longitude":20.1298841,"latitude":46.223379,"name":"Ivókút","city":null,"address":null,"covered":null,"access":null,"website":null,"phone":null,"source":"OpenStreetMap","sourceUpdatedAt":"2026-04-04T22:50:22.71606+00:00","verifiedAt":null}},{"type":"Feature","geometry":{"type":"Point","coordinates":[20.141394,46.2656614]},"properties":{"id":"water:c844c4ce-1869-4b67-96b8-706cb71adaba","kind":"water","longitude":20.141394,"latitude":46.2656614,"name":"Ivókút","city":null,"address":null,"covered":null,"access":null,"website":null,"phone":null,"source":"OpenStreetMap","sourceUpdatedAt":"2026-04-04T22:50:22.71606+00:00","verifiedAt":null}},{"type":"Feature","geometry":{"type":"Point","coordinates":[20.1635039,46.2472658]},"properties":{"id":"water:c97a9e7b-2e65-486a-9c69-c72a8bdc6c80","kind":"water","longitude":20.1635039,"latitude":46.2472658,"name":"Ivókút","city":"Szeged","address":null,"covered":null,"access":null,"website":null,"phone":null,"source":"OpenStreetMap/node/9865880265","sourceUpdatedAt":"2026-04-04T22:50:22.71606+00:00","verifiedAt":null}},{"type":"Feature","geometry":{"type":"Point","coordinates":[20.1989597,46.2625452]},"properties":{"id":"water:c984cd4c-2460-4e59-b04a-71b428f801c6","kind":"water","longitude":20.1989597,"latitude":46.2625452,"name":"Ivókút","city":null,"address":null,"covered":null,"access":null,"website":null,"phone":null,"source":"OpenStreetMap","sourceUpdatedAt":"2026-04-04T22:50:22.71606+00:00","verifiedAt":null}},{"type":"Feature","geometry":{"type":"Point","coordinates":[20.1849406,46.2693476]},"properties":{"id":"water:c9e13984-f5e7-47a8-96df-86df9eb255ff","kind":"water","longitude":20.1849406,"latitude":46.2693476,"name":"Ivókút","city":null,"address":null,"covered":null,"access":null,"website":null,"phone":null,"source":"OpenStreetMap","sourceUpdatedAt":"2026-04-04T22:50:22.71606+00:00","verifiedAt":null}},{"type":"Feature","geometry":{"type":"Point","coordinates":[20.1518184,46.2665924]},"properties":{"id":"water:c9ec3f2d-ea92-4c64-befd-90f7564a7307","kind":"water","longitude":20.1518184,"latitude":46.2665924,"name":"Ivókút","city":null,"address":null,"covered":null,"access":null,"website":null,"phone":null,"source":"OpenStreetMap","sourceUpdatedAt":"2026-04-04T22:50:22.71606+00:00","verifiedAt":null}},{"type":"Feature","geometry":{"type":"Point","coordinates":[20.1887232,46.2249704]},"properties":{"id":"water:ca2cdbc5-89d3-4f16-9d67-03cb101ff6c1","kind":"water","longitude":20.1887232,"latitude":46.2249704,"name":"Ivókút","city":null,"address":null,"covered":null,"access":null,"website":null,"phone":null,"source":"OpenStreetMap","sourceUpdatedAt":"2026-04-04T22:50:22.71606+00:00","verifiedAt":null}},{"type":"Feature","geometry":{"type":"Point","coordinates":[20.19616,46.214477]},"properties":{"id":"water:cc5b4ac1-f0a4-413d-9156-d7b2cb98493c","kind":"water","longitude":20.19616,"latitude":46.214477,"name":"Ivókút","city":null,"address":null,"covered":null,"access":null,"website":null,"phone":null,"source":"OpenStreetMap","sourceUpdatedAt":"2026-04-04T22:50:22.71606+00:00","verifiedAt":null}},{"type":"Feature","geometry":{"type":"Point","coordinates":[20.1505023,46.2764532]},"properties":{"id":"water:cda1c82f-6ecb-4e7d-ac28-fa6ec9c7bda7","kind":"water","longitude":20.1505023,"latitude":46.2764532,"name":"Ivókút","city":null,"address":null,"covered":null,"access":null,"website":null,"phone":null,"source":"OpenStreetMap","sourceUpdatedAt":"2026-04-04T22:50:22.71606+00:00","verifiedAt":null}},{"type":"Feature","geometry":{"type":"Point","coordinates":[20.1971,46.217583]},"properties":{"id":"water:ce9113de-6056-429f-a00b-de49ffaa7fb7","kind":"water","longitude":20.1971,"latitude":46.217583,"name":"Ivókút","city":null,"address":null,"covered":null,"access":null,"website":null,"phone":null,"source":"OpenStreetMap","sourceUpdatedAt":"2026-04-04T22:50:22.71606+00:00","verifiedAt":null}},{"type":"Feature","geometry":{"type":"Point","coordinates":[20.1884408,46.2629222]},"properties":{"id":"water:cf5a6d21-c118-4b6b-8121-364cdcc8ab60","kind":"water","longitude":20.1884408,"latitude":46.2629222,"name":"Ivókút","city":null,"address":null,"covered":null,"access":null,"website":null,"phone":null,"source":"OpenStreetMap","sourceUpdatedAt":"2026-04-04T22:50:22.71606+00:00","verifiedAt":null}},{"type":"Feature","geometry":{"type":"Point","coordinates":[20.1257344,46.2387116]},"properties":{"id":"water:d02a95a4-4c9a-4960-b9d3-b1568f0fea79","kind":"water","longitude":20.1257344,"latitude":46.2387116,"name":"Ivókút","city":null,"address":null,"covered":null,"access":null,"website":null,"phone":null,"source":"OpenStreetMap","sourceUpdatedAt":"2026-04-04T22:50:22.71606+00:00","verifiedAt":null}},{"type":"Feature","geometry":{"type":"Point","coordinates":[20.1380586,46.2383152]},"properties":{"id":"water:d1e1e76e-afd3-4c6e-a419-e546ebbbb428","kind":"water","longitude":20.1380586,"latitude":46.2383152,"name":"Ivókút","city":null,"address":null,"covered":null,"access":null,"website":null,"phone":null,"source":"OpenStreetMap","sourceUpdatedAt":"2026-04-04T22:50:22.71606+00:00","verifiedAt":null}},{"type":"Feature","geometry":{"type":"Point","coordinates":[20.133334,46.2492976]},"properties":{"id":"water:d2055a85-973a-46f9-8a11-df69362f4944","kind":"water","longitude":20.133334,"latitude":46.2492976,"name":"Ivókút","city":null,"address":null,"covered":null,"access":null,"website":null,"phone":null,"source":"OpenStreetMap","sourceUpdatedAt":"2026-04-04T22:50:22.71606+00:00","verifiedAt":null}},{"type":"Feature","geometry":{"type":"Point","coordinates":[20.1754176,46.2856333]},"properties":{"id":"water:d269876d-606f-4bb4-8fd2-461528ee42b3","kind":"water","longitude":20.1754176,"latitude":46.2856333,"name":"Ivókút","city":null,"address":null,"covered":null,"access":null,"website":null,"phone":null,"source":"OpenStreetMap","sourceUpdatedAt":"2026-04-04T22:50:22.71606+00:00","verifiedAt":null}},{"type":"Feature","geometry":{"type":"Point","coordinates":[20.1404955,46.2561628]},"properties":{"id":"water:d4910564-6d41-4bcc-9db8-666a34fbc076","kind":"water","longitude":20.1404955,"latitude":46.2561628,"name":"Ivókút","city":null,"address":null,"covered":null,"access":null,"website":null,"phone":null,"source":"OpenStreetMap","sourceUpdatedAt":"2026-04-04T22:50:22.71606+00:00","verifiedAt":null}},{"type":"Feature","geometry":{"type":"Point","coordinates":[20.1642696,46.2678514]},"properties":{"id":"water:d4a151ed-4476-4c09-a188-29babe3b6bd4","kind":"water","longitude":20.1642696,"latitude":46.2678514,"name":"Ivókút","city":null,"address":null,"covered":null,"access":null,"website":null,"phone":null,"source":"OpenStreetMap","sourceUpdatedAt":"2026-04-04T22:50:22.71606+00:00","verifiedAt":null}},{"type":"Feature","geometry":{"type":"Point","coordinates":[20.1080191,46.2666868]},"properties":{"id":"water:d4a2fa09-b9c6-4fbc-8c33-2a96f8ff319c","kind":"water","longitude":20.1080191,"latitude":46.2666868,"name":"Ivókút","city":null,"address":null,"covered":null,"access":null,"website":null,"phone":null,"source":"OpenStreetMap","sourceUpdatedAt":"2026-04-04T22:50:22.71606+00:00","verifiedAt":null}},{"type":"Feature","geometry":{"type":"Point","coordinates":[20.1328774,46.2471915]},"properties":{"id":"water:d6238af4-763b-49a3-bc70-1e993bdc6410","kind":"water","longitude":20.1328774,"latitude":46.2471915,"name":"Ivókút","city":null,"address":null,"covered":null,"access":null,"website":null,"phone":null,"source":"OpenStreetMap","sourceUpdatedAt":"2026-04-04T22:50:22.71606+00:00","verifiedAt":null}},{"type":"Feature","geometry":{"type":"Point","coordinates":[20.1242589,46.277636]},"properties":{"id":"water:d632322b-5e5b-4dad-82c1-e215a34e9131","kind":"water","longitude":20.1242589,"latitude":46.277636,"name":"Ivókút","city":null,"address":null,"covered":null,"access":null,"website":null,"phone":null,"source":"OpenStreetMap","sourceUpdatedAt":"2026-04-04T22:50:22.71606+00:00","verifiedAt":null}},{"type":"Feature","geometry":{"type":"Point","coordinates":[20.0762597,46.2167848]},"properties":{"id":"water:d70ffb3c-8bf5-4a6a-8afc-d218d45d028a","kind":"water","longitude":20.0762597,"latitude":46.2167848,"name":"Ivókút","city":null,"address":null,"covered":null,"access":null,"website":null,"phone":null,"source":"OpenStreetMap","sourceUpdatedAt":"2026-04-04T22:50:22.71606+00:00","verifiedAt":null}},{"type":"Feature","geometry":{"type":"Point","coordinates":[20.2050671,46.2654249]},"properties":{"id":"water:d765014d-8256-43d3-a66a-d72e957fa788","kind":"water","longitude":20.2050671,"latitude":46.2654249,"name":"Ivókút","city":null,"address":null,"covered":null,"access":null,"website":null,"phone":null,"source":"OpenStreetMap","sourceUpdatedAt":"2026-04-04T22:50:22.71606+00:00","verifiedAt":null}},{"type":"Feature","geometry":{"type":"Point","coordinates":[20.1484,46.253]},"properties":{"id":"water:d7816222-d523-4db2-928b-44abbbda7bdf","kind":"water","longitude":20.1484,"latitude":46.253,"name":"Ivókút - Széchenyi tér","city":"Szeged","address":null,"covered":null,"access":null,"website":null,"phone":null,"source":"OpenStreetMap","sourceUpdatedAt":"2026-04-04T22:50:23.133927+00:00","verifiedAt":null}},{"type":"Feature","geometry":{"type":"Point","coordinates":[20.1686872,46.2703524]},"properties":{"id":"water:d7b5c96b-807d-4259-9d39-ece2240e0314","kind":"water","longitude":20.1686872,"latitude":46.2703524,"name":"Ivókút","city":null,"address":null,"covered":null,"access":null,"website":null,"phone":null,"source":"OpenStreetMap","sourceUpdatedAt":"2026-04-04T22:50:22.71606+00:00","verifiedAt":null}},{"type":"Feature","geometry":{"type":"Point","coordinates":[20.1874986,46.2584344]},"properties":{"id":"water:d7bdb06e-ce23-4841-a4ac-e93adbacb8d8","kind":"water","longitude":20.1874986,"latitude":46.2584344,"name":"Ivókút","city":null,"address":null,"covered":null,"access":null,"website":null,"phone":null,"source":"OpenStreetMap","sourceUpdatedAt":"2026-04-04T22:50:22.71606+00:00","verifiedAt":null}},{"type":"Feature","geometry":{"type":"Point","coordinates":[20.1677207,46.2669645]},"properties":{"id":"water:d7c89c92-7e98-490c-9501-cb506867a388","kind":"water","longitude":20.1677207,"latitude":46.2669645,"name":"Ivókút","city":null,"address":null,"covered":null,"access":null,"website":null,"phone":null,"source":"OpenStreetMap","sourceUpdatedAt":"2026-04-04T22:50:22.71606+00:00","verifiedAt":null}},{"type":"Feature","geometry":{"type":"Point","coordinates":[20.1419815,46.2705311]},"properties":{"id":"water:db461de4-24ee-498f-9201-4960431c7823","kind":"water","longitude":20.1419815,"latitude":46.2705311,"name":"Ivókút","city":null,"address":null,"covered":null,"access":null,"website":null,"phone":null,"source":"OpenStreetMap","sourceUpdatedAt":"2026-04-04T22:50:22.71606+00:00","verifiedAt":null}},{"type":"Feature","geometry":{"type":"Point","coordinates":[20.1903947,46.2545168]},"properties":{"id":"water:dc8d9754-b7af-48f3-92c8-0fb04e716826","kind":"water","longitude":20.1903947,"latitude":46.2545168,"name":"Ivókút","city":null,"address":null,"covered":null,"access":null,"website":null,"phone":null,"source":"OpenStreetMap","sourceUpdatedAt":"2026-04-04T22:50:22.71606+00:00","verifiedAt":null}},{"type":"Feature","geometry":{"type":"Point","coordinates":[20.1772464,46.2600463]},"properties":{"id":"water:dde59376-aed7-48aa-9cc1-e00bda0d1c1c","kind":"water","longitude":20.1772464,"latitude":46.2600463,"name":"Ivókút","city":null,"address":null,"covered":null,"access":null,"website":null,"phone":null,"source":"OpenStreetMap","sourceUpdatedAt":"2026-04-04T22:50:22.71606+00:00","verifiedAt":null}},{"type":"Feature","geometry":{"type":"Point","coordinates":[20.1800173,46.2383624]},"properties":{"id":"water:df67557a-aa56-436e-8933-59397bcd8825","kind":"water","longitude":20.1800173,"latitude":46.2383624,"name":"Ivókút","city":null,"address":null,"covered":null,"access":null,"website":null,"phone":null,"source":"OpenStreetMap","sourceUpdatedAt":"2026-04-04T22:50:22.71606+00:00","verifiedAt":null}},{"type":"Feature","geometry":{"type":"Point","coordinates":[20.154806,46.1682616]},"properties":{"id":"water:dfa28527-be35-4f49-b73c-46ee91324824","kind":"water","longitude":20.154806,"latitude":46.1682616,"name":"Ivókút","city":"Szeged","address":null,"covered":null,"access":null,"website":null,"phone":null,"source":"OpenStreetMap/node/13650226232","sourceUpdatedAt":"2026-04-04T22:50:22.71606+00:00","verifiedAt":null}},{"type":"Feature","geometry":{"type":"Point","coordinates":[20.1179275,46.2762564]},"properties":{"id":"water:dfc596b4-7c44-46d3-837f-afbb1e2a277f","kind":"water","longitude":20.1179275,"latitude":46.2762564,"name":"Ivókút","city":null,"address":null,"covered":null,"access":null,"website":null,"phone":null,"source":"OpenStreetMap","sourceUpdatedAt":"2026-04-04T22:50:22.71606+00:00","verifiedAt":null}},{"type":"Feature","geometry":{"type":"Point","coordinates":[20.1250414,46.2386661]},"properties":{"id":"water:e18115d3-a897-45ea-b7b1-3f9ca01a858d","kind":"water","longitude":20.1250414,"latitude":46.2386661,"name":"Ivókút","city":null,"address":null,"covered":null,"access":null,"website":null,"phone":null,"source":"OpenStreetMap","sourceUpdatedAt":"2026-04-04T22:50:22.71606+00:00","verifiedAt":null}},{"type":"Feature","geometry":{"type":"Point","coordinates":[20.1638856,46.2886105]},"properties":{"id":"water:e3b66893-0b3e-45f0-9442-4a525e9b56c6","kind":"water","longitude":20.1638856,"latitude":46.2886105,"name":"Ivókút","city":null,"address":null,"covered":null,"access":null,"website":null,"phone":null,"source":"OpenStreetMap","sourceUpdatedAt":"2026-04-04T22:50:22.71606+00:00","verifiedAt":null}},{"type":"Feature","geometry":{"type":"Point","coordinates":[20.1719511,46.2721744]},"properties":{"id":"water:e3c4b806-0340-40ae-8deb-4eefe02f0434","kind":"water","longitude":20.1719511,"latitude":46.2721744,"name":"Ivókút","city":null,"address":null,"covered":null,"access":null,"website":null,"phone":null,"source":"OpenStreetMap","sourceUpdatedAt":"2026-04-04T22:50:22.71606+00:00","verifiedAt":null}},{"type":"Feature","geometry":{"type":"Point","coordinates":[20.1631857,46.2467608]},"properties":{"id":"water:e42dcef3-a74a-44f7-a9e1-4aaaa222813d","kind":"water","longitude":20.1631857,"latitude":46.2467608,"name":"Ivókút","city":null,"address":null,"covered":null,"access":null,"website":null,"phone":null,"source":"OpenStreetMap","sourceUpdatedAt":"2026-04-04T22:50:22.71606+00:00","verifiedAt":null}},{"type":"Feature","geometry":{"type":"Point","coordinates":[20.327229,46.219423]},"properties":{"id":"water:e472d8e8-247c-4f93-929e-f7598adc1e7c","kind":"water","longitude":20.327229,"latitude":46.219423,"name":"Ivókút","city":null,"address":null,"covered":null,"access":null,"website":null,"phone":null,"source":"OpenStreetMap","sourceUpdatedAt":"2026-04-04T22:50:22.71606+00:00","verifiedAt":null}},{"type":"Feature","geometry":{"type":"Point","coordinates":[20.3249189,46.2220208]},"properties":{"id":"water:e4b39a94-206b-4ea5-9106-f92a51a28563","kind":"water","longitude":20.3249189,"latitude":46.2220208,"name":"Ivókút","city":null,"address":null,"covered":null,"access":null,"website":null,"phone":null,"source":"OpenStreetMap","sourceUpdatedAt":"2026-04-04T22:50:22.71606+00:00","verifiedAt":null}},{"type":"Feature","geometry":{"type":"Point","coordinates":[20.1766373,46.1847338]},"properties":{"id":"water:e4de1c2c-b51f-47f0-ac93-aa7b3831b303","kind":"water","longitude":20.1766373,"latitude":46.1847338,"name":"Ivókút","city":null,"address":null,"covered":null,"access":null,"website":null,"phone":null,"source":"OpenStreetMap","sourceUpdatedAt":"2026-04-04T22:50:22.71606+00:00","verifiedAt":null}},{"type":"Feature","geometry":{"type":"Point","coordinates":[20.1435581,46.2733822]},"properties":{"id":"water:e6bac056-6563-4334-9c09-c72d6cea68df","kind":"water","longitude":20.1435581,"latitude":46.2733822,"name":"Ivókút","city":null,"address":null,"covered":null,"access":null,"website":null,"phone":null,"source":"OpenStreetMap","sourceUpdatedAt":"2026-04-04T22:50:22.71606+00:00","verifiedAt":null}},{"type":"Feature","geometry":{"type":"Point","coordinates":[20.1268625,46.2402019]},"properties":{"id":"water:e6eaa67b-8229-4294-a940-477ff3569e7d","kind":"water","longitude":20.1268625,"latitude":46.2402019,"name":"Ivókút","city":null,"address":null,"covered":null,"access":null,"website":null,"phone":null,"source":"OpenStreetMap","sourceUpdatedAt":"2026-04-04T22:50:22.71606+00:00","verifiedAt":null}},{"type":"Feature","geometry":{"type":"Point","coordinates":[20.1976507,46.2593046]},"properties":{"id":"water:ebc9cbf7-29f6-4119-8a2c-c0620f72d796","kind":"water","longitude":20.1976507,"latitude":46.2593046,"name":"Ivókút","city":null,"address":null,"covered":null,"access":null,"website":null,"phone":null,"source":"OpenStreetMap","sourceUpdatedAt":"2026-04-04T22:50:22.71606+00:00","verifiedAt":null}},{"type":"Feature","geometry":{"type":"Point","coordinates":[20.130854,46.2509533]},"properties":{"id":"water:ed36f86b-8779-4771-aeeb-9ac21a0725fb","kind":"water","longitude":20.130854,"latitude":46.2509533,"name":"Ivókút","city":null,"address":null,"covered":null,"access":null,"website":null,"phone":null,"source":"OpenStreetMap","sourceUpdatedAt":"2026-04-04T22:50:22.71606+00:00","verifiedAt":null}},{"type":"Feature","geometry":{"type":"Point","coordinates":[20.1694594,46.2237012]},"properties":{"id":"water:ef3a152a-ffd9-407a-9607-b9ee610b32bc","kind":"water","longitude":20.1694594,"latitude":46.2237012,"name":"Ivókút","city":null,"address":null,"covered":null,"access":null,"website":null,"phone":null,"source":"OpenStreetMap","sourceUpdatedAt":"2026-04-04T22:50:22.71606+00:00","verifiedAt":null}},{"type":"Feature","geometry":{"type":"Point","coordinates":[20.1428481,46.274187]},"properties":{"id":"water:ef53be0b-4dec-45f0-89f5-f5b0e9b2dcc0","kind":"water","longitude":20.1428481,"latitude":46.274187,"name":"Ivókút","city":null,"address":null,"covered":null,"access":null,"website":null,"phone":null,"source":"OpenStreetMap","sourceUpdatedAt":"2026-04-04T22:50:22.71606+00:00","verifiedAt":null}},{"type":"Feature","geometry":{"type":"Point","coordinates":[20.1768543,46.2861805]},"properties":{"id":"water:f1fc3efe-e191-4283-bf2a-684a98fc79c9","kind":"water","longitude":20.1768543,"latitude":46.2861805,"name":"Ivókút","city":null,"address":null,"covered":null,"access":null,"website":null,"phone":null,"source":"OpenStreetMap","sourceUpdatedAt":"2026-04-04T22:50:22.71606+00:00","verifiedAt":null}},{"type":"Feature","geometry":{"type":"Point","coordinates":[20.1321891,46.244532]},"properties":{"id":"water:f2c1ddf1-1e3f-4256-af20-5945b274215c","kind":"water","longitude":20.1321891,"latitude":46.244532,"name":"Ivókút","city":null,"address":null,"covered":null,"access":null,"website":null,"phone":null,"source":"OpenStreetMap","sourceUpdatedAt":"2026-04-04T22:50:22.71606+00:00","verifiedAt":null}},{"type":"Feature","geometry":{"type":"Point","coordinates":[20.1647378,46.2684497]},"properties":{"id":"water:f2f9694c-914c-4d1e-91c0-2b5c46b2d900","kind":"water","longitude":20.1647378,"latitude":46.2684497,"name":"Ivókút","city":null,"address":null,"covered":null,"access":null,"website":null,"phone":null,"source":"OpenStreetMap","sourceUpdatedAt":"2026-04-04T22:50:22.71606+00:00","verifiedAt":null}},{"type":"Feature","geometry":{"type":"Point","coordinates":[20.1335082,46.2349316]},"properties":{"id":"water:f389923f-7d0d-4d1c-a246-d487d739388e","kind":"water","longitude":20.1335082,"latitude":46.2349316,"name":"Ivókút","city":null,"address":null,"covered":null,"access":null,"website":null,"phone":null,"source":"OpenStreetMap","sourceUpdatedAt":"2026-04-04T22:50:22.71606+00:00","verifiedAt":null}},{"type":"Feature","geometry":{"type":"Point","coordinates":[20.14273,46.2390584]},"properties":{"id":"water:f3f1f11a-2ad4-49be-9288-44d99a3c8262","kind":"water","longitude":20.14273,"latitude":46.2390584,"name":"Ivókút","city":null,"address":null,"covered":null,"access":null,"website":null,"phone":null,"source":"OpenStreetMap","sourceUpdatedAt":"2026-04-04T22:50:22.71606+00:00","verifiedAt":null}},{"type":"Feature","geometry":{"type":"Point","coordinates":[20.1598471,46.2665063]},"properties":{"id":"water:f4069f29-ca4a-48dc-8c68-680840da295a","kind":"water","longitude":20.1598471,"latitude":46.2665063,"name":"Ivókút","city":null,"address":null,"covered":null,"access":null,"website":null,"phone":null,"source":"OpenStreetMap","sourceUpdatedAt":"2026-04-04T22:50:22.71606+00:00","verifiedAt":null}},{"type":"Feature","geometry":{"type":"Point","coordinates":[20.2378705,46.2184345]},"properties":{"id":"water:f4f6f822-99d9-43e1-a007-0dbe8ab5c127","kind":"water","longitude":20.2378705,"latitude":46.2184345,"name":"Ivókút","city":null,"address":null,"covered":null,"access":null,"website":null,"phone":null,"source":"OpenStreetMap","sourceUpdatedAt":"2026-04-04T22:50:22.71606+00:00","verifiedAt":null}},{"type":"Feature","geometry":{"type":"Point","coordinates":[20.3232758,46.2172139]},"properties":{"id":"water:f61e2aed-d9bb-4a97-b85f-481d388b1491","kind":"water","longitude":20.3232758,"latitude":46.2172139,"name":"Ivókút","city":null,"address":null,"covered":null,"access":null,"website":null,"phone":null,"source":"OpenStreetMap","sourceUpdatedAt":"2026-04-04T22:50:22.71606+00:00","verifiedAt":null}},{"type":"Feature","geometry":{"type":"Point","coordinates":[20.1634918,46.2472878]},"properties":{"id":"water:f7028e93-5036-4614-a3fc-ee1ff2663c13","kind":"water","longitude":20.1634918,"latitude":46.2472878,"name":"Ivókút","city":null,"address":null,"covered":null,"access":null,"website":null,"phone":null,"source":"OpenStreetMap","sourceUpdatedAt":"2026-04-04T22:50:22.71606+00:00","verifiedAt":null}},{"type":"Feature","geometry":{"type":"Point","coordinates":[20.1347709,46.2464278]},"properties":{"id":"water:f7530aa3-635a-4983-928c-121396685e3c","kind":"water","longitude":20.1347709,"latitude":46.2464278,"name":"Ivókút","city":null,"address":null,"covered":null,"access":null,"website":null,"phone":null,"source":"OpenStreetMap","sourceUpdatedAt":"2026-04-04T22:50:22.71606+00:00","verifiedAt":null}},{"type":"Feature","geometry":{"type":"Point","coordinates":[20.1444059,46.2615394]},"properties":{"id":"water:f77e626e-2031-428a-ab9e-52fb4c6fe889","kind":"water","longitude":20.1444059,"latitude":46.2615394,"name":"Ivókút","city":null,"address":null,"covered":null,"access":null,"website":null,"phone":null,"source":"OpenStreetMap","sourceUpdatedAt":"2026-04-04T22:50:22.71606+00:00","verifiedAt":null}},{"type":"Feature","geometry":{"type":"Point","coordinates":[20.1734117,46.2854362]},"properties":{"id":"water:f7d19ae5-7106-4b95-a966-9e4f027f8851","kind":"water","longitude":20.1734117,"latitude":46.2854362,"name":"Ivókút","city":null,"address":null,"covered":null,"access":null,"website":null,"phone":null,"source":"OpenStreetMap","sourceUpdatedAt":"2026-04-04T22:50:22.71606+00:00","verifiedAt":null}},{"type":"Feature","geometry":{"type":"Point","coordinates":[20.1055189,46.2039952]},"properties":{"id":"water:f87d32a4-68f9-4283-b980-3b4b6a5c1b21","kind":"water","longitude":20.1055189,"latitude":46.2039952,"name":"Ivókút","city":null,"address":null,"covered":null,"access":null,"website":null,"phone":null,"source":"OpenStreetMap","sourceUpdatedAt":"2026-04-04T22:50:22.71606+00:00","verifiedAt":null}},{"type":"Feature","geometry":{"type":"Point","coordinates":[20.1887689,46.2052785]},"properties":{"id":"water:fc50dd0c-fe10-408b-a47a-3cbf32b3b3d7","kind":"water","longitude":20.1887689,"latitude":46.2052785,"name":"Ivókút","city":null,"address":null,"covered":null,"access":null,"website":null,"phone":null,"source":"OpenStreetMap","sourceUpdatedAt":"2026-04-04T22:50:22.71606+00:00","verifiedAt":null}},{"type":"Feature","geometry":{"type":"Point","coordinates":[20.1951234,46.1865515]},"properties":{"id":"water:fecec2a8-15b2-4977-86ef-059516983f15","kind":"water","longitude":20.1951234,"latitude":46.1865515,"name":"Ivókút","city":null,"address":null,"covered":null,"access":null,"website":null,"phone":null,"source":"OpenStreetMap","sourceUpdatedAt":"2026-04-04T22:50:22.71606+00:00","verifiedAt":null}}]}