{"type":"FeatureCollection","features":[{"type":"Feature","geometry":{"type":"Point","coordinates":[11.3827334,47.2606809]},"properties":{"id":"bikerack:0079d2d0-4192-47c5-aebe-47a921ec9a56","kind":"bikerack","longitude":11.3827334,"latitude":47.2606809,"name":"Biciklitároló","city":"Innsbruck","address":null,"covered":false,"access":null,"website":null,"phone":null,"source":"OpenStreetMap/node/9741578993","sourceUpdatedAt":null,"verifiedAt":null}},{"type":"Feature","geometry":{"type":"Point","coordinates":[11.3981232,47.2599657]},"properties":{"id":"bikerack:0139c398-7aea-4181-bdc5-cd44b7606c62","kind":"bikerack","longitude":11.3981232,"latitude":47.2599657,"name":"Biciklitároló","city":"Innsbruck","address":null,"covered":false,"access":null,"website":null,"phone":null,"source":"OpenStreetMap/node/5062742209","sourceUpdatedAt":null,"verifiedAt":null}},{"type":"Feature","geometry":{"type":"Point","coordinates":[11.3872257,47.2620869]},"properties":{"id":"bikerack:018faca8-bed5-40f9-984d-c328581f656f","kind":"bikerack","longitude":11.3872257,"latitude":47.2620869,"name":"Biciklitároló","city":"Innsbruck","address":null,"covered":true,"access":null,"website":null,"phone":null,"source":"OpenStreetMap/node/8736322451","sourceUpdatedAt":null,"verifiedAt":null}},{"type":"Feature","geometry":{"type":"Point","coordinates":[11.3860512,47.2637166]},"properties":{"id":"bikerack:01f0e434-85e7-4b98-9c40-92f8165e4fef","kind":"bikerack","longitude":11.3860512,"latitude":47.2637166,"name":"ivb.radhaus","city":"Innsbruck","address":null,"covered":true,"access":null,"website":null,"phone":null,"source":"OpenStreetMap/node/2080922290","sourceUpdatedAt":null,"verifiedAt":null}},{"type":"Feature","geometry":{"type":"Point","coordinates":[11.4029742,47.2700975]},"properties":{"id":"bikerack:01fe9a6e-8515-481e-8fb8-9a57372d5a4a","kind":"bikerack","longitude":11.4029742,"latitude":47.2700975,"name":"Biciklitároló","city":"Innsbruck","address":null,"covered":false,"access":null,"website":null,"phone":null,"source":"OpenStreetMap/node/6139622786","sourceUpdatedAt":null,"verifiedAt":null}},{"type":"Feature","geometry":{"type":"Point","coordinates":[11.3929047,47.2572892]},"properties":{"id":"bikerack:02241e97-4720-40bf-b01f-b5dfe04d2651","kind":"bikerack","longitude":11.3929047,"latitude":47.2572892,"name":"Biciklitároló","city":"Innsbruck","address":null,"covered":false,"access":null,"website":null,"phone":null,"source":"OpenStreetMap/node/4924132157","sourceUpdatedAt":null,"verifiedAt":null}},{"type":"Feature","geometry":{"type":"Point","coordinates":[11.40277,47.2655361]},"properties":{"id":"bikerack:02405a22-3cb5-46c2-8be5-1476e799a378","kind":"bikerack","longitude":11.40277,"latitude":47.2655361,"name":"Biciklitároló","city":"Innsbruck","address":null,"covered":false,"access":null,"website":null,"phone":null,"source":"OpenStreetMap/node/11065426278","sourceUpdatedAt":null,"verifiedAt":null}},{"type":"Feature","geometry":{"type":"Point","coordinates":[11.3895026,47.261236]},"properties":{"id":"bikerack:02be69c0-0219-4ab8-a556-9090be6f9cfa","kind":"bikerack","longitude":11.3895026,"latitude":47.261236,"name":"Biciklitároló","city":"Innsbruck","address":null,"covered":false,"access":null,"website":null,"phone":null,"source":"OpenStreetMap/node/8018583461","sourceUpdatedAt":null,"verifiedAt":null}},{"type":"Feature","geometry":{"type":"Point","coordinates":[11.3994399,47.2700211]},"properties":{"id":"bikerack:03ebe580-d52d-46bc-896f-473c7a08a9ad","kind":"bikerack","longitude":11.3994399,"latitude":47.2700211,"name":"Biciklitároló","city":"Innsbruck","address":null,"covered":true,"access":null,"website":null,"phone":null,"source":"OpenStreetMap/node/1988660511","sourceUpdatedAt":null,"verifiedAt":null}},{"type":"Feature","geometry":{"type":"Point","coordinates":[11.3948735,47.263714]},"properties":{"id":"bikerack:0403ee8c-21d4-4bff-86f7-7df946ec12f8","kind":"bikerack","longitude":11.3948735,"latitude":47.263714,"name":"Biciklitároló","city":"Innsbruck","address":null,"covered":false,"access":null,"website":null,"phone":null,"source":"OpenStreetMap/node/13662101800","sourceUpdatedAt":null,"verifiedAt":null}},{"type":"Feature","geometry":{"type":"Point","coordinates":[11.3839464,47.2603245]},"properties":{"id":"bikerack:048067b2-cb89-4baa-976e-2b64da275dd5","kind":"bikerack","longitude":11.3839464,"latitude":47.2603245,"name":"Biciklitároló","city":"Innsbruck","address":null,"covered":false,"access":null,"website":null,"phone":null,"source":"OpenStreetMap/node/8016396053","sourceUpdatedAt":null,"verifiedAt":null}},{"type":"Feature","geometry":{"type":"Point","coordinates":[11.3965139,47.2572444]},"properties":{"id":"bikerack:04987b9b-edcd-4741-8b89-1487d84bb62a","kind":"bikerack","longitude":11.3965139,"latitude":47.2572444,"name":"Biciklitároló","city":"Innsbruck","address":null,"covered":false,"access":null,"website":null,"phone":null,"source":"OpenStreetMap/node/13159435826","sourceUpdatedAt":null,"verifiedAt":null}},{"type":"Feature","geometry":{"type":"Point","coordinates":[11.383415,47.262728]},"properties":{"id":"bikerack:04dbfca2-87bf-4e92-9bb6-69d7290e96b0","kind":"bikerack","longitude":11.383415,"latitude":47.262728,"name":"Biciklitároló","city":"Innsbruck","address":null,"covered":false,"access":null,"website":null,"phone":null,"source":"OpenStreetMap/node/13232428739","sourceUpdatedAt":null,"verifiedAt":null}},{"type":"Feature","geometry":{"type":"Point","coordinates":[11.382887,47.2689076]},"properties":{"id":"bikerack:05825fd8-1cf5-4b73-9c2c-899335926a3c","kind":"bikerack","longitude":11.382887,"latitude":47.2689076,"name":"Biciklitároló","city":"Innsbruck","address":null,"covered":false,"access":null,"website":null,"phone":null,"source":"OpenStreetMap/node/9386354139","sourceUpdatedAt":null,"verifiedAt":null}},{"type":"Feature","geometry":{"type":"Point","coordinates":[11.3943122,47.2625982]},"properties":{"id":"bikerack:06469901-9843-40aa-bc19-f331397dfa65","kind":"bikerack","longitude":11.3943122,"latitude":47.2625982,"name":"Biciklitároló","city":"Innsbruck","address":null,"covered":false,"access":null,"website":null,"phone":null,"source":"OpenStreetMap/node/9734892949","sourceUpdatedAt":null,"verifiedAt":null}},{"type":"Feature","geometry":{"type":"Point","coordinates":[11.3855239,47.2671056]},"properties":{"id":"bikerack:06e36432-8ea4-41bd-b2f5-84483093ac27","kind":"bikerack","longitude":11.3855239,"latitude":47.2671056,"name":"Biciklitároló","city":"Innsbruck","address":null,"covered":false,"access":null,"website":null,"phone":null,"source":"OpenStreetMap/node/13529313289","sourceUpdatedAt":null,"verifiedAt":null}},{"type":"Feature","geometry":{"type":"Point","coordinates":[11.4032566,47.2700923]},"properties":{"id":"bikerack:06e5442f-655a-4da8-92b9-58c87f71c4ad","kind":"bikerack","longitude":11.4032566,"latitude":47.2700923,"name":"Biciklitároló","city":"Innsbruck","address":null,"covered":false,"access":null,"website":null,"phone":null,"source":"OpenStreetMap/node/9133404879","sourceUpdatedAt":null,"verifiedAt":null}},{"type":"Feature","geometry":{"type":"Point","coordinates":[11.3899063,47.2590391]},"properties":{"id":"bikerack:077a6b3d-0637-458c-844d-e38f75c0f31a","kind":"bikerack","longitude":11.3899063,"latitude":47.2590391,"name":"Biciklitároló","city":"Innsbruck","address":null,"covered":false,"access":null,"website":null,"phone":null,"source":"OpenStreetMap/node/8018583455","sourceUpdatedAt":null,"verifiedAt":null}},{"type":"Feature","geometry":{"type":"Point","coordinates":[11.3882068,47.2593725]},"properties":{"id":"bikerack:08b9c7f5-880f-46f9-8269-55bda857910e","kind":"bikerack","longitude":11.3882068,"latitude":47.2593725,"name":"Biciklitároló","city":"Innsbruck","address":null,"covered":false,"access":null,"website":null,"phone":null,"source":"OpenStreetMap/node/6461053374","sourceUpdatedAt":null,"verifiedAt":null}},{"type":"Feature","geometry":{"type":"Point","coordinates":[11.3961061,47.2564606]},"properties":{"id":"bikerack:08f397ca-ebf2-4cfb-a516-5752ab125f8f","kind":"bikerack","longitude":11.3961061,"latitude":47.2564606,"name":"Biciklitároló","city":"Innsbruck","address":null,"covered":false,"access":null,"website":null,"phone":null,"source":"OpenStreetMap/node/2016513126","sourceUpdatedAt":null,"verifiedAt":null}},{"type":"Feature","geometry":{"type":"Point","coordinates":[11.4233001,47.2566426]},"properties":{"id":"bikerack:0900d321-8941-4925-80e5-6984a49aa012","kind":"bikerack","longitude":11.4233001,"latitude":47.2566426,"name":"Biciklitároló","city":"Aldrans","address":null,"covered":false,"access":null,"website":null,"phone":null,"source":"OpenStreetMap/node/4878508583","sourceUpdatedAt":null,"verifiedAt":null}},{"type":"Feature","geometry":{"type":"Point","coordinates":[11.4165272,47.2669017]},"properties":{"id":"bikerack:092aa9cc-5f8e-4909-b06d-55399cb8e6a5","kind":"bikerack","longitude":11.4165272,"latitude":47.2669017,"name":"Biciklitároló","city":"Innsbruck","address":null,"covered":false,"access":null,"website":null,"phone":null,"source":"OpenStreetMap/way/1418429366","sourceUpdatedAt":null,"verifiedAt":null}},{"type":"Feature","geometry":{"type":"Point","coordinates":[11.3938226,47.2663234]},"properties":{"id":"bikerack:095326d2-af7d-4ccf-b915-e50d5e6ef168","kind":"bikerack","longitude":11.3938226,"latitude":47.2663234,"name":"Biciklitároló","city":"Innsbruck","address":null,"covered":false,"access":null,"website":null,"phone":null,"source":"OpenStreetMap/node/8958052712","sourceUpdatedAt":null,"verifiedAt":null}},{"type":"Feature","geometry":{"type":"Point","coordinates":[11.3842037,47.2624048]},"properties":{"id":"bikerack:095954b3-f8c5-4de8-aaa2-df33c752a44b","kind":"bikerack","longitude":11.3842037,"latitude":47.2624048,"name":"Biciklitároló","city":"Innsbruck","address":null,"covered":false,"access":null,"website":null,"phone":null,"source":"OpenStreetMap/node/13232428730","sourceUpdatedAt":null,"verifiedAt":null}},{"type":"Feature","geometry":{"type":"Point","coordinates":[11.3882504,47.2584227]},"properties":{"id":"bikerack:09952ca5-4a4b-40de-b1b4-36f6d6ea4a89","kind":"bikerack","longitude":11.3882504,"latitude":47.2584227,"name":"Biciklitároló","city":"Innsbruck","address":null,"covered":false,"access":null,"website":null,"phone":null,"source":"OpenStreetMap/node/6461053371","sourceUpdatedAt":null,"verifiedAt":null}},{"type":"Feature","geometry":{"type":"Point","coordinates":[11.3962653,47.2670563]},"properties":{"id":"bikerack:0a076386-6915-4859-825b-cad21c57d6e5","kind":"bikerack","longitude":11.3962653,"latitude":47.2670563,"name":"Biciklitároló","city":"Innsbruck","address":null,"covered":false,"access":null,"website":null,"phone":null,"source":"OpenStreetMap/node/4986925372","sourceUpdatedAt":null,"verifiedAt":null}},{"type":"Feature","geometry":{"type":"Point","coordinates":[11.3951692,47.262551]},"properties":{"id":"bikerack:0a086728-dc23-4875-847f-7d233b7dae23","kind":"bikerack","longitude":11.3951692,"latitude":47.262551,"name":"Biciklitároló","city":"Innsbruck","address":null,"covered":false,"access":null,"website":null,"phone":null,"source":"OpenStreetMap/node/11418268209","sourceUpdatedAt":null,"verifiedAt":null}},{"type":"Feature","geometry":{"type":"Point","coordinates":[11.4074647,47.2586307]},"properties":{"id":"bikerack:0a300769-2cbf-4192-b385-654089f11b14","kind":"bikerack","longitude":11.4074647,"latitude":47.2586307,"name":"Biciklitároló","city":"Innsbruck","address":null,"covered":false,"access":null,"website":null,"phone":null,"source":"OpenStreetMap/node/6461127967","sourceUpdatedAt":null,"verifiedAt":null}},{"type":"Feature","geometry":{"type":"Point","coordinates":[11.3898431,47.2598598]},"properties":{"id":"bikerack:0ad2f8ef-fddc-4eb1-bb04-bf91a55c159b","kind":"bikerack","longitude":11.3898431,"latitude":47.2598598,"name":"Biciklitároló","city":"Innsbruck","address":null,"covered":false,"access":null,"website":null,"phone":null,"source":"OpenStreetMap/node/13033662965","sourceUpdatedAt":null,"verifiedAt":null}},{"type":"Feature","geometry":{"type":"Point","coordinates":[11.3989686,47.2617881]},"properties":{"id":"bikerack:0b44ead1-96dd-44ea-ae40-ee5b58b4ffe1","kind":"bikerack","longitude":11.3989686,"latitude":47.2617881,"name":"Biciklitároló","city":"Innsbruck","address":null,"covered":false,"access":null,"website":null,"phone":null,"source":"OpenStreetMap/node/11073173531","sourceUpdatedAt":null,"verifiedAt":null}},{"type":"Feature","geometry":{"type":"Point","coordinates":[11.39447,47.2574647]},"properties":{"id":"bikerack:0b7a57a2-38d9-49e3-a1f8-12be78d30a8e","kind":"bikerack","longitude":11.39447,"latitude":47.2574647,"name":"Biciklitároló","city":"Innsbruck","address":null,"covered":false,"access":null,"website":null,"phone":null,"source":"OpenStreetMap/node/4924132154","sourceUpdatedAt":null,"verifiedAt":null}},{"type":"Feature","geometry":{"type":"Point","coordinates":[11.3916787,47.2646995]},"properties":{"id":"bikerack:0c170fa5-7e03-4971-925a-3f8303861fe6","kind":"bikerack","longitude":11.3916787,"latitude":47.2646995,"name":"Biciklitároló","city":"Innsbruck","address":null,"covered":false,"access":null,"website":null,"phone":null,"source":"OpenStreetMap/node/5001742983","sourceUpdatedAt":null,"verifiedAt":null}},{"type":"Feature","geometry":{"type":"Point","coordinates":[11.3995327,47.2582184]},"properties":{"id":"bikerack:0c2b0a75-2324-476b-9f43-65691d370c0e","kind":"bikerack","longitude":11.3995327,"latitude":47.2582184,"name":"Biciklitároló","city":"Innsbruck","address":null,"covered":false,"access":null,"website":null,"phone":null,"source":"OpenStreetMap/node/2016513157","sourceUpdatedAt":null,"verifiedAt":null}},{"type":"Feature","geometry":{"type":"Point","coordinates":[11.391253,47.2681371]},"properties":{"id":"bikerack:0ccb2257-f269-4145-bd76-054b84719377","kind":"bikerack","longitude":11.391253,"latitude":47.2681371,"name":"Biciklitároló","city":"Innsbruck","address":null,"covered":false,"access":null,"website":null,"phone":null,"source":"OpenStreetMap/node/8958052092","sourceUpdatedAt":null,"verifiedAt":null}},{"type":"Feature","geometry":{"type":"Point","coordinates":[11.4057374,47.2755674]},"properties":{"id":"bikerack:0e59b096-4a11-4d7c-be2b-e940a9ae9fe6","kind":"bikerack","longitude":11.4057374,"latitude":47.2755674,"name":"Biciklitároló","city":"Innsbruck","address":null,"covered":false,"access":null,"website":null,"phone":null,"source":"OpenStreetMap/node/13536807233","sourceUpdatedAt":null,"verifiedAt":null}},{"type":"Feature","geometry":{"type":"Point","coordinates":[11.3895445,47.2622337]},"properties":{"id":"bikerack:0f1312b2-fc8d-4151-a60c-99577e16aab0","kind":"bikerack","longitude":11.3895445,"latitude":47.2622337,"name":"Biciklitároló","city":"Innsbruck","address":null,"covered":false,"access":null,"website":null,"phone":null,"source":"OpenStreetMap/node/8018583465","sourceUpdatedAt":null,"verifiedAt":null}},{"type":"Feature","geometry":{"type":"Point","coordinates":[11.4095665,47.2601637]},"properties":{"id":"bikerack:0f2b75b8-6b05-46dd-a958-ee5db13e0573","kind":"bikerack","longitude":11.4095665,"latitude":47.2601637,"name":"Biciklitároló","city":"Innsbruck","address":null,"covered":false,"access":null,"website":null,"phone":null,"source":"OpenStreetMap/way/1193096142","sourceUpdatedAt":null,"verifiedAt":null}},{"type":"Feature","geometry":{"type":"Point","coordinates":[11.3848413,47.2667084]},"properties":{"id":"bikerack:0f313ca0-71e3-439e-ae43-6ff61119637e","kind":"bikerack","longitude":11.3848413,"latitude":47.2667084,"name":"Biciklitároló","city":"Innsbruck","address":null,"covered":false,"access":null,"website":null,"phone":null,"source":"OpenStreetMap/node/13529282235","sourceUpdatedAt":null,"verifiedAt":null}},{"type":"Feature","geometry":{"type":"Point","coordinates":[11.4003443,47.2779148]},"properties":{"id":"bikerack:0f79a7fa-4b44-4ccb-af20-3ff0183089a4","kind":"bikerack","longitude":11.4003443,"latitude":47.2779148,"name":"Biciklitároló","city":"Innsbruck","address":null,"covered":false,"access":null,"website":null,"phone":null,"source":"OpenStreetMap/node/4913196143","sourceUpdatedAt":null,"verifiedAt":null}},{"type":"Feature","geometry":{"type":"Point","coordinates":[11.3982649,47.2613788]},"properties":{"id":"bikerack:0fb242d5-cf1c-4c64-907b-fde333fafc2e","kind":"bikerack","longitude":11.3982649,"latitude":47.2613788,"name":"Biciklitároló","city":"Innsbruck","address":null,"covered":false,"access":null,"website":null,"phone":null,"source":"OpenStreetMap/node/11073173530","sourceUpdatedAt":null,"verifiedAt":null}},{"type":"Feature","geometry":{"type":"Point","coordinates":[11.3867151,47.2617643]},"properties":{"id":"bikerack:1024335d-e065-4599-9aff-fa08b1aed98e","kind":"bikerack","longitude":11.3867151,"latitude":47.2617643,"name":"Biciklitároló","city":"Innsbruck","address":null,"covered":false,"access":null,"website":null,"phone":null,"source":"OpenStreetMap/node/8736224846","sourceUpdatedAt":null,"verifiedAt":null}},{"type":"Feature","geometry":{"type":"Point","coordinates":[11.4090894,47.26598]},"properties":{"id":"bikerack:108957fb-51e1-4005-948e-1d044cb592e3","kind":"bikerack","longitude":11.4090894,"latitude":47.26598,"name":"Biciklitároló","city":"Innsbruck","address":null,"covered":false,"access":null,"website":null,"phone":null,"source":"OpenStreetMap/way/1390447017","sourceUpdatedAt":null,"verifiedAt":null}},{"type":"Feature","geometry":{"type":"Point","coordinates":[11.3947374,47.2573181]},"properties":{"id":"bikerack:10de2f69-7cb1-4df8-bb8d-538e50d76442","kind":"bikerack","longitude":11.3947374,"latitude":47.2573181,"name":"Biciklitároló","city":"Innsbruck","address":null,"covered":false,"access":null,"website":null,"phone":null,"source":"OpenStreetMap/node/4962336661","sourceUpdatedAt":null,"verifiedAt":null}},{"type":"Feature","geometry":{"type":"Point","coordinates":[11.4080879,47.2577838]},"properties":{"id":"bikerack:10fa8e4f-78c5-478d-9734-abe7338810cc","kind":"bikerack","longitude":11.4080879,"latitude":47.2577838,"name":"Biciklitároló","city":"Innsbruck","address":null,"covered":false,"access":null,"website":null,"phone":null,"source":"OpenStreetMap/way/319680226","sourceUpdatedAt":null,"verifiedAt":null}},{"type":"Feature","geometry":{"type":"Point","coordinates":[11.4138684,47.26625]},"properties":{"id":"bikerack:10fe9724-e0cd-460c-ae22-6907ccf0551f","kind":"bikerack","longitude":11.4138684,"latitude":47.26625,"name":"Biciklitároló","city":"Innsbruck","address":null,"covered":false,"access":null,"website":null,"phone":null,"source":"OpenStreetMap/way/1424377512","sourceUpdatedAt":null,"verifiedAt":null}},{"type":"Feature","geometry":{"type":"Point","coordinates":[11.3959813,47.2666296]},"properties":{"id":"bikerack:128c679c-76c5-4589-b797-41b1181416f2","kind":"bikerack","longitude":11.3959813,"latitude":47.2666296,"name":"Biciklitároló","city":"Innsbruck","address":null,"covered":false,"access":null,"website":null,"phone":null,"source":"OpenStreetMap/node/13131424600","sourceUpdatedAt":null,"verifiedAt":null}},{"type":"Feature","geometry":{"type":"Point","coordinates":[11.4029136,47.265434]},"properties":{"id":"bikerack:129c1981-e8ee-4ea1-938c-41f0b70ac970","kind":"bikerack","longitude":11.4029136,"latitude":47.265434,"name":"Biciklitároló","city":"Innsbruck","address":null,"covered":false,"access":null,"website":null,"phone":null,"source":"OpenStreetMap/node/11065426279","sourceUpdatedAt":null,"verifiedAt":null}},{"type":"Feature","geometry":{"type":"Point","coordinates":[11.4064609,47.2645176]},"properties":{"id":"bikerack:1362217f-e67f-4d65-bba6-4028ed53af83","kind":"bikerack","longitude":11.4064609,"latitude":47.2645176,"name":"Biciklitároló","city":"Innsbruck","address":null,"covered":false,"access":null,"website":null,"phone":null,"source":"OpenStreetMap/way/1485384606","sourceUpdatedAt":null,"verifiedAt":null}},{"type":"Feature","geometry":{"type":"Point","coordinates":[11.3875033,47.2597272]},"properties":{"id":"bikerack:1485d612-4203-4c9c-afab-eb423f15f331","kind":"bikerack","longitude":11.3875033,"latitude":47.2597272,"name":"Biciklitároló","city":"Innsbruck","address":null,"covered":true,"access":null,"website":null,"phone":null,"source":"OpenStreetMap/node/6913993277","sourceUpdatedAt":null,"verifiedAt":null}},{"type":"Feature","geometry":{"type":"Point","coordinates":[11.3845643,47.2636338]},"properties":{"id":"bikerack:14b581b4-7ed0-478c-8840-ac95a99705fe","kind":"bikerack","longitude":11.3845643,"latitude":47.2636338,"name":"Biciklitároló","city":"Innsbruck","address":null,"covered":true,"access":null,"website":null,"phone":null,"source":"OpenStreetMap/node/2016513340","sourceUpdatedAt":null,"verifiedAt":null}},{"type":"Feature","geometry":{"type":"Point","coordinates":[11.4211064,47.2695679]},"properties":{"id":"bikerack:14dbd719-b10f-4136-81b7-5f6824048edb","kind":"bikerack","longitude":11.4211064,"latitude":47.2695679,"name":"Biciklitároló","city":"Innsbruck","address":null,"covered":false,"access":null,"website":null,"phone":null,"source":"OpenStreetMap/way/1367403695","sourceUpdatedAt":null,"verifiedAt":null}},{"type":"Feature","geometry":{"type":"Point","coordinates":[11.4133476,47.2665648]},"properties":{"id":"bikerack:153c721f-a0c5-4a41-a5b3-67472e204f92","kind":"bikerack","longitude":11.4133476,"latitude":47.2665648,"name":"Biciklitároló","city":"Innsbruck","address":null,"covered":false,"access":null,"website":null,"phone":null,"source":"OpenStreetMap/way/1424377504","sourceUpdatedAt":null,"verifiedAt":null}},{"type":"Feature","geometry":{"type":"Point","coordinates":[11.3954217,47.2648354]},"properties":{"id":"bikerack:156b9f21-bfd7-4dea-95b2-2d70997d5739","kind":"bikerack","longitude":11.3954217,"latitude":47.2648354,"name":"Biciklitároló","city":"Innsbruck","address":null,"covered":false,"access":null,"website":null,"phone":null,"source":"OpenStreetMap/node/6461127958","sourceUpdatedAt":null,"verifiedAt":null}},{"type":"Feature","geometry":{"type":"Point","coordinates":[11.3969705,47.2580879]},"properties":{"id":"bikerack:1635fe87-8679-4704-8f4e-2ea4ec4fd1b6","kind":"bikerack","longitude":11.3969705,"latitude":47.2580879,"name":"Biciklitároló","city":"Innsbruck","address":null,"covered":false,"access":null,"website":null,"phone":null,"source":"OpenStreetMap/node/13159428145","sourceUpdatedAt":null,"verifiedAt":null}},{"type":"Feature","geometry":{"type":"Point","coordinates":[11.403617,47.2775971]},"properties":{"id":"bikerack:16bbb737-f244-4a63-a7ab-e309be311b79","kind":"bikerack","longitude":11.403617,"latitude":47.2775971,"name":"Biciklitároló","city":"Innsbruck","address":null,"covered":false,"access":null,"website":null,"phone":null,"source":"OpenStreetMap/node/10137561154","sourceUpdatedAt":null,"verifiedAt":null}},{"type":"Feature","geometry":{"type":"Point","coordinates":[11.3857846,47.2654628]},"properties":{"id":"bikerack:17655084-e392-4ea5-8657-64caae47e3f1","kind":"bikerack","longitude":11.3857846,"latitude":47.2654628,"name":"Biciklitároló","city":"Innsbruck","address":null,"covered":false,"access":null,"website":null,"phone":null,"source":"OpenStreetMap/node/11111654496","sourceUpdatedAt":null,"verifiedAt":null}},{"type":"Feature","geometry":{"type":"Point","coordinates":[11.4054646,47.2641132]},"properties":{"id":"bikerack:17ba3d1d-ed51-4f12-ad8d-e00ed9ac1d15","kind":"bikerack","longitude":11.4054646,"latitude":47.2641132,"name":"Biciklitároló","city":"Innsbruck","address":null,"covered":false,"access":null,"website":null,"phone":null,"source":"OpenStreetMap/node/11065426281","sourceUpdatedAt":null,"verifiedAt":null}},{"type":"Feature","geometry":{"type":"Point","coordinates":[11.3970971,47.265386]},"properties":{"id":"bikerack:18908644-99ff-4f43-ae4d-7d1e0d9eab91","kind":"bikerack","longitude":11.3970971,"latitude":47.265386,"name":"Biciklitároló","city":"Innsbruck","address":null,"covered":false,"access":null,"website":null,"phone":null,"source":"OpenStreetMap/node/6139622791","sourceUpdatedAt":null,"verifiedAt":null}},{"type":"Feature","geometry":{"type":"Point","coordinates":[11.4137045,47.2649639]},"properties":{"id":"bikerack:1a0b7ca2-8feb-4056-b38d-52fdbbf85c73","kind":"bikerack","longitude":11.4137045,"latitude":47.2649639,"name":"Biciklitároló","city":"Innsbruck","address":null,"covered":false,"access":null,"website":null,"phone":null,"source":"OpenStreetMap/node/13243193336","sourceUpdatedAt":null,"verifiedAt":null}},{"type":"Feature","geometry":{"type":"Point","coordinates":[11.3965838,47.2631293]},"properties":{"id":"bikerack:1a620f59-6edd-4c5b-b2fe-0da78e6d25f6","kind":"bikerack","longitude":11.3965838,"latitude":47.2631293,"name":"Biciklitároló","city":"Innsbruck","address":null,"covered":false,"access":null,"website":null,"phone":null,"source":"OpenStreetMap/node/6321543810","sourceUpdatedAt":null,"verifiedAt":null}},{"type":"Feature","geometry":{"type":"Point","coordinates":[11.3944343,47.2692588]},"properties":{"id":"bikerack:1ac305f6-9079-486d-aead-412196b19faa","kind":"bikerack","longitude":11.3944343,"latitude":47.2692588,"name":"Biciklitároló","city":"Innsbruck","address":null,"covered":false,"access":null,"website":null,"phone":null,"source":"OpenStreetMap/node/12925525419","sourceUpdatedAt":null,"verifiedAt":null}},{"type":"Feature","geometry":{"type":"Point","coordinates":[11.3978819,47.2598562]},"properties":{"id":"bikerack:1b3a61d2-3a52-41a7-841c-b19f32e0d522","kind":"bikerack","longitude":11.3978819,"latitude":47.2598562,"name":"Biciklitároló","city":"Innsbruck","address":null,"covered":false,"access":null,"website":null,"phone":null,"source":"OpenStreetMap/node/5034995927","sourceUpdatedAt":null,"verifiedAt":null}},{"type":"Feature","geometry":{"type":"Point","coordinates":[11.3859938,47.2640099]},"properties":{"id":"bikerack:1ba10805-c457-4654-8a64-645a9c5e5e5e","kind":"bikerack","longitude":11.3859938,"latitude":47.2640099,"name":"Biciklitároló","city":"Innsbruck","address":null,"covered":false,"access":null,"website":null,"phone":null,"source":"OpenStreetMap/node/2016513362","sourceUpdatedAt":null,"verifiedAt":null}},{"type":"Feature","geometry":{"type":"Point","coordinates":[11.3944342,47.2599625]},"properties":{"id":"bikerack:1c2bd5aa-460b-4b6c-94e8-268cf27ea336","kind":"bikerack","longitude":11.3944342,"latitude":47.2599625,"name":"Biciklitároló","city":"Innsbruck","address":null,"covered":false,"access":null,"website":null,"phone":null,"source":"OpenStreetMap/node/4976155530","sourceUpdatedAt":null,"verifiedAt":null}},{"type":"Feature","geometry":{"type":"Point","coordinates":[11.3937722,47.2668787]},"properties":{"id":"bikerack:1c8477d3-8b7b-4e63-b2bf-a8134d07138e","kind":"bikerack","longitude":11.3937722,"latitude":47.2668787,"name":"Biciklitároló","city":"Innsbruck","address":null,"covered":false,"access":null,"website":null,"phone":null,"source":"OpenStreetMap/node/4111045184","sourceUpdatedAt":null,"verifiedAt":null}},{"type":"Feature","geometry":{"type":"Point","coordinates":[11.3879988,47.261004]},"properties":{"id":"bikerack:1c9afbe2-1dd2-492d-a1db-e97eb939006d","kind":"bikerack","longitude":11.3879988,"latitude":47.261004,"name":"Biciklitároló","city":"Innsbruck","address":null,"covered":false,"access":null,"website":null,"phone":null,"source":"OpenStreetMap/node/8957993273","sourceUpdatedAt":null,"verifiedAt":null}},{"type":"Feature","geometry":{"type":"Point","coordinates":[11.4000443,47.2645515]},"properties":{"id":"bikerack:1cf1cfb3-c0e2-4091-9c56-fad1647c78bc","kind":"bikerack","longitude":11.4000443,"latitude":47.2645515,"name":"Biciklitároló","city":"Innsbruck","address":null,"covered":false,"access":null,"website":null,"phone":null,"source":"OpenStreetMap/node/13131394642","sourceUpdatedAt":null,"verifiedAt":null}},{"type":"Feature","geometry":{"type":"Point","coordinates":[11.387809,47.2602624]},"properties":{"id":"bikerack:1d01d01c-5f21-438f-b282-1c65f286c9b2","kind":"bikerack","longitude":11.387809,"latitude":47.2602624,"name":"Biciklitároló","city":"Innsbruck","address":null,"covered":false,"access":null,"website":null,"phone":null,"source":"OpenStreetMap/node/4986925363","sourceUpdatedAt":null,"verifiedAt":null}},{"type":"Feature","geometry":{"type":"Point","coordinates":[11.3880912,47.2691488]},"properties":{"id":"bikerack:1db207f5-06df-4fba-84f7-79d4ec52c076","kind":"bikerack","longitude":11.3880912,"latitude":47.2691488,"name":"Biciklitároló","city":"Innsbruck","address":null,"covered":false,"access":null,"website":null,"phone":null,"source":"OpenStreetMap/node/12398454934","sourceUpdatedAt":null,"verifiedAt":null}},{"type":"Feature","geometry":{"type":"Point","coordinates":[11.3876818,47.2602444]},"properties":{"id":"bikerack:1e530748-6398-4780-9241-ce03355a2caa","kind":"bikerack","longitude":11.3876818,"latitude":47.2602444,"name":"Biciklitároló","city":"Innsbruck","address":null,"covered":false,"access":null,"website":null,"phone":null,"source":"OpenStreetMap/node/8016396051","sourceUpdatedAt":null,"verifiedAt":null}},{"type":"Feature","geometry":{"type":"Point","coordinates":[11.4086473,47.2725253]},"properties":{"id":"bikerack:1e8d4557-0763-4567-8b71-0777b7225288","kind":"bikerack","longitude":11.4086473,"latitude":47.2725253,"name":"Biciklitároló","city":"Innsbruck","address":null,"covered":false,"access":null,"website":null,"phone":null,"source":"OpenStreetMap/node/4905942809","sourceUpdatedAt":null,"verifiedAt":null}},{"type":"Feature","geometry":{"type":"Point","coordinates":[11.3894189,47.2641172]},"properties":{"id":"bikerack:1f5507e1-6fbf-4b68-b28b-e705317f4856","kind":"bikerack","longitude":11.3894189,"latitude":47.2641172,"name":"Biciklitároló","city":"Innsbruck","address":null,"covered":false,"access":null,"website":null,"phone":null,"source":"OpenStreetMap/node/13661246160","sourceUpdatedAt":null,"verifiedAt":null}},{"type":"Feature","geometry":{"type":"Point","coordinates":[11.4031601,47.2653037]},"properties":{"id":"bikerack:1fd731f2-539b-4c5e-9616-2af6d9cdd290","kind":"bikerack","longitude":11.4031601,"latitude":47.2653037,"name":"Biciklitároló","city":"Innsbruck","address":null,"covered":false,"access":null,"website":null,"phone":null,"source":"OpenStreetMap/node/11065426280","sourceUpdatedAt":null,"verifiedAt":null}},{"type":"Feature","geometry":{"type":"Point","coordinates":[11.3913624,47.2671191]},"properties":{"id":"bikerack:20cfdaff-d215-4fdd-9b8b-223943721ea9","kind":"bikerack","longitude":11.3913624,"latitude":47.2671191,"name":"Biciklitároló","city":"Innsbruck","address":null,"covered":false,"access":null,"website":null,"phone":null,"source":"OpenStreetMap/node/6967571300","sourceUpdatedAt":null,"verifiedAt":null}},{"type":"Feature","geometry":{"type":"Point","coordinates":[11.3851786,47.2644588]},"properties":{"id":"bikerack:211c0170-c487-4b4e-ad37-ae23a6ffca12","kind":"bikerack","longitude":11.3851786,"latitude":47.2644588,"name":"Biciklitároló","city":"Innsbruck","address":null,"covered":false,"access":null,"website":null,"phone":null,"source":"OpenStreetMap/node/4090996541","sourceUpdatedAt":null,"verifiedAt":null}},{"type":"Feature","geometry":{"type":"Point","coordinates":[11.3893847,47.2720894]},"properties":{"id":"bikerack:21df76d4-dd52-41f0-be57-0bb7b8d49070","kind":"bikerack","longitude":11.3893847,"latitude":47.2720894,"name":"Biciklitároló","city":"Innsbruck","address":null,"covered":false,"access":null,"website":null,"phone":null,"source":"OpenStreetMap/way/1456986896","sourceUpdatedAt":null,"verifiedAt":null}},{"type":"Feature","geometry":{"type":"Point","coordinates":[11.400919,47.2653194]},"properties":{"id":"bikerack:22cdc922-c540-4db3-8f23-0ed6afae3e62","kind":"bikerack","longitude":11.400919,"latitude":47.2653194,"name":"Biciklitároló","city":"Innsbruck","address":null,"covered":false,"access":null,"website":null,"phone":null,"source":"OpenStreetMap/node/8958042552","sourceUpdatedAt":null,"verifiedAt":null}},{"type":"Feature","geometry":{"type":"Point","coordinates":[11.3975942,47.2684474]},"properties":{"id":"bikerack:23006244-702d-418e-9f3a-233fc16fdbb3","kind":"bikerack","longitude":11.3975942,"latitude":47.2684474,"name":"Biciklitároló","city":"Innsbruck","address":null,"covered":true,"access":null,"website":null,"phone":null,"source":"OpenStreetMap/node/1880656170","sourceUpdatedAt":null,"verifiedAt":null}},{"type":"Feature","geometry":{"type":"Point","coordinates":[11.3883823,47.2581609]},"properties":{"id":"bikerack:23edaece-81cb-4957-b4ee-4b7584bff505","kind":"bikerack","longitude":11.3883823,"latitude":47.2581609,"name":"Biciklitároló","city":"Innsbruck","address":null,"covered":false,"access":null,"website":null,"phone":null,"source":"OpenStreetMap/node/4972531488","sourceUpdatedAt":null,"verifiedAt":null}},{"type":"Feature","geometry":{"type":"Point","coordinates":[11.4082257,47.2669338]},"properties":{"id":"bikerack:24a46d9a-5059-4eb2-bd65-33c5f00d8f79","kind":"bikerack","longitude":11.4082257,"latitude":47.2669338,"name":"Biciklitároló","city":"Innsbruck","address":null,"covered":false,"access":null,"website":null,"phone":null,"source":"OpenStreetMap/node/12222713400","sourceUpdatedAt":null,"verifiedAt":null}},{"type":"Feature","geometry":{"type":"Point","coordinates":[11.4055406,47.2647045]},"properties":{"id":"bikerack:269e4687-b6cb-45cf-ba42-69f6767a1f0e","kind":"bikerack","longitude":11.4055406,"latitude":47.2647045,"name":"Biciklitároló","city":"Innsbruck","address":null,"covered":false,"access":null,"website":null,"phone":null,"source":"OpenStreetMap/node/6461127963","sourceUpdatedAt":null,"verifiedAt":null}},{"type":"Feature","geometry":{"type":"Point","coordinates":[11.3974008,47.2605183]},"properties":{"id":"bikerack:27655d91-1f07-4b33-9fa7-367b991ae6cd","kind":"bikerack","longitude":11.3974008,"latitude":47.2605183,"name":"Biciklitároló","city":"Innsbruck","address":null,"covered":false,"access":null,"website":null,"phone":null,"source":"OpenStreetMap/node/11073173527","sourceUpdatedAt":null,"verifiedAt":null}},{"type":"Feature","geometry":{"type":"Point","coordinates":[11.412593,47.2557761]},"properties":{"id":"bikerack:27f4b945-ae67-4078-a3ed-67b0155a1724","kind":"bikerack","longitude":11.412593,"latitude":47.2557761,"name":"Biciklitároló","city":"Innsbruck","address":null,"covered":false,"access":null,"website":null,"phone":null,"source":"OpenStreetMap/way/1459779319","sourceUpdatedAt":null,"verifiedAt":null}},{"type":"Feature","geometry":{"type":"Point","coordinates":[11.3999331,47.2630654]},"properties":{"id":"bikerack:280af185-d713-442a-8e24-b15d7d4a9273","kind":"bikerack","longitude":11.3999331,"latitude":47.2630654,"name":"Biciklitároló","city":"Innsbruck","address":null,"covered":false,"access":null,"website":null,"phone":null,"source":"OpenStreetMap/way/354283744","sourceUpdatedAt":null,"verifiedAt":null}},{"type":"Feature","geometry":{"type":"Point","coordinates":[11.4064243,47.260136]},"properties":{"id":"bikerack:28ccf207-5184-4a75-9e11-fe17182817a5","kind":"bikerack","longitude":11.4064243,"latitude":47.260136,"name":"Biciklitároló","city":"Innsbruck","address":null,"covered":false,"access":null,"website":null,"phone":null,"source":"OpenStreetMap/way/34208637","sourceUpdatedAt":null,"verifiedAt":null}},{"type":"Feature","geometry":{"type":"Point","coordinates":[11.3880688,47.2620721]},"properties":{"id":"bikerack:29118539-a51c-41dc-b06d-8660eda04c01","kind":"bikerack","longitude":11.3880688,"latitude":47.2620721,"name":"Biciklitároló","city":"Innsbruck","address":null,"covered":false,"access":null,"website":null,"phone":null,"source":"OpenStreetMap/node/11418268204","sourceUpdatedAt":null,"verifiedAt":null}},{"type":"Feature","geometry":{"type":"Point","coordinates":[11.3972878,47.2672442]},"properties":{"id":"bikerack:2a2707f6-68fa-41b2-ac3a-237315c984e1","kind":"bikerack","longitude":11.3972878,"latitude":47.2672442,"name":"Biciklitároló","city":"Innsbruck","address":null,"covered":false,"access":null,"website":null,"phone":null,"source":"OpenStreetMap/node/1988660476","sourceUpdatedAt":null,"verifiedAt":null}},{"type":"Feature","geometry":{"type":"Point","coordinates":[11.3978065,47.2693359]},"properties":{"id":"bikerack:2af5b630-b0ff-4589-ba3d-735e7bffaf52","kind":"bikerack","longitude":11.3978065,"latitude":47.2693359,"name":"Biciklitároló","city":"Innsbruck","address":null,"covered":false,"access":null,"website":null,"phone":null,"source":"OpenStreetMap/way/1452256855","sourceUpdatedAt":null,"verifiedAt":null}},{"type":"Feature","geometry":{"type":"Point","coordinates":[11.40925,47.266218]},"properties":{"id":"bikerack:2b34d400-1c60-4341-952f-e02855a1b057","kind":"bikerack","longitude":11.40925,"latitude":47.266218,"name":"Biciklitároló","city":"Innsbruck","address":null,"covered":false,"access":null,"website":null,"phone":null,"source":"OpenStreetMap/node/12692680800","sourceUpdatedAt":null,"verifiedAt":null}},{"type":"Feature","geometry":{"type":"Point","coordinates":[11.3974898,47.26672]},"properties":{"id":"bikerack:2bd9ddef-0961-40a0-8d6e-146a062cc91c","kind":"bikerack","longitude":11.3974898,"latitude":47.26672,"name":"Biciklitároló","city":"Innsbruck","address":null,"covered":false,"access":null,"website":null,"phone":null,"source":"OpenStreetMap/node/1988660475","sourceUpdatedAt":null,"verifiedAt":null}},{"type":"Feature","geometry":{"type":"Point","coordinates":[11.3860264,47.2618188]},"properties":{"id":"bikerack:2c5532fb-5a9f-4ffe-b756-c7e3d1b1601d","kind":"bikerack","longitude":11.3860264,"latitude":47.2618188,"name":"Biciklitároló","city":"Innsbruck","address":null,"covered":false,"access":null,"website":null,"phone":null,"source":"OpenStreetMap/node/8736456014","sourceUpdatedAt":null,"verifiedAt":null}},{"type":"Feature","geometry":{"type":"Point","coordinates":[11.3973329,47.2591601]},"properties":{"id":"bikerack:2c745f6d-edf0-4204-9357-b25c15c6b64e","kind":"bikerack","longitude":11.3973329,"latitude":47.2591601,"name":"Biciklitároló","city":"Innsbruck","address":null,"covered":false,"access":null,"website":null,"phone":null,"source":"OpenStreetMap/node/9274984981","sourceUpdatedAt":null,"verifiedAt":null}},{"type":"Feature","geometry":{"type":"Point","coordinates":[11.4075926,47.2767538]},"properties":{"id":"bikerack:2d46c6f7-1866-4027-b1db-8349f5aa31bd","kind":"bikerack","longitude":11.4075926,"latitude":47.2767538,"name":"Biciklitároló","city":"Innsbruck","address":null,"covered":false,"access":null,"website":null,"phone":null,"source":"OpenStreetMap/node/12985439974","sourceUpdatedAt":null,"verifiedAt":null}},{"type":"Feature","geometry":{"type":"Point","coordinates":[11.4004725,47.2664701]},"properties":{"id":"bikerack:2d84e3a3-406b-4780-a892-55746d7e5a15","kind":"bikerack","longitude":11.4004725,"latitude":47.2664701,"name":"Biciklitároló","city":"Innsbruck","address":null,"covered":false,"access":null,"website":null,"phone":null,"source":"OpenStreetMap/node/6461127960","sourceUpdatedAt":null,"verifiedAt":null}},{"type":"Feature","geometry":{"type":"Point","coordinates":[11.3999964,47.2665392]},"properties":{"id":"bikerack:2e1b49c0-c5fa-4ff2-aa29-773e40fb7525","kind":"bikerack","longitude":11.3999964,"latitude":47.2665392,"name":"Biciklitároló","city":"Innsbruck","address":null,"covered":false,"access":null,"website":null,"phone":null,"source":"OpenStreetMap/node/6461127961","sourceUpdatedAt":null,"verifiedAt":null}},{"type":"Feature","geometry":{"type":"Point","coordinates":[11.3935543,47.2628129]},"properties":{"id":"bikerack:2ef40eab-ecfc-4df1-aa55-70cd35ae7a9c","kind":"bikerack","longitude":11.3935543,"latitude":47.2628129,"name":"Biciklitároló","city":"Innsbruck","address":null,"covered":false,"access":null,"website":null,"phone":null,"source":"OpenStreetMap/node/1937960830","sourceUpdatedAt":null,"verifiedAt":null}},{"type":"Feature","geometry":{"type":"Point","coordinates":[11.4085113,47.2619197]},"properties":{"id":"bikerack:2f1da8ff-d9cd-4947-be76-be18c9a3788a","kind":"bikerack","longitude":11.4085113,"latitude":47.2619197,"name":"Biciklitároló","city":"Innsbruck","address":null,"covered":false,"access":null,"website":null,"phone":null,"source":"OpenStreetMap/node/2957044144","sourceUpdatedAt":null,"verifiedAt":null}},{"type":"Feature","geometry":{"type":"Point","coordinates":[11.3959081,47.2604453]},"properties":{"id":"bikerack:2f87ae14-ffbf-4bbf-863d-6cfdee4698bd","kind":"bikerack","longitude":11.3959081,"latitude":47.2604453,"name":"Biciklitároló","city":"Innsbruck","address":null,"covered":false,"access":null,"website":null,"phone":null,"source":"OpenStreetMap/node/11420545956","sourceUpdatedAt":null,"verifiedAt":null}},{"type":"Feature","geometry":{"type":"Point","coordinates":[11.4097333,47.2663654]},"properties":{"id":"bikerack:30d67d59-6dc9-49fa-a1af-8c4a3b177584","kind":"bikerack","longitude":11.4097333,"latitude":47.2663654,"name":"Biciklitároló","city":"Innsbruck","address":null,"covered":false,"access":null,"website":null,"phone":null,"source":"OpenStreetMap/way/1358129845","sourceUpdatedAt":null,"verifiedAt":null}},{"type":"Feature","geometry":{"type":"Point","coordinates":[11.390147,47.2582691]},"properties":{"id":"bikerack:31d1a64e-6965-4d70-8e83-3df9c58ae494","kind":"bikerack","longitude":11.390147,"latitude":47.2582691,"name":"Biciklitároló","city":"Innsbruck","address":null,"covered":false,"access":null,"website":null,"phone":null,"source":"OpenStreetMap/node/4972531490","sourceUpdatedAt":null,"verifiedAt":null}},{"type":"Feature","geometry":{"type":"Point","coordinates":[11.3954769,47.2618626]},"properties":{"id":"bikerack:31dfb566-3fff-4a8e-bb41-2f3451064a89","kind":"bikerack","longitude":11.3954769,"latitude":47.2618626,"name":"Biciklitároló","city":"Innsbruck","address":null,"covered":false,"access":null,"website":null,"phone":null,"source":"OpenStreetMap/node/2016513232","sourceUpdatedAt":null,"verifiedAt":null}},{"type":"Feature","geometry":{"type":"Point","coordinates":[11.4115218,47.2661621]},"properties":{"id":"bikerack:32854f44-5418-494c-afbc-c5218d5a5579","kind":"bikerack","longitude":11.4115218,"latitude":47.2661621,"name":"Biciklitároló","city":"Innsbruck","address":null,"covered":false,"access":null,"website":null,"phone":null,"source":"OpenStreetMap/node/13243188823","sourceUpdatedAt":null,"verifiedAt":null}},{"type":"Feature","geometry":{"type":"Point","coordinates":[11.4051244,47.2524683]},"properties":{"id":"bikerack:328af92d-3b5a-4d0f-ad28-a6cfae0d1dc0","kind":"bikerack","longitude":11.4051244,"latitude":47.2524683,"name":"Biciklitároló","city":"Innsbruck","address":null,"covered":false,"access":null,"website":null,"phone":null,"source":"OpenStreetMap/node/13289882084","sourceUpdatedAt":null,"verifiedAt":null}},{"type":"Feature","geometry":{"type":"Point","coordinates":[11.3968758,47.2660618]},"properties":{"id":"bikerack:3321bbda-717a-4ea9-b181-7be8764c5aa7","kind":"bikerack","longitude":11.3968758,"latitude":47.2660618,"name":"Biciklitároló","city":"Innsbruck","address":null,"covered":false,"access":null,"website":null,"phone":null,"source":"OpenStreetMap/node/13590611221","sourceUpdatedAt":null,"verifiedAt":null}},{"type":"Feature","geometry":{"type":"Point","coordinates":[11.4125988,47.2671713]},"properties":{"id":"bikerack:33375209-020d-4bbb-8b36-ebdab40a35c3","kind":"bikerack","longitude":11.4125988,"latitude":47.2671713,"name":"Biciklitároló","city":"Innsbruck","address":null,"covered":false,"access":null,"website":null,"phone":null,"source":"OpenStreetMap/node/12692709993","sourceUpdatedAt":null,"verifiedAt":null}},{"type":"Feature","geometry":{"type":"Point","coordinates":[11.389419,47.2610329]},"properties":{"id":"bikerack:33ed6b11-908d-4e32-92d9-9797159c2e56","kind":"bikerack","longitude":11.389419,"latitude":47.2610329,"name":"Biciklitároló","city":"Innsbruck","address":null,"covered":false,"access":null,"website":null,"phone":null,"source":"OpenStreetMap/node/13033679546","sourceUpdatedAt":null,"verifiedAt":null}},{"type":"Feature","geometry":{"type":"Point","coordinates":[11.3936211,47.2616354]},"properties":{"id":"bikerack:3433cbb8-ca6e-4eb1-a46c-a2feea3c18dc","kind":"bikerack","longitude":11.3936211,"latitude":47.2616354,"name":"Biciklitároló","city":"Innsbruck","address":null,"covered":false,"access":null,"website":null,"phone":null,"source":"OpenStreetMap/node/4986925376","sourceUpdatedAt":null,"verifiedAt":null}},{"type":"Feature","geometry":{"type":"Point","coordinates":[11.3920169,47.2573529]},"properties":{"id":"bikerack:348b727f-ac11-4336-83e2-f2562d03dfb6","kind":"bikerack","longitude":11.3920169,"latitude":47.2573529,"name":"Biciklitároló","city":"Innsbruck","address":null,"covered":false,"access":null,"website":null,"phone":null,"source":"OpenStreetMap/node/4924132158","sourceUpdatedAt":null,"verifiedAt":null}},{"type":"Feature","geometry":{"type":"Point","coordinates":[11.3936193,47.2612903]},"properties":{"id":"bikerack:34991de5-bf4d-4eca-88bd-be46388b3802","kind":"bikerack","longitude":11.3936193,"latitude":47.2612903,"name":"Biciklitároló","city":"Innsbruck","address":null,"covered":false,"access":null,"website":null,"phone":null,"source":"OpenStreetMap/node/4986925378","sourceUpdatedAt":null,"verifiedAt":null}},{"type":"Feature","geometry":{"type":"Point","coordinates":[11.4000042,47.266229]},"properties":{"id":"bikerack:3512b2b8-31b1-42f7-b0cb-ea2336bd30a6","kind":"bikerack","longitude":11.4000042,"latitude":47.266229,"name":"Biciklitároló","city":"Innsbruck","address":null,"covered":false,"access":null,"website":null,"phone":null,"source":"OpenStreetMap/node/13234414114","sourceUpdatedAt":null,"verifiedAt":null}},{"type":"Feature","geometry":{"type":"Point","coordinates":[11.4125581,47.2558844]},"properties":{"id":"bikerack:356b35cf-22b6-4e2a-a538-854429a648d1","kind":"bikerack","longitude":11.4125581,"latitude":47.2558844,"name":"Biciklitároló","city":"Innsbruck","address":null,"covered":false,"access":null,"website":null,"phone":null,"source":"OpenStreetMap/way/1459779320","sourceUpdatedAt":null,"verifiedAt":null}},{"type":"Feature","geometry":{"type":"Point","coordinates":[11.3879594,47.2620532]},"properties":{"id":"bikerack:35c3c0b6-9823-4043-8948-47617307c4d3","kind":"bikerack","longitude":11.3879594,"latitude":47.2620532,"name":"Biciklitároló","city":"Innsbruck","address":null,"covered":false,"access":null,"website":null,"phone":null,"source":"OpenStreetMap/node/11418268206","sourceUpdatedAt":null,"verifiedAt":null}},{"type":"Feature","geometry":{"type":"Point","coordinates":[11.3968549,47.2590042]},"properties":{"id":"bikerack:3618659a-ec0a-4a13-a7cc-56e4b18fe335","kind":"bikerack","longitude":11.3968549,"latitude":47.2590042,"name":"Biciklitároló","city":"Innsbruck","address":null,"covered":false,"access":null,"website":null,"phone":null,"source":"OpenStreetMap/node/5001780904","sourceUpdatedAt":null,"verifiedAt":null}},{"type":"Feature","geometry":{"type":"Point","coordinates":[11.4053284,47.268909]},"properties":{"id":"bikerack:3721739d-972e-41f8-a12f-e6aabb7ad573","kind":"bikerack","longitude":11.4053284,"latitude":47.268909,"name":"Biciklitároló","city":"Innsbruck","address":null,"covered":false,"access":null,"website":null,"phone":null,"source":"OpenStreetMap/node/13230356487","sourceUpdatedAt":null,"verifiedAt":null}},{"type":"Feature","geometry":{"type":"Point","coordinates":[11.3868238,47.2601752]},"properties":{"id":"bikerack:375f43c7-431e-4dc4-b79c-022fea02a259","kind":"bikerack","longitude":11.3868238,"latitude":47.2601752,"name":"Biciklitároló","city":"Innsbruck","address":null,"covered":false,"access":null,"website":null,"phone":null,"source":"OpenStreetMap/node/13674201475","sourceUpdatedAt":null,"verifiedAt":null}},{"type":"Feature","geometry":{"type":"Point","coordinates":[11.4094793,47.2606771]},"properties":{"id":"bikerack:37fa12e7-a7a1-4714-9441-3a371faf5e81","kind":"bikerack","longitude":11.4094793,"latitude":47.2606771,"name":"Biciklitároló","city":"Innsbruck","address":null,"covered":false,"access":null,"website":null,"phone":null,"source":"OpenStreetMap/node/8785316175","sourceUpdatedAt":null,"verifiedAt":null}},{"type":"Feature","geometry":{"type":"Point","coordinates":[11.3940106,47.2671683]},"properties":{"id":"bikerack:3865811a-23a2-451d-b94a-b9c43ed023ff","kind":"bikerack","longitude":11.3940106,"latitude":47.2671683,"name":"Biciklitároló","city":"Innsbruck","address":null,"covered":false,"access":null,"website":null,"phone":null,"source":"OpenStreetMap/node/11415596107","sourceUpdatedAt":null,"verifiedAt":null}},{"type":"Feature","geometry":{"type":"Point","coordinates":[11.3974855,47.2697836]},"properties":{"id":"bikerack:389340bb-665b-4bcc-bbe1-1e7f66d7258c","kind":"bikerack","longitude":11.3974855,"latitude":47.2697836,"name":"Biciklitároló","city":"Innsbruck","address":null,"covered":true,"access":null,"website":null,"phone":null,"source":"OpenStreetMap/node/1988660508","sourceUpdatedAt":null,"verifiedAt":null}},{"type":"Feature","geometry":{"type":"Point","coordinates":[11.3838541,47.2604577]},"properties":{"id":"bikerack:394a6a3c-df83-4bf5-ac49-90f0010de259","kind":"bikerack","longitude":11.3838541,"latitude":47.2604577,"name":"Biciklitároló","city":"Innsbruck","address":null,"covered":false,"access":null,"website":null,"phone":null,"source":"OpenStreetMap/node/9759693946","sourceUpdatedAt":null,"verifiedAt":null}},{"type":"Feature","geometry":{"type":"Point","coordinates":[11.3844991,47.2675977]},"properties":{"id":"bikerack:3a0b6053-d0ea-4809-88e1-efc0f0ef2a20","kind":"bikerack","longitude":11.3844991,"latitude":47.2675977,"name":"Biciklitároló","city":"Innsbruck","address":null,"covered":false,"access":null,"website":null,"phone":null,"source":"OpenStreetMap/way/1317690786","sourceUpdatedAt":null,"verifiedAt":null}},{"type":"Feature","geometry":{"type":"Point","coordinates":[11.38761,47.267872]},"properties":{"id":"bikerack:3a3926cb-9a15-4505-be94-7bb7658af92c","kind":"bikerack","longitude":11.38761,"latitude":47.267872,"name":"Biciklitároló","city":"Innsbruck","address":null,"covered":false,"access":null,"website":null,"phone":null,"source":"OpenStreetMap/node/9388967548","sourceUpdatedAt":null,"verifiedAt":null}},{"type":"Feature","geometry":{"type":"Point","coordinates":[11.391696,47.2672752]},"properties":{"id":"bikerack:3a5325ab-5bdc-45e0-9d3c-511312c0dd84","kind":"bikerack","longitude":11.391696,"latitude":47.2672752,"name":"Biciklitároló","city":"Innsbruck","address":null,"covered":false,"access":null,"website":null,"phone":null,"source":"OpenStreetMap/node/4983773085","sourceUpdatedAt":null,"verifiedAt":null}},{"type":"Feature","geometry":{"type":"Point","coordinates":[11.3870631,47.2602001]},"properties":{"id":"bikerack:3b08b3e0-5389-4110-bd8f-919c7c117c52","kind":"bikerack","longitude":11.3870631,"latitude":47.2602001,"name":"Biciklitároló","city":"Innsbruck","address":null,"covered":false,"access":null,"website":null,"phone":null,"source":"OpenStreetMap/node/8016396052","sourceUpdatedAt":null,"verifiedAt":null}},{"type":"Feature","geometry":{"type":"Point","coordinates":[11.4100446,47.2642417]},"properties":{"id":"bikerack:3b7567a0-7cae-4767-a980-2d2aea45203d","kind":"bikerack","longitude":11.4100446,"latitude":47.2642417,"name":"Biciklitároló","city":"Innsbruck","address":null,"covered":false,"access":null,"website":null,"phone":null,"source":"OpenStreetMap/way/1390437273","sourceUpdatedAt":null,"verifiedAt":null}},{"type":"Feature","geometry":{"type":"Point","coordinates":[11.390834,47.2622805]},"properties":{"id":"bikerack:3c8711fe-f22a-4cb1-bc02-bed4c0af30c8","kind":"bikerack","longitude":11.390834,"latitude":47.2622805,"name":"Biciklitároló","city":"Innsbruck","address":null,"covered":false,"access":null,"website":null,"phone":null,"source":"OpenStreetMap/node/8958011755","sourceUpdatedAt":null,"verifiedAt":null}},{"type":"Feature","geometry":{"type":"Point","coordinates":[11.4019511,47.2670242]},"properties":{"id":"bikerack:3c87d95d-7c9d-457b-a7c9-fcd590a4a186","kind":"bikerack","longitude":11.4019511,"latitude":47.2670242,"name":"Biciklitároló","city":"Innsbruck","address":null,"covered":false,"access":null,"website":null,"phone":null,"source":"OpenStreetMap/node/9133404886","sourceUpdatedAt":null,"verifiedAt":null}},{"type":"Feature","geometry":{"type":"Point","coordinates":[11.3914417,47.2654379]},"properties":{"id":"bikerack:3cc9d7cc-d45d-4b6d-9649-7ef48c3cc609","kind":"bikerack","longitude":11.3914417,"latitude":47.2654379,"name":"Biciklitároló","city":"Innsbruck","address":null,"covered":false,"access":null,"website":null,"phone":null,"source":"OpenStreetMap/node/5001742985","sourceUpdatedAt":null,"verifiedAt":null}},{"type":"Feature","geometry":{"type":"Point","coordinates":[11.422596,47.275532]},"properties":{"id":"bikerack:3d016b01-25ae-4aeb-9625-31d69fd2ffa7","kind":"bikerack","longitude":11.422596,"latitude":47.275532,"name":"Biciklitároló","city":"Rum","address":null,"covered":false,"access":null,"website":null,"phone":null,"source":"OpenStreetMap/node/12841755604","sourceUpdatedAt":null,"verifiedAt":null}},{"type":"Feature","geometry":{"type":"Point","coordinates":[11.4061611,47.2668796]},"properties":{"id":"bikerack:3e63168b-03ad-47ba-b195-a4b9294ca32d","kind":"bikerack","longitude":11.4061611,"latitude":47.2668796,"name":"Biciklitároló","city":"Innsbruck","address":null,"covered":false,"access":null,"website":null,"phone":null,"source":"OpenStreetMap/node/4907999061","sourceUpdatedAt":null,"verifiedAt":null}},{"type":"Feature","geometry":{"type":"Point","coordinates":[11.405287,47.2702244]},"properties":{"id":"bikerack:3fb3c758-9aae-4bd8-8bc2-16bde6dfd64f","kind":"bikerack","longitude":11.405287,"latitude":47.2702244,"name":"Biciklitároló","city":"Innsbruck","address":null,"covered":false,"access":null,"website":null,"phone":null,"source":"OpenStreetMap/node/12886255837","sourceUpdatedAt":null,"verifiedAt":null}},{"type":"Feature","geometry":{"type":"Point","coordinates":[11.3944502,47.2651211]},"properties":{"id":"bikerack:3fe8946c-4274-470e-9f69-02b999fe3d8b","kind":"bikerack","longitude":11.3944502,"latitude":47.2651211,"name":"Biciklitároló","city":"Innsbruck","address":null,"covered":false,"access":null,"website":null,"phone":null,"source":"OpenStreetMap/node/11418304923","sourceUpdatedAt":null,"verifiedAt":null}},{"type":"Feature","geometry":{"type":"Point","coordinates":[11.4031511,47.2699485]},"properties":{"id":"bikerack:40755e2e-cb97-4370-81b4-4b70c629be8f","kind":"bikerack","longitude":11.4031511,"latitude":47.2699485,"name":"Biciklitároló","city":"Innsbruck","address":null,"covered":false,"access":null,"website":null,"phone":null,"source":"OpenStreetMap/node/9133404884","sourceUpdatedAt":null,"verifiedAt":null}},{"type":"Feature","geometry":{"type":"Point","coordinates":[11.4090605,47.2660282]},"properties":{"id":"bikerack:40806df8-1530-41c7-abf7-076141b28973","kind":"bikerack","longitude":11.4090605,"latitude":47.2660282,"name":"Biciklitároló","city":"Innsbruck","address":null,"covered":false,"access":null,"website":null,"phone":null,"source":"OpenStreetMap/node/12692681850","sourceUpdatedAt":null,"verifiedAt":null}},{"type":"Feature","geometry":{"type":"Point","coordinates":[11.38617,47.2624926]},"properties":{"id":"bikerack:40e29ac3-122d-42d4-9429-00c751bd70f4","kind":"bikerack","longitude":11.38617,"latitude":47.2624926,"name":"Biciklitároló","city":"Innsbruck","address":null,"covered":false,"access":null,"website":null,"phone":null,"source":"OpenStreetMap/node/8736455992","sourceUpdatedAt":null,"verifiedAt":null}},{"type":"Feature","geometry":{"type":"Point","coordinates":[11.4166107,47.2733057]},"properties":{"id":"bikerack:413fd933-d68b-47f7-a785-8184ed1a60d5","kind":"bikerack","longitude":11.4166107,"latitude":47.2733057,"name":"Biciklitároló","city":"Innsbruck","address":null,"covered":false,"access":null,"website":null,"phone":null,"source":"OpenStreetMap/node/13119172807","sourceUpdatedAt":null,"verifiedAt":null}},{"type":"Feature","geometry":{"type":"Point","coordinates":[11.4092568,47.2656902]},"properties":{"id":"bikerack:417ee564-27ae-49cb-9d81-ce19e5c77143","kind":"bikerack","longitude":11.4092568,"latitude":47.2656902,"name":"Biciklitároló","city":"Innsbruck","address":null,"covered":false,"access":null,"website":null,"phone":null,"source":"OpenStreetMap/way/1390447003","sourceUpdatedAt":null,"verifiedAt":null}},{"type":"Feature","geometry":{"type":"Point","coordinates":[11.3958638,47.2577833]},"properties":{"id":"bikerack:4229ba8d-a234-4ea8-bd2c-48ae8061de97","kind":"bikerack","longitude":11.3958638,"latitude":47.2577833,"name":"Biciklitároló","city":"Innsbruck","address":null,"covered":false,"access":null,"website":null,"phone":null,"source":"OpenStreetMap/node/10811135767","sourceUpdatedAt":null,"verifiedAt":null}},{"type":"Feature","geometry":{"type":"Point","coordinates":[11.4088326,47.2726335]},"properties":{"id":"bikerack:42803121-a1f7-4fee-bcbe-c6b03e885659","kind":"bikerack","longitude":11.4088326,"latitude":47.2726335,"name":"Biciklitároló","city":"Innsbruck","address":null,"covered":false,"access":null,"website":null,"phone":null,"source":"OpenStreetMap/node/2957044204","sourceUpdatedAt":null,"verifiedAt":null}},{"type":"Feature","geometry":{"type":"Point","coordinates":[11.4059785,47.272372]},"properties":{"id":"bikerack:430e75e0-32bc-4507-88a3-354300e5e619","kind":"bikerack","longitude":11.4059785,"latitude":47.272372,"name":"Biciklitároló","city":"Innsbruck","address":null,"covered":false,"access":null,"website":null,"phone":null,"source":"OpenStreetMap/node/11777961690","sourceUpdatedAt":null,"verifiedAt":null}},{"type":"Feature","geometry":{"type":"Point","coordinates":[11.3912466,47.2671226]},"properties":{"id":"bikerack:4436d363-cdcc-48a5-aea6-339fdc132155","kind":"bikerack","longitude":11.3912466,"latitude":47.2671226,"name":"Biciklitároló","city":"Innsbruck","address":null,"covered":false,"access":null,"website":null,"phone":null,"source":"OpenStreetMap/node/6967571299","sourceUpdatedAt":null,"verifiedAt":null}},{"type":"Feature","geometry":{"type":"Point","coordinates":[11.3972701,47.2752284]},"properties":{"id":"bikerack:449fb455-0418-465c-b4bc-df7f084e2b5e","kind":"bikerack","longitude":11.3972701,"latitude":47.2752284,"name":"Biciklitároló","city":"Innsbruck","address":null,"covered":false,"access":null,"website":null,"phone":null,"source":"OpenStreetMap/node/11111654488","sourceUpdatedAt":null,"verifiedAt":null}},{"type":"Feature","geometry":{"type":"Point","coordinates":[11.3917931,47.2648175]},"properties":{"id":"bikerack:44a19b34-efd7-4788-af63-09f8b1a08330","kind":"bikerack","longitude":11.3917931,"latitude":47.2648175,"name":"Biciklitároló","city":"Innsbruck","address":null,"covered":false,"access":null,"website":null,"phone":null,"source":"OpenStreetMap/node/5001742984","sourceUpdatedAt":null,"verifiedAt":null}},{"type":"Feature","geometry":{"type":"Point","coordinates":[11.3917159,47.256404]},"properties":{"id":"bikerack:4510a15d-42be-4d50-8d6f-222db011cbe0","kind":"bikerack","longitude":11.3917159,"latitude":47.256404,"name":"Biciklitároló","city":"Innsbruck","address":null,"covered":false,"access":null,"website":null,"phone":null,"source":"OpenStreetMap/node/4947221107","sourceUpdatedAt":null,"verifiedAt":null}},{"type":"Feature","geometry":{"type":"Point","coordinates":[11.3961271,47.2670722]},"properties":{"id":"bikerack:45a28952-4edf-42f0-b8bc-2de2c46750cf","kind":"bikerack","longitude":11.3961271,"latitude":47.2670722,"name":"Biciklitároló","city":"Innsbruck","address":null,"covered":false,"access":null,"website":null,"phone":null,"source":"OpenStreetMap/node/4986925373","sourceUpdatedAt":null,"verifiedAt":null}},{"type":"Feature","geometry":{"type":"Point","coordinates":[11.3865229,47.263537]},"properties":{"id":"bikerack:4640125c-67c5-49b8-a13e-9d7e6b6d0261","kind":"bikerack","longitude":11.3865229,"latitude":47.263537,"name":"Biciklitároló","city":"Innsbruck","address":null,"covered":true,"access":null,"website":null,"phone":null,"source":"OpenStreetMap/way/943562328","sourceUpdatedAt":null,"verifiedAt":null}},{"type":"Feature","geometry":{"type":"Point","coordinates":[11.3869235,47.2631035]},"properties":{"id":"bikerack:46858265-1b4b-40b9-8103-f2ece2f8428e","kind":"bikerack","longitude":11.3869235,"latitude":47.2631035,"name":"Biciklitároló","city":"Innsbruck","address":null,"covered":false,"access":null,"website":null,"phone":null,"source":"OpenStreetMap/node/13232413214","sourceUpdatedAt":null,"verifiedAt":null}},{"type":"Feature","geometry":{"type":"Point","coordinates":[11.3936945,47.266653]},"properties":{"id":"bikerack:469beb87-127b-4a6f-a9b7-be3c3bc50072","kind":"bikerack","longitude":11.3936945,"latitude":47.266653,"name":"Biciklitároló","city":"Innsbruck","address":null,"covered":false,"access":null,"website":null,"phone":null,"source":"OpenStreetMap/node/8958056917","sourceUpdatedAt":null,"verifiedAt":null}},{"type":"Feature","geometry":{"type":"Point","coordinates":[11.3930757,47.2755945]},"properties":{"id":"bikerack:474d2d6b-37f0-4cef-b589-bfd80459f050","kind":"bikerack","longitude":11.3930757,"latitude":47.2755945,"name":"Biciklitároló","city":"Innsbruck","address":null,"covered":false,"access":null,"website":null,"phone":null,"source":"OpenStreetMap/node/13150014422","sourceUpdatedAt":null,"verifiedAt":null}},{"type":"Feature","geometry":{"type":"Point","coordinates":[11.3973955,47.2598013]},"properties":{"id":"bikerack:47690160-2674-4c29-850c-e437e1540c38","kind":"bikerack","longitude":11.3973955,"latitude":47.2598013,"name":"Biciklitároló","city":"Innsbruck","address":null,"covered":false,"access":null,"website":null,"phone":null,"source":"OpenStreetMap/node/11418268207","sourceUpdatedAt":null,"verifiedAt":null}},{"type":"Feature","geometry":{"type":"Point","coordinates":[11.3989132,47.2590728]},"properties":{"id":"bikerack:476ea8bd-f4ef-4b28-ae49-1fc8789c5ae2","kind":"bikerack","longitude":11.3989132,"latitude":47.2590728,"name":"Biciklitároló","city":"Innsbruck","address":null,"covered":false,"access":null,"website":null,"phone":null,"source":"OpenStreetMap/node/6461127946","sourceUpdatedAt":null,"verifiedAt":null}},{"type":"Feature","geometry":{"type":"Point","coordinates":[11.3975613,47.2730939]},"properties":{"id":"bikerack:489115b0-4c55-4456-95f4-d1736ed1eee2","kind":"bikerack","longitude":11.3975613,"latitude":47.2730939,"name":"Biciklitároló","city":"Innsbruck","address":null,"covered":true,"access":null,"website":null,"phone":null,"source":"OpenStreetMap/node/2957329723","sourceUpdatedAt":null,"verifiedAt":null}},{"type":"Feature","geometry":{"type":"Point","coordinates":[11.3961439,47.2569995]},"properties":{"id":"bikerack:489f8be6-506d-4789-8277-caff0e7820f8","kind":"bikerack","longitude":11.3961439,"latitude":47.2569995,"name":"Biciklitároló","city":"Innsbruck","address":null,"covered":false,"access":null,"website":null,"phone":null,"source":"OpenStreetMap/node/2016513134","sourceUpdatedAt":null,"verifiedAt":null}},{"type":"Feature","geometry":{"type":"Point","coordinates":[11.3959453,47.266562]},"properties":{"id":"bikerack:48b292b8-c9ef-44ea-b897-b28ba755fd2b","kind":"bikerack","longitude":11.3959453,"latitude":47.266562,"name":"Biciklitároló","city":"Innsbruck","address":null,"covered":false,"access":null,"website":null,"phone":null,"source":"OpenStreetMap/node/9388148292","sourceUpdatedAt":null,"verifiedAt":null}},{"type":"Feature","geometry":{"type":"Point","coordinates":[11.4054295,47.2719315]},"properties":{"id":"bikerack:4957c617-4037-49d2-922d-97bb12ca3be5","kind":"bikerack","longitude":11.4054295,"latitude":47.2719315,"name":"Biciklitároló","city":"Innsbruck","address":null,"covered":false,"access":null,"website":null,"phone":null,"source":"OpenStreetMap/node/11777965672","sourceUpdatedAt":null,"verifiedAt":null}},{"type":"Feature","geometry":{"type":"Point","coordinates":[11.408654,47.2648043]},"properties":{"id":"bikerack:4b275b15-e650-4e8a-9764-d938ea3959a5","kind":"bikerack","longitude":11.408654,"latitude":47.2648043,"name":"Biciklitároló","city":"Innsbruck","address":null,"covered":false,"access":null,"website":null,"phone":null,"source":"OpenStreetMap/way/1365357151","sourceUpdatedAt":null,"verifiedAt":null}},{"type":"Feature","geometry":{"type":"Point","coordinates":[11.3900117,47.2661885]},"properties":{"id":"bikerack:4b819958-a855-414b-b283-3aae9b32456e","kind":"bikerack","longitude":11.3900117,"latitude":47.2661885,"name":"Biciklitároló","city":"Innsbruck","address":null,"covered":true,"access":null,"website":null,"phone":null,"source":"OpenStreetMap/node/6461127957","sourceUpdatedAt":null,"verifiedAt":null}},{"type":"Feature","geometry":{"type":"Point","coordinates":[11.3906863,47.269222]},"properties":{"id":"bikerack:4b9890bb-e445-43fb-9f01-09d08ace1245","kind":"bikerack","longitude":11.3906863,"latitude":47.269222,"name":"Biciklitároló","city":"Innsbruck","address":null,"covered":false,"access":null,"website":null,"phone":null,"source":"OpenStreetMap/node/1317370054","sourceUpdatedAt":null,"verifiedAt":null}},{"type":"Feature","geometry":{"type":"Point","coordinates":[11.4082639,47.2647838]},"properties":{"id":"bikerack:4c438d25-b1f1-439c-86de-66b886823417","kind":"bikerack","longitude":11.4082639,"latitude":47.2647838,"name":"Biciklitároló","city":"Innsbruck","address":null,"covered":false,"access":null,"website":null,"phone":null,"source":"OpenStreetMap/way/1365357155","sourceUpdatedAt":null,"verifiedAt":null}},{"type":"Feature","geometry":{"type":"Point","coordinates":[11.4066617,47.2725454]},"properties":{"id":"bikerack:4cb0741c-102c-4a54-8301-e37c7b6a0e5e","kind":"bikerack","longitude":11.4066617,"latitude":47.2725454,"name":"Biciklitároló","city":"Innsbruck","address":null,"covered":true,"access":null,"website":null,"phone":null,"source":"OpenStreetMap/node/9332331170","sourceUpdatedAt":null,"verifiedAt":null}},{"type":"Feature","geometry":{"type":"Point","coordinates":[11.3904803,47.261136]},"properties":{"id":"bikerack:4de83193-6c44-4dca-a0a1-cabd93b72cf6","kind":"bikerack","longitude":11.3904803,"latitude":47.261136,"name":"Biciklitároló","city":"Innsbruck","address":null,"covered":false,"access":null,"website":null,"phone":null,"source":"OpenStreetMap/node/13033659435","sourceUpdatedAt":null,"verifiedAt":null}},{"type":"Feature","geometry":{"type":"Point","coordinates":[11.3870577,47.2714118]},"properties":{"id":"bikerack:4e914506-30df-4b7e-bfca-6882b8b4a34b","kind":"bikerack","longitude":11.3870577,"latitude":47.2714118,"name":"Biciklitároló","city":"Innsbruck","address":null,"covered":false,"access":null,"website":null,"phone":null,"source":"OpenStreetMap/node/13617511155","sourceUpdatedAt":null,"verifiedAt":null}},{"type":"Feature","geometry":{"type":"Point","coordinates":[11.4103646,47.26407]},"properties":{"id":"bikerack:4edfd1a3-11ab-4e3d-8759-7c589855c0f2","kind":"bikerack","longitude":11.4103646,"latitude":47.26407,"name":"Biciklitároló","city":"Innsbruck","address":null,"covered":false,"access":null,"website":null,"phone":null,"source":"OpenStreetMap/way/1428503708","sourceUpdatedAt":null,"verifiedAt":null}},{"type":"Feature","geometry":{"type":"Point","coordinates":[11.4133288,47.2766087]},"properties":{"id":"bikerack:4efb9be3-3704-4d57-a4f7-c1cc2fb3d146","kind":"bikerack","longitude":11.4133288,"latitude":47.2766087,"name":"Biciklitároló","city":"Innsbruck","address":null,"covered":false,"access":null,"website":null,"phone":null,"source":"OpenStreetMap/way/1090893042","sourceUpdatedAt":null,"verifiedAt":null}},{"type":"Feature","geometry":{"type":"Point","coordinates":[11.3919835,47.2645562]},"properties":{"id":"bikerack:4effad01-921f-44d8-b23e-ed211dee3cc0","kind":"bikerack","longitude":11.3919835,"latitude":47.2645562,"name":"Biciklitároló","city":"Innsbruck","address":null,"covered":false,"access":null,"website":null,"phone":null,"source":"OpenStreetMap/node/8820250089","sourceUpdatedAt":null,"verifiedAt":null}},{"type":"Feature","geometry":{"type":"Point","coordinates":[11.3999867,47.261769]},"properties":{"id":"bikerack:4f0e9f1f-038a-46fe-9fb0-fa7476021def","kind":"bikerack","longitude":11.3999867,"latitude":47.261769,"name":"Biciklitároló","city":"Innsbruck","address":null,"covered":true,"access":null,"website":null,"phone":null,"source":"OpenStreetMap/way/188182547","sourceUpdatedAt":null,"verifiedAt":null}},{"type":"Feature","geometry":{"type":"Point","coordinates":[11.3920521,47.2670304]},"properties":{"id":"bikerack:4f3067c0-1fe1-4b38-ae72-4b988177fc0a","kind":"bikerack","longitude":11.3920521,"latitude":47.2670304,"name":"Biciklitároló","city":"Innsbruck","address":null,"covered":false,"access":null,"website":null,"phone":null,"source":"OpenStreetMap/node/4983773084","sourceUpdatedAt":null,"verifiedAt":null}},{"type":"Feature","geometry":{"type":"Point","coordinates":[11.4094036,47.2603874]},"properties":{"id":"bikerack:5015ef18-7252-43ea-aa1d-0e0c2c5b16de","kind":"bikerack","longitude":11.4094036,"latitude":47.2603874,"name":"Biciklitároló","city":"Innsbruck","address":null,"covered":false,"access":null,"website":null,"phone":null,"source":"OpenStreetMap/way/688841322","sourceUpdatedAt":null,"verifiedAt":null}},{"type":"Feature","geometry":{"type":"Point","coordinates":[11.3957079,47.2699677]},"properties":{"id":"bikerack:51b8ecd3-a384-434b-bef8-6534075ee5a4","kind":"bikerack","longitude":11.3957079,"latitude":47.2699677,"name":"Biciklitároló","city":"Innsbruck","address":null,"covered":false,"access":null,"website":null,"phone":null,"source":"OpenStreetMap/node/12719729367","sourceUpdatedAt":null,"verifiedAt":null}},{"type":"Feature","geometry":{"type":"Point","coordinates":[11.4093033,47.254993]},"properties":{"id":"bikerack:51bacb8d-87eb-4cfc-81ec-f34b48910c31","kind":"bikerack","longitude":11.4093033,"latitude":47.254993,"name":"Biciklitároló","city":"Innsbruck","address":null,"covered":false,"access":null,"website":null,"phone":null,"source":"OpenStreetMap/node/13074876327","sourceUpdatedAt":null,"verifiedAt":null}},{"type":"Feature","geometry":{"type":"Point","coordinates":[11.3899933,47.2595868]},"properties":{"id":"bikerack:5287eb32-71f1-4883-b9a7-bcc5d3bec2c9","kind":"bikerack","longitude":11.3899933,"latitude":47.2595868,"name":"Biciklitároló","city":"Innsbruck","address":null,"covered":false,"access":null,"website":null,"phone":null,"source":"OpenStreetMap/node/13033685725","sourceUpdatedAt":null,"verifiedAt":null}},{"type":"Feature","geometry":{"type":"Point","coordinates":[11.3856713,47.2671979]},"properties":{"id":"bikerack:529f5709-43ec-4880-a439-6a944e9e3f8a","kind":"bikerack","longitude":11.3856713,"latitude":47.2671979,"name":"Biciklitároló","city":"Innsbruck","address":null,"covered":false,"access":null,"website":null,"phone":null,"source":"OpenStreetMap/node/13529273331","sourceUpdatedAt":null,"verifiedAt":null}},{"type":"Feature","geometry":{"type":"Point","coordinates":[11.389328,47.2658766]},"properties":{"id":"bikerack:52ae8326-2067-4578-957a-a82436e59018","kind":"bikerack","longitude":11.389328,"latitude":47.2658766,"name":"Biciklitároló","city":"Innsbruck","address":null,"covered":false,"access":null,"website":null,"phone":null,"source":"OpenStreetMap/node/8958018732","sourceUpdatedAt":null,"verifiedAt":null}},{"type":"Feature","geometry":{"type":"Point","coordinates":[11.3981284,47.2626211]},"properties":{"id":"bikerack:53445339-5d5d-49f0-9d63-81476e904f72","kind":"bikerack","longitude":11.3981284,"latitude":47.2626211,"name":"Biciklitároló","city":"Innsbruck","address":null,"covered":false,"access":null,"website":null,"phone":null,"source":"OpenStreetMap/node/13662041886","sourceUpdatedAt":null,"verifiedAt":null}},{"type":"Feature","geometry":{"type":"Point","coordinates":[11.3878033,47.2618473]},"properties":{"id":"bikerack:5393c0c1-e733-479f-ab7c-7d3a7dd1c760","kind":"bikerack","longitude":11.3878033,"latitude":47.2618473,"name":"Biciklitároló","city":"Innsbruck","address":null,"covered":false,"access":null,"website":null,"phone":null,"source":"OpenStreetMap/node/4986925365","sourceUpdatedAt":null,"verifiedAt":null}},{"type":"Feature","geometry":{"type":"Point","coordinates":[11.4163241,47.2657033]},"properties":{"id":"bikerack:5417c6b0-108c-4453-9f34-3b6ac12aedce","kind":"bikerack","longitude":11.4163241,"latitude":47.2657033,"name":"Biciklitároló","city":"Innsbruck","address":null,"covered":false,"access":null,"website":null,"phone":null,"source":"OpenStreetMap/way/1421718900","sourceUpdatedAt":null,"verifiedAt":null}},{"type":"Feature","geometry":{"type":"Point","coordinates":[11.390043,47.2603072]},"properties":{"id":"bikerack:543bd576-051f-45fa-964e-463db3a1a00c","kind":"bikerack","longitude":11.390043,"latitude":47.2603072,"name":"Biciklitároló","city":"Innsbruck","address":null,"covered":false,"access":null,"website":null,"phone":null,"source":"OpenStreetMap/node/9759693948","sourceUpdatedAt":null,"verifiedAt":null}},{"type":"Feature","geometry":{"type":"Point","coordinates":[11.3840866,47.2662651]},"properties":{"id":"bikerack:54c17c17-ba51-4bba-b972-ad5de28aed1f","kind":"bikerack","longitude":11.3840866,"latitude":47.2662651,"name":"Biciklitároló","city":"Innsbruck","address":null,"covered":false,"access":null,"website":null,"phone":null,"source":"OpenStreetMap/node/6461127954","sourceUpdatedAt":null,"verifiedAt":null}},{"type":"Feature","geometry":{"type":"Point","coordinates":[11.3959735,47.2657286]},"properties":{"id":"bikerack:54cb12eb-ec87-45bb-a233-0871af19d332","kind":"bikerack","longitude":11.3959735,"latitude":47.2657286,"name":"Biciklitároló","city":"Innsbruck","address":null,"covered":false,"access":null,"website":null,"phone":null,"source":"OpenStreetMap/node/4986925377","sourceUpdatedAt":null,"verifiedAt":null}},{"type":"Feature","geometry":{"type":"Point","coordinates":[11.3950114,47.267606]},"properties":{"id":"bikerack:54d08765-b843-49bc-baa2-08f8da27b93e","kind":"bikerack","longitude":11.3950114,"latitude":47.267606,"name":"Biciklitároló","city":"Innsbruck","address":null,"covered":false,"access":null,"website":null,"phone":null,"source":"OpenStreetMap/node/11415596108","sourceUpdatedAt":null,"verifiedAt":null}},{"type":"Feature","geometry":{"type":"Point","coordinates":[11.3864347,47.2614151]},"properties":{"id":"bikerack:55155a1b-bae7-4526-b3dc-530962bc200f","kind":"bikerack","longitude":11.3864347,"latitude":47.2614151,"name":"Biciklitároló","city":"Innsbruck","address":null,"covered":false,"access":null,"website":null,"phone":null,"source":"OpenStreetMap/node/8957995403","sourceUpdatedAt":null,"verifiedAt":null}},{"type":"Feature","geometry":{"type":"Point","coordinates":[11.4050904,47.2699324]},"properties":{"id":"bikerack:558eb6d5-d17f-45e1-8524-ce0fb5a69e3a","kind":"bikerack","longitude":11.4050904,"latitude":47.2699324,"name":"Biciklitároló","city":"Innsbruck","address":null,"covered":false,"access":null,"website":null,"phone":null,"source":"OpenStreetMap/node/13230387892","sourceUpdatedAt":null,"verifiedAt":null}},{"type":"Feature","geometry":{"type":"Point","coordinates":[11.3942707,47.2583577]},"properties":{"id":"bikerack:55bb67ad-a980-4789-b153-fa6d866fd567","kind":"bikerack","longitude":11.3942707,"latitude":47.2583577,"name":"Biciklitároló","city":"Innsbruck","address":null,"covered":false,"access":null,"website":null,"phone":null,"source":"OpenStreetMap/node/10811135765","sourceUpdatedAt":null,"verifiedAt":null}},{"type":"Feature","geometry":{"type":"Point","coordinates":[11.4221767,47.2631875]},"properties":{"id":"bikerack:56e7d6b1-8e50-4d94-b47a-2d9b8b604a71","kind":"bikerack","longitude":11.4221767,"latitude":47.2631875,"name":"Biciklitároló","city":"Innsbruck","address":null,"covered":false,"access":null,"website":null,"phone":null,"source":"OpenStreetMap/way/1462810115","sourceUpdatedAt":null,"verifiedAt":null}},{"type":"Feature","geometry":{"type":"Point","coordinates":[11.3955837,47.2699765]},"properties":{"id":"bikerack:577bd191-f2e6-4877-9505-2f888faed1d7","kind":"bikerack","longitude":11.3955837,"latitude":47.2699765,"name":"Biciklitároló","city":"Innsbruck","address":null,"covered":false,"access":null,"website":null,"phone":null,"source":"OpenStreetMap/node/2016513492","sourceUpdatedAt":null,"verifiedAt":null}},{"type":"Feature","geometry":{"type":"Point","coordinates":[11.3959019,47.2663134]},"properties":{"id":"bikerack:57ece2f8-6f63-491e-90b0-fb000b102262","kind":"bikerack","longitude":11.3959019,"latitude":47.2663134,"name":"Biciklitároló","city":"Innsbruck","address":null,"covered":false,"access":null,"website":null,"phone":null,"source":"OpenStreetMap/node/4986925370","sourceUpdatedAt":null,"verifiedAt":null}},{"type":"Feature","geometry":{"type":"Point","coordinates":[11.3997426,47.2530084]},"properties":{"id":"bikerack:58a16232-0dbe-4995-ae05-a6d337032b9f","kind":"bikerack","longitude":11.3997426,"latitude":47.2530084,"name":"Biciklitároló","city":"Innsbruck","address":null,"covered":true,"access":null,"website":null,"phone":null,"source":"OpenStreetMap/node/1984517914","sourceUpdatedAt":null,"verifiedAt":null}},{"type":"Feature","geometry":{"type":"Point","coordinates":[11.4103877,47.2640273]},"properties":{"id":"bikerack:596a299b-16f7-4138-921c-1ac7570136b8","kind":"bikerack","longitude":11.4103877,"latitude":47.2640273,"name":"Biciklitároló","city":"Innsbruck","address":null,"covered":false,"access":null,"website":null,"phone":null,"source":"OpenStreetMap/way/1428503709","sourceUpdatedAt":null,"verifiedAt":null}},{"type":"Feature","geometry":{"type":"Point","coordinates":[11.4150245,47.2675452]},"properties":{"id":"bikerack:59bafc82-3a42-44df-a1d3-35dfe1879206","kind":"bikerack","longitude":11.4150245,"latitude":47.2675452,"name":"Biciklitároló","city":"Innsbruck","address":null,"covered":false,"access":null,"website":null,"phone":null,"source":"OpenStreetMap/way/1422825270","sourceUpdatedAt":null,"verifiedAt":null}},{"type":"Feature","geometry":{"type":"Point","coordinates":[11.391409,47.2655219]},"properties":{"id":"bikerack:59f6ff74-3154-418d-bbaf-5c5aea2195c3","kind":"bikerack","longitude":11.391409,"latitude":47.2655219,"name":"Biciklitároló","city":"Innsbruck","address":null,"covered":false,"access":null,"website":null,"phone":null,"source":"OpenStreetMap/node/5001742986","sourceUpdatedAt":null,"verifiedAt":null}},{"type":"Feature","geometry":{"type":"Point","coordinates":[11.3870019,47.2627664]},"properties":{"id":"bikerack:5c14fc5e-d611-4319-880d-8ad0a3b06670","kind":"bikerack","longitude":11.3870019,"latitude":47.2627664,"name":"Biciklitároló","city":"Innsbruck","address":null,"covered":false,"access":null,"website":null,"phone":null,"source":"OpenStreetMap/node/8736322474","sourceUpdatedAt":null,"verifiedAt":null}},{"type":"Feature","geometry":{"type":"Point","coordinates":[11.3916198,47.2584429]},"properties":{"id":"bikerack:5c800061-10d0-4c55-a175-4ee18e32b977","kind":"bikerack","longitude":11.3916198,"latitude":47.2584429,"name":"Biciklitároló","city":"Innsbruck","address":null,"covered":false,"access":null,"website":null,"phone":null,"source":"OpenStreetMap/node/4972560354","sourceUpdatedAt":null,"verifiedAt":null}},{"type":"Feature","geometry":{"type":"Point","coordinates":[11.3929068,47.25843]},"properties":{"id":"bikerack:5c838245-09d0-44e5-99ff-270dcad84794","kind":"bikerack","longitude":11.3929068,"latitude":47.25843,"name":"Biciklitároló","city":"Innsbruck","address":null,"covered":false,"access":null,"website":null,"phone":null,"source":"OpenStreetMap/node/8980086684","sourceUpdatedAt":null,"verifiedAt":null}},{"type":"Feature","geometry":{"type":"Point","coordinates":[11.3910889,47.2629242]},"properties":{"id":"bikerack:5d0475c5-7f70-473b-aa50-1bfa6cb78602","kind":"bikerack","longitude":11.3910889,"latitude":47.2629242,"name":"Biciklitároló","city":"Innsbruck","address":null,"covered":false,"access":null,"website":null,"phone":null,"source":"OpenStreetMap/node/13623701234","sourceUpdatedAt":null,"verifiedAt":null}},{"type":"Feature","geometry":{"type":"Point","coordinates":[11.3857845,47.2617875]},"properties":{"id":"bikerack:5e963bdc-a762-498b-ac67-2d46a8660b9b","kind":"bikerack","longitude":11.3857845,"latitude":47.2617875,"name":"Biciklitároló","city":"Innsbruck","address":null,"covered":false,"access":null,"website":null,"phone":null,"source":"OpenStreetMap/node/8736465917","sourceUpdatedAt":null,"verifiedAt":null}},{"type":"Feature","geometry":{"type":"Point","coordinates":[11.4018076,47.2669788]},"properties":{"id":"bikerack:5eacdb9c-7a04-4e45-805b-c57faa77cc05","kind":"bikerack","longitude":11.4018076,"latitude":47.2669788,"name":"Biciklitároló","city":"Innsbruck","address":null,"covered":false,"access":null,"website":null,"phone":null,"source":"OpenStreetMap/node/6139622579","sourceUpdatedAt":null,"verifiedAt":null}},{"type":"Feature","geometry":{"type":"Point","coordinates":[11.4091674,47.2660547]},"properties":{"id":"bikerack:5eb6f4c5-502b-4314-b614-3170642081e2","kind":"bikerack","longitude":11.4091674,"latitude":47.2660547,"name":"Biciklitároló","city":"Innsbruck","address":null,"covered":false,"access":null,"website":null,"phone":null,"source":"OpenStreetMap/node/12692681849","sourceUpdatedAt":null,"verifiedAt":null}},{"type":"Feature","geometry":{"type":"Point","coordinates":[11.4124225,47.2563106]},"properties":{"id":"bikerack:5ed1ca5c-386e-4c0f-9515-1fa57579b699","kind":"bikerack","longitude":11.4124225,"latitude":47.2563106,"name":"Biciklitároló","city":"Innsbruck","address":null,"covered":false,"access":null,"website":null,"phone":null,"source":"OpenStreetMap/way/1459779324","sourceUpdatedAt":null,"verifiedAt":null}},{"type":"Feature","geometry":{"type":"Point","coordinates":[11.3891303,47.2603679]},"properties":{"id":"bikerack:5ef9bffc-37b9-40fe-8049-bfdccd0cbea6","kind":"bikerack","longitude":11.3891303,"latitude":47.2603679,"name":"Biciklitároló","city":"Innsbruck","address":null,"covered":false,"access":null,"website":null,"phone":null,"source":"OpenStreetMap/node/13674204397","sourceUpdatedAt":null,"verifiedAt":null}},{"type":"Feature","geometry":{"type":"Point","coordinates":[11.3966221,47.2618881]},"properties":{"id":"bikerack:5f6287a5-5c36-41d7-b418-3de32cc8482d","kind":"bikerack","longitude":11.3966221,"latitude":47.2618881,"name":"Biciklitároló","city":"Innsbruck","address":null,"covered":false,"access":null,"website":null,"phone":null,"source":"OpenStreetMap/node/6321060688","sourceUpdatedAt":null,"verifiedAt":null}},{"type":"Feature","geometry":{"type":"Point","coordinates":[11.4198798,47.2771275]},"properties":{"id":"bikerack:5fcbe78a-6650-4df2-ac5b-c33f93be4ce1","kind":"bikerack","longitude":11.4198798,"latitude":47.2771275,"name":"Biciklitároló","city":"Innsbruck","address":null,"covered":false,"access":null,"website":null,"phone":null,"source":"OpenStreetMap/node/759497506","sourceUpdatedAt":null,"verifiedAt":null}},{"type":"Feature","geometry":{"type":"Point","coordinates":[11.4062347,47.2774865]},"properties":{"id":"bikerack:60bf2bc3-a363-4459-b464-2aacbd4bed64","kind":"bikerack","longitude":11.4062347,"latitude":47.2774865,"name":"Biciklitároló","city":"Innsbruck","address":null,"covered":false,"access":null,"website":null,"phone":null,"source":"OpenStreetMap/node/8778452814","sourceUpdatedAt":null,"verifiedAt":null}},{"type":"Feature","geometry":{"type":"Point","coordinates":[11.3931138,47.262485]},"properties":{"id":"bikerack:6170f4ae-3566-47a2-808e-c079af327a2c","kind":"bikerack","longitude":11.3931138,"latitude":47.262485,"name":"Biciklitároló","city":"Innsbruck","address":null,"covered":false,"access":null,"website":null,"phone":null,"source":"OpenStreetMap/node/11418268210","sourceUpdatedAt":null,"verifiedAt":null}},{"type":"Feature","geometry":{"type":"Point","coordinates":[11.3994841,47.2666341]},"properties":{"id":"bikerack:61a8b0e8-3b1b-46f6-a1da-97b290c51376","kind":"bikerack","longitude":11.3994841,"latitude":47.2666341,"name":"Biciklitároló","city":"Innsbruck","address":null,"covered":false,"access":null,"website":null,"phone":null,"source":"OpenStreetMap/node/8958042623","sourceUpdatedAt":null,"verifiedAt":null}},{"type":"Feature","geometry":{"type":"Point","coordinates":[11.3970125,47.2574383]},"properties":{"id":"bikerack:6205b3ce-c325-43ae-be6f-92575f5b5334","kind":"bikerack","longitude":11.3970125,"latitude":47.2574383,"name":"Biciklitároló","city":"Innsbruck","address":null,"covered":false,"access":null,"website":null,"phone":null,"source":"OpenStreetMap/node/5001780906","sourceUpdatedAt":null,"verifiedAt":null}},{"type":"Feature","geometry":{"type":"Point","coordinates":[11.4040355,47.2725256]},"properties":{"id":"bikerack:627694f6-4539-4542-a8bd-f24f9bd4a09d","kind":"bikerack","longitude":11.4040355,"latitude":47.2725256,"name":"Biciklitároló","city":"Innsbruck","address":null,"covered":false,"access":null,"website":null,"phone":null,"source":"OpenStreetMap/node/13230364547","sourceUpdatedAt":null,"verifiedAt":null}},{"type":"Feature","geometry":{"type":"Point","coordinates":[11.4188798,47.2751065]},"properties":{"id":"bikerack:629b34ac-f42f-4554-8a01-854e39d7abe1","kind":"bikerack","longitude":11.4188798,"latitude":47.2751065,"name":"Biciklitároló","city":"Innsbruck","address":null,"covered":false,"access":null,"website":null,"phone":null,"source":"OpenStreetMap/node/13009115010","sourceUpdatedAt":null,"verifiedAt":null}},{"type":"Feature","geometry":{"type":"Point","coordinates":[11.3985473,47.2590163]},"properties":{"id":"bikerack:635fca36-b2e8-4cc4-a05e-571605c571c2","kind":"bikerack","longitude":11.3985473,"latitude":47.2590163,"name":"Biciklitároló","city":"Innsbruck","address":null,"covered":false,"access":null,"website":null,"phone":null,"source":"OpenStreetMap/node/9274984980","sourceUpdatedAt":null,"verifiedAt":null}},{"type":"Feature","geometry":{"type":"Point","coordinates":[11.3934516,47.2573027]},"properties":{"id":"bikerack:63e7692f-e9ae-44a5-aefd-0105f1567087","kind":"bikerack","longitude":11.3934516,"latitude":47.2573027,"name":"Biciklitároló","city":"Innsbruck","address":null,"covered":false,"access":null,"website":null,"phone":null,"source":"OpenStreetMap/node/12925645716","sourceUpdatedAt":null,"verifiedAt":null}},{"type":"Feature","geometry":{"type":"Point","coordinates":[11.3848794,47.2631404]},"properties":{"id":"bikerack:64424c8e-b965-4be6-a402-f0006e8701b3","kind":"bikerack","longitude":11.3848794,"latitude":47.2631404,"name":"Biciklitároló","city":"Innsbruck","address":null,"covered":false,"access":null,"website":null,"phone":null,"source":"OpenStreetMap/node/2016513325","sourceUpdatedAt":null,"verifiedAt":null}},{"type":"Feature","geometry":{"type":"Point","coordinates":[11.3850179,47.2668056]},"properties":{"id":"bikerack:644dd5a6-cbcc-49c1-bbba-da09c4e4955b","kind":"bikerack","longitude":11.3850179,"latitude":47.2668056,"name":"Biciklitároló","city":"Innsbruck","address":null,"covered":false,"access":null,"website":null,"phone":null,"source":"OpenStreetMap/node/13529299602","sourceUpdatedAt":null,"verifiedAt":null}},{"type":"Feature","geometry":{"type":"Point","coordinates":[11.3917518,47.2653967]},"properties":{"id":"bikerack:64bae7d6-cf1d-4641-8275-2ab18d52e6e9","kind":"bikerack","longitude":11.3917518,"latitude":47.2653967,"name":"Biciklitároló","city":"Innsbruck","address":null,"covered":false,"access":null,"website":null,"phone":null,"source":"OpenStreetMap/node/2016513436","sourceUpdatedAt":null,"verifiedAt":null}},{"type":"Feature","geometry":{"type":"Point","coordinates":[11.3990331,47.2617962]},"properties":{"id":"bikerack:64df7c4e-2034-449a-95a5-c0728a0d9ca1","kind":"bikerack","longitude":11.3990331,"latitude":47.2617962,"name":"Biciklitároló","city":"Innsbruck","address":null,"covered":false,"access":null,"website":null,"phone":null,"source":"OpenStreetMap/node/11073173532","sourceUpdatedAt":null,"verifiedAt":null}},{"type":"Feature","geometry":{"type":"Point","coordinates":[11.4011221,47.250942]},"properties":{"id":"bikerack:650a0795-d2c0-445a-8192-aaa82c31c368","kind":"bikerack","longitude":11.4011221,"latitude":47.250942,"name":"Biciklitároló","city":"Innsbruck","address":null,"covered":false,"access":null,"website":null,"phone":null,"source":"OpenStreetMap/node/12942396611","sourceUpdatedAt":null,"verifiedAt":null}},{"type":"Feature","geometry":{"type":"Point","coordinates":[11.3848785,47.258831]},"properties":{"id":"bikerack:65d0943c-5dba-4f6f-a217-d127a8cbc13c","kind":"bikerack","longitude":11.3848785,"latitude":47.258831,"name":"Biciklitároló","city":"Innsbruck","address":null,"covered":false,"access":null,"website":null,"phone":null,"source":"OpenStreetMap/node/8809196675","sourceUpdatedAt":null,"verifiedAt":null}},{"type":"Feature","geometry":{"type":"Point","coordinates":[11.4253134,47.2586328]},"properties":{"id":"bikerack:65e53c23-c2db-4293-b31a-187eebb14c7a","kind":"bikerack","longitude":11.4253134,"latitude":47.2586328,"name":"Biciklitároló","city":"Ampass","address":null,"covered":false,"access":null,"website":null,"phone":null,"source":"OpenStreetMap/node/13243174887","sourceUpdatedAt":null,"verifiedAt":null}},{"type":"Feature","geometry":{"type":"Point","coordinates":[11.3941158,47.2660157]},"properties":{"id":"bikerack:660ff58c-1401-42a4-842a-ee56cdd8435e","kind":"bikerack","longitude":11.3941158,"latitude":47.2660157,"name":"Biciklitároló","city":"Innsbruck","address":null,"covered":false,"access":null,"website":null,"phone":null,"source":"OpenStreetMap/node/8958056817","sourceUpdatedAt":null,"verifiedAt":null}},{"type":"Feature","geometry":{"type":"Point","coordinates":[11.4093058,47.2638429]},"properties":{"id":"bikerack:66dc0026-bdc6-4015-afa0-bf350c979bae","kind":"bikerack","longitude":11.4093058,"latitude":47.2638429,"name":"Biciklitároló","city":"Innsbruck","address":null,"covered":false,"access":null,"website":null,"phone":null,"source":"OpenStreetMap/way/1387765120","sourceUpdatedAt":null,"verifiedAt":null}},{"type":"Feature","geometry":{"type":"Point","coordinates":[11.3982947,47.2608572]},"properties":{"id":"bikerack:67719e72-9f29-423b-a170-b7f9462d6eaa","kind":"bikerack","longitude":11.3982947,"latitude":47.2608572,"name":"Biciklitároló","city":"Innsbruck","address":null,"covered":false,"access":null,"website":null,"phone":null,"source":"OpenStreetMap/node/11073173529","sourceUpdatedAt":null,"verifiedAt":null}},{"type":"Feature","geometry":{"type":"Point","coordinates":[11.3857795,47.2634837]},"properties":{"id":"bikerack:6879729d-1a27-4a67-8e04-af72767a5244","kind":"bikerack","longitude":11.3857795,"latitude":47.2634837,"name":"ivb.radhaus","city":"Innsbruck","address":null,"covered":true,"access":null,"website":null,"phone":null,"source":"OpenStreetMap/node/2080922289","sourceUpdatedAt":null,"verifiedAt":null}},{"type":"Feature","geometry":{"type":"Point","coordinates":[11.4046303,47.2529894]},"properties":{"id":"bikerack:696b80f1-228c-4483-90e9-919febc4fc4f","kind":"bikerack","longitude":11.4046303,"latitude":47.2529894,"name":"Biciklitároló","city":"Innsbruck","address":null,"covered":true,"access":null,"website":null,"phone":null,"source":"OpenStreetMap/node/10301431720","sourceUpdatedAt":null,"verifiedAt":null}},{"type":"Feature","geometry":{"type":"Point","coordinates":[11.3851167,47.2646806]},"properties":{"id":"bikerack:69fa53a6-61c1-4b74-8689-b11ec8c16cb7","kind":"bikerack","longitude":11.3851167,"latitude":47.2646806,"name":"Biciklitároló","city":"Innsbruck","address":null,"covered":false,"access":null,"website":null,"phone":null,"source":"OpenStreetMap/node/5034473428","sourceUpdatedAt":null,"verifiedAt":null}},{"type":"Feature","geometry":{"type":"Point","coordinates":[11.4071656,47.2589888]},"properties":{"id":"bikerack:6a9dc420-2719-42d7-a8e6-81d67970e01b","kind":"bikerack","longitude":11.4071656,"latitude":47.2589888,"name":"Biciklitároló","city":"Innsbruck","address":null,"covered":false,"access":null,"website":null,"phone":null,"source":"OpenStreetMap/node/6461127965","sourceUpdatedAt":null,"verifiedAt":null}},{"type":"Feature","geometry":{"type":"Point","coordinates":[11.3918979,47.2645428]},"properties":{"id":"bikerack:6b16aa40-e324-4113-a1cb-f87eaa30ecad","kind":"bikerack","longitude":11.3918979,"latitude":47.2645428,"name":"Biciklitároló","city":"Innsbruck","address":null,"covered":false,"access":null,"website":null,"phone":null,"source":"OpenStreetMap/node/8820250090","sourceUpdatedAt":null,"verifiedAt":null}},{"type":"Feature","geometry":{"type":"Point","coordinates":[11.4148278,47.2767315]},"properties":{"id":"bikerack:6b3bb005-a53c-4a87-b5cb-409b3cdc51f6","kind":"bikerack","longitude":11.4148278,"latitude":47.2767315,"name":"Biciklitároló","city":"Innsbruck","address":null,"covered":true,"access":null,"website":null,"phone":null,"source":"OpenStreetMap/way/1476728453","sourceUpdatedAt":null,"verifiedAt":null}},{"type":"Feature","geometry":{"type":"Point","coordinates":[11.4124565,47.2562039]},"properties":{"id":"bikerack:6bccfd62-493b-44c1-b5cb-1f42456a9942","kind":"bikerack","longitude":11.4124565,"latitude":47.2562039,"name":"Biciklitároló","city":"Innsbruck","address":null,"covered":false,"access":null,"website":null,"phone":null,"source":"OpenStreetMap/way/1459779323","sourceUpdatedAt":null,"verifiedAt":null}},{"type":"Feature","geometry":{"type":"Point","coordinates":[11.4077331,47.265247]},"properties":{"id":"bikerack:6c6855da-215f-4a52-8197-1cf37a5618a8","kind":"bikerack","longitude":11.4077331,"latitude":47.265247,"name":"Biciklitároló","city":"Innsbruck","address":null,"covered":false,"access":null,"website":null,"phone":null,"source":"OpenStreetMap/way/1365342112","sourceUpdatedAt":null,"verifiedAt":null}},{"type":"Feature","geometry":{"type":"Point","coordinates":[11.405677,47.2758546]},"properties":{"id":"bikerack:6eca1464-9559-45b8-8f05-b95bf59a5d4b","kind":"bikerack","longitude":11.405677,"latitude":47.2758546,"name":"Biciklitároló","city":"Innsbruck","address":null,"covered":false,"access":null,"website":null,"phone":null,"source":"OpenStreetMap/node/11777984433","sourceUpdatedAt":null,"verifiedAt":null}},{"type":"Feature","geometry":{"type":"Point","coordinates":[11.4124909,47.2560959]},"properties":{"id":"bikerack:6ed65d20-d12e-4156-a23f-b0e54a67a4d0","kind":"bikerack","longitude":11.4124909,"latitude":47.2560959,"name":"Biciklitároló","city":"Innsbruck","address":null,"covered":false,"access":null,"website":null,"phone":null,"source":"OpenStreetMap/way/1459779322","sourceUpdatedAt":null,"verifiedAt":null}},{"type":"Feature","geometry":{"type":"Point","coordinates":[11.4017512,47.2696881]},"properties":{"id":"bikerack:7006c89f-ba57-49af-9683-462c7457759a","kind":"bikerack","longitude":11.4017512,"latitude":47.2696881,"name":"Biciklitároló","city":"Innsbruck","address":null,"covered":false,"access":null,"website":null,"phone":null,"source":"OpenStreetMap/node/12909297262","sourceUpdatedAt":null,"verifiedAt":null}},{"type":"Feature","geometry":{"type":"Point","coordinates":[11.3891457,47.2659587]},"properties":{"id":"bikerack:705be97b-9e77-4376-9fda-5f0dfd4eb473","kind":"bikerack","longitude":11.3891457,"latitude":47.2659587,"name":"Biciklitároló","city":"Innsbruck","address":null,"covered":false,"access":null,"website":null,"phone":null,"source":"OpenStreetMap/node/8958009993","sourceUpdatedAt":null,"verifiedAt":null}},{"type":"Feature","geometry":{"type":"Point","coordinates":[11.4032005,47.2660988]},"properties":{"id":"bikerack:70fd39c0-e926-4c6b-8e0a-347cff0b3212","kind":"bikerack","longitude":11.4032005,"latitude":47.2660988,"name":"Biciklitároló","city":"Innsbruck","address":null,"covered":false,"access":null,"website":null,"phone":null,"source":"OpenStreetMap/node/2016513450","sourceUpdatedAt":null,"verifiedAt":null}},{"type":"Feature","geometry":{"type":"Point","coordinates":[11.4040941,47.2785496]},"properties":{"id":"bikerack:71989cbe-b86a-478f-86fb-ead422f58497","kind":"bikerack","longitude":11.4040941,"latitude":47.2785496,"name":"Biciklitároló","city":"Innsbruck","address":null,"covered":false,"access":null,"website":null,"phone":null,"source":"OpenStreetMap/way/1475684773","sourceUpdatedAt":null,"verifiedAt":null}},{"type":"Feature","geometry":{"type":"Point","coordinates":[11.3949187,47.264774]},"properties":{"id":"bikerack:720650e1-e91e-4151-9cb0-dcae1147993c","kind":"bikerack","longitude":11.3949187,"latitude":47.264774,"name":"Biciklitároló","city":"Innsbruck","address":null,"covered":false,"access":null,"website":null,"phone":null,"source":"OpenStreetMap/node/9391794391","sourceUpdatedAt":null,"verifiedAt":null}},{"type":"Feature","geometry":{"type":"Point","coordinates":[11.4100943,47.264286]},"properties":{"id":"bikerack:72bb59ca-9d12-4f7f-b1e0-5a697711032d","kind":"bikerack","longitude":11.4100943,"latitude":47.264286,"name":"Biciklitároló","city":"Innsbruck","address":null,"covered":false,"access":null,"website":null,"phone":null,"source":"OpenStreetMap/way/1390437274","sourceUpdatedAt":null,"verifiedAt":null}},{"type":"Feature","geometry":{"type":"Point","coordinates":[11.3972237,47.2657563]},"properties":{"id":"bikerack:72d573f7-7def-45bb-8ba9-de6a8f1d1180","kind":"bikerack","longitude":11.3972237,"latitude":47.2657563,"name":"Biciklitároló","city":"Innsbruck","address":null,"covered":false,"access":null,"website":null,"phone":null,"source":"OpenStreetMap/node/13590610857","sourceUpdatedAt":null,"verifiedAt":null}},{"type":"Feature","geometry":{"type":"Point","coordinates":[11.4082812,47.2564098]},"properties":{"id":"bikerack:73159e20-8bb2-4442-9421-8f6a6fd51bf4","kind":"bikerack","longitude":11.4082812,"latitude":47.2564098,"name":"Biciklitároló","city":"Innsbruck","address":null,"covered":false,"access":null,"website":null,"phone":null,"source":"OpenStreetMap/node/2016513122","sourceUpdatedAt":null,"verifiedAt":null}},{"type":"Feature","geometry":{"type":"Point","coordinates":[11.4222828,47.2716092]},"properties":{"id":"bikerack:73d31882-0e90-45d8-859f-9ebf71b5db1d","kind":"bikerack","longitude":11.4222828,"latitude":47.2716092,"name":"Biciklitároló","city":"Ampass","address":null,"covered":false,"access":null,"website":null,"phone":null,"source":"OpenStreetMap/way/1112531151","sourceUpdatedAt":null,"verifiedAt":null}},{"type":"Feature","geometry":{"type":"Point","coordinates":[11.4039697,47.2696423]},"properties":{"id":"bikerack:73e07a5f-52ca-44c4-9579-8f817d6777ef","kind":"bikerack","longitude":11.4039697,"latitude":47.2696423,"name":"Biciklitároló","city":"Innsbruck","address":null,"covered":false,"access":null,"website":null,"phone":null,"source":"OpenStreetMap/node/12886255835","sourceUpdatedAt":null,"verifiedAt":null}},{"type":"Feature","geometry":{"type":"Point","coordinates":[11.3934686,47.262515]},"properties":{"id":"bikerack:74085820-c21b-41ee-bf4f-8d77ff215876","kind":"bikerack","longitude":11.3934686,"latitude":47.262515,"name":"Biciklitároló","city":"Innsbruck","address":null,"covered":false,"access":null,"website":null,"phone":null,"source":"OpenStreetMap/node/5866284402","sourceUpdatedAt":null,"verifiedAt":null}},{"type":"Feature","geometry":{"type":"Point","coordinates":[11.3839889,47.2640246]},"properties":{"id":"bikerack:75bc13dc-791b-4d17-a634-ecbeaa026b7a","kind":"bikerack","longitude":11.3839889,"latitude":47.2640246,"name":"Biciklitároló","city":"Innsbruck","address":null,"covered":false,"access":null,"website":null,"phone":null,"source":"OpenStreetMap/way/1184266603","sourceUpdatedAt":null,"verifiedAt":null}},{"type":"Feature","geometry":{"type":"Point","coordinates":[11.4082788,47.2764312]},"properties":{"id":"bikerack:7610df3a-074a-4841-a239-d47e10a87aed","kind":"bikerack","longitude":11.4082788,"latitude":47.2764312,"name":"Biciklitároló","city":"Innsbruck","address":null,"covered":false,"access":null,"website":null,"phone":null,"source":"OpenStreetMap/node/10135075961","sourceUpdatedAt":null,"verifiedAt":null}},{"type":"Feature","geometry":{"type":"Point","coordinates":[11.3881514,47.2691364]},"properties":{"id":"bikerack:7656f5d1-0e6b-4403-b0dc-ae56dff55307","kind":"bikerack","longitude":11.3881514,"latitude":47.2691364,"name":"Biciklitároló","city":"Innsbruck","address":null,"covered":false,"access":null,"website":null,"phone":null,"source":"OpenStreetMap/node/12398454933","sourceUpdatedAt":null,"verifiedAt":null}},{"type":"Feature","geometry":{"type":"Point","coordinates":[11.3939736,47.2661957]},"properties":{"id":"bikerack:76ce9738-02a5-478d-be57-3cd45bebdaca","kind":"bikerack","longitude":11.3939736,"latitude":47.2661957,"name":"Biciklitároló","city":"Innsbruck","address":null,"covered":false,"access":null,"website":null,"phone":null,"source":"OpenStreetMap/node/11111654493","sourceUpdatedAt":null,"verifiedAt":null}},{"type":"Feature","geometry":{"type":"Point","coordinates":[11.3992629,47.2584058]},"properties":{"id":"bikerack:7735db60-da99-4cea-9ab7-1980f61378c4","kind":"bikerack","longitude":11.3992629,"latitude":47.2584058,"name":"Biciklitároló","city":"Innsbruck","address":null,"covered":false,"access":null,"website":null,"phone":null,"source":"OpenStreetMap/node/2016513169","sourceUpdatedAt":null,"verifiedAt":null}},{"type":"Feature","geometry":{"type":"Point","coordinates":[11.3920658,47.2637326]},"properties":{"id":"bikerack:775da7eb-4d7b-46c8-a6cf-16ba64bd4a8c","kind":"bikerack","longitude":11.3920658,"latitude":47.2637326,"name":"Biciklitároló","city":"Innsbruck","address":null,"covered":false,"access":null,"website":null,"phone":null,"source":"OpenStreetMap/node/2016513345","sourceUpdatedAt":null,"verifiedAt":null}},{"type":"Feature","geometry":{"type":"Point","coordinates":[11.3966704,47.2572814]},"properties":{"id":"bikerack:77965b03-3429-4079-9e7a-6f782cb55944","kind":"bikerack","longitude":11.3966704,"latitude":47.2572814,"name":"Biciklitároló","city":"Innsbruck","address":null,"covered":false,"access":null,"website":null,"phone":null,"source":"OpenStreetMap/node/5001780907","sourceUpdatedAt":null,"verifiedAt":null}},{"type":"Feature","geometry":{"type":"Point","coordinates":[11.3882101,47.2650206]},"properties":{"id":"bikerack:77e390cb-c5ba-4800-b1d6-4b05c695a3c4","kind":"bikerack","longitude":11.3882101,"latitude":47.2650206,"name":"Biciklitároló","city":"Innsbruck","address":null,"covered":false,"access":null,"website":null,"phone":null,"source":"OpenStreetMap/node/5685016691","sourceUpdatedAt":null,"verifiedAt":null}},{"type":"Feature","geometry":{"type":"Point","coordinates":[11.3861137,47.2643872]},"properties":{"id":"bikerack:780d8eea-cd96-4692-9028-d27b5cc9cb72","kind":"bikerack","longitude":11.3861137,"latitude":47.2643872,"name":"ivb.radhaus","city":"Innsbruck","address":null,"covered":true,"access":null,"website":null,"phone":null,"source":"OpenStreetMap/node/2019897226","sourceUpdatedAt":null,"verifiedAt":null}},{"type":"Feature","geometry":{"type":"Point","coordinates":[11.4008121,47.2644533]},"properties":{"id":"bikerack:782c1736-177e-421f-9646-260b52beeeb9","kind":"bikerack","longitude":11.4008121,"latitude":47.2644533,"name":"Biciklitároló","city":"Innsbruck","address":null,"covered":false,"access":null,"website":null,"phone":null,"source":"OpenStreetMap/way/46046071","sourceUpdatedAt":null,"verifiedAt":null}},{"type":"Feature","geometry":{"type":"Point","coordinates":[11.3950649,47.2647943]},"properties":{"id":"bikerack:789bf1a8-b372-4930-a9b9-dad4c8c4aa55","kind":"bikerack","longitude":11.3950649,"latitude":47.2647943,"name":"Biciklitároló","city":"Innsbruck","address":null,"covered":false,"access":null,"website":null,"phone":null,"source":"OpenStreetMap/node/2549556137","sourceUpdatedAt":null,"verifiedAt":null}},{"type":"Feature","geometry":{"type":"Point","coordinates":[11.3860272,47.2572434]},"properties":{"id":"bikerack:79684edf-9c4b-4f79-9fe0-14be6e2b92c3","kind":"bikerack","longitude":11.3860272,"latitude":47.2572434,"name":"Biciklitároló","city":"Innsbruck","address":null,"covered":false,"access":null,"website":null,"phone":null,"source":"OpenStreetMap/node/12202695645","sourceUpdatedAt":null,"verifiedAt":null}},{"type":"Feature","geometry":{"type":"Point","coordinates":[11.4032575,47.2759461]},"properties":{"id":"bikerack:799dfd50-ab2d-4548-98dc-50b63b0a2478","kind":"bikerack","longitude":11.4032575,"latitude":47.2759461,"name":"Biciklitároló","city":"Innsbruck","address":null,"covered":false,"access":null,"website":null,"phone":null,"source":"OpenStreetMap/node/12867036183","sourceUpdatedAt":null,"verifiedAt":null}},{"type":"Feature","geometry":{"type":"Point","coordinates":[11.3897281,47.2604688]},"properties":{"id":"bikerack:7a25a010-bc4b-4609-9a35-ac07d1365749","kind":"bikerack","longitude":11.3897281,"latitude":47.2604688,"name":"Biciklitároló","city":"Innsbruck","address":null,"covered":false,"access":null,"website":null,"phone":null,"source":"OpenStreetMap/node/8018583458","sourceUpdatedAt":null,"verifiedAt":null}},{"type":"Feature","geometry":{"type":"Point","coordinates":[11.3981801,47.2608914]},"properties":{"id":"bikerack:7b0d8843-8827-4b50-ad6e-09d9fbee0983","kind":"bikerack","longitude":11.3981801,"latitude":47.2608914,"name":"Biciklitároló","city":"Innsbruck","address":null,"covered":false,"access":null,"website":null,"phone":null,"source":"OpenStreetMap/node/13159405097","sourceUpdatedAt":null,"verifiedAt":null}},{"type":"Feature","geometry":{"type":"Point","coordinates":[11.4041463,47.2771196]},"properties":{"id":"bikerack:7b7891aa-e05b-4c9f-b0c7-2d730dc8fab5","kind":"bikerack","longitude":11.4041463,"latitude":47.2771196,"name":"Biciklitároló","city":"Innsbruck","address":null,"covered":false,"access":null,"website":null,"phone":null,"source":"OpenStreetMap/node/8778470960","sourceUpdatedAt":null,"verifiedAt":null}},{"type":"Feature","geometry":{"type":"Point","coordinates":[11.3878212,47.2617197]},"properties":{"id":"bikerack:7bfe31e3-e740-4688-bf15-7d655c6c19ac","kind":"bikerack","longitude":11.3878212,"latitude":47.2617197,"name":"Biciklitároló","city":"Innsbruck","address":null,"covered":false,"access":null,"website":null,"phone":null,"source":"OpenStreetMap/node/4986925366","sourceUpdatedAt":null,"verifiedAt":null}},{"type":"Feature","geometry":{"type":"Point","coordinates":[11.3902864,47.2652001]},"properties":{"id":"bikerack:7c6e49f9-e5e0-4fdc-8b10-565b25c852c7","kind":"bikerack","longitude":11.3902864,"latitude":47.2652001,"name":"Biciklitároló","city":"Innsbruck","address":null,"covered":false,"access":null,"website":null,"phone":null,"source":"OpenStreetMap/node/13076274167","sourceUpdatedAt":null,"verifiedAt":null}},{"type":"Feature","geometry":{"type":"Point","coordinates":[11.3941464,47.2671987]},"properties":{"id":"bikerack:7d61deec-5fb8-4fcf-841f-6b8a36bb4d69","kind":"bikerack","longitude":11.3941464,"latitude":47.2671987,"name":"Biciklitároló","city":"Innsbruck","address":null,"covered":false,"access":null,"website":null,"phone":null,"source":"OpenStreetMap/node/2016513468","sourceUpdatedAt":null,"verifiedAt":null}},{"type":"Feature","geometry":{"type":"Point","coordinates":[11.3875162,47.2614822]},"properties":{"id":"bikerack:7e286d5c-dfc5-4760-8998-2ff78bf584b2","kind":"bikerack","longitude":11.3875162,"latitude":47.2614822,"name":"Biciklitároló","city":"Innsbruck","address":null,"covered":true,"access":null,"website":null,"phone":null,"source":"OpenStreetMap/node/8958034174","sourceUpdatedAt":null,"verifiedAt":null}},{"type":"Feature","geometry":{"type":"Point","coordinates":[11.3944285,47.2598656]},"properties":{"id":"bikerack:7e90be62-c139-4498-8671-3b1fa43b8cb8","kind":"bikerack","longitude":11.3944285,"latitude":47.2598656,"name":"Biciklitároló","city":"Innsbruck","address":null,"covered":false,"access":null,"website":null,"phone":null,"source":"OpenStreetMap/node/6461127947","sourceUpdatedAt":null,"verifiedAt":null}},{"type":"Feature","geometry":{"type":"Point","coordinates":[11.4065588,47.2602793]},"properties":{"id":"bikerack:7ee6bfb0-ba4c-43da-829f-1be938773592","kind":"bikerack","longitude":11.4065588,"latitude":47.2602793,"name":"Biciklitároló","city":"Innsbruck","address":null,"covered":false,"access":null,"website":null,"phone":null,"source":"OpenStreetMap/node/11370657408","sourceUpdatedAt":null,"verifiedAt":null}},{"type":"Feature","geometry":{"type":"Point","coordinates":[11.4144168,47.2711407]},"properties":{"id":"bikerack:7f4f21dc-62a6-4b5c-87c7-b8d551deef62","kind":"bikerack","longitude":11.4144168,"latitude":47.2711407,"name":"Biciklitároló","city":"Innsbruck","address":null,"covered":false,"access":null,"website":null,"phone":null,"source":"OpenStreetMap/way/1354156159","sourceUpdatedAt":null,"verifiedAt":null}},{"type":"Feature","geometry":{"type":"Point","coordinates":[11.4057358,47.263261]},"properties":{"id":"bikerack:7f586daf-05f1-4a10-8bf3-e4dd2106ed8f","kind":"bikerack","longitude":11.4057358,"latitude":47.263261,"name":"Biciklitároló","city":"Innsbruck","address":null,"covered":false,"access":null,"website":null,"phone":null,"source":"OpenStreetMap/node/2016513320","sourceUpdatedAt":null,"verifiedAt":null}},{"type":"Feature","geometry":{"type":"Point","coordinates":[11.4004549,47.2751458]},"properties":{"id":"bikerack:808bac28-a4e1-4119-b587-7203e8932aa1","kind":"bikerack","longitude":11.4004549,"latitude":47.2751458,"name":"Biciklitároló","city":"Innsbruck","address":null,"covered":false,"access":null,"website":null,"phone":null,"source":"OpenStreetMap/node/12985475608","sourceUpdatedAt":null,"verifiedAt":null}},{"type":"Feature","geometry":{"type":"Point","coordinates":[11.389995,47.2595385]},"properties":{"id":"bikerack:80b12674-172d-48e9-b2dd-085792413023","kind":"bikerack","longitude":11.389995,"latitude":47.2595385,"name":"Biciklitároló","city":"Innsbruck","address":null,"covered":true,"access":null,"website":null,"phone":null,"source":"OpenStreetMap/node/13033656166","sourceUpdatedAt":null,"verifiedAt":null}},{"type":"Feature","geometry":{"type":"Point","coordinates":[11.4110913,47.2666102]},"properties":{"id":"bikerack:826e3963-a545-4a48-a50c-596a6a509b30","kind":"bikerack","longitude":11.4110913,"latitude":47.2666102,"name":"Biciklitároló","city":"Innsbruck","address":null,"covered":false,"access":null,"website":null,"phone":null,"source":"OpenStreetMap/way/1358129858","sourceUpdatedAt":null,"verifiedAt":null}},{"type":"Feature","geometry":{"type":"Point","coordinates":[11.384618,47.2617564]},"properties":{"id":"bikerack:838fec32-4a98-4ae2-a22f-ab989f2a1ea4","kind":"bikerack","longitude":11.384618,"latitude":47.2617564,"name":"Biciklitároló","city":"Innsbruck","address":null,"covered":false,"access":null,"website":null,"phone":null,"source":"OpenStreetMap/node/8958011359","sourceUpdatedAt":null,"verifiedAt":null}},{"type":"Feature","geometry":{"type":"Point","coordinates":[11.3989772,47.2601965]},"properties":{"id":"bikerack:83fe2a35-7e47-46f7-ad2f-74b1cd07fcd5","kind":"bikerack","longitude":11.3989772,"latitude":47.2601965,"name":"Biciklitároló","city":"Innsbruck","address":null,"covered":false,"access":null,"website":null,"phone":null,"source":"OpenStreetMap/node/5062742207","sourceUpdatedAt":null,"verifiedAt":null}},{"type":"Feature","geometry":{"type":"Point","coordinates":[11.3939983,47.2658225]},"properties":{"id":"bikerack:85b6dfae-2d14-4d5d-9641-2b0c418215b8","kind":"bikerack","longitude":11.3939983,"latitude":47.2658225,"name":"Biciklitároló","city":"Innsbruck","address":null,"covered":false,"access":null,"website":null,"phone":null,"source":"OpenStreetMap/node/8958056424","sourceUpdatedAt":null,"verifiedAt":null}},{"type":"Feature","geometry":{"type":"Point","coordinates":[11.3975378,47.2620187]},"properties":{"id":"bikerack:85c5e7f7-c8c7-4754-a97f-6d9aeeddf916","kind":"bikerack","longitude":11.3975378,"latitude":47.2620187,"name":"Biciklitároló","city":"Innsbruck","address":null,"covered":false,"access":null,"website":null,"phone":null,"source":"OpenStreetMap/way/540528220","sourceUpdatedAt":null,"verifiedAt":null}},{"type":"Feature","geometry":{"type":"Point","coordinates":[11.3978832,47.2649106]},"properties":{"id":"bikerack:85cf20aa-37ca-4f9b-a6e4-cfaf48ca50e6","kind":"bikerack","longitude":11.3978832,"latitude":47.2649106,"name":"Biciklitároló","city":"Innsbruck","address":null,"covered":false,"access":null,"website":null,"phone":null,"source":"OpenStreetMap/node/643951128","sourceUpdatedAt":null,"verifiedAt":null}},{"type":"Feature","geometry":{"type":"Point","coordinates":[11.3976285,47.2607737]},"properties":{"id":"bikerack:86421938-48b5-499e-b69b-02bb5015049e","kind":"bikerack","longitude":11.3976285,"latitude":47.2607737,"name":"Biciklitároló","city":"Innsbruck","address":null,"covered":false,"access":null,"website":null,"phone":null,"source":"OpenStreetMap/node/11073173528","sourceUpdatedAt":null,"verifiedAt":null}},{"type":"Feature","geometry":{"type":"Point","coordinates":[11.3896955,47.2609991]},"properties":{"id":"bikerack:8660cca2-bf25-4309-80dd-bec48a92ecd5","kind":"bikerack","longitude":11.3896955,"latitude":47.2609991,"name":"Biciklitároló","city":"Innsbruck","address":null,"covered":false,"access":null,"website":null,"phone":null,"source":"OpenStreetMap/node/4986925368","sourceUpdatedAt":null,"verifiedAt":null}},{"type":"Feature","geometry":{"type":"Point","coordinates":[11.4028533,47.2736352]},"properties":{"id":"bikerack:8689ab57-72fc-4495-a065-f7942c927e33","kind":"bikerack","longitude":11.4028533,"latitude":47.2736352,"name":"Biciklitároló","city":"Innsbruck","address":null,"covered":false,"access":null,"website":null,"phone":null,"source":"OpenStreetMap/node/11778448334","sourceUpdatedAt":null,"verifiedAt":null}},{"type":"Feature","geometry":{"type":"Point","coordinates":[11.3849447,47.2616759]},"properties":{"id":"bikerack:8737250a-b98d-4766-9bef-c06cfad2bbfe","kind":"bikerack","longitude":11.3849447,"latitude":47.2616759,"name":"Biciklitároló","city":"Innsbruck","address":null,"covered":false,"access":null,"website":null,"phone":null,"source":"OpenStreetMap/node/8768470577","sourceUpdatedAt":null,"verifiedAt":null}},{"type":"Feature","geometry":{"type":"Point","coordinates":[11.3934836,47.2613301]},"properties":{"id":"bikerack:8746b67a-7469-4278-8331-26646cbad356","kind":"bikerack","longitude":11.3934836,"latitude":47.2613301,"name":"Biciklitároló","city":"Innsbruck","address":null,"covered":false,"access":null,"website":null,"phone":null,"source":"OpenStreetMap/node/4986925379","sourceUpdatedAt":null,"verifiedAt":null}},{"type":"Feature","geometry":{"type":"Point","coordinates":[11.4014214,47.2786362]},"properties":{"id":"bikerack:87ab249d-a02e-439e-abb6-1141a802d9eb","kind":"bikerack","longitude":11.4014214,"latitude":47.2786362,"name":"Biciklitároló","city":"Innsbruck","address":null,"covered":false,"access":null,"website":null,"phone":null,"source":"OpenStreetMap/node/11339546867","sourceUpdatedAt":null,"verifiedAt":null}},{"type":"Feature","geometry":{"type":"Point","coordinates":[11.4041009,47.2725172]},"properties":{"id":"bikerack:880a1ff6-58db-4a78-8ac8-915e24bfb4da","kind":"bikerack","longitude":11.4041009,"latitude":47.2725172,"name":"Biciklitároló","city":"Innsbruck","address":null,"covered":false,"access":null,"website":null,"phone":null,"source":"OpenStreetMap/node/13230395785","sourceUpdatedAt":null,"verifiedAt":null}},{"type":"Feature","geometry":{"type":"Point","coordinates":[11.4122079,47.2567098]},"properties":{"id":"bikerack:88fe0115-9b70-4f2d-b04c-b66376e9dcb8","kind":"bikerack","longitude":11.4122079,"latitude":47.2567098,"name":"Biciklitároló","city":"Innsbruck","address":null,"covered":false,"access":null,"website":null,"phone":null,"source":"OpenStreetMap/way/1459779328","sourceUpdatedAt":null,"verifiedAt":null}},{"type":"Feature","geometry":{"type":"Point","coordinates":[11.4101856,47.2643522]},"properties":{"id":"bikerack:89a6b216-768e-41d3-ac80-d81cc487780b","kind":"bikerack","longitude":11.4101856,"latitude":47.2643522,"name":"Biciklitároló","city":"Innsbruck","address":null,"covered":false,"access":null,"website":null,"phone":null,"source":"OpenStreetMap/way/1390437270","sourceUpdatedAt":null,"verifiedAt":null}},{"type":"Feature","geometry":{"type":"Point","coordinates":[11.3893609,47.2668226]},"properties":{"id":"bikerack:8a1a1681-8542-48d5-9591-712e9bf10e5a","kind":"bikerack","longitude":11.3893609,"latitude":47.2668226,"name":"Biciklitároló","city":"Innsbruck","address":null,"covered":false,"access":null,"website":null,"phone":null,"source":"OpenStreetMap/way/1488526358","sourceUpdatedAt":null,"verifiedAt":null}},{"type":"Feature","geometry":{"type":"Point","coordinates":[11.4189137,47.2750813]},"properties":{"id":"bikerack:8b3257dd-f076-4a33-bc57-1555900529c9","kind":"bikerack","longitude":11.4189137,"latitude":47.2750813,"name":"Biciklitároló","city":"Innsbruck","address":null,"covered":false,"access":null,"website":null,"phone":null,"source":"OpenStreetMap/node/13009082438","sourceUpdatedAt":null,"verifiedAt":null}},{"type":"Feature","geometry":{"type":"Point","coordinates":[11.4065431,47.2737492]},"properties":{"id":"bikerack:8bd3550d-4c81-447b-a465-242a5b679cc6","kind":"bikerack","longitude":11.4065431,"latitude":47.2737492,"name":"Biciklitároló","city":"Innsbruck","address":null,"covered":false,"access":null,"website":null,"phone":null,"source":"OpenStreetMap/node/4905942810","sourceUpdatedAt":null,"verifiedAt":null}},{"type":"Feature","geometry":{"type":"Point","coordinates":[11.395823,47.2648719]},"properties":{"id":"bikerack:8c4bf430-329d-4d87-bca1-a2d0791ee799","kind":"bikerack","longitude":11.395823,"latitude":47.2648719,"name":"Biciklitároló","city":"Innsbruck","address":null,"covered":false,"access":null,"website":null,"phone":null,"source":"OpenStreetMap/node/8958018731","sourceUpdatedAt":null,"verifiedAt":null}},{"type":"Feature","geometry":{"type":"Point","coordinates":[11.3930481,47.2747658]},"properties":{"id":"bikerack:8c696398-48d6-46fa-a5b2-4645a94ce4dd","kind":"bikerack","longitude":11.3930481,"latitude":47.2747658,"name":"Biciklitároló","city":"Innsbruck","address":null,"covered":false,"access":null,"website":null,"phone":null,"source":"OpenStreetMap/node/11111654487","sourceUpdatedAt":null,"verifiedAt":null}},{"type":"Feature","geometry":{"type":"Point","coordinates":[11.3858855,47.265328]},"properties":{"id":"bikerack:8cc773b4-dcec-4c4c-b82e-3f695ec9e405","kind":"bikerack","longitude":11.3858855,"latitude":47.265328,"name":"Biciklitároló","city":"Innsbruck","address":null,"covered":false,"access":null,"website":null,"phone":null,"source":"OpenStreetMap/node/2016513422","sourceUpdatedAt":null,"verifiedAt":null}},{"type":"Feature","geometry":{"type":"Point","coordinates":[11.3981412,47.2590347]},"properties":{"id":"bikerack:8d85b40e-42d2-4b01-afd8-0431f0caa119","kind":"bikerack","longitude":11.3981412,"latitude":47.2590347,"name":"Biciklitároló","city":"Innsbruck","address":null,"covered":false,"access":null,"website":null,"phone":null,"source":"OpenStreetMap/node/4958412136","sourceUpdatedAt":null,"verifiedAt":null}},{"type":"Feature","geometry":{"type":"Point","coordinates":[11.4173261,47.2723878]},"properties":{"id":"bikerack:8e85de0c-da4e-41db-b4ec-2533f621bb98","kind":"bikerack","longitude":11.4173261,"latitude":47.2723878,"name":"Biciklitároló","city":"Innsbruck","address":null,"covered":false,"access":null,"website":null,"phone":null,"source":"OpenStreetMap/node/12985381699","sourceUpdatedAt":null,"verifiedAt":null}},{"type":"Feature","geometry":{"type":"Point","coordinates":[11.4053894,47.2753763]},"properties":{"id":"bikerack:8ec21334-19e2-4aa1-8a9c-0addb5ed64a0","kind":"bikerack","longitude":11.4053894,"latitude":47.2753763,"name":"Biciklitároló","city":"Innsbruck","address":null,"covered":false,"access":null,"website":null,"phone":null,"source":"OpenStreetMap/node/13536788609","sourceUpdatedAt":null,"verifiedAt":null}},{"type":"Feature","geometry":{"type":"Point","coordinates":[11.3955746,47.2689511]},"properties":{"id":"bikerack:8f0d8c0c-61a4-4fd5-aa57-40aa24e215ae","kind":"bikerack","longitude":11.3955746,"latitude":47.2689511,"name":"Biciklitároló","city":"Innsbruck","address":null,"covered":false,"access":null,"website":null,"phone":null,"source":"OpenStreetMap/node/11415596109","sourceUpdatedAt":null,"verifiedAt":null}},{"type":"Feature","geometry":{"type":"Point","coordinates":[11.4172401,47.2724098]},"properties":{"id":"bikerack:8f153e64-1f00-4c45-bba5-122f7efb6dc6","kind":"bikerack","longitude":11.4172401,"latitude":47.2724098,"name":"Biciklitároló","city":"Innsbruck","address":null,"covered":false,"access":null,"website":null,"phone":null,"source":"OpenStreetMap/node/12985408831","sourceUpdatedAt":null,"verifiedAt":null}},{"type":"Feature","geometry":{"type":"Point","coordinates":[11.3894727,47.2640226]},"properties":{"id":"bikerack:8f911289-ec33-4f74-841e-ce28889619a7","kind":"bikerack","longitude":11.3894727,"latitude":47.2640226,"name":"Biciklitároló","city":"Innsbruck","address":null,"covered":false,"access":null,"website":null,"phone":null,"source":"OpenStreetMap/node/4885870628","sourceUpdatedAt":null,"verifiedAt":null}},{"type":"Feature","geometry":{"type":"Point","coordinates":[11.3881668,47.2620803]},"properties":{"id":"bikerack:8fe09672-0edf-4b2c-b802-3141db278b22","kind":"bikerack","longitude":11.3881668,"latitude":47.2620803,"name":"Biciklitároló","city":"Innsbruck","address":null,"covered":false,"access":null,"website":null,"phone":null,"source":"OpenStreetMap/node/11418268214","sourceUpdatedAt":null,"verifiedAt":null}},{"type":"Feature","geometry":{"type":"Point","coordinates":[11.3845464,47.2636234]},"properties":{"id":"bikerack:907945f6-bc3c-4b3f-80e0-4022cecaaa47","kind":"bikerack","longitude":11.3845464,"latitude":47.2636234,"name":"Biciklitároló","city":"Innsbruck","address":null,"covered":true,"access":null,"website":null,"phone":null,"source":"OpenStreetMap/node/8958028963","sourceUpdatedAt":null,"verifiedAt":null}},{"type":"Feature","geometry":{"type":"Point","coordinates":[11.3935565,47.2614998]},"properties":{"id":"bikerack:90aacf05-bf9f-439c-adf2-b9951cea8b28","kind":"bikerack","longitude":11.3935565,"latitude":47.2614998,"name":"Biciklitároló","city":"Innsbruck","address":null,"covered":false,"access":null,"website":null,"phone":null,"source":"OpenStreetMap/node/9587601485","sourceUpdatedAt":null,"verifiedAt":null}},{"type":"Feature","geometry":{"type":"Point","coordinates":[11.4062555,47.2600163]},"properties":{"id":"bikerack:91e83857-ef05-4a99-926b-04248754c3f9","kind":"bikerack","longitude":11.4062555,"latitude":47.2600163,"name":"Biciklitároló","city":"Innsbruck","address":null,"covered":false,"access":null,"website":null,"phone":null,"source":"OpenStreetMap/node/11370657407","sourceUpdatedAt":null,"verifiedAt":null}},{"type":"Feature","geometry":{"type":"Point","coordinates":[11.3824074,47.2593939]},"properties":{"id":"bikerack:92108448-63d8-492c-b169-8aa0ef0664a3","kind":"bikerack","longitude":11.3824074,"latitude":47.2593939,"name":"Biciklitároló","city":"Innsbruck","address":null,"covered":false,"access":null,"website":null,"phone":null,"source":"OpenStreetMap/node/8807424769","sourceUpdatedAt":null,"verifiedAt":null}},{"type":"Feature","geometry":{"type":"Point","coordinates":[11.393194,47.2670079]},"properties":{"id":"bikerack:924ad462-1606-4a0b-bace-832b9113e242","kind":"bikerack","longitude":11.393194,"latitude":47.2670079,"name":"Biciklitároló","city":"Innsbruck","address":null,"covered":false,"access":null,"website":null,"phone":null,"source":"OpenStreetMap/node/5001742988","sourceUpdatedAt":null,"verifiedAt":null}},{"type":"Feature","geometry":{"type":"Point","coordinates":[11.3960246,47.2662777]},"properties":{"id":"bikerack:92bb35c5-f9a9-4ee4-9e8c-2d4f284949b6","kind":"bikerack","longitude":11.3960246,"latitude":47.2662777,"name":"Biciklitároló","city":"Innsbruck","address":null,"covered":false,"access":null,"website":null,"phone":null,"source":"OpenStreetMap/node/1988660458","sourceUpdatedAt":null,"verifiedAt":null}},{"type":"Feature","geometry":{"type":"Point","coordinates":[11.3862338,47.2632287]},"properties":{"id":"bikerack:93843f18-e030-4bdd-bdd1-51738b36ac45","kind":"bikerack","longitude":11.3862338,"latitude":47.2632287,"name":"Biciklitároló","city":"Innsbruck","address":null,"covered":false,"access":null,"website":null,"phone":null,"source":"OpenStreetMap/node/8736376124","sourceUpdatedAt":null,"verifiedAt":null}},{"type":"Feature","geometry":{"type":"Point","coordinates":[11.4123548,47.2565236]},"properties":{"id":"bikerack:940071a7-6c0f-4d1b-879f-5524e1be3bdf","kind":"bikerack","longitude":11.4123548,"latitude":47.2565236,"name":"Biciklitároló","city":"Innsbruck","address":null,"covered":false,"access":null,"website":null,"phone":null,"source":"OpenStreetMap/way/1459779326","sourceUpdatedAt":null,"verifiedAt":null}},{"type":"Feature","geometry":{"type":"Point","coordinates":[11.4152261,47.2630989]},"properties":{"id":"bikerack:942193e0-eb1c-4120-bdd6-c395375edcb9","kind":"bikerack","longitude":11.4152261,"latitude":47.2630989,"name":"Biciklitároló","city":"Innsbruck","address":null,"covered":false,"access":null,"website":null,"phone":null,"source":"OpenStreetMap/node/13168898443","sourceUpdatedAt":null,"verifiedAt":null}},{"type":"Feature","geometry":{"type":"Point","coordinates":[11.410258,47.2640068]},"properties":{"id":"bikerack:946f41eb-1408-4438-bf25-296547b7f20f","kind":"bikerack","longitude":11.410258,"latitude":47.2640068,"name":"Biciklitároló","city":"Innsbruck","address":null,"covered":false,"access":null,"website":null,"phone":null,"source":"OpenStreetMap/way/1428503707","sourceUpdatedAt":null,"verifiedAt":null}},{"type":"Feature","geometry":{"type":"Point","coordinates":[11.3851969,47.2634889]},"properties":{"id":"bikerack:9475eded-0be1-48e4-89a5-29dc5e764741","kind":"bikerack","longitude":11.3851969,"latitude":47.2634889,"name":"Biciklitároló","city":"Innsbruck","address":null,"covered":false,"access":null,"website":null,"phone":null,"source":"OpenStreetMap/node/2016513335","sourceUpdatedAt":null,"verifiedAt":null}},{"type":"Feature","geometry":{"type":"Point","coordinates":[11.4042557,47.2773683]},"properties":{"id":"bikerack:95b7236a-98d3-40ad-a177-7be8dc8f7620","kind":"bikerack","longitude":11.4042557,"latitude":47.2773683,"name":"Biciklitároló","city":"Innsbruck","address":null,"covered":false,"access":null,"website":null,"phone":null,"source":"OpenStreetMap/node/8778470962","sourceUpdatedAt":null,"verifiedAt":null}},{"type":"Feature","geometry":{"type":"Point","coordinates":[11.3895255,47.272025]},"properties":{"id":"bikerack:95c7fb72-203f-4474-b21d-39e1b25b4924","kind":"bikerack","longitude":11.3895255,"latitude":47.272025,"name":"Biciklitároló","city":"Innsbruck","address":null,"covered":false,"access":null,"website":null,"phone":null,"source":"OpenStreetMap/node/12919004460","sourceUpdatedAt":null,"verifiedAt":null}},{"type":"Feature","geometry":{"type":"Point","coordinates":[11.3907594,47.2585066]},"properties":{"id":"bikerack:95c89c66-a904-4e93-b513-7ef02b4141c9","kind":"bikerack","longitude":11.3907594,"latitude":47.2585066,"name":"Biciklitároló","city":"Innsbruck","address":null,"covered":false,"access":null,"website":null,"phone":null,"source":"OpenStreetMap/node/4972560351","sourceUpdatedAt":null,"verifiedAt":null}},{"type":"Feature","geometry":{"type":"Point","coordinates":[11.4149559,47.2768346]},"properties":{"id":"bikerack:962684fc-aa87-4311-b42e-a1bdbc21bf87","kind":"bikerack","longitude":11.4149559,"latitude":47.2768346,"name":"Biciklitároló","city":"Innsbruck","address":null,"covered":true,"access":null,"website":null,"phone":null,"source":"OpenStreetMap/way/1476728452","sourceUpdatedAt":null,"verifiedAt":null}},{"type":"Feature","geometry":{"type":"Point","coordinates":[11.3859109,47.2622958]},"properties":{"id":"bikerack:9636f4f5-7435-4340-920c-084b89429ca6","kind":"bikerack","longitude":11.3859109,"latitude":47.2622958,"name":"Biciklitároló","city":"Innsbruck","address":null,"covered":false,"access":null,"website":null,"phone":null,"source":"OpenStreetMap/node/4090420134","sourceUpdatedAt":null,"verifiedAt":null}},{"type":"Feature","geometry":{"type":"Point","coordinates":[11.3891295,47.2671098]},"properties":{"id":"bikerack:9644fa5f-25bf-4d39-a7c8-209eea61144b","kind":"bikerack","longitude":11.3891295,"latitude":47.2671098,"name":"Biciklitároló","city":"Innsbruck","address":null,"covered":false,"access":null,"website":null,"phone":null,"source":"OpenStreetMap/node/13547055255","sourceUpdatedAt":null,"verifiedAt":null}},{"type":"Feature","geometry":{"type":"Point","coordinates":[11.3891271,47.2621109]},"properties":{"id":"bikerack:96789080-13a4-4fa9-9739-99428c25ab74","kind":"bikerack","longitude":11.3891271,"latitude":47.2621109,"name":"Biciklitároló","city":"Innsbruck","address":null,"covered":false,"access":null,"website":null,"phone":null,"source":"OpenStreetMap/node/3856388258","sourceUpdatedAt":null,"verifiedAt":null}},{"type":"Feature","geometry":{"type":"Point","coordinates":[11.4015728,47.2661841]},"properties":{"id":"bikerack:96843d6f-15af-4e7b-b2e5-609715fcce84","kind":"bikerack","longitude":11.4015728,"latitude":47.2661841,"name":"Biciklitároló","city":"Innsbruck","address":null,"covered":false,"access":null,"website":null,"phone":null,"source":"OpenStreetMap/node/4840227291","sourceUpdatedAt":null,"verifiedAt":null}},{"type":"Feature","geometry":{"type":"Point","coordinates":[11.3889541,47.2610837]},"properties":{"id":"bikerack:968e7579-df51-4081-b279-a2dee34c7e1a","kind":"bikerack","longitude":11.3889541,"latitude":47.2610837,"name":"Biciklitároló","city":"Innsbruck","address":null,"covered":false,"access":null,"website":null,"phone":null,"source":"OpenStreetMap/node/4986925367","sourceUpdatedAt":null,"verifiedAt":null}},{"type":"Feature","geometry":{"type":"Point","coordinates":[11.411748,47.2739729]},"properties":{"id":"bikerack:96a2f6fc-cd18-4fc0-93ea-34372d4c2a01","kind":"bikerack","longitude":11.411748,"latitude":47.2739729,"name":"Biciklitároló","city":"Innsbruck","address":null,"covered":false,"access":null,"website":null,"phone":null,"source":"OpenStreetMap/way/1466033200","sourceUpdatedAt":null,"verifiedAt":null}},{"type":"Feature","geometry":{"type":"Point","coordinates":[11.409677,47.2662659]},"properties":{"id":"bikerack:96ae8f7d-afc9-44c7-90a7-3c1da8581c45","kind":"bikerack","longitude":11.409677,"latitude":47.2662659,"name":"Biciklitároló","city":"Innsbruck","address":null,"covered":false,"access":null,"website":null,"phone":null,"source":"OpenStreetMap/way/1358129842","sourceUpdatedAt":null,"verifiedAt":null}},{"type":"Feature","geometry":{"type":"Point","coordinates":[11.3880774,47.2690941]},"properties":{"id":"bikerack:9779d5f2-61e6-4f9a-94d8-ae440c7e4a16","kind":"bikerack","longitude":11.3880774,"latitude":47.2690941,"name":"Biciklitároló","city":"Innsbruck","address":null,"covered":false,"access":null,"website":null,"phone":null,"source":"OpenStreetMap/node/12398454932","sourceUpdatedAt":null,"verifiedAt":null}},{"type":"Feature","geometry":{"type":"Point","coordinates":[11.4056044,47.275915]},"properties":{"id":"bikerack:9846fcc7-b212-4736-984f-caac52e438a2","kind":"bikerack","longitude":11.4056044,"latitude":47.275915,"name":"Biciklitároló","city":"Innsbruck","address":null,"covered":false,"access":null,"website":null,"phone":null,"source":"OpenStreetMap/node/11777956854","sourceUpdatedAt":null,"verifiedAt":null}},{"type":"Feature","geometry":{"type":"Point","coordinates":[11.3838804,47.2625757]},"properties":{"id":"bikerack:998a2af1-eb2a-41d5-88d6-4d3b3e64eab6","kind":"bikerack","longitude":11.3838804,"latitude":47.2625757,"name":"Biciklitároló","city":"Innsbruck","address":null,"covered":false,"access":null,"website":null,"phone":null,"source":"OpenStreetMap/node/13232433573","sourceUpdatedAt":null,"verifiedAt":null}},{"type":"Feature","geometry":{"type":"Point","coordinates":[11.388363,47.2583749]},"properties":{"id":"bikerack:99e71f74-25ec-4854-9038-abb28cb7c93e","kind":"bikerack","longitude":11.388363,"latitude":47.2583749,"name":"Biciklitároló","city":"Innsbruck","address":null,"covered":false,"access":null,"website":null,"phone":null,"source":"OpenStreetMap/node/6461053369","sourceUpdatedAt":null,"verifiedAt":null}},{"type":"Feature","geometry":{"type":"Point","coordinates":[11.4033523,47.2757725]},"properties":{"id":"bikerack:9a8f5f29-f215-4a9b-8e0d-171752f2ab1b","kind":"bikerack","longitude":11.4033523,"latitude":47.2757725,"name":"Biciklitároló","city":"Innsbruck","address":null,"covered":false,"access":null,"website":null,"phone":null,"source":"OpenStreetMap/node/12867045403","sourceUpdatedAt":null,"verifiedAt":null}},{"type":"Feature","geometry":{"type":"Point","coordinates":[11.3916185,47.2653717]},"properties":{"id":"bikerack:9b3472e0-f39c-42b5-9ab8-97ec36c7ad23","kind":"bikerack","longitude":11.3916185,"latitude":47.2653717,"name":"Biciklitároló","city":"Innsbruck","address":null,"covered":false,"access":null,"website":null,"phone":null,"source":"OpenStreetMap/node/2016513426","sourceUpdatedAt":null,"verifiedAt":null}},{"type":"Feature","geometry":{"type":"Point","coordinates":[11.4086056,47.264887]},"properties":{"id":"bikerack:9b63fb0a-3889-400b-ad41-687bf541e20b","kind":"bikerack","longitude":11.4086056,"latitude":47.264887,"name":"Biciklitároló","city":"Innsbruck","address":null,"covered":false,"access":null,"website":null,"phone":null,"source":"OpenStreetMap/way/1365357152","sourceUpdatedAt":null,"verifiedAt":null}},{"type":"Feature","geometry":{"type":"Point","coordinates":[11.3852763,47.2636588]},"properties":{"id":"bikerack:9c2c9e23-b5f0-47d0-a6e5-6b3c4f0cc1a4","kind":"bikerack","longitude":11.3852763,"latitude":47.2636588,"name":"Biciklitároló","city":"Innsbruck","address":null,"covered":false,"access":null,"website":null,"phone":null,"source":"OpenStreetMap/way/407062860","sourceUpdatedAt":null,"verifiedAt":null}},{"type":"Feature","geometry":{"type":"Point","coordinates":[11.3893946,47.262006]},"properties":{"id":"bikerack:9d163373-d81d-4e75-9e4a-02464bf84277","kind":"bikerack","longitude":11.3893946,"latitude":47.262006,"name":"Biciklitároló","city":"Innsbruck","address":null,"covered":false,"access":null,"website":null,"phone":null,"source":"OpenStreetMap/node/8018583464","sourceUpdatedAt":null,"verifiedAt":null}},{"type":"Feature","geometry":{"type":"Point","coordinates":[11.3839863,47.2654585]},"properties":{"id":"bikerack:9d442fec-88d7-4879-bc54-9578d3b784d6","kind":"bikerack","longitude":11.3839863,"latitude":47.2654585,"name":"Biciklitároló","city":"Innsbruck","address":null,"covered":false,"access":null,"website":null,"phone":null,"source":"OpenStreetMap/node/12864265243","sourceUpdatedAt":null,"verifiedAt":null}},{"type":"Feature","geometry":{"type":"Point","coordinates":[11.393533,47.2591516]},"properties":{"id":"bikerack:9d5b49f4-637b-4d9a-9c56-8be8567b1bb4","kind":"bikerack","longitude":11.393533,"latitude":47.2591516,"name":"Biciklitároló","city":"Innsbruck","address":null,"covered":false,"access":null,"website":null,"phone":null,"source":"OpenStreetMap/node/4960001330","sourceUpdatedAt":null,"verifiedAt":null}},{"type":"Feature","geometry":{"type":"Point","coordinates":[11.3957563,47.2641757]},"properties":{"id":"bikerack:9e19e0b5-8087-4626-9db1-467f87ed5e23","kind":"bikerack","longitude":11.3957563,"latitude":47.2641757,"name":"Biciklitároló","city":"Innsbruck","address":null,"covered":false,"access":null,"website":null,"phone":null,"source":"OpenStreetMap/node/2016513373","sourceUpdatedAt":null,"verifiedAt":null}},{"type":"Feature","geometry":{"type":"Point","coordinates":[11.390062,47.2589821]},"properties":{"id":"bikerack:9e8a5a0d-fc65-45fa-851c-7c3a579eebd8","kind":"bikerack","longitude":11.390062,"latitude":47.2589821,"name":"Biciklitároló","city":"Innsbruck","address":null,"covered":true,"access":null,"website":null,"phone":null,"source":"OpenStreetMap/node/8018583454","sourceUpdatedAt":null,"verifiedAt":null}},{"type":"Feature","geometry":{"type":"Point","coordinates":[11.4099435,47.2695432]},"properties":{"id":"bikerack:9eac5080-e8a4-42b6-840b-c824407cf90d","kind":"bikerack","longitude":11.4099435,"latitude":47.2695432,"name":"Biciklitároló","city":"Innsbruck","address":null,"covered":false,"access":null,"website":null,"phone":null,"source":"OpenStreetMap/node/13039513812","sourceUpdatedAt":null,"verifiedAt":null}},{"type":"Feature","geometry":{"type":"Point","coordinates":[11.3864858,47.265208]},"properties":{"id":"bikerack:9f30f442-ade1-46c7-afe7-cf1372d9b391","kind":"bikerack","longitude":11.3864858,"latitude":47.265208,"name":"Biciklitároló","city":"Innsbruck","address":null,"covered":true,"access":null,"website":null,"phone":null,"source":"OpenStreetMap/node/6461127955","sourceUpdatedAt":null,"verifiedAt":null}},{"type":"Feature","geometry":{"type":"Point","coordinates":[11.3871322,47.2623137]},"properties":{"id":"bikerack:9f3e8274-00ea-4579-9a38-fe829724d57b","kind":"bikerack","longitude":11.3871322,"latitude":47.2623137,"name":"Biciklitároló","city":"Innsbruck","address":null,"covered":false,"access":null,"website":null,"phone":null,"source":"OpenStreetMap/node/8736322473","sourceUpdatedAt":null,"verifiedAt":null}},{"type":"Feature","geometry":{"type":"Point","coordinates":[11.4030261,47.2699824]},"properties":{"id":"bikerack:9f79765c-522b-45cb-9776-7f60da1e5127","kind":"bikerack","longitude":11.4030261,"latitude":47.2699824,"name":"Biciklitároló","city":"Innsbruck","address":null,"covered":false,"access":null,"website":null,"phone":null,"source":"OpenStreetMap/node/13048269470","sourceUpdatedAt":null,"verifiedAt":null}},{"type":"Feature","geometry":{"type":"Point","coordinates":[11.4002432,47.2661643]},"properties":{"id":"bikerack:9fa9a095-9c72-4cb0-9be6-c2bcbc18c0f2","kind":"bikerack","longitude":11.4002432,"latitude":47.2661643,"name":"Biciklitároló","city":"Innsbruck","address":null,"covered":false,"access":null,"website":null,"phone":null,"source":"OpenStreetMap/node/6461127962","sourceUpdatedAt":null,"verifiedAt":null}},{"type":"Feature","geometry":{"type":"Point","coordinates":[11.3948386,47.2582378]},"properties":{"id":"bikerack:9fdb1289-e3ed-49a4-8466-4c973585c0aa","kind":"bikerack","longitude":11.3948386,"latitude":47.2582378,"name":"Biciklitároló","city":"Innsbruck","address":null,"covered":false,"access":null,"website":null,"phone":null,"source":"OpenStreetMap/node/10811135766","sourceUpdatedAt":null,"verifiedAt":null}},{"type":"Feature","geometry":{"type":"Point","coordinates":[11.3893277,47.2623185]},"properties":{"id":"bikerack:a133752d-74cb-4d01-96c9-5ac6479d37c6","kind":"bikerack","longitude":11.3893277,"latitude":47.2623185,"name":"Biciklitároló","city":"Innsbruck","address":null,"covered":false,"access":null,"website":null,"phone":null,"source":"OpenStreetMap/node/9589840760","sourceUpdatedAt":null,"verifiedAt":null}},{"type":"Feature","geometry":{"type":"Point","coordinates":[11.3986806,47.2603701]},"properties":{"id":"bikerack:a20d399f-0eca-49dc-a405-bdfb7a5fa01c","kind":"bikerack","longitude":11.3986806,"latitude":47.2603701,"name":"Biciklitároló","city":"Innsbruck","address":null,"covered":false,"access":null,"website":null,"phone":null,"source":"OpenStreetMap/node/5062742208","sourceUpdatedAt":null,"verifiedAt":null}},{"type":"Feature","geometry":{"type":"Point","coordinates":[11.3979068,47.2697743]},"properties":{"id":"bikerack:a3448080-9f6e-4165-811f-78d0dfe81408","kind":"bikerack","longitude":11.3979068,"latitude":47.2697743,"name":"Biciklitároló","city":"Innsbruck","address":null,"covered":false,"access":null,"website":null,"phone":null,"source":"OpenStreetMap/node/1988660507","sourceUpdatedAt":null,"verifiedAt":null}},{"type":"Feature","geometry":{"type":"Point","coordinates":[11.3836303,47.2657107]},"properties":{"id":"bikerack:a3e01fc3-388d-49fd-b7c0-d5387c0727b9","kind":"bikerack","longitude":11.3836303,"latitude":47.2657107,"name":"Biciklitároló","city":"Innsbruck","address":null,"covered":false,"access":null,"website":null,"phone":null,"source":"OpenStreetMap/node/13615761770","sourceUpdatedAt":null,"verifiedAt":null}},{"type":"Feature","geometry":{"type":"Point","coordinates":[11.390007,47.2565307]},"properties":{"id":"bikerack:a4318e58-cb05-477b-ac17-aac5c876d27b","kind":"bikerack","longitude":11.390007,"latitude":47.2565307,"name":"Biciklitároló","city":"Innsbruck","address":null,"covered":false,"access":null,"website":null,"phone":null,"source":"OpenStreetMap/node/4972413165","sourceUpdatedAt":null,"verifiedAt":null}},{"type":"Feature","geometry":{"type":"Point","coordinates":[11.3876822,47.2609642]},"properties":{"id":"bikerack:a55a92ed-947c-4390-beb2-18a990daf6d2","kind":"bikerack","longitude":11.3876822,"latitude":47.2609642,"name":"Biciklitároló","city":"Innsbruck","address":null,"covered":true,"access":null,"website":null,"phone":null,"source":"OpenStreetMap/node/8958018733","sourceUpdatedAt":null,"verifiedAt":null}},{"type":"Feature","geometry":{"type":"Point","coordinates":[11.41721,47.2724521]},"properties":{"id":"bikerack:a5bfa734-9842-4b59-8f44-fb7b28fc94d2","kind":"bikerack","longitude":11.41721,"latitude":47.2724521,"name":"Biciklitároló","city":"Innsbruck","address":null,"covered":false,"access":null,"website":null,"phone":null,"source":"OpenStreetMap/node/12985409267","sourceUpdatedAt":null,"verifiedAt":null}},{"type":"Feature","geometry":{"type":"Point","coordinates":[11.3938236,47.2602635]},"properties":{"id":"bikerack:a5f0b9b0-5a7d-4977-a14e-9ff992ba76b3","kind":"bikerack","longitude":11.3938236,"latitude":47.2602635,"name":"Biciklitároló","city":"Innsbruck","address":null,"covered":false,"access":null,"website":null,"phone":null,"source":"OpenStreetMap/node/4986925381","sourceUpdatedAt":null,"verifiedAt":null}},{"type":"Feature","geometry":{"type":"Point","coordinates":[11.3857082,47.2673983]},"properties":{"id":"bikerack:a5f9360a-25fe-426c-969c-261ece57577c","kind":"bikerack","longitude":11.3857082,"latitude":47.2673983,"name":"Biciklitároló","city":"Innsbruck","address":null,"covered":false,"access":null,"website":null,"phone":null,"source":"OpenStreetMap/node/12849584062","sourceUpdatedAt":null,"verifiedAt":null}},{"type":"Feature","geometry":{"type":"Point","coordinates":[11.3892491,47.265805]},"properties":{"id":"bikerack:a69a5ae5-34db-4a43-a38a-ef2ad11e0c66","kind":"bikerack","longitude":11.3892491,"latitude":47.265805,"name":"Biciklitároló","city":"Innsbruck","address":null,"covered":false,"access":null,"website":null,"phone":null,"source":"OpenStreetMap/node/8958049874","sourceUpdatedAt":null,"verifiedAt":null}},{"type":"Feature","geometry":{"type":"Point","coordinates":[11.4066032,47.2601598]},"properties":{"id":"bikerack:a7d3f282-5dba-42cb-8d9f-c8e1f5e3f6ee","kind":"bikerack","longitude":11.4066032,"latitude":47.2601598,"name":"Biciklitároló","city":"Innsbruck","address":null,"covered":false,"access":null,"website":null,"phone":null,"source":"OpenStreetMap/node/11370657409","sourceUpdatedAt":null,"verifiedAt":null}},{"type":"Feature","geometry":{"type":"Point","coordinates":[11.4062279,47.260086]},"properties":{"id":"bikerack:a7dea6ea-ac4f-4bdd-95ef-ed27262031af","kind":"bikerack","longitude":11.4062279,"latitude":47.260086,"name":"Biciklitároló","city":"Innsbruck","address":null,"covered":false,"access":null,"website":null,"phone":null,"source":"OpenStreetMap/node/11370657406","sourceUpdatedAt":null,"verifiedAt":null}},{"type":"Feature","geometry":{"type":"Point","coordinates":[11.3925145,47.2624277]},"properties":{"id":"bikerack:a9033589-9a2a-48ee-840f-eb473996310f","kind":"bikerack","longitude":11.3925145,"latitude":47.2624277,"name":"Biciklitároló","city":"Innsbruck","address":null,"covered":false,"access":null,"website":null,"phone":null,"source":"OpenStreetMap/node/8958056719","sourceUpdatedAt":null,"verifiedAt":null}},{"type":"Feature","geometry":{"type":"Point","coordinates":[11.3927508,47.2649652]},"properties":{"id":"bikerack:a9a5829a-9a95-43d3-9e6d-0a5164dc6eac","kind":"bikerack","longitude":11.3927508,"latitude":47.2649652,"name":"Biciklitároló","city":"Innsbruck","address":null,"covered":false,"access":null,"website":null,"phone":null,"source":"OpenStreetMap/node/2016513390","sourceUpdatedAt":null,"verifiedAt":null}},{"type":"Feature","geometry":{"type":"Point","coordinates":[11.4052181,47.2585056]},"properties":{"id":"bikerack:a9c42aa1-3336-4f5d-a251-3efda1da772e","kind":"bikerack","longitude":11.4052181,"latitude":47.2585056,"name":"Biciklitároló","city":"Innsbruck","address":null,"covered":false,"access":null,"website":null,"phone":null,"source":"OpenStreetMap/node/2016513173","sourceUpdatedAt":null,"verifiedAt":null}},{"type":"Feature","geometry":{"type":"Point","coordinates":[11.3970068,47.2595575]},"properties":{"id":"bikerack:a9d7edea-9593-4767-8467-efb09a7193fc","kind":"bikerack","longitude":11.3970068,"latitude":47.2595575,"name":"Biciklitároló","city":"Innsbruck","address":null,"covered":false,"access":null,"website":null,"phone":null,"source":"OpenStreetMap/node/5062742210","sourceUpdatedAt":null,"verifiedAt":null}},{"type":"Feature","geometry":{"type":"Point","coordinates":[11.4091896,47.2660134]},"properties":{"id":"bikerack:a9e88845-ae3a-4b0f-8bb8-f8814f734913","kind":"bikerack","longitude":11.4091896,"latitude":47.2660134,"name":"Biciklitároló","city":"Innsbruck","address":null,"covered":false,"access":null,"website":null,"phone":null,"source":"OpenStreetMap/way/1390447015","sourceUpdatedAt":null,"verifiedAt":null}},{"type":"Feature","geometry":{"type":"Point","coordinates":[11.3875393,47.2634838]},"properties":{"id":"bikerack:aaa2cb6b-f3b6-4c96-9571-405dcbfc221c","kind":"bikerack","longitude":11.3875393,"latitude":47.2634838,"name":"Biciklitároló","city":"Innsbruck","address":null,"covered":false,"access":null,"website":null,"phone":null,"source":"OpenStreetMap/node/2016513330","sourceUpdatedAt":null,"verifiedAt":null}},{"type":"Feature","geometry":{"type":"Point","coordinates":[11.4008712,47.2757315]},"properties":{"id":"bikerack:aad655b4-a84c-46e1-af71-99b920f2b2e9","kind":"bikerack","longitude":11.4008712,"latitude":47.2757315,"name":"Biciklitároló","city":"Innsbruck","address":null,"covered":false,"access":null,"website":null,"phone":null,"source":"OpenStreetMap/node/4913196141","sourceUpdatedAt":null,"verifiedAt":null}},{"type":"Feature","geometry":{"type":"Point","coordinates":[11.3886806,47.2658133]},"properties":{"id":"bikerack:ab045c6e-a71f-400e-9e21-86afaad8ab62","kind":"bikerack","longitude":11.3886806,"latitude":47.2658133,"name":"Biciklitároló","city":"Innsbruck","address":null,"covered":false,"access":null,"website":null,"phone":null,"source":"OpenStreetMap/node/11111654495","sourceUpdatedAt":null,"verifiedAt":null}},{"type":"Feature","geometry":{"type":"Point","coordinates":[11.4173063,47.2791216]},"properties":{"id":"bikerack:abca4d2f-cafa-43b8-b457-d6034b179091","kind":"bikerack","longitude":11.4173063,"latitude":47.2791216,"name":"Biciklitároló","city":"Innsbruck","address":null,"covered":false,"access":null,"website":null,"phone":null,"source":"OpenStreetMap/node/13516676111","sourceUpdatedAt":null,"verifiedAt":null}},{"type":"Feature","geometry":{"type":"Point","coordinates":[11.4153461,47.2784582]},"properties":{"id":"bikerack:ac486655-e017-4d91-bc52-0993496ca12e","kind":"bikerack","longitude":11.4153461,"latitude":47.2784582,"name":"Biciklitároló","city":"Innsbruck","address":null,"covered":false,"access":null,"website":null,"phone":null,"source":"OpenStreetMap/node/4879154255","sourceUpdatedAt":null,"verifiedAt":null}},{"type":"Feature","geometry":{"type":"Point","coordinates":[11.3955868,47.2686683]},"properties":{"id":"bikerack:aca43d5f-af44-4839-8d11-d303c21b533f","kind":"bikerack","longitude":11.3955868,"latitude":47.2686683,"name":"Biciklitároló","city":"Innsbruck","address":null,"covered":false,"access":null,"website":null,"phone":null,"source":"OpenStreetMap/node/1988660480","sourceUpdatedAt":null,"verifiedAt":null}},{"type":"Feature","geometry":{"type":"Point","coordinates":[11.3846138,47.2593082]},"properties":{"id":"bikerack:acf20603-fdea-4517-be56-1c1007bb91ae","kind":"bikerack","longitude":11.3846138,"latitude":47.2593082,"name":"Biciklitároló","city":"Innsbruck","address":null,"covered":false,"access":null,"website":null,"phone":null,"source":"OpenStreetMap/node/8809196673","sourceUpdatedAt":null,"verifiedAt":null}},{"type":"Feature","geometry":{"type":"Point","coordinates":[11.404666,47.2776881]},"properties":{"id":"bikerack:ad7625b9-4af9-408f-94ef-31f684406710","kind":"bikerack","longitude":11.404666,"latitude":47.2776881,"name":"Biciklitároló","city":"Innsbruck","address":null,"covered":false,"access":null,"website":null,"phone":null,"source":"OpenStreetMap/node/11774273823","sourceUpdatedAt":null,"verifiedAt":null}},{"type":"Feature","geometry":{"type":"Point","coordinates":[11.4053883,47.2719012]},"properties":{"id":"bikerack:adec218c-e925-4e49-9c51-47b0d98c19e4","kind":"bikerack","longitude":11.4053883,"latitude":47.2719012,"name":"Biciklitároló","city":"Innsbruck","address":null,"covered":false,"access":null,"website":null,"phone":null,"source":"OpenStreetMap/node/11777945558","sourceUpdatedAt":null,"verifiedAt":null}},{"type":"Feature","geometry":{"type":"Point","coordinates":[11.3893552,47.2593463]},"properties":{"id":"bikerack:adffbf30-e9c7-441a-83d4-55d8729c80ec","kind":"bikerack","longitude":11.3893552,"latitude":47.2593463,"name":"Biciklitároló","city":"Innsbruck","address":null,"covered":false,"access":null,"website":null,"phone":null,"source":"OpenStreetMap/node/13033684274","sourceUpdatedAt":null,"verifiedAt":null}},{"type":"Feature","geometry":{"type":"Point","coordinates":[11.3896429,47.2612427]},"properties":{"id":"bikerack:ae72edcc-bc11-41db-bfc5-52b7667cd05e","kind":"bikerack","longitude":11.3896429,"latitude":47.2612427,"name":"Biciklitároló","city":"Innsbruck","address":null,"covered":false,"access":null,"website":null,"phone":null,"source":"OpenStreetMap/node/13033669188","sourceUpdatedAt":null,"verifiedAt":null}},{"type":"Feature","geometry":{"type":"Point","coordinates":[11.384833,47.2603849]},"properties":{"id":"bikerack:aeedfb85-bf5d-4c14-ac32-5e414d662128","kind":"bikerack","longitude":11.384833,"latitude":47.2603849,"name":"Biciklitároló","city":"Innsbruck","address":null,"covered":false,"access":null,"website":null,"phone":null,"source":"OpenStreetMap/node/8875607825","sourceUpdatedAt":null,"verifiedAt":null}},{"type":"Feature","geometry":{"type":"Point","coordinates":[11.417644,47.2764528]},"properties":{"id":"bikerack:aefb94a4-8ccf-48e4-b054-ab79d8b2168b","kind":"bikerack","longitude":11.417644,"latitude":47.2764528,"name":"Biciklitároló","city":"Innsbruck","address":null,"covered":false,"access":null,"website":null,"phone":null,"source":"OpenStreetMap/way/1362658600","sourceUpdatedAt":null,"verifiedAt":null}},{"type":"Feature","geometry":{"type":"Point","coordinates":[11.3953779,47.2603025]},"properties":{"id":"bikerack:af788486-1b5e-4eba-afb1-39f9f666b849","kind":"bikerack","longitude":11.3953779,"latitude":47.2603025,"name":"Biciklitároló","city":"Innsbruck","address":null,"covered":false,"access":null,"website":null,"phone":null,"source":"OpenStreetMap/node/5001780903","sourceUpdatedAt":null,"verifiedAt":null}},{"type":"Feature","geometry":{"type":"Point","coordinates":[11.4144475,47.2643417]},"properties":{"id":"bikerack:b27e5362-ded3-4907-83cd-24356b16479b","kind":"bikerack","longitude":11.4144475,"latitude":47.2643417,"name":"Biciklitároló","city":"Innsbruck","address":null,"covered":false,"access":null,"website":null,"phone":null,"source":"OpenStreetMap/way/1359897802","sourceUpdatedAt":null,"verifiedAt":null}},{"type":"Feature","geometry":{"type":"Point","coordinates":[11.4106243,47.265521]},"properties":{"id":"bikerack:b2accc8c-74af-4141-9940-79498a6fb66f","kind":"bikerack","longitude":11.4106243,"latitude":47.265521,"name":"Biciklitároló","city":"Innsbruck","address":null,"covered":false,"access":null,"website":null,"phone":null,"source":"OpenStreetMap/way/1389334559","sourceUpdatedAt":null,"verifiedAt":null}},{"type":"Feature","geometry":{"type":"Point","coordinates":[11.3879441,47.2601917]},"properties":{"id":"bikerack:b2e4a6b4-319b-4c3e-a71a-8ae697dbd362","kind":"bikerack","longitude":11.3879441,"latitude":47.2601917,"name":"Biciklitároló","city":"Innsbruck","address":null,"covered":false,"access":null,"website":null,"phone":null,"source":"OpenStreetMap/node/4986925361","sourceUpdatedAt":null,"verifiedAt":null}},{"type":"Feature","geometry":{"type":"Point","coordinates":[11.389279,47.2662092]},"properties":{"id":"bikerack:b36f7343-5900-4fa4-a85e-544c81a5ff29","kind":"bikerack","longitude":11.389279,"latitude":47.2662092,"name":"Biciklitároló","city":"Innsbruck","address":null,"covered":false,"access":null,"website":null,"phone":null,"source":"OpenStreetMap/node/1988660453","sourceUpdatedAt":null,"verifiedAt":null}},{"type":"Feature","geometry":{"type":"Point","coordinates":[11.3861591,47.263176]},"properties":{"id":"bikerack:b3bb697d-4102-4a56-afdc-7ed4d039d618","kind":"bikerack","longitude":11.3861591,"latitude":47.263176,"name":"Biciklitároló","city":"Innsbruck","address":null,"covered":false,"access":null,"website":null,"phone":null,"source":"OpenStreetMap/node/8736376123","sourceUpdatedAt":null,"verifiedAt":null}},{"type":"Feature","geometry":{"type":"Point","coordinates":[11.3998314,47.2638954]},"properties":{"id":"bikerack:b50c898b-9117-4c5e-a431-87364550a48b","kind":"bikerack","longitude":11.3998314,"latitude":47.2638954,"name":"Biciklitároló","city":"Innsbruck","address":null,"covered":false,"access":null,"website":null,"phone":null,"source":"OpenStreetMap/node/2016513360","sourceUpdatedAt":null,"verifiedAt":null}},{"type":"Feature","geometry":{"type":"Point","coordinates":[11.3970722,47.2573657]},"properties":{"id":"bikerack:b5b6eba0-bf88-4d15-8557-b5263a1a0282","kind":"bikerack","longitude":11.3970722,"latitude":47.2573657,"name":"Biciklitároló","city":"Innsbruck","address":null,"covered":false,"access":null,"website":null,"phone":null,"source":"OpenStreetMap/node/2016513137","sourceUpdatedAt":null,"verifiedAt":null}},{"type":"Feature","geometry":{"type":"Point","coordinates":[11.3948021,47.2583248]},"properties":{"id":"bikerack:b5bbd506-1311-4def-940a-aee28c277220","kind":"bikerack","longitude":11.3948021,"latitude":47.2583248,"name":"Biciklitároló","city":"Innsbruck","address":null,"covered":false,"access":null,"website":null,"phone":null,"source":"OpenStreetMap/node/9721237449","sourceUpdatedAt":null,"verifiedAt":null}},{"type":"Feature","geometry":{"type":"Point","coordinates":[11.3898038,47.2593741]},"properties":{"id":"bikerack:b60d12a6-3b1f-4fac-89cc-aff71768f28f","kind":"bikerack","longitude":11.3898038,"latitude":47.2593741,"name":"Biciklitároló","city":"Innsbruck","address":null,"covered":false,"access":null,"website":null,"phone":null,"source":"OpenStreetMap/node/13033679432","sourceUpdatedAt":null,"verifiedAt":null}},{"type":"Feature","geometry":{"type":"Point","coordinates":[11.3880882,47.2636448]},"properties":{"id":"bikerack:b6322f4f-efb4-4408-9192-d4477055328f","kind":"bikerack","longitude":11.3880882,"latitude":47.2636448,"name":"Biciklitároló","city":"Innsbruck","address":null,"covered":false,"access":null,"website":null,"phone":null,"source":"OpenStreetMap/node/11111654497","sourceUpdatedAt":null,"verifiedAt":null}},{"type":"Feature","geometry":{"type":"Point","coordinates":[11.3845765,47.2644284]},"properties":{"id":"bikerack:b6944c82-de83-4b83-b50d-7966a584373a","kind":"bikerack","longitude":11.3845765,"latitude":47.2644284,"name":"Biciklitároló","city":"Innsbruck","address":null,"covered":false,"access":null,"website":null,"phone":null,"source":"OpenStreetMap/way/1332468844","sourceUpdatedAt":null,"verifiedAt":null}},{"type":"Feature","geometry":{"type":"Point","coordinates":[11.3869273,47.2597014]},"properties":{"id":"bikerack:b6bc76fd-ea81-4ded-8b4b-7e9337bfab30","kind":"bikerack","longitude":11.3869273,"latitude":47.2597014,"name":"Biciklitároló","city":"Innsbruck","address":null,"covered":false,"access":null,"website":null,"phone":null,"source":"OpenStreetMap/node/2016513195","sourceUpdatedAt":null,"verifiedAt":null}},{"type":"Feature","geometry":{"type":"Point","coordinates":[11.4033976,47.2726013]},"properties":{"id":"bikerack:b6d9dab0-3cf3-4426-99d0-5c63efec63b9","kind":"bikerack","longitude":11.4033976,"latitude":47.2726013,"name":"Biciklitároló","city":"Innsbruck","address":null,"covered":false,"access":null,"website":null,"phone":null,"source":"OpenStreetMap/node/13230425606","sourceUpdatedAt":null,"verifiedAt":null}},{"type":"Feature","geometry":{"type":"Point","coordinates":[11.3918985,47.2655786]},"properties":{"id":"bikerack:b73b8547-2828-4906-a9ef-713917867d2c","kind":"bikerack","longitude":11.3918985,"latitude":47.2655786,"name":"Biciklitároló","city":"Innsbruck","address":null,"covered":true,"access":null,"website":null,"phone":null,"source":"OpenStreetMap/node/5062517610","sourceUpdatedAt":null,"verifiedAt":null}},{"type":"Feature","geometry":{"type":"Point","coordinates":[11.3884587,47.2620374]},"properties":{"id":"bikerack:b7fbfce9-7cdb-4c54-9e43-d6d0d4fe8ef0","kind":"bikerack","longitude":11.3884587,"latitude":47.2620374,"name":"Biciklitároló","city":"Innsbruck","address":null,"covered":false,"access":null,"website":null,"phone":null,"source":"OpenStreetMap/node/3856380103","sourceUpdatedAt":null,"verifiedAt":null}},{"type":"Feature","geometry":{"type":"Point","coordinates":[11.4085942,47.2638619]},"properties":{"id":"bikerack:b883f65f-1f50-47d8-9071-4c7e9d20e5f3","kind":"bikerack","longitude":11.4085942,"latitude":47.2638619,"name":"Biciklitároló","city":"Innsbruck","address":null,"covered":false,"access":null,"website":null,"phone":null,"source":"OpenStreetMap/way/1388514719","sourceUpdatedAt":null,"verifiedAt":null}},{"type":"Feature","geometry":{"type":"Point","coordinates":[11.3936203,47.2608457]},"properties":{"id":"bikerack:b8f62504-0dba-43e3-a671-a959662628f8","kind":"bikerack","longitude":11.3936203,"latitude":47.2608457,"name":"Biciklitároló","city":"Innsbruck","address":null,"covered":false,"access":null,"website":null,"phone":null,"source":"OpenStreetMap/node/4986925380","sourceUpdatedAt":null,"verifiedAt":null}},{"type":"Feature","geometry":{"type":"Point","coordinates":[11.3917067,47.270644]},"properties":{"id":"bikerack:ba621aed-746e-476e-8b6d-97636f40fe30","kind":"bikerack","longitude":11.3917067,"latitude":47.270644,"name":"Biciklitároló","city":"Innsbruck","address":null,"covered":false,"access":null,"website":null,"phone":null,"source":"OpenStreetMap/node/13546045047","sourceUpdatedAt":null,"verifiedAt":null}},{"type":"Feature","geometry":{"type":"Point","coordinates":[11.3913316,47.2612104]},"properties":{"id":"bikerack:ba9d59fa-a0f7-4edc-9c10-99d63dcf0888","kind":"bikerack","longitude":11.3913316,"latitude":47.2612104,"name":"Biciklitároló","city":"Innsbruck","address":null,"covered":false,"access":null,"website":null,"phone":null,"source":"OpenStreetMap/node/13674233997","sourceUpdatedAt":null,"verifiedAt":null}},{"type":"Feature","geometry":{"type":"Point","coordinates":[11.3951065,47.2681941]},"properties":{"id":"bikerack:bb664051-59d6-4762-93d8-a8663c2e1a6e","kind":"bikerack","longitude":11.3951065,"latitude":47.2681941,"name":"Biciklitároló","city":"Innsbruck","address":null,"covered":false,"access":null,"website":null,"phone":null,"source":"OpenStreetMap/node/1988660478","sourceUpdatedAt":null,"verifiedAt":null}},{"type":"Feature","geometry":{"type":"Point","coordinates":[11.4034784,47.2725906]},"properties":{"id":"bikerack:bbeb067e-eecd-42d8-9398-9faa2b6e4e8c","kind":"bikerack","longitude":11.4034784,"latitude":47.2725906,"name":"Biciklitároló","city":"Innsbruck","address":null,"covered":false,"access":null,"website":null,"phone":null,"source":"OpenStreetMap/node/13230422565","sourceUpdatedAt":null,"verifiedAt":null}},{"type":"Feature","geometry":{"type":"Point","coordinates":[11.4123891,47.2564155]},"properties":{"id":"bikerack:bd396e2f-ba0b-4907-8bb3-98d8ee13f82a","kind":"bikerack","longitude":11.4123891,"latitude":47.2564155,"name":"Biciklitároló","city":"Innsbruck","address":null,"covered":false,"access":null,"website":null,"phone":null,"source":"OpenStreetMap/way/1459779325","sourceUpdatedAt":null,"verifiedAt":null}},{"type":"Feature","geometry":{"type":"Point","coordinates":[11.3960846,47.268236]},"properties":{"id":"bikerack:bdbc1e21-63da-4589-80d9-ce94af329df2","kind":"bikerack","longitude":11.3960846,"latitude":47.268236,"name":"Biciklitároló","city":"Innsbruck","address":null,"covered":false,"access":null,"website":null,"phone":null,"source":"OpenStreetMap/node/11111654491","sourceUpdatedAt":null,"verifiedAt":null}},{"type":"Feature","geometry":{"type":"Point","coordinates":[11.3900587,47.2672817]},"properties":{"id":"bikerack:bdd3d9a6-d648-4d1f-8bc4-f3140de4cffb","kind":"bikerack","longitude":11.3900587,"latitude":47.2672817,"name":"Biciklitároló","city":"Innsbruck","address":null,"covered":false,"access":null,"website":null,"phone":null,"source":"OpenStreetMap/node/1988660477","sourceUpdatedAt":null,"verifiedAt":null}},{"type":"Feature","geometry":{"type":"Point","coordinates":[11.4229958,47.271644]},"properties":{"id":"bikerack:bdf74ecf-d975-489c-af57-f6b95a24c532","kind":"bikerack","longitude":11.4229958,"latitude":47.271644,"name":"Biciklitároló","city":"Ampass","address":null,"covered":false,"access":null,"website":null,"phone":null,"source":"OpenStreetMap/node/12478782356","sourceUpdatedAt":null,"verifiedAt":null}},{"type":"Feature","geometry":{"type":"Point","coordinates":[11.4125243,47.2559904]},"properties":{"id":"bikerack:be43a844-567a-4661-b8c4-fbd4db421933","kind":"bikerack","longitude":11.4125243,"latitude":47.2559904,"name":"Biciklitároló","city":"Innsbruck","address":null,"covered":false,"access":null,"website":null,"phone":null,"source":"OpenStreetMap/way/1459779321","sourceUpdatedAt":null,"verifiedAt":null}},{"type":"Feature","geometry":{"type":"Point","coordinates":[11.3980817,47.2697352]},"properties":{"id":"bikerack:be673dd8-c5df-4adf-8d37-255250f9b301","kind":"bikerack","longitude":11.3980817,"latitude":47.2697352,"name":"Biciklitároló","city":"Innsbruck","address":null,"covered":false,"access":null,"website":null,"phone":null,"source":"OpenStreetMap/node/1988660504","sourceUpdatedAt":null,"verifiedAt":null}},{"type":"Feature","geometry":{"type":"Point","coordinates":[11.3851448,47.2631118]},"properties":{"id":"bikerack:bee068f1-9625-40cc-8f8c-43a702e9fdf4","kind":"bikerack","longitude":11.3851448,"latitude":47.2631118,"name":"Biciklitároló","city":"Innsbruck","address":null,"covered":false,"access":null,"website":null,"phone":null,"source":"OpenStreetMap/node/2016513308","sourceUpdatedAt":null,"verifiedAt":null}},{"type":"Feature","geometry":{"type":"Point","coordinates":[11.4118862,47.2646748]},"properties":{"id":"bikerack:bef04f00-3303-4a66-92a5-af4b5ae512d2","kind":"bikerack","longitude":11.4118862,"latitude":47.2646748,"name":"Biciklitároló","city":"Innsbruck","address":null,"covered":false,"access":null,"website":null,"phone":null,"source":"OpenStreetMap/way/1387581716","sourceUpdatedAt":null,"verifiedAt":null}},{"type":"Feature","geometry":{"type":"Point","coordinates":[11.4098229,47.2652385]},"properties":{"id":"bikerack:bf46e2ca-d7df-40e9-a0f9-6fab08bf60f4","kind":"bikerack","longitude":11.4098229,"latitude":47.2652385,"name":"Biciklitároló","city":"Innsbruck","address":null,"covered":false,"access":null,"website":null,"phone":null,"source":"OpenStreetMap/way/1361006574","sourceUpdatedAt":null,"verifiedAt":null}},{"type":"Feature","geometry":{"type":"Point","coordinates":[11.4186462,47.2717635]},"properties":{"id":"bikerack:bfe971e7-f415-4720-95bf-419e139dedb6","kind":"bikerack","longitude":11.4186462,"latitude":47.2717635,"name":"Biciklitároló","city":"Innsbruck","address":null,"covered":false,"access":null,"website":null,"phone":null,"source":"OpenStreetMap/node/12297292880","sourceUpdatedAt":null,"verifiedAt":null}},{"type":"Feature","geometry":{"type":"Point","coordinates":[11.3877493,47.2609741]},"properties":{"id":"bikerack:c05dabad-3a17-4d1b-abe5-872ba04976e2","kind":"bikerack","longitude":11.3877493,"latitude":47.2609741,"name":"Biciklitároló","city":"Innsbruck","address":null,"covered":true,"access":null,"website":null,"phone":null,"source":"OpenStreetMap/way/389736180","sourceUpdatedAt":null,"verifiedAt":null}},{"type":"Feature","geometry":{"type":"Point","coordinates":[11.4133474,47.2658397]},"properties":{"id":"bikerack:c16c19da-3a70-4e9a-8730-98a63adcf570","kind":"bikerack","longitude":11.4133474,"latitude":47.2658397,"name":"Biciklitároló","city":"Innsbruck","address":null,"covered":false,"access":null,"website":null,"phone":null,"source":"OpenStreetMap/way/1442857143","sourceUpdatedAt":null,"verifiedAt":null}},{"type":"Feature","geometry":{"type":"Point","coordinates":[11.4122104,47.2771489]},"properties":{"id":"bikerack:c174b7b4-e8b4-43fc-96f0-a795825a3302","kind":"bikerack","longitude":11.4122104,"latitude":47.2771489,"name":"Biciklitároló","city":"Innsbruck","address":null,"covered":false,"access":null,"website":null,"phone":null,"source":"OpenStreetMap/way/1076055690","sourceUpdatedAt":null,"verifiedAt":null}},{"type":"Feature","geometry":{"type":"Point","coordinates":[11.405167,47.2701632]},"properties":{"id":"bikerack:c20c3765-f7ae-4775-8583-8c38fbdb2c9a","kind":"bikerack","longitude":11.405167,"latitude":47.2701632,"name":"Biciklitároló","city":"Innsbruck","address":null,"covered":false,"access":null,"website":null,"phone":null,"source":"OpenStreetMap/node/12886249321","sourceUpdatedAt":null,"verifiedAt":null}},{"type":"Feature","geometry":{"type":"Point","coordinates":[11.399888,47.2641228]},"properties":{"id":"bikerack:c25f5aec-f8ba-4371-a82d-82b7d167668b","kind":"bikerack","longitude":11.399888,"latitude":47.2641228,"name":"Biciklitároló","city":"Innsbruck","address":null,"covered":false,"access":null,"website":null,"phone":null,"source":"OpenStreetMap/way/354283743","sourceUpdatedAt":null,"verifiedAt":null}},{"type":"Feature","geometry":{"type":"Point","coordinates":[11.4192726,47.2678736]},"properties":{"id":"bikerack:c27210fd-0e01-42df-b76a-18ed76d7ec85","kind":"bikerack","longitude":11.4192726,"latitude":47.2678736,"name":"Biciklitároló","city":"Innsbruck","address":null,"covered":false,"access":null,"website":null,"phone":null,"source":"OpenStreetMap/node/9595651544","sourceUpdatedAt":null,"verifiedAt":null}},{"type":"Feature","geometry":{"type":"Point","coordinates":[11.4125152,47.2551153]},"properties":{"id":"bikerack:c2a70a25-c1ea-45ee-ae5f-631c1a4e0e55","kind":"bikerack","longitude":11.4125152,"latitude":47.2551153,"name":"Biciklitároló","city":"Innsbruck","address":null,"covered":false,"access":null,"website":null,"phone":null,"source":"OpenStreetMap/way/1186651245","sourceUpdatedAt":null,"verifiedAt":null}},{"type":"Feature","geometry":{"type":"Point","coordinates":[11.4035214,47.2666274]},"properties":{"id":"bikerack:c362f1ca-dbc2-43a5-8905-eef9654a316e","kind":"bikerack","longitude":11.4035214,"latitude":47.2666274,"name":"Biciklitároló","city":"Innsbruck","address":null,"covered":false,"access":null,"website":null,"phone":null,"source":"OpenStreetMap/node/4247293917","sourceUpdatedAt":null,"verifiedAt":null}},{"type":"Feature","geometry":{"type":"Point","coordinates":[11.4140521,47.2663062]},"properties":{"id":"bikerack:c386432a-f89f-4e54-9017-fc2fd9599101","kind":"bikerack","longitude":11.4140521,"latitude":47.2663062,"name":"Biciklitároló","city":"Innsbruck","address":null,"covered":false,"access":null,"website":null,"phone":null,"source":"OpenStreetMap/way/1424377511","sourceUpdatedAt":null,"verifiedAt":null}},{"type":"Feature","geometry":{"type":"Point","coordinates":[11.400275,47.2779671]},"properties":{"id":"bikerack:c3b206ad-5c3b-4db8-9b80-6136619f3d08","kind":"bikerack","longitude":11.400275,"latitude":47.2779671,"name":"Biciklitároló","city":"Innsbruck","address":null,"covered":false,"access":null,"website":null,"phone":null,"source":"OpenStreetMap/node/12866485909","sourceUpdatedAt":null,"verifiedAt":null}},{"type":"Feature","geometry":{"type":"Point","coordinates":[11.3899917,47.2603848]},"properties":{"id":"bikerack:c3ba1e45-face-4ffc-849e-8655125e31fb","kind":"bikerack","longitude":11.3899917,"latitude":47.2603848,"name":"Biciklitároló","city":"Innsbruck","address":null,"covered":false,"access":null,"website":null,"phone":null,"source":"OpenStreetMap/node/9759693947","sourceUpdatedAt":null,"verifiedAt":null}},{"type":"Feature","geometry":{"type":"Point","coordinates":[11.3958063,47.2604704]},"properties":{"id":"bikerack:c44c6c35-e1cf-456a-b28b-a9cd5e2cc3c8","kind":"bikerack","longitude":11.3958063,"latitude":47.2604704,"name":"Biciklitároló","city":"Innsbruck","address":null,"covered":false,"access":null,"website":null,"phone":null,"source":"OpenStreetMap/node/11420545957","sourceUpdatedAt":null,"verifiedAt":null}},{"type":"Feature","geometry":{"type":"Point","coordinates":[11.4089002,47.2661085]},"properties":{"id":"bikerack:c4def484-40f4-4627-a573-f29dbc04fb33","kind":"bikerack","longitude":11.4089002,"latitude":47.2661085,"name":"Biciklitároló","city":"Innsbruck","address":null,"covered":false,"access":null,"website":null,"phone":null,"source":"OpenStreetMap/node/12692686373","sourceUpdatedAt":null,"verifiedAt":null}},{"type":"Feature","geometry":{"type":"Point","coordinates":[11.400272,47.2626564]},"properties":{"id":"bikerack:c4f34621-64f4-4c04-90cb-913f0d9a8198","kind":"bikerack","longitude":11.400272,"latitude":47.2626564,"name":"Biciklitároló","city":"Innsbruck","address":null,"covered":true,"access":null,"website":null,"phone":null,"source":"OpenStreetMap/way/46726914","sourceUpdatedAt":null,"verifiedAt":null}},{"type":"Feature","geometry":{"type":"Point","coordinates":[11.3878828,47.2676035]},"properties":{"id":"bikerack:c591402f-227f-4367-9529-7d6d752b4ffc","kind":"bikerack","longitude":11.3878828,"latitude":47.2676035,"name":"Biciklitároló","city":"Innsbruck","address":null,"covered":false,"access":null,"website":null,"phone":null,"source":"OpenStreetMap/node/2016513480","sourceUpdatedAt":null,"verifiedAt":null}},{"type":"Feature","geometry":{"type":"Point","coordinates":[11.3964788,47.2626602]},"properties":{"id":"bikerack:c59e4a04-622d-4a28-a869-9cef995505dd","kind":"bikerack","longitude":11.3964788,"latitude":47.2626602,"name":"Biciklitároló","city":"Innsbruck","address":null,"covered":false,"access":null,"website":null,"phone":null,"source":"OpenStreetMap/node/11418268208","sourceUpdatedAt":null,"verifiedAt":null}},{"type":"Feature","geometry":{"type":"Point","coordinates":[11.4053043,47.2581978]},"properties":{"id":"bikerack:c5a2ddf8-6e49-4d50-99c8-4b3da20fad6a","kind":"bikerack","longitude":11.4053043,"latitude":47.2581978,"name":"Biciklitároló","city":"Innsbruck","address":null,"covered":false,"access":null,"website":null,"phone":null,"source":"OpenStreetMap/node/2016513163","sourceUpdatedAt":null,"verifiedAt":null}},{"type":"Feature","geometry":{"type":"Point","coordinates":[11.4096915,47.2631208]},"properties":{"id":"bikerack:c7218d7f-5895-4dc2-ace8-cddd97ce40a4","kind":"bikerack","longitude":11.4096915,"latitude":47.2631208,"name":"Biciklitároló","city":"Innsbruck","address":null,"covered":false,"access":null,"website":null,"phone":null,"source":"OpenStreetMap/way/1426051059","sourceUpdatedAt":null,"verifiedAt":null}},{"type":"Feature","geometry":{"type":"Point","coordinates":[11.3846082,47.2573808]},"properties":{"id":"bikerack:c84bc1b1-acaa-490c-97fc-3cb5938ac0e1","kind":"bikerack","longitude":11.3846082,"latitude":47.2573808,"name":"Biciklitároló","city":"Innsbruck","address":null,"covered":false,"access":null,"website":null,"phone":null,"source":"OpenStreetMap/node/13674225084","sourceUpdatedAt":null,"verifiedAt":null}},{"type":"Feature","geometry":{"type":"Point","coordinates":[11.3902357,47.2652847]},"properties":{"id":"bikerack:c9545e28-90cb-4324-bc84-9ddb0637544a","kind":"bikerack","longitude":11.3902357,"latitude":47.2652847,"name":"Biciklitároló","city":"Innsbruck","address":null,"covered":false,"access":null,"website":null,"phone":null,"source":"OpenStreetMap/node/13076276154","sourceUpdatedAt":null,"verifiedAt":null}},{"type":"Feature","geometry":{"type":"Point","coordinates":[11.3888973,47.2638159]},"properties":{"id":"bikerack:c9fd9215-2e75-4a46-a548-b447c08dd101","kind":"bikerack","longitude":11.3888973,"latitude":47.2638159,"name":"Biciklitároló","city":"Innsbruck","address":null,"covered":false,"access":null,"website":null,"phone":null,"source":"OpenStreetMap/node/4885986869","sourceUpdatedAt":null,"verifiedAt":null}},{"type":"Feature","geometry":{"type":"Point","coordinates":[11.3902816,47.2664539]},"properties":{"id":"bikerack:cb734b22-bd05-4809-9a8a-4a9acdb649cb","kind":"bikerack","longitude":11.3902816,"latitude":47.2664539,"name":"Biciklitároló","city":"Innsbruck","address":null,"covered":true,"access":null,"website":null,"phone":null,"source":"OpenStreetMap/node/2016513455","sourceUpdatedAt":null,"verifiedAt":null}},{"type":"Feature","geometry":{"type":"Point","coordinates":[11.3986092,47.2591039]},"properties":{"id":"bikerack:cbcc2ec4-9ffa-4291-9cd4-b9ec703d2154","kind":"bikerack","longitude":11.3986092,"latitude":47.2591039,"name":"Biciklitároló","city":"Innsbruck","address":null,"covered":false,"access":null,"website":null,"phone":null,"source":"OpenStreetMap/node/3285067162","sourceUpdatedAt":null,"verifiedAt":null}},{"type":"Feature","geometry":{"type":"Point","coordinates":[11.393686,47.2699056]},"properties":{"id":"bikerack:cce66d71-6b6e-4b93-9485-a45dd874e8ec","kind":"bikerack","longitude":11.393686,"latitude":47.2699056,"name":"Biciklitároló","city":"Innsbruck","address":null,"covered":false,"access":null,"website":null,"phone":null,"source":"OpenStreetMap/node/11111654489","sourceUpdatedAt":null,"verifiedAt":null}},{"type":"Feature","geometry":{"type":"Point","coordinates":[11.3991617,47.2660679]},"properties":{"id":"bikerack:ce5bbded-ad5c-4ad9-823d-148b18880d54","kind":"bikerack","longitude":11.3991617,"latitude":47.2660679,"name":"Biciklitároló","city":"Innsbruck","address":null,"covered":true,"access":null,"website":null,"phone":null,"source":"OpenStreetMap/node/8958034612","sourceUpdatedAt":null,"verifiedAt":null}},{"type":"Feature","geometry":{"type":"Point","coordinates":[11.4137321,47.2662062]},"properties":{"id":"bikerack:ce85f909-664d-4243-9b04-b5636ef40179","kind":"bikerack","longitude":11.4137321,"latitude":47.2662062,"name":"Biciklitároló","city":"Innsbruck","address":null,"covered":false,"access":null,"website":null,"phone":null,"source":"OpenStreetMap/way/1424377513","sourceUpdatedAt":null,"verifiedAt":null}},{"type":"Feature","geometry":{"type":"Point","coordinates":[11.4042851,47.27732]},"properties":{"id":"bikerack:cec8d14b-13a0-4897-a1ff-ee2f9e9d60e5","kind":"bikerack","longitude":11.4042851,"latitude":47.27732,"name":"Biciklitároló","city":"Innsbruck","address":null,"covered":false,"access":null,"website":null,"phone":null,"source":"OpenStreetMap/node/8778470961","sourceUpdatedAt":null,"verifiedAt":null}},{"type":"Feature","geometry":{"type":"Point","coordinates":[11.3872887,47.2695338]},"properties":{"id":"bikerack:cedf431e-89ae-420f-85bf-a5a33a984d56","kind":"bikerack","longitude":11.3872887,"latitude":47.2695338,"name":"Biciklitároló","city":"Innsbruck","address":null,"covered":false,"access":null,"website":null,"phone":null,"source":"OpenStreetMap/node/12398432989","sourceUpdatedAt":null,"verifiedAt":null}},{"type":"Feature","geometry":{"type":"Point","coordinates":[11.395925,47.2652889]},"properties":{"id":"bikerack:cef1b7e4-f360-4ddb-9b8c-f315c7aa03f5","kind":"bikerack","longitude":11.395925,"latitude":47.2652889,"name":"Biciklitároló","city":"Innsbruck","address":null,"covered":false,"access":null,"website":null,"phone":null,"source":"OpenStreetMap/node/4986925374","sourceUpdatedAt":null,"verifiedAt":null}},{"type":"Feature","geometry":{"type":"Point","coordinates":[11.4048515,47.2524844]},"properties":{"id":"bikerack:cf194248-c603-4b38-9425-e086a52ead5c","kind":"bikerack","longitude":11.4048515,"latitude":47.2524844,"name":"Biciklitároló","city":"Innsbruck","address":null,"covered":false,"access":null,"website":null,"phone":null,"source":"OpenStreetMap/node/13125079831","sourceUpdatedAt":null,"verifiedAt":null}},{"type":"Feature","geometry":{"type":"Point","coordinates":[11.3859035,47.2630832]},"properties":{"id":"bikerack:d013e4d1-c14f-49bb-bce0-14316f9cc6ef","kind":"bikerack","longitude":11.3859035,"latitude":47.2630832,"name":"Biciklitároló","city":"Innsbruck","address":null,"covered":false,"access":null,"website":null,"phone":null,"source":"OpenStreetMap/node/8736376129","sourceUpdatedAt":null,"verifiedAt":null}},{"type":"Feature","geometry":{"type":"Point","coordinates":[11.4002587,47.2678319]},"properties":{"id":"bikerack:d030847f-b3cc-4cc3-bf46-9b495b004ef2","kind":"bikerack","longitude":11.4002587,"latitude":47.2678319,"name":"Biciklitároló","city":"Innsbruck","address":null,"covered":false,"access":null,"website":null,"phone":null,"source":"OpenStreetMap/node/13075886874","sourceUpdatedAt":null,"verifiedAt":null}},{"type":"Feature","geometry":{"type":"Point","coordinates":[11.385308,47.2617234]},"properties":{"id":"bikerack:d09719ec-4461-4b17-b2a2-cc33303d17a7","kind":"bikerack","longitude":11.385308,"latitude":47.2617234,"name":"Biciklitároló","city":"Innsbruck","address":null,"covered":false,"access":null,"website":null,"phone":null,"source":"OpenStreetMap/node/8768470576","sourceUpdatedAt":null,"verifiedAt":null}},{"type":"Feature","geometry":{"type":"Point","coordinates":[11.4178968,47.2697142]},"properties":{"id":"bikerack:d122fa4d-65a6-4693-ada5-a27aab555382","kind":"bikerack","longitude":11.4178968,"latitude":47.2697142,"name":"Biciklitároló","city":"Innsbruck","address":null,"covered":false,"access":null,"website":null,"phone":null,"source":"OpenStreetMap/node/12985395322","sourceUpdatedAt":null,"verifiedAt":null}},{"type":"Feature","geometry":{"type":"Point","coordinates":[11.3912989,47.2612789]},"properties":{"id":"bikerack:d16e664a-266f-4053-865b-8169b1b33bb1","kind":"bikerack","longitude":11.3912989,"latitude":47.2612789,"name":"Biciklitároló","city":"Innsbruck","address":null,"covered":false,"access":null,"website":null,"phone":null,"source":"OpenStreetMap/node/13033697863","sourceUpdatedAt":null,"verifiedAt":null}},{"type":"Feature","geometry":{"type":"Point","coordinates":[11.3991425,47.267854]},"properties":{"id":"bikerack:d174915f-4d26-4554-a8db-6d928757e806","kind":"bikerack","longitude":11.3991425,"latitude":47.267854,"name":"Biciklitároló","city":"Innsbruck","address":null,"covered":false,"access":null,"website":null,"phone":null,"source":"OpenStreetMap/node/11415596112","sourceUpdatedAt":null,"verifiedAt":null}},{"type":"Feature","geometry":{"type":"Point","coordinates":[11.4000908,47.2528719]},"properties":{"id":"bikerack:d188f55d-ca99-46c6-8b2b-e725b884caa6","kind":"bikerack","longitude":11.4000908,"latitude":47.2528719,"name":"Biciklitároló","city":"Innsbruck","address":null,"covered":false,"access":null,"website":null,"phone":null,"source":"OpenStreetMap/node/8829814312","sourceUpdatedAt":null,"verifiedAt":null}},{"type":"Feature","geometry":{"type":"Point","coordinates":[11.4056409,47.2754961]},"properties":{"id":"bikerack:d1a9838c-492d-4d56-95af-b93969ec218a","kind":"bikerack","longitude":11.4056409,"latitude":47.2754961,"name":"Biciklitároló","city":"Innsbruck","address":null,"covered":false,"access":null,"website":null,"phone":null,"source":"OpenStreetMap/node/13536788610","sourceUpdatedAt":null,"verifiedAt":null}},{"type":"Feature","geometry":{"type":"Point","coordinates":[11.3941756,47.2698562]},"properties":{"id":"bikerack:d1f46930-023e-474b-8b71-2c68d65e09d9","kind":"bikerack","longitude":11.3941756,"latitude":47.2698562,"name":"Biciklitároló","city":"Innsbruck","address":null,"covered":false,"access":null,"website":null,"phone":null,"source":"OpenStreetMap/node/11111654490","sourceUpdatedAt":null,"verifiedAt":null}},{"type":"Feature","geometry":{"type":"Point","coordinates":[11.391771,47.2574089]},"properties":{"id":"bikerack:d2ab54b6-e597-4846-933f-ebc8009fac9c","kind":"bikerack","longitude":11.391771,"latitude":47.2574089,"name":"Biciklitároló","city":"Innsbruck","address":null,"covered":false,"access":null,"website":null,"phone":null,"source":"OpenStreetMap/node/4947221106","sourceUpdatedAt":null,"verifiedAt":null}},{"type":"Feature","geometry":{"type":"Point","coordinates":[11.4139965,47.2650324]},"properties":{"id":"bikerack:d31a9065-cb49-4c51-bf51-f1f61bbaa82d","kind":"bikerack","longitude":11.4139965,"latitude":47.2650324,"name":"Biciklitároló","city":"Innsbruck","address":null,"covered":false,"access":null,"website":null,"phone":null,"source":"OpenStreetMap/way/1420918351","sourceUpdatedAt":null,"verifiedAt":null}},{"type":"Feature","geometry":{"type":"Point","coordinates":[11.4017218,47.2696035]},"properties":{"id":"bikerack:d395f8d5-6e46-465e-b4af-e28b23c62794","kind":"bikerack","longitude":11.4017218,"latitude":47.2696035,"name":"Biciklitároló","city":"Innsbruck","address":null,"covered":false,"access":null,"website":null,"phone":null,"source":"OpenStreetMap/node/12909279188","sourceUpdatedAt":null,"verifiedAt":null}},{"type":"Feature","geometry":{"type":"Point","coordinates":[11.3956634,47.2661788]},"properties":{"id":"bikerack:d4424ed4-d124-4000-9038-3f1383b95b64","kind":"bikerack","longitude":11.3956634,"latitude":47.2661788,"name":"Biciklitároló","city":"Innsbruck","address":null,"covered":false,"access":null,"website":null,"phone":null,"source":"OpenStreetMap/node/9387815482","sourceUpdatedAt":null,"verifiedAt":null}},{"type":"Feature","geometry":{"type":"Point","coordinates":[11.385796,47.26745]},"properties":{"id":"bikerack:d48c9cb6-db38-450e-adf5-49994f76d30c","kind":"bikerack","longitude":11.385796,"latitude":47.26745,"name":"Biciklitároló","city":"Innsbruck","address":null,"covered":false,"access":null,"website":null,"phone":null,"source":"OpenStreetMap/node/12849594830","sourceUpdatedAt":null,"verifiedAt":null}},{"type":"Feature","geometry":{"type":"Point","coordinates":[11.4051843,47.2730342]},"properties":{"id":"bikerack:d51b74b5-eb35-413b-b7d8-7913f02a997a","kind":"bikerack","longitude":11.4051843,"latitude":47.2730342,"name":"Biciklitároló","city":"Innsbruck","address":null,"covered":false,"access":null,"website":null,"phone":null,"source":"OpenStreetMap/node/13149114219","sourceUpdatedAt":null,"verifiedAt":null}},{"type":"Feature","geometry":{"type":"Point","coordinates":[11.3940481,47.2651766]},"properties":{"id":"bikerack:d55d6af1-676d-4990-bdc5-642b83dc4c01","kind":"bikerack","longitude":11.3940481,"latitude":47.2651766,"name":"Biciklitároló","city":"Innsbruck","address":null,"covered":false,"access":null,"website":null,"phone":null,"source":"OpenStreetMap/way/1487796895","sourceUpdatedAt":null,"verifiedAt":null}},{"type":"Feature","geometry":{"type":"Point","coordinates":[11.3867467,47.2628954]},"properties":{"id":"bikerack:d6a816f1-8a56-4934-b883-39531292a7a5","kind":"bikerack","longitude":11.3867467,"latitude":47.2628954,"name":"Biciklitároló","city":"Innsbruck","address":null,"covered":false,"access":null,"website":null,"phone":null,"source":"OpenStreetMap/node/2016513283","sourceUpdatedAt":null,"verifiedAt":null}},{"type":"Feature","geometry":{"type":"Point","coordinates":[11.3932604,47.2695439]},"properties":{"id":"bikerack:d6c10784-4f3f-403d-859f-af98a361782a","kind":"bikerack","longitude":11.3932604,"latitude":47.2695439,"name":"Biciklitároló","city":"Innsbruck","address":null,"covered":false,"access":null,"website":null,"phone":null,"source":"OpenStreetMap/node/12925515371","sourceUpdatedAt":null,"verifiedAt":null}},{"type":"Feature","geometry":{"type":"Point","coordinates":[11.4032653,47.2702689]},"properties":{"id":"bikerack:d787d154-cd27-4186-b422-7f92afc05afa","kind":"bikerack","longitude":11.4032653,"latitude":47.2702689,"name":"Biciklitároló","city":"Innsbruck","address":null,"covered":true,"access":null,"website":null,"phone":null,"source":"OpenStreetMap/node/13528931961","sourceUpdatedAt":null,"verifiedAt":null}},{"type":"Feature","geometry":{"type":"Point","coordinates":[11.3895778,47.2609886]},"properties":{"id":"bikerack:d8393316-7cbd-40a2-a34a-6e2806596480","kind":"bikerack","longitude":11.3895778,"latitude":47.2609886,"name":"Biciklitároló","city":"Innsbruck","address":null,"covered":false,"access":null,"website":null,"phone":null,"source":"OpenStreetMap/node/13033663406","sourceUpdatedAt":null,"verifiedAt":null}},{"type":"Feature","geometry":{"type":"Point","coordinates":[11.4133356,47.2673753]},"properties":{"id":"bikerack:d85cb75e-a4c4-4bc2-83cf-7d4618d1328e","kind":"bikerack","longitude":11.4133356,"latitude":47.2673753,"name":"Biciklitároló","city":"Innsbruck","address":null,"covered":false,"access":null,"website":null,"phone":null,"source":"OpenStreetMap/way/1424348259","sourceUpdatedAt":null,"verifiedAt":null}},{"type":"Feature","geometry":{"type":"Point","coordinates":[11.4085625,47.264083]},"properties":{"id":"bikerack:d8b58024-374d-4ff6-bd72-915f82475567","kind":"bikerack","longitude":11.4085625,"latitude":47.264083,"name":"Biciklitároló","city":"Innsbruck","address":null,"covered":false,"access":null,"website":null,"phone":null,"source":"OpenStreetMap/way/1388514708","sourceUpdatedAt":null,"verifiedAt":null}},{"type":"Feature","geometry":{"type":"Point","coordinates":[11.3970488,47.2614682]},"properties":{"id":"bikerack:d95d65e7-6c8b-4a21-83d2-3d4d2c619547","kind":"bikerack","longitude":11.3970488,"latitude":47.2614682,"name":"Biciklitároló","city":"Innsbruck","address":null,"covered":false,"access":null,"website":null,"phone":null,"source":"OpenStreetMap/node/12104305803","sourceUpdatedAt":null,"verifiedAt":null}},{"type":"Feature","geometry":{"type":"Point","coordinates":[11.3949737,47.2617174]},"properties":{"id":"bikerack:d98f7139-ec82-4e1c-885e-716493e283b1","kind":"bikerack","longitude":11.3949737,"latitude":47.2617174,"name":"Biciklitároló","city":"Innsbruck","address":null,"covered":false,"access":null,"website":null,"phone":null,"source":"OpenStreetMap/node/13609489275","sourceUpdatedAt":null,"verifiedAt":null}},{"type":"Feature","geometry":{"type":"Point","coordinates":[11.3882571,47.2583567]},"properties":{"id":"bikerack:da05fff7-8105-46aa-80f6-ddd63e1a06b0","kind":"bikerack","longitude":11.3882571,"latitude":47.2583567,"name":"Biciklitároló","city":"Innsbruck","address":null,"covered":false,"access":null,"website":null,"phone":null,"source":"OpenStreetMap/node/6461053370","sourceUpdatedAt":null,"verifiedAt":null}},{"type":"Feature","geometry":{"type":"Point","coordinates":[11.3978998,47.2755403]},"properties":{"id":"bikerack:db264334-9c6f-453c-8a03-f9b6df8a1e3f","kind":"bikerack","longitude":11.3978998,"latitude":47.2755403,"name":"Biciklitároló","city":"Innsbruck","address":null,"covered":false,"access":null,"website":null,"phone":null,"source":"OpenStreetMap/node/13516637743","sourceUpdatedAt":null,"verifiedAt":null}},{"type":"Feature","geometry":{"type":"Point","coordinates":[11.4068505,47.2746139]},"properties":{"id":"bikerack:db5f3830-d05f-4e1c-8caa-b383af43204d","kind":"bikerack","longitude":11.4068505,"latitude":47.2746139,"name":"Biciklitároló","city":"Innsbruck","address":null,"covered":false,"access":null,"website":null,"phone":null,"source":"OpenStreetMap/node/11777979955","sourceUpdatedAt":null,"verifiedAt":null}},{"type":"Feature","geometry":{"type":"Point","coordinates":[11.4042403,47.2696601]},"properties":{"id":"bikerack:dc6e6d84-dbf7-4750-a3ae-4ca68218222c","kind":"bikerack","longitude":11.4042403,"latitude":47.2696601,"name":"Biciklitároló","city":"Innsbruck","address":null,"covered":false,"access":null,"website":null,"phone":null,"source":"OpenStreetMap/node/12886255643","sourceUpdatedAt":null,"verifiedAt":null}},{"type":"Feature","geometry":{"type":"Point","coordinates":[11.3945644,47.2651467]},"properties":{"id":"bikerack:dd192586-ea18-4e83-8b9a-a7aa7bbbfea7","kind":"bikerack","longitude":11.3945644,"latitude":47.2651467,"name":"Biciklitároló","city":"Innsbruck","address":null,"covered":false,"access":null,"website":null,"phone":null,"source":"OpenStreetMap/node/8958052711","sourceUpdatedAt":null,"verifiedAt":null}},{"type":"Feature","geometry":{"type":"Point","coordinates":[11.3822405,47.2568473]},"properties":{"id":"bikerack:ddb7df0b-7fb2-485a-b968-0917d9720623","kind":"bikerack","longitude":11.3822405,"latitude":47.2568473,"name":"Biciklitároló","city":"Innsbruck","address":null,"covered":false,"access":null,"website":null,"phone":null,"source":"OpenStreetMap/node/6461053375","sourceUpdatedAt":null,"verifiedAt":null}},{"type":"Feature","geometry":{"type":"Point","coordinates":[11.3996069,47.2534416]},"properties":{"id":"bikerack:ddbbf6d2-1d6c-4e73-963c-b330502b5470","kind":"bikerack","longitude":11.3996069,"latitude":47.2534416,"name":"Biciklitároló","city":"Innsbruck","address":null,"covered":false,"access":null,"website":null,"phone":null,"source":"OpenStreetMap/node/8828345390","sourceUpdatedAt":null,"verifiedAt":null}},{"type":"Feature","geometry":{"type":"Point","coordinates":[11.3852914,47.2669711]},"properties":{"id":"bikerack:de8dbe95-683f-4216-bdd2-feed44ce4d86","kind":"bikerack","longitude":11.3852914,"latitude":47.2669711,"name":"Biciklitároló","city":"Innsbruck","address":null,"covered":false,"access":null,"website":null,"phone":null,"source":"OpenStreetMap/node/13529314543","sourceUpdatedAt":null,"verifiedAt":null}},{"type":"Feature","geometry":{"type":"Point","coordinates":[11.41498,47.2719247]},"properties":{"id":"bikerack:e0960e83-b461-4eb4-82a8-ccde49e42035","kind":"bikerack","longitude":11.41498,"latitude":47.2719247,"name":"Biciklitároló","city":"Innsbruck","address":null,"covered":false,"access":null,"website":null,"phone":null,"source":"OpenStreetMap/node/12985422640","sourceUpdatedAt":null,"verifiedAt":null}},{"type":"Feature","geometry":{"type":"Point","coordinates":[11.3981041,47.2598061]},"properties":{"id":"bikerack:e0a1b4b4-f377-4d0b-b478-dce8e4d0f1ec","kind":"bikerack","longitude":11.3981041,"latitude":47.2598061,"name":"Biciklitároló","city":"Innsbruck","address":null,"covered":false,"access":null,"website":null,"phone":null,"source":"OpenStreetMap/node/11073173524","sourceUpdatedAt":null,"verifiedAt":null}},{"type":"Feature","geometry":{"type":"Point","coordinates":[11.4104819,47.275452]},"properties":{"id":"bikerack:e0e3ab77-d276-4989-bbe7-984eacd5be9c","kind":"bikerack","longitude":11.4104819,"latitude":47.275452,"name":"Biciklitároló","city":"Innsbruck","address":null,"covered":false,"access":null,"website":null,"phone":null,"source":"OpenStreetMap/way/1463738647","sourceUpdatedAt":null,"verifiedAt":null}},{"type":"Feature","geometry":{"type":"Point","coordinates":[11.3855435,47.2617551]},"properties":{"id":"bikerack:e20b5d82-eb05-40b9-9bb8-fed6c79b87d2","kind":"bikerack","longitude":11.3855435,"latitude":47.2617551,"name":"Biciklitároló","city":"Innsbruck","address":null,"covered":false,"access":null,"website":null,"phone":null,"source":"OpenStreetMap/node/8736465918","sourceUpdatedAt":null,"verifiedAt":null}},{"type":"Feature","geometry":{"type":"Point","coordinates":[11.3871696,47.2634473]},"properties":{"id":"bikerack:e2185910-700b-4a1b-a535-99583a69301d","kind":"bikerack","longitude":11.3871696,"latitude":47.2634473,"name":"Biciklitároló","city":"Innsbruck","address":null,"covered":false,"access":null,"website":null,"phone":null,"source":"OpenStreetMap/node/13232401999","sourceUpdatedAt":null,"verifiedAt":null}},{"type":"Feature","geometry":{"type":"Point","coordinates":[11.3915735,47.2602417]},"properties":{"id":"bikerack:e2e465df-14fe-493d-99a4-866ab3211b5b","kind":"bikerack","longitude":11.3915735,"latitude":47.2602417,"name":"Biciklitároló","city":"Innsbruck","address":null,"covered":false,"access":null,"website":null,"phone":null,"source":"OpenStreetMap/node/2956083720","sourceUpdatedAt":null,"verifiedAt":null}},{"type":"Feature","geometry":{"type":"Point","coordinates":[11.3932258,47.2575212]},"properties":{"id":"bikerack:e4c1a60c-9eb4-42a3-b866-2f6804bd4c0f","kind":"bikerack","longitude":11.3932258,"latitude":47.2575212,"name":"Biciklitároló","city":"Innsbruck","address":null,"covered":false,"access":null,"website":null,"phone":null,"source":"OpenStreetMap/node/12925622180","sourceUpdatedAt":null,"verifiedAt":null}},{"type":"Feature","geometry":{"type":"Point","coordinates":[11.3987136,47.2653247]},"properties":{"id":"bikerack:e4ea847b-1bb9-4a9c-8907-124368892ec9","kind":"bikerack","longitude":11.3987136,"latitude":47.2653247,"name":"Biciklitároló","city":"Innsbruck","address":null,"covered":false,"access":null,"website":null,"phone":null,"source":"OpenStreetMap/node/8958049876","sourceUpdatedAt":null,"verifiedAt":null}},{"type":"Feature","geometry":{"type":"Point","coordinates":[11.3921423,47.2626836]},"properties":{"id":"bikerack:e51b1027-58ac-41b6-8d92-a8f07ddcdd42","kind":"bikerack","longitude":11.3921423,"latitude":47.2626836,"name":"Biciklitároló","city":"Innsbruck","address":null,"covered":true,"access":null,"website":null,"phone":null,"source":"OpenStreetMap/node/11418268211","sourceUpdatedAt":null,"verifiedAt":null}},{"type":"Feature","geometry":{"type":"Point","coordinates":[11.39253,47.262656]},"properties":{"id":"bikerack:e5675b66-e7b9-4899-bf1c-5014d9ee3335","kind":"bikerack","longitude":11.39253,"latitude":47.262656,"name":"Biciklitároló","city":"Innsbruck","address":null,"covered":false,"access":null,"website":null,"phone":null,"source":"OpenStreetMap/node/4983762806","sourceUpdatedAt":null,"verifiedAt":null}},{"type":"Feature","geometry":{"type":"Point","coordinates":[11.395033,47.2712035]},"properties":{"id":"bikerack:e5923c62-e895-4354-9f56-07697d5bcd18","kind":"bikerack","longitude":11.395033,"latitude":47.2712035,"name":"Biciklitároló","city":"Innsbruck","address":null,"covered":false,"access":null,"website":null,"phone":null,"source":"OpenStreetMap/node/13161968868","sourceUpdatedAt":null,"verifiedAt":null}},{"type":"Feature","geometry":{"type":"Point","coordinates":[11.3846663,47.2617171]},"properties":{"id":"bikerack:e6b681b4-214b-4b03-bd9d-99bc55cceeb6","kind":"bikerack","longitude":11.3846663,"latitude":47.2617171,"name":"Biciklitároló","city":"Innsbruck","address":null,"covered":false,"access":null,"website":null,"phone":null,"source":"OpenStreetMap/node/8778545010","sourceUpdatedAt":null,"verifiedAt":null}},{"type":"Feature","geometry":{"type":"Point","coordinates":[11.3954747,47.258427]},"properties":{"id":"bikerack:e72533a5-2fe9-4f0f-8d27-922c0749afb1","kind":"bikerack","longitude":11.3954747,"latitude":47.258427,"name":"Biciklitároló","city":"Innsbruck","address":null,"covered":false,"access":null,"website":null,"phone":null,"source":"OpenStreetMap/node/4924132156","sourceUpdatedAt":null,"verifiedAt":null}},{"type":"Feature","geometry":{"type":"Point","coordinates":[11.4075913,47.2718831]},"properties":{"id":"bikerack:e9305ac2-6416-4e32-955d-c1cb61a5d1ab","kind":"bikerack","longitude":11.4075913,"latitude":47.2718831,"name":"Biciklitároló","city":"Innsbruck","address":null,"covered":false,"access":null,"website":null,"phone":null,"source":"OpenStreetMap/node/13230404541","sourceUpdatedAt":null,"verifiedAt":null}},{"type":"Feature","geometry":{"type":"Point","coordinates":[11.3930089,47.258404]},"properties":{"id":"bikerack:e955eb9e-14ad-4261-8ca3-21f0e76b5051","kind":"bikerack","longitude":11.3930089,"latitude":47.258404,"name":"Biciklitároló","city":"Innsbruck","address":null,"covered":false,"access":null,"website":null,"phone":null,"source":"OpenStreetMap/node/8980086685","sourceUpdatedAt":null,"verifiedAt":null}},{"type":"Feature","geometry":{"type":"Point","coordinates":[11.3981859,47.2672118]},"properties":{"id":"bikerack:eb9f8173-d985-41c6-a516-f44de853a7af","kind":"bikerack","longitude":11.3981859,"latitude":47.2672118,"name":"Biciklitároló","city":"Innsbruck","address":null,"covered":false,"access":null,"website":null,"phone":null,"source":"OpenStreetMap/node/6461127959","sourceUpdatedAt":null,"verifiedAt":null}},{"type":"Feature","geometry":{"type":"Point","coordinates":[11.4051655,47.2736004]},"properties":{"id":"bikerack:ebcd7ca9-bbec-4f18-8530-505d596655e5","kind":"bikerack","longitude":11.4051655,"latitude":47.2736004,"name":"Biciklitároló","city":"Innsbruck","address":null,"covered":false,"access":null,"website":null,"phone":null,"source":"OpenStreetMap/node/11777967582","sourceUpdatedAt":null,"verifiedAt":null}},{"type":"Feature","geometry":{"type":"Point","coordinates":[11.4095133,47.2652676]},"properties":{"id":"bikerack:ec389e69-f0ce-4ddc-aedb-e4341e760e7b","kind":"bikerack","longitude":11.4095133,"latitude":47.2652676,"name":"Biciklitároló","city":"Innsbruck","address":null,"covered":false,"access":null,"website":null,"phone":null,"source":"OpenStreetMap/way/1361006575","sourceUpdatedAt":null,"verifiedAt":null}},{"type":"Feature","geometry":{"type":"Point","coordinates":[11.3883716,47.2637846]},"properties":{"id":"bikerack:ec44be8d-def2-4076-b5ec-4621457280b6","kind":"bikerack","longitude":11.3883716,"latitude":47.2637846,"name":"Biciklitároló","city":"Innsbruck","address":null,"covered":true,"access":null,"website":null,"phone":null,"source":"OpenStreetMap/node/13162025525","sourceUpdatedAt":null,"verifiedAt":null}},{"type":"Feature","geometry":{"type":"Point","coordinates":[11.4042448,47.2668868]},"properties":{"id":"bikerack:ec94272e-5bf0-4b19-aa5b-e51feb3771f0","kind":"bikerack","longitude":11.4042448,"latitude":47.2668868,"name":"Biciklitároló","city":"Innsbruck","address":null,"covered":false,"access":null,"website":null,"phone":null,"source":"OpenStreetMap/node/4075965837","sourceUpdatedAt":null,"verifiedAt":null}},{"type":"Feature","geometry":{"type":"Point","coordinates":[11.404549,47.2686245]},"properties":{"id":"bikerack:eced3c36-c8b4-4a57-b30a-38b8b8a154b9","kind":"bikerack","longitude":11.404549,"latitude":47.2686245,"name":"Biciklitároló","city":"Innsbruck","address":null,"covered":false,"access":null,"website":null,"phone":null,"source":"OpenStreetMap/node/13230390106","sourceUpdatedAt":null,"verifiedAt":null}},{"type":"Feature","geometry":{"type":"Point","coordinates":[11.3867704,47.2643572]},"properties":{"id":"bikerack:ed3ec942-69aa-49f0-abb5-5c41f4ec0c88","kind":"bikerack","longitude":11.3867704,"latitude":47.2643572,"name":"Biciklitároló","city":"Innsbruck","address":null,"covered":true,"access":null,"website":null,"phone":null,"source":"OpenStreetMap/node/6461127956","sourceUpdatedAt":null,"verifiedAt":null}},{"type":"Feature","geometry":{"type":"Point","coordinates":[11.4050362,47.2723961]},"properties":{"id":"bikerack:ed440e57-2d8e-4a0d-b233-30cff4d65f5c","kind":"bikerack","longitude":11.4050362,"latitude":47.2723961,"name":"Biciklitároló","city":"Innsbruck","address":null,"covered":false,"access":null,"website":null,"phone":null,"source":"OpenStreetMap/node/13230420064","sourceUpdatedAt":null,"verifiedAt":null}},{"type":"Feature","geometry":{"type":"Point","coordinates":[11.3869478,47.2580055]},"properties":{"id":"bikerack:ed5d2efa-6584-4562-8d88-f986bcdd03a1","kind":"bikerack","longitude":11.3869478,"latitude":47.2580055,"name":"Biciklitároló","city":"Innsbruck","address":null,"covered":false,"access":null,"website":null,"phone":null,"source":"OpenStreetMap/node/13674209583","sourceUpdatedAt":null,"verifiedAt":null}},{"type":"Feature","geometry":{"type":"Point","coordinates":[11.4116765,47.2742256]},"properties":{"id":"bikerack:ee189615-c57d-455e-8d51-782bfc0110ac","kind":"bikerack","longitude":11.4116765,"latitude":47.2742256,"name":"Biciklitároló","city":"Innsbruck","address":null,"covered":false,"access":null,"website":null,"phone":null,"source":"OpenStreetMap/node/12886287305","sourceUpdatedAt":null,"verifiedAt":null}},{"type":"Feature","geometry":{"type":"Point","coordinates":[11.4132462,47.2744463]},"properties":{"id":"bikerack:ee44451b-82f0-41dd-984e-9fba13204a9e","kind":"bikerack","longitude":11.4132462,"latitude":47.2744463,"name":"Biciklitároló","city":"Innsbruck","address":null,"covered":false,"access":null,"website":null,"phone":null,"source":"OpenStreetMap/node/4834676791","sourceUpdatedAt":null,"verifiedAt":null}},{"type":"Feature","geometry":{"type":"Point","coordinates":[11.3886822,47.2639542]},"properties":{"id":"bikerack:ee5a61e3-c0dc-45b6-8b1d-2bb8760277b5","kind":"bikerack","longitude":11.3886822,"latitude":47.2639542,"name":"Biciklitároló","city":"Innsbruck","address":null,"covered":false,"access":null,"website":null,"phone":null,"source":"OpenStreetMap/node/2538752869","sourceUpdatedAt":null,"verifiedAt":null}},{"type":"Feature","geometry":{"type":"Point","coordinates":[11.4021436,47.2677037]},"properties":{"id":"bikerack:efa4c948-cc4d-4564-a9bf-9eff8ce1eae5","kind":"bikerack","longitude":11.4021436,"latitude":47.2677037,"name":"Biciklitároló","city":"Innsbruck","address":null,"covered":false,"access":null,"website":null,"phone":null,"source":"OpenStreetMap/node/9133404885","sourceUpdatedAt":null,"verifiedAt":null}},{"type":"Feature","geometry":{"type":"Point","coordinates":[11.4071985,47.2588928]},"properties":{"id":"bikerack:efd916e3-70ad-49f0-b765-0cf113cebe19","kind":"bikerack","longitude":11.4071985,"latitude":47.2588928,"name":"Biciklitároló","city":"Innsbruck","address":null,"covered":false,"access":null,"website":null,"phone":null,"source":"OpenStreetMap/node/6461127966","sourceUpdatedAt":null,"verifiedAt":null}},{"type":"Feature","geometry":{"type":"Point","coordinates":[11.3957443,47.260182]},"properties":{"id":"bikerack:efe9ddd1-1d7c-4b12-acbd-943eaf80eabe","kind":"bikerack","longitude":11.3957443,"latitude":47.260182,"name":"Biciklitároló","city":"Innsbruck","address":null,"covered":false,"access":null,"website":null,"phone":null,"source":"OpenStreetMap/node/5001780902","sourceUpdatedAt":null,"verifiedAt":null}},{"type":"Feature","geometry":{"type":"Point","coordinates":[11.4028838,47.2726412]},"properties":{"id":"bikerack:f0002881-1706-4147-b9f3-fbf4878dbc8a","kind":"bikerack","longitude":11.4028838,"latitude":47.2726412,"name":"Biciklitároló","city":"Innsbruck","address":null,"covered":false,"access":null,"website":null,"phone":null,"source":"OpenStreetMap/node/9133404878","sourceUpdatedAt":null,"verifiedAt":null}},{"type":"Feature","geometry":{"type":"Point","coordinates":[11.4154233,47.2630994]},"properties":{"id":"bikerack:f05d36b4-d77f-4f44-80fa-8e8132f79a54","kind":"bikerack","longitude":11.4154233,"latitude":47.2630994,"name":"Biciklitároló","city":"Innsbruck","address":null,"covered":false,"access":null,"website":null,"phone":null,"source":"OpenStreetMap/way/1432710586","sourceUpdatedAt":null,"verifiedAt":null}},{"type":"Feature","geometry":{"type":"Point","coordinates":[11.3845906,47.2665388]},"properties":{"id":"bikerack:f1862fef-b6be-4af7-b0df-fe9f4e6a4b71","kind":"bikerack","longitude":11.3845906,"latitude":47.2665388,"name":"Biciklitároló","city":"Innsbruck","address":null,"covered":false,"access":null,"website":null,"phone":null,"source":"OpenStreetMap/node/13529316829","sourceUpdatedAt":null,"verifiedAt":null}},{"type":"Feature","geometry":{"type":"Point","coordinates":[11.3988314,47.2702616]},"properties":{"id":"bikerack:f270a35e-c122-4611-a4e0-3959d882d4c2","kind":"bikerack","longitude":11.3988314,"latitude":47.2702616,"name":"Biciklitároló","city":"Innsbruck","address":null,"covered":false,"access":null,"website":null,"phone":null,"source":"OpenStreetMap/way/407479514","sourceUpdatedAt":null,"verifiedAt":null}},{"type":"Feature","geometry":{"type":"Point","coordinates":[11.3979298,47.2696415]},"properties":{"id":"bikerack:f2728bae-42e3-4b8a-867c-2d0aa126d817","kind":"bikerack","longitude":11.3979298,"latitude":47.2696415,"name":"Biciklitároló","city":"Innsbruck","address":null,"covered":false,"access":null,"website":null,"phone":null,"source":"OpenStreetMap/node/1988660491","sourceUpdatedAt":null,"verifiedAt":null}},{"type":"Feature","geometry":{"type":"Point","coordinates":[11.3909274,47.2635409]},"properties":{"id":"bikerack:f298a6fe-1604-42ac-bd74-2052b375a563","kind":"bikerack","longitude":11.3909274,"latitude":47.2635409,"name":"Biciklitároló","city":"Innsbruck","address":null,"covered":false,"access":null,"website":null,"phone":null,"source":"OpenStreetMap/node/13666686697","sourceUpdatedAt":null,"verifiedAt":null}},{"type":"Feature","geometry":{"type":"Point","coordinates":[11.3946073,47.264794]},"properties":{"id":"bikerack:f39da4b9-5414-4601-802a-7dbaa34d6bd4","kind":"bikerack","longitude":11.3946073,"latitude":47.264794,"name":"Biciklitároló","city":"Innsbruck","address":null,"covered":false,"access":null,"website":null,"phone":null,"source":"OpenStreetMap/node/11418304924","sourceUpdatedAt":null,"verifiedAt":null}},{"type":"Feature","geometry":{"type":"Point","coordinates":[11.3881283,47.2589001]},"properties":{"id":"bikerack:f419033a-02f6-403c-acf2-fd7a978e1dcf","kind":"bikerack","longitude":11.3881283,"latitude":47.2589001,"name":"Biciklitároló","city":"Innsbruck","address":null,"covered":false,"access":null,"website":null,"phone":null,"source":"OpenStreetMap/node/6461053372","sourceUpdatedAt":null,"verifiedAt":null}},{"type":"Feature","geometry":{"type":"Point","coordinates":[11.3844551,47.2713209]},"properties":{"id":"bikerack:f458d956-dbe5-4a7e-b837-258d0f4a3876","kind":"bikerack","longitude":11.3844551,"latitude":47.2713209,"name":"Biciklitároló","city":"Innsbruck","address":null,"covered":false,"access":null,"website":null,"phone":null,"source":"OpenStreetMap/node/13519472628","sourceUpdatedAt":null,"verifiedAt":null}},{"type":"Feature","geometry":{"type":"Point","coordinates":[11.3957633,47.2572678]},"properties":{"id":"bikerack:f502a9c5-234b-4ba1-858c-e795bcaf31ea","kind":"bikerack","longitude":11.3957633,"latitude":47.2572678,"name":"Biciklitároló","city":"Innsbruck","address":null,"covered":true,"access":null,"website":null,"phone":null,"source":"OpenStreetMap/node/5001780908","sourceUpdatedAt":null,"verifiedAt":null}},{"type":"Feature","geometry":{"type":"Point","coordinates":[11.3915385,47.2626085]},"properties":{"id":"bikerack:f558af8f-cdb2-4d0a-b85c-4696098c1b79","kind":"bikerack","longitude":11.3915385,"latitude":47.2626085,"name":"Biciklitároló","city":"Innsbruck","address":null,"covered":true,"access":null,"website":null,"phone":null,"source":"OpenStreetMap/node/11418268212","sourceUpdatedAt":null,"verifiedAt":null}},{"type":"Feature","geometry":{"type":"Point","coordinates":[11.4249732,47.25864]},"properties":{"id":"bikerack:f5897da0-936e-4205-955d-0bbc9939a840","kind":"bikerack","longitude":11.4249732,"latitude":47.25864,"name":"Biciklitároló","city":"Ampass","address":null,"covered":false,"access":null,"website":null,"phone":null,"source":"OpenStreetMap/node/13243246248","sourceUpdatedAt":null,"verifiedAt":null}},{"type":"Feature","geometry":{"type":"Point","coordinates":[11.3919396,47.2662719]},"properties":{"id":"bikerack:f5e91217-2fd2-4ad0-a931-939946bf5eef","kind":"bikerack","longitude":11.3919396,"latitude":47.2662719,"name":"Biciklitároló","city":"Innsbruck","address":null,"covered":false,"access":null,"website":null,"phone":null,"source":"OpenStreetMap/node/1988660456","sourceUpdatedAt":null,"verifiedAt":null}},{"type":"Feature","geometry":{"type":"Point","coordinates":[11.3915647,47.2656493]},"properties":{"id":"bikerack:f7246623-c4fa-4a68-81c5-1e00b86d8b85","kind":"bikerack","longitude":11.3915647,"latitude":47.2656493,"name":"Biciklitároló","city":"Innsbruck","address":null,"covered":false,"access":null,"website":null,"phone":null,"source":"OpenStreetMap/node/4983762802","sourceUpdatedAt":null,"verifiedAt":null}},{"type":"Feature","geometry":{"type":"Point","coordinates":[11.3900927,47.2564281]},"properties":{"id":"bikerack:f73c1ab5-b6bc-4cab-8b46-96e324f5f7eb","kind":"bikerack","longitude":11.3900927,"latitude":47.2564281,"name":"Biciklitároló","city":"Innsbruck","address":null,"covered":false,"access":null,"website":null,"phone":null,"source":"OpenStreetMap/node/8997082411","sourceUpdatedAt":null,"verifiedAt":null}},{"type":"Feature","geometry":{"type":"Point","coordinates":[11.4122935,47.2566256]},"properties":{"id":"bikerack:f76d935a-7a15-45f4-b809-934b07ba0e1a","kind":"bikerack","longitude":11.4122935,"latitude":47.2566256,"name":"Biciklitároló","city":"Innsbruck","address":null,"covered":false,"access":null,"website":null,"phone":null,"source":"OpenStreetMap/way/1459779327","sourceUpdatedAt":null,"verifiedAt":null}},{"type":"Feature","geometry":{"type":"Point","coordinates":[11.3978715,47.2601105]},"properties":{"id":"bikerack:f7b83e49-9c61-4b2d-86ca-083c0c09cc0f","kind":"bikerack","longitude":11.3978715,"latitude":47.2601105,"name":"Biciklitároló","city":"Innsbruck","address":null,"covered":false,"access":null,"website":null,"phone":null,"source":"OpenStreetMap/node/11073173525","sourceUpdatedAt":null,"verifiedAt":null}},{"type":"Feature","geometry":{"type":"Point","coordinates":[11.3882376,47.2591791]},"properties":{"id":"bikerack:f7f7ed7c-0266-4c4d-87d5-00528238d722","kind":"bikerack","longitude":11.3882376,"latitude":47.2591791,"name":"Biciklitároló","city":"Innsbruck","address":null,"covered":false,"access":null,"website":null,"phone":null,"source":"OpenStreetMap/node/6461053373","sourceUpdatedAt":null,"verifiedAt":null}},{"type":"Feature","geometry":{"type":"Point","coordinates":[11.3847222,47.2628207]},"properties":{"id":"bikerack:f8072df8-bca7-4de1-a644-90420954324a","kind":"bikerack","longitude":11.3847222,"latitude":47.2628207,"name":"Biciklitároló","city":"Innsbruck","address":null,"covered":false,"access":null,"website":null,"phone":null,"source":"OpenStreetMap/node/2016513275","sourceUpdatedAt":null,"verifiedAt":null}},{"type":"Feature","geometry":{"type":"Point","coordinates":[11.386282,47.2608328]},"properties":{"id":"bikerack:f91e756f-9a4f-49ad-ad7e-6c22010a4bfc","kind":"bikerack","longitude":11.386282,"latitude":47.2608328,"name":"Biciklitároló","city":"Innsbruck","address":null,"covered":true,"access":null,"website":null,"phone":null,"source":"OpenStreetMap/node/8958056818","sourceUpdatedAt":null,"verifiedAt":null}},{"type":"Feature","geometry":{"type":"Point","coordinates":[11.3873376,47.2618145]},"properties":{"id":"bikerack:f932aced-2196-4483-8e4d-10308a6ed335","kind":"bikerack","longitude":11.3873376,"latitude":47.2618145,"name":"Biciklitároló","city":"Innsbruck","address":null,"covered":false,"access":null,"website":null,"phone":null,"source":"OpenStreetMap/node/8736224848","sourceUpdatedAt":null,"verifiedAt":null}},{"type":"Feature","geometry":{"type":"Point","coordinates":[11.3992249,47.2677653]},"properties":{"id":"bikerack:f9425105-a9ef-4d1d-a657-699d8e4b7c21","kind":"bikerack","longitude":11.3992249,"latitude":47.2677653,"name":"Biciklitároló","city":"Innsbruck","address":null,"covered":false,"access":null,"website":null,"phone":null,"source":"OpenStreetMap/node/11415596111","sourceUpdatedAt":null,"verifiedAt":null}},{"type":"Feature","geometry":{"type":"Point","coordinates":[11.4029859,47.2748547]},"properties":{"id":"bikerack:f9cd76c3-e9e4-480e-a7ac-76c303aa243f","kind":"bikerack","longitude":11.4029859,"latitude":47.2748547,"name":"Biciklitároló","city":"Innsbruck","address":null,"covered":false,"access":null,"website":null,"phone":null,"source":"OpenStreetMap/node/10135277681","sourceUpdatedAt":null,"verifiedAt":null}},{"type":"Feature","geometry":{"type":"Point","coordinates":[11.4016302,47.2693417]},"properties":{"id":"bikerack:fbe74b54-deb9-46b4-bd60-5c1e0f931244","kind":"bikerack","longitude":11.4016302,"latitude":47.2693417,"name":"Biciklitároló","city":"Innsbruck","address":null,"covered":false,"access":null,"website":null,"phone":null,"source":"OpenStreetMap/node/12909305457","sourceUpdatedAt":null,"verifiedAt":null}},{"type":"Feature","geometry":{"type":"Point","coordinates":[11.4130861,47.2628164]},"properties":{"id":"bikerack:fd716e48-2c0c-4428-8b63-56a8be4654f3","kind":"bikerack","longitude":11.4130861,"latitude":47.2628164,"name":"Biciklitároló","city":"Innsbruck","address":null,"covered":false,"access":null,"website":null,"phone":null,"source":"OpenStreetMap/node/13243174842","sourceUpdatedAt":null,"verifiedAt":null}},{"type":"Feature","geometry":{"type":"Point","coordinates":[11.3828731,47.2623223]},"properties":{"id":"bikerack:fd75efa2-5ec1-4d60-912a-6ccf232c35bf","kind":"bikerack","longitude":11.3828731,"latitude":47.2623223,"name":"Biciklitároló","city":"Innsbruck","address":null,"covered":true,"access":null,"website":null,"phone":null,"source":"OpenStreetMap/way/1414013018","sourceUpdatedAt":null,"verifiedAt":null}},{"type":"Feature","geometry":{"type":"Point","coordinates":[11.4019766,47.2628897]},"properties":{"id":"bikerack:fdaee767-5428-4cf8-9e72-3d7de55b0d65","kind":"bikerack","longitude":11.4019766,"latitude":47.2628897,"name":"Biciklitároló","city":"Innsbruck","address":null,"covered":false,"access":null,"website":null,"phone":null,"source":"OpenStreetMap/way/332725979","sourceUpdatedAt":null,"verifiedAt":null}},{"type":"Feature","geometry":{"type":"Point","coordinates":[11.4051953,47.2781585]},"properties":{"id":"bikerack:fe3c45df-1a50-4d30-9d9c-4bb23d23d3e7","kind":"bikerack","longitude":11.4051953,"latitude":47.2781585,"name":"Biciklitároló","city":"Innsbruck","address":null,"covered":false,"access":null,"website":null,"phone":null,"source":"OpenStreetMap/node/13347485126","sourceUpdatedAt":null,"verifiedAt":null}},{"type":"Feature","geometry":{"type":"Point","coordinates":[11.3956781,47.2582412]},"properties":{"id":"bikerack:ffc2721d-0f4f-4f4f-9b18-f26a36673d6f","kind":"bikerack","longitude":11.3956781,"latitude":47.2582412,"name":"Biciklitároló","city":"Innsbruck","address":null,"covered":false,"access":null,"website":null,"phone":null,"source":"OpenStreetMap/node/4924132155","sourceUpdatedAt":null,"verifiedAt":null}},{"type":"Feature","geometry":{"type":"Point","coordinates":[11.3961222,47.2570903]},"properties":{"id":"bikerack:ffcdda6b-bcef-4f3f-a1ff-0001c362d20b","kind":"bikerack","longitude":11.3961222,"latitude":47.2570903,"name":"Biciklitároló","city":"Innsbruck","address":null,"covered":false,"access":null,"website":null,"phone":null,"source":"OpenStreetMap/node/8990036431","sourceUpdatedAt":null,"verifiedAt":null}},{"type":"Feature","geometry":{"type":"Point","coordinates":[11.3897781,47.2675259]},"properties":{"id":"repair:1eacdc4e-24d7-4879-8644-6909c1b6e05a","kind":"repair","longitude":11.3897781,"latitude":47.2675259,"name":"Kerékpár szervizállomás","city":"Innsbruck","address":null,"covered":false,"access":null,"website":null,"phone":null,"source":"OpenStreetMap/node/2853295612","sourceUpdatedAt":null,"verifiedAt":null}},{"type":"Feature","geometry":{"type":"Point","coordinates":[11.4030002,47.2663147]},"properties":{"id":"repair:4d8115ef-ee93-4124-a609-0c078296f5a6","kind":"repair","longitude":11.4030002,"latitude":47.2663147,"name":"Kerékpár szervizállomás","city":"Innsbruck","address":null,"covered":false,"access":null,"website":null,"phone":null,"source":"OpenStreetMap/node/2958346926","sourceUpdatedAt":null,"verifiedAt":null}},{"type":"Feature","geometry":{"type":"Point","coordinates":[11.3938203,47.2628847]},"properties":{"id":"repair:6809aea6-5a8c-478b-ad35-5e1b6d90b4ba","kind":"repair","longitude":11.3938203,"latitude":47.2628847,"name":"Kerékpár szervizállomás","city":"Innsbruck","address":null,"covered":false,"access":null,"website":null,"phone":null,"source":"OpenStreetMap/node/4776366095","sourceUpdatedAt":null,"verifiedAt":null}},{"type":"Feature","geometry":{"type":"Point","coordinates":[11.4046072,47.2697361]},"properties":{"id":"repair:9725dea2-71cf-4e7b-a468-8ef1f804cc61","kind":"repair","longitude":11.4046072,"latitude":47.2697361,"name":"Bike-Klinik","city":"Innsbruck","address":null,"covered":false,"access":null,"website":null,"phone":null,"source":"OpenStreetMap/node/11832598015","sourceUpdatedAt":null,"verifiedAt":null}},{"type":"Feature","geometry":{"type":"Point","coordinates":[11.4081517,47.2578918]},"properties":{"id":"repair:c7dc61d2-16db-46d5-84cc-02805783b9d3","kind":"repair","longitude":11.4081517,"latitude":47.2578918,"name":"Kerékpár szervizállomás","city":"Innsbruck","address":null,"covered":false,"access":null,"website":null,"phone":null,"source":"OpenStreetMap/node/5894248667","sourceUpdatedAt":null,"verifiedAt":null}},{"type":"Feature","geometry":{"type":"Point","coordinates":[11.3846027,47.2636054]},"properties":{"id":"repair:fd8a88ec-5efa-44fa-81ba-ccc30e24169e","kind":"repair","longitude":11.3846027,"latitude":47.2636054,"name":"Kerékpár szervizállomás","city":"Innsbruck","address":null,"covered":false,"access":null,"website":null,"phone":null,"source":"OpenStreetMap/node/7047508499","sourceUpdatedAt":null,"verifiedAt":null}},{"type":"Feature","geometry":{"type":"Point","coordinates":[11.388441,47.2575626]},"properties":{"id":"service:0911e764-a758-48c1-acc6-98546b118046","kind":"service","longitude":11.388441,"latitude":47.2575626,"name":"Radstudio Innsbruck","city":"Innsbruck","address":null,"covered":null,"access":null,"website":null,"phone":null,"source":"OpenStreetMap/node/759730735","sourceUpdatedAt":null,"verifiedAt":null}},{"type":"Feature","geometry":{"type":"Point","coordinates":[11.4113279,47.2757752]},"properties":{"id":"service:1cdde550-1c06-4927-9597-405ac2840bfc","kind":"service","longitude":11.4113279,"latitude":47.2757752,"name":"VELOFLOTT Kids & Cargo","city":"Innsbruck","address":null,"covered":null,"access":null,"website":null,"phone":null,"source":"OpenStreetMap/node/1997948798","sourceUpdatedAt":null,"verifiedAt":null}},{"type":"Feature","geometry":{"type":"Point","coordinates":[11.3936878,47.2626563]},"properties":{"id":"service:2670318d-99ce-4c15-a3ef-71d0bcf1b5b8","kind":"service","longitude":11.3936878,"latitude":47.2626563,"name":"Rad[L]Rettung","city":"Innsbruck","address":null,"covered":null,"access":null,"website":null,"phone":null,"source":"OpenStreetMap/node/4774361938","sourceUpdatedAt":null,"verifiedAt":null}},{"type":"Feature","geometry":{"type":"Point","coordinates":[11.3917464,47.2712409]},"properties":{"id":"service:28549f7f-b4e5-4a31-8f69-2945d0a58616","kind":"service","longitude":11.3917464,"latitude":47.2712409,"name":"Radwerkstatt Helmut Mayr","city":"Innsbruck","address":null,"covered":null,"access":null,"website":null,"phone":null,"source":"OpenStreetMap/node/759647673","sourceUpdatedAt":null,"verifiedAt":null}},{"type":"Feature","geometry":{"type":"Point","coordinates":[11.4039836,47.2652144]},"properties":{"id":"service:291bf612-3758-460c-b248-df638877e98d","kind":"service","longitude":11.4039836,"latitude":47.2652144,"name":"Bike Klinik","city":"Innsbruck","address":null,"covered":null,"access":null,"website":null,"phone":null,"source":"OpenStreetMap/node/13641446422","sourceUpdatedAt":null,"verifiedAt":null}},{"type":"Feature","geometry":{"type":"Point","coordinates":[11.4108965,47.2641981]},"properties":{"id":"service:39948470-b545-4277-9874-eabf6cef42c7","kind":"service","longitude":11.4108965,"latitude":47.2641981,"name":"BikePoint","city":"Innsbruck","address":null,"covered":null,"access":null,"website":null,"phone":null,"source":"OpenStreetMap/node/587098458","sourceUpdatedAt":null,"verifiedAt":null}},{"type":"Feature","geometry":{"type":"Point","coordinates":[11.4047546,47.2688979]},"properties":{"id":"service:4b5bbad7-9018-4f0d-bb9b-fbc25704b632","kind":"service","longitude":11.4047546,"latitude":47.2688979,"name":"Bikerei - Die Offene Radlwerkstatt","city":"Innsbruck","address":null,"covered":null,"access":null,"website":null,"phone":null,"source":"OpenStreetMap/node/2899653197","sourceUpdatedAt":null,"verifiedAt":null}},{"type":"Feature","geometry":{"type":"Point","coordinates":[11.4088941,47.2650738]},"properties":{"id":"service:4c75a4ca-9d87-4c3b-a596-72e9dbe42e26","kind":"service","longitude":11.4088941,"latitude":47.2650738,"name":"Rad & Tat","city":"Innsbruck","address":null,"covered":null,"access":null,"website":null,"phone":null,"source":"OpenStreetMap/node/1225138472","sourceUpdatedAt":null,"verifiedAt":null}},{"type":"Feature","geometry":{"type":"Point","coordinates":[11.4128328,47.276858]},"properties":{"id":"service:5d6145a3-9bba-4253-bd93-0d1e1ef35f9e","kind":"service","longitude":11.4128328,"latitude":47.276858,"name":"Veloflott","city":"Innsbruck","address":null,"covered":null,"access":null,"website":null,"phone":null,"source":"OpenStreetMap/node/2794234575","sourceUpdatedAt":null,"verifiedAt":null}},{"type":"Feature","geometry":{"type":"Point","coordinates":[11.4153807,47.2593686]},"properties":{"id":"service:5f3bb92b-7417-438b-b6ef-1c4f46349807","kind":"service","longitude":11.4153807,"latitude":47.2593686,"name":"BKD","city":"Innsbruck","address":null,"covered":null,"access":null,"website":null,"phone":null,"source":"OpenStreetMap/node/1418987828","sourceUpdatedAt":null,"verifiedAt":null}},{"type":"Feature","geometry":{"type":"Point","coordinates":[11.3962599,47.2551232]},"properties":{"id":"service:6b7b2bc6-a2a0-4c40-a721-73bcb4f88248","kind":"service","longitude":11.3962599,"latitude":47.2551232,"name":"Fahrradladen Innsbruck","city":"Innsbruck","address":null,"covered":null,"access":null,"website":null,"phone":null,"source":"OpenStreetMap/node/4287892170","sourceUpdatedAt":null,"verifiedAt":null}},{"type":"Feature","geometry":{"type":"Point","coordinates":[11.3907057,47.2572269]},"properties":{"id":"service:9b8957b4-6a0d-4e34-99b3-dfd2b3ba939f","kind":"service","longitude":11.3907057,"latitude":47.2572269,"name":"Crazy Bikez","city":"Innsbruck","address":null,"covered":null,"access":null,"website":null,"phone":null,"source":"OpenStreetMap/node/4618612062","sourceUpdatedAt":null,"verifiedAt":null}},{"type":"Feature","geometry":{"type":"Point","coordinates":[11.4043511,47.2571648]},"properties":{"id":"service:bb7bc4ff-4762-479e-a3bb-8ed6d35f37bf","kind":"service","longitude":11.4043511,"latitude":47.2571648,"name":"Radstatt","city":"Innsbruck","address":null,"covered":null,"access":null,"website":null,"phone":null,"source":"OpenStreetMap/node/8785429044","sourceUpdatedAt":null,"verifiedAt":null}},{"type":"Feature","geometry":{"type":"Point","coordinates":[11.3967574,47.2572419]},"properties":{"id":"service:c2cf2b81-4e76-428e-9e38-41d6f7e2fb60","kind":"service","longitude":11.3967574,"latitude":47.2572419,"name":"Dust","city":"Innsbruck","address":null,"covered":null,"access":null,"website":null,"phone":null,"source":"OpenStreetMap/node/8286848412","sourceUpdatedAt":null,"verifiedAt":null}},{"type":"Feature","geometry":{"type":"Point","coordinates":[11.3876885,47.2662677]},"properties":{"id":"service:c3557b08-6189-4d5e-9d27-16cbf2ea041a","kind":"service","longitude":11.3876885,"latitude":47.2662677,"name":"The E-Bike Store","city":"Innsbruck","address":null,"covered":null,"access":null,"website":null,"phone":null,"source":"OpenStreetMap/node/7083940100","sourceUpdatedAt":null,"verifiedAt":null}},{"type":"Feature","geometry":{"type":"Point","coordinates":[11.3942512,47.2620688]},"properties":{"id":"service:e36d206c-4cc1-4141-9965-83b5c0b00dc3","kind":"service","longitude":11.3942512,"latitude":47.2620688,"name":"I-Bike Rental","city":"Innsbruck","address":null,"covered":null,"access":null,"website":null,"phone":null,"source":"OpenStreetMap/node/1977153743","sourceUpdatedAt":null,"verifiedAt":null}},{"type":"Feature","geometry":{"type":"Point","coordinates":[11.4156576,47.272068]},"properties":{"id":"service:e9df3c96-602a-46ab-9d10-38779fd21960","kind":"service","longitude":11.4156576,"latitude":47.272068,"name":"Rad[L]Rettung","city":"Innsbruck","address":null,"covered":null,"access":null,"website":null,"phone":null,"source":"OpenStreetMap/node/10780586223","sourceUpdatedAt":null,"verifiedAt":null}},{"type":"Feature","geometry":{"type":"Point","coordinates":[11.3972115,47.2577114]},"properties":{"id":"service:f271aa25-9532-453d-9967-fcb17c6b861a","kind":"service","longitude":11.3972115,"latitude":47.2577114,"name":"Edelsten","city":"Innsbruck","address":null,"covered":null,"access":null,"website":null,"phone":null,"source":"OpenStreetMap/node/12122637154","sourceUpdatedAt":null,"verifiedAt":null}},{"type":"Feature","geometry":{"type":"Point","coordinates":[11.3846848,47.2600668]},"properties":{"id":"water:04adf164-21e6-4202-9f5b-bbb3ce7b998d","kind":"water","longitude":11.3846848,"latitude":47.2600668,"name":"Ivókút","city":"Innsbruck","address":null,"covered":null,"access":null,"website":null,"phone":null,"source":"OpenStreetMap/node/12923838530","sourceUpdatedAt":null,"verifiedAt":null}},{"type":"Feature","geometry":{"type":"Point","coordinates":[11.4204384,47.2563322]},"properties":{"id":"water:1678f01f-e40d-45f0-8c5c-17129e74a45d","kind":"water","longitude":11.4204384,"latitude":47.2563322,"name":"Ivókút","city":"Innsbruck","address":null,"covered":null,"access":null,"website":null,"phone":null,"source":"OpenStreetMap/node/4247531448","sourceUpdatedAt":null,"verifiedAt":null}},{"type":"Feature","geometry":{"type":"Point","coordinates":[11.3999644,47.2532792]},"properties":{"id":"water:1c0c9b35-e837-4637-b6d7-6e5d47ddb3cc","kind":"water","longitude":11.3999644,"latitude":47.2532792,"name":"Ivókút","city":"Innsbruck","address":null,"covered":null,"access":null,"website":null,"phone":null,"source":"OpenStreetMap/node/2965033007","sourceUpdatedAt":null,"verifiedAt":null}},{"type":"Feature","geometry":{"type":"Point","coordinates":[11.3826655,47.2725967]},"properties":{"id":"water:1f1cdcbd-ed40-4605-b241-a7bc7321cb0d","kind":"water","longitude":11.3826655,"latitude":47.2725967,"name":"Ivókút","city":"Innsbruck","address":null,"covered":null,"access":null,"website":null,"phone":null,"source":"OpenStreetMap/node/7573184172","sourceUpdatedAt":null,"verifiedAt":null}},{"type":"Feature","geometry":{"type":"Point","coordinates":[11.4059041,47.2672365]},"properties":{"id":"water:224da769-1608-48a8-8e81-d2e390f09811","kind":"water","longitude":11.4059041,"latitude":47.2672365,"name":"Ivókút","city":"Innsbruck","address":null,"covered":null,"access":null,"website":null,"phone":null,"source":"OpenStreetMap/node/13704420038","sourceUpdatedAt":null,"verifiedAt":null}},{"type":"Feature","geometry":{"type":"Point","coordinates":[11.3958704,47.2635745]},"properties":{"id":"water:2b176837-577b-420f-8cee-810cea0037e3","kind":"water","longitude":11.3958704,"latitude":47.2635745,"name":"Ivókút","city":"Innsbruck","address":null,"covered":null,"access":null,"website":null,"phone":null,"source":"OpenStreetMap/node/4904452860","sourceUpdatedAt":null,"verifiedAt":null}},{"type":"Feature","geometry":{"type":"Point","coordinates":[11.3974815,47.2756162]},"properties":{"id":"water:329721c8-a1a3-43a3-ac12-986b85a05764","kind":"water","longitude":11.3974815,"latitude":47.2756162,"name":"Ivókút","city":"Innsbruck","address":null,"covered":null,"access":null,"website":null,"phone":null,"source":"OpenStreetMap/node/1354645732","sourceUpdatedAt":null,"verifiedAt":null}},{"type":"Feature","geometry":{"type":"Point","coordinates":[11.3955744,47.2700821]},"properties":{"id":"water:32a6b8a3-0a8f-433c-a54f-6d31faf6b3fb","kind":"water","longitude":11.3955744,"latitude":47.2700821,"name":"Ivókút","city":"Innsbruck","address":null,"covered":null,"access":null,"website":null,"phone":null,"source":"OpenStreetMap/node/9929511632","sourceUpdatedAt":null,"verifiedAt":null}},{"type":"Feature","geometry":{"type":"Point","coordinates":[11.3839844,47.2725884]},"properties":{"id":"water:37a7460d-ddd7-405a-a99c-1ac72bf675a4","kind":"water","longitude":11.3839844,"latitude":47.2725884,"name":"Ivókút","city":"Innsbruck","address":null,"covered":null,"access":null,"website":null,"phone":null,"source":"OpenStreetMap/node/8264523557","sourceUpdatedAt":null,"verifiedAt":null}},{"type":"Feature","geometry":{"type":"Point","coordinates":[11.3980074,47.2539105]},"properties":{"id":"water:3c090e90-f8be-4443-bb61-ffab0941b34a","kind":"water","longitude":11.3980074,"latitude":47.2539105,"name":"Ivókút","city":"Innsbruck","address":null,"covered":null,"access":null,"website":null,"phone":null,"source":"OpenStreetMap/node/1259637111","sourceUpdatedAt":null,"verifiedAt":null}},{"type":"Feature","geometry":{"type":"Point","coordinates":[11.4072743,47.2786007]},"properties":{"id":"water:45ef6c11-d1de-410e-83a7-595d8d14edc4","kind":"water","longitude":11.4072743,"latitude":47.2786007,"name":"Ivókút","city":"Innsbruck","address":null,"covered":null,"access":null,"website":null,"phone":null,"source":"OpenStreetMap/node/2034559601","sourceUpdatedAt":null,"verifiedAt":null}},{"type":"Feature","geometry":{"type":"Point","coordinates":[11.3874486,47.2714827]},"properties":{"id":"water:469d6035-6b39-4cdf-a628-3e37701f2e56","kind":"water","longitude":11.3874486,"latitude":47.2714827,"name":"Ivókút","city":"Innsbruck","address":null,"covered":null,"access":null,"website":null,"phone":null,"source":"OpenStreetMap/node/10889967119","sourceUpdatedAt":null,"verifiedAt":null}},{"type":"Feature","geometry":{"type":"Point","coordinates":[11.3977788,47.2648119]},"properties":{"id":"water:4e1243f3-7a2a-4091-88fb-8ae470166d75","kind":"water","longitude":11.3977788,"latitude":47.2648119,"name":"Ivókút","city":"Innsbruck","address":null,"covered":null,"access":null,"website":null,"phone":null,"source":"OpenStreetMap/node/13652765101","sourceUpdatedAt":null,"verifiedAt":null}},{"type":"Feature","geometry":{"type":"Point","coordinates":[11.3878601,47.2680578]},"properties":{"id":"water:4f1b850a-4faa-4653-a102-598268fa6869","kind":"water","longitude":11.3878601,"latitude":47.2680578,"name":"Ivókút","city":"Innsbruck","address":null,"covered":null,"access":null,"website":null,"phone":null,"source":"OpenStreetMap/node/759647762","sourceUpdatedAt":null,"verifiedAt":null}},{"type":"Feature","geometry":{"type":"Point","coordinates":[11.3921348,47.2678891]},"properties":{"id":"water:530d0f54-4c89-4e40-9661-f7acf58452c3","kind":"water","longitude":11.3921348,"latitude":47.2678891,"name":"Ivókút","city":"Innsbruck","address":null,"covered":null,"access":null,"website":null,"phone":null,"source":"OpenStreetMap/node/13015807591","sourceUpdatedAt":null,"verifiedAt":null}},{"type":"Feature","geometry":{"type":"Point","coordinates":[11.4230092,47.2657002]},"properties":{"id":"water:5397d1b8-815f-45af-ae47-4ecbf64a3734","kind":"water","longitude":11.4230092,"latitude":47.2657002,"name":"Ivókút","city":"Ampass","address":null,"covered":null,"access":null,"website":null,"phone":null,"source":"OpenStreetMap/node/7802126094","sourceUpdatedAt":null,"verifiedAt":null}},{"type":"Feature","geometry":{"type":"Point","coordinates":[11.4096634,47.2617688]},"properties":{"id":"water:576a49b4-8bf9-4528-927e-c69e26d68c1c","kind":"water","longitude":11.4096634,"latitude":47.2617688,"name":"Ivókút","city":"Innsbruck","address":null,"covered":null,"access":null,"website":null,"phone":null,"source":"OpenStreetMap/node/848914898","sourceUpdatedAt":null,"verifiedAt":null}},{"type":"Feature","geometry":{"type":"Point","coordinates":[11.3943622,47.2654431]},"properties":{"id":"water:5882981c-1883-4c48-9425-f2ace548583b","kind":"water","longitude":11.3943622,"latitude":47.2654431,"name":"Ivókút","city":"Innsbruck","address":null,"covered":null,"access":null,"website":null,"phone":null,"source":"OpenStreetMap/node/4915782000","sourceUpdatedAt":null,"verifiedAt":null}},{"type":"Feature","geometry":{"type":"Point","coordinates":[11.3850095,47.2643943]},"properties":{"id":"water:5a3b7319-2810-4d66-8b55-7704f7b2932e","kind":"water","longitude":11.3850095,"latitude":47.2643943,"name":"Ivókút","city":"Innsbruck","address":null,"covered":null,"access":null,"website":null,"phone":null,"source":"OpenStreetMap/node/12231205702","sourceUpdatedAt":null,"verifiedAt":null}},{"type":"Feature","geometry":{"type":"Point","coordinates":[11.3954159,47.2661383]},"properties":{"id":"water:5b2f33eb-c120-41d0-ad52-10da7cfd876a","kind":"water","longitude":11.3954159,"latitude":47.2661383,"name":"Ivókút","city":"Innsbruck","address":null,"covered":null,"access":null,"website":null,"phone":null,"source":"OpenStreetMap/node/9387750205","sourceUpdatedAt":null,"verifiedAt":null}},{"type":"Feature","geometry":{"type":"Point","coordinates":[11.3904577,47.2688075]},"properties":{"id":"water:5e54e1fa-7fc8-45df-a32a-8502a50042e3","kind":"water","longitude":11.3904577,"latitude":47.2688075,"name":"Innbrücke","city":"Innsbruck","address":null,"covered":null,"access":null,"website":null,"phone":null,"source":"OpenStreetMap/node/5869015985","sourceUpdatedAt":null,"verifiedAt":null}},{"type":"Feature","geometry":{"type":"Point","coordinates":[11.4067215,47.2590303]},"properties":{"id":"water:5e6a1a72-46b3-4ebe-923d-a7daed7764ae","kind":"water","longitude":11.4067215,"latitude":47.2590303,"name":"Ivókút","city":"Innsbruck","address":null,"covered":null,"access":null,"website":null,"phone":null,"source":"OpenStreetMap/node/12170819117","sourceUpdatedAt":null,"verifiedAt":null}},{"type":"Feature","geometry":{"type":"Point","coordinates":[11.3819996,47.2619237]},"properties":{"id":"water:61fad0a5-c29a-4e42-9e6c-5eb14462ae85","kind":"water","longitude":11.3819996,"latitude":47.2619237,"name":"Ivókút","city":"Innsbruck","address":null,"covered":null,"access":null,"website":null,"phone":null,"source":"OpenStreetMap/node/8758716179","sourceUpdatedAt":null,"verifiedAt":null}},{"type":"Feature","geometry":{"type":"Point","coordinates":[11.4223973,47.2659888]},"properties":{"id":"water:64972779-5421-4001-9dc6-47f8d5eb3f5f","kind":"water","longitude":11.4223973,"latitude":47.2659888,"name":"Ivókút","city":"Ampass","address":null,"covered":null,"access":null,"website":null,"phone":null,"source":"OpenStreetMap/node/7802126093","sourceUpdatedAt":null,"verifiedAt":null}},{"type":"Feature","geometry":{"type":"Point","coordinates":[11.3972539,47.2704443]},"properties":{"id":"water:68120605-4634-4396-b8f2-d9589e9073ff","kind":"water","longitude":11.3972539,"latitude":47.2704443,"name":"Ivókút","city":"Innsbruck","address":null,"covered":null,"access":null,"website":null,"phone":null,"source":"OpenStreetMap/node/1262448793","sourceUpdatedAt":null,"verifiedAt":null}},{"type":"Feature","geometry":{"type":"Point","coordinates":[11.3828443,47.2644847]},"properties":{"id":"water:69cd0e2b-27c6-46ad-8615-5ff9fe5b25e1","kind":"water","longitude":11.3828443,"latitude":47.2644847,"name":"Ivókút","city":"Innsbruck","address":null,"covered":null,"access":null,"website":null,"phone":null,"source":"OpenStreetMap/node/1361014428","sourceUpdatedAt":null,"verifiedAt":null}},{"type":"Feature","geometry":{"type":"Point","coordinates":[11.3928999,47.2671232]},"properties":{"id":"water:71be708f-934e-4b04-9073-9b61d14cec57","kind":"water","longitude":11.3928999,"latitude":47.2671232,"name":"Sarner Brünnl","city":"Innsbruck","address":null,"covered":null,"access":null,"website":null,"phone":null,"source":"OpenStreetMap/node/1262474095","sourceUpdatedAt":null,"verifiedAt":null}},{"type":"Feature","geometry":{"type":"Point","coordinates":[11.4219281,47.2672248]},"properties":{"id":"water:7200054d-ddba-4820-8ef4-c5c01215f9ab","kind":"water","longitude":11.4219281,"latitude":47.2672248,"name":"Ivókút","city":"Innsbruck","address":null,"covered":null,"access":null,"website":null,"phone":null,"source":"OpenStreetMap/node/4860772564","sourceUpdatedAt":null,"verifiedAt":null}},{"type":"Feature","geometry":{"type":"Point","coordinates":[11.3992108,47.2579971]},"properties":{"id":"water:7543e247-7e36-47b6-869d-b91d4232c42c","kind":"water","longitude":11.3992108,"latitude":47.2579971,"name":"Ivókút","city":"Innsbruck","address":null,"covered":null,"access":null,"website":null,"phone":null,"source":"OpenStreetMap/node/11037917815","sourceUpdatedAt":null,"verifiedAt":null}},{"type":"Feature","geometry":{"type":"Point","coordinates":[11.3993937,47.2670043]},"properties":{"id":"water:768edf35-3b8b-433b-916b-9564ebbc7810","kind":"water","longitude":11.3993937,"latitude":47.2670043,"name":"Ivókút","city":"Innsbruck","address":null,"covered":null,"access":null,"website":null,"phone":null,"source":"OpenStreetMap/node/8907937198","sourceUpdatedAt":null,"verifiedAt":null}},{"type":"Feature","geometry":{"type":"Point","coordinates":[11.3920772,47.2709612]},"properties":{"id":"water:7942c2f3-320c-4f45-aa7d-642a047245c5","kind":"water","longitude":11.3920772,"latitude":47.2709612,"name":"Ivókút","city":"Innsbruck","address":null,"covered":null,"access":null,"website":null,"phone":null,"source":"OpenStreetMap/node/12334404305","sourceUpdatedAt":null,"verifiedAt":null}},{"type":"Feature","geometry":{"type":"Point","coordinates":[11.4230349,47.2763717]},"properties":{"id":"water:797ea3eb-e3bd-4271-97e9-a5b9a6c7989c","kind":"water","longitude":11.4230349,"latitude":47.2763717,"name":"Ivókút","city":"Rum","address":null,"covered":null,"access":null,"website":null,"phone":null,"source":"OpenStreetMap/node/4834692145","sourceUpdatedAt":null,"verifiedAt":null}},{"type":"Feature","geometry":{"type":"Point","coordinates":[11.4204622,47.2647512]},"properties":{"id":"water:7b67e412-f60a-4aaf-a005-ea4e7031dfe9","kind":"water","longitude":11.4204622,"latitude":47.2647512,"name":"Ivókút","city":"Innsbruck","address":null,"covered":null,"access":null,"website":null,"phone":null,"source":"OpenStreetMap/node/1854299660","sourceUpdatedAt":null,"verifiedAt":null}},{"type":"Feature","geometry":{"type":"Point","coordinates":[11.4204586,47.267181]},"properties":{"id":"water:7d3a4738-2ab8-44a1-b658-024bd5b2fa84","kind":"water","longitude":11.4204586,"latitude":47.267181,"name":"Ivókút","city":"Innsbruck","address":null,"covered":null,"access":null,"website":null,"phone":null,"source":"OpenStreetMap/node/11043432640","sourceUpdatedAt":null,"verifiedAt":null}},{"type":"Feature","geometry":{"type":"Point","coordinates":[11.3954319,47.2497307]},"properties":{"id":"water:7fedbbff-7f36-40d4-88a4-e8a2b48c2ccf","kind":"water","longitude":11.3954319,"latitude":47.2497307,"name":"Ivókút","city":"Innsbruck","address":null,"covered":null,"access":null,"website":null,"phone":null,"source":"OpenStreetMap/node/1374274737","sourceUpdatedAt":null,"verifiedAt":null}},{"type":"Feature","geometry":{"type":"Point","coordinates":[11.3932485,47.2685596]},"properties":{"id":"water:8899b7d8-ec15-44f5-a3d7-30ff75616585","kind":"water","longitude":11.3932485,"latitude":47.2685596,"name":"Ivókút","city":"Innsbruck","address":null,"covered":null,"access":null,"website":null,"phone":null,"source":"OpenStreetMap/node/1890238202","sourceUpdatedAt":null,"verifiedAt":null}},{"type":"Feature","geometry":{"type":"Point","coordinates":[11.39606,47.2630667]},"properties":{"id":"water:8ece2aa5-234c-4143-9d76-ee023482f1e7","kind":"water","longitude":11.39606,"latitude":47.2630667,"name":"Ivókút","city":"Innsbruck","address":null,"covered":null,"access":null,"website":null,"phone":null,"source":"OpenStreetMap/node/2137167549","sourceUpdatedAt":null,"verifiedAt":null}},{"type":"Feature","geometry":{"type":"Point","coordinates":[11.3874385,47.2571652]},"properties":{"id":"water:9414c18f-69f3-448a-822b-5e0b6cb1c697","kind":"water","longitude":11.3874385,"latitude":47.2571652,"name":"Roßbrunnen","city":"Innsbruck","address":null,"covered":null,"access":null,"website":null,"phone":null,"source":"OpenStreetMap/node/6011125932","sourceUpdatedAt":null,"verifiedAt":null}},{"type":"Feature","geometry":{"type":"Point","coordinates":[11.4130289,47.2740998]},"properties":{"id":"water:954c962d-24a4-462a-9f53-8e5dc96acc61","kind":"water","longitude":11.4130289,"latitude":47.2740998,"name":"Ivókút","city":"Innsbruck","address":null,"covered":null,"access":null,"website":null,"phone":null,"source":"OpenStreetMap/node/3656906367","sourceUpdatedAt":null,"verifiedAt":null}},{"type":"Feature","geometry":{"type":"Point","coordinates":[11.4070764,47.2747106]},"properties":{"id":"water:98c4938a-897b-4081-b431-24e7d88d8409","kind":"water","longitude":11.4070764,"latitude":47.2747106,"name":"Ivókút","city":"Innsbruck","address":null,"covered":null,"access":null,"website":null,"phone":null,"source":"OpenStreetMap/node/12116445770","sourceUpdatedAt":null,"verifiedAt":null}},{"type":"Feature","geometry":{"type":"Point","coordinates":[11.4184025,47.2620179]},"properties":{"id":"water:9d1f3047-3a34-41f0-8c1f-e3b40c6cc938","kind":"water","longitude":11.4184025,"latitude":47.2620179,"name":"Ivókút","city":"Innsbruck","address":null,"covered":null,"access":null,"website":null,"phone":null,"source":"OpenStreetMap/node/9130613637","sourceUpdatedAt":null,"verifiedAt":null}},{"type":"Feature","geometry":{"type":"Point","coordinates":[11.3964061,47.270982]},"properties":{"id":"water:9dac263a-7296-43c7-8a8e-370b523518e5","kind":"water","longitude":11.3964061,"latitude":47.270982,"name":"Ivókút","city":"Innsbruck","address":null,"covered":null,"access":null,"website":null,"phone":null,"source":"OpenStreetMap/node/12096870701","sourceUpdatedAt":null,"verifiedAt":null}},{"type":"Feature","geometry":{"type":"Point","coordinates":[11.394846,47.2719512]},"properties":{"id":"water:9e14780f-c9a8-4e0e-9f20-5d0c683346aa","kind":"water","longitude":11.394846,"latitude":47.2719512,"name":"Ivókút","city":"Innsbruck","address":null,"covered":null,"access":null,"website":null,"phone":null,"source":"OpenStreetMap/node/386829538","sourceUpdatedAt":null,"verifiedAt":null}},{"type":"Feature","geometry":{"type":"Point","coordinates":[11.4096765,47.2552326]},"properties":{"id":"water:a115f711-3208-4578-a047-fd938de1dd17","kind":"water","longitude":11.4096765,"latitude":47.2552326,"name":"Ivókút","city":"Innsbruck","address":null,"covered":null,"access":null,"website":null,"phone":null,"source":"OpenStreetMap/node/13074876333","sourceUpdatedAt":null,"verifiedAt":null}},{"type":"Feature","geometry":{"type":"Point","coordinates":[11.3940412,47.2742135]},"properties":{"id":"water:a4dce2c0-882e-4a19-8a1a-fa48153c23f7","kind":"water","longitude":11.3940412,"latitude":47.2742135,"name":"Ivókút","city":"Innsbruck","address":null,"covered":null,"access":null,"website":null,"phone":null,"source":"OpenStreetMap/node/279206905","sourceUpdatedAt":null,"verifiedAt":null}},{"type":"Feature","geometry":{"type":"Point","coordinates":[11.3932829,47.2679932]},"properties":{"id":"water:a9c0a7a5-a57e-40e9-855f-2b7ffd15fd3a","kind":"water","longitude":11.3932829,"latitude":47.2679932,"name":"Trautsonbrunnen","city":"Innsbruck","address":null,"covered":null,"access":null,"website":null,"phone":null,"source":"OpenStreetMap/node/595350817","sourceUpdatedAt":null,"verifiedAt":null}},{"type":"Feature","geometry":{"type":"Point","coordinates":[11.4182801,47.2530047]},"properties":{"id":"water:aac44646-49da-4bd0-bc3b-ee55cf23bbc2","kind":"water","longitude":11.4182801,"latitude":47.2530047,"name":"Philippine Welser Quelle","city":"Innsbruck","address":null,"covered":null,"access":null,"website":null,"phone":null,"source":"OpenStreetMap/node/2965033006","sourceUpdatedAt":null,"verifiedAt":null}},{"type":"Feature","geometry":{"type":"Point","coordinates":[11.3846207,47.2587146]},"properties":{"id":"water:ac9b57ad-6914-4eb3-a494-baa9b6e23394","kind":"water","longitude":11.3846207,"latitude":47.2587146,"name":"Tierschutzbrunnen","city":"Innsbruck","address":null,"covered":null,"access":null,"website":null,"phone":null,"source":"OpenStreetMap/node/9797201490","sourceUpdatedAt":null,"verifiedAt":null}},{"type":"Feature","geometry":{"type":"Point","coordinates":[11.3959618,47.269948]},"properties":{"id":"water:ad0985ee-5953-4f40-adad-d38c3da1f98d","kind":"water","longitude":11.3959618,"latitude":47.269948,"name":"Ivókút","city":"Innsbruck","address":null,"covered":null,"access":null,"website":null,"phone":null,"source":"OpenStreetMap/node/12394514832","sourceUpdatedAt":null,"verifiedAt":null}},{"type":"Feature","geometry":{"type":"Point","coordinates":[11.3941151,47.2636316]},"properties":{"id":"water:ae6100b2-65bd-4fed-9893-e399c5d1b404","kind":"water","longitude":11.3941151,"latitude":47.2636316,"name":"Ivókút","city":"Innsbruck","address":null,"covered":null,"access":null,"website":null,"phone":null,"source":"OpenStreetMap/node/6745795196","sourceUpdatedAt":null,"verifiedAt":null}},{"type":"Feature","geometry":{"type":"Point","coordinates":[11.3944715,47.2747406]},"properties":{"id":"water:b014cb77-c04d-4414-b82f-7f1797214060","kind":"water","longitude":11.3944715,"latitude":47.2747406,"name":"Ivókút","city":"Innsbruck","address":null,"covered":null,"access":null,"website":null,"phone":null,"source":"OpenStreetMap/node/4248057781","sourceUpdatedAt":null,"verifiedAt":null}},{"type":"Feature","geometry":{"type":"Point","coordinates":[11.4010616,47.2784977]},"properties":{"id":"water:b35bf0ea-22fd-45cb-b1b5-a2391fb8dba2","kind":"water","longitude":11.4010616,"latitude":47.2784977,"name":"Ivókút","city":"Innsbruck","address":null,"covered":null,"access":null,"website":null,"phone":null,"source":"OpenStreetMap/node/4309819979","sourceUpdatedAt":null,"verifiedAt":null}},{"type":"Feature","geometry":{"type":"Point","coordinates":[11.3914846,47.2697599]},"properties":{"id":"water:b572187b-5350-4534-a7ba-ec806b301a05","kind":"water","longitude":11.3914846,"latitude":47.2697599,"name":"Ivókút","city":"Innsbruck","address":null,"covered":null,"access":null,"website":null,"phone":null,"source":"OpenStreetMap/node/5017035163","sourceUpdatedAt":null,"verifiedAt":null}},{"type":"Feature","geometry":{"type":"Point","coordinates":[11.3889963,47.2572127]},"properties":{"id":"water:bc9e8f77-77f2-44bd-816c-81a6e2a04007","kind":"water","longitude":11.3889963,"latitude":47.2572127,"name":"Ivókút","city":"Innsbruck","address":null,"covered":null,"access":null,"website":null,"phone":null,"source":"OpenStreetMap/node/11021298910","sourceUpdatedAt":null,"verifiedAt":null}},{"type":"Feature","geometry":{"type":"Point","coordinates":[11.4185999,47.2772818]},"properties":{"id":"water:bce95065-3063-4a36-842d-1631d5f95630","kind":"water","longitude":11.4185999,"latitude":47.2772818,"name":"Ivókút","city":"Innsbruck","address":null,"covered":null,"access":null,"website":null,"phone":null,"source":"OpenStreetMap/node/3656917896","sourceUpdatedAt":null,"verifiedAt":null}},{"type":"Feature","geometry":{"type":"Point","coordinates":[11.3922859,47.272028]},"properties":{"id":"water:c28400e7-3eb3-49de-be21-f5982f547a73","kind":"water","longitude":11.3922859,"latitude":47.272028,"name":"Nikolausbrunnen","city":"Innsbruck","address":null,"covered":null,"access":null,"website":null,"phone":null,"source":"OpenStreetMap/node/759647708","sourceUpdatedAt":null,"verifiedAt":null}},{"type":"Feature","geometry":{"type":"Point","coordinates":[11.3968831,47.2593688]},"properties":{"id":"water:d1ccd720-ceb2-4de5-92c3-76a6b06b3e9b","kind":"water","longitude":11.3968831,"latitude":47.2593688,"name":"Ivókút","city":"Innsbruck","address":null,"covered":null,"access":null,"website":null,"phone":null,"source":"OpenStreetMap/node/2965052797","sourceUpdatedAt":null,"verifiedAt":null}},{"type":"Feature","geometry":{"type":"Point","coordinates":[11.4071895,47.2652839]},"properties":{"id":"water:d2b9ef17-440b-4bc8-b4f3-13f5e7c7bf50","kind":"water","longitude":11.4071895,"latitude":47.2652839,"name":"Ivókút","city":"Innsbruck","address":null,"covered":null,"access":null,"website":null,"phone":null,"source":"OpenStreetMap/node/8796433241","sourceUpdatedAt":null,"verifiedAt":null}},{"type":"Feature","geometry":{"type":"Point","coordinates":[11.4195216,47.268298]},"properties":{"id":"water:d31f3902-6b21-4116-8fa1-f8739c873e87","kind":"water","longitude":11.4195216,"latitude":47.268298,"name":"Ivókút","city":"Innsbruck","address":null,"covered":null,"access":null,"website":null,"phone":null,"source":"OpenStreetMap/node/8907937199","sourceUpdatedAt":null,"verifiedAt":null}},{"type":"Feature","geometry":{"type":"Point","coordinates":[11.4182771,47.2730777]},"properties":{"id":"water:da968730-f2f5-41d0-b700-7eafa197476c","kind":"water","longitude":11.4182771,"latitude":47.2730777,"name":"Ivókút","city":"Innsbruck","address":null,"covered":null,"access":null,"website":null,"phone":null,"source":"OpenStreetMap/node/8750884680","sourceUpdatedAt":null,"verifiedAt":null}},{"type":"Feature","geometry":{"type":"Point","coordinates":[11.4161068,47.2727279]},"properties":{"id":"water:dd6d3309-dd9f-4759-8787-c4d18433b4c2","kind":"water","longitude":11.4161068,"latitude":47.2727279,"name":"Ivókút","city":"Innsbruck","address":null,"covered":null,"access":null,"website":null,"phone":null,"source":"OpenStreetMap/node/9230737777","sourceUpdatedAt":null,"verifiedAt":null}},{"type":"Feature","geometry":{"type":"Point","coordinates":[11.3985419,47.2582401]},"properties":{"id":"water:dec3b42d-9d05-434c-9a02-5e6733e60482","kind":"water","longitude":11.3985419,"latitude":47.2582401,"name":"Ivókút","city":"Innsbruck","address":null,"covered":null,"access":null,"website":null,"phone":null,"source":"OpenStreetMap/node/11963660278","sourceUpdatedAt":null,"verifiedAt":null}},{"type":"Feature","geometry":{"type":"Point","coordinates":[11.3965793,47.2701932]},"properties":{"id":"water:e7438773-123e-4630-9a74-bfd62c0f56c3","kind":"water","longitude":11.3965793,"latitude":47.2701932,"name":"Ivókút","city":"Innsbruck","address":null,"covered":null,"access":null,"website":null,"phone":null,"source":"OpenStreetMap/node/12227550302","sourceUpdatedAt":null,"verifiedAt":null}},{"type":"Feature","geometry":{"type":"Point","coordinates":[11.3895607,47.2662786]},"properties":{"id":"water:ebad18e7-8bcc-48d7-ba50-ee094eafc042","kind":"water","longitude":11.3895607,"latitude":47.2662786,"name":"Ivókút","city":"Innsbruck","address":null,"covered":null,"access":null,"website":null,"phone":null,"source":"OpenStreetMap/node/2389924483","sourceUpdatedAt":null,"verifiedAt":null}},{"type":"Feature","geometry":{"type":"Point","coordinates":[11.3919655,47.2657257]},"properties":{"id":"water:ecb432cf-ca28-40ff-ab93-5347f9cfed27","kind":"water","longitude":11.3919655,"latitude":47.2657257,"name":"Ivókút","city":"Innsbruck","address":null,"covered":null,"access":null,"website":null,"phone":null,"source":"OpenStreetMap/node/5027149804","sourceUpdatedAt":null,"verifiedAt":null}},{"type":"Feature","geometry":{"type":"Point","coordinates":[11.4203033,47.2568306]},"properties":{"id":"water:ee9a9b3d-fab4-4f95-aded-eb1798fdabee","kind":"water","longitude":11.4203033,"latitude":47.2568306,"name":"Ivókút","city":"Innsbruck","address":null,"covered":null,"access":null,"website":null,"phone":null,"source":"OpenStreetMap/node/4957442392","sourceUpdatedAt":null,"verifiedAt":null}},{"type":"Feature","geometry":{"type":"Point","coordinates":[11.393747,47.2669443]},"properties":{"id":"water:f0ef64f0-5e4e-4acc-9b73-c82ff853b567","kind":"water","longitude":11.393747,"latitude":47.2669443,"name":"Ivókút","city":"Innsbruck","address":null,"covered":null,"access":null,"website":null,"phone":null,"source":"OpenStreetMap/node/4111045181","sourceUpdatedAt":null,"verifiedAt":null}},{"type":"Feature","geometry":{"type":"Point","coordinates":[11.3829102,47.2716281]},"properties":{"id":"water:f569c692-1da5-490d-836e-42cd386281f0","kind":"water","longitude":11.3829102,"latitude":47.2716281,"name":"Ivókút","city":"Innsbruck","address":null,"covered":null,"access":null,"website":null,"phone":null,"source":"OpenStreetMap/node/1395207858","sourceUpdatedAt":null,"verifiedAt":null}},{"type":"Feature","geometry":{"type":"Point","coordinates":[11.3889292,47.265573]},"properties":{"id":"water:fa78817b-b259-4ca3-a806-f80dee821aab","kind":"water","longitude":11.3889292,"latitude":47.265573,"name":"Josefsbrunnen","city":"Innsbruck","address":null,"covered":null,"access":null,"website":null,"phone":null,"source":"OpenStreetMap/node/955180473","sourceUpdatedAt":null,"verifiedAt":null}},{"type":"Feature","geometry":{"type":"Point","coordinates":[11.4253245,47.2620901]},"properties":{"id":"water:fbc8ddec-5754-408f-b629-fbb2663f0c10","kind":"water","longitude":11.4253245,"latitude":47.2620901,"name":"Ivókút","city":"Ampass","address":null,"covered":null,"access":null,"website":null,"phone":null,"source":"OpenStreetMap/node/6621364823","sourceUpdatedAt":null,"verifiedAt":null}},{"type":"Feature","geometry":{"type":"Point","coordinates":[11.4191756,47.2768804]},"properties":{"id":"water:fc331bdb-0c2f-43ef-8f61-794cf31cd840","kind":"water","longitude":11.4191756,"latitude":47.2768804,"name":"Ivókút","city":"Innsbruck","address":null,"covered":null,"access":null,"website":null,"phone":null,"source":"OpenStreetMap/node/8796433270","sourceUpdatedAt":null,"verifiedAt":null}},{"type":"Feature","geometry":{"type":"Point","coordinates":[11.4054438,47.2721149]},"properties":{"id":"water:ffb185e5-6919-43b2-9c17-b2accec3a2ca","kind":"water","longitude":11.4054438,"latitude":47.2721149,"name":"Ivókút","city":"Innsbruck","address":null,"covered":null,"access":null,"website":null,"phone":null,"source":"OpenStreetMap/node/9360459946","sourceUpdatedAt":null,"verifiedAt":null}}]}