{"type":"FeatureCollection","features":[{"type":"Feature","geometry":{"type":"Point","coordinates":[13.4935992,52.5111203]},"properties":{"id":"bikerack:006f4bfc-03c4-47ea-9fe3-e1f96df0c9f6","kind":"bikerack","longitude":13.4935992,"latitude":52.5111203,"name":"Fahrradabstellplatz","city":"Lichtenberg","address":null,"covered":true,"access":null,"website":null,"phone":null,"source":"OpenStreetMap/way/678185159","sourceUpdatedAt":null,"verifiedAt":null}},{"type":"Feature","geometry":{"type":"Point","coordinates":[13.5106389,52.5095655]},"properties":{"id":"bikerack:02ae7fe6-d9b4-4e54-99de-482435dde9f4","kind":"bikerack","longitude":13.5106389,"latitude":52.5095655,"name":"Fahrradabstellplatz","city":"Friedrichsfelde","address":null,"covered":false,"access":null,"website":null,"phone":null,"source":"OpenStreetMap/node/10765218428","sourceUpdatedAt":null,"verifiedAt":null}},{"type":"Feature","geometry":{"type":"Point","coordinates":[13.5312827,52.5258683]},"properties":{"id":"bikerack:0334b9ee-3363-40cb-b0b0-694238a56839","kind":"bikerack","longitude":13.5312827,"latitude":52.5258683,"name":"Fahrradabstellplatz","city":"Biesdorf","address":null,"covered":false,"access":null,"website":null,"phone":null,"source":"OpenStreetMap/way/1131937534","sourceUpdatedAt":null,"verifiedAt":null}},{"type":"Feature","geometry":{"type":"Point","coordinates":[13.4945617,52.5255051]},"properties":{"id":"bikerack:038be71e-b7b1-40d1-a1f1-63779218c737","kind":"bikerack","longitude":13.4945617,"latitude":52.5255051,"name":"Fahrradabstellplatz","city":"Lichtenberg","address":null,"covered":false,"access":null,"website":null,"phone":null,"source":"OpenStreetMap/node/12040326168","sourceUpdatedAt":null,"verifiedAt":null}},{"type":"Feature","geometry":{"type":"Point","coordinates":[13.5087357,52.5177572]},"properties":{"id":"bikerack:04019c42-759d-49e4-a4aa-842e1dbd4a0f","kind":"bikerack","longitude":13.5087357,"latitude":52.5177572,"name":"Fahrradabstellplatz","city":"Lichtenberg","address":null,"covered":false,"access":null,"website":null,"phone":null,"source":"OpenStreetMap/way/648061543","sourceUpdatedAt":null,"verifiedAt":null}},{"type":"Feature","geometry":{"type":"Point","coordinates":[13.5090834,52.5098121]},"properties":{"id":"bikerack:04112df5-a4bd-4296-8230-4184db5a3df4","kind":"bikerack","longitude":13.5090834,"latitude":52.5098121,"name":"Fahrradabstellplatz","city":"Friedrichsfelde","address":null,"covered":false,"access":null,"website":null,"phone":null,"source":"OpenStreetMap/node/10765218421","sourceUpdatedAt":null,"verifiedAt":null}},{"type":"Feature","geometry":{"type":"Point","coordinates":[13.5162695,52.5125301]},"properties":{"id":"bikerack:06358e97-ba0b-44db-a683-f827f066c70e","kind":"bikerack","longitude":13.5162695,"latitude":52.5125301,"name":"Fahrradabstellplatz","city":"Friedrichsfelde","address":null,"covered":false,"access":null,"website":null,"phone":null,"source":"OpenStreetMap/node/10182282260","sourceUpdatedAt":null,"verifiedAt":null}},{"type":"Feature","geometry":{"type":"Point","coordinates":[13.4957145,52.5355263]},"properties":{"id":"bikerack:06b12d2e-a6e3-40bd-b43b-956b0f43d84f","kind":"bikerack","longitude":13.4957145,"latitude":52.5355263,"name":"Fahrradabstellplatz","city":"Alt-Hohenschoenhausen","address":null,"covered":false,"access":null,"website":null,"phone":null,"source":"OpenStreetMap/node/11331479964","sourceUpdatedAt":null,"verifiedAt":null}},{"type":"Feature","geometry":{"type":"Point","coordinates":[13.5124774,52.524334]},"properties":{"id":"bikerack:0943bd4a-fec4-4c63-95dc-05523c534484","kind":"bikerack","longitude":13.5124774,"latitude":52.524334,"name":"Fahrradabstellplatz","city":"Lichtenberg","address":null,"covered":false,"access":null,"website":null,"phone":null,"source":"OpenStreetMap/way/1272079474","sourceUpdatedAt":null,"verifiedAt":null}},{"type":"Feature","geometry":{"type":"Point","coordinates":[13.5056663,52.5286136]},"properties":{"id":"bikerack:0c34c8c1-b19a-4b40-be1b-b461a0de89b0","kind":"bikerack","longitude":13.5056663,"latitude":52.5286136,"name":"Fahrradabstellplatz","city":"Lichtenberg","address":null,"covered":false,"access":null,"website":null,"phone":null,"source":"OpenStreetMap/node/10032947094","sourceUpdatedAt":null,"verifiedAt":null}},{"type":"Feature","geometry":{"type":"Point","coordinates":[13.5332667,52.5263362]},"properties":{"id":"bikerack:0f83cd00-9339-42ff-b617-8ddb8a3fc6ac","kind":"bikerack","longitude":13.5332667,"latitude":52.5263362,"name":"Fahrradabstellplatz","city":"Biesdorf","address":null,"covered":false,"access":null,"website":null,"phone":null,"source":"OpenStreetMap/node/10012863988","sourceUpdatedAt":null,"verifiedAt":null}},{"type":"Feature","geometry":{"type":"Point","coordinates":[13.5316058,52.5227107]},"properties":{"id":"bikerack:0fa418e2-b1c8-4669-822c-9ffaad07d463","kind":"bikerack","longitude":13.5316058,"latitude":52.5227107,"name":"Fahrradabstellplatz","city":"Biesdorf","address":null,"covered":false,"access":null,"website":null,"phone":null,"source":"OpenStreetMap/node/9982732096","sourceUpdatedAt":null,"verifiedAt":null}},{"type":"Feature","geometry":{"type":"Point","coordinates":[13.5036349,52.5169725]},"properties":{"id":"bikerack:0fdeaef1-2034-474f-9dbf-bb1c1edde6e6","kind":"bikerack","longitude":13.5036349,"latitude":52.5169725,"name":"Fahrradabstellplatz","city":"Lichtenberg","address":null,"covered":false,"access":null,"website":null,"phone":null,"source":"OpenStreetMap/node/10560206998","sourceUpdatedAt":null,"verifiedAt":null}},{"type":"Feature","geometry":{"type":"Point","coordinates":[13.5074948,52.519331]},"properties":{"id":"bikerack:101a0b94-5e39-445a-97e8-dd28aa2bcb3b","kind":"bikerack","longitude":13.5074948,"latitude":52.519331,"name":"Fahrradabstellplatz","city":"Lichtenberg","address":null,"covered":false,"access":null,"website":null,"phone":null,"source":"OpenStreetMap/node/10560037633","sourceUpdatedAt":null,"verifiedAt":null}},{"type":"Feature","geometry":{"type":"Point","coordinates":[13.5198315,52.5136267]},"properties":{"id":"bikerack:1080d61e-4979-462b-b75d-810e485f5e64","kind":"bikerack","longitude":13.5198315,"latitude":52.5136267,"name":"Fahrradabstellplatz","city":"Friedrichsfelde","address":null,"covered":false,"access":null,"website":null,"phone":null,"source":"OpenStreetMap/node/10837055833","sourceUpdatedAt":null,"verifiedAt":null}},{"type":"Feature","geometry":{"type":"Point","coordinates":[13.5309748,52.5230638]},"properties":{"id":"bikerack:10d0e3e3-212e-4bf5-832a-bcce5cf9f5a1","kind":"bikerack","longitude":13.5309748,"latitude":52.5230638,"name":"Fahrradabstellplatz","city":"Biesdorf","address":null,"covered":false,"access":null,"website":null,"phone":null,"source":"OpenStreetMap/node/9982732062","sourceUpdatedAt":null,"verifiedAt":null}},{"type":"Feature","geometry":{"type":"Point","coordinates":[13.4982362,52.5102616]},"properties":{"id":"bikerack:1116eb73-5e53-41b6-ac38-d4ed9ce81585","kind":"bikerack","longitude":13.4982362,"latitude":52.5102616,"name":"Fahrradabstellplatz","city":"Lichtenberg","address":null,"covered":true,"access":null,"website":null,"phone":null,"source":"OpenStreetMap/node/7994883465","sourceUpdatedAt":null,"verifiedAt":null}},{"type":"Feature","geometry":{"type":"Point","coordinates":[13.4984894,52.5103942]},"properties":{"id":"bikerack:11d077d0-4224-4642-8c5c-0a3ecef92483","kind":"bikerack","longitude":13.4984894,"latitude":52.5103942,"name":"Fahrradabstellplatz","city":"Lichtenberg","address":null,"covered":true,"access":null,"website":null,"phone":null,"source":"OpenStreetMap/node/1828138247","sourceUpdatedAt":null,"verifiedAt":null}},{"type":"Feature","geometry":{"type":"Point","coordinates":[13.5038092,52.5180337]},"properties":{"id":"bikerack:125a67bc-d41b-448c-995d-227732a3dee8","kind":"bikerack","longitude":13.5038092,"latitude":52.5180337,"name":"Fahrradabstellplatz","city":"Lichtenberg","address":null,"covered":false,"access":null,"website":null,"phone":null,"source":"OpenStreetMap/node/10308486307","sourceUpdatedAt":null,"verifiedAt":null}},{"type":"Feature","geometry":{"type":"Point","coordinates":[13.5303921,52.5258545]},"properties":{"id":"bikerack:125ab0d5-5f9f-4e8c-8642-c0e71ce31452","kind":"bikerack","longitude":13.5303921,"latitude":52.5258545,"name":"Fahrradabstellplatz","city":"Biesdorf","address":null,"covered":false,"access":null,"website":null,"phone":null,"source":"OpenStreetMap/node/12051481031","sourceUpdatedAt":null,"verifiedAt":null}},{"type":"Feature","geometry":{"type":"Point","coordinates":[13.5031687,52.517024]},"properties":{"id":"bikerack:126250c0-9fd0-49b6-8132-feefd520a014","kind":"bikerack","longitude":13.5031687,"latitude":52.517024,"name":"Fahrradabstellplatz","city":"Lichtenberg","address":null,"covered":false,"access":null,"website":null,"phone":null,"source":"OpenStreetMap/node/10560206997","sourceUpdatedAt":null,"verifiedAt":null}},{"type":"Feature","geometry":{"type":"Point","coordinates":[13.4940259,52.5249213]},"properties":{"id":"bikerack:14a54fb2-36fc-4633-b15c-86b383a646ac","kind":"bikerack","longitude":13.4940259,"latitude":52.5249213,"name":"Fahrradabstellplatz","city":"Lichtenberg","address":null,"covered":false,"access":null,"website":null,"phone":null,"source":"OpenStreetMap/node/13243178169","sourceUpdatedAt":null,"verifiedAt":null}},{"type":"Feature","geometry":{"type":"Point","coordinates":[13.5177173,52.5323269]},"properties":{"id":"bikerack:14bc13f7-cf6b-4ad5-930b-76e2be35e2fb","kind":"bikerack","longitude":13.5177173,"latitude":52.5323269,"name":"Fahrradabstellplatz","city":"Alt-Hohenschoenhausen","address":null,"covered":false,"access":null,"website":null,"phone":null,"source":"OpenStreetMap/way/1221561839","sourceUpdatedAt":null,"verifiedAt":null}},{"type":"Feature","geometry":{"type":"Point","coordinates":[13.5265806,52.5133224]},"properties":{"id":"bikerack:14e312fc-3724-418b-920d-e18e899172bb","kind":"bikerack","longitude":13.5265806,"latitude":52.5133224,"name":"Fahrradabstellplatz","city":"Friedrichsfelde","address":null,"covered":false,"access":null,"website":null,"phone":null,"source":"OpenStreetMap/node/9990920831","sourceUpdatedAt":null,"verifiedAt":null}},{"type":"Feature","geometry":{"type":"Point","coordinates":[13.5287953,52.5127236]},"properties":{"id":"bikerack:15125b34-1ba0-436f-a190-881e984eb7da","kind":"bikerack","longitude":13.5287953,"latitude":52.5127236,"name":"Fahrradabstellplatz","city":"Friedrichsfelde","address":null,"covered":false,"access":null,"website":null,"phone":null,"source":"OpenStreetMap/node/9990758010","sourceUpdatedAt":null,"verifiedAt":null}},{"type":"Feature","geometry":{"type":"Point","coordinates":[13.497006,52.5163521]},"properties":{"id":"bikerack:15323b20-401f-4c98-927e-2b03bddeb408","kind":"bikerack","longitude":13.497006,"latitude":52.5163521,"name":"Fahrradabstellplatz","city":"Lichtenberg","address":null,"covered":false,"access":null,"website":null,"phone":null,"source":"OpenStreetMap/node/6089825020","sourceUpdatedAt":null,"verifiedAt":null}},{"type":"Feature","geometry":{"type":"Point","coordinates":[13.5278105,52.5132881]},"properties":{"id":"bikerack:156556a1-9e25-4c7b-9929-59465556eee6","kind":"bikerack","longitude":13.5278105,"latitude":52.5132881,"name":"Fahrradabstellplatz","city":"Friedrichsfelde","address":null,"covered":false,"access":null,"website":null,"phone":null,"source":"OpenStreetMap/node/9990920823","sourceUpdatedAt":null,"verifiedAt":null}},{"type":"Feature","geometry":{"type":"Point","coordinates":[13.4955889,52.5355478]},"properties":{"id":"bikerack:15f4b399-55cd-439c-811b-4511c343b9d9","kind":"bikerack","longitude":13.4955889,"latitude":52.5355478,"name":"Fahrradabstellplatz","city":"Alt-Hohenschoenhausen","address":null,"covered":false,"access":null,"website":null,"phone":null,"source":"OpenStreetMap/node/11331479966","sourceUpdatedAt":null,"verifiedAt":null}},{"type":"Feature","geometry":{"type":"Point","coordinates":[13.5072392,52.5194989]},"properties":{"id":"bikerack:191fd778-1f83-40ed-ab6c-a44ec8f181fb","kind":"bikerack","longitude":13.5072392,"latitude":52.5194989,"name":"Fahrradabstellplatz","city":"Lichtenberg","address":null,"covered":true,"access":null,"website":null,"phone":null,"source":"OpenStreetMap/way/1132533334","sourceUpdatedAt":null,"verifiedAt":null}},{"type":"Feature","geometry":{"type":"Point","coordinates":[13.5062326,52.5351116]},"properties":{"id":"bikerack:1cc1638d-a174-4d6f-bea6-54ab9764095d","kind":"bikerack","longitude":13.5062326,"latitude":52.5351116,"name":"Fahrradabstellplatz","city":"Alt-Hohenschoenhausen","address":null,"covered":false,"access":null,"website":null,"phone":null,"source":"OpenStreetMap/node/12918651076","sourceUpdatedAt":null,"verifiedAt":null}},{"type":"Feature","geometry":{"type":"Point","coordinates":[13.5162483,52.5322975]},"properties":{"id":"bikerack:1cd3f65c-ad08-4d45-8c23-1cf54a879812","kind":"bikerack","longitude":13.5162483,"latitude":52.5322975,"name":"Fahrradabstellplatz","city":"Alt-Hohenschoenhausen","address":null,"covered":true,"access":null,"website":null,"phone":null,"source":"OpenStreetMap/way/1221561848","sourceUpdatedAt":null,"verifiedAt":null}},{"type":"Feature","geometry":{"type":"Point","coordinates":[13.5069363,52.519352]},"properties":{"id":"bikerack:1dfcce82-f3fc-40b4-a1f6-bfbea2839c83","kind":"bikerack","longitude":13.5069363,"latitude":52.519352,"name":"Fahrradabstellplatz","city":"Lichtenberg","address":null,"covered":false,"access":null,"website":null,"phone":null,"source":"OpenStreetMap/way/1132533361","sourceUpdatedAt":null,"verifiedAt":null}},{"type":"Feature","geometry":{"type":"Point","coordinates":[13.5057393,52.5337511]},"properties":{"id":"bikerack:1efd0a80-0d80-4771-858a-71348a1f655b","kind":"bikerack","longitude":13.5057393,"latitude":52.5337511,"name":"Fahrradabstellplatz","city":"Alt-Hohenschoenhausen","address":null,"covered":false,"access":null,"website":null,"phone":null,"source":"OpenStreetMap/way/1221813665","sourceUpdatedAt":null,"verifiedAt":null}},{"type":"Feature","geometry":{"type":"Point","coordinates":[13.5115629,52.5233899]},"properties":{"id":"bikerack:1f25a71f-5add-4a40-96a8-ed0dd1a25649","kind":"bikerack","longitude":13.5115629,"latitude":52.5233899,"name":"Fahrradabstellplatz","city":"Lichtenberg","address":null,"covered":false,"access":null,"website":null,"phone":null,"source":"OpenStreetMap/node/10033033050","sourceUpdatedAt":null,"verifiedAt":null}},{"type":"Feature","geometry":{"type":"Point","coordinates":[13.4956713,52.5349153]},"properties":{"id":"bikerack:1f56d7f3-ae05-45ca-a74f-897581628df1","kind":"bikerack","longitude":13.4956713,"latitude":52.5349153,"name":"Fahrradabstellplatz","city":"Alt-Hohenschoenhausen","address":null,"covered":false,"access":null,"website":null,"phone":null,"source":"OpenStreetMap/node/11331522575","sourceUpdatedAt":null,"verifiedAt":null}},{"type":"Feature","geometry":{"type":"Point","coordinates":[13.5203158,52.5137471]},"properties":{"id":"bikerack:20fa0445-b146-47ef-b93d-81a921d42a54","kind":"bikerack","longitude":13.5203158,"latitude":52.5137471,"name":"Fahrradabstellplatz","city":"Friedrichsfelde","address":null,"covered":false,"access":null,"website":null,"phone":null,"source":"OpenStreetMap/way/1165078334","sourceUpdatedAt":null,"verifiedAt":null}},{"type":"Feature","geometry":{"type":"Point","coordinates":[13.5065208,52.5357093]},"properties":{"id":"bikerack:21e7b3eb-38d7-45d6-ad44-f5e990be0b36","kind":"bikerack","longitude":13.5065208,"latitude":52.5357093,"name":"Fahrradabstellplatz","city":"Alt-Hohenschoenhausen","address":null,"covered":false,"access":null,"website":null,"phone":null,"source":"OpenStreetMap/node/13392161820","sourceUpdatedAt":null,"verifiedAt":null}},{"type":"Feature","geometry":{"type":"Point","coordinates":[13.5309393,52.522929]},"properties":{"id":"bikerack:22e5b0ec-85b8-47e4-b1b9-8ee0625dfe1c","kind":"bikerack","longitude":13.5309393,"latitude":52.522929,"name":"Fahrradabstellplatz","city":"Biesdorf","address":null,"covered":false,"access":null,"website":null,"phone":null,"source":"OpenStreetMap/node/9982732063","sourceUpdatedAt":null,"verifiedAt":null}},{"type":"Feature","geometry":{"type":"Point","coordinates":[13.5306057,52.5131739]},"properties":{"id":"bikerack:24a4e379-7fdd-436b-a553-253ef24a77e5","kind":"bikerack","longitude":13.5306057,"latitude":52.5131739,"name":"Fahrradabstellplatz","city":"Biesdorf","address":null,"covered":false,"access":null,"website":null,"phone":null,"source":"OpenStreetMap/node/9990696820","sourceUpdatedAt":null,"verifiedAt":null}},{"type":"Feature","geometry":{"type":"Point","coordinates":[13.5078923,52.5109195]},"properties":{"id":"bikerack:2513c6e7-1c66-4b9d-8cd7-7a71e16dbc27","kind":"bikerack","longitude":13.5078923,"latitude":52.5109195,"name":"Fahrradabstellplatz","city":"Friedrichsfelde","address":null,"covered":false,"access":null,"website":null,"phone":null,"source":"OpenStreetMap/node/11323277610","sourceUpdatedAt":null,"verifiedAt":null}},{"type":"Feature","geometry":{"type":"Point","coordinates":[13.5178216,52.5247261]},"properties":{"id":"bikerack:25877bb6-50f1-4a72-a062-f644488ee99a","kind":"bikerack","longitude":13.5178216,"latitude":52.5247261,"name":"Fahrradabstellplatz","city":"Lichtenberg","address":null,"covered":false,"access":null,"website":null,"phone":null,"source":"OpenStreetMap/node/12140503761","sourceUpdatedAt":null,"verifiedAt":null}},{"type":"Feature","geometry":{"type":"Point","coordinates":[13.5266301,52.5129458]},"properties":{"id":"bikerack:27a810cd-afbd-435a-bd6c-e0afed6db3a9","kind":"bikerack","longitude":13.5266301,"latitude":52.5129458,"name":"Fahrradabstellplatz","city":"Friedrichsfelde","address":null,"covered":false,"access":null,"website":null,"phone":null,"source":"OpenStreetMap/node/9990734598","sourceUpdatedAt":null,"verifiedAt":null}},{"type":"Feature","geometry":{"type":"Point","coordinates":[13.5183698,52.5274105]},"properties":{"id":"bikerack:2801a221-4f30-4e4e-8278-53de111372e7","kind":"bikerack","longitude":13.5183698,"latitude":52.5274105,"name":"Fahrradabstellplatz","city":"Lichtenberg","address":null,"covered":false,"access":null,"website":null,"phone":null,"source":"OpenStreetMap/node/10296908429","sourceUpdatedAt":null,"verifiedAt":null}},{"type":"Feature","geometry":{"type":"Point","coordinates":[13.4969564,52.5118533]},"properties":{"id":"bikerack:283dd95a-3e29-4fba-9f20-0d80c9874f0f","kind":"bikerack","longitude":13.4969564,"latitude":52.5118533,"name":"Fahrradabstellplatz","city":"Lichtenberg","address":null,"covered":false,"access":null,"website":null,"phone":null,"source":"OpenStreetMap/node/10560881014","sourceUpdatedAt":null,"verifiedAt":null}},{"type":"Feature","geometry":{"type":"Point","coordinates":[13.5294758,52.5257457]},"properties":{"id":"bikerack:28503643-ccd6-49a2-9d99-24d75c4ca313","kind":"bikerack","longitude":13.5294758,"latitude":52.5257457,"name":"Fahrradabstellplatz","city":"Biesdorf","address":null,"covered":false,"access":null,"website":null,"phone":null,"source":"OpenStreetMap/node/12051481038","sourceUpdatedAt":null,"verifiedAt":null}},{"type":"Feature","geometry":{"type":"Point","coordinates":[13.5065684,52.5194493]},"properties":{"id":"bikerack:288be02e-b9fc-412e-b2a5-1259e5b4dd02","kind":"bikerack","longitude":13.5065684,"latitude":52.5194493,"name":"Fahrradabstellplatz","city":"Lichtenberg","address":null,"covered":false,"access":null,"website":null,"phone":null,"source":"OpenStreetMap/way/1132533363","sourceUpdatedAt":null,"verifiedAt":null}},{"type":"Feature","geometry":{"type":"Point","coordinates":[13.5073291,52.5197185]},"properties":{"id":"bikerack:299c9429-c349-4362-bb9a-99b14f762472","kind":"bikerack","longitude":13.5073291,"latitude":52.5197185,"name":"Fahrradabstellplatz","city":"Lichtenberg","address":null,"covered":false,"access":null,"website":null,"phone":null,"source":"OpenStreetMap/node/10560037646","sourceUpdatedAt":null,"verifiedAt":null}},{"type":"Feature","geometry":{"type":"Point","coordinates":[13.5287597,52.5132475]},"properties":{"id":"bikerack:29d1758a-9be1-4e0f-ac1a-a868a6a25365","kind":"bikerack","longitude":13.5287597,"latitude":52.5132475,"name":"Fahrradabstellplatz","city":"Friedrichsfelde","address":null,"covered":false,"access":null,"website":null,"phone":null,"source":"OpenStreetMap/node/9990920820","sourceUpdatedAt":null,"verifiedAt":null}},{"type":"Feature","geometry":{"type":"Point","coordinates":[13.4979807,52.5140545]},"properties":{"id":"bikerack:29eeb2fb-f539-42c1-b38a-3fd1ce27b3f9","kind":"bikerack","longitude":13.4979807,"latitude":52.5140545,"name":"Fahrradabstellplatz","city":"Lichtenberg","address":null,"covered":false,"access":null,"website":null,"phone":null,"source":"OpenStreetMap/node/10307984277","sourceUpdatedAt":null,"verifiedAt":null}},{"type":"Feature","geometry":{"type":"Point","coordinates":[13.5072138,52.5195493]},"properties":{"id":"bikerack:2a43314f-49f5-4e54-b32c-9bc7311ecda6","kind":"bikerack","longitude":13.5072138,"latitude":52.5195493,"name":"Fahrradabstellplatz","city":"Lichtenberg","address":null,"covered":false,"access":null,"website":null,"phone":null,"source":"OpenStreetMap/way/1132533347","sourceUpdatedAt":null,"verifiedAt":null}},{"type":"Feature","geometry":{"type":"Point","coordinates":[13.5287656,52.5123803]},"properties":{"id":"bikerack:2a552f11-20be-42f7-be21-7c80ff4bf3cb","kind":"bikerack","longitude":13.5287656,"latitude":52.5123803,"name":"Fahrradabstellplatz","city":"Friedrichsfelde","address":null,"covered":false,"access":null,"website":null,"phone":null,"source":"OpenStreetMap/node/9990758013","sourceUpdatedAt":null,"verifiedAt":null}},{"type":"Feature","geometry":{"type":"Point","coordinates":[13.5038121,52.5175298]},"properties":{"id":"bikerack:2aba231c-7a0c-4e89-8d9e-3d2b5c254e28","kind":"bikerack","longitude":13.5038121,"latitude":52.5175298,"name":"Fahrradabstellplatz","city":"Lichtenberg","address":null,"covered":false,"access":null,"website":null,"phone":null,"source":"OpenStreetMap/node/10560207003","sourceUpdatedAt":null,"verifiedAt":null}},{"type":"Feature","geometry":{"type":"Point","coordinates":[13.5014352,52.5155464]},"properties":{"id":"bikerack:2c9fa44f-968d-43c5-8a64-814060520010","kind":"bikerack","longitude":13.5014352,"latitude":52.5155464,"name":"Fahrradabstellplatz","city":"Lichtenberg","address":null,"covered":false,"access":null,"website":null,"phone":null,"source":"OpenStreetMap/node/13041665000","sourceUpdatedAt":null,"verifiedAt":null}},{"type":"Feature","geometry":{"type":"Point","coordinates":[13.5077381,52.533727]},"properties":{"id":"bikerack:2d5093df-3af9-4c58-aeeb-c55ae9ebe35d","kind":"bikerack","longitude":13.5077381,"latitude":52.533727,"name":"Fahrradabstellplatz","city":"Alt-Hohenschoenhausen","address":null,"covered":false,"access":null,"website":null,"phone":null,"source":"OpenStreetMap/way/1221814797","sourceUpdatedAt":null,"verifiedAt":null}},{"type":"Feature","geometry":{"type":"Point","coordinates":[13.5163397,52.5281329]},"properties":{"id":"bikerack:2e619666-45eb-4dc1-a972-ccb68e28846d","kind":"bikerack","longitude":13.5163397,"latitude":52.5281329,"name":"Fahrradabstellplatz","city":"Lichtenberg","address":null,"covered":false,"access":null,"website":null,"phone":null,"source":"OpenStreetMap/node/10021795509","sourceUpdatedAt":null,"verifiedAt":null}},{"type":"Feature","geometry":{"type":"Point","coordinates":[13.5297748,52.5258563]},"properties":{"id":"bikerack:2e6da394-9ac9-4870-88ec-190b1826a8af","kind":"bikerack","longitude":13.5297748,"latitude":52.5258563,"name":"Fahrradabstellplatz","city":"Biesdorf","address":null,"covered":false,"access":null,"website":null,"phone":null,"source":"OpenStreetMap/node/12051481030","sourceUpdatedAt":null,"verifiedAt":null}},{"type":"Feature","geometry":{"type":"Point","coordinates":[13.5004608,52.5296902]},"properties":{"id":"bikerack:2f2bf75d-a299-4bd6-9d53-5bc78a5f99c7","kind":"bikerack","longitude":13.5004608,"latitude":52.5296902,"name":"Fahrradabstellplatz","city":"Lichtenberg","address":null,"covered":false,"access":null,"website":null,"phone":null,"source":"OpenStreetMap/way/1094438421","sourceUpdatedAt":null,"verifiedAt":null}},{"type":"Feature","geometry":{"type":"Point","coordinates":[13.5089044,52.5150646]},"properties":{"id":"bikerack:2f7c8a12-95fe-49b2-8b2e-867a0a56d10c","kind":"bikerack","longitude":13.5089044,"latitude":52.5150646,"name":"Fahrradabstellplatz","city":"Lichtenberg","address":null,"covered":false,"access":null,"website":null,"phone":null,"source":"OpenStreetMap/node/6579833296","sourceUpdatedAt":null,"verifiedAt":null}},{"type":"Feature","geometry":{"type":"Point","coordinates":[13.5184736,52.5281195]},"properties":{"id":"bikerack:2fccbce1-1dfe-4b5e-8495-23cf063d62ef","kind":"bikerack","longitude":13.5184736,"latitude":52.5281195,"name":"Fahrradabstellplatz","city":"Lichtenberg","address":null,"covered":false,"access":null,"website":null,"phone":null,"source":"OpenStreetMap/node/10296908436","sourceUpdatedAt":null,"verifiedAt":null}},{"type":"Feature","geometry":{"type":"Point","coordinates":[13.5259497,52.513334]},"properties":{"id":"bikerack:3056298b-3a48-41e3-887c-2916ea545d78","kind":"bikerack","longitude":13.5259497,"latitude":52.513334,"name":"Fahrradabstellplatz","city":"Friedrichsfelde","address":null,"covered":false,"access":null,"website":null,"phone":null,"source":"OpenStreetMap/node/9990920834","sourceUpdatedAt":null,"verifiedAt":null}},{"type":"Feature","geometry":{"type":"Point","coordinates":[13.5040209,52.517504]},"properties":{"id":"bikerack:30b7e6b9-7b69-466a-894a-439655a6a3dd","kind":"bikerack","longitude":13.5040209,"latitude":52.517504,"name":"Fahrradabstellplatz","city":"Lichtenberg","address":null,"covered":false,"access":null,"website":null,"phone":null,"source":"OpenStreetMap/node/10560207002","sourceUpdatedAt":null,"verifiedAt":null}},{"type":"Feature","geometry":{"type":"Point","coordinates":[13.5055516,52.5102821]},"properties":{"id":"bikerack:3126129b-76fe-4ab7-8319-03691221b559","kind":"bikerack","longitude":13.5055516,"latitude":52.5102821,"name":"Fahrradabstellplatz","city":"Friedrichsfelde","address":null,"covered":false,"access":null,"website":null,"phone":null,"source":"OpenStreetMap/node/6481128853","sourceUpdatedAt":null,"verifiedAt":null}},{"type":"Feature","geometry":{"type":"Point","coordinates":[13.493053,52.5207025]},"properties":{"id":"bikerack:32004fb2-c9bd-4271-9dde-329dc0b390f0","kind":"bikerack","longitude":13.493053,"latitude":52.5207025,"name":"Fahrradabstellplatz","city":"Lichtenberg","address":null,"covered":false,"access":null,"website":null,"phone":null,"source":"OpenStreetMap/node/10296387698","sourceUpdatedAt":null,"verifiedAt":null}},{"type":"Feature","geometry":{"type":"Point","coordinates":[13.5132968,52.5339678]},"properties":{"id":"bikerack:3318679c-b685-46f3-93a5-b4aeb4233cb5","kind":"bikerack","longitude":13.5132968,"latitude":52.5339678,"name":"Fahrradabstellplatz","city":"Alt-Hohenschoenhausen","address":null,"covered":true,"access":null,"website":null,"phone":null,"source":"OpenStreetMap/node/11331583554","sourceUpdatedAt":null,"verifiedAt":null}},{"type":"Feature","geometry":{"type":"Point","coordinates":[13.501858,52.5352561]},"properties":{"id":"bikerack:3378d706-090e-46f3-a893-d2298d9c8471","kind":"bikerack","longitude":13.501858,"latitude":52.5352561,"name":"Fahrradabstellplatz","city":"Alt-Hohenschoenhausen","address":null,"covered":false,"access":null,"website":null,"phone":null,"source":"OpenStreetMap/node/10028903654","sourceUpdatedAt":null,"verifiedAt":null}},{"type":"Feature","geometry":{"type":"Point","coordinates":[13.5115197,52.5229777]},"properties":{"id":"bikerack:3485f37d-3509-4abe-9283-320804e0cbaf","kind":"bikerack","longitude":13.5115197,"latitude":52.5229777,"name":"Fahrradabstellplatz","city":"Lichtenberg","address":null,"covered":false,"access":null,"website":null,"phone":null,"source":"OpenStreetMap/node/10033033047","sourceUpdatedAt":null,"verifiedAt":null}},{"type":"Feature","geometry":{"type":"Point","coordinates":[13.4968553,52.5118107]},"properties":{"id":"bikerack:3500c4c6-60e7-4d95-9ae1-9a350d03a92f","kind":"bikerack","longitude":13.4968553,"latitude":52.5118107,"name":"Fahrradabstellplatz","city":"Lichtenberg","address":null,"covered":false,"access":null,"website":null,"phone":null,"source":"OpenStreetMap/node/10560881025","sourceUpdatedAt":null,"verifiedAt":null}},{"type":"Feature","geometry":{"type":"Point","coordinates":[13.5165137,52.5275584]},"properties":{"id":"bikerack:36511215-3bc0-4db4-b1ce-a17825880ef1","kind":"bikerack","longitude":13.5165137,"latitude":52.5275584,"name":"Fahrradabstellplatz","city":"Lichtenberg","address":null,"covered":false,"access":null,"website":null,"phone":null,"source":"OpenStreetMap/node/10203480455","sourceUpdatedAt":null,"verifiedAt":null}},{"type":"Feature","geometry":{"type":"Point","coordinates":[13.5083209,52.5172599]},"properties":{"id":"bikerack:36b2bc76-0431-46f2-85fe-0c5afb159dee","kind":"bikerack","longitude":13.5083209,"latitude":52.5172599,"name":"Fahrradabstellplatz","city":"Lichtenberg","address":null,"covered":true,"access":null,"website":null,"phone":null,"source":"OpenStreetMap/way/1127467426","sourceUpdatedAt":null,"verifiedAt":null}},{"type":"Feature","geometry":{"type":"Point","coordinates":[13.5115705,52.5241526]},"properties":{"id":"bikerack:376e76c5-5f96-4dd8-b4fe-422ee90bd6f1","kind":"bikerack","longitude":13.5115705,"latitude":52.5241526,"name":"Fahrradabstellplatz","city":"Lichtenberg","address":null,"covered":false,"access":null,"website":null,"phone":null,"source":"OpenStreetMap/node/10033033058","sourceUpdatedAt":null,"verifiedAt":null}},{"type":"Feature","geometry":{"type":"Point","coordinates":[13.5015081,52.5352355]},"properties":{"id":"bikerack:37c22712-99cf-47a2-820d-9764de2f5844","kind":"bikerack","longitude":13.5015081,"latitude":52.5352355,"name":"Fahrradabstellplatz","city":"Alt-Hohenschoenhausen","address":null,"covered":false,"access":null,"website":null,"phone":null,"source":"OpenStreetMap/node/10028903658","sourceUpdatedAt":null,"verifiedAt":null}},{"type":"Feature","geometry":{"type":"Point","coordinates":[13.5068131,52.5336674]},"properties":{"id":"bikerack:380e55b1-883c-4e24-954e-42f04c7f4de8","kind":"bikerack","longitude":13.5068131,"latitude":52.5336674,"name":"Fahrradabstellplatz","city":"Alt-Hohenschoenhausen","address":null,"covered":true,"access":null,"website":null,"phone":null,"source":"OpenStreetMap/node/11331566231","sourceUpdatedAt":null,"verifiedAt":null}},{"type":"Feature","geometry":{"type":"Point","coordinates":[13.49343,52.5159319]},"properties":{"id":"bikerack:3acd0553-e9a0-46b7-8698-ce83df9c4a83","kind":"bikerack","longitude":13.49343,"latitude":52.5159319,"name":"Fahrradabstellplatz","city":"Lichtenberg","address":null,"covered":false,"access":null,"website":null,"phone":null,"source":"OpenStreetMap/node/10561375492","sourceUpdatedAt":null,"verifiedAt":null}},{"type":"Feature","geometry":{"type":"Point","coordinates":[13.4944193,52.5259119]},"properties":{"id":"bikerack:3b074bd5-c3fb-43f5-ba0e-b37bfe818dc3","kind":"bikerack","longitude":13.4944193,"latitude":52.5259119,"name":"Fahrradabstellplatz","city":"Lichtenberg","address":null,"covered":false,"access":null,"website":null,"phone":null,"source":"OpenStreetMap/node/13243178173","sourceUpdatedAt":null,"verifiedAt":null}},{"type":"Feature","geometry":{"type":"Point","coordinates":[13.5067265,52.5194041]},"properties":{"id":"bikerack:3c262ab8-f608-474b-bd2c-93d26860cdda","kind":"bikerack","longitude":13.5067265,"latitude":52.5194041,"name":"Fahrradabstellplatz","city":"Lichtenberg","address":null,"covered":false,"access":null,"website":null,"phone":null,"source":"OpenStreetMap/way/1132533362","sourceUpdatedAt":null,"verifiedAt":null}},{"type":"Feature","geometry":{"type":"Point","coordinates":[13.5336051,52.5130282]},"properties":{"id":"bikerack:3cc70169-3783-485e-88cc-f9c65087ba1f","kind":"bikerack","longitude":13.5336051,"latitude":52.5130282,"name":"Fahrradabstellplatz","city":"Biesdorf","address":null,"covered":false,"access":null,"website":null,"phone":null,"source":"OpenStreetMap/node/9990607780","sourceUpdatedAt":null,"verifiedAt":null}},{"type":"Feature","geometry":{"type":"Point","coordinates":[13.5311261,52.5232397]},"properties":{"id":"bikerack:3cf12ec8-af1a-4d5b-9f74-d21983fca2bc","kind":"bikerack","longitude":13.5311261,"latitude":52.5232397,"name":"Fahrradabstellplatz","city":"Biesdorf","address":null,"covered":false,"access":null,"website":null,"phone":null,"source":"OpenStreetMap/node/9982732052","sourceUpdatedAt":null,"verifiedAt":null}},{"type":"Feature","geometry":{"type":"Point","coordinates":[13.5091723,52.5260689]},"properties":{"id":"bikerack:3d629275-165b-4be7-ab8e-3bb1c93c7021","kind":"bikerack","longitude":13.5091723,"latitude":52.5260689,"name":"Fahrradabstellplatz","city":"Lichtenberg","address":null,"covered":false,"access":null,"website":null,"phone":null,"source":"OpenStreetMap/node/10032947127","sourceUpdatedAt":null,"verifiedAt":null}},{"type":"Feature","geometry":{"type":"Point","coordinates":[13.5133909,52.5189202]},"properties":{"id":"bikerack:3eb4c8af-bf3f-4fdb-8dd3-db95c75385aa","kind":"bikerack","longitude":13.5133909,"latitude":52.5189202,"name":"Fahrradabstellplatz","city":"Friedrichsfelde","address":null,"covered":false,"access":null,"website":null,"phone":null,"source":"OpenStreetMap/node/12071186465","sourceUpdatedAt":null,"verifiedAt":null}},{"type":"Feature","geometry":{"type":"Point","coordinates":[13.5176909,52.5237388]},"properties":{"id":"bikerack:3edd3cb4-9772-40a8-8444-432fe72dc990","kind":"bikerack","longitude":13.5176909,"latitude":52.5237388,"name":"Fahrradabstellplatz","city":"Friedrichsfelde","address":null,"covered":false,"access":null,"website":null,"phone":null,"source":"OpenStreetMap/node/12181403715","sourceUpdatedAt":null,"verifiedAt":null}},{"type":"Feature","geometry":{"type":"Point","coordinates":[13.496972,52.5306717]},"properties":{"id":"bikerack:3fabaa85-fa12-4a9e-830d-dd4d626fa2f7","kind":"bikerack","longitude":13.496972,"latitude":52.5306717,"name":"Fahrradabstellplatz","city":"Alt-Hohenschoenhausen","address":null,"covered":false,"access":null,"website":null,"phone":null,"source":"OpenStreetMap/node/11330441767","sourceUpdatedAt":null,"verifiedAt":null}},{"type":"Feature","geometry":{"type":"Point","coordinates":[13.5306696,52.5222175]},"properties":{"id":"bikerack:40287f00-9ead-4ce9-acc1-cd4f2501d225","kind":"bikerack","longitude":13.5306696,"latitude":52.5222175,"name":"Fahrradabstellplatz","city":"Biesdorf","address":null,"covered":false,"access":null,"website":null,"phone":null,"source":"OpenStreetMap/node/9982732101","sourceUpdatedAt":null,"verifiedAt":null}},{"type":"Feature","geometry":{"type":"Point","coordinates":[13.5294152,52.5257262]},"properties":{"id":"bikerack:40468960-51c4-47ae-a3cb-2ea520c005fd","kind":"bikerack","longitude":13.5294152,"latitude":52.5257262,"name":"Fahrradabstellplatz","city":"Friedrichsfelde","address":null,"covered":false,"access":null,"website":null,"phone":null,"source":"OpenStreetMap/node/8666318434","sourceUpdatedAt":null,"verifiedAt":null}},{"type":"Feature","geometry":{"type":"Point","coordinates":[13.5023603,52.5159136]},"properties":{"id":"bikerack:4227a0ed-1feb-492a-9180-2216c4168f2f","kind":"bikerack","longitude":13.5023603,"latitude":52.5159136,"name":"Fahrradabstellplatz","city":"Lichtenberg","address":null,"covered":false,"access":null,"website":null,"phone":null,"source":"OpenStreetMap/node/10560246523","sourceUpdatedAt":null,"verifiedAt":null}},{"type":"Feature","geometry":{"type":"Point","coordinates":[13.5269105,52.5133082]},"properties":{"id":"bikerack:43768b68-950e-4351-8ed0-2e9d58e5d4a7","kind":"bikerack","longitude":13.5269105,"latitude":52.5133082,"name":"Fahrradabstellplatz","city":"Friedrichsfelde","address":null,"covered":false,"access":null,"website":null,"phone":null,"source":"OpenStreetMap/node/9990920829","sourceUpdatedAt":null,"verifiedAt":null}},{"type":"Feature","geometry":{"type":"Point","coordinates":[13.4959484,52.5344634]},"properties":{"id":"bikerack:4491b461-3ea3-4c8b-901c-34d3c540f587","kind":"bikerack","longitude":13.4959484,"latitude":52.5344634,"name":"Fahrradabstellplatz","city":"Alt-Hohenschoenhausen","address":null,"covered":false,"access":null,"website":null,"phone":null,"source":"OpenStreetMap/way/1313450563","sourceUpdatedAt":null,"verifiedAt":null}},{"type":"Feature","geometry":{"type":"Point","coordinates":[13.5184771,52.5284085]},"properties":{"id":"bikerack:44a78a61-a9b0-4cf5-a61d-c8c864ec56e9","kind":"bikerack","longitude":13.5184771,"latitude":52.5284085,"name":"Fahrradabstellplatz","city":"Lichtenberg","address":null,"covered":false,"access":null,"website":null,"phone":null,"source":"OpenStreetMap/node/10296908437","sourceUpdatedAt":null,"verifiedAt":null}},{"type":"Feature","geometry":{"type":"Point","coordinates":[13.4956471,52.5108637]},"properties":{"id":"bikerack:45c6d6f9-d342-4dd1-81d9-c716cd6ad4fe","kind":"bikerack","longitude":13.4956471,"latitude":52.5108637,"name":"Fahrradabstellplatz","city":"Lichtenberg","address":null,"covered":false,"access":null,"website":null,"phone":null,"source":"OpenStreetMap/node/10608281050","sourceUpdatedAt":null,"verifiedAt":null}},{"type":"Feature","geometry":{"type":"Point","coordinates":[13.5343699,52.5251976]},"properties":{"id":"bikerack:46152db9-74ed-4208-a06c-b6c4e4e117b2","kind":"bikerack","longitude":13.5343699,"latitude":52.5251976,"name":"Fahrradabstellplatz","city":"Biesdorf","address":null,"covered":false,"access":null,"website":null,"phone":null,"source":"OpenStreetMap/node/11224446402","sourceUpdatedAt":null,"verifiedAt":null}},{"type":"Feature","geometry":{"type":"Point","coordinates":[13.4976247,52.5118401]},"properties":{"id":"bikerack:467f82ea-d66b-4b63-933a-d607d1fd9cb1","kind":"bikerack","longitude":13.4976247,"latitude":52.5118401,"name":"Fahrradabstellplatz","city":"Lichtenberg","address":null,"covered":false,"access":null,"website":null,"phone":null,"source":"OpenStreetMap/node/10560877108","sourceUpdatedAt":null,"verifiedAt":null}},{"type":"Feature","geometry":{"type":"Point","coordinates":[13.5079357,52.5123759]},"properties":{"id":"bikerack:476dc3c1-a879-4084-a6a2-85c113f5628d","kind":"bikerack","longitude":13.5079357,"latitude":52.5123759,"name":"Fahrradabstellplatz","city":"Friedrichsfelde","address":null,"covered":false,"access":null,"website":null,"phone":null,"source":"OpenStreetMap/node/11323274876","sourceUpdatedAt":null,"verifiedAt":null}},{"type":"Feature","geometry":{"type":"Point","coordinates":[13.517525,52.5108421]},"properties":{"id":"bikerack:479368e9-a0af-4f54-8eab-fb39b27aeba7","kind":"bikerack","longitude":13.517525,"latitude":52.5108421,"name":"Fahrradabstellplatz","city":"Friedrichsfelde","address":null,"covered":false,"access":null,"website":null,"phone":null,"source":"OpenStreetMap/node/10182337457","sourceUpdatedAt":null,"verifiedAt":null}},{"type":"Feature","geometry":{"type":"Point","coordinates":[13.5169647,52.5314472]},"properties":{"id":"bikerack:49152e69-ac59-43d6-b209-9c302baca8bc","kind":"bikerack","longitude":13.5169647,"latitude":52.5314472,"name":"Fahrradabstellplatz","city":"Alt-Hohenschoenhausen","address":null,"covered":true,"access":null,"website":null,"phone":null,"source":"OpenStreetMap/way/1220667844","sourceUpdatedAt":null,"verifiedAt":null}},{"type":"Feature","geometry":{"type":"Point","coordinates":[13.496884,52.511846]},"properties":{"id":"bikerack:4936bdf2-c0ef-4468-ba32-9445c8b21aa6","kind":"bikerack","longitude":13.496884,"latitude":52.511846,"name":"Fahrradabstellplatz","city":"Lichtenberg","address":null,"covered":true,"access":null,"website":null,"phone":null,"source":"OpenStreetMap/way/1132632520","sourceUpdatedAt":null,"verifiedAt":null}},{"type":"Feature","geometry":{"type":"Point","coordinates":[13.507614,52.512301]},"properties":{"id":"bikerack:4941841b-9cae-494c-afab-cdadaa634785","kind":"bikerack","longitude":13.507614,"latitude":52.512301,"name":"Fahrradabstellplatz","city":"Friedrichsfelde","address":null,"covered":false,"access":null,"website":null,"phone":null,"source":"OpenStreetMap/way/1221244002","sourceUpdatedAt":null,"verifiedAt":null}},{"type":"Feature","geometry":{"type":"Point","coordinates":[13.5075293,52.519784]},"properties":{"id":"bikerack:4a238a97-108d-405b-a032-f2c005259d2c","kind":"bikerack","longitude":13.5075293,"latitude":52.519784,"name":"Fahrradabstellplatz","city":"Lichtenberg","address":null,"covered":false,"access":null,"website":null,"phone":null,"source":"OpenStreetMap/way/1132533364","sourceUpdatedAt":null,"verifiedAt":null}},{"type":"Feature","geometry":{"type":"Point","coordinates":[13.5189722,52.514387]},"properties":{"id":"bikerack:4abe6cd4-bae2-4372-aa70-4fa41ef5350d","kind":"bikerack","longitude":13.5189722,"latitude":52.514387,"name":"Fahrradabstellplatz","city":"Friedrichsfelde","address":null,"covered":false,"access":null,"website":null,"phone":null,"source":"OpenStreetMap/node/10126058061","sourceUpdatedAt":null,"verifiedAt":null}},{"type":"Feature","geometry":{"type":"Point","coordinates":[13.5262729,52.5192003]},"properties":{"id":"bikerack:4bd1a16b-4dbb-4cd5-a7b9-f6cd35176f88","kind":"bikerack","longitude":13.5262729,"latitude":52.5192003,"name":"Fahrradabstellplatz","city":"Friedrichsfelde","address":null,"covered":false,"access":null,"website":null,"phone":null,"source":"OpenStreetMap/node/9982846771","sourceUpdatedAt":null,"verifiedAt":null}},{"type":"Feature","geometry":{"type":"Point","coordinates":[13.5087737,52.5177265]},"properties":{"id":"bikerack:4c39a6ac-095f-4889-99ef-4f97953ad288","kind":"bikerack","longitude":13.5087737,"latitude":52.5177265,"name":"Fahrradabstellplatz","city":"Lichtenberg","address":null,"covered":false,"access":null,"website":null,"phone":null,"source":"OpenStreetMap/way/648061542","sourceUpdatedAt":null,"verifiedAt":null}},{"type":"Feature","geometry":{"type":"Point","coordinates":[13.5092272,52.5151302]},"properties":{"id":"bikerack:4ca93751-f61f-47c9-91c9-1318240d9ab8","kind":"bikerack","longitude":13.5092272,"latitude":52.5151302,"name":"Fahrradabstellplatz","city":"Friedrichsfelde","address":null,"covered":false,"access":null,"website":null,"phone":null,"source":"OpenStreetMap/node/6579810952","sourceUpdatedAt":null,"verifiedAt":null}},{"type":"Feature","geometry":{"type":"Point","coordinates":[13.5277052,52.5335524]},"properties":{"id":"bikerack:4cd44687-a42b-41d2-9616-7863af8f7ece","kind":"bikerack","longitude":13.5277052,"latitude":52.5335524,"name":"Fahrradabstellplatz","city":"Alt-Hohenschoenhausen","address":null,"covered":true,"access":null,"website":null,"phone":null,"source":"OpenStreetMap/way/1083699052","sourceUpdatedAt":null,"verifiedAt":null}},{"type":"Feature","geometry":{"type":"Point","coordinates":[13.5170956,52.5246937]},"properties":{"id":"bikerack:4d49937a-b422-4e3d-aa43-c9d6e487bffe","kind":"bikerack","longitude":13.5170956,"latitude":52.5246937,"name":"Fahrradabstellplatz","city":"Lichtenberg","address":null,"covered":false,"access":null,"website":null,"phone":null,"source":"OpenStreetMap/node/10033204732","sourceUpdatedAt":null,"verifiedAt":null}},{"type":"Feature","geometry":{"type":"Point","coordinates":[13.5312882,52.5221681]},"properties":{"id":"bikerack:4db0d05b-2d4c-4e6d-b594-eba41032de7e","kind":"bikerack","longitude":13.5312882,"latitude":52.5221681,"name":"Fahrradabstellplatz","city":"Biesdorf","address":null,"covered":false,"access":null,"website":null,"phone":null,"source":"OpenStreetMap/node/9982732098","sourceUpdatedAt":null,"verifiedAt":null}},{"type":"Feature","geometry":{"type":"Point","coordinates":[13.5021821,52.5170397]},"properties":{"id":"bikerack:4dd46e9c-be46-4c29-8207-21eb7fb26501","kind":"bikerack","longitude":13.5021821,"latitude":52.5170397,"name":"Fahrradabstellplatz","city":"Lichtenberg","address":null,"covered":false,"access":null,"website":null,"phone":null,"source":"OpenStreetMap/way/404320746","sourceUpdatedAt":null,"verifiedAt":null}},{"type":"Feature","geometry":{"type":"Point","coordinates":[13.5178606,52.5320464]},"properties":{"id":"bikerack:4f20421f-ea51-48a4-9479-599c80b51067","kind":"bikerack","longitude":13.5178606,"latitude":52.5320464,"name":"Fahrradabstellplatz","city":"Alt-Hohenschoenhausen","address":null,"covered":false,"access":null,"website":null,"phone":null,"source":"OpenStreetMap/way/1221561841","sourceUpdatedAt":null,"verifiedAt":null}},{"type":"Feature","geometry":{"type":"Point","coordinates":[13.5081003,52.5113908]},"properties":{"id":"bikerack:4f83e820-d88a-45db-a0cd-998240754d5c","kind":"bikerack","longitude":13.5081003,"latitude":52.5113908,"name":"Fahrradabstellplatz","city":"Friedrichsfelde","address":null,"covered":false,"access":null,"website":null,"phone":null,"source":"OpenStreetMap/node/11323277612","sourceUpdatedAt":null,"verifiedAt":null}},{"type":"Feature","geometry":{"type":"Point","coordinates":[13.5092618,52.5096493]},"properties":{"id":"bikerack:4facdb51-d3a6-4839-8e08-044635ab4767","kind":"bikerack","longitude":13.5092618,"latitude":52.5096493,"name":"Fahrradabstellplatz","city":"Friedrichsfelde","address":null,"covered":false,"access":null,"website":null,"phone":null,"source":"OpenStreetMap/node/10765218419","sourceUpdatedAt":null,"verifiedAt":null}},{"type":"Feature","geometry":{"type":"Point","coordinates":[13.5299362,52.5132072]},"properties":{"id":"bikerack:50e67fcd-cf22-481f-a76a-f3ef847ffe4c","kind":"bikerack","longitude":13.5299362,"latitude":52.5132072,"name":"Fahrradabstellplatz","city":"Friedrichsfelde","address":null,"covered":false,"access":null,"website":null,"phone":null,"source":"OpenStreetMap/node/9990672816","sourceUpdatedAt":null,"verifiedAt":null}},{"type":"Feature","geometry":{"type":"Point","coordinates":[13.49484,52.5113601]},"properties":{"id":"bikerack:513dd74e-8db9-4163-94c3-ef3a54f737e1","kind":"bikerack","longitude":13.49484,"latitude":52.5113601,"name":"Fahrradabstellplatz","city":"Lichtenberg","address":null,"covered":false,"access":null,"website":null,"phone":null,"source":"OpenStreetMap/node/9852825118","sourceUpdatedAt":null,"verifiedAt":null}},{"type":"Feature","geometry":{"type":"Point","coordinates":[13.528089,52.5272385]},"properties":{"id":"bikerack:51c0c0d6-9bab-4893-9864-55877c90f10a","kind":"bikerack","longitude":13.528089,"latitude":52.5272385,"name":"Fahrradabstellplatz","city":"Friedrichsfelde","address":null,"covered":false,"access":null,"website":null,"phone":null,"source":"OpenStreetMap/node/9991017565","sourceUpdatedAt":null,"verifiedAt":null}},{"type":"Feature","geometry":{"type":"Point","coordinates":[13.5165052,52.5276997]},"properties":{"id":"bikerack:52f2a422-481c-4727-b3e9-24da075ab9f2","kind":"bikerack","longitude":13.5165052,"latitude":52.5276997,"name":"Fahrradabstellplatz","city":"Lichtenberg","address":null,"covered":false,"access":null,"website":null,"phone":null,"source":"OpenStreetMap/node/10203480456","sourceUpdatedAt":null,"verifiedAt":null}},{"type":"Feature","geometry":{"type":"Point","coordinates":[13.5323304,52.5125285]},"properties":{"id":"bikerack:52fe44f5-9358-4d39-8400-60551c00dd7e","kind":"bikerack","longitude":13.5323304,"latitude":52.5125285,"name":"Fahrradabstellplatz","city":"Biesdorf","address":null,"covered":false,"access":null,"website":null,"phone":null,"source":"OpenStreetMap/node/9990696838","sourceUpdatedAt":null,"verifiedAt":null}},{"type":"Feature","geometry":{"type":"Point","coordinates":[13.504075,52.5180293]},"properties":{"id":"bikerack:537cdc83-82a0-428b-8623-ab7c4fa12423","kind":"bikerack","longitude":13.504075,"latitude":52.5180293,"name":"Fahrradabstellplatz","city":"Lichtenberg","address":null,"covered":false,"access":null,"website":null,"phone":null,"source":"OpenStreetMap/node/10308486308","sourceUpdatedAt":null,"verifiedAt":null}},{"type":"Feature","geometry":{"type":"Point","coordinates":[13.5086639,52.5099619]},"properties":{"id":"bikerack:53fd7793-4a19-49b2-ad75-44a16c5e7295","kind":"bikerack","longitude":13.5086639,"latitude":52.5099619,"name":"Fahrradabstellplatz","city":"Friedrichsfelde","address":null,"covered":false,"access":null,"website":null,"phone":null,"source":"OpenStreetMap/node/10765218420","sourceUpdatedAt":null,"verifiedAt":null}},{"type":"Feature","geometry":{"type":"Point","coordinates":[13.5256063,52.5133497]},"properties":{"id":"bikerack:55ac323d-c77d-4caf-be86-cad638d519c3","kind":"bikerack","longitude":13.5256063,"latitude":52.5133497,"name":"Fahrradabstellplatz","city":"Friedrichsfelde","address":null,"covered":false,"access":null,"website":null,"phone":null,"source":"OpenStreetMap/node/9990920835","sourceUpdatedAt":null,"verifiedAt":null}},{"type":"Feature","geometry":{"type":"Point","coordinates":[13.5058941,52.5202824]},"properties":{"id":"bikerack:55c6c1a0-c612-40be-8ebd-396edc570a67","kind":"bikerack","longitude":13.5058941,"latitude":52.5202824,"name":"Fahrradabstellplatz","city":"Lichtenberg","address":null,"covered":false,"access":null,"website":null,"phone":null,"source":"OpenStreetMap/way/1132533367","sourceUpdatedAt":null,"verifiedAt":null}},{"type":"Feature","geometry":{"type":"Point","coordinates":[13.52287,52.5306681]},"properties":{"id":"bikerack:5697f0a8-386e-4b93-a34a-7d92eb0c234d","kind":"bikerack","longitude":13.52287,"latitude":52.5306681,"name":"Fahrradabstellplatz","city":"Alt-Hohenschoenhausen","address":null,"covered":false,"access":null,"website":null,"phone":null,"source":"OpenStreetMap/node/11329197531","sourceUpdatedAt":null,"verifiedAt":null}},{"type":"Feature","geometry":{"type":"Point","coordinates":[13.4913442,52.5116929]},"properties":{"id":"bikerack:580d4af7-c0ec-44c2-bcec-21bc04af2d8a","kind":"bikerack","longitude":13.4913442,"latitude":52.5116929,"name":"Fahrradabstellplatz","city":"Lichtenberg","address":null,"covered":false,"access":null,"website":null,"phone":null,"source":"OpenStreetMap/way/1310639363","sourceUpdatedAt":null,"verifiedAt":null}},{"type":"Feature","geometry":{"type":"Point","coordinates":[13.5281148,52.5119865]},"properties":{"id":"bikerack:587d8481-6a69-4db2-bceb-aa75c6f8828d","kind":"bikerack","longitude":13.5281148,"latitude":52.5119865,"name":"Fahrradabstellplatz","city":"Friedrichsfelde","address":null,"covered":false,"access":null,"website":null,"phone":null,"source":"OpenStreetMap/node/9990781918","sourceUpdatedAt":null,"verifiedAt":null}},{"type":"Feature","geometry":{"type":"Point","coordinates":[13.5284196,52.5132638]},"properties":{"id":"bikerack:5892ebdb-4656-4582-adbb-b00c070d7c59","kind":"bikerack","longitude":13.5284196,"latitude":52.5132638,"name":"Fahrradabstellplatz","city":"Friedrichsfelde","address":null,"covered":false,"access":null,"website":null,"phone":null,"source":"OpenStreetMap/node/9990920821","sourceUpdatedAt":null,"verifiedAt":null}},{"type":"Feature","geometry":{"type":"Point","coordinates":[13.4951629,52.5113335]},"properties":{"id":"bikerack:58cdd40a-857b-4b24-943f-453a9e2ec316","kind":"bikerack","longitude":13.4951629,"latitude":52.5113335,"name":"Fahrradabstellplatz","city":"Lichtenberg","address":null,"covered":false,"access":null,"website":null,"phone":null,"source":"OpenStreetMap/node/10772635189","sourceUpdatedAt":null,"verifiedAt":null}},{"type":"Feature","geometry":{"type":"Point","coordinates":[13.5337915,52.5130248]},"properties":{"id":"bikerack:5b60e833-11e5-4ed4-a168-fc52d2123350","kind":"bikerack","longitude":13.5337915,"latitude":52.5130248,"name":"Fahrradabstellplatz","city":"Biesdorf","address":null,"covered":false,"access":null,"website":null,"phone":null,"source":"OpenStreetMap/node/9990607779","sourceUpdatedAt":null,"verifiedAt":null}},{"type":"Feature","geometry":{"type":"Point","coordinates":[13.5169599,52.5324101]},"properties":{"id":"bikerack:5be84ca6-e9ab-48ef-a6e1-e2b5d1a2cb0f","kind":"bikerack","longitude":13.5169599,"latitude":52.5324101,"name":"Fahrradabstellplatz","city":"Alt-Hohenschoenhausen","address":null,"covered":false,"access":null,"website":null,"phone":null,"source":"OpenStreetMap/node/11329471237","sourceUpdatedAt":null,"verifiedAt":null}},{"type":"Feature","geometry":{"type":"Point","coordinates":[13.4921383,52.5354792]},"properties":{"id":"bikerack:5de8fbed-294c-47fd-9801-c17e37ee8664","kind":"bikerack","longitude":13.4921383,"latitude":52.5354792,"name":"Fahrradabstellplatz","city":"Alt-Hohenschoenhausen","address":null,"covered":false,"access":null,"website":null,"phone":null,"source":"OpenStreetMap/way/1037380640","sourceUpdatedAt":null,"verifiedAt":null}},{"type":"Feature","geometry":{"type":"Point","coordinates":[13.5318598,52.5131191]},"properties":{"id":"bikerack:5fac9501-1968-4044-ab81-e3bb6e61381d","kind":"bikerack","longitude":13.5318598,"latitude":52.5131191,"name":"Fahrradabstellplatz","city":"Biesdorf","address":null,"covered":false,"access":null,"website":null,"phone":null,"source":"OpenStreetMap/node/9990696830","sourceUpdatedAt":null,"verifiedAt":null}},{"type":"Feature","geometry":{"type":"Point","coordinates":[13.4956702,52.53494]},"properties":{"id":"bikerack:608c9d6f-494a-4b5c-bb0c-e38e9dc71b57","kind":"bikerack","longitude":13.4956702,"latitude":52.53494,"name":"Fahrradabstellplatz","city":"Alt-Hohenschoenhausen","address":null,"covered":false,"access":null,"website":null,"phone":null,"source":"OpenStreetMap/node/11331522574","sourceUpdatedAt":null,"verifiedAt":null}},{"type":"Feature","geometry":{"type":"Point","coordinates":[13.5069227,52.5198258]},"properties":{"id":"bikerack:6144dd63-edfd-4657-a883-9721d06e8ffa","kind":"bikerack","longitude":13.5069227,"latitude":52.5198258,"name":"Fahrradabstellplatz","city":"Lichtenberg","address":null,"covered":false,"access":null,"website":null,"phone":null,"source":"OpenStreetMap/node/10560037648","sourceUpdatedAt":null,"verifiedAt":null}},{"type":"Feature","geometry":{"type":"Point","coordinates":[13.5171102,52.5240459]},"properties":{"id":"bikerack:61d34fc5-3e04-4d25-a6e6-8417f20e478b","kind":"bikerack","longitude":13.5171102,"latitude":52.5240459,"name":"Fahrradabstellplatz","city":"Lichtenberg","address":null,"covered":false,"access":null,"website":null,"phone":null,"source":"OpenStreetMap/node/10033204735","sourceUpdatedAt":null,"verifiedAt":null}},{"type":"Feature","geometry":{"type":"Point","coordinates":[13.5084372,52.5176959]},"properties":{"id":"bikerack:61d69793-47f5-4ce2-99f5-9d13463a05c2","kind":"bikerack","longitude":13.5084372,"latitude":52.5176959,"name":"Fahrradabstellplatz","city":"Lichtenberg","address":null,"covered":false,"access":null,"website":null,"phone":null,"source":"OpenStreetMap/node/10308461973","sourceUpdatedAt":null,"verifiedAt":null}},{"type":"Feature","geometry":{"type":"Point","coordinates":[13.5302748,52.5131929]},"properties":{"id":"bikerack:6218a103-db1f-431d-b5c7-9aa1b5beb6b6","kind":"bikerack","longitude":13.5302748,"latitude":52.5131929,"name":"Fahrradabstellplatz","city":"Friedrichsfelde","address":null,"covered":false,"access":null,"website":null,"phone":null,"source":"OpenStreetMap/node/9990696818","sourceUpdatedAt":null,"verifiedAt":null}},{"type":"Feature","geometry":{"type":"Point","coordinates":[13.5171047,52.5242612]},"properties":{"id":"bikerack:633d70f4-e017-4948-9b5e-b1b3a042cd1b","kind":"bikerack","longitude":13.5171047,"latitude":52.5242612,"name":"Fahrradabstellplatz","city":"Lichtenberg","address":null,"covered":false,"access":null,"website":null,"phone":null,"source":"OpenStreetMap/node/10033204734","sourceUpdatedAt":null,"verifiedAt":null}},{"type":"Feature","geometry":{"type":"Point","coordinates":[13.5069892,52.5355667]},"properties":{"id":"bikerack:641a96b7-dc00-4090-8d3f-4d616a83547a","kind":"bikerack","longitude":13.5069892,"latitude":52.5355667,"name":"Fahrradabstellplatz","city":"Alt-Hohenschoenhausen","address":null,"covered":true,"access":null,"website":null,"phone":null,"source":"OpenStreetMap/way/1460182866","sourceUpdatedAt":null,"verifiedAt":null}},{"type":"Feature","geometry":{"type":"Point","coordinates":[13.5323583,52.5127353]},"properties":{"id":"bikerack:6506938e-d20c-4064-839d-792ec16c965c","kind":"bikerack","longitude":13.5323583,"latitude":52.5127353,"name":"Fahrradabstellplatz","city":"Biesdorf","address":null,"covered":false,"access":null,"website":null,"phone":null,"source":"OpenStreetMap/node/9990696837","sourceUpdatedAt":null,"verifiedAt":null}},{"type":"Feature","geometry":{"type":"Point","coordinates":[13.5306254,52.5258547]},"properties":{"id":"bikerack:6516917c-e4f3-4ec3-a371-ed65d5775bf9","kind":"bikerack","longitude":13.5306254,"latitude":52.5258547,"name":"Fahrradabstellplatz","city":"Biesdorf","address":null,"covered":false,"access":null,"website":null,"phone":null,"source":"OpenStreetMap/node/12051481032","sourceUpdatedAt":null,"verifiedAt":null}},{"type":"Feature","geometry":{"type":"Point","coordinates":[13.5002847,52.5156183]},"properties":{"id":"bikerack:65313380-7b33-424c-ba85-75ad0ed0b9a4","kind":"bikerack","longitude":13.5002847,"latitude":52.5156183,"name":"Fahrradabstellplatz","city":"Lichtenberg","address":null,"covered":false,"access":null,"website":null,"phone":null,"source":"OpenStreetMap/node/13041691401","sourceUpdatedAt":null,"verifiedAt":null}},{"type":"Feature","geometry":{"type":"Point","coordinates":[13.5287695,52.5124566]},"properties":{"id":"bikerack:65c70011-c4c5-4289-8c34-ffc8fba36595","kind":"bikerack","longitude":13.5287695,"latitude":52.5124566,"name":"Fahrradabstellplatz","city":"Friedrichsfelde","address":null,"covered":false,"access":null,"website":null,"phone":null,"source":"OpenStreetMap/node/9990758012","sourceUpdatedAt":null,"verifiedAt":null}},{"type":"Feature","geometry":{"type":"Point","coordinates":[13.491226,52.5122444]},"properties":{"id":"bikerack:66bb7639-dbb2-42a0-9546-646ae1554afd","kind":"bikerack","longitude":13.491226,"latitude":52.5122444,"name":"Fahrradabstellplatz","city":"Lichtenberg","address":null,"covered":false,"access":null,"website":null,"phone":null,"source":"OpenStreetMap/node/10307969058","sourceUpdatedAt":null,"verifiedAt":null}},{"type":"Feature","geometry":{"type":"Point","coordinates":[13.5332426,52.5130442]},"properties":{"id":"bikerack:67c1f575-be61-4c32-a118-7f1ca0cdb8ad","kind":"bikerack","longitude":13.5332426,"latitude":52.5130442,"name":"Fahrradabstellplatz","city":"Biesdorf","address":null,"covered":false,"access":null,"website":null,"phone":null,"source":"OpenStreetMap/node/9990607783","sourceUpdatedAt":null,"verifiedAt":null}},{"type":"Feature","geometry":{"type":"Point","coordinates":[13.5198818,52.5136783]},"properties":{"id":"bikerack:67e6a8ee-0c5f-4dea-96d1-9702b0334dc5","kind":"bikerack","longitude":13.5198818,"latitude":52.5136783,"name":"Fahrradabstellplatz","city":"Friedrichsfelde","address":null,"covered":false,"access":null,"website":null,"phone":null,"source":"OpenStreetMap/node/10837055832","sourceUpdatedAt":null,"verifiedAt":null}},{"type":"Feature","geometry":{"type":"Point","coordinates":[13.4974992,52.5118373]},"properties":{"id":"bikerack:68f98e25-66de-4087-b901-7723478df687","kind":"bikerack","longitude":13.4974992,"latitude":52.5118373,"name":"Fahrradabstellplatz","city":"Lichtenberg","address":null,"covered":false,"access":null,"website":null,"phone":null,"source":"OpenStreetMap/node/10560881009","sourceUpdatedAt":null,"verifiedAt":null}},{"type":"Feature","geometry":{"type":"Point","coordinates":[13.5278259,52.512884]},"properties":{"id":"bikerack:6985cfa8-84bd-47bc-aafc-851a27d104b3","kind":"bikerack","longitude":13.5278259,"latitude":52.512884,"name":"Fahrradabstellplatz","city":"Friedrichsfelde","address":null,"covered":false,"access":null,"website":null,"phone":null,"source":"OpenStreetMap/node/9990734601","sourceUpdatedAt":null,"verifiedAt":null}},{"type":"Feature","geometry":{"type":"Point","coordinates":[13.5089101,52.5275179]},"properties":{"id":"bikerack:6a018d7d-6feb-47be-a774-5b6ebb876bc5","kind":"bikerack","longitude":13.5089101,"latitude":52.5275179,"name":"Fahrradabstellplatz","city":"Lichtenberg","address":null,"covered":false,"access":null,"website":null,"phone":null,"source":"OpenStreetMap/node/10032947131","sourceUpdatedAt":null,"verifiedAt":null}},{"type":"Feature","geometry":{"type":"Point","coordinates":[13.5312462,52.5131448]},"properties":{"id":"bikerack:6a70c75c-e560-4bd9-a59c-957329096222","kind":"bikerack","longitude":13.5312462,"latitude":52.5131448,"name":"Fahrradabstellplatz","city":"Biesdorf","address":null,"covered":false,"access":null,"website":null,"phone":null,"source":"OpenStreetMap/node/9990696826","sourceUpdatedAt":null,"verifiedAt":null}},{"type":"Feature","geometry":{"type":"Point","coordinates":[13.5335412,52.5248956]},"properties":{"id":"bikerack:6ab86c7d-fcd3-4fbe-beea-5b2a648289a4","kind":"bikerack","longitude":13.5335412,"latitude":52.5248956,"name":"Fahrradabstellplatz","city":"Biesdorf","address":null,"covered":false,"access":null,"website":null,"phone":null,"source":"OpenStreetMap/node/12685248207","sourceUpdatedAt":null,"verifiedAt":null}},{"type":"Feature","geometry":{"type":"Point","coordinates":[13.5071283,52.5197706]},"properties":{"id":"bikerack:6b49e426-320a-4bbd-91ee-3dc3aff81f26","kind":"bikerack","longitude":13.5071283,"latitude":52.5197706,"name":"Fahrradabstellplatz","city":"Lichtenberg","address":null,"covered":false,"access":null,"website":null,"phone":null,"source":"OpenStreetMap/node/10560037647","sourceUpdatedAt":null,"verifiedAt":null}},{"type":"Feature","geometry":{"type":"Point","coordinates":[13.5166179,52.5173147]},"properties":{"id":"bikerack:6beef3b7-b7ef-47fb-b8a7-bc152ffcf829","kind":"bikerack","longitude":13.5166179,"latitude":52.5173147,"name":"Fahrradabstellplatz","city":"Friedrichsfelde","address":null,"covered":false,"access":null,"website":null,"phone":null,"source":"OpenStreetMap/node/8330183204","sourceUpdatedAt":null,"verifiedAt":null}},{"type":"Feature","geometry":{"type":"Point","coordinates":[13.5085828,52.5181677]},"properties":{"id":"bikerack:6c9fe986-b5da-48cc-895d-a91baeb42ec3","kind":"bikerack","longitude":13.5085828,"latitude":52.5181677,"name":"Fahrradabstellplatz","city":"Lichtenberg","address":null,"covered":false,"access":null,"website":null,"phone":null,"source":"OpenStreetMap/node/10559535175","sourceUpdatedAt":null,"verifiedAt":null}},{"type":"Feature","geometry":{"type":"Point","coordinates":[13.5208538,52.513654]},"properties":{"id":"bikerack:6d3c9330-08a9-4413-bb8c-3eda277209d4","kind":"bikerack","longitude":13.5208538,"latitude":52.513654,"name":"Fahrradabstellplatz","city":"Friedrichsfelde","address":null,"covered":false,"access":null,"website":null,"phone":null,"source":"OpenStreetMap/node/10837055826","sourceUpdatedAt":null,"verifiedAt":null}},{"type":"Feature","geometry":{"type":"Point","coordinates":[13.5172309,52.5314034]},"properties":{"id":"bikerack:6ded640c-87c3-4fe0-84b4-7026f4f02ce6","kind":"bikerack","longitude":13.5172309,"latitude":52.5314034,"name":"Fahrradabstellplatz","city":"Alt-Hohenschoenhausen","address":null,"covered":false,"access":null,"website":null,"phone":null,"source":"OpenStreetMap/way/1220667843","sourceUpdatedAt":null,"verifiedAt":null}},{"type":"Feature","geometry":{"type":"Point","coordinates":[13.5071307,52.5193017]},"properties":{"id":"bikerack:6e5f2421-efd1-4b16-8381-b0d94d046d8d","kind":"bikerack","longitude":13.5071307,"latitude":52.5193017,"name":"Fahrradabstellplatz","city":"Lichtenberg","address":null,"covered":false,"access":null,"website":null,"phone":null,"source":"OpenStreetMap/way/1132533360","sourceUpdatedAt":null,"verifiedAt":null}},{"type":"Feature","geometry":{"type":"Point","coordinates":[13.4993216,52.5108049]},"properties":{"id":"bikerack:6eb002bb-7391-4d80-bb96-75f640150d02","kind":"bikerack","longitude":13.4993216,"latitude":52.5108049,"name":"Fahrradabstellplatz","city":"Lichtenberg","address":null,"covered":true,"access":null,"website":null,"phone":null,"source":"OpenStreetMap/node/2136530611","sourceUpdatedAt":null,"verifiedAt":null}},{"type":"Feature","geometry":{"type":"Point","coordinates":[13.5282139,52.5272343]},"properties":{"id":"bikerack:6ec4f500-3d21-4c46-8e7d-0e2b666e1a60","kind":"bikerack","longitude":13.5282139,"latitude":52.5272343,"name":"Fahrradabstellplatz","city":"Friedrichsfelde","address":null,"covered":false,"access":null,"website":null,"phone":null,"source":"OpenStreetMap/node/9991017562","sourceUpdatedAt":null,"verifiedAt":null}},{"type":"Feature","geometry":{"type":"Point","coordinates":[13.5192515,52.5256806]},"properties":{"id":"bikerack:6f7f66a5-5a29-4bf2-91cf-4d5b16fe52f2","kind":"bikerack","longitude":13.5192515,"latitude":52.5256806,"name":"Fahrradabstellplatz","city":"Lichtenberg","address":null,"covered":false,"access":null,"website":null,"phone":null,"source":"OpenStreetMap/way/1295257741","sourceUpdatedAt":null,"verifiedAt":null}},{"type":"Feature","geometry":{"type":"Point","coordinates":[13.5057967,52.5349429]},"properties":{"id":"bikerack:71729988-11f6-4e65-a31f-36f5bc6e47fb","kind":"bikerack","longitude":13.5057967,"latitude":52.5349429,"name":"Fahrradabstellplatz","city":"Alt-Hohenschoenhausen","address":null,"covered":false,"access":null,"website":null,"phone":null,"source":"OpenStreetMap/node/10028855448","sourceUpdatedAt":null,"verifiedAt":null}},{"type":"Feature","geometry":{"type":"Point","coordinates":[13.5308887,52.5227254]},"properties":{"id":"bikerack:72abea47-6f77-4f82-a40a-3fec0a6b44bf","kind":"bikerack","longitude":13.5308887,"latitude":52.5227254,"name":"Fahrradabstellplatz","city":"Biesdorf","address":null,"covered":false,"access":null,"website":null,"phone":null,"source":"OpenStreetMap/node/9982732067","sourceUpdatedAt":null,"verifiedAt":null}},{"type":"Feature","geometry":{"type":"Point","coordinates":[13.4971193,52.5118175]},"properties":{"id":"bikerack:745aa2e3-9cb9-448b-8006-e1657b375cd5","kind":"bikerack","longitude":13.4971193,"latitude":52.5118175,"name":"Fahrradabstellplatz","city":"Lichtenberg","address":null,"covered":false,"access":null,"website":null,"phone":null,"source":"OpenStreetMap/node/10560881011","sourceUpdatedAt":null,"verifiedAt":null}},{"type":"Feature","geometry":{"type":"Point","coordinates":[13.5172845,52.5323161]},"properties":{"id":"bikerack:75bd325e-2fee-4dfb-b286-2ca72d0f2307","kind":"bikerack","longitude":13.5172845,"latitude":52.5323161,"name":"Fahrradabstellplatz","city":"Alt-Hohenschoenhausen","address":null,"covered":false,"access":null,"website":null,"phone":null,"source":"OpenStreetMap/way/1221561835","sourceUpdatedAt":null,"verifiedAt":null}},{"type":"Feature","geometry":{"type":"Point","coordinates":[13.5313348,52.5232207]},"properties":{"id":"bikerack:771f662d-d47a-4bca-8e2e-92df4c917ad7","kind":"bikerack","longitude":13.5313348,"latitude":52.5232207,"name":"Fahrradabstellplatz","city":"Biesdorf","address":null,"covered":false,"access":null,"website":null,"phone":null,"source":"OpenStreetMap/node/9982732053","sourceUpdatedAt":null,"verifiedAt":null}},{"type":"Feature","geometry":{"type":"Point","coordinates":[13.5341365,52.5130151]},"properties":{"id":"bikerack:772524c6-d078-44ff-8513-5e8c0bd1ab49","kind":"bikerack","longitude":13.5341365,"latitude":52.5130151,"name":"Fahrradabstellplatz","city":"Biesdorf","address":null,"covered":false,"access":null,"website":null,"phone":null,"source":"OpenStreetMap/node/9990607778","sourceUpdatedAt":null,"verifiedAt":null}},{"type":"Feature","geometry":{"type":"Point","coordinates":[13.5324649,52.5264015]},"properties":{"id":"bikerack:77c420b7-8c31-4195-9117-11a2475362c2","kind":"bikerack","longitude":13.5324649,"latitude":52.5264015,"name":"Fahrradabstellplatz","city":"Biesdorf","address":null,"covered":false,"access":null,"website":null,"phone":null,"source":"OpenStreetMap/node/8573992228","sourceUpdatedAt":null,"verifiedAt":null}},{"type":"Feature","geometry":{"type":"Point","coordinates":[13.4945825,52.5133891]},"properties":{"id":"bikerack:7a11a436-7f20-4bec-91f4-45e16f848324","kind":"bikerack","longitude":13.4945825,"latitude":52.5133891,"name":"Fahrradabstellplatz","city":"Lichtenberg","address":null,"covered":false,"access":null,"website":null,"phone":null,"source":"OpenStreetMap/node/10560881075","sourceUpdatedAt":null,"verifiedAt":null}},{"type":"Feature","geometry":{"type":"Point","coordinates":[13.5322892,52.5121313]},"properties":{"id":"bikerack:7a508a95-82b3-40d0-99b3-d1a45e30f4ab","kind":"bikerack","longitude":13.5322892,"latitude":52.5121313,"name":"Fahrradabstellplatz","city":"Biesdorf","address":null,"covered":false,"access":null,"website":null,"phone":null,"source":"OpenStreetMap/node/9990696840","sourceUpdatedAt":null,"verifiedAt":null}},{"type":"Feature","geometry":{"type":"Point","coordinates":[13.5285339,52.5272376]},"properties":{"id":"bikerack:7aff79dc-ce45-4e66-b52a-0d0d3e512a11","kind":"bikerack","longitude":13.5285339,"latitude":52.5272376,"name":"Fahrradabstellplatz","city":"Friedrichsfelde","address":null,"covered":false,"access":null,"website":null,"phone":null,"source":"OpenStreetMap/node/9991017560","sourceUpdatedAt":null,"verifiedAt":null}},{"type":"Feature","geometry":{"type":"Point","coordinates":[13.5270233,52.5129213]},"properties":{"id":"bikerack:7cd8fd6c-9174-4c29-8f68-70711127c614","kind":"bikerack","longitude":13.5270233,"latitude":52.5129213,"name":"Fahrradabstellplatz","city":"Friedrichsfelde","address":null,"covered":false,"access":null,"website":null,"phone":null,"source":"OpenStreetMap/node/9990734599","sourceUpdatedAt":null,"verifiedAt":null}},{"type":"Feature","geometry":{"type":"Point","coordinates":[13.5315448,52.5232025]},"properties":{"id":"bikerack:7dd91b89-9f9f-49b2-ade7-900a67955e9f","kind":"bikerack","longitude":13.5315448,"latitude":52.5232025,"name":"Fahrradabstellplatz","city":"Biesdorf","address":null,"covered":false,"access":null,"website":null,"phone":null,"source":"OpenStreetMap/node/9982732054","sourceUpdatedAt":null,"verifiedAt":null}},{"type":"Feature","geometry":{"type":"Point","coordinates":[13.5271815,52.5133056]},"properties":{"id":"bikerack:7e6983a7-2ec1-4392-b3ac-5e941c769c5a","kind":"bikerack","longitude":13.5271815,"latitude":52.5133056,"name":"Fahrradabstellplatz","city":"Friedrichsfelde","address":null,"covered":false,"access":null,"website":null,"phone":null,"source":"OpenStreetMap/node/9990920825","sourceUpdatedAt":null,"verifiedAt":null}},{"type":"Feature","geometry":{"type":"Point","coordinates":[13.5262823,52.5133232]},"properties":{"id":"bikerack:7ed03281-53e1-4436-a961-c510d628af2e","kind":"bikerack","longitude":13.5262823,"latitude":52.5133232,"name":"Fahrradabstellplatz","city":"Friedrichsfelde","address":null,"covered":false,"access":null,"website":null,"phone":null,"source":"OpenStreetMap/node/9990920832","sourceUpdatedAt":null,"verifiedAt":null}},{"type":"Feature","geometry":{"type":"Point","coordinates":[13.5185862,52.5263641]},"properties":{"id":"bikerack:7f3a87b7-d7d7-478d-a6ba-6d07de651384","kind":"bikerack","longitude":13.5185862,"latitude":52.5263641,"name":"Fahrradabstellplatz","city":"Lichtenberg","address":null,"covered":false,"access":null,"website":null,"phone":null,"source":"OpenStreetMap/node/10296744548","sourceUpdatedAt":null,"verifiedAt":null}},{"type":"Feature","geometry":{"type":"Point","coordinates":[13.502568,52.5352973]},"properties":{"id":"bikerack:7ff7f662-7752-4cb0-bf35-139e9f24b31b","kind":"bikerack","longitude":13.502568,"latitude":52.5352973,"name":"Fahrradabstellplatz","city":"Alt-Hohenschoenhausen","address":null,"covered":false,"access":null,"website":null,"phone":null,"source":"OpenStreetMap/node/10028903651","sourceUpdatedAt":null,"verifiedAt":null}},{"type":"Feature","geometry":{"type":"Point","coordinates":[13.4933699,52.5157085]},"properties":{"id":"bikerack:8006b552-fa2a-4d44-832c-2381522a34c4","kind":"bikerack","longitude":13.4933699,"latitude":52.5157085,"name":"Fahrradabstellplatz","city":"Lichtenberg","address":null,"covered":false,"access":null,"website":null,"phone":null,"source":"OpenStreetMap/node/10561375490","sourceUpdatedAt":null,"verifiedAt":null}},{"type":"Feature","geometry":{"type":"Point","coordinates":[13.4966808,52.5359787]},"properties":{"id":"bikerack:8064059b-48ed-4890-b5c9-9abc29ad06db","kind":"bikerack","longitude":13.4966808,"latitude":52.5359787,"name":"Fahrradabstellplatz","city":"Alt-Hohenschoenhausen","address":null,"covered":false,"access":null,"website":null,"phone":null,"source":"OpenStreetMap/node/10029210370","sourceUpdatedAt":null,"verifiedAt":null}},{"type":"Feature","geometry":{"type":"Point","coordinates":[13.5071004,52.5193915]},"properties":{"id":"bikerack:80c585e9-45eb-447d-aab0-a47c31165ac9","kind":"bikerack","longitude":13.5071004,"latitude":52.5193915,"name":"Fahrradabstellplatz","city":"Lichtenberg","address":null,"covered":false,"access":null,"website":null,"phone":null,"source":"OpenStreetMap/way/1132533348","sourceUpdatedAt":null,"verifiedAt":null}},{"type":"Feature","geometry":{"type":"Point","coordinates":[13.5179792,52.5318188]},"properties":{"id":"bikerack:812e83ac-3ceb-4d92-816e-ff7b6bd85121","kind":"bikerack","longitude":13.5179792,"latitude":52.5318188,"name":"Fahrradabstellplatz","city":"Alt-Hohenschoenhausen","address":null,"covered":false,"access":null,"website":null,"phone":null,"source":"OpenStreetMap/way/1221561843","sourceUpdatedAt":null,"verifiedAt":null}},{"type":"Feature","geometry":{"type":"Point","coordinates":[13.4986777,52.5105009]},"properties":{"id":"bikerack:831217e3-bac2-458f-8871-320e31990659","kind":"bikerack","longitude":13.4986777,"latitude":52.5105009,"name":"Fahrradabstellplatz","city":"Lichtenberg","address":null,"covered":true,"access":null,"website":null,"phone":null,"source":"OpenStreetMap/node/2136530588","sourceUpdatedAt":null,"verifiedAt":null}},{"type":"Feature","geometry":{"type":"Point","coordinates":[13.5206295,52.5135151]},"properties":{"id":"bikerack:83a7377c-d870-4519-9355-943b2e7566d6","kind":"bikerack","longitude":13.5206295,"latitude":52.5135151,"name":"Fahrradabstellplatz","city":"Friedrichsfelde","address":null,"covered":false,"access":null,"website":null,"phone":null,"source":"OpenStreetMap/node/10837055827","sourceUpdatedAt":null,"verifiedAt":null}},{"type":"Feature","geometry":{"type":"Point","coordinates":[13.5223367,52.5293464]},"properties":{"id":"bikerack:83d62ca6-6424-4ea8-bc25-c54f0c473cbe","kind":"bikerack","longitude":13.5223367,"latitude":52.5293464,"name":"Fahrradabstellplatz","city":"Alt-Hohenschoenhausen","address":null,"covered":false,"access":null,"website":null,"phone":null,"source":"OpenStreetMap/node/11329197536","sourceUpdatedAt":null,"verifiedAt":null}},{"type":"Feature","geometry":{"type":"Point","coordinates":[13.5132532,52.5252097]},"properties":{"id":"bikerack:8435c7d0-2650-471f-b584-19abbfd057d2","kind":"bikerack","longitude":13.5132532,"latitude":52.5252097,"name":"Fahrradabstellplatz","city":"Lichtenberg","address":null,"covered":true,"access":null,"website":null,"phone":null,"source":"OpenStreetMap/node/12012736431","sourceUpdatedAt":null,"verifiedAt":null}},{"type":"Feature","geometry":{"type":"Point","coordinates":[13.5057998,52.5281003]},"properties":{"id":"bikerack:8569aeea-63d3-4215-b9fd-3ef94d05f458","kind":"bikerack","longitude":13.5057998,"latitude":52.5281003,"name":"Fahrradabstellplatz","city":"Lichtenberg","address":null,"covered":false,"access":null,"website":null,"phone":null,"source":"OpenStreetMap/node/10032947097","sourceUpdatedAt":null,"verifiedAt":null}},{"type":"Feature","geometry":{"type":"Point","coordinates":[13.5222655,52.5303861]},"properties":{"id":"bikerack:85bb0ea1-d147-445d-a5d9-8c19877728a2","kind":"bikerack","longitude":13.5222655,"latitude":52.5303861,"name":"Fahrradabstellplatz","city":"Alt-Hohenschoenhausen","address":null,"covered":false,"access":null,"website":null,"phone":null,"source":"OpenStreetMap/node/11329197533","sourceUpdatedAt":null,"verifiedAt":null}},{"type":"Feature","geometry":{"type":"Point","coordinates":[13.5036013,52.5175487]},"properties":{"id":"bikerack:886c768d-94dd-4d98-a3c5-7358b0aec395","kind":"bikerack","longitude":13.5036013,"latitude":52.5175487,"name":"Fahrradabstellplatz","city":"Lichtenberg","address":null,"covered":false,"access":null,"website":null,"phone":null,"source":"OpenStreetMap/node/10560207004","sourceUpdatedAt":null,"verifiedAt":null}},{"type":"Feature","geometry":{"type":"Point","coordinates":[13.5258921,52.5154847]},"properties":{"id":"bikerack:88ca43ca-d5e8-4b8d-8f2a-87589dbfd4f6","kind":"bikerack","longitude":13.5258921,"latitude":52.5154847,"name":"Fahrradabstellplatz","city":"Friedrichsfelde","address":null,"covered":false,"access":null,"website":null,"phone":null,"source":"OpenStreetMap/node/9982846753","sourceUpdatedAt":null,"verifiedAt":null}},{"type":"Feature","geometry":{"type":"Point","coordinates":[13.5038941,52.5169461]},"properties":{"id":"bikerack:8914fa49-ca69-49e9-a686-ee104db8b6c2","kind":"bikerack","longitude":13.5038941,"latitude":52.5169461,"name":"Fahrradabstellplatz","city":"Lichtenberg","address":null,"covered":false,"access":null,"website":null,"phone":null,"source":"OpenStreetMap/node/10560206999","sourceUpdatedAt":null,"verifiedAt":null}},{"type":"Feature","geometry":{"type":"Point","coordinates":[13.5066404,52.5351346]},"properties":{"id":"bikerack:8955f1af-edfc-45d6-be0d-ece79225b787","kind":"bikerack","longitude":13.5066404,"latitude":52.5351346,"name":"Fahrradabstellplatz","city":"Alt-Hohenschoenhausen","address":null,"covered":false,"access":null,"website":null,"phone":null,"source":"OpenStreetMap/node/12918651075","sourceUpdatedAt":null,"verifiedAt":null}},{"type":"Feature","geometry":{"type":"Point","coordinates":[13.505768,52.5353908]},"properties":{"id":"bikerack:89b1080a-e8a0-4149-a146-068729836c53","kind":"bikerack","longitude":13.505768,"latitude":52.5353908,"name":"Fahrradabstellplatz","city":"Alt-Hohenschoenhausen","address":null,"covered":false,"access":null,"website":null,"phone":null,"source":"OpenStreetMap/node/13392161821","sourceUpdatedAt":null,"verifiedAt":null}},{"type":"Feature","geometry":{"type":"Point","coordinates":[13.5072654,52.5193838]},"properties":{"id":"bikerack:89b267d0-02d5-477c-889a-7d2fe5eab1a6","kind":"bikerack","longitude":13.5072654,"latitude":52.5193838,"name":"Fahrradabstellplatz","city":"Lichtenberg","address":null,"covered":true,"access":null,"website":null,"phone":null,"source":"OpenStreetMap/way/1132533333","sourceUpdatedAt":null,"verifiedAt":null}},{"type":"Feature","geometry":{"type":"Point","coordinates":[13.5316345,52.5228574]},"properties":{"id":"bikerack:8a0b0d42-ccc7-41c9-bbb5-a99d4b01e435","kind":"bikerack","longitude":13.5316345,"latitude":52.5228574,"name":"Fahrradabstellplatz","city":"Biesdorf","address":null,"covered":false,"access":null,"website":null,"phone":null,"source":"OpenStreetMap/node/9982732095","sourceUpdatedAt":null,"verifiedAt":null}},{"type":"Feature","geometry":{"type":"Point","coordinates":[13.5057122,52.5201817]},"properties":{"id":"bikerack:8da2e29d-5ae6-4a20-92f4-7d4cbc0a3a4f","kind":"bikerack","longitude":13.5057122,"latitude":52.5201817,"name":"Fahrradabstellplatz","city":"Lichtenberg","address":null,"covered":false,"access":null,"website":null,"phone":null,"source":"OpenStreetMap/node/10560037766","sourceUpdatedAt":null,"verifiedAt":null}},{"type":"Feature","geometry":{"type":"Point","coordinates":[13.5205376,52.5288645]},"properties":{"id":"bikerack:8dcce4d4-0e7a-49cf-8bde-2ba8012e8c2c","kind":"bikerack","longitude":13.5205376,"latitude":52.5288645,"name":"Fahrradabstellplatz","city":"Lichtenberg","address":null,"covered":false,"access":null,"website":null,"phone":null,"source":"OpenStreetMap/node/10296908438","sourceUpdatedAt":null,"verifiedAt":null}},{"type":"Feature","geometry":{"type":"Point","coordinates":[13.5072691,52.5196271]},"properties":{"id":"bikerack:8e4cf603-3840-4137-b89d-76ba301b4c0a","kind":"bikerack","longitude":13.5072691,"latitude":52.5196271,"name":"Fahrradabstellplatz","city":"Lichtenberg","address":null,"covered":false,"access":null,"website":null,"phone":null,"source":"OpenStreetMap/way/1132533346","sourceUpdatedAt":null,"verifiedAt":null}},{"type":"Feature","geometry":{"type":"Point","coordinates":[13.5339715,52.5121793]},"properties":{"id":"bikerack:8eb7a560-4296-4b1c-9f96-0b24f80b81b1","kind":"bikerack","longitude":13.5339715,"latitude":52.5121793,"name":"Fahrradabstellplatz","city":"Biesdorf","address":null,"covered":false,"access":null,"website":null,"phone":null,"source":"OpenStreetMap/node/9990501018","sourceUpdatedAt":null,"verifiedAt":null}},{"type":"Feature","geometry":{"type":"Point","coordinates":[13.4957012,52.5347256]},"properties":{"id":"bikerack:8edaccc1-846d-4ada-a2af-3b6792ed0739","kind":"bikerack","longitude":13.4957012,"latitude":52.5347256,"name":"Fahrradabstellplatz","city":"Alt-Hohenschoenhausen","address":null,"covered":false,"access":null,"website":null,"phone":null,"source":"OpenStreetMap/node/11331522580","sourceUpdatedAt":null,"verifiedAt":null}},{"type":"Feature","geometry":{"type":"Point","coordinates":[13.5008699,52.5174764]},"properties":{"id":"bikerack:8f615452-6e88-4bb3-9241-a42a3fbae46e","kind":"bikerack","longitude":13.5008699,"latitude":52.5174764,"name":"Fahrradabstellplatz","city":"Lichtenberg","address":null,"covered":false,"access":null,"website":null,"phone":null,"source":"OpenStreetMap/way/404320744","sourceUpdatedAt":null,"verifiedAt":null}},{"type":"Feature","geometry":{"type":"Point","coordinates":[13.5087781,52.5119129]},"properties":{"id":"bikerack:8fd8b4e2-1a26-4b36-8f5e-62f1a72fcb84","kind":"bikerack","longitude":13.5087781,"latitude":52.5119129,"name":"Fahrradabstellplatz","city":"Friedrichsfelde","address":null,"covered":false,"access":null,"website":null,"phone":null,"source":"OpenStreetMap/node/7210995372","sourceUpdatedAt":null,"verifiedAt":null}},{"type":"Feature","geometry":{"type":"Point","coordinates":[13.4995788,52.5139616]},"properties":{"id":"bikerack:908d6e1b-985c-4dd2-90d8-9f4a19b02079","kind":"bikerack","longitude":13.4995788,"latitude":52.5139616,"name":"Fahrradabstellplatz","city":"Lichtenberg","address":null,"covered":false,"access":null,"website":null,"phone":null,"source":"OpenStreetMap/way/1127414934","sourceUpdatedAt":null,"verifiedAt":null}},{"type":"Feature","geometry":{"type":"Point","coordinates":[13.5162918,52.5320708]},"properties":{"id":"bikerack:91cced43-4228-4142-a5af-f21e977cdd1b","kind":"bikerack","longitude":13.5162918,"latitude":52.5320708,"name":"Fahrradabstellplatz","city":"Alt-Hohenschoenhausen","address":null,"covered":true,"access":null,"website":null,"phone":null,"source":"OpenStreetMap/way/1221561847","sourceUpdatedAt":null,"verifiedAt":null}},{"type":"Feature","geometry":{"type":"Point","coordinates":[13.5279438,52.5128817]},"properties":{"id":"bikerack:920445db-0196-48d4-b496-919a94f9bf7e","kind":"bikerack","longitude":13.5279438,"latitude":52.5128817,"name":"Fahrradabstellplatz","city":"Friedrichsfelde","address":null,"covered":false,"access":null,"website":null,"phone":null,"source":"OpenStreetMap/node/9990734600","sourceUpdatedAt":null,"verifiedAt":null}},{"type":"Feature","geometry":{"type":"Point","coordinates":[13.5094876,52.509631]},"properties":{"id":"bikerack:924c84b2-d3ed-4c48-9b1b-b6d443ad6888","kind":"bikerack","longitude":13.5094876,"latitude":52.509631,"name":"Fahrradabstellplatz","city":"Friedrichsfelde","address":null,"covered":false,"access":null,"website":null,"phone":null,"source":"OpenStreetMap/node/10765218418","sourceUpdatedAt":null,"verifiedAt":null}},{"type":"Feature","geometry":{"type":"Point","coordinates":[13.5011511,52.535213]},"properties":{"id":"bikerack:93d18e8d-01a4-40da-b46b-2044280f50e9","kind":"bikerack","longitude":13.5011511,"latitude":52.535213,"name":"Fahrradabstellplatz","city":"Alt-Hohenschoenhausen","address":null,"covered":false,"access":null,"website":null,"phone":null,"source":"OpenStreetMap/node/10028903660","sourceUpdatedAt":null,"verifiedAt":null}},{"type":"Feature","geometry":{"type":"Point","coordinates":[13.5173547,52.5323207]},"properties":{"id":"bikerack:94056da5-b488-4e8a-af93-e3eb181a2bb8","kind":"bikerack","longitude":13.5173547,"latitude":52.5323207,"name":"Fahrradabstellplatz","city":"Alt-Hohenschoenhausen","address":null,"covered":true,"access":null,"website":null,"phone":null,"source":"OpenStreetMap/way/1221561836","sourceUpdatedAt":null,"verifiedAt":null}},{"type":"Feature","geometry":{"type":"Point","coordinates":[13.5129951,52.5347517]},"properties":{"id":"bikerack:94f9ad40-7c73-4ec9-b67e-0770023b35d2","kind":"bikerack","longitude":13.5129951,"latitude":52.5347517,"name":"Fahrradabstellplatz","city":"Alt-Hohenschoenhausen","address":null,"covered":false,"access":null,"website":null,"phone":null,"source":"OpenStreetMap/way/1020544109","sourceUpdatedAt":null,"verifiedAt":null}},{"type":"Feature","geometry":{"type":"Point","coordinates":[13.4989061,52.5164111]},"properties":{"id":"bikerack:95346ce7-6606-4a6c-85ee-e2f1eba8e2dc","kind":"bikerack","longitude":13.4989061,"latitude":52.5164111,"name":"Fahrradabstellplatz","city":"Lichtenberg","address":null,"covered":false,"access":null,"website":null,"phone":null,"source":"OpenStreetMap/way/1431915499","sourceUpdatedAt":null,"verifiedAt":null}},{"type":"Feature","geometry":{"type":"Point","coordinates":[13.5281399,52.5132781]},"properties":{"id":"bikerack:95dc213f-b814-462d-94ec-3dea088dab9d","kind":"bikerack","longitude":13.5281399,"latitude":52.5132781,"name":"Fahrradabstellplatz","city":"Friedrichsfelde","address":null,"covered":false,"access":null,"website":null,"phone":null,"source":"OpenStreetMap/node/9990920822","sourceUpdatedAt":null,"verifiedAt":null}},{"type":"Feature","geometry":{"type":"Point","coordinates":[13.4979789,52.5118493]},"properties":{"id":"bikerack:95e1dacd-740c-4143-bf0c-c3b4511c3144","kind":"bikerack","longitude":13.4979789,"latitude":52.5118493,"name":"Fahrradabstellplatz","city":"Lichtenberg","address":null,"covered":false,"access":null,"website":null,"phone":null,"source":"OpenStreetMap/node/10560877104","sourceUpdatedAt":null,"verifiedAt":null}},{"type":"Feature","geometry":{"type":"Point","coordinates":[13.5191111,52.5143871]},"properties":{"id":"bikerack:973cb20e-a922-4094-94a8-7ac2cebc5d28","kind":"bikerack","longitude":13.5191111,"latitude":52.5143871,"name":"Fahrradabstellplatz","city":"Friedrichsfelde","address":null,"covered":false,"access":null,"website":null,"phone":null,"source":"OpenStreetMap/node/9852395076","sourceUpdatedAt":null,"verifiedAt":null}},{"type":"Feature","geometry":{"type":"Point","coordinates":[13.5278819,52.5120007]},"properties":{"id":"bikerack:98701d52-3913-4599-983a-860b512c0c31","kind":"bikerack","longitude":13.5278819,"latitude":52.5120007,"name":"Fahrradabstellplatz","city":"Friedrichsfelde","address":null,"covered":false,"access":null,"website":null,"phone":null,"source":"OpenStreetMap/node/9990781919","sourceUpdatedAt":null,"verifiedAt":null}},{"type":"Feature","geometry":{"type":"Point","coordinates":[13.5322669,52.5119381]},"properties":{"id":"bikerack:98811746-d4e7-4e11-9744-aa5086011517","kind":"bikerack","longitude":13.5322669,"latitude":52.5119381,"name":"Fahrradabstellplatz","city":"Biesdorf","address":null,"covered":false,"access":null,"website":null,"phone":null,"source":"OpenStreetMap/node/9990696841","sourceUpdatedAt":null,"verifiedAt":null}},{"type":"Feature","geometry":{"type":"Point","coordinates":[13.5078129,52.5183189]},"properties":{"id":"bikerack:988d4611-14f1-48ca-be39-65f203a936c2","kind":"bikerack","longitude":13.5078129,"latitude":52.5183189,"name":"Fahrradabstellplatz","city":"Lichtenberg","address":null,"covered":false,"access":null,"website":null,"phone":null,"source":"OpenStreetMap/node/10559535207","sourceUpdatedAt":null,"verifiedAt":null}},{"type":"Feature","geometry":{"type":"Point","coordinates":[13.5163441,52.5318076]},"properties":{"id":"bikerack:98e7d4c5-77c3-40b6-9716-c9a2d52b5de3","kind":"bikerack","longitude":13.5163441,"latitude":52.5318076,"name":"Fahrradabstellplatz","city":"Alt-Hohenschoenhausen","address":null,"covered":true,"access":null,"website":null,"phone":null,"source":"OpenStreetMap/way/1221561845","sourceUpdatedAt":null,"verifiedAt":null}},{"type":"Feature","geometry":{"type":"Point","coordinates":[13.5300396,52.5186962]},"properties":{"id":"bikerack:9a2fc1f6-8a19-4d2a-b3bc-d5f785f438d7","kind":"bikerack","longitude":13.5300396,"latitude":52.5186962,"name":"Fahrradabstellplatz","city":"Biesdorf","address":null,"covered":false,"access":null,"website":null,"phone":null,"source":"OpenStreetMap/node/11458665127","sourceUpdatedAt":null,"verifiedAt":null}},{"type":"Feature","geometry":{"type":"Point","coordinates":[13.5165889,52.510904]},"properties":{"id":"bikerack:9b2d9c72-9866-4849-8563-c61958ee3034","kind":"bikerack","longitude":13.5165889,"latitude":52.510904,"name":"Fahrradabstellplatz","city":"Friedrichsfelde","address":null,"covered":false,"access":null,"website":null,"phone":null,"source":"OpenStreetMap/node/10182337454","sourceUpdatedAt":null,"verifiedAt":null}},{"type":"Feature","geometry":{"type":"Point","coordinates":[13.5274549,52.5120188]},"properties":{"id":"bikerack:9c798b2c-3491-4542-a1aa-2db3d429f3ac","kind":"bikerack","longitude":13.5274549,"latitude":52.5120188,"name":"Fahrradabstellplatz","city":"Friedrichsfelde","address":null,"covered":false,"access":null,"website":null,"phone":null,"source":"OpenStreetMap/node/9990781921","sourceUpdatedAt":null,"verifiedAt":null}},{"type":"Feature","geometry":{"type":"Point","coordinates":[13.531087,52.522184]},"properties":{"id":"bikerack:9c8c2890-5e6e-4e20-9584-01b99c5467fd","kind":"bikerack","longitude":13.531087,"latitude":52.522184,"name":"Fahrradabstellplatz","city":"Biesdorf","address":null,"covered":false,"access":null,"website":null,"phone":null,"source":"OpenStreetMap/node/9982732099","sourceUpdatedAt":null,"verifiedAt":null}},{"type":"Feature","geometry":{"type":"Point","coordinates":[13.528551,52.5260952]},"properties":{"id":"bikerack:9d345e00-9037-427a-bd40-065ae20bfe12","kind":"bikerack","longitude":13.528551,"latitude":52.5260952,"name":"Fahrradabstellplatz","city":"Friedrichsfelde","address":null,"covered":false,"access":null,"website":null,"phone":null,"source":"OpenStreetMap/node/10012534647","sourceUpdatedAt":null,"verifiedAt":null}},{"type":"Feature","geometry":{"type":"Point","coordinates":[13.517587,52.5316318]},"properties":{"id":"bikerack:9dc94a4b-8a35-4274-ba88-180bf6afa283","kind":"bikerack","longitude":13.517587,"latitude":52.5316318,"name":"Fahrradabstellplatz","city":"Alt-Hohenschoenhausen","address":null,"covered":false,"access":null,"website":null,"phone":null,"source":"OpenStreetMap/way/1221561832","sourceUpdatedAt":null,"verifiedAt":null}},{"type":"Feature","geometry":{"type":"Point","coordinates":[13.5022553,52.5155258]},"properties":{"id":"bikerack:9e7b8405-b501-4be6-9ae3-58e268371b16","kind":"bikerack","longitude":13.5022553,"latitude":52.5155258,"name":"Fahrradabstellplatz","city":"Lichtenberg","address":null,"covered":false,"access":null,"website":null,"phone":null,"source":"OpenStreetMap/node/10560246526","sourceUpdatedAt":null,"verifiedAt":null}},{"type":"Feature","geometry":{"type":"Point","coordinates":[13.4983378,52.5140265]},"properties":{"id":"bikerack:9fc6f29e-3aa9-459c-875f-b5578e5d7cef","kind":"bikerack","longitude":13.4983378,"latitude":52.5140265,"name":"Fahrradabstellplatz","city":"Lichtenberg","address":null,"covered":false,"access":null,"website":null,"phone":null,"source":"OpenStreetMap/node/10308004636","sourceUpdatedAt":null,"verifiedAt":null}},{"type":"Feature","geometry":{"type":"Point","coordinates":[13.4933972,52.5158229]},"properties":{"id":"bikerack:9fd6ae71-6c51-404c-925c-07c4e0264c1d","kind":"bikerack","longitude":13.4933972,"latitude":52.5158229,"name":"Fahrradabstellplatz","city":"Lichtenberg","address":null,"covered":false,"access":null,"website":null,"phone":null,"source":"OpenStreetMap/node/10561375491","sourceUpdatedAt":null,"verifiedAt":null}},{"type":"Feature","geometry":{"type":"Point","coordinates":[13.5019774,52.5155013]},"properties":{"id":"bikerack:a1326f72-8171-47a6-b955-c84719794b16","kind":"bikerack","longitude":13.5019774,"latitude":52.5155013,"name":"Fahrradabstellplatz","city":"Lichtenberg","address":null,"covered":false,"access":null,"website":null,"phone":null,"source":"OpenStreetMap/node/1075193173","sourceUpdatedAt":null,"verifiedAt":null}},{"type":"Feature","geometry":{"type":"Point","coordinates":[13.5175869,52.5324382]},"properties":{"id":"bikerack:a17d510c-b9b0-45f2-b9d9-7073460ccebe","kind":"bikerack","longitude":13.5175869,"latitude":52.5324382,"name":"Fahrradabstellplatz","city":"Alt-Hohenschoenhausen","address":null,"covered":true,"access":null,"website":null,"phone":null,"source":"OpenStreetMap/way/1221561838","sourceUpdatedAt":null,"verifiedAt":null}},{"type":"Feature","geometry":{"type":"Point","coordinates":[13.5287268,52.5121188]},"properties":{"id":"bikerack:a1d02c15-7ad3-4faa-8408-0cdc1c6a29ef","kind":"bikerack","longitude":13.5287268,"latitude":52.5121188,"name":"Fahrradabstellplatz","city":"Friedrichsfelde","address":null,"covered":false,"access":null,"website":null,"phone":null,"source":"OpenStreetMap/node/9990758015","sourceUpdatedAt":null,"verifiedAt":null}},{"type":"Feature","geometry":{"type":"Point","coordinates":[13.5308962,52.5232641]},"properties":{"id":"bikerack:a204169d-212a-432e-8d62-99a2589e729c","kind":"bikerack","longitude":13.5308962,"latitude":52.5232641,"name":"Fahrradabstellplatz","city":"Biesdorf","address":null,"covered":false,"access":null,"website":null,"phone":null,"source":"OpenStreetMap/node/9982732051","sourceUpdatedAt":null,"verifiedAt":null}},{"type":"Feature","geometry":{"type":"Point","coordinates":[13.5052694,52.5099783]},"properties":{"id":"bikerack:a2712f8e-6409-41ef-8dd9-6ce5bddc80f0","kind":"bikerack","longitude":13.5052694,"latitude":52.5099783,"name":"Fahrradabstellplatz","city":"Friedrichsfelde","address":null,"covered":false,"access":null,"website":null,"phone":null,"source":"OpenStreetMap/node/6432599165","sourceUpdatedAt":null,"verifiedAt":null}},{"type":"Feature","geometry":{"type":"Point","coordinates":[13.516922,52.5108827]},"properties":{"id":"bikerack:a2ef2a72-b171-452f-8169-52ea22a127c0","kind":"bikerack","longitude":13.516922,"latitude":52.5108827,"name":"Fahrradabstellplatz","city":"Friedrichsfelde","address":null,"covered":false,"access":null,"website":null,"phone":null,"source":"OpenStreetMap/node/10182337455","sourceUpdatedAt":null,"verifiedAt":null}},{"type":"Feature","geometry":{"type":"Point","coordinates":[13.5264039,52.5128436]},"properties":{"id":"bikerack:a3e1f375-fd63-4f85-af52-41bdc232d329","kind":"bikerack","longitude":13.5264039,"latitude":52.5128436,"name":"Fahrradabstellplatz","city":"Friedrichsfelde","address":null,"covered":false,"access":null,"website":null,"phone":null,"source":"OpenStreetMap/way/1090771514","sourceUpdatedAt":null,"verifiedAt":null}},{"type":"Feature","geometry":{"type":"Point","coordinates":[13.5334909,52.5121946]},"properties":{"id":"bikerack:a428e3fd-c55e-4da5-a772-8c43c2023de4","kind":"bikerack","longitude":13.5334909,"latitude":52.5121946,"name":"Fahrradabstellplatz","city":"Biesdorf","address":null,"covered":false,"access":null,"website":null,"phone":null,"source":"OpenStreetMap/node/9990501020","sourceUpdatedAt":null,"verifiedAt":null}},{"type":"Feature","geometry":{"type":"Point","coordinates":[13.4955653,52.5349825]},"properties":{"id":"bikerack:a42fc2b4-7d3c-42fd-88a4-bda28854f42f","kind":"bikerack","longitude":13.4955653,"latitude":52.5349825,"name":"Fahrradabstellplatz","city":"Alt-Hohenschoenhausen","address":null,"covered":false,"access":null,"website":null,"phone":null,"source":"OpenStreetMap/way/1221808690","sourceUpdatedAt":null,"verifiedAt":null}},{"type":"Feature","geometry":{"type":"Point","coordinates":[13.5342748,52.5259312]},"properties":{"id":"bikerack:a54dbd3c-efc8-4e0a-807e-59743d6142b4","kind":"bikerack","longitude":13.5342748,"latitude":52.5259312,"name":"Fahrradabstellplatz","city":"Biesdorf","address":null,"covered":false,"access":null,"website":null,"phone":null,"source":"OpenStreetMap/node/9981805326","sourceUpdatedAt":null,"verifiedAt":null}},{"type":"Feature","geometry":{"type":"Point","coordinates":[13.5335383,52.5253113]},"properties":{"id":"bikerack:a623af25-6ac4-4835-b7dc-c69b09d395a6","kind":"bikerack","longitude":13.5335383,"latitude":52.5253113,"name":"Fahrradabstellplatz","city":"Biesdorf","address":null,"covered":false,"access":null,"website":null,"phone":null,"source":"OpenStreetMap/node/13634310717","sourceUpdatedAt":null,"verifiedAt":null}},{"type":"Feature","geometry":{"type":"Point","coordinates":[13.5070043,52.5351652]},"properties":{"id":"bikerack:a94840b3-e347-404e-9831-9d4aa2734c99","kind":"bikerack","longitude":13.5070043,"latitude":52.5351652,"name":"Fahrradabstellplatz","city":"Alt-Hohenschoenhausen","address":null,"covered":false,"access":null,"website":null,"phone":null,"source":"OpenStreetMap/node/12918651074","sourceUpdatedAt":null,"verifiedAt":null}},{"type":"Feature","geometry":{"type":"Point","coordinates":[13.5166093,52.5125261]},"properties":{"id":"bikerack:ab656f84-ad31-4ff4-8d6b-01027b13ca4b","kind":"bikerack","longitude":13.5166093,"latitude":52.5125261,"name":"Fahrradabstellplatz","city":"Friedrichsfelde","address":null,"covered":false,"access":null,"website":null,"phone":null,"source":"OpenStreetMap/node/10182282257","sourceUpdatedAt":null,"verifiedAt":null}},{"type":"Feature","geometry":{"type":"Point","coordinates":[13.5122639,52.5243339]},"properties":{"id":"bikerack:ac093a70-e368-45cb-9e9b-9e9dfa0b591d","kind":"bikerack","longitude":13.5122639,"latitude":52.5243339,"name":"Fahrradabstellplatz","city":"Lichtenberg","address":null,"covered":false,"access":null,"website":null,"phone":null,"source":"OpenStreetMap/way/1272079475","sourceUpdatedAt":null,"verifiedAt":null}},{"type":"Feature","geometry":{"type":"Point","coordinates":[13.4944896,52.5143889]},"properties":{"id":"bikerack:ad626329-a49e-40c1-addb-e18f70b5633b","kind":"bikerack","longitude":13.4944896,"latitude":52.5143889,"name":"Fahrradabstellplatz","city":"Lichtenberg","address":null,"covered":false,"access":null,"website":null,"phone":null,"source":"OpenStreetMap/way/1127412988","sourceUpdatedAt":null,"verifiedAt":null}},{"type":"Feature","geometry":{"type":"Point","coordinates":[13.5171984,52.5108621]},"properties":{"id":"bikerack:af83fb38-8fa2-4558-a7c5-f11971f7b877","kind":"bikerack","longitude":13.5171984,"latitude":52.5108621,"name":"Fahrradabstellplatz","city":"Friedrichsfelde","address":null,"covered":false,"access":null,"website":null,"phone":null,"source":"OpenStreetMap/node/10182337456","sourceUpdatedAt":null,"verifiedAt":null}},{"type":"Feature","geometry":{"type":"Point","coordinates":[13.5236192,52.5292977]},"properties":{"id":"bikerack:b0a7160c-0086-4161-989d-2f0ff2321a41","kind":"bikerack","longitude":13.5236192,"latitude":52.5292977,"name":"Fahrradabstellplatz","city":"Alt-Hohenschoenhausen","address":null,"covered":false,"access":null,"website":null,"phone":null,"source":"OpenStreetMap/node/11329197518","sourceUpdatedAt":null,"verifiedAt":null}},{"type":"Feature","geometry":{"type":"Point","coordinates":[13.5057248,52.5200265]},"properties":{"id":"bikerack:b194f4c5-bccc-489c-9c9b-574e5cc178b7","kind":"bikerack","longitude":13.5057248,"latitude":52.5200265,"name":"Fahrradabstellplatz","city":"Lichtenberg","address":null,"covered":false,"access":null,"website":null,"phone":null,"source":"OpenStreetMap/node/10560037768","sourceUpdatedAt":null,"verifiedAt":null}},{"type":"Feature","geometry":{"type":"Point","coordinates":[13.5022929,52.5156544]},"properties":{"id":"bikerack:b4aa90ce-b29a-478a-b5d1-19757160b768","kind":"bikerack","longitude":13.5022929,"latitude":52.5156544,"name":"Fahrradabstellplatz","city":"Lichtenberg","address":null,"covered":false,"access":null,"website":null,"phone":null,"source":"OpenStreetMap/node/10560246525","sourceUpdatedAt":null,"verifiedAt":null}},{"type":"Feature","geometry":{"type":"Point","coordinates":[13.5323538,52.5129204]},"properties":{"id":"bikerack:b4f90b2e-9ff8-440e-a5ac-feb7d5db051a","kind":"bikerack","longitude":13.5323538,"latitude":52.5129204,"name":"Fahrradabstellplatz","city":"Biesdorf","address":null,"covered":false,"access":null,"website":null,"phone":null,"source":"OpenStreetMap/node/9990696836","sourceUpdatedAt":null,"verifiedAt":null}},{"type":"Feature","geometry":{"type":"Point","coordinates":[13.5071552,52.5184209]},"properties":{"id":"bikerack:b56b5a89-f655-424e-945f-fb3f6d51ad5f","kind":"bikerack","longitude":13.5071552,"latitude":52.5184209,"name":"Fahrradabstellplatz","city":"Lichtenberg","address":null,"covered":false,"access":null,"website":null,"phone":null,"source":"OpenStreetMap/node/10559540333","sourceUpdatedAt":null,"verifiedAt":null}},{"type":"Feature","geometry":{"type":"Point","coordinates":[13.4957993,52.5349927]},"properties":{"id":"bikerack:b68f9d3a-4cb7-4c07-8504-914c892dc377","kind":"bikerack","longitude":13.4957993,"latitude":52.5349927,"name":"Fahrradabstellplatz","city":"Alt-Hohenschoenhausen","address":null,"covered":false,"access":null,"website":null,"phone":null,"source":"OpenStreetMap/node/8815869243","sourceUpdatedAt":null,"verifiedAt":null}},{"type":"Feature","geometry":{"type":"Point","coordinates":[13.4937393,52.5252201]},"properties":{"id":"bikerack:b6a7d742-f370-4540-be33-c49b26de530e","kind":"bikerack","longitude":13.4937393,"latitude":52.5252201,"name":"Fahrradabstellplatz","city":"Lichtenberg","address":null,"covered":false,"access":null,"website":null,"phone":null,"source":"OpenStreetMap/node/13243178168","sourceUpdatedAt":null,"verifiedAt":null}},{"type":"Feature","geometry":{"type":"Point","coordinates":[13.5083414,52.5176026]},"properties":{"id":"bikerack:b70c63cd-cfad-4ed0-b1ed-71999b97a72a","kind":"bikerack","longitude":13.5083414,"latitude":52.5176026,"name":"Fahrradabstellplatz","city":"Lichtenberg","address":null,"covered":false,"access":null,"website":null,"phone":null,"source":"OpenStreetMap/way/648061540","sourceUpdatedAt":null,"verifiedAt":null}},{"type":"Feature","geometry":{"type":"Point","coordinates":[13.4956907,52.5347698]},"properties":{"id":"bikerack:b7c159a7-13d9-463c-b7d5-e7a3313e96c7","kind":"bikerack","longitude":13.4956907,"latitude":52.5347698,"name":"Fahrradabstellplatz","city":"Alt-Hohenschoenhausen","address":null,"covered":false,"access":null,"website":null,"phone":null,"source":"OpenStreetMap/node/11331522579","sourceUpdatedAt":null,"verifiedAt":null}},{"type":"Feature","geometry":{"type":"Point","coordinates":[13.5308586,52.5226154]},"properties":{"id":"bikerack:b7e1faaf-7e6e-40c4-832a-8dbd6059243d","kind":"bikerack","longitude":13.5308586,"latitude":52.5226154,"name":"Fahrradabstellplatz","city":"Biesdorf","address":null,"covered":false,"access":null,"website":null,"phone":null,"source":"OpenStreetMap/node/9982732073","sourceUpdatedAt":null,"verifiedAt":null}},{"type":"Feature","geometry":{"type":"Point","coordinates":[13.5029189,52.5353235]},"properties":{"id":"bikerack:b8003bd5-4412-455c-9b19-17ce2c282bf7","kind":"bikerack","longitude":13.5029189,"latitude":52.5353235,"name":"Fahrradabstellplatz","city":"Alt-Hohenschoenhausen","address":null,"covered":false,"access":null,"website":null,"phone":null,"source":"OpenStreetMap/node/10028903652","sourceUpdatedAt":null,"verifiedAt":null}},{"type":"Feature","geometry":{"type":"Point","coordinates":[13.5172225,52.5125188]},"properties":{"id":"bikerack:b874f537-6a3c-4f04-807b-2c069f78fef7","kind":"bikerack","longitude":13.5172225,"latitude":52.5125188,"name":"Fahrradabstellplatz","city":"Friedrichsfelde","address":null,"covered":false,"access":null,"website":null,"phone":null,"source":"OpenStreetMap/node/10182282255","sourceUpdatedAt":null,"verifiedAt":null}},{"type":"Feature","geometry":{"type":"Point","coordinates":[13.4955956,52.5354696]},"properties":{"id":"bikerack:b9fb1c99-a309-4fdc-a5cb-edb4daebdfe4","kind":"bikerack","longitude":13.4955956,"latitude":52.5354696,"name":"Fahrradabstellplatz","city":"Alt-Hohenschoenhausen","address":null,"covered":false,"access":null,"website":null,"phone":null,"source":"OpenStreetMap/node/11331479967","sourceUpdatedAt":null,"verifiedAt":null}},{"type":"Feature","geometry":{"type":"Point","coordinates":[13.5075887,52.5127216]},"properties":{"id":"bikerack:ba73c240-8c45-46b8-a984-ed1d68a33102","kind":"bikerack","longitude":13.5075887,"latitude":52.5127216,"name":"Fahrradabstellplatz","city":"Friedrichsfelde","address":null,"covered":false,"access":null,"website":null,"phone":null,"source":"OpenStreetMap/node/11323274875","sourceUpdatedAt":null,"verifiedAt":null}},{"type":"Feature","geometry":{"type":"Point","coordinates":[13.5096859,52.5351094]},"properties":{"id":"bikerack:bab851e2-8ff5-4efa-beaf-d5c176960593","kind":"bikerack","longitude":13.5096859,"latitude":52.5351094,"name":"Fahrradabstellplatz","city":"Alt-Hohenschoenhausen","address":null,"covered":false,"access":null,"website":null,"phone":null,"source":"OpenStreetMap/node/10032709517","sourceUpdatedAt":null,"verifiedAt":null}},{"type":"Feature","geometry":{"type":"Point","coordinates":[13.5094826,52.5338357]},"properties":{"id":"bikerack:bb8d07ca-e897-4bd1-80a7-44ee45a1f4e5","kind":"bikerack","longitude":13.5094826,"latitude":52.5338357,"name":"Fahrradabstellplatz","city":"Alt-Hohenschoenhausen","address":null,"covered":true,"access":null,"website":null,"phone":null,"source":"OpenStreetMap/node/11331583545","sourceUpdatedAt":null,"verifiedAt":null}},{"type":"Feature","geometry":{"type":"Point","coordinates":[13.4969375,52.5359868]},"properties":{"id":"bikerack:bb8e83e8-953f-40ee-a891-bd72f6afefa7","kind":"bikerack","longitude":13.4969375,"latitude":52.5359868,"name":"Fahrradabstellplatz","city":"Alt-Hohenschoenhausen","address":null,"covered":false,"access":null,"website":null,"phone":null,"source":"OpenStreetMap/node/10029210369","sourceUpdatedAt":null,"verifiedAt":null}},{"type":"Feature","geometry":{"type":"Point","coordinates":[13.5042327,52.5174877]},"properties":{"id":"bikerack:bc153ec0-87b7-48e5-80a3-6bf173f02156","kind":"bikerack","longitude":13.5042327,"latitude":52.5174877,"name":"Fahrradabstellplatz","city":"Lichtenberg","address":null,"covered":false,"access":null,"website":null,"phone":null,"source":"OpenStreetMap/node/10560207001","sourceUpdatedAt":null,"verifiedAt":null}},{"type":"Feature","geometry":{"type":"Point","coordinates":[13.507047,52.5356755]},"properties":{"id":"bikerack:bcb44405-695c-4eee-8f79-42e801a622ef","kind":"bikerack","longitude":13.507047,"latitude":52.5356755,"name":"Fahrradabstellplatz","city":"Alt-Hohenschoenhausen","address":null,"covered":false,"access":null,"website":null,"phone":null,"source":"OpenStreetMap/node/13392161812","sourceUpdatedAt":null,"verifiedAt":null}},{"type":"Feature","geometry":{"type":"Point","coordinates":[13.5092774,52.5146308]},"properties":{"id":"bikerack:bd33b010-2ca1-4c83-a010-f7294616ed49","kind":"bikerack","longitude":13.5092774,"latitude":52.5146308,"name":"Fahrradabstellplatz","city":"Friedrichsfelde","address":null,"covered":false,"access":null,"website":null,"phone":null,"source":"OpenStreetMap/node/6536862519","sourceUpdatedAt":null,"verifiedAt":null}},{"type":"Feature","geometry":{"type":"Point","coordinates":[13.498807,52.5105549]},"properties":{"id":"bikerack:bd9c4a9b-5ce1-4676-aa2a-def000081aba","kind":"bikerack","longitude":13.498807,"latitude":52.5105549,"name":"Fahrradabstellplatz","city":"Lichtenberg","address":null,"covered":true,"access":null,"website":null,"phone":null,"source":"OpenStreetMap/node/1830330254","sourceUpdatedAt":null,"verifiedAt":null}},{"type":"Feature","geometry":{"type":"Point","coordinates":[13.5179745,52.525189]},"properties":{"id":"bikerack:bda5afa3-6a6a-4f5c-b8f5-4fc0f631dff7","kind":"bikerack","longitude":13.5179745,"latitude":52.525189,"name":"Fahrradabstellplatz","city":"Lichtenberg","address":null,"covered":true,"access":null,"website":null,"phone":null,"source":"OpenStreetMap/way/1311577729","sourceUpdatedAt":null,"verifiedAt":null}},{"type":"Feature","geometry":{"type":"Point","coordinates":[13.5335547,52.5247662]},"properties":{"id":"bikerack:c239856c-2e7a-4b02-be77-c36c781c4c39","kind":"bikerack","longitude":13.5335547,"latitude":52.5247662,"name":"Fahrradabstellplatz","city":"Biesdorf","address":null,"covered":false,"access":null,"website":null,"phone":null,"source":"OpenStreetMap/node/12685248206","sourceUpdatedAt":null,"verifiedAt":null}},{"type":"Feature","geometry":{"type":"Point","coordinates":[13.4964267,52.5112402]},"properties":{"id":"bikerack:c26c206d-6cde-4027-aa8c-17cfe5dcf945","kind":"bikerack","longitude":13.4964267,"latitude":52.5112402,"name":"Fahrradabstellplatz","city":"Lichtenberg","address":null,"covered":false,"access":null,"website":null,"phone":null,"source":"OpenStreetMap/node/9852824005","sourceUpdatedAt":null,"verifiedAt":null}},{"type":"Feature","geometry":{"type":"Point","coordinates":[13.4914344,52.5184855]},"properties":{"id":"bikerack:c4170ad3-4499-4ee7-b083-ab51a2486d32","kind":"bikerack","longitude":13.4914344,"latitude":52.5184855,"name":"Fahrradabstellplatz","city":"Lichtenberg","address":null,"covered":false,"access":null,"website":null,"phone":null,"source":"OpenStreetMap/node/6089946654","sourceUpdatedAt":null,"verifiedAt":null}},{"type":"Feature","geometry":{"type":"Point","coordinates":[13.5171047,52.5244805]},"properties":{"id":"bikerack:c4815ff2-a873-477f-b5ac-ba543f9c5fa2","kind":"bikerack","longitude":13.5171047,"latitude":52.5244805,"name":"Fahrradabstellplatz","city":"Lichtenberg","address":null,"covered":false,"access":null,"website":null,"phone":null,"source":"OpenStreetMap/node/10033204733","sourceUpdatedAt":null,"verifiedAt":null}},{"type":"Feature","geometry":{"type":"Point","coordinates":[13.5033948,52.5170016]},"properties":{"id":"bikerack:c50b4a08-8e45-4f1f-873f-a475bc151b21","kind":"bikerack","longitude":13.5033948,"latitude":52.5170016,"name":"Fahrradabstellplatz","city":"Lichtenberg","address":null,"covered":false,"access":null,"website":null,"phone":null,"source":"OpenStreetMap/node/10560207000","sourceUpdatedAt":null,"verifiedAt":null}},{"type":"Feature","geometry":{"type":"Point","coordinates":[13.508075,52.5113097]},"properties":{"id":"bikerack:c58ac8b3-7fe3-4a6d-b8e9-51f836be36a9","kind":"bikerack","longitude":13.508075,"latitude":52.5113097,"name":"Fahrradabstellplatz","city":"Friedrichsfelde","address":null,"covered":false,"access":null,"website":null,"phone":null,"source":"OpenStreetMap/node/11323277611","sourceUpdatedAt":null,"verifiedAt":null}},{"type":"Feature","geometry":{"type":"Point","coordinates":[13.5179079,52.5209986]},"properties":{"id":"bikerack:c61a52c9-606b-41d8-8870-437e94b3d583","kind":"bikerack","longitude":13.5179079,"latitude":52.5209986,"name":"Fahrradabstellplatz","city":"Friedrichsfelde","address":null,"covered":false,"access":null,"website":null,"phone":null,"source":"OpenStreetMap/node/10560083249","sourceUpdatedAt":null,"verifiedAt":null}},{"type":"Feature","geometry":{"type":"Point","coordinates":[13.5308997,52.5131597]},"properties":{"id":"bikerack:c83f4106-de68-45cf-a04a-7b9028d0fcd8","kind":"bikerack","longitude":13.5308997,"latitude":52.5131597,"name":"Fahrradabstellplatz","city":"Biesdorf","address":null,"covered":false,"access":null,"website":null,"phone":null,"source":"OpenStreetMap/node/9990696822","sourceUpdatedAt":null,"verifiedAt":null}},{"type":"Feature","geometry":{"type":"Point","coordinates":[13.528534,52.5119637]},"properties":{"id":"bikerack:c8949a21-b5fb-4300-b869-7047e0920978","kind":"bikerack","longitude":13.528534,"latitude":52.5119637,"name":"Fahrradabstellplatz","city":"Friedrichsfelde","address":null,"covered":false,"access":null,"website":null,"phone":null,"source":"OpenStreetMap/node/9990758016","sourceUpdatedAt":null,"verifiedAt":null}},{"type":"Feature","geometry":{"type":"Point","coordinates":[13.5163426,52.5282252]},"properties":{"id":"bikerack:c8d4c69e-46e7-4024-bb64-b3b040c28779","kind":"bikerack","longitude":13.5163426,"latitude":52.5282252,"name":"Fahrradabstellplatz","city":"Lichtenberg","address":null,"covered":false,"access":null,"website":null,"phone":null,"source":"OpenStreetMap/node/10021795510","sourceUpdatedAt":null,"verifiedAt":null}},{"type":"Feature","geometry":{"type":"Point","coordinates":[13.5180006,52.5316719]},"properties":{"id":"bikerack:c93e40c6-a8aa-4c15-a0ec-44d134966e10","kind":"bikerack","longitude":13.5180006,"latitude":52.5316719,"name":"Fahrradabstellplatz","city":"Alt-Hohenschoenhausen","address":null,"covered":false,"access":null,"website":null,"phone":null,"source":"OpenStreetMap/way/1221561842","sourceUpdatedAt":null,"verifiedAt":null}},{"type":"Feature","geometry":{"type":"Point","coordinates":[13.4978708,52.5118466]},"properties":{"id":"bikerack:c94c87fc-b541-4fd9-9baa-fc8066afbeee","kind":"bikerack","longitude":13.4978708,"latitude":52.5118466,"name":"Fahrradabstellplatz","city":"Lichtenberg","address":null,"covered":false,"access":null,"website":null,"phone":null,"source":"OpenStreetMap/node/10560877105","sourceUpdatedAt":null,"verifiedAt":null}},{"type":"Feature","geometry":{"type":"Point","coordinates":[13.5275154,52.5132917]},"properties":{"id":"bikerack:cad65b96-951a-4fc8-959a-baa0f90608f9","kind":"bikerack","longitude":13.5275154,"latitude":52.5132917,"name":"Fahrradabstellplatz","city":"Friedrichsfelde","address":null,"covered":false,"access":null,"website":null,"phone":null,"source":"OpenStreetMap/node/9990920824","sourceUpdatedAt":null,"verifiedAt":null}},{"type":"Feature","geometry":{"type":"Point","coordinates":[13.5008518,52.5171956]},"properties":{"id":"bikerack:cb23502a-1a5b-43d0-a61f-e490ff4764b1","kind":"bikerack","longitude":13.5008518,"latitude":52.5171956,"name":"Fahrradabstellplatz","city":"Lichtenberg","address":null,"covered":false,"access":null,"website":null,"phone":null,"source":"OpenStreetMap/way/404320743","sourceUpdatedAt":null,"verifiedAt":null}},{"type":"Feature","geometry":{"type":"Point","coordinates":[13.5118777,52.5252363]},"properties":{"id":"bikerack:cc5c11f0-bea1-4192-b928-a877aea44eed","kind":"bikerack","longitude":13.5118777,"latitude":52.5252363,"name":"Fahrradabstellplatz","city":"Lichtenberg","address":null,"covered":true,"access":null,"website":null,"phone":null,"source":"OpenStreetMap/node/12137985326","sourceUpdatedAt":null,"verifiedAt":null}},{"type":"Feature","geometry":{"type":"Point","coordinates":[13.5074859,52.5193679]},"properties":{"id":"bikerack:cd77fe29-bf68-436f-bf0e-a2a5953c6c7c","kind":"bikerack","longitude":13.5074859,"latitude":52.5193679,"name":"Fahrradabstellplatz","city":"Lichtenberg","address":null,"covered":false,"access":null,"website":null,"phone":null,"source":"OpenStreetMap/node/10560037618","sourceUpdatedAt":null,"verifiedAt":null}},{"type":"Feature","geometry":{"type":"Point","coordinates":[13.5081364,52.5270808]},"properties":{"id":"bikerack:cfee1618-ed00-4470-921b-bd4c3ad8aec1","kind":"bikerack","longitude":13.5081364,"latitude":52.5270808,"name":"Fahrradabstellplatz","city":"Lichtenberg","address":null,"covered":false,"access":null,"website":null,"phone":null,"source":"OpenStreetMap/node/10032947196","sourceUpdatedAt":null,"verifiedAt":null}},{"type":"Feature","geometry":{"type":"Point","coordinates":[13.4948115,52.5110112]},"properties":{"id":"bikerack:d055107d-d19a-467f-8dd2-b630973da486","kind":"bikerack","longitude":13.4948115,"latitude":52.5110112,"name":"Fahrradabstellplatz","city":"Lichtenberg","address":null,"covered":false,"access":null,"website":null,"phone":null,"source":"OpenStreetMap/way/697411778","sourceUpdatedAt":null,"verifiedAt":null}},{"type":"Feature","geometry":{"type":"Point","coordinates":[13.5099184,52.5096092]},"properties":{"id":"bikerack:d0c0c95c-b730-40c2-9b58-5e3f431eb618","kind":"bikerack","longitude":13.5099184,"latitude":52.5096092,"name":"Fahrradabstellplatz","city":"Friedrichsfelde","address":null,"covered":false,"access":null,"website":null,"phone":null,"source":"OpenStreetMap/node/10765218423","sourceUpdatedAt":null,"verifiedAt":null}},{"type":"Feature","geometry":{"type":"Point","coordinates":[13.5134256,52.5329422]},"properties":{"id":"bikerack:d13a0007-d2fe-49e3-bdcc-024bcb1f9004","kind":"bikerack","longitude":13.5134256,"latitude":52.5329422,"name":"Fahrradabstellplatz","city":"Alt-Hohenschoenhausen","address":null,"covered":false,"access":null,"website":null,"phone":null,"source":"OpenStreetMap/node/8317880439","sourceUpdatedAt":null,"verifiedAt":null}},{"type":"Feature","geometry":{"type":"Point","coordinates":[13.5315703,52.5131312]},"properties":{"id":"bikerack:d1a16f88-56d4-487b-8f98-95dcc3a213a1","kind":"bikerack","longitude":13.5315703,"latitude":52.5131312,"name":"Fahrradabstellplatz","city":"Biesdorf","address":null,"covered":false,"access":null,"website":null,"phone":null,"source":"OpenStreetMap/node/9990696827","sourceUpdatedAt":null,"verifiedAt":null}},{"type":"Feature","geometry":{"type":"Point","coordinates":[13.5331446,52.5122106]},"properties":{"id":"bikerack:d1cfb8be-6e70-4e07-8ff5-e0b7643af66b","kind":"bikerack","longitude":13.5331446,"latitude":52.5122106,"name":"Fahrradabstellplatz","city":"Biesdorf","address":null,"covered":false,"access":null,"website":null,"phone":null,"source":"OpenStreetMap/node/9990501021","sourceUpdatedAt":null,"verifiedAt":null}},{"type":"Feature","geometry":{"type":"Point","coordinates":[13.5071593,52.519474]},"properties":{"id":"bikerack:d206cec5-2f42-4d42-ab7d-33a9d6af546b","kind":"bikerack","longitude":13.5071593,"latitude":52.519474,"name":"Fahrradabstellplatz","city":"Lichtenberg","address":null,"covered":false,"access":null,"website":null,"phone":null,"source":"OpenStreetMap/way/1132533349","sourceUpdatedAt":null,"verifiedAt":null}},{"type":"Feature","geometry":{"type":"Point","coordinates":[13.527332,52.5120259]},"properties":{"id":"bikerack:d3eb43d7-3f7d-41f4-9c1b-dbd983e96191","kind":"bikerack","longitude":13.527332,"latitude":52.5120259,"name":"Fahrradabstellplatz","city":"Friedrichsfelde","address":null,"covered":false,"access":null,"website":null,"phone":null,"source":"OpenStreetMap/node/9990781922","sourceUpdatedAt":null,"verifiedAt":null}},{"type":"Feature","geometry":{"type":"Point","coordinates":[13.4955753,52.5355835]},"properties":{"id":"bikerack:d46a6f63-bd2b-4cdc-b144-b1cf0bae6174","kind":"bikerack","longitude":13.4955753,"latitude":52.5355835,"name":"Fahrradabstellplatz","city":"Alt-Hohenschoenhausen","address":null,"covered":false,"access":null,"website":null,"phone":null,"source":"OpenStreetMap/node/11331479965","sourceUpdatedAt":null,"verifiedAt":null}},{"type":"Feature","geometry":{"type":"Point","coordinates":[13.5283964,52.527236]},"properties":{"id":"bikerack:d4f646ec-129b-48ed-8cea-e985514fc002","kind":"bikerack","longitude":13.5283964,"latitude":52.527236,"name":"Fahrradabstellplatz","city":"Friedrichsfelde","address":null,"covered":false,"access":null,"website":null,"phone":null,"source":"OpenStreetMap/node/9991017561","sourceUpdatedAt":null,"verifiedAt":null}},{"type":"Feature","geometry":{"type":"Point","coordinates":[13.5276826,52.512011]},"properties":{"id":"bikerack:d540c0ec-d270-4205-a416-bdea4536e5ad","kind":"bikerack","longitude":13.5276826,"latitude":52.512011,"name":"Fahrradabstellplatz","city":"Friedrichsfelde","address":null,"covered":false,"access":null,"website":null,"phone":null,"source":"OpenStreetMap/node/9990781920","sourceUpdatedAt":null,"verifiedAt":null}},{"type":"Feature","geometry":{"type":"Point","coordinates":[13.5270331,52.5120377]},"properties":{"id":"bikerack:d54b4f39-573e-4104-b553-2b5ca23b1df2","kind":"bikerack","longitude":13.5270331,"latitude":52.5120377,"name":"Fahrradabstellplatz","city":"Friedrichsfelde","address":null,"covered":false,"access":null,"website":null,"phone":null,"source":"OpenStreetMap/node/9990781923","sourceUpdatedAt":null,"verifiedAt":null}},{"type":"Feature","geometry":{"type":"Point","coordinates":[13.5315704,52.522564]},"properties":{"id":"bikerack:d5aaa081-cdd8-4758-8dcd-7c5bc079263e","kind":"bikerack","longitude":13.5315704,"latitude":52.522564,"name":"Fahrradabstellplatz","city":"Biesdorf","address":null,"covered":false,"access":null,"website":null,"phone":null,"source":"OpenStreetMap/node/9982732097","sourceUpdatedAt":null,"verifiedAt":null}},{"type":"Feature","geometry":{"type":"Point","coordinates":[13.5323148,52.5123543]},"properties":{"id":"bikerack:d61c0e92-3ffe-4ca5-8d54-fd04c7db2723","kind":"bikerack","longitude":13.5323148,"latitude":52.5123543,"name":"Fahrradabstellplatz","city":"Biesdorf","address":null,"covered":false,"access":null,"website":null,"phone":null,"source":"OpenStreetMap/node/9990696839","sourceUpdatedAt":null,"verifiedAt":null}},{"type":"Feature","geometry":{"type":"Point","coordinates":[13.4981341,52.5102017]},"properties":{"id":"bikerack:d6b7b29d-e84a-4b46-9abf-29d7776d5811","kind":"bikerack","longitude":13.4981341,"latitude":52.5102017,"name":"Fahrradabstellplatz","city":"Lichtenberg","address":null,"covered":false,"access":null,"website":null,"phone":null,"source":"OpenStreetMap/node/1828138246","sourceUpdatedAt":null,"verifiedAt":null}},{"type":"Feature","geometry":{"type":"Point","coordinates":[13.4955881,52.5348372]},"properties":{"id":"bikerack:d6e1b1f6-77cc-494d-bbbc-3da856a00730","kind":"bikerack","longitude":13.4955881,"latitude":52.5348372,"name":"Fahrradabstellplatz","city":"Alt-Hohenschoenhausen","address":null,"covered":false,"access":null,"website":null,"phone":null,"source":"OpenStreetMap/way/1221808689","sourceUpdatedAt":null,"verifiedAt":null}},{"type":"Feature","geometry":{"type":"Point","coordinates":[13.5072226,52.5125523]},"properties":{"id":"bikerack:d86dcb03-4d6e-4d79-88d7-237b42c97183","kind":"bikerack","longitude":13.5072226,"latitude":52.5125523,"name":"Fahrradabstellplatz","city":"Friedrichsfelde","address":null,"covered":false,"access":null,"website":null,"phone":null,"source":"OpenStreetMap/node/11323274874","sourceUpdatedAt":null,"verifiedAt":null}},{"type":"Feature","geometry":{"type":"Point","coordinates":[13.5316598,52.5229261]},"properties":{"id":"bikerack:dbb6ed3c-9353-49d9-95db-aba1a0f06dd4","kind":"bikerack","longitude":13.5316598,"latitude":52.5229261,"name":"Fahrradabstellplatz","city":"Biesdorf","address":null,"covered":false,"access":null,"website":null,"phone":null,"source":"OpenStreetMap/node/9982732094","sourceUpdatedAt":null,"verifiedAt":null}},{"type":"Feature","geometry":{"type":"Point","coordinates":[13.5287837,52.5126362]},"properties":{"id":"bikerack:dbc70bac-8bbf-40a4-9b7a-d63f4c4efdbd","kind":"bikerack","longitude":13.5287837,"latitude":52.5126362,"name":"Fahrradabstellplatz","city":"Friedrichsfelde","address":null,"covered":false,"access":null,"website":null,"phone":null,"source":"OpenStreetMap/node/9990758011","sourceUpdatedAt":null,"verifiedAt":null}},{"type":"Feature","geometry":{"type":"Point","coordinates":[13.5286545,52.5272356]},"properties":{"id":"bikerack:dc029c68-822e-4d06-a48f-3957f16f23f1","kind":"bikerack","longitude":13.5286545,"latitude":52.5272356,"name":"Fahrradabstellplatz","city":"Friedrichsfelde","address":null,"covered":false,"access":null,"website":null,"phone":null,"source":"OpenStreetMap/node/10012565289","sourceUpdatedAt":null,"verifiedAt":null}},{"type":"Feature","geometry":{"type":"Point","coordinates":[13.4952292,52.5356741]},"properties":{"id":"bikerack:dc899028-694f-43f2-a23a-6506a8ac918c","kind":"bikerack","longitude":13.4952292,"latitude":52.5356741,"name":"Fahrradabstellplatz","city":"Alt-Hohenschoenhausen","address":null,"covered":false,"access":null,"website":null,"phone":null,"source":"OpenStreetMap/way/1221808687","sourceUpdatedAt":null,"verifiedAt":null}},{"type":"Feature","geometry":{"type":"Point","coordinates":[13.5337017,52.5121866]},"properties":{"id":"bikerack:dcb9425b-66e6-46c5-9787-0e7d12a60e93","kind":"bikerack","longitude":13.5337017,"latitude":52.5121866,"name":"Fahrradabstellplatz","city":"Biesdorf","address":null,"covered":false,"access":null,"website":null,"phone":null,"source":"OpenStreetMap/node/9990501019","sourceUpdatedAt":null,"verifiedAt":null}},{"type":"Feature","geometry":{"type":"Point","coordinates":[13.5329755,52.526847]},"properties":{"id":"bikerack:df58a99b-11fc-42de-889f-31911bca1817","kind":"bikerack","longitude":13.5329755,"latitude":52.526847,"name":"Fahrradabstellplatz","city":"Biesdorf","address":null,"covered":false,"access":null,"website":null,"phone":null,"source":"OpenStreetMap/node/9991143908","sourceUpdatedAt":null,"verifiedAt":null}},{"type":"Feature","geometry":{"type":"Point","coordinates":[13.4989305,52.5165025]},"properties":{"id":"bikerack:df7fc2f0-76ca-43ec-a562-4756701e9a95","kind":"bikerack","longitude":13.4989305,"latitude":52.5165025,"name":"Fahrradabstellplatz","city":"Lichtenberg","address":null,"covered":false,"access":null,"website":null,"phone":null,"source":"OpenStreetMap/node/13161572873","sourceUpdatedAt":null,"verifiedAt":null}},{"type":"Feature","geometry":{"type":"Point","coordinates":[13.5168817,52.5125234]},"properties":{"id":"bikerack:e183dbee-945b-4a07-8699-83f6343f6287","kind":"bikerack","longitude":13.5168817,"latitude":52.5125234,"name":"Fahrradabstellplatz","city":"Friedrichsfelde","address":null,"covered":false,"access":null,"website":null,"phone":null,"source":"OpenStreetMap/node/10182282256","sourceUpdatedAt":null,"verifiedAt":null}},{"type":"Feature","geometry":{"type":"Point","coordinates":[13.5331772,52.5231094]},"properties":{"id":"bikerack:e1995040-7e68-46aa-9d14-234abb5ed3ac","kind":"bikerack","longitude":13.5331772,"latitude":52.5231094,"name":"Fahrradabstellplatz","city":"Biesdorf","address":null,"covered":false,"access":null,"website":null,"phone":null,"source":"OpenStreetMap/node/8512414401","sourceUpdatedAt":null,"verifiedAt":null}},{"type":"Feature","geometry":{"type":"Point","coordinates":[13.517974,52.5252739]},"properties":{"id":"bikerack:e39b206d-6c7d-452c-ac86-dc8b8a6a553e","kind":"bikerack","longitude":13.517974,"latitude":52.5252739,"name":"Fahrradabstellplatz","city":"Lichtenberg","address":null,"covered":true,"access":null,"website":null,"phone":null,"source":"OpenStreetMap/way/1311577728","sourceUpdatedAt":null,"verifiedAt":null}},{"type":"Feature","geometry":{"type":"Point","coordinates":[13.5102759,52.509589]},"properties":{"id":"bikerack:e4496892-de19-40cb-9127-3beb841a902d","kind":"bikerack","longitude":13.5102759,"latitude":52.509589,"name":"Fahrradabstellplatz","city":"Friedrichsfelde","address":null,"covered":false,"access":null,"website":null,"phone":null,"source":"OpenStreetMap/node/10765218425","sourceUpdatedAt":null,"verifiedAt":null}},{"type":"Feature","geometry":{"type":"Point","coordinates":[13.5268348,52.5120368]},"properties":{"id":"bikerack:e4e59b65-72f1-45cd-a69d-50360d7eb4a2","kind":"bikerack","longitude":13.5268348,"latitude":52.5120368,"name":"Fahrradabstellplatz","city":"Friedrichsfelde","address":null,"covered":false,"access":null,"website":null,"phone":null,"source":"OpenStreetMap/node/9990781924","sourceUpdatedAt":null,"verifiedAt":null}},{"type":"Feature","geometry":{"type":"Point","coordinates":[13.5139913,52.5252967]},"properties":{"id":"bikerack:e7265a18-1d6a-49e7-8ccf-bbc86d89603c","kind":"bikerack","longitude":13.5139913,"latitude":52.5252967,"name":"Fahrradabstellplatz","city":"Lichtenberg","address":null,"covered":true,"access":null,"website":null,"phone":null,"source":"OpenStreetMap/way/1304699357","sourceUpdatedAt":null,"verifiedAt":null}},{"type":"Feature","geometry":{"type":"Point","coordinates":[13.5207534,52.5135837]},"properties":{"id":"bikerack:e81a08c0-1169-4b83-90a3-2fbb28a24241","kind":"bikerack","longitude":13.5207534,"latitude":52.5135837,"name":"Fahrradabstellplatz","city":"Friedrichsfelde","address":null,"covered":false,"access":null,"website":null,"phone":null,"source":"OpenStreetMap/node/10837055825","sourceUpdatedAt":null,"verifiedAt":null}},{"type":"Feature","geometry":{"type":"Point","coordinates":[13.496528,52.5118331]},"properties":{"id":"bikerack:e99b526f-97ff-4c4e-a224-21f22b7c7968","kind":"bikerack","longitude":13.496528,"latitude":52.5118331,"name":"Fahrradabstellplatz","city":"Lichtenberg","address":null,"covered":false,"access":null,"website":null,"phone":null,"source":"OpenStreetMap/way/1132632521","sourceUpdatedAt":null,"verifiedAt":null}},{"type":"Feature","geometry":{"type":"Point","coordinates":[13.5293048,52.5276771]},"properties":{"id":"bikerack:eafd1978-4f4c-4d6b-90a5-1f2d1d7c6a33","kind":"bikerack","longitude":13.5293048,"latitude":52.5276771,"name":"Fahrradabstellplatz","city":"Biesdorf","address":null,"covered":false,"access":null,"website":null,"phone":null,"source":"OpenStreetMap/node/10203727576","sourceUpdatedAt":null,"verifiedAt":null}},{"type":"Feature","geometry":{"type":"Point","coordinates":[13.5175833,52.5314304]},"properties":{"id":"bikerack:eaff7a35-9762-4e7b-8413-d11955d3c984","kind":"bikerack","longitude":13.5175833,"latitude":52.5314304,"name":"Fahrradabstellplatz","city":"Alt-Hohenschoenhausen","address":null,"covered":false,"access":null,"website":null,"phone":null,"source":"OpenStreetMap/way/1220667842","sourceUpdatedAt":null,"verifiedAt":null}},{"type":"Feature","geometry":{"type":"Point","coordinates":[13.5163922,52.5320197]},"properties":{"id":"bikerack:ecfdb9a5-6e02-4a8f-bafc-1c96c987a4c3","kind":"bikerack","longitude":13.5163922,"latitude":52.5320197,"name":"Fahrradabstellplatz","city":"Alt-Hohenschoenhausen","address":null,"covered":false,"access":null,"website":null,"phone":null,"source":"OpenStreetMap/way/1221561846","sourceUpdatedAt":null,"verifiedAt":null}},{"type":"Feature","geometry":{"type":"Point","coordinates":[13.4973398,52.5119831]},"properties":{"id":"bikerack:ef55d77f-0afd-4abb-a541-b912846bc744","kind":"bikerack","longitude":13.4973398,"latitude":52.5119831,"name":"Fahrradabstellplatz","city":"Lichtenberg","address":null,"covered":false,"access":null,"website":null,"phone":null,"source":"OpenStreetMap/node/10560877107","sourceUpdatedAt":null,"verifiedAt":null}},{"type":"Feature","geometry":{"type":"Point","coordinates":[13.5029045,52.5170478]},"properties":{"id":"bikerack:ef70db9c-155e-4a76-ae34-10323328c138","kind":"bikerack","longitude":13.5029045,"latitude":52.5170478,"name":"Fahrradabstellplatz","city":"Lichtenberg","address":null,"covered":false,"access":null,"website":null,"phone":null,"source":"OpenStreetMap/node/10560206996","sourceUpdatedAt":null,"verifiedAt":null}},{"type":"Feature","geometry":{"type":"Point","coordinates":[13.502322,52.5157794]},"properties":{"id":"bikerack:f040a394-44dd-4cc2-8895-16d0b39e9b93","kind":"bikerack","longitude":13.502322,"latitude":52.5157794,"name":"Fahrradabstellplatz","city":"Lichtenberg","address":null,"covered":false,"access":null,"website":null,"phone":null,"source":"OpenStreetMap/node/10560246524","sourceUpdatedAt":null,"verifiedAt":null}},{"type":"Feature","geometry":{"type":"Point","coordinates":[13.517625,52.5318556]},"properties":{"id":"bikerack:f176416a-e41e-4f52-acfe-79a37145ea0e","kind":"bikerack","longitude":13.517625,"latitude":52.5318556,"name":"Fahrradabstellplatz","city":"Alt-Hohenschoenhausen","address":null,"covered":false,"access":null,"website":null,"phone":null,"source":"OpenStreetMap/way/1221561834","sourceUpdatedAt":null,"verifiedAt":null}},{"type":"Feature","geometry":{"type":"Point","coordinates":[13.5283192,52.5119747]},"properties":{"id":"bikerack:f1c58125-9ddc-4e2b-a461-f2a6188a4331","kind":"bikerack","longitude":13.5283192,"latitude":52.5119747,"name":"Fahrradabstellplatz","city":"Friedrichsfelde","address":null,"covered":false,"access":null,"website":null,"phone":null,"source":"OpenStreetMap/node/9990781917","sourceUpdatedAt":null,"verifiedAt":null}},{"type":"Feature","geometry":{"type":"Point","coordinates":[13.5133287,52.533802]},"properties":{"id":"bikerack:f2477cdd-13d4-4e1f-a640-c51ee0c52318","kind":"bikerack","longitude":13.5133287,"latitude":52.533802,"name":"Fahrradabstellplatz","city":"Alt-Hohenschoenhausen","address":null,"covered":true,"access":null,"website":null,"phone":null,"source":"OpenStreetMap/node/11331583552","sourceUpdatedAt":null,"verifiedAt":null}},{"type":"Feature","geometry":{"type":"Point","coordinates":[13.5115578,52.5238091]},"properties":{"id":"bikerack:f484e79c-071f-46c2-9059-d7ae4c1efd9c","kind":"bikerack","longitude":13.5115578,"latitude":52.5238091,"name":"Fahrradabstellplatz","city":"Lichtenberg","address":null,"covered":false,"access":null,"website":null,"phone":null,"source":"OpenStreetMap/node/10033033056","sourceUpdatedAt":null,"verifiedAt":null}},{"type":"Feature","geometry":{"type":"Point","coordinates":[13.5083824,52.5120658]},"properties":{"id":"bikerack:f5ebb4a7-6dfd-4eda-b602-b2ee34bc89ae","kind":"bikerack","longitude":13.5083824,"latitude":52.5120658,"name":"Fahrradabstellplatz","city":"Friedrichsfelde","address":null,"covered":false,"access":null,"website":null,"phone":null,"source":"OpenStreetMap/way/1202719488","sourceUpdatedAt":null,"verifiedAt":null}},{"type":"Feature","geometry":{"type":"Point","coordinates":[13.517984,52.5133684]},"properties":{"id":"bikerack:f5f9208c-2626-4614-bd51-d7d016aa6391","kind":"bikerack","longitude":13.517984,"latitude":52.5133684,"name":"Fahrradabstellplatz","city":"Friedrichsfelde","address":null,"covered":false,"access":null,"website":null,"phone":null,"source":"OpenStreetMap/node/11514465545","sourceUpdatedAt":null,"verifiedAt":null}},{"type":"Feature","geometry":{"type":"Point","coordinates":[13.5287436,52.5122503]},"properties":{"id":"bikerack:f6008388-1228-4b02-82ed-1787aeeac8ba","kind":"bikerack","longitude":13.5287436,"latitude":52.5122503,"name":"Fahrradabstellplatz","city":"Friedrichsfelde","address":null,"covered":false,"access":null,"website":null,"phone":null,"source":"OpenStreetMap/node/9990758014","sourceUpdatedAt":null,"verifiedAt":null}},{"type":"Feature","geometry":{"type":"Point","coordinates":[13.5346507,52.5259287]},"properties":{"id":"bikerack:f68d1080-7647-4533-90b2-c77f62675175","kind":"bikerack","longitude":13.5346507,"latitude":52.5259287,"name":"Fahrradabstellplatz","city":"Biesdorf","address":null,"covered":false,"access":null,"website":null,"phone":null,"source":"OpenStreetMap/way/1089701969","sourceUpdatedAt":null,"verifiedAt":null}},{"type":"Feature","geometry":{"type":"Point","coordinates":[13.4968058,52.5118527]},"properties":{"id":"bikerack:f704f0cc-d8ac-44c3-8e9c-c01f25973ff6","kind":"bikerack","longitude":13.4968058,"latitude":52.5118527,"name":"Fahrradabstellplatz","city":"Lichtenberg","address":null,"covered":false,"access":null,"website":null,"phone":null,"source":"OpenStreetMap/node/10560881024","sourceUpdatedAt":null,"verifiedAt":null}},{"type":"Feature","geometry":{"type":"Point","coordinates":[13.5308721,52.5222023]},"properties":{"id":"bikerack:f92d2d18-2310-4e94-8f3d-8c61950b47eb","kind":"bikerack","longitude":13.5308721,"latitude":52.5222023,"name":"Fahrradabstellplatz","city":"Biesdorf","address":null,"covered":false,"access":null,"website":null,"phone":null,"source":"OpenStreetMap/node/9982732100","sourceUpdatedAt":null,"verifiedAt":null}},{"type":"Feature","geometry":{"type":"Point","coordinates":[13.5071037,52.5336807]},"properties":{"id":"bikerack:f933631d-fc20-4bac-8d3d-9409a429414f","kind":"bikerack","longitude":13.5071037,"latitude":52.5336807,"name":"Fahrradabstellplatz","city":"Alt-Hohenschoenhausen","address":null,"covered":true,"access":null,"website":null,"phone":null,"source":"OpenStreetMap/node/11331566232","sourceUpdatedAt":null,"verifiedAt":null}},{"type":"Feature","geometry":{"type":"Point","coordinates":[13.5083402,52.518593]},"properties":{"id":"bikerack:f9919979-370a-442e-93eb-8503d49451b8","kind":"bikerack","longitude":13.5083402,"latitude":52.518593,"name":"Fahrradabstellplatz","city":"Lichtenberg","address":null,"covered":false,"access":null,"website":null,"phone":null,"source":"OpenStreetMap/node/10559535178","sourceUpdatedAt":null,"verifiedAt":null}},{"type":"Feature","geometry":{"type":"Point","coordinates":[13.4953879,52.5345293]},"properties":{"id":"bikerack:fa151aad-69c6-477b-bd4a-0b0766c0b1e6","kind":"bikerack","longitude":13.4953879,"latitude":52.5345293,"name":"Fahrradabstellplatz","city":"Alt-Hohenschoenhausen","address":null,"covered":false,"access":null,"website":null,"phone":null,"source":"OpenStreetMap/way/1038012256","sourceUpdatedAt":null,"verifiedAt":null}},{"type":"Feature","geometry":{"type":"Point","coordinates":[13.500793,52.5351931]},"properties":{"id":"bikerack:fa2cb265-c4cd-4b4a-9737-6cf222218f7e","kind":"bikerack","longitude":13.500793,"latitude":52.5351931,"name":"Fahrradabstellplatz","city":"Alt-Hohenschoenhausen","address":null,"covered":false,"access":null,"website":null,"phone":null,"source":"OpenStreetMap/node/10028903661","sourceUpdatedAt":null,"verifiedAt":null}},{"type":"Feature","geometry":{"type":"Point","coordinates":[13.5022007,52.5352761]},"properties":{"id":"bikerack:fa39f301-ac16-449c-b5a2-e78803cbe463","kind":"bikerack","longitude":13.5022007,"latitude":52.5352761,"name":"Fahrradabstellplatz","city":"Alt-Hohenschoenhausen","address":null,"covered":false,"access":null,"website":null,"phone":null,"source":"OpenStreetMap/node/10028903653","sourceUpdatedAt":null,"verifiedAt":null}},{"type":"Feature","geometry":{"type":"Point","coordinates":[13.5165106,52.5277806]},"properties":{"id":"bikerack:fb4d6219-e523-4be8-b6df-898e4405e072","kind":"bikerack","longitude":13.5165106,"latitude":52.5277806,"name":"Fahrradabstellplatz","city":"Lichtenberg","address":null,"covered":false,"access":null,"website":null,"phone":null,"source":"OpenStreetMap/node/10021795508","sourceUpdatedAt":null,"verifiedAt":null}},{"type":"Feature","geometry":{"type":"Point","coordinates":[13.4973815,52.5118301]},"properties":{"id":"bikerack:fb98c656-9055-4ead-9df0-759e178caf33","kind":"bikerack","longitude":13.4973815,"latitude":52.5118301,"name":"Fahrradabstellplatz","city":"Lichtenberg","address":null,"covered":false,"access":null,"website":null,"phone":null,"source":"OpenStreetMap/node/10560881010","sourceUpdatedAt":null,"verifiedAt":null}},{"type":"Feature","geometry":{"type":"Point","coordinates":[13.5174379,52.5358156]},"properties":{"id":"bikerack:fc236b13-77a1-4044-aaf5-f0fd8b6e770e","kind":"bikerack","longitude":13.5174379,"latitude":52.5358156,"name":"Fahrradabstellplatz","city":"Alt-Hohenschoenhausen","address":null,"covered":false,"access":null,"website":null,"phone":null,"source":"OpenStreetMap/node/8692260321","sourceUpdatedAt":null,"verifiedAt":null}},{"type":"Feature","geometry":{"type":"Point","coordinates":[13.5293992,52.5258898]},"properties":{"id":"bikerack:fd6f9e11-7881-4132-998e-78fe17ae6159","kind":"bikerack","longitude":13.5293992,"latitude":52.5258898,"name":"Fahrradabstellplatz","city":"Friedrichsfelde","address":null,"covered":false,"access":null,"website":null,"phone":null,"source":"OpenStreetMap/node/12051481036","sourceUpdatedAt":null,"verifiedAt":null}},{"type":"Feature","geometry":{"type":"Point","coordinates":[13.5078458,52.5189719]},"properties":{"id":"bikerack:fe5b3057-54cb-4884-850a-1f259391a18e","kind":"bikerack","longitude":13.5078458,"latitude":52.5189719,"name":"Fahrradabstellplatz","city":"Lichtenberg","address":null,"covered":false,"access":null,"website":null,"phone":null,"source":"OpenStreetMap/node/10560027298","sourceUpdatedAt":null,"verifiedAt":null}},{"type":"Feature","geometry":{"type":"Point","coordinates":[13.5293495,52.5261686]},"properties":{"id":"bikerack:ffdd3138-8a32-42d5-bb23-8fa1cb9f5adc","kind":"bikerack","longitude":13.5293495,"latitude":52.5261686,"name":"Fahrradabstellplatz","city":"Friedrichsfelde","address":null,"covered":false,"access":null,"website":null,"phone":null,"source":"OpenStreetMap/way/1301134632","sourceUpdatedAt":null,"verifiedAt":null}},{"type":"Feature","geometry":{"type":"Point","coordinates":[13.5007054,52.5205001]},"properties":{"id":"repair:325768e2-4806-4b1e-8ee2-e72a7d0267aa","kind":"repair","longitude":13.5007054,"latitude":52.5205001,"name":"Fahrradreparaturstation","city":"Lichtenberg","address":null,"covered":false,"access":null,"website":null,"phone":null,"source":"OpenStreetMap/node/12759873101","sourceUpdatedAt":null,"verifiedAt":null}},{"type":"Feature","geometry":{"type":"Point","coordinates":[13.4986457,52.5250991]},"properties":{"id":"service:07080ee8-0ed8-499f-ab1b-7453efab6604","kind":"service","longitude":13.4986457,"latitude":52.5250991,"name":"VeloCiao","city":"Lichtenberg","address":null,"covered":null,"access":null,"website":null,"phone":null,"source":"OpenStreetMap/node/4866113224","sourceUpdatedAt":null,"verifiedAt":null}},{"type":"Feature","geometry":{"type":"Point","coordinates":[13.4984522,52.5354993]},"properties":{"id":"water:079f2ea2-5035-4863-b381-06a87617b55f","kind":"water","longitude":13.4984522,"latitude":52.5354993,"name":"Trinkwasser","city":"Alt-Hohenschoenhausen","address":null,"covered":null,"access":null,"website":null,"phone":null,"source":"OpenStreetMap/node/9961988606","sourceUpdatedAt":null,"verifiedAt":null}},{"type":"Feature","geometry":{"type":"Point","coordinates":[13.5087798,52.5253726]},"properties":{"id":"water:16f12dec-e678-41ce-afa9-38d0439ece43","kind":"water","longitude":13.5087798,"latitude":52.5253726,"name":"Trinkwasser","city":"Lichtenberg","address":null,"covered":null,"access":null,"website":null,"phone":null,"source":"OpenStreetMap/node/7894394865","sourceUpdatedAt":null,"verifiedAt":null}},{"type":"Feature","geometry":{"type":"Point","coordinates":[13.4989954,52.510494]},"properties":{"id":"water:60791e41-75b2-41e1-b941-f21f1370cc4d","kind":"water","longitude":13.4989954,"latitude":52.510494,"name":"Trinkwasser","city":"Lichtenberg","address":null,"covered":null,"access":null,"website":null,"phone":null,"source":"OpenStreetMap/node/4560276928","sourceUpdatedAt":null,"verifiedAt":null}}]}